----- RTL simulation -----
+ make -C /Users/yanlu/Documents/TR-1um/flow/designs/tr1um_spitx/src clean sim
rm -f tr1um_spitx_tb.out
iverilog -g2012 -DSIMULATION -s tr1um_spitx_tb -o tr1um_spitx_tb.out tr1um_spitx.v tr1um_spitx_tb.v
vvp tr1um_spitx_tb.out
PASS tr1um_spitx
tr1um_spitx_tb.v:5: $finish called at 180000 (1ps)
+ local status=0
+ set +x
----- Remove simulation product -----
+ make -C /Users/yanlu/Documents/TR-1um/flow/designs/tr1um_spitx/src clean
rm -f tr1um_spitx_tb.out
+ local status=0
+ set +x
----- RTL to connected-power GDS, DRC, and strict LVS -----
+ /Users/yanlu/Documents/TR-1um/flow/run_tr1um_digital.sh /Users/yanlu/Documents/TR-1um/flow/designs/tr1um_spitx/config_access.yaml tr1um_spitx triage-f24-affected
+ /Users/yanlu/Documents/TR-1um/flow/run_librelane_tr1um_access.sh /Users/yanlu/Documents/TR-1um/flow/designs/tr1um_spitx/config_access.yaml --run-tag triage-f24-affected
+ tr1um_prepare_librelane /Users/yanlu/Documents/TR-1um/flow
+ local flow_dir=/Users/yanlu/Documents/TR-1um/flow
+ export PYTHONPATH=/Users/yanlu/Documents/TR-1um/flow/librelane_override
+ PYTHONPATH=/Users/yanlu/Documents/TR-1um/flow/librelane_override
+ export PDK_ROOT=/Users/yanlu/Documents/TR-1um/flow/pdk_root
+ PDK_ROOT=/Users/yanlu/Documents/TR-1um/flow/pdk_root
+ export PDK=TR-1um
+ PDK=TR-1um
+ tr1um_run_librelane /Users/yanlu/Documents/TR-1um/flow/designs/tr1um_spitx/config_access.yaml TR-1um_stdcell_access --run-tag triage-f24-affected
+ local config=/Users/yanlu/Documents/TR-1um/flow/designs/tr1um_spitx/config_access.yaml
+ local scl=TR-1um_stdcell_access
+ shift 2
+ local design_dir config_name
+++ dirname /Users/yanlu/Documents/TR-1um/flow/designs/tr1um_spitx/config_access.yaml
++ cd /Users/yanlu/Documents/TR-1um/flow/designs/tr1um_spitx
++ pwd
+ design_dir=/Users/yanlu/Documents/TR-1um/flow/designs/tr1um_spitx
++ basename /Users/yanlu/Documents/TR-1um/flow/designs/tr1um_spitx/config_access.yaml
+ config_name=config_access.yaml
+ cd /Users/yanlu/Documents/TR-1um/flow/designs/tr1um_spitx
+ args=('--manual-pdk')
+ local args
+ [[ -n TR-1um_stdcell_access ]]
+ args+=(--pdk-root "$PDK_ROOT" --pdk "$PDK" --scl "$scl")
+ command -v librelane
+ exec librelane --manual-pdk --pdk-root /Users/yanlu/Documents/TR-1um/flow/pdk_root --pdk TR-1um --scl TR-1um_stdcell_access config_access.yaml --run-tag triage-f24-affected
[17:20:55] INFO     Starting a new run of the 'Classic'' flow with   flow.py:654
                    the tag 'triage-f24-affected'.                              
[17:20:55] INFO     Starting…                                  sequential.py:339
──────────────────────────────── Verilator Lint ────────────────────────────────
[17:20:55] VERBOSE  Running 'Verilator.Lint' at                     step.py:1138
                    'runs/triage-f24-affected/01-verilator-lint'…               
[17:20:55] VERBOSE  Logging subprocess to                           step.py:1338
                    'runs/triage-f24-affected/01-verilator-lint/ver             
                    ilator-lint.log'…                                           
%Warning-PINMISSING:                                                            
/Users/yanlu/Documents/TR-1um/flow/designs/tr1um_spitx/src/tr1um_spitx.v:13:8:  
Instance has missing pin: 'VDD'                                                 
   13 |  TIELO reset_tie (.LO(inactive_reset));                                 
      |        ^~~~~~~~~                                                        
                     /Users/yanlu/Documents/TR-1um/flow/designs/tr1um_spitx/runs
/triage-f24-affected/tmp/beb417d77ded499d9d08a6c4d0c0c8db.bb.v:477:18: ...      
Location of port declaration                                                    
  477 | module TIELO(LO, VDD, GND);                                             
      |                  ^~~                                                    
                     ... For warning description see                            
https://verilator.org/warn/PINMISSING?v=5.044                                   
                     ... Use "/* verilator lint_off PINMISSING */" and lint_on  
around source to disable this message.                                          
%Warning-PINMISSING:                                                            
/Users/yanlu/Documents/TR-1um/flow/designs/tr1um_spitx/src/tr1um_spitx.v:13:8:  
Instance has missing pin: 'GND'                                                 
   13 |  TIELO reset_tie (.LO(inactive_reset));                                 
      |        ^~~~~~~~~                                                        
                     /Users/yanlu/Documents/TR-1um/flow/designs/tr1um_spitx/runs
/triage-f24-affected/tmp/beb417d77ded499d9d08a6c4d0c0c8db.bb.v:477:23: ...      
Location of port declaration                                                    
  477 | module TIELO(LO, VDD, GND);                                             
      |                       ^~~                                               
- V e r i l a t i o n   R e p o r t: Verilator 5.044 2026-01-01 rev v5.040      
- Verilator: Built from 0.082 MB sources in 43 modules, into 0.015 MB in 3 C++  
files needing 0.000 MB                                                          
- Verilator: Walltime 0.027 s (elab=0.006, cvt=0.010, bld=0.000); cpu 0.010 s on
1 threads; alloced 12.172 MB                                                    
────────────────────────── Lint Timing Errors Checker ──────────────────────────
[17:20:55] VERBOSE  Running 'Checker.LintTimingConstructs' at       step.py:1138
                    'runs/triage-f24-affected/02-checker-linttiming             
                    constructs'…                                                
[17:20:55] INFO     Check for Lint Timing Errors clear.           checker.py:412
───────────────────────────── Lint Errors Checker ──────────────────────────────
[17:20:55] VERBOSE  Running 'Checker.LintErrors' at                 step.py:1138
                    'runs/triage-f24-affected/03-checker-linterrors             
                    '…                                                          
[17:20:55] INFO     Check for Lint errors clear.                  checker.py:131
──────────────────────────── Lint Warnings Checker ─────────────────────────────
[17:20:55] VERBOSE  Running 'Checker.LintWarnings' at               step.py:1138
                    'runs/triage-f24-affected/04-checker-lintwarnin             
                    gs'…                                                        
[17:20:55] WARNING  2 Lint warnings found.                        checker.py:122
───────────────────────────── Generate JSON Header ─────────────────────────────
[17:20:55] VERBOSE  Running 'Yosys.JsonHeader' at                   step.py:1138
                    'runs/triage-f24-affected/05-yosys-jsonheader'…             
[17:20:55] VERBOSE  Logging subprocess to                           step.py:1338
                    'runs/triage-f24-affected/05-yosys-jsonheader/y             
                    osys-jsonheader.log'…                                       
                                                                                
 /----------------------------------------------------------------------------\ 
 |  yosys -- Yosys Open SYnthesis Suite                                       | 
 |  Copyright (C) 2012 - 2026  Claire Xenia Wolf <claire@yosyshq.com>         | 
 |  Distributed under an ISC-like license, type "license" to see terms        | 
 \----------------------------------------------------------------------------/ 
 Yosys 0.62 (git sha1 7326bb7d6641500ecb285c291a54a662cb1e76cf, clang++ 21.1.2  
-fPIC -O3)                                                                      
                                                                                
1. Executing Verilog-2005 frontend:                                             
/Users/yanlu/Documents/TR-1um/flow/designs/tr1um_spitx/runs/triage-f24-affected/
tmp/beb417d77ded499d9d08a6c4d0c0c8db.bb.v                                       
Parsing SystemVerilog input from                                                
`/Users/yanlu/Documents/TR-1um/flow/designs/tr1um_spitx/runs/triage-f24-affected
/tmp/beb417d77ded499d9d08a6c4d0c0c8db.bb.v' to AST representation.              
Generating RTLIL representation for module `\AND2_X1'.                          
Generating RTLIL representation for module `\AND3_X1'.                          
Generating RTLIL representation for module `\AND4_X1'.                          
Generating RTLIL representation for module `\BUF_X1'.                           
Generating RTLIL representation for module `\BUF_X12'.                          
Generating RTLIL representation for module `\BUF_X16'.                          
Generating RTLIL representation for module `\BUF_X2'.                           
Generating RTLIL representation for module `\BUF_X4'.                           
Generating RTLIL representation for module `\BUF_X8'.                           
Generating RTLIL representation for module `\CLKBUF_X1'.                        
Generating RTLIL representation for module `\CLKBUF_X12'.                       
Generating RTLIL representation for module `\CLKBUF_X16'.                       
Generating RTLIL representation for module `\CLKBUF_X2'.                        
Generating RTLIL representation for module `\CLKBUF_X4'.                        
Generating RTLIL representation for module `\CLKBUF_X8'.                        
Generating RTLIL representation for module `\DEL1'.                             
Generating RTLIL representation for module `\DEL2'.                             
Generating RTLIL representation for module `\DEL4'.                             
Generating RTLIL representation for module `\DFFR'.                             
Generating RTLIL representation for module `\DFFS'.                             
Generating RTLIL representation for module `\DIODE_N_X1'.                       
Generating RTLIL representation for module `\INV_X1'.                           
Generating RTLIL representation for module `\INV_X12'.                          
Generating RTLIL representation for module `\INV_X16'.                          
Generating RTLIL representation for module `\INV_X2'.                           
Generating RTLIL representation for module `\INV_X4'.                           
Generating RTLIL representation for module `\INV_X8'.                           
Generating RTLIL representation for module `\MUX2'.                             
Generating RTLIL representation for module `\NAND2'.                            
Generating RTLIL representation for module `\NAND3'.                            
Generating RTLIL representation for module `\NAND4'.                            
Generating RTLIL representation for module `\NOR2'.                             
Generating RTLIL representation for module `\NOR3'.                             
Generating RTLIL representation for module `\NOR4'.                             
Generating RTLIL representation for module `\OR2'.                              
Generating RTLIL representation for module `\OR3'.                              
Generating RTLIL representation for module `\OR4'.                              
Generating RTLIL representation for module `\TIEHI'.                            
Generating RTLIL representation for module `\TIELO'.                            
Generating RTLIL representation for module `\XNOR2'.                            
Generating RTLIL representation for module `\XOR2'.                             
Successfully finished Verilog frontend.                                         
                                                                                
2. Executing Verilog-2005 frontend:                                             
/Users/yanlu/Documents/TR-1um/flow/designs/tr1um_spitx/src/tr1um_spitx.v        
Parsing SystemVerilog input from                                                
`/Users/yanlu/Documents/TR-1um/flow/designs/tr1um_spitx/src/tr1um_spitx.v' to   
AST representation.                                                             
Storing AST representation for module `$abstract\tr1um_spitx'.                  
Successfully finished Verilog frontend.                                         
                                                                                
3. Executing HIERARCHY pass (managing design hierarchy).                        
                                                                                
4. Executing AST frontend in derive mode using pre-parsed AST for module        
`\tr1um_spitx'.                                                                 
Generating RTLIL representation for module `\tr1um_spitx'.                      
                                                                                
4.1. Analyzing design hierarchy..                                               
Top module:  \tr1um_spitx                                                       
                                                                                
4.2. Analyzing design hierarchy..                                               
Top module:  \tr1um_spitx                                                       
Removing unused module `$abstract\tr1um_spitx'.                                 
Removed 1 unused modules.                                                       
Renaming module tr1um_spitx to tr1um_spitx.                                     
                                                                                
5. Executing PROC pass (convert processes to netlists).                         
                                                                                
5.1. Executing PROC_CLEAN pass (remove empty switches from decision trees).     
Cleaned up 0 empty switches.                                                    
                                                                                
5.2. Executing PROC_RMDEAD pass (remove dead branches from decision trees).     
Marked 3 switch rules as full_case in process                                   
$proc$/Users/yanlu/Documents/TR-1um/flow/designs/tr1um_spitx/src/tr1um_spitx.v:1
7$2 in module tr1um_spitx.                                                      
Removed a total of 0 dead cases.                                                
                                                                                
5.3. Executing PROC_PRUNE pass (remove redundant assignments in processes).     
Removed 1 redundant assignment.                                                 
Promoted 0 assignments to connections.                                          
                                                                                
5.4. Executing PROC_INIT pass (extract init attributes).                        
                                                                                
5.5. Executing PROC_ARST pass (detect async resets in processes).               
Found async reset \inactive_reset in                                            
`\tr1um_spitx.$proc$/Users/yanlu/Documents/TR-1um/flow/designs/tr1um_spitx/src/t
r1um_spitx.v:17$2'.                                                             
                                                                                
5.6. Executing PROC_ROM pass (convert switches to ROMs).                        
Converted 0 switches.                                                           
<suppressed ~4 debug messages>                                                  
                                                                                
5.7. Executing PROC_MUX pass (convert decision trees to multiplexers).          
Creating decoders for process                                                   
`\tr1um_spitx.$proc$/Users/yanlu/Documents/TR-1um/flow/designs/tr1um_spitx/src/t
r1um_spitx.v:17$2'.                                                             
     1/5: $0\done[0:0]                                                          
     2/5: $0\active[0:0]                                                        
     3/5: $0\phase[0:0]                                                         
     4/5: $0\bit_count[2:0]                                                     
     5/5: $0\shift[7:0]                                                         
                                                                                
5.8. Executing PROC_DLATCH pass (convert process syncs to latches).             
                                                                                
5.9. Executing PROC_DFF pass (convert process syncs to FFs).                    
Creating register for signal `\tr1um_spitx.\done' using process                 
`\tr1um_spitx.$proc$/Users/yanlu/Documents/TR-1um/flow/designs/tr1um_spitx/src/t
r1um_spitx.v:17$2'.                                                             
  created $adff cell `$procdff$57' with positive edge clock and positive level  
reset.                                                                          
Creating register for signal `\tr1um_spitx.\shift' using process                
`\tr1um_spitx.$proc$/Users/yanlu/Documents/TR-1um/flow/designs/tr1um_spitx/src/t
r1um_spitx.v:17$2'.                                                             
  created $adff cell `$procdff$60' with positive edge clock and positive level  
reset.                                                                          
Creating register for signal `\tr1um_spitx.\bit_count' using process            
`\tr1um_spitx.$proc$/Users/yanlu/Documents/TR-1um/flow/designs/tr1um_spitx/src/t
r1um_spitx.v:17$2'.                                                             
  created $adff cell `$procdff$63' with positive edge clock and positive level  
reset.                                                                          
Creating register for signal `\tr1um_spitx.\phase' using process                
`\tr1um_spitx.$proc$/Users/yanlu/Documents/TR-1um/flow/designs/tr1um_spitx/src/t
r1um_spitx.v:17$2'.                                                             
  created $adff cell `$procdff$66' with positive edge clock and positive level  
reset.                                                                          
Creating register for signal `\tr1um_spitx.\active' using process               
`\tr1um_spitx.$proc$/Users/yanlu/Documents/TR-1um/flow/designs/tr1um_spitx/src/t
r1um_spitx.v:17$2'.                                                             
  created $adff cell `$procdff$69' with positive edge clock and positive level  
reset.                                                                          
                                                                                
5.10. Executing PROC_MEMWR pass (convert process memory writes to cells).       
                                                                                
5.11. Executing PROC_CLEAN pass (remove empty switches from decision trees).    
Found and cleaned up 4 empty switches in                                        
`\tr1um_spitx.$proc$/Users/yanlu/Documents/TR-1um/flow/designs/tr1um_spitx/src/t
r1um_spitx.v:17$2'.                                                             
Removing empty process                                                          
`tr1um_spitx.$proc$/Users/yanlu/Documents/TR-1um/flow/designs/tr1um_spitx/src/tr
1um_spitx.v:17$2'.                                                              
Cleaned up 4 empty switches.                                                    
                                                                                
5.12. Executing OPT_EXPR pass (perform const folding).                          
Optimizing module tr1um_spitx.                                                  
<suppressed ~5 debug messages>                                                  
                                                                                
6. Executing FLATTEN pass (flatten design).                                     
                                                                                
7. Executing OPT_CLEAN pass (remove unused cells and wires).                    
Finding unused cells or wires in module \tr1um_spitx..                          
Removed 0 unused cells and 31 unused wires.                                     
<suppressed ~2 debug messages>                                                  
────────────────────────────────── Synthesis ───────────────────────────────────
[17:20:55] VERBOSE  Running 'Yosys.Synthesis' at                    step.py:1138
                    'runs/triage-f24-affected/06-yosys-synthesis'…              
[17:20:55] VERBOSE  Logging subprocess to                           step.py:1338
                    'runs/triage-f24-affected/06-yosys-synthesis/yo             
                    sys-synthesis.log'…                                         
                                                                                
 /----------------------------------------------------------------------------\ 
 |  yosys -- Yosys Open SYnthesis Suite                                       | 
 |  Copyright (C) 2012 - 2026  Claire Xenia Wolf <claire@yosyshq.com>         | 
 |  Distributed under an ISC-like license, type "license" to see terms        | 
 \----------------------------------------------------------------------------/ 
 Yosys 0.62 (git sha1 7326bb7d6641500ecb285c291a54a662cb1e76cf, clang++ 21.1.2  
-fPIC -O3)                                                                      
                                                                                
1. Executing Liberty frontend:                                                  
/Users/yanlu/Documents/TR-1um/flow/pdk_root/TR-1um/libs.ref/TR-1um_stdcell_acces
s/lib/TR-1um_stdcell_access_typ_5p0V_25C.lib                                    
Imported 40 cell types from liberty file.                                       
[INFO] Using SDC file                                                           
'/Users/yanlu/Documents/TR-1um/flow/designs/tr1um_spitx/runs/triage-f24-affected
/06-yosys-synthesis/synthesis.abc.sdc' for ABC…                                 
                                                                                
2. Executing Verilog-2005 frontend:                                             
/Users/yanlu/Documents/TR-1um/flow/designs/tr1um_spitx/src/tr1um_spitx.v        
Parsing SystemVerilog input from                                                
`/Users/yanlu/Documents/TR-1um/flow/designs/tr1um_spitx/src/tr1um_spitx.v' to   
AST representation.                                                             
Storing AST representation for module `$abstract\tr1um_spitx'.                  
Successfully finished Verilog frontend.                                         
                                                                                
3. Executing HIERARCHY pass (managing design hierarchy).                        
                                                                                
4. Executing AST frontend in derive mode using pre-parsed AST for module        
`\tr1um_spitx'.                                                                 
Generating RTLIL representation for module `\tr1um_spitx'.                      
                                                                                
4.1. Analyzing design hierarchy..                                               
Top module:  \tr1um_spitx                                                       
                                                                                
4.2. Analyzing design hierarchy..                                               
Top module:  \tr1um_spitx                                                       
Removing unused module `$abstract\tr1um_spitx'.                                 
Removed 1 unused modules.                                                       
Renaming module tr1um_spitx to tr1um_spitx.                                     
                                                                                
5. Executing ATTRMAP pass (move or copy attributes).                            
                                                                                
6. Executing HIERARCHY pass (managing design hierarchy).                        
                                                                                
6.1. Analyzing design hierarchy..                                               
Top module:  \tr1um_spitx                                                       
                                                                                
6.2. Analyzing design hierarchy..                                               
Top module:  \tr1um_spitx                                                       
Removed 0 unused modules.                                                       
                                                                                
7. Executing PROC_CLEAN pass (remove empty switches from decision trees).       
Cleaned up 0 empty switches.                                                    
                                                                                
8. Executing PROC_RMDEAD pass (remove dead branches from decision trees).       
Marked 3 switch rules as full_case in process                                   
$proc$/Users/yanlu/Documents/TR-1um/flow/designs/tr1um_spitx/src/tr1um_spitx.v:1
7$2 in module tr1um_spitx.                                                      
Removed a total of 0 dead cases.                                                
                                                                                
9. Executing PROC_PRUNE pass (remove redundant assignments in processes).       
Removed 1 redundant assignment.                                                 
Promoted 0 assignments to connections.                                          
                                                                                
10. Executing PROC_INIT pass (extract init attributes).                         
                                                                                
11. Executing PROC_ARST pass (detect async resets in processes).                
Found async reset \inactive_reset in                                            
`\tr1um_spitx.$proc$/Users/yanlu/Documents/TR-1um/flow/designs/tr1um_spitx/src/t
r1um_spitx.v:17$2'.                                                             
                                                                                
12. Executing PROC_ROM pass (convert switches to ROMs).                         
Converted 0 switches.                                                           
<suppressed ~4 debug messages>                                                  
                                                                                
13. Executing PROC_MUX pass (convert decision trees to multiplexers).           
Creating decoders for process                                                   
`\tr1um_spitx.$proc$/Users/yanlu/Documents/TR-1um/flow/designs/tr1um_spitx/src/t
r1um_spitx.v:17$2'.                                                             
     1/5: $0\done[0:0]                                                          
     2/5: $0\active[0:0]                                                        
     3/5: $0\phase[0:0]                                                         
     4/5: $0\bit_count[2:0]                                                     
     5/5: $0\shift[7:0]                                                         
                                                                                
14. Executing PROC_DLATCH pass (convert process syncs to latches).              
                                                                                
15. Executing PROC_DFF pass (convert process syncs to FFs).                     
Creating register for signal `\tr1um_spitx.\done' using process                 
`\tr1um_spitx.$proc$/Users/yanlu/Documents/TR-1um/flow/designs/tr1um_spitx/src/t
r1um_spitx.v:17$2'.                                                             
  created $adff cell `$procdff$57' with positive edge clock and positive level  
reset.                                                                          
Creating register for signal `\tr1um_spitx.\shift' using process                
`\tr1um_spitx.$proc$/Users/yanlu/Documents/TR-1um/flow/designs/tr1um_spitx/src/t
r1um_spitx.v:17$2'.                                                             
  created $adff cell `$procdff$60' with positive edge clock and positive level  
reset.                                                                          
Creating register for signal `\tr1um_spitx.\bit_count' using process            
`\tr1um_spitx.$proc$/Users/yanlu/Documents/TR-1um/flow/designs/tr1um_spitx/src/t
r1um_spitx.v:17$2'.                                                             
  created $adff cell `$procdff$63' with positive edge clock and positive level  
reset.                                                                          
Creating register for signal `\tr1um_spitx.\phase' using process                
`\tr1um_spitx.$proc$/Users/yanlu/Documents/TR-1um/flow/designs/tr1um_spitx/src/t
r1um_spitx.v:17$2'.                                                             
  created $adff cell `$procdff$66' with positive edge clock and positive level  
reset.                                                                          
Creating register for signal `\tr1um_spitx.\active' using process               
`\tr1um_spitx.$proc$/Users/yanlu/Documents/TR-1um/flow/designs/tr1um_spitx/src/t
r1um_spitx.v:17$2'.                                                             
  created $adff cell `$procdff$69' with positive edge clock and positive level  
reset.                                                                          
                                                                                
16. Executing PROC_MEMWR pass (convert process memory writes to cells).         
                                                                                
17. Executing PROC_CLEAN pass (remove empty switches from decision trees).      
Found and cleaned up 4 empty switches in                                        
`\tr1um_spitx.$proc$/Users/yanlu/Documents/TR-1um/flow/designs/tr1um_spitx/src/t
r1um_spitx.v:17$2'.                                                             
Removing empty process                                                          
`tr1um_spitx.$proc$/Users/yanlu/Documents/TR-1um/flow/designs/tr1um_spitx/src/tr
1um_spitx.v:17$2'.                                                              
Cleaned up 4 empty switches.                                                    
                                                                                
18. Executing CHECK pass (checking for obvious problems).                       
Checking module tr1um_spitx...                                                  
Found and reported 0 problems.                                                  
                                                                                
19. Executing OPT_EXPR pass (perform const folding).                            
Optimizing module tr1um_spitx.                                                  
<suppressed ~5 debug messages>                                                  
                                                                                
20. Executing FLATTEN pass (flatten design).                                    
                                                                                
21. Executing OPT_EXPR pass (perform const folding).                            
Optimizing module tr1um_spitx.                                                  
                                                                                
22. Executing OPT_CLEAN pass (remove unused cells and wires).                   
Finding unused cells or wires in module \tr1um_spitx..                          
Removed 0 unused cells and 30 unused wires.                                     
<suppressed ~1 debug messages>                                                  
                                                                                
23. Executing OPT_EXPR pass (perform const folding).                            
Optimizing module tr1um_spitx.                                                  
                                                                                
24. Executing OPT_MERGE pass (detect identical cells).                          
Finding identical cells in module `\tr1um_spitx'.                               
Computing hashes of 31 cells of `\tr1um_spitx'.                                 
Finding duplicate cells in `\tr1um_spitx'.                                      
Removed a total of 0 cells.                                                     
                                                                                
25. Executing OPT_MUXTREE pass (detect dead branches in mux trees).             
Running muxtree optimizer on module \tr1um_spitx..                              
  Creating internal representation of mux trees.                                
  Evaluating internal representation of mux trees.                              
      Replacing known input bits on port A of cell $procmux$23: \active -> 1'0  
      Replacing known input bits on port A of cell $procmux$21: \active -> 1'1  
      Replacing known input bits on port A of cell $procmux$19: \active -> 1'1  
  Analyzing evaluation results.                                                 
Removed 0 multiplexer ports.                                                    
<suppressed ~24 debug messages>                                                 
                                                                                
26. Executing OPT_REDUCE pass (consolidate $*mux and $reduce_* inputs).         
  Optimizing cells in module \tr1um_spitx.                                      
Performed a total of 0 changes.                                                 
                                                                                
27. Executing OPT_MERGE pass (detect identical cells).                          
Finding identical cells in module `\tr1um_spitx'.                               
Computing hashes of 31 cells of `\tr1um_spitx'.                                 
Finding duplicate cells in `\tr1um_spitx'.                                      
Removed a total of 0 cells.                                                     
                                                                                
28. Executing OPT_DFF pass (perform DFF optimizations).                         
                                                                                
29. Executing OPT_CLEAN pass (remove unused cells and wires).                   
Finding unused cells or wires in module \tr1um_spitx..                          
                                                                                
30. Executing OPT_EXPR pass (perform const folding).                            
Optimizing module tr1um_spitx.                                                  
                                                                                
31. Executing FSM pass (extract and optimize FSM).                              
                                                                                
31.1. Executing FSM_DETECT pass (finding FSMs in design).                       
                                                                                
31.2. Executing FSM_EXTRACT pass (extracting FSM from design).                  
                                                                                
31.3. Executing FSM_OPT pass (simple optimizations of FSMs).                    
                                                                                
31.4. Executing OPT_CLEAN pass (remove unused cells and wires).                 
Finding unused cells or wires in module \tr1um_spitx..                          
                                                                                
31.5. Executing FSM_OPT pass (simple optimizations of FSMs).                    
                                                                                
31.6. Executing FSM_RECODE pass (re-assigning FSM state encoding).              
                                                                                
31.7. Executing FSM_INFO pass (dumping all available information on FSM cells). 
                                                                                
31.8. Executing FSM_MAP pass (mapping FSMs to basic logic).                     
                                                                                
32. Executing OPT_EXPR pass (perform const folding).                            
Optimizing module tr1um_spitx.                                                  
                                                                                
33. Executing OPT_MERGE pass (detect identical cells).                          
Finding identical cells in module `\tr1um_spitx'.                               
Computing hashes of 31 cells of `\tr1um_spitx'.                                 
Finding duplicate cells in `\tr1um_spitx'.                                      
Removed a total of 0 cells.                                                     
                                                                                
34. Executing OPT_MUXTREE pass (detect dead branches in mux trees).             
Running muxtree optimizer on module \tr1um_spitx..                              
  Creating internal representation of mux trees.                                
  Evaluating internal representation of mux trees.                              
  Analyzing evaluation results.                                                 
Removed 0 multiplexer ports.                                                    
<suppressed ~24 debug messages>                                                 
                                                                                
35. Executing OPT_REDUCE pass (consolidate $*mux and $reduce_* inputs).         
  Optimizing cells in module \tr1um_spitx.                                      
Performed a total of 0 changes.                                                 
                                                                                
36. Executing OPT_MERGE pass (detect identical cells).                          
Finding identical cells in module `\tr1um_spitx'.                               
Computing hashes of 31 cells of `\tr1um_spitx'.                                 
Finding duplicate cells in `\tr1um_spitx'.                                      
Removed a total of 0 cells.                                                     
                                                                                
37. Executing OPT_DFF pass (perform DFF optimizations).                         
Adding EN signal on $procdff$66 ($adff) from module tr1um_spitx (D =            
$0\phase[0:0], Q = \phase).                                                     
Adding EN signal on $procdff$63 ($adff) from module tr1um_spitx (D =            
$0\bit_count[2:0], Q = \bit_count).                                             
Adding EN signal on $procdff$60 ($adff) from module tr1um_spitx (D =            
$0\shift[7:0], Q = \shift).                                                     
                                                                                
38. Executing OPT_CLEAN pass (remove unused cells and wires).                   
Finding unused cells or wires in module \tr1um_spitx..                          
                                                                                
39. Executing OPT_EXPR pass (perform const folding).                            
Optimizing module tr1um_spitx.                                                  
<suppressed ~5 debug messages>                                                  
                                                                                
40. Rerunning OPT passes. (Maybe there is more to do…)                          
                                                                                
41. Executing OPT_MUXTREE pass (detect dead branches in mux trees).             
Running muxtree optimizer on module \tr1um_spitx..                              
  Creating internal representation of mux trees.                                
  Evaluating internal representation of mux trees.                              
  Analyzing evaluation results.                                                 
Removed 0 multiplexer ports.                                                    
<suppressed ~24 debug messages>                                                 
                                                                                
42. Executing OPT_REDUCE pass (consolidate $*mux and $reduce_* inputs).         
  Optimizing cells in module \tr1um_spitx.                                      
Performed a total of 0 changes.                                                 
                                                                                
43. Executing OPT_MERGE pass (detect identical cells).                          
Finding identical cells in module `\tr1um_spitx'.                               
Computing hashes of 39 cells of `\tr1um_spitx'.                                 
Finding duplicate cells in `\tr1um_spitx'.                                      
Computing hashes of 36 cells of `\tr1um_spitx'.                                 
Finding duplicate cells in `\tr1um_spitx'.                                      
<suppressed ~9 debug messages>                                                  
Removed a total of 3 cells.                                                     
                                                                                
44. Executing OPT_DFF pass (perform DFF optimizations).                         
                                                                                
45. Executing OPT_CLEAN pass (remove unused cells and wires).                   
Finding unused cells or wires in module \tr1um_spitx..                          
Removed 0 unused cells and 3 unused wires.                                      
<suppressed ~1 debug messages>                                                  
                                                                                
46. Executing OPT_EXPR pass (perform const folding).                            
Optimizing module tr1um_spitx.                                                  
                                                                                
47. Rerunning OPT passes. (Maybe there is more to do…)                          
                                                                                
48. Executing OPT_MUXTREE pass (detect dead branches in mux trees).             
Running muxtree optimizer on module \tr1um_spitx..                              
  Creating internal representation of mux trees.                                
  Evaluating internal representation of mux trees.                              
  Analyzing evaluation results.                                                 
Removed 0 multiplexer ports.                                                    
<suppressed ~24 debug messages>                                                 
                                                                                
49. Executing OPT_REDUCE pass (consolidate $*mux and $reduce_* inputs).         
  Optimizing cells in module \tr1um_spitx.                                      
Performed a total of 0 changes.                                                 
                                                                                
50. Executing OPT_MERGE pass (detect identical cells).                          
Finding identical cells in module `\tr1um_spitx'.                               
Computing hashes of 36 cells of `\tr1um_spitx'.                                 
Finding duplicate cells in `\tr1um_spitx'.                                      
Removed a total of 0 cells.                                                     
                                                                                
51. Executing OPT_DFF pass (perform DFF optimizations).                         
                                                                                
52. Executing OPT_CLEAN pass (remove unused cells and wires).                   
Finding unused cells or wires in module \tr1um_spitx..                          
                                                                                
53. Executing OPT_EXPR pass (perform const folding).                            
Optimizing module tr1um_spitx.                                                  
                                                                                
54. Executing WREDUCE pass (reducing word size of cells).                       
                                                                                
55. Executing PEEPOPT pass (run peephole optimizers).                           
                                                                                
56. Executing OPT_CLEAN pass (remove unused cells and wires).                   
Finding unused cells or wires in module \tr1um_spitx..                          
                                                                                
57. Executing ALUMACC pass (create $alu and $macc cells).                       
Extracting $alu and $macc cells in module tr1um_spitx:                          
  creating $macc model for                                                      
$add$/Users/yanlu/Documents/TR-1um/flow/designs/tr1um_spitx/src/tr1um_spitx.v:24
$7 ($add).                                                                      
  creating $alu model for $macc                                                 
$add$/Users/yanlu/Documents/TR-1um/flow/designs/tr1um_spitx/src/tr1um_spitx.v:24
$7.                                                                             
  creating $alu cell for                                                        
$add$/Users/yanlu/Documents/TR-1um/flow/designs/tr1um_spitx/src/tr1um_spitx.v:24
$7: $auto$alumacc.cc:512:replace_alu$89                                         
  created 1 $alu and 0 $macc cells.                                             
                                                                                
58. Executing SHARE pass (SAT-based resource sharing).                          
                                                                                
59. Executing OPT_EXPR pass (perform const folding).                            
Optimizing module tr1um_spitx.                                                  
                                                                                
60. Executing OPT_MERGE pass (detect identical cells).                          
Finding identical cells in module `\tr1um_spitx'.                               
Computing hashes of 36 cells of `\tr1um_spitx'.                                 
Finding duplicate cells in `\tr1um_spitx'.                                      
Removed a total of 0 cells.                                                     
                                                                                
61. Executing OPT_MUXTREE pass (detect dead branches in mux trees).             
Running muxtree optimizer on module \tr1um_spitx..                              
  Creating internal representation of mux trees.                                
  Evaluating internal representation of mux trees.                              
  Analyzing evaluation results.                                                 
Removed 0 multiplexer ports.                                                    
<suppressed ~24 debug messages>                                                 
                                                                                
62. Executing OPT_REDUCE pass (consolidate $*mux and $reduce_* inputs).         
  Optimizing cells in module \tr1um_spitx.                                      
Performed a total of 0 changes.                                                 
                                                                                
63. Executing OPT_MERGE pass (detect identical cells).                          
Finding identical cells in module `\tr1um_spitx'.                               
Computing hashes of 36 cells of `\tr1um_spitx'.                                 
Finding duplicate cells in `\tr1um_spitx'.                                      
Removed a total of 0 cells.                                                     
                                                                                
64. Executing OPT_DFF pass (perform DFF optimizations).                         
                                                                                
65. Executing OPT_CLEAN pass (remove unused cells and wires).                   
Finding unused cells or wires in module \tr1um_spitx..                          
                                                                                
66. Executing OPT_EXPR pass (perform const folding).                            
Optimizing module tr1um_spitx.                                                  
                                                                                
67. Executing MEMORY pass.                                                      
                                                                                
67.1. Executing OPT_MEM pass (optimize memories).                               
Performed a total of 0 transformations.                                         
                                                                                
67.2. Executing OPT_MEM_PRIORITY pass (removing unnecessary memory write        
priority relations).                                                            
Performed a total of 0 transformations.                                         
                                                                                
67.3. Executing OPT_MEM_FEEDBACK pass (finding memory read-to-write feedback    
paths).                                                                         
                                                                                
67.4. Executing MEMORY_BMUX2ROM pass (converting muxes to ROMs).                
                                                                                
67.5. Executing MEMORY_DFF pass (merging $dff cells to $memrd).                 
                                                                                
67.6. Executing OPT_CLEAN pass (remove unused cells and wires).                 
Finding unused cells or wires in module \tr1um_spitx..                          
                                                                                
67.7. Executing MEMORY_SHARE pass (consolidating $memrd/$memwr cells).          
                                                                                
67.8. Executing OPT_MEM_WIDEN pass (optimize memories where all ports are wide).
Performed a total of 0 transformations.                                         
                                                                                
67.9. Executing OPT_CLEAN pass (remove unused cells and wires).                 
Finding unused cells or wires in module \tr1um_spitx..                          
                                                                                
67.10. Executing MEMORY_COLLECT pass (generating $mem cells).                   
                                                                                
68. Executing OPT_CLEAN pass (remove unused cells and wires).                   
Finding unused cells or wires in module \tr1um_spitx..                          
                                                                                
69. Executing OPT_EXPR pass (perform const folding).                            
Optimizing module tr1um_spitx.                                                  
<suppressed ~12 debug messages>                                                 
                                                                                
70. Executing OPT_MERGE pass (detect identical cells).                          
Finding identical cells in module `\tr1um_spitx'.                               
Computing hashes of 29 cells of `\tr1um_spitx'.                                 
Finding duplicate cells in `\tr1um_spitx'.                                      
Removed a total of 0 cells.                                                     
                                                                                
71. Executing OPT_DFF pass (perform DFF optimizations).                         
                                                                                
72. Executing OPT_CLEAN pass (remove unused cells and wires).                   
Finding unused cells or wires in module \tr1um_spitx..                          
Removed 0 unused cells and 7 unused wires.                                      
<suppressed ~1 debug messages>                                                  
                                                                                
73. Executing MEMORY_MAP pass (converting memories to logic and flip-flops).    
                                                                                
74. Executing OPT_EXPR pass (perform const folding).                            
Optimizing module tr1um_spitx.                                                  
                                                                                
75. Executing OPT_MERGE pass (detect identical cells).                          
Finding identical cells in module `\tr1um_spitx'.                               
Computing hashes of 29 cells of `\tr1um_spitx'.                                 
Finding duplicate cells in `\tr1um_spitx'.                                      
Removed a total of 0 cells.                                                     
                                                                                
76. Executing OPT_MUXTREE pass (detect dead branches in mux trees).             
Running muxtree optimizer on module \tr1um_spitx..                              
  Creating internal representation of mux trees.                                
  Evaluating internal representation of mux trees.                              
  Analyzing evaluation results.                                                 
Removed 0 multiplexer ports.                                                    
<suppressed ~12 debug messages>                                                 
                                                                                
77. Executing OPT_REDUCE pass (consolidate $*mux and $reduce_* inputs).         
  Optimizing cells in module \tr1um_spitx.                                      
Performed a total of 0 changes.                                                 
                                                                                
78. Executing OPT_MERGE pass (detect identical cells).                          
Finding identical cells in module `\tr1um_spitx'.                               
Computing hashes of 29 cells of `\tr1um_spitx'.                                 
Finding duplicate cells in `\tr1um_spitx'.                                      
Removed a total of 0 cells.                                                     
                                                                                
79. Executing OPT_SHARE pass.                                                   
                                                                                
80. Executing OPT_DFF pass (perform DFF optimizations).                         
                                                                                
81. Executing OPT_CLEAN pass (remove unused cells and wires).                   
Finding unused cells or wires in module \tr1um_spitx..                          
                                                                                
82. Executing OPT_EXPR pass (perform const folding).                            
Optimizing module tr1um_spitx.                                                  
                                                                                
83. Executing TECHMAP pass (map to technology primitives).                      
                                                                                
83.1. Executing Verilog-2005 frontend:                                          
/nix/store/6s5yppv17pwkdm7m8rsrm6hvpf255c5a-yosys-with-plugins-0.62/bin/../share
/yosys/techmap.v                                                                
Parsing Verilog input from                                                      
`/nix/store/6s5yppv17pwkdm7m8rsrm6hvpf255c5a-yosys-with-plugins-0.62/bin/../shar
e/yosys/techmap.v' to AST representation.                                       
Generating RTLIL representation for module `\_90_simplemap_bool_ops'.           
Generating RTLIL representation for module `\_90_simplemap_reduce_ops'.         
Generating RTLIL representation for module `\_90_simplemap_logic_ops'.          
Generating RTLIL representation for module `\_90_simplemap_compare_ops'.        
Generating RTLIL representation for module `\_90_simplemap_various'.            
Generating RTLIL representation for module `\_90_simplemap_registers'.          
Generating RTLIL representation for module `\_90_shift_ops_shr_shl_sshl_sshr'.  
Generating RTLIL representation for module `\_90_shift_shiftx'.                 
Generating RTLIL representation for module `\_90_fa'.                           
Generating RTLIL representation for module `\_90_lcu_brent_kung'.               
Generating RTLIL representation for module `\_90_alu'.                          
Generating RTLIL representation for module `\_90_macc'.                         
Generating RTLIL representation for module `\_90_alumacc'.                      
Generating RTLIL representation for module `$__div_mod_u'.                      
Generating RTLIL representation for module `$__div_mod_trunc'.                  
Generating RTLIL representation for module `\_90_div'.                          
Generating RTLIL representation for module `\_90_mod'.                          
Generating RTLIL representation for module `$__div_mod_floor'.                  
Generating RTLIL representation for module `\_90_divfloor'.                     
Generating RTLIL representation for module `\_90_modfloor'.                     
Generating RTLIL representation for module `\_90_pow'.                          
Generating RTLIL representation for module `\_90_pmux'.                         
Generating RTLIL representation for module `\_90_demux'.                        
Generating RTLIL representation for module `\_90_lut'.                          
Generating RTLIL representation for module `$connect'.                          
Generating RTLIL representation for module `$input_port'.                       
Successfully finished Verilog frontend.                                         
                                                                                
83.2. Continuing TECHMAP pass.                                                  
Using template $paramod$3ef7d3dd227da7627a99c5e5a6a4deb817573e39\_90_alu for    
cells of type $alu.                                                             
Using extmapper simplemap for cells of type $reduce_and.                        
Using extmapper simplemap for cells of type $adffe.                             
Using extmapper simplemap for cells of type $ne.                                
Using extmapper simplemap for cells of type $reduce_bool.                       
Using extmapper simplemap for cells of type $logic_and.                         
Using extmapper simplemap for cells of type $logic_not.                         
Using extmapper simplemap for cells of type $not.                               
Using extmapper simplemap for cells of type $eq.                                
Using extmapper simplemap for cells of type $and.                               
Using extmapper simplemap for cells of type $mux.                               
Using extmapper simplemap for cells of type $or.                                
Using extmapper simplemap for cells of type $adff.                              
Using extmapper simplemap for cells of type $xor.                               
Using template $paramod\_90_fa\WIDTH=32'00000000000000000000000000000011 for    
cells of type $fa.                                                              
Using template                                                                  
$paramod\_90_lcu_brent_kung\WIDTH=32'00000000000000000000000000000011 for cells 
of type $lcu.                                                                   
Using extmapper simplemap for cells of type $pos.                               
No more expansions possible.                                                    
<suppressed ~263 debug messages>                                                
                                                                                
84. Executing OPT_EXPR pass (perform const folding).                            
Optimizing module tr1um_spitx.                                                  
<suppressed ~32 debug messages>                                                 
                                                                                
85. Executing OPT_MERGE pass (detect identical cells).                          
Finding identical cells in module `\tr1um_spitx'.                               
Computing hashes of 59 cells of `\tr1um_spitx'.                                 
Finding duplicate cells in `\tr1um_spitx'.                                      
Computing hashes of 55 cells of `\tr1um_spitx'.                                 
Finding duplicate cells in `\tr1um_spitx'.                                      
<suppressed ~12 debug messages>                                                 
Removed a total of 4 cells.                                                     
                                                                                
86. Executing OPT_DFF pass (perform DFF optimizations).                         
                                                                                
87. Executing OPT_CLEAN pass (remove unused cells and wires).                   
Finding unused cells or wires in module \tr1um_spitx..                          
Removed 1 unused cells and 54 unused wires.                                     
<suppressed ~2 debug messages>                                                  
                                                                                
88. Executing OPT_EXPR pass (perform const folding).                            
Optimizing module tr1um_spitx.                                                  
                                                                                
89. Executing OPT_MERGE pass (detect identical cells).                          
Finding identical cells in module `\tr1um_spitx'.                               
Computing hashes of 54 cells of `\tr1um_spitx'.                                 
Finding duplicate cells in `\tr1um_spitx'.                                      
Removed a total of 0 cells.                                                     
                                                                                
90. Executing OPT_DFF pass (perform DFF optimizations).                         
                                                                                
91. Executing OPT_CLEAN pass (remove unused cells and wires).                   
Finding unused cells or wires in module \tr1um_spitx..                          
                                                                                
92. Executing ABC pass (technology mapping using ABC).                          
                                                                                
92.1. Extracting gate netlist of module `\tr1um_spitx' to                       
`<abc-temp-dir>/input.blif'..                                                   
                                                                                
92.1.1. Executed ABC.                                                           
Extracted 39 gates and 62 wires to a netlist network with 21 inputs and 18      
outputs.                                                                        
Running ABC script: <abc-temp-dir>/abc.script                                   
ABC: ======== ABC command line "source <abc-temp-dir>/abc.script"               
ABC: + read_blif <abc-temp-dir>/input.blif                                      
ABC: + read_library /tmp/yosys-abc-NqMz21/stdcells.genlib                       
ABC: + strash                                                                   
ABC: + dretime                                                                  
ABC: + map                                                                      
ABC: + write_blif <abc-temp-dir>/output.blif                                    
                                                                                
92.1.2. Re-integrating ABC results.                                             
ABC RESULTS:               AND cells:        2                                  
ABC RESULTS:            ANDNOT cells:       11                                  
ABC RESULTS:               MUX cells:        9                                  
ABC RESULTS:              NAND cells:        1                                  
ABC RESULTS:               NOR cells:        1                                  
ABC RESULTS:               NOT cells:        3                                  
ABC RESULTS:                OR cells:        5                                  
ABC RESULTS:             ORNOT cells:        1                                  
ABC RESULTS:               XOR cells:        2                                  
ABC RESULTS:        internal signals:       23                                  
ABC RESULTS:           input signals:       21                                  
ABC RESULTS:          output signals:       18                                  
Removing temp directory.                                                        
Removing global temp directory.                                                 
                                                                                
93. Executing OPT pass (performing simple optimizations).                       
                                                                                
93.1. Executing OPT_EXPR pass (perform const folding).                          
Optimizing module tr1um_spitx.                                                  
<suppressed ~1 debug messages>                                                  
                                                                                
93.2. Executing OPT_MERGE pass (detect identical cells).                        
Finding identical cells in module `\tr1um_spitx'.                               
Computing hashes of 50 cells of `\tr1um_spitx'.                                 
Finding duplicate cells in `\tr1um_spitx'.                                      
Computing hashes of 49 cells of `\tr1um_spitx'.                                 
Finding duplicate cells in `\tr1um_spitx'.                                      
<suppressed ~3 debug messages>                                                  
Removed a total of 1 cells.                                                     
                                                                                
93.3. Executing OPT_DFF pass (perform DFF optimizations).                       
                                                                                
93.4. Executing OPT_CLEAN pass (remove unused cells and wires).                 
Finding unused cells or wires in module \tr1um_spitx..                          
Removed 0 unused cells and 60 unused wires.                                     
<suppressed ~1 debug messages>                                                  
                                                                                
93.5. Finished fast OPT passes.                                                 
                                                                                
94. Executing HIERARCHY pass (managing design hierarchy).                       
                                                                                
94.1. Analyzing design hierarchy..                                              
Top module:  \tr1um_spitx                                                       
                                                                                
94.2. Analyzing design hierarchy..                                              
Top module:  \tr1um_spitx                                                       
Removed 0 unused modules.                                                       
                                                                                
95. Executing CHECK pass (checking for obvious problems).                       
Checking module tr1um_spitx...                                                  
Found and reported 0 problems.                                                  
                                                                                
96. Printing statistics.                                                        
                                                                                
=== tr1um_spitx ===                                                             
                                                                                
        +----------Local Count, excluding submodules.                           
        |                                                                       
       38 wires                                                                 
       63 wire bits                                                             
       14 public wires                                                          
       30 public wire bits                                                      
        9 ports                                                                 
       16 port bits                                                             
       49 cells                                                                 
       11   $_ANDNOT_                                                           
        2   $_AND_                                                              
       12   $_DFFE_PP0P_                                                        
        2   $_DFF_PP0_                                                          
        9   $_MUX_                                                              
        1   $_NAND_                                                             
        1   $_NOR_                                                              
        3   $_NOT_                                                              
        1   $_ORNOT_                                                            
        4   $_OR_                                                               
        2   $_XOR_                                                              
        1   TIELO                                                               
                                                                                
97. Executing OPT pass (performing simple optimizations).                       
                                                                                
97.1. Executing OPT_EXPR pass (perform const folding).                          
Optimizing module tr1um_spitx.                                                  
                                                                                
97.2. Executing OPT_MERGE pass (detect identical cells).                        
Finding identical cells in module `\tr1um_spitx'.                               
Computing hashes of 49 cells of `\tr1um_spitx'.                                 
Finding duplicate cells in `\tr1um_spitx'.                                      
Removed a total of 0 cells.                                                     
                                                                                
97.3. Executing OPT_MUXTREE pass (detect dead branches in mux trees).           
Running muxtree optimizer on module \tr1um_spitx..                              
  Creating internal representation of mux trees.                                
  No muxes found in this module.                                                
Removed 0 multiplexer ports.                                                    
                                                                                
97.4. Executing OPT_REDUCE pass (consolidate $*mux and $reduce_* inputs).       
  Optimizing cells in module \tr1um_spitx.                                      
Performed a total of 0 changes.                                                 
                                                                                
97.5. Executing OPT_MERGE pass (detect identical cells).                        
Finding identical cells in module `\tr1um_spitx'.                               
Computing hashes of 49 cells of `\tr1um_spitx'.                                 
Finding duplicate cells in `\tr1um_spitx'.                                      
Removed a total of 0 cells.                                                     
                                                                                
97.6. Executing OPT_DFF pass (perform DFF optimizations).                       
                                                                                
97.7. Executing OPT_CLEAN pass (remove unused cells and wires).                 
Finding unused cells or wires in module \tr1um_spitx..                          
                                                                                
97.8. Executing OPT_EXPR pass (perform const folding).                          
Optimizing module tr1um_spitx.                                                  
                                                                                
97.9. Finished fast OPT passes. (There is nothing left to do.)                  
                                                                                
98. Executing OPT_CLEAN pass (remove unused cells and wires).                   
Finding unused cells or wires in module \tr1um_spitx..                          
Removed 0 unused cells and 1 unused wires.                                      
<suppressed ~1 debug messages>                                                  
{                                                                               
   "creator": "Yosys 0.62 (git sha1 7326bb7d6641500ecb285c291a54a662cb1e76cf,   
clang++ 21.1.2 -fPIC -O3)",                                                     
   "invocation": "stat -json -liberty                                           
/Users/yanlu/Documents/TR-1um/flow/designs/tr1um_spitx/runs/triage-f24-affected/
tmp/9084be77ad844ade8e5f95536a94cd6d.lib ",                                     
   "modules": {                                                                 
      "\\tr1um_spitx": {                                                        
         "num_wires":         37,                                               
         "num_wire_bits":     62,                                               
         "num_pub_wires":     13,                                               
         "num_pub_wire_bits": 29,                                               
         "num_ports":         9,                                                
         "num_port_bits":     16,                                               
         "num_memories":      0,                                                
         "num_memory_bits":   0,                                                
         "num_processes":     0,                                                
         "num_cells":         49,                                               
         "num_submodules":       0,                                             
         "area":              500.800000,                                       
         "sequential_area":    0.000000,                                        
         "num_cells_by_type": {                                                 
            "$_ANDNOT_": 11,                                                    
            "$_AND_": 2,                                                        
            "$_DFFE_PP0P_": 12,                                                 
            "$_DFF_PP0_": 2,                                                    
            "$_MUX_": 9,                                                        
            "$_NAND_": 1,                                                       
            "$_NOR_": 1,                                                        
            "$_NOT_": 3,                                                        
            "$_ORNOT_": 1,                                                      
            "$_OR_": 4,                                                         
            "$_XOR_": 2,                                                        
            "TIELO": 1                                                          
         }                                                                      
      }                                                                         
   },                                                                           
      "design": {                                                               
         "num_wires":         37,                                               
         "num_wire_bits":     62,                                               
         "num_pub_wires":     13,                                               
         "num_pub_wire_bits": 29,                                               
         "num_ports":         9,                                                
         "num_port_bits":     16,                                               
         "num_memories":      0,                                                
         "num_memory_bits":   0,                                                
         "num_processes":     0,                                                
         "num_cells":         49,                                               
         "num_submodules":       0,                                             
         "area":              500.800000,                                       
         "sequential_area":    0.000000,                                        
         "num_cells_by_type": {                                                 
            "$_ANDNOT_": 11,                                                    
            "$_AND_": 2,                                                        
            "$_DFFE_PP0P_": 12,                                                 
            "$_DFF_PP0_": 2,                                                    
            "$_MUX_": 9,                                                        
            "$_NAND_": 1,                                                       
            "$_NOR_": 1,                                                        
            "$_NOT_": 3,                                                        
            "$_ORNOT_": 1,                                                      
            "$_OR_": 4,                                                         
            "$_XOR_": 2,                                                        
            "TIELO": 1                                                          
         }                                                                      
      }                                                                         
}                                                                               
                                                                                
99. Printing statistics.                                                        
                                                                                
=== tr1um_spitx ===                                                             
                                                                                
        +----------Local Count, excluding submodules.                           
        |        +-Local Area, excluding submodules.                            
        |        |                                                              
       37        - wires                                                        
       62        - wire bits                                                    
       13        - public wires                                                 
       29        - public wire bits                                             
        9        - ports                                                        
       16        - port bits                                                    
       49    500.8 cells                                                        
       11        -   $_ANDNOT_                                                  
        2        -   $_AND_                                                     
       12        -   $_DFFE_PP0P_                                               
        2        -   $_DFF_PP0_                                                 
        9        -   $_MUX_                                                     
        1        -   $_NAND_                                                    
        1        -   $_NOR_                                                     
        3        -   $_NOT_                                                     
        1        -   $_ORNOT_                                                   
        4        -   $_OR_                                                      
        2        -   $_XOR_                                                     
        1    500.8   TIELO                                                      
                                                                                
   Area for cell type $_ANDNOT_ is unknown!                                     
   Area for cell type $_AND_ is unknown!                                        
   Area for cell type $_DFFE_PP0P_ is unknown!                                  
   Area for cell type $_DFF_PP0_ is unknown!                                    
   Area for cell type $_MUX_ is unknown!                                        
   Area for cell type $_NAND_ is unknown!                                       
   Area for cell type $_NOR_ is unknown!                                        
   Area for cell type $_NOT_ is unknown!                                        
   Area for cell type $_ORNOT_ is unknown!                                      
   Area for cell type $_OR_ is unknown!                                         
   Area for cell type $_XOR_ is unknown!                                        
                                                                                
   Chip area for module '\tr1um_spitx': 500.800000                              
     of which used for sequential elements: 0.000000 (0.00%)                    
                                                                                
100. Executing DFFLIBMAP pass (mapping DFF cells to sequential cells from       
liberty file).                                                                  
  cell DFFR (noninv, pins=5, area=6297.56) is a direct match for cell type      
$_DFF_PP0_.                                                                     
  cell DFFS (noninv, pins=5, area=6297.56) is a direct match for cell type      
$_DFF_PP1_.                                                                     
  final dff cell mappings:                                                      
    unmapped dff cell: $_DFF_N_                                                 
    unmapped dff cell: $_DFF_P_                                                 
    unmapped dff cell: $_DFF_NN0_                                               
    unmapped dff cell: $_DFF_NN1_                                               
    unmapped dff cell: $_DFF_NP0_                                               
    unmapped dff cell: $_DFF_NP1_                                               
    unmapped dff cell: $_DFF_PN0_                                               
    unmapped dff cell: $_DFF_PN1_                                               
    \DFFR _DFF_PP0_ (.CK( C), .D( D), .Q( Q), .QB(~Q), .RST( R));               
    \DFFS _DFF_PP1_ (.CK( C), .D( D), .Q( Q), .QB(~Q), .SET( R));               
    unmapped dff cell: $_DFFE_NN_                                               
    unmapped dff cell: $_DFFE_NP_                                               
    unmapped dff cell: $_DFFE_PN_                                               
    unmapped dff cell: $_DFFE_PP_                                               
    unmapped dff cell: $_DFFSR_NNN_                                             
    unmapped dff cell: $_DFFSR_NNP_                                             
    unmapped dff cell: $_DFFSR_NPN_                                             
    unmapped dff cell: $_DFFSR_NPP_                                             
    unmapped dff cell: $_DFFSR_PNN_                                             
    unmapped dff cell: $_DFFSR_PNP_                                             
    unmapped dff cell: $_DFFSR_PPN_                                             
    unmapped dff cell: $_DFFSR_PPP_                                             
                                                                                
100.1. Executing DFFLEGALIZE pass (convert FFs to types supported by the        
target).                                                                        
Mapping DFF cells in module `\tr1um_spitx':                                     
  mapped 14 $_DFF_PP0_ cells to \DFFR cells.                                    
{                                                                               
   "creator": "Yosys 0.62 (git sha1 7326bb7d6641500ecb285c291a54a662cb1e76cf,   
clang++ 21.1.2 -fPIC -O3)",                                                     
   "invocation": "stat -json -liberty                                           
/Users/yanlu/Documents/TR-1um/flow/designs/tr1um_spitx/runs/triage-f24-affected/
tmp/9084be77ad844ade8e5f95536a94cd6d.lib ",                                     
   "modules": {                                                                 
      "\\tr1um_spitx": {                                                        
         "num_wires":         65,                                               
         "num_wire_bits":     90,                                               
         "num_pub_wires":     13,                                               
         "num_pub_wire_bits": 29,                                               
         "num_ports":         9,                                                
         "num_port_bits":     16,                                               
         "num_memories":      0,                                                
         "num_memory_bits":   0,                                                
         "num_processes":     0,                                                
         "num_cells":         61,                                               
         "num_submodules":       0,                                             
         "area":              88666.640000,                                     
         "sequential_area":    88165.840000,                                    
         "num_cells_by_type": {                                                 
            "$_ANDNOT_": 11,                                                    
            "$_AND_": 2,                                                        
            "$_MUX_": 21,                                                       
            "$_NAND_": 1,                                                       
            "$_NOR_": 1,                                                        
            "$_NOT_": 3,                                                        
            "$_ORNOT_": 1,                                                      
            "$_OR_": 4,                                                         
            "$_XOR_": 2,                                                        
            "DFFR": 14,                                                         
            "TIELO": 1                                                          
         }                                                                      
      }                                                                         
   },                                                                           
      "design": {                                                               
         "num_wires":         65,                                               
         "num_wire_bits":     90,                                               
         "num_pub_wires":     13,                                               
         "num_pub_wire_bits": 29,                                               
         "num_ports":         9,                                                
         "num_port_bits":     16,                                               
         "num_memories":      0,                                                
         "num_memory_bits":   0,                                                
         "num_processes":     0,                                                
         "num_cells":         61,                                               
         "num_submodules":       0,                                             
         "area":              88666.640000,                                     
         "sequential_area":    88165.840000,                                    
         "num_cells_by_type": {                                                 
            "$_ANDNOT_": 11,                                                    
            "$_AND_": 2,                                                        
            "$_MUX_": 21,                                                       
            "$_NAND_": 1,                                                       
            "$_NOR_": 1,                                                        
            "$_NOT_": 3,                                                        
            "$_ORNOT_": 1,                                                      
            "$_OR_": 4,                                                         
            "$_XOR_": 2,                                                        
            "DFFR": 14,                                                         
            "TIELO": 1                                                          
         }                                                                      
      }                                                                         
}                                                                               
                                                                                
101. Printing statistics.                                                       
                                                                                
=== tr1um_spitx ===                                                             
                                                                                
        +----------Local Count, excluding submodules.                           
        |        +-Local Area, excluding submodules.                            
        |        |                                                              
       65        - wires                                                        
       90        - wire bits                                                    
       13        - public wires                                                 
       29        - public wire bits                                             
        9        - ports                                                        
       16        - port bits                                                    
       61 8.87E+04 cells                                                        
       11        -   $_ANDNOT_                                                  
        2        -   $_AND_                                                     
       21        -   $_MUX_                                                     
        1        -   $_NAND_                                                    
        1        -   $_NOR_                                                     
        3        -   $_NOT_                                                     
        1        -   $_ORNOT_                                                   
        4        -   $_OR_                                                      
        2        -   $_XOR_                                                     
       14 8.82E+04   DFFR                                                       
        1    500.8   TIELO                                                      
                                                                                
   Area for cell type $_ANDNOT_ is unknown!                                     
   Area for cell type $_AND_ is unknown!                                        
   Area for cell type $_MUX_ is unknown!                                        
   Area for cell type $_NAND_ is unknown!                                       
   Area for cell type $_NOR_ is unknown!                                        
   Area for cell type $_NOT_ is unknown!                                        
   Area for cell type $_ORNOT_ is unknown!                                      
   Area for cell type $_OR_ is unknown!                                         
   Area for cell type $_XOR_ is unknown!                                        
                                                                                
   Chip area for module '\tr1um_spitx': 88666.640000                            
     of which used for sequential elements: 88165.840000 (99.44%)               
                                                                                
[INFO] Using generated ABC script                                               
'/Users/yanlu/Documents/TR-1um/flow/designs/tr1um_spitx/runs/triage-f24-affected
/06-yosys-synthesis/AREA_0.abc'…                                                
                                                                                
102. Executing ABC pass (technology mapping using ABC).                         
                                                                                
102.1. Extracting gate netlist of module `\tr1um_spitx' to                      
`/tmp/yosys-abc-EveHPN/input.blif'..                                            
                                                                                
102.1.1. Executed ABC.                                                          
Extracted 46 gates and 70 wires to a netlist network with 24 inputs and 15      
outputs.                                                                        
Running ABC script: /tmp/yosys-abc-EveHPN/abc.script                            
ABC: ======== ABC command line "source /tmp/yosys-abc-EveHPN/abc.script"        
ABC: + read_blif /tmp/yosys-abc-EveHPN/input.blif                               
ABC: + read_lib -w                                                              
/Users/yanlu/Documents/TR-1um/flow/designs/tr1um_spitx/runs/triage-f24-affected/
tmp/9084be77ad844ade8e5f95536a94cd6d.lib                                        
ABC: Parsing finished successfully.  Parsing time =     0.00 sec                
ABC: Scl_LibertyReadGenlib() skipped sequential cell "DFFR".                    
ABC: Scl_LibertyReadGenlib() skipped sequential cell "DFFS".                    
ABC: Library "TR-1um_stdcell_typ_5p0V_25C" from                                 
"/Users/yanlu/Documents/TR-1um/flow/designs/tr1um_spitx/runs/triage-f24-affected
/tmp/9084be77ad844ade8e5f95536a94cd6d.lib" has 38 cells (2 skipped: 2 seq; 0    
tri-state; 0 no func; 0 dont_use; 0 with 2 outputs; 0 with 3+ outputs).  Time = 
0.00 sec                                                                        
ABC: Memory =    0.17 MB. Time =     0.00 sec                                   
ABC: + read_constr -v                                                           
/Users/yanlu/Documents/TR-1um/flow/designs/tr1um_spitx/runs/triage-f24-affected/
06-yosys-synthesis/synthesis.abc.sdc                                            
ABC: Setting driving cell to be "BUF_X1/A".                                     
ABC: Setting output load to be 0.500000.                                        
ABC: + source                                                                   
/Users/yanlu/Documents/TR-1um/flow/designs/tr1um_spitx/runs/triage-f24-affected/
06-yosys-synthesis/AREA_0.abc                                                   
ABC: Error: The network is combinational.                                       
ABC: Cannot find the default PI driving cell (BUF_X1/A) in the library.         
ABC: WireLoad = "none"  Gates =     59 (  6.8 %)   Cap =120.3 ff (  0.0 %)      
Area =   124692.94 (100.0 %)   Delay = 15571.53 ps  (  8.5 %)                   
ABC: Path  0 --       1 : 0    5 pi      A =   0.00  Df =   0.0   -0.0 ps  S =  
0.0 ps  Cin =  0.0 ff  Cout = 402.5 ff  Cmax =   0.0 ff  G =    0               
ABC: Path  1 --      40 : 1    2 INV_X1  A =1821.66  Df =1075.4 -368.8 ps  S    
=1188.3 ps  Cin = 84.1 ff  Cout = 165.0 ff  Cmax =   0.0 ff  G =  193           
ABC: Path  2 --      44 : 2   10 NAND2   A =1821.66  Df =7566.5-3884.5 ps  S    
=9033.6 ps  Cin = 81.0 ff  Cout = 817.2 ff  Cmax =   0.0 ff  G =  995           
ABC: Path  3 --      55 : 2    8 NAND2   A =1821.66  Df =11446.5-1090.8 ps  S   
=9602.7 ps  Cin = 81.0 ff  Cout = 911.5 ff  Cmax =   0.0 ff  G = 1101           
ABC: Path  4 --      81 : 3    1 AND3_X1 A =2510.26  Df =14841.1-2807.6 ps  S   
=1118.3 ps  Cin = 74.1 ff  Cout =  77.9 ff  Cmax =   0.0 ff  G =  104           
ABC: Path  5 --      83 : 2    1 NOR2    A =1821.66  Df =15571.5-2266.7 ps  S = 
633.9 ps  Cin = 78.5 ff  Cout =   0.5 ff  Cmax =   0.0 ff  G =    0             
ABC: Start-point = pi0 (\busy).  End-point = po10                               
($auto$rtlil.cc:3583:MuxGate$345).                                              
ABC: netlist                       : i/o =   24/   15  lat =    0  nd =    59   
edge =    127  area =124692.94  delay = 6.00  lev = 6                           
ABC: + write_blif /tmp/yosys-abc-EveHPN/output.blif                             
                                                                                
102.1.2. Re-integrating ABC results.                                            
ABC RESULTS:           AND2_X1 cells:        2                                  
ABC RESULTS:           AND3_X1 cells:        3                                  
ABC RESULTS:            INV_X1 cells:        4                                  
ABC RESULTS:              MUX2 cells:        6                                  
ABC RESULTS:             NAND2 cells:       26                                  
ABC RESULTS:             NAND3 cells:        1                                  
ABC RESULTS:              NOR2 cells:       12                                  
ABC RESULTS:              NOR3 cells:        3                                  
ABC RESULTS:               OR2 cells:        2                                  
ABC RESULTS:        internal signals:       31                                  
ABC RESULTS:           input signals:       24                                  
ABC RESULTS:          output signals:       15                                  
Removing temp directory.                                                        
Removing global temp directory.                                                 
                                                                                
103. Executing SETUNDEF pass (replace undef values with defined constants).     
                                                                                
104. Executing HILOMAP pass (mapping to constant drivers).                      
                                                                                
105. Executing SPLITNETS pass (splitting up multi-bit signals).                 
                                                                                
106. Executing OPT_CLEAN pass (remove unused cells and wires).                  
Finding unused cells or wires in module \tr1um_spitx..                          
Removed 0 unused cells and 73 unused wires.                                     
<suppressed ~2 debug messages>                                                  
                                                                                
107. Executing INSBUF pass (insert buffer cells for connected wires).           
                                                                                
108. Executing CHECK pass (checking for obvious problems).                      
Checking module tr1um_spitx...                                                  
Found and reported 0 problems.                                                  
{                                                                               
   "creator": "Yosys 0.62 (git sha1 7326bb7d6641500ecb285c291a54a662cb1e76cf,   
clang++ 21.1.2 -fPIC -O3)",                                                     
   "invocation": "stat -json -liberty                                           
/Users/yanlu/Documents/TR-1um/flow/designs/tr1um_spitx/runs/triage-f24-affected/
tmp/9084be77ad844ade8e5f95536a94cd6d.lib ",                                     
   "modules": {                                                                 
      "\\tr1um_spitx": {                                                        
         "num_wires":         93,                                               
         "num_wire_bits":     100,                                              
         "num_pub_wires":     21,                                               
         "num_pub_wire_bits": 28,                                               
         "num_ports":         9,                                                
         "num_port_bits":     16,                                               
         "num_memories":      0,                                                
         "num_memory_bits":   0,                                                
         "num_processes":     0,                                                
         "num_cells":         74,                                               
         "num_submodules":       0,                                             
         "area":              213359.580000,                                    
         "sequential_area":    88165.840000,                                    
         "num_cells_by_type": {                                                 
            "AND2_X1": 2,                                                       
            "AND3_X1": 3,                                                       
            "DFFR": 14,                                                         
            "INV_X1": 4,                                                        
            "MUX2": 6,                                                          
            "NAND2": 26,                                                        
            "NAND3": 1,                                                         
            "NOR2": 12,                                                         
            "NOR3": 3,                                                          
            "OR2": 2,                                                           
            "TIELO": 1                                                          
         }                                                                      
      }                                                                         
   },                                                                           
      "design": {                                                               
         "num_wires":         93,                                               
         "num_wire_bits":     100,                                              
         "num_pub_wires":     21,                                               
         "num_pub_wire_bits": 28,                                               
         "num_ports":         9,                                                
         "num_port_bits":     16,                                               
         "num_memories":      0,                                                
         "num_memory_bits":   0,                                                
         "num_processes":     0,                                                
         "num_cells":         74,                                               
         "num_submodules":       0,                                             
         "area":              213359.580000,                                    
         "sequential_area":    88165.840000,                                    
         "num_cells_by_type": {                                                 
            "AND2_X1": 2,                                                       
            "AND3_X1": 3,                                                       
            "DFFR": 14,                                                         
            "INV_X1": 4,                                                        
            "MUX2": 6,                                                          
            "NAND2": 26,                                                        
            "NAND3": 1,                                                         
            "NOR2": 12,                                                         
            "NOR3": 3,                                                          
            "OR2": 2,                                                           
            "TIELO": 1                                                          
         }                                                                      
      }                                                                         
}                                                                               
                                                                                
109. Printing statistics.                                                       
                                                                                
=== tr1um_spitx ===                                                             
                                                                                
        +----------Local Count, excluding submodules.                           
        |        +-Local Area, excluding submodules.                            
        |        |                                                              
       93        - wires                                                        
      100        - wire bits                                                    
       21        - public wires                                                 
       28        - public wire bits                                             
        9        - ports                                                        
       16        - port bits                                                    
       74 2.13E+05 cells                                                        
        2  4331.92   AND2_X1                                                    
        3  7530.78   AND3_X1                                                    
       14 8.82E+04   DFFR                                                       
        4  7286.64   INV_X1                                                     
        6 2.33E+04   MUX2                                                       
       26 4.74E+04   NAND2                                                      
        1  2165.96   NAND3                                                      
       12 2.19E+04   NOR2                                                       
        3  6497.88   NOR3                                                       
        2  4331.92   OR2                                                        
        1    500.8   TIELO                                                      
                                                                                
   Chip area for module '\tr1um_spitx': 213359.580000                           
     of which used for sequential elements: 88165.840000 (41.32%)               
                                                                                
110. Executing Verilog backend.                                                 
Dumping module `\tr1um_spitx'.                                                  
                                                                                
111. Executing JSON backend.                                                    
[17:20:56] VERBOSE  Parsing synthesis checks…                       pyosys.py:59
[17:20:56] VERBOSE  Parsing synthesis checks…                       pyosys.py:59
──────────────────────────── Unmapped Cells Checker ────────────────────────────
[17:20:56] VERBOSE  Running 'Checker.YosysUnmappedCells' at         step.py:1138
                    'runs/triage-f24-affected/07-checker-yosysunmap             
                    pedcells'…                                                  
[17:20:56] INFO     Check for Unmapped Yosys instances clear.     checker.py:131
────────────────────────────── Yosys Synth Checks ──────────────────────────────
[17:20:56] VERBOSE  Running 'Checker.YosysSynthChecks' at           step.py:1138
                    'runs/triage-f24-affected/08-checker-yosyssynth             
                    checks'…                                                    
[17:20:56] INFO     Check for Yosys check errors clear.           checker.py:131
─────────────────────── Netlist Assign Statement Checker ───────────────────────
[17:20:56] VERBOSE  Running 'Checker.NetlistAssignStatements' at    step.py:1138
                    'runs/triage-f24-affected/09-checker-netlistass             
                    ignstatements'…                                             
─────────────────────────────── Check SDC Files ────────────────────────────────
[17:20:56] VERBOSE  Running 'OpenROAD.CheckSDCFiles' at             step.py:1138
                    'runs/triage-f24-affected/10-openroad-checksdcf             
                    iles'…                                                      
──────────────────────────── Check Macro Instances ─────────────────────────────
[17:20:56] VERBOSE  Running 'OpenROAD.CheckMacroInstances' at       step.py:1138
                    'runs/triage-f24-affected/11-openroad-checkmacr             
                    oinstances'…                                                
[17:20:56] INFO     No macros found, skipping instance check…    openroad.py:692
─────────────────────── Static Timing Analysis (Pre-PnR) ───────────────────────
[17:20:56] VERBOSE  Running 'OpenROAD.STAPrePNR' at                 step.py:1138
                    'runs/triage-f24-affected/12-openroad-staprepnr             
                    '…                                                          
[17:20:56] INFO     Starting STA for the nom_typ_5p0V_25C timing openroad.py:747
                    corner…                                                     
[17:20:56] VERBOSE  Logging subprocess to                           step.py:1338
                    'runs/triage-f24-affected/12-openroad-staprepnr             
                    /nom_typ_5p0V_25C/sta.log'…                                 
[17:20:56] INFO     Finished STA for the nom_typ_5p0V_25C timing openroad.py:762
                    corner.                                                     
┏━━━━━━━━━━━━━━━━━━━━━━┳━━━━┳━━━━┳━━━━┳━━━━┳━━━━┳━━━┳━━━━┳━━━┳━━━━┳━━━┳━━━━┳━━━┓
┃                      ┃    ┃    ┃    ┃    ┃ of ┃   ┃    ┃   ┃    ┃ … ┃    ┃   ┃
┃                      ┃    ┃ R… ┃    ┃    ┃ w… ┃   ┃ R… ┃   ┃    ┃ … ┃    ┃   ┃
┃                      ┃ H… ┃ to ┃    ┃ H… ┃ r… ┃ … ┃ to ┃   ┃ S… ┃ … ┃ M… ┃ … ┃
┃                      ┃ W… ┃ R… ┃ H… ┃ V… ┃ to ┃ … ┃ R… ┃ … ┃ V… ┃ … ┃ C… ┃ … ┃
┃ Corner/Group         ┃ S… ┃ P… ┃ T… ┃ C… ┃ r… ┃ … ┃ P… ┃ … ┃ C… ┃ … ┃ V… ┃ … ┃
┡━━━━━━━━━━━━━━━━━━━━━━╇━━━━╇━━━━╇━━━━╇━━━━╇━━━━╇━━━╇━━━━╇━━━╇━━━━╇━━━╇━━━━╇━━━┩
│ Overall              │ 7… │ N… │ 0… │ 0  │ 0  │ … │ 4… │ … │ 0  │ 0 │ 0  │ 0 │
│ nom_typ_5p0V_25C     │ 7… │ N… │ 0… │ 0  │ 0  │ … │ 4… │ … │ 0  │ 0 │ 0  │ 0 │
└──────────────────────┴────┴────┴────┴────┴────┴───┴────┴───┴────┴───┴────┴───┘
─────────────────────────── Floorplan Initialization ───────────────────────────
[17:20:56] VERBOSE  Running 'OpenROAD.Floorplan' at                 step.py:1138
                    'runs/triage-f24-affected/13-openroad-floorplan             
                    '…                                                          
[17:20:56] VERBOSE  Logging subprocess to                           step.py:1338
                    'runs/triage-f24-affected/13-openroad-floorplan             
                    /openroad-floorplan.log'…                                   
Reading timing models for corner nom_typ_5p0V_25C…                              
Reading timing library for the 'nom_typ_5p0V_25C' corner at                     
'/Users/yanlu/Documents/TR-1um/flow/pdk_root/TR-1um/libs.ref/TR-1um_stdcell_acce
ss/lib/TR-1um_stdcell_access_typ_5p0V_25C.lib'…                                 
Reading technology LEF file at                                                  
'/Users/yanlu/Documents/TR-1um/flow/pdk_root/TR-1um/libs.ref/TR-1um_stdcell_acce
ss/lef/TR-1um_tech.lef'…                                                        
[INFO ODB-0227] LEF file:                                                       
/Users/yanlu/Documents/TR-1um/flow/pdk_root/TR-1um/libs.ref/TR-1um_stdcell_acces
s/lef/TR-1um_tech.lef, created 3 layers, 1 vias                                 
Reading cell LEF file at                                                        
'/Users/yanlu/Documents/TR-1um/flow/pdk_root/TR-1um/libs.ref/TR-1um_stdcell_acce
ss/lef/TR-1um_access_cells.lef'…                                                
To avoid this warning in the future, define SITE after ORIGIN See file          
/Users/yanlu/Documents/TR-1um/flow/pdk_root/TR-1um/libs.ref/TR-1um_stdcell_acces
s/lef/TR-1um_access_cells.lef at line 4453.                                     
                                                                                
To avoid this warning in the future, define SITE after ORIGIN See file          
/Users/yanlu/Documents/TR-1um/flow/pdk_root/TR-1um/libs.ref/TR-1um_stdcell_acces
s/lef/TR-1um_access_cells.lef at line 4483.                                     
                                                                                
[INFO ODB-0227] LEF file:                                                       
/Users/yanlu/Documents/TR-1um/flow/pdk_root/TR-1um/libs.ref/TR-1um_stdcell_acces
s/lef/TR-1um_access_cells.lef, created 40 library cells                         
Reading cell LEF file at                                                        
'/Users/yanlu/Documents/TR-1um/flow/pdk_root/TR-1um/libs.ref/TR-1um_antenna/lef/
DIODE_N_X1_access.lef'…                                                         
[INFO ODB-0227] LEF file:                                                       
/Users/yanlu/Documents/TR-1um/flow/pdk_root/TR-1um/libs.ref/TR-1um_antenna/lef/D
IODE_N_X1_access.lef, created 1 library cells                                   
Reading top-level netlist at                                                    
'/Users/yanlu/Documents/TR-1um/flow/designs/tr1um_spitx/runs/triage-f24-affected
/06-yosys-synthesis/tr1um_spitx.nl.v'…                                          
Linking design 'tr1um_spitx' from netlist…                                      
Reading design constraints file at                                              
'/Users/yanlu/Documents/TR-1um/flow/designs/tr1um_spitx/constraints.sdc'…       
[17:20:56] WARNING  [STA-0441] set_input_delay relative to a     openroad.py:314
                    clock defined on the same port/pin not                      
                    allowed.                                                    
[INFO] No information on clock propagation in input SDC file-- propagating all  
clocks.                                                                         
Using site height: 75.6 and site width: 0.1…                                    
[INFO] Using absolute sizing for the floorplan.                                 
[INFO] Using the set CORE_AREA; ignoring core margin parameters                 
+ initialize_floorplan -site TR1um_access_site -die_area 0.0 0.0 2400.0 2200.0  
-core_area 50.0 75.6 2350.0 2041.2                                              
[INFO IFP-0001] Added 26 rows of 23000 site TR1um_access_site.                  
[INFO IFP-0100] Die BBox:  (  0.000  0.000 ) ( 2400.000 2200.000 ) um           
[INFO IFP-0101] Core BBox: ( 50.000 75.600 ) ( 2350.000 2041.200 ) um           
[INFO IFP-0102] Core area:                      4520880.000 um^2                
[INFO IFP-0103] Total instances area:            257667.480 um^2                
[INFO IFP-0104] Effective utilization:                0.057                     
[INFO IFP-0105] Number of instances:                     74                     
[INFO IFP-0030] Inserted 0 tiecells using TIELO/LO.                             
[INFO IFP-0030] Inserted 0 tiecells using TIEHI/HI.                             
[INFO] Extracting DIE_AREA and CORE_AREA from the floorplan                     
[INFO] Floorplanned on a die area of 0.0 0.0 2400.0 2200.0 (µm).                
[INFO] Floorplanned on a core area of 50.0 75.6 2350.0 2041.2 (µm).             
Writing metric design__die__bbox: 0.0 0.0 2400.0 2200.0                         
Writing metric design__core__bbox: 50.0 75.6 2350.0 2041.2                      
Setting global connections for newly added cells…                               
[INFO] Setting global connections...                                            
[INFO ODB-0403] 0 connections made, 0 conflicts skipped.                        
Updating metrics…                                                               
Cell type report:                       Count       Area                        
  Inverter                                  4    8799.84                        
  Sequential cell                          14  106475.04                        
  Multi-Input combinational cell           56  142392.60                        
  Total                                    74  257667.48                        
Writing OpenROAD database to                                                    
'/Users/yanlu/Documents/TR-1um/flow/designs/tr1um_spitx/runs/triage-f24-affected
/13-openroad-floorplan/tr1um_spitx.odb'…                                        
Writing netlist to                                                              
'/Users/yanlu/Documents/TR-1um/flow/designs/tr1um_spitx/runs/triage-f24-affected
/13-openroad-floorplan/tr1um_spitx.nl.v'…                                       
Writing powered netlist to                                                      
'/Users/yanlu/Documents/TR-1um/flow/designs/tr1um_spitx/runs/triage-f24-affected
/13-openroad-floorplan/tr1um_spitx.pnl.v'…                                      
Writing layout to                                                               
'/Users/yanlu/Documents/TR-1um/flow/designs/tr1um_spitx/runs/triage-f24-affected
/13-openroad-floorplan/tr1um_spitx.def'…                                        
Writing timing constraints to                                                   
'/Users/yanlu/Documents/TR-1um/flow/designs/tr1um_spitx/runs/triage-f24-affected
/13-openroad-floorplan/tr1um_spitx.sdc'…                                        
──────────────────────────────── Dump RC Values ────────────────────────────────
[17:20:56] VERBOSE  Running 'OpenROAD.DumpRCValues' at              step.py:1138
                    'runs/triage-f24-affected/14-openroad-dumprcval             
                    ues'…                                                       
[17:20:56] VERBOSE  Logging subprocess to                           step.py:1338
                    'runs/triage-f24-affected/14-openroad-dumprcval             
                    ues/openroad-dumprcvalues.log'…                             
Reading timing models for corner nom_typ_5p0V_25C…                              
Reading timing library for the 'nom_typ_5p0V_25C' corner at                     
'/Users/yanlu/Documents/TR-1um/flow/pdk_root/TR-1um/libs.ref/TR-1um_stdcell_acce
ss/lib/TR-1um_stdcell_access_typ_5p0V_25C.lib'…                                 
Reading technology LEF file at                                                  
'/Users/yanlu/Documents/TR-1um/flow/pdk_root/TR-1um/libs.ref/TR-1um_stdcell_acce
ss/lef/TR-1um_tech.lef'…                                                        
[INFO ODB-0227] LEF file:                                                       
/Users/yanlu/Documents/TR-1um/flow/pdk_root/TR-1um/libs.ref/TR-1um_stdcell_acces
s/lef/TR-1um_tech.lef, created 3 layers, 1 vias                                 
Reading cell LEF file at                                                        
'/Users/yanlu/Documents/TR-1um/flow/pdk_root/TR-1um/libs.ref/TR-1um_stdcell_acce
ss/lef/TR-1um_access_cells.lef'…                                                
To avoid this warning in the future, define SITE after ORIGIN See file          
/Users/yanlu/Documents/TR-1um/flow/pdk_root/TR-1um/libs.ref/TR-1um_stdcell_acces
s/lef/TR-1um_access_cells.lef at line 4453.                                     
                                                                                
To avoid this warning in the future, define SITE after ORIGIN See file          
/Users/yanlu/Documents/TR-1um/flow/pdk_root/TR-1um/libs.ref/TR-1um_stdcell_acces
s/lef/TR-1um_access_cells.lef at line 4483.                                     
                                                                                
[INFO ODB-0227] LEF file:                                                       
/Users/yanlu/Documents/TR-1um/flow/pdk_root/TR-1um/libs.ref/TR-1um_stdcell_acces
s/lef/TR-1um_access_cells.lef, created 40 library cells                         
Reading cell LEF file at                                                        
'/Users/yanlu/Documents/TR-1um/flow/pdk_root/TR-1um/libs.ref/TR-1um_antenna/lef/
DIODE_N_X1_access.lef'…                                                         
[INFO ODB-0227] LEF file:                                                       
/Users/yanlu/Documents/TR-1um/flow/pdk_root/TR-1um/libs.ref/TR-1um_antenna/lef/D
IODE_N_X1_access.lef, created 1 library cells                                   
[INFO ODB-0127] Reading DEF file:                                               
/Users/yanlu/Documents/TR-1um/flow/designs/tr1um_spitx/runs/triage-f24-affected/
13-openroad-floorplan/tr1um_spitx.def                                           
[INFO ODB-0128] Design: tr1um_spitx                                             
[INFO ODB-0130]     Created 16 pins.                                            
[INFO ODB-0131]     Created 74 components and 405 component-terminals.          
[INFO ODB-0132]     Created 2 special nets and 148 connections.                 
[INFO ODB-0133]     Created 98 nets and 257 connections.                        
[INFO ODB-0134] Finished DEF file:                                              
/Users/yanlu/Documents/TR-1um/flow/designs/tr1um_spitx/runs/triage-f24-affected/
13-openroad-floorplan/tr1um_spitx.def                                           
──────────────────────────── Set Power Connections ─────────────────────────────
[17:20:57] VERBOSE  Running 'Odb.SetPowerConnections' at            step.py:1138
                    'runs/triage-f24-affected/15-odb-setpowerconnec             
                    tions'…                                                     
[17:20:57] VERBOSE  Logging subprocess to                           step.py:1338
                    'runs/triage-f24-affected/15-odb-setpowerconnec             
                    tions/odb-setpowerconnections.log'…                         
──────────────────────────── Manual Macro Placement ────────────────────────────
[17:20:57] VERBOSE  Running 'Odb.ManualMacroPlacement' at           step.py:1138
                    'runs/triage-f24-affected/16-odb-manualmacropla             
                    cement'…                                                    
[17:20:57] INFO     No instances found, skipping                      odb.py:468
                    'Odb.ManualMacroPlacement'…                                 
─────────────────────────────────── Cut Rows ───────────────────────────────────
[17:20:57] VERBOSE  Running 'OpenROAD.CutRows' at                   step.py:1138
                    'runs/triage-f24-affected/17-openroad-cutrows'…             
[17:20:57] VERBOSE  Logging subprocess to                           step.py:1338
                    'runs/triage-f24-affected/17-openroad-cutrows/o             
                    penroad-cutrows.log'…                                       
Reading timing models for corner nom_typ_5p0V_25C…                              
Reading timing library for the 'nom_typ_5p0V_25C' corner at                     
'/Users/yanlu/Documents/TR-1um/flow/pdk_root/TR-1um/libs.ref/TR-1um_stdcell_acce
ss/lib/TR-1um_stdcell_access_typ_5p0V_25C.lib'…                                 
Reading OpenROAD database at                                                    
'/Users/yanlu/Documents/TR-1um/flow/designs/tr1um_spitx/runs/triage-f24-affected
/15-odb-setpowerconnections/tr1um_spitx.odb'…                                   
Reading design constraints file at                                              
'/Users/yanlu/Documents/TR-1um/flow/designs/tr1um_spitx/constraints.sdc'…       
[17:20:57] WARNING  [STA-0441] set_input_delay relative to a     openroad.py:314
                    clock defined on the same port/pin not                      
                    allowed.                                                    
[INFO] No information on clock propagation in input SDC file-- propagating all  
clocks.                                                                         
+ cut_rows -halo_width_x 10.0 -halo_width_y 10.0                                
Setting global connections for newly added cells…                               
[INFO] Setting global connections...                                            
[INFO ODB-0403] 0 connections made, 0 conflicts skipped.                        
Updating metrics…                                                               
Cell type report:                       Count       Area                        
  Inverter                                  4    8799.84                        
  Sequential cell                          14  106475.04                        
  Multi-Input combinational cell           56  142392.60                        
  Total                                    74  257667.48                        
Writing OpenROAD database to                                                    
'/Users/yanlu/Documents/TR-1um/flow/designs/tr1um_spitx/runs/triage-f24-affected
/17-openroad-cutrows/tr1um_spitx.odb'…                                          
Writing layout to                                                               
'/Users/yanlu/Documents/TR-1um/flow/designs/tr1um_spitx/runs/triage-f24-affected
/17-openroad-cutrows/tr1um_spitx.def'…                                          
───────────────────────────── Tap/Decap Insertion ──────────────────────────────
[17:20:57] VERBOSE  Running 'OpenROAD.TapEndcapInsertion' at        step.py:1138
                    'runs/triage-f24-affected/18-openroad-tapendcap             
                    insertion'…                                                 
[17:20:58] VERBOSE  Logging subprocess to                           step.py:1338
                    'runs/triage-f24-affected/18-openroad-tapendcap             
                    insertion/openroad-tapendcapinsertion.log'…                 
Reading timing models for corner nom_typ_5p0V_25C…                              
Reading timing library for the 'nom_typ_5p0V_25C' corner at                     
'/Users/yanlu/Documents/TR-1um/flow/pdk_root/TR-1um/libs.ref/TR-1um_stdcell_acce
ss/lib/TR-1um_stdcell_access_typ_5p0V_25C.lib'…                                 
Reading OpenROAD database at                                                    
'/Users/yanlu/Documents/TR-1um/flow/designs/tr1um_spitx/runs/triage-f24-affected
/17-openroad-cutrows/tr1um_spitx.odb'…                                          
Reading design constraints file at                                              
'/Users/yanlu/Documents/TR-1um/flow/designs/tr1um_spitx/constraints.sdc'…       
[17:20:58] WARNING  [STA-0441] set_input_delay relative to a     openroad.py:314
                    clock defined on the same port/pin not                      
                    allowed.                                                    
[INFO] No information on clock propagation in input SDC file-- propagating all  
clocks.                                                                         
+ tapcell -halo_width_x 10.0 -halo_width_y 10.0                                 
Setting global connections for newly added cells…                               
[INFO] Setting global connections...                                            
[INFO ODB-0403] 0 connections made, 0 conflicts skipped.                        
Updating metrics…                                                               
Cell type report:                       Count       Area                        
  Inverter                                  4    8799.84                        
  Sequential cell                          14  106475.04                        
  Multi-Input combinational cell           56  142392.60                        
  Total                                    74  257667.48                        
Writing OpenROAD database to                                                    
'/Users/yanlu/Documents/TR-1um/flow/designs/tr1um_spitx/runs/triage-f24-affected
/18-openroad-tapendcapinsertion/tr1um_spitx.odb'…                               
Writing netlist to                                                              
'/Users/yanlu/Documents/TR-1um/flow/designs/tr1um_spitx/runs/triage-f24-affected
/18-openroad-tapendcapinsertion/tr1um_spitx.nl.v'…                              
Writing powered netlist to                                                      
'/Users/yanlu/Documents/TR-1um/flow/designs/tr1um_spitx/runs/triage-f24-affected
/18-openroad-tapendcapinsertion/tr1um_spitx.pnl.v'…                             
Writing layout to                                                               
'/Users/yanlu/Documents/TR-1um/flow/designs/tr1um_spitx/runs/triage-f24-affected
/18-openroad-tapendcapinsertion/tr1um_spitx.def'…                               
Writing timing constraints to                                                   
'/Users/yanlu/Documents/TR-1um/flow/designs/tr1um_spitx/runs/triage-f24-affected
/18-openroad-tapendcapinsertion/tr1um_spitx.sdc'…                               
───────────────────────────── Add PDN obstructions ─────────────────────────────
[17:20:58] VERBOSE  Running 'Odb.AddPDNObstructions' at             step.py:1138
                    'runs/triage-f24-affected/19-odb-addpdnobstruct             
                    ions'…                                                      
[17:20:58] INFO     'PDN_OBSTRUCTIONS' is not defined. Skipping       odb.py:589
                    'Odb.AddPDNObstructions'…                                   
[17:20:58] INFO     Gating variable for step                   sequential.py:362
                    'OpenROAD.GeneratePDN' set to 'False'- the                  
                    step will be skipped.                                       
[17:20:58] INFO     Skipping step 'Generate PDN'…              sequential.py:370
─────────────────────────── Remove PDN obstructions ────────────────────────────
[17:20:58] VERBOSE  Running 'Odb.RemovePDNObstructions' at          step.py:1138
                    'runs/triage-f24-affected/20-odb-removepdnobstr             
                    uctions'…                                                   
[17:20:58] INFO     'PDN_OBSTRUCTIONS' is not defined. Skipping       odb.py:589
                    'Odb.RemovePDNObstructions'…                                
─────────────────────────────── Add Obstructions ───────────────────────────────
[17:20:58] VERBOSE  Running 'Odb.AddRoutingObstructions' at         step.py:1138
                    'runs/triage-f24-affected/21-odb-addroutingobst             
                    ructions'…                                                  
[17:20:58] INFO     'ROUTING_OBSTRUCTIONS' is not defined. Skipping   odb.py:589
                    'Odb.AddRoutingObstructions'…                               
─────────────────────────── Global Placement Skip IO ───────────────────────────
[17:20:58] VERBOSE  Running 'OpenROAD.GlobalPlacementSkipIO' at     step.py:1138
                    'runs/triage-f24-affected/22-openroad-globalpla             
                    cementskipio'…                                              
[17:20:58] INFO     I/O pins to be placed from                  openroad.py:1665
                    /Users/yanlu/Documents/TR-1um/flow/designs/                 
                    tr1um_spitx/pin_order.cfg. Returning state                  
                    unaltered…                                                  
──────────────────────────────── I/O Placement ─────────────────────────────────
[17:20:58] VERBOSE  Running 'OpenROAD.IOPlacement' at               step.py:1138
                    'runs/triage-f24-affected/23-openroad-ioplaceme             
                    nt'…                                                        
[17:20:58] INFO     IO_PIN_ORDER_CFG is set. Skipping           openroad.py:1355
                    'OpenROAD.IOPlacement'…                                     
─────────────────────── Custom I/O Pin Placement Script ────────────────────────
[17:20:58] VERBOSE  Running 'Odb.CustomIOPlacement' at              step.py:1138
                    'runs/triage-f24-affected/24-odb-customioplacem             
                    ent'…                                                       
[17:20:58] VERBOSE  Logging subprocess to                           step.py:1338
                    'runs/triage-f24-affected/24-odb-customioplacem             
                    ent/odb-customioplacement.log'…                             
Top-level design name: tr1um_spitx                                              
Block boundaries: 0 0 2400000 2200000                                           
Horizontal Tracks Origin: 2700, Count: 407, Step: 5400                          
Vertical Tracks Origin: 2700, Count: 444, Step: 5400                            
Placement details for the N side                                                
Virtual pin count:  0                                                           
Actual pin count:  10                                                           
Total pin count:  10                                                            
Tracks count:  222                                                              
Tracks per pin:  22                                                             
Used tracks count:  199                                                         
Unused track count:  23                                                         
Starting track index:  11                                                       
Placement details for the E side                                                
Virtual pin count:  0                                                           
Actual pin count:  4                                                            
Total pin count:  4                                                             
Tracks count:  407                                                              
Tracks per pin:  101                                                            
Used tracks count:  304                                                         
Unused track count:  103                                                        
Starting track index:  51                                                       
Placement details for the S side                                                
Virtual pin count:  0                                                           
Actual pin count:  2                                                            
Total pin count:  2                                                             
Tracks count:  222                                                              
Tracks per pin:  111                                                            
Used tracks count:  112                                                         
Unused track count:  110                                                        
Starting track index:  55                                                       
────────────────────────────── Apply DEF Template ──────────────────────────────
[17:20:58] VERBOSE  Running 'Odb.ApplyDEFTemplate' at               step.py:1138
                    'runs/triage-f24-affected/25-odb-applydeftempla             
                    te'…                                                        
[17:20:58] INFO     No DEF template provided, skipping                odb.py:302
                    'Odb.ApplyDEFTemplate'…                                     
─────────────────────────────── Global Placement ───────────────────────────────
[17:20:58] VERBOSE  Running 'OpenROAD.GlobalPlacement' at           step.py:1138
                    'runs/triage-f24-affected/26-openroad-globalpla             
                    cement'…                                                    
[17:20:58] VERBOSE  Logging subprocess to                           step.py:1338
                    'runs/triage-f24-affected/26-openroad-globalpla             
                    cement/openroad-globalplacement.log'…                       
Reading timing models for corner nom_typ_5p0V_25C…                              
Reading timing library for the 'nom_typ_5p0V_25C' corner at                     
'/Users/yanlu/Documents/TR-1um/flow/pdk_root/TR-1um/libs.ref/TR-1um_stdcell_acce
ss/lib/TR-1um_stdcell_access_typ_5p0V_25C.lib'…                                 
Reading OpenROAD database at                                                    
'/Users/yanlu/Documents/TR-1um/flow/designs/tr1um_spitx/runs/triage-f24-affected
/24-odb-customioplacement/tr1um_spitx.odb'…                                     
Reading design constraints file at                                              
'/Users/yanlu/Documents/TR-1um/flow/designs/tr1um_spitx/constraints.sdc'…       
[17:20:59] WARNING  [STA-0441] set_input_delay relative to a     openroad.py:314
                    clock defined on the same port/pin not                      
                    allowed.                                                    
[INFO] No information on clock propagation in input SDC file-- propagating all  
clocks.                                                                         
[INFO] Using access-cell manual placement instead of RePlAce                    
[INFO] TR-1um access placement: 74 cells centered across 13 sparse R0 rows      
Setting global connections for newly added cells…                               
[INFO] Setting global connections...                                            
[INFO ODB-0403] 0 connections made, 0 conflicts skipped.                        
Updating metrics…                                                               
Cell type report:                       Count       Area                        
  Inverter                                  4    8799.84                        
  Sequential cell                          14  106475.04                        
  Multi-Input combinational cell           56  142392.60                        
  Total                                    74  257667.48                        
Writing OpenROAD database to                                                    
'/Users/yanlu/Documents/TR-1um/flow/designs/tr1um_spitx/runs/triage-f24-affected
/26-openroad-globalplacement/tr1um_spitx.odb'…                                  
Writing netlist to                                                              
'/Users/yanlu/Documents/TR-1um/flow/designs/tr1um_spitx/runs/triage-f24-affected
/26-openroad-globalplacement/tr1um_spitx.nl.v'…                                 
Writing powered netlist to                                                      
'/Users/yanlu/Documents/TR-1um/flow/designs/tr1um_spitx/runs/triage-f24-affected
/26-openroad-globalplacement/tr1um_spitx.pnl.v'…                                
Writing layout to                                                               
'/Users/yanlu/Documents/TR-1um/flow/designs/tr1um_spitx/runs/triage-f24-affected
/26-openroad-globalplacement/tr1um_spitx.def'…                                  
Writing timing constraints to                                                   
'/Users/yanlu/Documents/TR-1um/flow/designs/tr1um_spitx/runs/triage-f24-affected
/26-openroad-globalplacement/tr1um_spitx.sdc'…                                  
───────────────────────────── Write Verilog Header ─────────────────────────────
[17:20:59] VERBOSE  Running 'Odb.WriteVerilogHeader' at             step.py:1138
                    'runs/triage-f24-affected/27-odb-writeveriloghe             
                    ader'…                                                      
[17:20:59] VERBOSE  Logging subprocess to                           step.py:1338
                    'runs/triage-f24-affected/27-odb-writeveriloghe             
                    ader/odb-writeverilogheader.log'…                           
───────────────────────── Power Grid Violation Checker ─────────────────────────
[17:20:59] VERBOSE  Running 'Checker.PowerGridViolations' at        step.py:1138
                    'runs/triage-f24-affected/28-checker-powergridv             
                    iolations'…                                                 
[17:20:59] WARNING  The power grid violations (as reported by     checker.py:133
                    OpenROAD PSM- you may ignore these if LVS                   
                    passes) metric was not found. Are you sure                  
                    the relevant step was run?                                  
─────────────────────── Static Timing Analysis (Mid-PnR) ───────────────────────
[17:20:59] VERBOSE  Running 'OpenROAD.STAMidPNR' at                 step.py:1138
                    'runs/triage-f24-affected/29-openroad-stamidpnr             
                    '…                                                          
[17:20:59] VERBOSE  Logging subprocess to                           step.py:1338
                    'runs/triage-f24-affected/29-openroad-stamidpnr             
                    /openroad-stamidpnr.log'…                                   
Reading timing models for corner nom_typ_5p0V_25C…                              
Reading timing library for the 'nom_typ_5p0V_25C' corner at                     
'/Users/yanlu/Documents/TR-1um/flow/pdk_root/TR-1um/libs.ref/TR-1um_stdcell_acce
ss/lib/TR-1um_stdcell_access_typ_5p0V_25C.lib'…                                 
Reading OpenROAD database at                                                    
'/Users/yanlu/Documents/TR-1um/flow/designs/tr1um_spitx/runs/triage-f24-affected
/26-openroad-globalplacement/tr1um_spitx.odb'…                                  
Reading design constraints file at                                              
'/Users/yanlu/Documents/TR-1um/flow/designs/tr1um_spitx/constraints.sdc'…       
[17:21:00] WARNING  [STA-0441] set_input_delay relative to a     openroad.py:314
                    clock defined on the same port/pin not                      
                    allowed.                                                    
[INFO] No information on clock propagation in input SDC file-- propagating all  
clocks.                                                                         
[17:21:00] INFO     Gating variable for step                   sequential.py:362
                    'OpenROAD.RepairDesignPostGPL' set to                       
                    'False'- the step will be skipped.                          
[17:21:00] INFO     Skipping step 'Repair Design (Post-Global  sequential.py:370
                    Placement)'…                                                
─────────────────────────── Manual Global Placement ────────────────────────────
[17:21:00] VERBOSE  Running 'Odb.ManualGlobalPlacement' at          step.py:1138
                    'runs/triage-f24-affected/30-odb-manualglobalpl             
                    acement'…                                                   
[17:21:00] INFO     'MANUAL_GLOBAL_PLACEMENTS' not set. Skipping     odb.py:1031
                    'Odb.ManualGlobalPlacement'…                                
────────────────────────────── Detailed Placement ──────────────────────────────
[17:21:00] VERBOSE  Running 'OpenROAD.DetailedPlacement' at         step.py:1138
                    'runs/triage-f24-affected/31-openroad-detailedp             
                    lacement'…                                                  
[17:21:00] VERBOSE  Logging subprocess to                           step.py:1338
                    'runs/triage-f24-affected/31-openroad-detailedp             
                    lacement/openroad-detailedplacement.log'…                   
Reading timing models for corner nom_typ_5p0V_25C…                              
Reading timing library for the 'nom_typ_5p0V_25C' corner at                     
'/Users/yanlu/Documents/TR-1um/flow/pdk_root/TR-1um/libs.ref/TR-1um_stdcell_acce
ss/lib/TR-1um_stdcell_access_typ_5p0V_25C.lib'…                                 
Reading OpenROAD database at                                                    
'/Users/yanlu/Documents/TR-1um/flow/designs/tr1um_spitx/runs/triage-f24-affected
/26-openroad-globalplacement/tr1um_spitx.odb'…                                  
Reading design constraints file at                                              
'/Users/yanlu/Documents/TR-1um/flow/designs/tr1um_spitx/constraints.sdc'…       
[17:21:00] WARNING  [STA-0441] set_input_delay relative to a     openroad.py:314
                    clock defined on the same port/pin not                      
                    allowed.                                                    
[INFO] No information on clock propagation in input SDC file-- propagating all  
clocks.                                                                         
+ detailed_placement -max_displacement  500 100                                 
Placement Analysis                                                              
---------------------------------                                               
total displacement          0.0 u                                               
average displacement        0.0 u                                               
max displacement            0.0 u                                               
original HPWL           92677.9 u                                               
legalized HPWL          92677.9 u                                               
delta HPWL                    0 %                                               
                                                                                
Setting global connections for newly added cells…                               
[INFO] Setting global connections...                                            
[INFO ODB-0403] 0 connections made, 0 conflicts skipped.                        
Updating metrics…                                                               
Cell type report:                       Count       Area                        
  Inverter                                  4    8799.84                        
  Sequential cell                          14  106475.04                        
  Multi-Input combinational cell           56  142392.60                        
  Total                                    74  257667.48                        
Writing OpenROAD database to                                                    
'/Users/yanlu/Documents/TR-1um/flow/designs/tr1um_spitx/runs/triage-f24-affected
/31-openroad-detailedplacement/tr1um_spitx.odb'…                                
Writing netlist to                                                              
'/Users/yanlu/Documents/TR-1um/flow/designs/tr1um_spitx/runs/triage-f24-affected
/31-openroad-detailedplacement/tr1um_spitx.nl.v'…                               
Writing powered netlist to                                                      
'/Users/yanlu/Documents/TR-1um/flow/designs/tr1um_spitx/runs/triage-f24-affected
/31-openroad-detailedplacement/tr1um_spitx.pnl.v'…                              
Writing layout to                                                               
'/Users/yanlu/Documents/TR-1um/flow/designs/tr1um_spitx/runs/triage-f24-affected
/31-openroad-detailedplacement/tr1um_spitx.def'…                                
Writing timing constraints to                                                   
'/Users/yanlu/Documents/TR-1um/flow/designs/tr1um_spitx/runs/triage-f24-affected
/31-openroad-detailedplacement/tr1um_spitx.sdc'…                                
[17:21:00] INFO     Gating variable for step 'OpenROAD.CTS'    sequential.py:362
                    set to 'False'- the step will be skipped.                   
[17:21:00] INFO     Skipping step 'Clock Tree Synthesis'…      sequential.py:370
─────────────────────── Static Timing Analysis (Mid-PnR) ───────────────────────
[17:21:00] VERBOSE  Running 'OpenROAD.STAMidPNR-1' at               step.py:1138
                    'runs/triage-f24-affected/32-openroad-stamidpnr             
                    -1'…                                                        
[17:21:00] VERBOSE  Logging subprocess to                           step.py:1338
                    'runs/triage-f24-affected/32-openroad-stamidpnr             
                    -1/openroad-stamidpnr-1.log'…                               
Reading timing models for corner nom_typ_5p0V_25C…                              
Reading timing library for the 'nom_typ_5p0V_25C' corner at                     
'/Users/yanlu/Documents/TR-1um/flow/pdk_root/TR-1um/libs.ref/TR-1um_stdcell_acce
ss/lib/TR-1um_stdcell_access_typ_5p0V_25C.lib'…                                 
Reading OpenROAD database at                                                    
'/Users/yanlu/Documents/TR-1um/flow/designs/tr1um_spitx/runs/triage-f24-affected
/31-openroad-detailedplacement/tr1um_spitx.odb'…                                
Reading design constraints file at                                              
'/Users/yanlu/Documents/TR-1um/flow/designs/tr1um_spitx/constraints.sdc'…       
[17:21:00] WARNING  [STA-0441] set_input_delay relative to a     openroad.py:314
                    clock defined on the same port/pin not                      
                    allowed.                                                    
[INFO] No information on clock propagation in input SDC file-- propagating all  
clocks.                                                                         
─────────── Resizer Timing Optimizations (Post-Clock Tree Synthesis) ───────────
[17:21:01] VERBOSE  Running 'OpenROAD.ResizerTimingPostCTS' at      step.py:1138
                    'runs/triage-f24-affected/33-openroad-resizerti             
                    mingpostcts'…                                               
[17:21:01] VERBOSE  Logging subprocess to                           step.py:1338
                    'runs/triage-f24-affected/33-openroad-resizerti             
                    mingpostcts/openroad-resizertimingpostcts.log'…             
Reading timing models for corner nom_typ_5p0V_25C…                              
Reading timing library for the 'nom_typ_5p0V_25C' corner at                     
'/Users/yanlu/Documents/TR-1um/flow/pdk_root/TR-1um/libs.ref/TR-1um_stdcell_acce
ss/lib/TR-1um_stdcell_access_typ_5p0V_25C.lib'…                                 
Reading OpenROAD database at                                                    
'/Users/yanlu/Documents/TR-1um/flow/designs/tr1um_spitx/runs/triage-f24-affected
/31-openroad-detailedplacement/tr1um_spitx.odb'…                                
Reading design constraints file at                                              
'/Users/yanlu/Documents/TR-1um/flow/designs/tr1um_spitx/constraints.sdc'…       
[17:21:01] WARNING  [STA-0441] set_input_delay relative to a     openroad.py:314
                    clock defined on the same port/pin not                      
                    allowed.                                                    
[INFO] No information on clock propagation in input SDC file-- propagating all  
clocks.                                                                         
+ repair_timing -verbose -setup -setup_margin                                   
0.05000000000000000277555756156289135105907917022705078125 -max_buffer_percent  
50.0                                                                            
[INFO RSZ-0100] Repair move sequence: UnbufferMove SizeUpMove SwapPinsMove      
BufferMove CloneMove SplitLoadMove                                              
[INFO RSZ-0098] No setup violations found                                       
+ repair_timing -verbose -hold -setup_margin                                    
0.05000000000000000277555756156289135105907917022705078125 -hold_margin         
0.1000000000000000055511151231257827021181583404541015625 -max_buffer_percent   
100.0                                                                           
[INFO RSZ-0033] No hold violations found.                                       
+ detailed_placement -max_displacement  500 100                                 
Placement Analysis                                                              
---------------------------------                                               
total displacement          0.0 u                                               
average displacement        0.0 u                                               
max displacement            0.0 u                                               
original HPWL           92677.9 u                                               
legalized HPWL          92677.9 u                                               
delta HPWL                    0 %                                               
                                                                                
Setting global connections for newly added cells…                               
[INFO] Setting global connections...                                            
[INFO ODB-0403] 0 connections made, 0 conflicts skipped.                        
Updating metrics…                                                               
Cell type report:                       Count       Area                        
  Inverter                                  4    8799.84                        
  Sequential cell                          14  106475.04                        
  Multi-Input combinational cell           56  142392.60                        
  Total                                    74  257667.48                        
Writing OpenROAD database to                                                    
'/Users/yanlu/Documents/TR-1um/flow/designs/tr1um_spitx/runs/triage-f24-affected
/33-openroad-resizertimingpostcts/tr1um_spitx.odb'…                             
Writing netlist to                                                              
'/Users/yanlu/Documents/TR-1um/flow/designs/tr1um_spitx/runs/triage-f24-affected
/33-openroad-resizertimingpostcts/tr1um_spitx.nl.v'…                            
Writing powered netlist to                                                      
'/Users/yanlu/Documents/TR-1um/flow/designs/tr1um_spitx/runs/triage-f24-affected
/33-openroad-resizertimingpostcts/tr1um_spitx.pnl.v'…                           
Writing layout to                                                               
'/Users/yanlu/Documents/TR-1um/flow/designs/tr1um_spitx/runs/triage-f24-affected
/33-openroad-resizertimingpostcts/tr1um_spitx.def'…                             
Writing timing constraints to                                                   
'/Users/yanlu/Documents/TR-1um/flow/designs/tr1um_spitx/runs/triage-f24-affected
/33-openroad-resizertimingpostcts/tr1um_spitx.sdc'…                             
─────────────────────── Static Timing Analysis (Mid-PnR) ───────────────────────
[17:21:01] VERBOSE  Running 'OpenROAD.STAMidPNR-2' at               step.py:1138
                    'runs/triage-f24-affected/34-openroad-stamidpnr             
                    -2'…                                                        
[17:21:01] VERBOSE  Logging subprocess to                           step.py:1338
                    'runs/triage-f24-affected/34-openroad-stamidpnr             
                    -2/openroad-stamidpnr-2.log'…                               
Reading timing models for corner nom_typ_5p0V_25C…                              
Reading timing library for the 'nom_typ_5p0V_25C' corner at                     
'/Users/yanlu/Documents/TR-1um/flow/pdk_root/TR-1um/libs.ref/TR-1um_stdcell_acce
ss/lib/TR-1um_stdcell_access_typ_5p0V_25C.lib'…                                 
Reading OpenROAD database at                                                    
'/Users/yanlu/Documents/TR-1um/flow/designs/tr1um_spitx/runs/triage-f24-affected
/33-openroad-resizertimingpostcts/tr1um_spitx.odb'…                             
Reading design constraints file at                                              
'/Users/yanlu/Documents/TR-1um/flow/designs/tr1um_spitx/constraints.sdc'…       
[17:21:01] WARNING  [STA-0441] set_input_delay relative to a     openroad.py:314
                    clock defined on the same port/pin not                      
                    allowed.                                                    
[INFO] No information on clock propagation in input SDC file-- propagating all  
clocks.                                                                         
──────────────────────────────── Global Routing ────────────────────────────────
[17:21:01] VERBOSE  Running 'OpenROAD.GlobalRouting' at             step.py:1138
                    'runs/triage-f24-affected/35-openroad-globalrou             
                    ting'…                                                      
[17:21:01] VERBOSE  Logging subprocess to                           step.py:1338
                    'runs/triage-f24-affected/35-openroad-globalrou             
                    ting/openroad-globalrouting.log'…                           
Reading timing models for corner nom_typ_5p0V_25C…                              
Reading timing library for the 'nom_typ_5p0V_25C' corner at                     
'/Users/yanlu/Documents/TR-1um/flow/pdk_root/TR-1um/libs.ref/TR-1um_stdcell_acce
ss/lib/TR-1um_stdcell_access_typ_5p0V_25C.lib'…                                 
Reading OpenROAD database at                                                    
'/Users/yanlu/Documents/TR-1um/flow/designs/tr1um_spitx/runs/triage-f24-affected
/33-openroad-resizertimingpostcts/tr1um_spitx.odb'…                             
Reading design constraints file at                                              
'/Users/yanlu/Documents/TR-1um/flow/designs/tr1um_spitx/constraints.sdc'…       
[17:21:02] WARNING  [STA-0441] set_input_delay relative to a     openroad.py:314
                    clock defined on the same port/pin not                      
                    allowed.                                                    
[INFO] No information on clock propagation in input SDC file-- propagating all  
clocks.                                                                         
[INFO] Setting signal min routing layer to: M1 and clock min routing layer to   
M1.                                                                             
[INFO] Setting signal max routing layer to: M2 and clock max routing layer to   
M2.                                                                             
+ global_route -congestion_iterations 0 -verbose -allow_congestion              
[INFO GRT-0020] Min routing layer: M1                                           
[INFO GRT-0021] Max routing layer: M2                                           
[INFO GRT-0022] Global adjustment: 30%                                          
[INFO GRT-0023] Grid origin: (0, 0)                                             
[INFO GRT-0088] Layer M1      Track-Pitch = 5.4000  line-2-Via Pitch: 4.0000    
[INFO GRT-0088] Layer M2      Track-Pitch = 5.4000  line-2-Via Pitch: 5.2000    
[INFO GRT-0003] Macros: 0                                                       
[INFO GRT-0004] Blockages: 519                                                  
[INFO GRT-0019] Found 1 clock nets.                                             
[INFO GRT-0001] Minimum degree: 2                                               
[INFO GRT-0002] Maximum degree: 15                                              
                                                                                
[INFO GRT-0053] Routing resources analysis:                                     
          Routing      Original      Derated      Resource                      
Layer     Direction    Resources     Resources    Reduction (%)                 
---------------------------------------------------------------                 
M1         Horizontal      10368          6874          33.70%                  
M2         Vertical        11213          7480          33.29%                  
---------------------------------------------------------------                 
                                                                                
[INFO GRT-0197] Via related to pin nodes: 123                                   
[INFO GRT-0198] Via related Steiner nodes: 12                                   
[INFO GRT-0199] Via filling finished.                                           
[INFO GRT-0111] Final number of vias: 310                                       
[INFO GRT-0112] Final usage 3D: 2131                                            
                                                                                
[INFO GRT-0096] Final congestion report:                                        
Layer         Resource        Demand        Usage (%)    Max H / Max V / Total  
Overflow                                                                        
--------------------------------------------------------------------------------
-------                                                                         
M1                6874           470            6.84%             0 /  0 /  0   
M2                7480           731            9.77%             0 /  0 /  0   
--------------------------------------------------------------------------------
-------                                                                         
Total            14354          1201            8.37%             0 /  0 /  0   
                                                                                
[INFO GRT-0018] Total wirelength: 121824 um                                     
[INFO GRT-0014] Routed nets: 86                                                 
[INFO GRT-0303] Global routing runtime = 00:00:00                               
Setting global connections for newly added cells…                               
[INFO] Setting global connections...                                            
[INFO ODB-0403] 0 connections made, 0 conflicts skipped.                        
Updating metrics…                                                               
Cell type report:                       Count       Area                        
  Inverter                                  4    8799.84                        
  Sequential cell                          14  106475.04                        
  Multi-Input combinational cell           56  142392.60                        
  Total                                    74  257667.48                        
Writing OpenROAD database to                                                    
'/Users/yanlu/Documents/TR-1um/flow/designs/tr1um_spitx/runs/triage-f24-affected
/35-openroad-globalrouting/tr1um_spitx.odb'…                                    
Writing layout to                                                               
'/Users/yanlu/Documents/TR-1um/flow/designs/tr1um_spitx/runs/triage-f24-affected
/35-openroad-globalrouting/tr1um_spitx.def'…                                    
──────────────────────────────── Check Antennas ────────────────────────────────
[17:21:02] VERBOSE  Running 'OpenROAD.CheckAntennas' at             step.py:1138
                    'runs/triage-f24-affected/36-openroad-checkante             
                    nnas'…                                                      
[17:21:02] VERBOSE  Logging subprocess to                           step.py:1338
                    'runs/triage-f24-affected/36-openroad-checkante             
                    nnas/openroad-checkantennas.log'…                           
Reading timing models for corner nom_typ_5p0V_25C…                              
Reading timing library for the 'nom_typ_5p0V_25C' corner at                     
'/Users/yanlu/Documents/TR-1um/flow/pdk_root/TR-1um/libs.ref/TR-1um_stdcell_acce
ss/lib/TR-1um_stdcell_access_typ_5p0V_25C.lib'…                                 
Reading OpenROAD database at                                                    
'/Users/yanlu/Documents/TR-1um/flow/designs/tr1um_spitx/runs/triage-f24-affected
/35-openroad-globalrouting/tr1um_spitx.odb'…                                    
Reading design constraints file at                                              
'/Users/yanlu/Documents/TR-1um/flow/designs/tr1um_spitx/constraints.sdc'…       
[17:21:02] WARNING  [STA-0441] set_input_delay relative to a     openroad.py:314
                    clock defined on the same port/pin not                      
                    allowed.                                                    
[INFO] No information on clock propagation in input SDC file-- propagating all  
clocks.                                                                         
[17:21:02] INFO     Gating variable for step                   sequential.py:362
                    'OpenROAD.RepairDesignPostGRT' set to                       
                    'False'- the step will be skipped.                          
[17:21:02] INFO     Skipping step 'Repair Design (Post-Global  sequential.py:370
                    Routing)'…                                                  
────────────────────── Diodes on Ports Protection Routine ──────────────────────
[17:21:02] VERBOSE  Running 'Odb.DiodesOnPorts' at                  step.py:1138
                    'runs/triage-f24-affected/37-odb-diodesonports'             
                    …                                                           
[17:21:02] INFO     'DIODE_ON_PORTS' is set to 'none': skipping       odb.py:820
                    'Odb.DiodesOnPorts'…                                        
[17:21:02] INFO     Gating variable for step                   sequential.py:362
                    'Odb.HeuristicDiodeInsertion' set to                        
                    'False'- the step will be skipped.                          
[17:21:02] INFO     Skipping step 'Heuristic Diode Insertion'… sequential.py:370
[17:21:02] INFO     Gating variable for step                   sequential.py:362
                    'OpenROAD.RepairAntennas' set to 'False'-                   
                    the step will be skipped.                                   
[17:21:02] INFO     Skipping step 'Antenna Repair'…            sequential.py:370
[17:21:02] INFO     Gating variable for step                   sequential.py:362
                    'OpenROAD.ResizerTimingPostGRT' set to                      
                    'False'- the step will be skipped.                          
[17:21:02] INFO     Skipping step 'Resizer Timing              sequential.py:370
                    Optimizations (Post-Global Routing)'…                       
─────────────────────── Static Timing Analysis (Mid-PnR) ───────────────────────
[17:21:02] VERBOSE  Running 'OpenROAD.STAMidPNR-3' at               step.py:1138
                    'runs/triage-f24-affected/38-openroad-stamidpnr             
                    -3'…                                                        
[17:21:02] VERBOSE  Logging subprocess to                           step.py:1338
                    'runs/triage-f24-affected/38-openroad-stamidpnr             
                    -3/openroad-stamidpnr-3.log'…                               
Reading timing models for corner nom_typ_5p0V_25C…                              
Reading timing library for the 'nom_typ_5p0V_25C' corner at                     
'/Users/yanlu/Documents/TR-1um/flow/pdk_root/TR-1um/libs.ref/TR-1um_stdcell_acce
ss/lib/TR-1um_stdcell_access_typ_5p0V_25C.lib'…                                 
Reading OpenROAD database at                                                    
'/Users/yanlu/Documents/TR-1um/flow/designs/tr1um_spitx/runs/triage-f24-affected
/35-openroad-globalrouting/tr1um_spitx.odb'…                                    
Reading design constraints file at                                              
'/Users/yanlu/Documents/TR-1um/flow/designs/tr1um_spitx/constraints.sdc'…       
[17:21:03] WARNING  [STA-0441] set_input_delay relative to a     openroad.py:314
                    clock defined on the same port/pin not                      
                    allowed.                                                    
[INFO] No information on clock propagation in input SDC file-- propagating all  
clocks.                                                                         
─────────────────────────────── Detailed Routing ───────────────────────────────
[17:21:03] VERBOSE  Running 'OpenROAD.DetailedRouting' at           step.py:1138
                    'runs/triage-f24-affected/39-openroad-detailedr             
                    outing'…                                                    
[17:21:03] INFO     Running TritonRoute with 6 threads…         openroad.py:2016
[17:21:03] VERBOSE  Logging subprocess to                           step.py:1338
                    'runs/triage-f24-affected/39-openroad-detailedr             
                    outing/openroad-detailedrouting.log'…                       
Reading timing models for corner nom_typ_5p0V_25C…                              
Reading timing library for the 'nom_typ_5p0V_25C' corner at                     
'/Users/yanlu/Documents/TR-1um/flow/pdk_root/TR-1um/libs.ref/TR-1um_stdcell_acce
ss/lib/TR-1um_stdcell_access_typ_5p0V_25C.lib'…                                 
Reading OpenROAD database at                                                    
'/Users/yanlu/Documents/TR-1um/flow/designs/tr1um_spitx/runs/triage-f24-affected
/35-openroad-globalrouting/tr1um_spitx.odb'…                                    
Reading design constraints file at                                              
'/Users/yanlu/Documents/TR-1um/flow/designs/tr1um_spitx/constraints.sdc'…       
[17:21:03] WARNING  [STA-0441] set_input_delay relative to a     openroad.py:314
                    clock defined on the same port/pin not                      
                    allowed.                                                    
[INFO] No information on clock propagation in input SDC file-- propagating all  
clocks.                                                                         
[INFO ORD-0030] Using 6 thread(s).                                              
+ detailed_route -droute_end_iter 64 -or_seed 7 -verbose 1 -drc_report_iter_step
1 -output_drc                                                                   
/Users/yanlu/Documents/TR-1um/flow/designs/tr1um_spitx/runs/triage-f24-affected/
39-openroad-detailedrouting/drt-run-0/tr1um_spitx.drc                           
[INFO DRT-0149] Reading tech and libs.                                          
                                                                                
Units:                1000                                                      
Number of layers:     5                                                         
Number of macros:     41                                                        
Number of vias:       1                                                         
Number of viarulegen: 0                                                         
                                                                                
[INFO DRT-0150] Reading design.                                                 
                                                                                
Design:                   tr1um_spitx                                           
Die area:                 ( 0 0 ) ( 2400000 2200000 )                           
Number of track patterns: 4                                                     
Number of DEF vias:       0                                                     
Number of components:     74                                                    
Number of terminals:      16                                                    
Number of snets:          2                                                     
Number of nets:           98                                                    
                                                                                
[INFO DRT-0167] List of default vias:                                           
  Layer V1                                                                      
    default via: M1M2_V1                                                        
[INFO DRT-0162] Library cell analysis.                                          
[INFO DRT-0163] Instance analysis.                                              
[INFO DRT-0164] Number of unique instances = 61.                                
[INFO DRT-0168] Init region query.                                              
[INFO DRT-0024]   Complete FR_MASTERSLICE.                                      
[INFO DRT-0024]   Complete Fr_VIA.                                              
[INFO DRT-0024]   Complete M1.                                                  
[INFO DRT-0024]   Complete V1.                                                  
[INFO DRT-0024]   Complete M2.                                                  
[INFO DRT-0033] FR_MASTERSLICE shape region query size = 0.                     
[INFO DRT-0033] FR_VIA shape region query size = 0.                             
[INFO DRT-0033] M1 shape region query size = 428.                               
[INFO DRT-0033] V1 shape region query size = 1336.                              
[INFO DRT-0033] M2 shape region query size = 300.                               
[INFO DRT-0165] Start pin access.                                               
[INFO DRT-0078]   Complete 327 pins.                                            
[INFO DRT-0081]   Complete 61 unique inst patterns.                             
[INFO DRT-0084]   Complete 74 groups.                                           
#scanned instances     = 74                                                     
#unique  instances     = 61                                                     
#stdCellGenAp          = 999                                                    
#stdCellValidPlanarAp  = 930                                                    
#stdCellValidViaAp     = 4                                                      
#stdCellPinNoAp        = 0                                                      
#stdCellPinCnt         = 257                                                    
#instTermValidViaApCnt = 0                                                      
#macroGenAp            = 0                                                      
#macroValidPlanarAp    = 0                                                      
#macroValidViaAp       = 0                                                      
#macroNoAp             = 0                                                      
[INFO DRT-0166] Complete pin access.                                            
[INFO DRT-0267] cpu time = 00:00:00, elapsed time = 00:00:00, memory = 85.11    
(MB), peak = 85.11 (MB)                                                         
                                                                                
[INFO DRT-0157] Number of guides:     555                                       
                                                                                
[INFO DRT-0169] Post process guides.                                            
[INFO DRT-0176] GCELLGRID X 0 DO 29 STEP 81000 ;                                
[INFO DRT-0177] GCELLGRID Y 0 DO 27 STEP 81000 ;                                
[INFO DRT-0028]   Complete FR_MASTERSLICE.                                      
[INFO DRT-0028]   Complete Fr_VIA.                                              
[INFO DRT-0028]   Complete M1.                                                  
[INFO DRT-0028]   Complete V1.                                                  
[INFO DRT-0028]   Complete M2.                                                  
[INFO DRT-0178] Init guide query.                                               
[INFO DRT-0035]   Complete FR_MASTERSLICE (guide).                              
[INFO DRT-0035]   Complete Fr_VIA (guide).                                      
[INFO DRT-0035]   Complete M1 (guide).                                          
[INFO DRT-0035]   Complete V1 (guide).                                          
[INFO DRT-0035]   Complete M2 (guide).                                          
[INFO DRT-0036] FR_MASTERSLICE guide region query size = 0.                     
[INFO DRT-0036] FR_VIA guide region query size = 0.                             
[INFO DRT-0036] M1 guide region query size = 143.                               
[INFO DRT-0036] V1 guide region query size = 0.                                 
[INFO DRT-0036] M2 guide region query size = 272.                               
[INFO DRT-0179] Init gr pin query.                                              
[INFO DRT-0267] cpu time = 00:00:00, elapsed time = 00:00:00, memory = 85.69    
(MB), peak = 85.69 (MB)                                                         
[INFO DRT-0245] skipped writing guide updates to database.                      
[INFO DRT-0185] Post process initialize RPin region query.                      
[INFO DRT-0181] Start track assignment.                                         
[INFO DRT-0184] Done with 272 vertical wires in 1 frboxes and 143 horizontal    
wires in 1 frboxes.                                                             
[INFO DRT-0186] Done with 63 vertical wires in 1 frboxes and 84 horizontal wires
in 1 frboxes.                                                                   
[INFO DRT-0182] Complete track assignment.                                      
[INFO DRT-0267] cpu time = 00:00:00, elapsed time = 00:00:00, memory = 86.28    
(MB), peak = 86.28 (MB)                                                         
[INFO DRT-0187] Start routing data preparation.                                 
[INFO DRT-0267] cpu time = 00:00:00, elapsed time = 00:00:00, memory = 86.47    
(MB), peak = 86.47 (MB)                                                         
[INFO DRT-0194] Start detail routing.                                           
[INFO DRT-0195] Start 0th optimization iteration.                               
    Completing 10% with 0 violations.                                           
    elapsed time = 00:00:00, memory = 89.44 (MB).                               
    Completing 20% with 0 violations.                                           
    elapsed time = 00:00:00, memory = 89.48 (MB).                               
    Completing 30% with 0 violations.                                           
    elapsed time = 00:00:00, memory = 93.28 (MB).                               
    Completing 40% with 62 violations.                                          
    elapsed time = 00:00:00, memory = 94.05 (MB).                               
    Completing 50% with 62 violations.                                          
    elapsed time = 00:00:00, memory = 94.05 (MB).                               
    Completing 60% with 62 violations.                                          
    elapsed time = 00:00:00, memory = 94.48 (MB).                               
    Completing 70% with 81 violations.                                          
    elapsed time = 00:00:00, memory = 94.69 (MB).                               
    Completing 80% with 81 violations.                                          
    elapsed time = 00:00:00, memory = 95.61 (MB).                               
    Completing 90% with 109 violations.                                         
    elapsed time = 00:00:00, memory = 95.66 (MB).                               
    Completing 100% with 138 violations.                                        
    elapsed time = 00:00:00, memory = 95.70 (MB).                               
[INFO DRT-0199]   Number of violations = 144.                                   
Viol/Layer          M1     V1     M2                                            
Metal Spacing        2      0    100                                            
NS Metal             0      0      1                                            
Recheck              3      0      3                                            
Short                4      2     29                                            
[INFO DRT-0267] cpu time = 00:00:01, elapsed time = 00:00:00, memory = 207.48   
(MB), peak = 228.44 (MB)                                                        
Total wire length = 104661 um.                                                  
Total wire length on LAYER M1 = 38361 um.                                       
Total wire length on LAYER M2 = 66300 um.                                       
Total number of vias = 316.                                                     
Up-via summary (total 316):                                                     
                                                                                
----------------------                                                          
 FR_MASTERSLICE      0                                                          
             M1    316                                                          
----------------------                                                          
               316                                                              
                                                                                
                                                                                
[INFO DRT-0195] Start 1st optimization iteration.                               
    Completing 10% with 144 violations.                                         
    elapsed time = 00:00:00, memory = 207.62 (MB).                              
    Completing 20% with 144 violations.                                         
    elapsed time = 00:00:00, memory = 207.66 (MB).                              
    Completing 30% with 144 violations.                                         
    elapsed time = 00:00:00, memory = 207.73 (MB).                              
    Completing 40% with 122 violations.                                         
    elapsed time = 00:00:00, memory = 209.45 (MB).                              
    Completing 50% with 122 violations.                                         
    elapsed time = 00:00:00, memory = 209.47 (MB).                              
    Completing 60% with 122 violations.                                         
    elapsed time = 00:00:00, memory = 210.83 (MB).                              
    Completing 70% with 84 violations.                                          
    elapsed time = 00:00:00, memory = 210.84 (MB).                              
    Completing 80% with 84 violations.                                          
    elapsed time = 00:00:00, memory = 210.86 (MB).                              
    Completing 90% with 76 violations.                                          
    elapsed time = 00:00:00, memory = 210.88 (MB).                              
    Completing 100% with 62 violations.                                         
    elapsed time = 00:00:00, memory = 210.88 (MB).                              
[INFO DRT-0199]   Number of violations = 62.                                    
Viol/Layer          M2                                                          
Metal Spacing       52                                                          
Short               10                                                          
[INFO DRT-0267] cpu time = 00:00:01, elapsed time = 00:00:00, memory = 208.12   
(MB), peak = 231.92 (MB)                                                        
Total wire length = 104810 um.                                                  
Total wire length on LAYER M1 = 38806 um.                                       
Total wire length on LAYER M2 = 66004 um.                                       
Total number of vias = 316.                                                     
Up-via summary (total 316):                                                     
                                                                                
----------------------                                                          
 FR_MASTERSLICE      0                                                          
             M1    316                                                          
----------------------                                                          
               316                                                              
                                                                                
                                                                                
[INFO DRT-0195] Start 2nd optimization iteration.                               
    Completing 10% with 62 violations.                                          
    elapsed time = 00:00:00, memory = 208.12 (MB).                              
    Completing 20% with 62 violations.                                          
    elapsed time = 00:00:00, memory = 208.12 (MB).                              
    Completing 30% with 62 violations.                                          
    elapsed time = 00:00:00, memory = 208.12 (MB).                              
    Completing 40% with 56 violations.                                          
    elapsed time = 00:00:00, memory = 208.16 (MB).                              
    Completing 50% with 56 violations.                                          
    elapsed time = 00:00:00, memory = 208.16 (MB).                              
    Completing 60% with 56 violations.                                          
    elapsed time = 00:00:00, memory = 208.20 (MB).                              
    Completing 70% with 58 violations.                                          
    elapsed time = 00:00:00, memory = 208.22 (MB).                              
    Completing 80% with 58 violations.                                          
    elapsed time = 00:00:00, memory = 208.22 (MB).                              
    Completing 90% with 56 violations.                                          
    elapsed time = 00:00:00, memory = 208.22 (MB).                              
    Completing 100% with 50 violations.                                         
    elapsed time = 00:00:00, memory = 208.22 (MB).                              
[INFO DRT-0199]   Number of violations = 50.                                    
Viol/Layer          M2                                                          
Metal Spacing       42                                                          
Short                8                                                          
[INFO DRT-0267] cpu time = 00:00:00, elapsed time = 00:00:00, memory = 232.31   
(MB), peak = 232.31 (MB)                                                        
Total wire length = 104555 um.                                                  
Total wire length on LAYER M1 = 38855 um.                                       
Total wire length on LAYER M2 = 65699 um.                                       
Total number of vias = 319.                                                     
Up-via summary (total 319):                                                     
                                                                                
----------------------                                                          
 FR_MASTERSLICE      0                                                          
             M1    319                                                          
----------------------                                                          
               319                                                              
                                                                                
                                                                                
[INFO DRT-0195] Start 3rd guides tiles iteration.                               
    Completing 10% with 50 violations.                                          
    elapsed time = 00:00:00, memory = 232.95 (MB).                              
    Completing 20% with 50 violations.                                          
    elapsed time = 00:00:00, memory = 232.95 (MB).                              
    Completing 30% with 50 violations.                                          
    elapsed time = 00:00:00, memory = 233.00 (MB).                              
    Completing 40% with 50 violations.                                          
    elapsed time = 00:00:00, memory = 233.00 (MB).                              
    Completing 50% with 50 violations.                                          
    elapsed time = 00:00:00, memory = 233.00 (MB).                              
    Completing 60% with 50 violations.                                          
    elapsed time = 00:00:00, memory = 208.78 (MB).                              
    Completing 70% with 36 violations.                                          
    elapsed time = 00:00:00, memory = 209.94 (MB).                              
    Completing 80% with 36 violations.                                          
    elapsed time = 00:00:00, memory = 202.19 (MB).                              
    Completing 90% with 36 violations.                                          
    elapsed time = 00:00:00, memory = 199.73 (MB).                              
    Completing 100% with 29 violations.                                         
    elapsed time = 00:00:00, memory = 199.73 (MB).                              
[INFO DRT-0199]   Number of violations = 29.                                    
Viol/Layer          M2                                                          
Metal Spacing       14                                                          
Short               15                                                          
[INFO DRT-0267] cpu time = 00:00:01, elapsed time = 00:00:00, memory = 199.81   
(MB), peak = 233.00 (MB)                                                        
Total wire length = 104838 um.                                                  
Total wire length on LAYER M1 = 38844 um.                                       
Total wire length on LAYER M2 = 65994 um.                                       
Total number of vias = 321.                                                     
Up-via summary (total 321):                                                     
                                                                                
----------------------                                                          
 FR_MASTERSLICE      0                                                          
             M1    321                                                          
----------------------                                                          
               321                                                              
                                                                                
                                                                                
[INFO DRT-0195] Start 4th guides tiles iteration.                               
    Completing 10% with 29 violations.                                          
    elapsed time = 00:00:00, memory = 199.81 (MB).                              
    Completing 20% with 29 violations.                                          
    elapsed time = 00:00:00, memory = 199.83 (MB).                              
    Completing 30% with 29 violations.                                          
    elapsed time = 00:00:00, memory = 199.83 (MB).                              
    Completing 50% with 29 violations.                                          
    elapsed time = 00:00:00, memory = 199.83 (MB).                              
    Completing 60% with 29 violations.                                          
    elapsed time = 00:00:00, memory = 199.83 (MB).                              
    Completing 70% with 29 violations.                                          
    elapsed time = 00:00:00, memory = 199.83 (MB).                              
    Completing 80% with 10 violations.                                          
    elapsed time = 00:00:00, memory = 199.83 (MB).                              
    Completing 100% with 8 violations.                                          
    elapsed time = 00:00:00, memory = 199.83 (MB).                              
[INFO DRT-0199]   Number of violations = 8.                                     
Viol/Layer          M2                                                          
Metal Spacing        4                                                          
Short                4                                                          
[INFO DRT-0267] cpu time = 00:00:00, elapsed time = 00:00:00, memory = 199.88   
(MB), peak = 233.00 (MB)                                                        
Total wire length = 104768 um.                                                  
Total wire length on LAYER M1 = 38801 um.                                       
Total wire length on LAYER M2 = 65967 um.                                       
Total number of vias = 321.                                                     
Up-via summary (total 321):                                                     
                                                                                
----------------------                                                          
 FR_MASTERSLICE      0                                                          
             M1    321                                                          
----------------------                                                          
               321                                                              
                                                                                
                                                                                
[INFO DRT-0195] Start 5th guides tiles iteration.                               
    Completing 20% with 8 violations.                                           
    elapsed time = 00:00:00, memory = 199.89 (MB).                              
    Completing 50% with 8 violations.                                           
    elapsed time = 00:00:00, memory = 199.89 (MB).                              
    Completing 70% with 8 violations.                                           
    elapsed time = 00:00:00, memory = 199.89 (MB).                              
    Completing 100% with 7 violations.                                          
    elapsed time = 00:00:00, memory = 199.91 (MB).                              
[INFO DRT-0199]   Number of violations = 7.                                     
Viol/Layer          M2                                                          
Metal Spacing        3                                                          
Short                4                                                          
[INFO DRT-0267] cpu time = 00:00:00, elapsed time = 00:00:00, memory = 199.97   
(MB), peak = 233.00 (MB)                                                        
Total wire length = 104782 um.                                                  
Total wire length on LAYER M1 = 38828 um.                                       
Total wire length on LAYER M2 = 65954 um.                                       
Total number of vias = 323.                                                     
Up-via summary (total 323):                                                     
                                                                                
----------------------                                                          
 FR_MASTERSLICE      0                                                          
             M1    323                                                          
----------------------                                                          
               323                                                              
                                                                                
                                                                                
[INFO DRT-0195] Start 6th guides tiles iteration.                               
    Completing 30% with 7 violations.                                           
    elapsed time = 00:00:00, memory = 199.97 (MB).                              
    Completing 60% with 7 violations.                                           
    elapsed time = 00:00:00, memory = 199.97 (MB).                              
    Completing 100% with 7 violations.                                          
    elapsed time = 00:00:00, memory = 199.97 (MB).                              
[INFO DRT-0199]   Number of violations = 7.                                     
Viol/Layer          M2                                                          
Metal Spacing        3                                                          
Short                4                                                          
[INFO DRT-0267] cpu time = 00:00:00, elapsed time = 00:00:00, memory = 200.02   
(MB), peak = 233.00 (MB)                                                        
Total wire length = 104743 um.                                                  
Total wire length on LAYER M1 = 38790 um.                                       
Total wire length on LAYER M2 = 65953 um.                                       
Total number of vias = 322.                                                     
Up-via summary (total 322):                                                     
                                                                                
----------------------                                                          
 FR_MASTERSLICE      0                                                          
             M1    322                                                          
----------------------                                                          
               322                                                              
                                                                                
                                                                                
[INFO DRT-0195] Start 7th stubborn tiles iteration.                             
    Completing 10% with 7 violations.                                           
    elapsed time = 00:00:00, memory = 223.50 (MB).                              
    Completing 20% with 7 violations.                                           
    elapsed time = 00:00:01, memory = 236.61 (MB).                              
    Completing 30% with 7 violations.                                           
    elapsed time = 00:00:02, memory = 248.14 (MB).                              
    Completing 40% with 4 violations.                                           
    elapsed time = 00:00:04, memory = 211.67 (MB).                              
    Completing 50% with 4 violations.                                           
    elapsed time = 00:00:04, memory = 211.86 (MB).                              
    Completing 60% with 4 violations.                                           
    elapsed time = 00:00:05, memory = 133.88 (MB).                              
    Completing 70% with 4 violations.                                           
    elapsed time = 00:00:06, memory = 84.09 (MB).                               
    Completing 80% with 2 violations.                                           
    elapsed time = 00:00:06, memory = 88.73 (MB).                               
    Completing 90% with 2 violations.                                           
    elapsed time = 00:00:06, memory = 93.64 (MB).                               
    Completing 100% with 0 violations.                                          
    elapsed time = 00:00:07, memory = 98.05 (MB).                               
[INFO DRT-0199]   Number of violations = 0.                                     
[INFO DRT-0267] cpu time = 00:00:26, elapsed time = 00:00:07, memory = 228.58   
(MB), peak = 249.88 (MB)                                                        
Total wire length = 104827 um.                                                  
Total wire length on LAYER M1 = 38877 um.                                       
Total wire length on LAYER M2 = 65950 um.                                       
Total number of vias = 322.                                                     
Up-via summary (total 322):                                                     
                                                                                
----------------------                                                          
 FR_MASTERSLICE      0                                                          
             M1    322                                                          
----------------------                                                          
               322                                                              
                                                                                
                                                                                
[INFO DRT-0198] Complete detail routing.                                        
Total wire length = 104827 um.                                                  
Total wire length on LAYER M1 = 38877 um.                                       
Total wire length on LAYER M2 = 65950 um.                                       
Total number of vias = 322.                                                     
Up-via summary (total 322):                                                     
                                                                                
----------------------                                                          
 FR_MASTERSLICE      0                                                          
             M1    322                                                          
----------------------                                                          
               322                                                              
                                                                                
                                                                                
[INFO DRT-0267] cpu time = 00:00:31, elapsed time = 00:00:11, memory = 228.69   
(MB), peak = 249.88 (MB)                                                        
                                                                                
[INFO DRT-0180] Post processing.                                                
+ check_antennas                                                                
[INFO ANT-0002] Found 0 net violations.                                         
[INFO ANT-0001] Found 0 pin violations.                                         
Setting global connections for newly added cells…                               
[INFO] Setting global connections...                                            
[INFO ODB-0403] 0 connections made, 0 conflicts skipped.                        
Updating metrics…                                                               
Cell type report:                       Count       Area                        
  Inverter                                  4    8799.84                        
  Sequential cell                          14  106475.04                        
  Multi-Input combinational cell           56  142392.60                        
  Total                                    74  257667.48                        
Writing OpenROAD database to                                                    
'/Users/yanlu/Documents/TR-1um/flow/designs/tr1um_spitx/runs/triage-f24-affected
/39-openroad-detailedrouting/tr1um_spitx.odb'…                                  
Writing netlist to                                                              
'/Users/yanlu/Documents/TR-1um/flow/designs/tr1um_spitx/runs/triage-f24-affected
/39-openroad-detailedrouting/tr1um_spitx.nl.v'…                                 
Writing powered netlist to                                                      
'/Users/yanlu/Documents/TR-1um/flow/designs/tr1um_spitx/runs/triage-f24-affected
/39-openroad-detailedrouting/tr1um_spitx.pnl.v'…                                
Writing layout to                                                               
'/Users/yanlu/Documents/TR-1um/flow/designs/tr1um_spitx/runs/triage-f24-affected
/39-openroad-detailedrouting/tr1um_spitx.def'…                                  
Writing timing constraints to                                                   
'/Users/yanlu/Documents/TR-1um/flow/designs/tr1um_spitx/runs/triage-f24-affected
/39-openroad-detailedrouting/tr1um_spitx.sdc'…                                  
[INFO] Applying explicit GND special route                                      
Setting global connections for newly added cells…                               
[INFO] Setting global connections...                                            
[INFO ODB-0403] 0 connections made, 0 conflicts skipped.                        
Updating metrics…                                                               
Cell type report:                       Count       Area                        
  Inverter                                  4    8799.84                        
  Sequential cell                          14  106475.04                        
  Multi-Input combinational cell           56  142392.60                        
  Total                                    74  257667.48                        
Writing OpenROAD database to                                                    
'/Users/yanlu/Documents/TR-1um/flow/designs/tr1um_spitx/runs/triage-f24-affected
/39-openroad-detailedrouting/tr1um_spitx.odb'…                                  
Writing netlist to                                                              
'/Users/yanlu/Documents/TR-1um/flow/designs/tr1um_spitx/runs/triage-f24-affected
/39-openroad-detailedrouting/tr1um_spitx.nl.v'…                                 
Writing powered netlist to                                                      
'/Users/yanlu/Documents/TR-1um/flow/designs/tr1um_spitx/runs/triage-f24-affected
/39-openroad-detailedrouting/tr1um_spitx.pnl.v'…                                
Writing layout to                                                               
'/Users/yanlu/Documents/TR-1um/flow/designs/tr1um_spitx/runs/triage-f24-affected
/39-openroad-detailedrouting/tr1um_spitx.def'…                                  
Writing timing constraints to                                                   
'/Users/yanlu/Documents/TR-1um/flow/designs/tr1um_spitx/runs/triage-f24-affected
/39-openroad-detailedrouting/tr1um_spitx.sdc'…                                  
───────────────────────────── Remove Obstructions ──────────────────────────────
[17:21:14] VERBOSE  Running 'Odb.RemoveRoutingObstructions' at      step.py:1138
                    'runs/triage-f24-affected/40-odb-removeroutingo             
                    bstructions'…                                               
[17:21:14] INFO     'ROUTING_OBSTRUCTIONS' is not defined. Skipping   odb.py:589
                    'Odb.RemoveRoutingObstructions'…                            
──────────────────────────────── Check Antennas ────────────────────────────────
[17:21:14] VERBOSE  Running 'OpenROAD.CheckAntennas-1' at           step.py:1138
                    'runs/triage-f24-affected/41-openroad-checkante             
                    nnas-1'…                                                    
[17:21:14] VERBOSE  Logging subprocess to                           step.py:1338
                    'runs/triage-f24-affected/41-openroad-checkante             
                    nnas-1/openroad-checkantennas-1.log'…                       
Reading timing models for corner nom_typ_5p0V_25C…                              
Reading timing library for the 'nom_typ_5p0V_25C' corner at                     
'/Users/yanlu/Documents/TR-1um/flow/pdk_root/TR-1um/libs.ref/TR-1um_stdcell_acce
ss/lib/TR-1um_stdcell_access_typ_5p0V_25C.lib'…                                 
Reading OpenROAD database at                                                    
'/Users/yanlu/Documents/TR-1um/flow/designs/tr1um_spitx/runs/triage-f24-affected
/39-openroad-detailedrouting/tr1um_spitx.odb'…                                  
Reading design constraints file at                                              
'/Users/yanlu/Documents/TR-1um/flow/designs/tr1um_spitx/constraints.sdc'…       
[17:21:15] WARNING  [STA-0441] set_input_delay relative to a     openroad.py:314
                    clock defined on the same port/pin not                      
                    allowed.                                                    
[INFO] No information on clock propagation in input SDC file-- propagating all  
clocks.                                                                         
───────────────────────── Routing Design Rule Checker ──────────────────────────
[17:21:15] VERBOSE  Running 'Checker.TrDRC' at                      step.py:1138
                    'runs/triage-f24-affected/42-checker-trdrc'…                
[17:21:15] INFO     Check for Routing DRC errors clear.           checker.py:131
─────────────────────────── Report Disconnected Pins ───────────────────────────
[17:21:15] VERBOSE  Running 'Odb.ReportDisconnectedPins' at         step.py:1138
                    'runs/triage-f24-affected/43-odb-reportdisconne             
                    ctedpins'…                                                  
[17:21:15] VERBOSE  Logging subprocess to                           step.py:1338
                    'runs/triage-f24-affected/43-odb-reportdisconne             
                    ctedpins/odb-reportdisconnectedpins.log'…                   
Found 0 disconnected pin(s), of which 0 are critical.                           
────────────────────────── Disconnected Pins Checker ───────────────────────────
[17:21:16] VERBOSE  Running 'Checker.DisconnectedPins' at           step.py:1138
                    'runs/triage-f24-affected/44-checker-disconnect             
                    edpins'…                                                    
[17:21:16] INFO     Check for critical disconnected pins clear.   checker.py:131
────────────────────────────── Report Wire Length ──────────────────────────────
[17:21:16] VERBOSE  Running 'Odb.ReportWireLength' at               step.py:1138
                    'runs/triage-f24-affected/45-odb-reportwireleng             
                    th'…                                                        
[17:21:16] VERBOSE  Logging subprocess to                           step.py:1338
                    'runs/triage-f24-affected/45-odb-reportwireleng             
                    th/odb-reportwirelength.log'…                               
──────────────────────── Wire Length Threshold Checker ─────────────────────────
[17:21:17] VERBOSE  Running 'Checker.WireLength' at                 step.py:1138
                    'runs/triage-f24-affected/46-checker-wirelength             
                    '…                                                          
[17:21:17] WARNING  Threshold for Threshold-surpassing long wires checker.py:108
                    is not set. The checker will be skipped.                    
[17:21:17] INFO     Gating variable for step                   sequential.py:362
                    'OpenROAD.FillInsertion' set to 'False'-                    
                    the step will be skipped.                                   
[17:21:17] INFO     Skipping step 'Fill Insertion'…            sequential.py:370
──────────────────────── Generate Cell Frequency Tables ────────────────────────
[17:21:17] VERBOSE  Running 'Odb.CellFrequencyTables' at            step.py:1138
                    'runs/triage-f24-affected/47-odb-cellfrequencyt             
                    ables'…                                                     
[17:21:17] VERBOSE  Logging subprocess to                           step.py:1338
                    'runs/triage-f24-affected/47-odb-cellfrequencyt             
                    ables/buffer_list.txt'…                                     
BUF_X1                                                                          
BUF_X12                                                                         
BUF_X16                                                                         
BUF_X2                                                                          
BUF_X4                                                                          
BUF_X8                                                                          
CLKBUF_X1                                                                       
CLKBUF_X12                                                                      
CLKBUF_X16                                                                      
CLKBUF_X2                                                                       
CLKBUF_X4                                                                       
CLKBUF_X8                                                                       
DEL1                                                                            
DEL2                                                                            
DEL4                                                                            
[17:21:17] VERBOSE  Logging subprocess to                           step.py:1338
                    'runs/triage-f24-affected/47-odb-cellfrequencyt             
                    ables/odb-cellfrequencytables.log'…                         
                                Cells by Master                                 
┏━━━━━━━━━━━━━━━━━━━━━━━━━━━━━━━━━━━━━━━━━━━━┳━━━━━━━━━━━━━━━━━━━━━━━━━━━━━━━━━┓
┃ Cell                                       ┃ Count                           ┃
┡━━━━━━━━━━━━━━━━━━━━━━━━━━━━━━━━━━━━━━━━━━━━╇━━━━━━━━━━━━━━━━━━━━━━━━━━━━━━━━━┩
│ AND2_X1                                    │ 2                               │
│ AND3_X1                                    │ 3                               │
│ DFFR                                       │ 14                              │
│ INV_X1                                     │ 4                               │
│ MUX2                                       │ 6                               │
│ NAND2                                      │ 26                              │
│ NAND3                                      │ 1                               │
│ NOR2                                       │ 12                              │
│ NOR3                                       │ 3                               │
│ OR2                                        │ 2                               │
│ TIELO                                      │ 1                               │
└────────────────────────────────────────────┴─────────────────────────────────┘
                               Cells by Function                                
┏━━━━━━━━━━━━━━━━━━━━━━━━━━━━━━━━━━━━━━━━━━━━━━━━━━━━━┳━━━━━━━━━━━━━━━━━━━━━━━━┓
┃ Cell Function                                       ┃ Count                  ┃
┡━━━━━━━━━━━━━━━━━━━━━━━━━━━━━━━━━━━━━━━━━━━━━━━━━━━━━╇━━━━━━━━━━━━━━━━━━━━━━━━┩
└─────────────────────────────────────────────────────┴────────────────────────┘
                                  Cells by SCL                                  
┏━━━━━━━━━━━━━━━━━━━━━━━━━━━━━━━━━┳━━━━━━━━━━━━━━━━━━━━━━━━━━━━━━━━━━━━━━━━━━━━┓
┃ SCL                             ┃ Count                                      ┃
┡━━━━━━━━━━━━━━━━━━━━━━━━━━━━━━━━━╇━━━━━━━━━━━━━━━━━━━━━━━━━━━━━━━━━━━━━━━━━━━━┩
└─────────────────────────────────┴────────────────────────────────────────────┘
                             Buffers by Cell Master                             
┏━━━━━━━━━━━━━━━━━━━━━━━━━━━━━━━━━━━━━━━━━━┳━━━━━━━━━━━━━━━━━━━━━━━━━━━━━━━━━━━┓
┃ Buffer                                   ┃ Count                             ┃
┡━━━━━━━━━━━━━━━━━━━━━━━━━━━━━━━━━━━━━━━━━━╇━━━━━━━━━━━━━━━━━━━━━━━━━━━━━━━━━━━┩
└──────────────────────────────────────────┴───────────────────────────────────┘
───────────────── Parasitic Resistance/Capacitance Extraction ──────────────────
[17:21:18] VERBOSE  Running 'OpenROAD.RCX' at                       step.py:1138
                    'runs/triage-f24-affected/48-openroad-rcx'…                 
[17:21:18] INFO     Running RCX for corners matching *          openroad.py:2159
                    (/Users/yanlu/Documents/TR-1um/flow/designs                 
                    /tr1um_spitx/runs/triage-f24-affected/48-op                 
                    enroad-rcx/rcx.log)…                                        
[17:21:18] VERBOSE  Logging subprocess to                           step.py:1338
                    'runs/triage-f24-affected/48-openroad-rcx/rcx.l             
                    og'…                                                        
[17:21:19] INFO     Finished RCX for corners matching *.        openroad.py:2168
[17:21:19] INFO     Gating variable for step                   sequential.py:362
                    'OpenROAD.STAPostPNR' set to 'False'- the                   
                    step will be skipped.                                       
[17:21:19] INFO     Skipping step 'STA (Post-PnR)'…            sequential.py:370
────────────────────────── GDSII Stream Out (KLayout) ──────────────────────────
[17:21:19] VERBOSE  Running 'KLayout.StreamOut' at                  step.py:1138
                    'runs/triage-f24-affected/49-klayout-streamout'             
                    …                                                           
[17:21:19] VERBOSE  Logging subprocess to                           step.py:1338
                    'runs/triage-f24-affected/49-klayout-streamout/             
                    klayout-streamout.log'…                                     
Warning: No mapping for layer 'V1', purpose 'LEFOBS' - layer is ignored         
(line=40, cell=, file=tr1um_spitx.def)                                          
[INFO] Clearing cells…                                                          
[INFO] Merging GDS files…                                                       
[INFO] Copying top level cell 'tr1um_spitx'…                                    
[INFO] Checking for missing GDS…                                                
[INFO] All LEF cells have matching GDS cells.                                   
[INFO] Writing out GDS                                                          
'/Users/yanlu/Documents/TR-1um/flow/designs/tr1um_spitx/runs/triage-f24-affected
/49-klayout-streamout/tr1um_spitx.klayout.gds'…                                 
[INFO] Done.                                                                    
────────────────────────── Render Image (w/ KLayout) ───────────────────────────
[17:21:21] VERBOSE  Running 'KLayout.Render' at                     step.py:1138
                    'runs/triage-f24-affected/50-klayout-render'…               
[17:21:21] VERBOSE  Logging subprocess to                           step.py:1338
                    'runs/triage-f24-affected/50-klayout-render/kla             
                    yout-render.log'…                                           
───────────────────────── Design Rule Check (KLayout) ──────────────────────────
[17:21:21] VERBOSE  Running 'KLayout.DRC' at                        step.py:1138
                    'runs/triage-f24-affected/51-klayout-drc'…                  
[17:21:21] INFO     Running KLayout DRC with 6 threads…           klayout.py:565
[17:21:21] VERBOSE  Logging subprocess to                           step.py:1338
                    'runs/triage-f24-affected/51-klayout-drc/klayou             
                    t-drc.log'…                                                 
[17:21:24] VERBOSE  Logging subprocess to                           step.py:1338
                    'runs/triage-f24-affected/51-klayout-drc/xml_dr             
                    c_report_to_json.log'…                                      
───────────────────────── KLayout Design Rule Checker ──────────────────────────
[17:21:24] VERBOSE  Running 'Checker.KLayoutDRC' at                 step.py:1138
                    'runs/triage-f24-affected/52-checker-klayoutdrc             
                    '…                                                          
[17:21:24] WARNING  84 KLayout DRC errors found.                  checker.py:122
[17:21:24] INFO     Gating variable for step 'Yosys.EQY' set   sequential.py:362
                    to 'False'- the step will be skipped.                       
[17:21:24] INFO     Skipping step 'Equivalence Check'…         sequential.py:370
─────────────────────── Setup Timing Violations Checker ────────────────────────
[17:21:24] VERBOSE  Running 'Checker.SetupViolations' at            step.py:1138
                    'runs/triage-f24-affected/53-checker-setupviola             
                    tions'…                                                     
[17:21:24] VERBOSE  No setup violations found                     checker.py:628
──────────────────────── Hold Timing Violations Checker ────────────────────────
[17:21:24] VERBOSE  Running 'Checker.HoldViolations' at             step.py:1138
                    'runs/triage-f24-affected/54-checker-holdviolat             
                    ions'…                                                      
[17:21:24] VERBOSE  No hold violations found                      checker.py:628
─────────────────────── Maximum Slew Violations Checker ────────────────────────
[17:21:24] VERBOSE  Running 'Checker.MaxSlewViolations' at          step.py:1138
                    'runs/triage-f24-affected/55-checker-maxslewvio             
                    lations'…                                                   
[17:21:24] VERBOSE  No max slew violations found                  checker.py:628
──────────────────── Maximum Capacitance Violations Checker ────────────────────
[17:21:24] VERBOSE  Running 'Checker.MaxCapViolations' at           step.py:1138
                    'runs/triage-f24-affected/56-checker-maxcapviol             
                    ations'…                                                    
[17:21:24] VERBOSE  No max cap violations found                   checker.py:628
───────────────── Report Manufacturability (DRC, LVS, Antenna) ─────────────────
[17:21:24] VERBOSE  Running 'Misc.ReportManufacturability' at       step.py:1138
                    'runs/triage-f24-affected/57-misc-reportmanufac             
                    turability'…                                                
[17:21:24] WARNING  'design__lvs_error__count' not reported.          misc.py:84
                    Netgen.LVS may have been skipped.                           
[17:21:24] WARNING  magic__drc_error__count not reported. Magic.DRC  misc.py:110
                    may have been skipped.                                      
* Antenna
Passed ✅

* LVS
N/A

* DRC
Failed 𐄂
KLayout DRC errors: 84
Magic DRC errors: N/A
Check the report directories of KLayout.DRC and Magic.DRC.

[17:21:24] INFO     Saving views to                                 state.py:209
                    '/Users/yanlu/Documents/TR-1um/flow/designs/tr1             
                    um_spitx/runs/triage-f24-affected/final'…                   
[17:21:24] INFO     Flow complete.                             sequential.py:413
Classic' - Stage 67 - Report Manufacturability ━━━━━━━━━━━━━━━━━━━ 67/67 0:00:29

[17:21:24] WARNING  The following warnings were generated by the     flow.py:699
                    flow:                                                       
[17:21:24] WARNING  [Checker.LintWarnings] 2 Lint warnings found.    flow.py:701
[17:21:24] WARNING  [OpenROAD.Floorplan] [STA-0441] set_input_delay  flow.py:701
                    relative to a clock defined on the same port/pin            
                    not allowed. (and 13 similar warnings)                      
[17:21:24] WARNING  [Checker.PowerGridViolations] The power grid     flow.py:701
                    violations (as reported by OpenROAD PSM- you may            
                    ignore these if LVS passes) metric was not                  
                    found. Are you sure the relevant step was run?              
[17:21:24] WARNING  [Checker.WireLength] Threshold for               flow.py:701
                    Threshold-surpassing long wires is not set. The             
                    checker will be skipped.                                    
[17:21:24] WARNING  [Checker.KLayoutDRC] 84 KLayout DRC errors       flow.py:701
                    found.                                                      
[17:21:24] WARNING  [Misc.ReportManufacturability]                   flow.py:701
                    'design__lvs_error__count' not reported.                    
                    Netgen.LVS may have been skipped.                           
[17:21:24] WARNING  [Misc.ReportManufacturability]                   flow.py:701
                    magic__drc_error__count not reported. Magic.DRC             
                    may have been skipped.                                      
+ /Users/yanlu/Documents/TR-1um/flow/run_digital_core_flow.sh /Users/yanlu/Documents/TR-1um/flow/designs/tr1um_spitx/runs/triage-f24-affected tr1um_spitx
+ python3 /Users/yanlu/Documents/TR-1um/flow/scripts/signoff/extract_child_library.py /Users/yanlu/Documents/TR-1um/flow/designs/tr1um_spitx/runs/triage-f24-affected/final/gds/tr1um_spitx.gds tr1um_spitx /Users/yanlu/Documents/TR-1um/flow/designs/tr1um_spitx/runs/triage-f24-affected/connected_power/TR-1um_known_good_cells.gds
+ python3 /Users/yanlu/Documents/TR-1um/flow/scripts/signoff/make_conservative_tech_lef.py /Users/yanlu/Documents/TR-1um/flow/pdk_root/TR-1um/libs.ref/TR-1um_stdcell_access/lef/TR-1um_tech.lef /Users/yanlu/Documents/TR-1um/flow/designs/tr1um_spitx/runs/triage-f24-affected/connected_power/TR-1um_core_tech.lef
wrote /Users/yanlu/Documents/TR-1um/flow/designs/tr1um_spitx/runs/triage-f24-affected/connected_power/TR-1um_core_tech.lef: route-only M2 spacing 2.1um
+ python3 /Users/yanlu/Documents/TR-1um/flow/scripts/signoff/make_routing_obstructions.py /Users/yanlu/Documents/TR-1um/flow/pdk_root/TR-1um/libs.ref/TR-1um_stdcell_access_power/lef/TR-1um_access_cells_signal_power.lef /Users/yanlu/Documents/TR-1um/flow/designs/tr1um_spitx/runs/triage-f24-affected/connected_power/TR-1um_core_routing.lef
+ POWER_ARGS=()
+ [[ -f /Users/yanlu/Documents/TR-1um/flow/designs/tr1um_spitx/power_channels.json ]]
+ python3 /Users/yanlu/Documents/TR-1um/flow/scripts/signoff/add_channel_power.py /Users/yanlu/Documents/TR-1um/flow/designs/tr1um_spitx/runs/triage-f24-affected/31-openroad-detailedplacement/tr1um_spitx.def /Users/yanlu/Documents/TR-1um/flow/designs/tr1um_spitx/runs/triage-f24-affected/connected_power/tr1um_spitx.placed_power.def /Users/yanlu/Documents/TR-1um/flow/pdk_root/TR-1um/libs.ref/TR-1um_stdcell_access/lef/TR-1um_access_cells.lef
wrote /Users/yanlu/Documents/TR-1um/flow/designs/tr1um_spitx/runs/triage-f24-affected/connected_power/tr1um_spitx.placed_power.def: 13 rows, channel buses, left GND trunk, right VDD trunk
+ export CORE_TECH_LEF=/Users/yanlu/Documents/TR-1um/flow/designs/tr1um_spitx/runs/triage-f24-affected/connected_power/TR-1um_core_tech.lef
+ CORE_TECH_LEF=/Users/yanlu/Documents/TR-1um/flow/designs/tr1um_spitx/runs/triage-f24-affected/connected_power/TR-1um_core_tech.lef
+ export CORE_CELL_LEF=/Users/yanlu/Documents/TR-1um/flow/designs/tr1um_spitx/runs/triage-f24-affected/connected_power/TR-1um_core_routing.lef
+ CORE_CELL_LEF=/Users/yanlu/Documents/TR-1um/flow/designs/tr1um_spitx/runs/triage-f24-affected/connected_power/TR-1um_core_routing.lef
+ export CORE_INPUT_DEF=/Users/yanlu/Documents/TR-1um/flow/designs/tr1um_spitx/runs/triage-f24-affected/connected_power/tr1um_spitx.placed_power.def
+ CORE_INPUT_DEF=/Users/yanlu/Documents/TR-1um/flow/designs/tr1um_spitx/runs/triage-f24-affected/connected_power/tr1um_spitx.placed_power.def
+ export CORE_OUTPUT_DEF=/Users/yanlu/Documents/TR-1um/flow/designs/tr1um_spitx/runs/triage-f24-affected/connected_power/tr1um_spitx.connected_power.def
+ CORE_OUTPUT_DEF=/Users/yanlu/Documents/TR-1um/flow/designs/tr1um_spitx/runs/triage-f24-affected/connected_power/tr1um_spitx.connected_power.def
+ export CORE_OUTPUT_ODB=/Users/yanlu/Documents/TR-1um/flow/designs/tr1um_spitx/runs/triage-f24-affected/connected_power/tr1um_spitx.connected_power.odb
+ CORE_OUTPUT_ODB=/Users/yanlu/Documents/TR-1um/flow/designs/tr1um_spitx/runs/triage-f24-affected/connected_power/tr1um_spitx.connected_power.odb
+ export CORE_OUTPUT_LEF=/Users/yanlu/Documents/TR-1um/flow/designs/tr1um_spitx/runs/triage-f24-affected/connected_power/tr1um_spitx.macro.lef
+ CORE_OUTPUT_LEF=/Users/yanlu/Documents/TR-1um/flow/designs/tr1um_spitx/runs/triage-f24-affected/connected_power/tr1um_spitx.macro.lef
+ export CORE_GUIDES=/Users/yanlu/Documents/TR-1um/flow/designs/tr1um_spitx/runs/triage-f24-affected/connected_power/tr1um_spitx.connected_power.guide
+ CORE_GUIDES=/Users/yanlu/Documents/TR-1um/flow/designs/tr1um_spitx/runs/triage-f24-affected/connected_power/tr1um_spitx.connected_power.guide
+ export CORE_DRC=/Users/yanlu/Documents/TR-1um/flow/designs/tr1um_spitx/runs/triage-f24-affected/connected_power/openroad_detailed_route.drc
+ CORE_DRC=/Users/yanlu/Documents/TR-1um/flow/designs/tr1um_spitx/runs/triage-f24-affected/connected_power/openroad_detailed_route.drc
+ [[ -z '' ]]
+ [[ -f /Users/yanlu/Documents/TR-1um/flow/designs/tr1um_spitx/route_options.json ]]
+ openroad -exit /Users/yanlu/Documents/TR-1um/flow/scripts/signoff/route_digital_core.tcl
+ tee /Users/yanlu/Documents/TR-1um/flow/designs/tr1um_spitx/runs/triage-f24-affected/connected_power/openroad.log
OpenROAD dcf36133a369abc8f3c5e5738cd4d82e4903c0e0 
Features included (+) or not (-): +GPU +GUI +Python
This program is licensed under the BSD-3 license. See the LICENSE file for details.
Components of this program may be licensed under more restrictive licenses which must be honored.
[INFO ODB-0227] LEF file: /Users/yanlu/Documents/TR-1um/flow/designs/tr1um_spitx/runs/triage-f24-affected/connected_power/TR-1um_core_tech.lef, created 3 layers, 1 vias
[WARNING ODB-0220] WARNING (LEFPARS-2039): A SITE statement is defined before ORIGIN statement.
To avoid this warning in the future, define SITE after ORIGIN See file /Users/yanlu/Documents/TR-1um/flow/designs/tr1um_spitx/runs/triage-f24-affected/connected_power/TR-1um_core_routing.lef at line 2659.

[WARNING ODB-0220] WARNING (LEFPARS-2039): A SITE statement is defined before ORIGIN statement.
To avoid this warning in the future, define SITE after ORIGIN See file /Users/yanlu/Documents/TR-1um/flow/designs/tr1um_spitx/runs/triage-f24-affected/connected_power/TR-1um_core_routing.lef at line 2693.

[INFO ODB-0227] LEF file: /Users/yanlu/Documents/TR-1um/flow/designs/tr1um_spitx/runs/triage-f24-affected/connected_power/TR-1um_core_routing.lef, created 40 library cells
[INFO ODB-0127] Reading DEF file: /Users/yanlu/Documents/TR-1um/flow/designs/tr1um_spitx/runs/triage-f24-affected/connected_power/tr1um_spitx.placed_power.def
[INFO ODB-0128] Design: tr1um_spitx
[INFO ODB-0130]     Created 16 pins.
[INFO ODB-0131]     Created 74 components and 405 component-terminals.
[INFO ODB-0132]     Created 2 special nets and 148 connections.
[INFO ODB-0133]     Created 98 nets and 257 connections.
[INFO ODB-0134] Finished DEF file: /Users/yanlu/Documents/TR-1um/flow/designs/tr1um_spitx/runs/triage-f24-affected/connected_power/tr1um_spitx.placed_power.def
[WARNING GRT-0300] Timing is not available, setting critical nets percentage to 0.
[INFO GRT-0020] Min routing layer: M1
[INFO GRT-0021] Max routing layer: M2
[INFO GRT-0022] Global adjustment: 0%
[INFO GRT-0023] Grid origin: (0, 0)
[INFO GRT-0088] Layer M1      Track-Pitch = 5.4000  line-2-Via Pitch: 4.0000
[INFO GRT-0088] Layer M2      Track-Pitch = 5.4000  line-2-Via Pitch: 5.3000
[INFO GRT-0003] Macros: 0
[INFO GRT-0004] Blockages: 670
[INFO GRT-0019] Found 0 clock nets.
[INFO GRT-0001] Minimum degree: 2
[INFO GRT-0002] Maximum degree: 15

[INFO GRT-0053] Routing resources analysis:
          Routing      Original      Derated      Resource
Layer     Direction    Resources     Resources    Reduction (%)
---------------------------------------------------------------
M1         Horizontal       9343          6109          34.61%
M2         Vertical        11151          7425          33.41%
---------------------------------------------------------------

[INFO GRT-0197] Via related to pin nodes: 12
[INFO GRT-0198] Via related Steiner nodes: 0
[INFO GRT-0199] Via filling finished.
[INFO GRT-0111] Final number of vias: 38
[INFO GRT-0112] Final usage 3D: 1350

[INFO GRT-0096] Final congestion report:
Layer         Resource        Demand        Usage (%)    Max H / Max V / Total Overflow
---------------------------------------------------------------------------------------
M1                6109            82            1.34%             0 /  0 /  0
M2                7425          1154           15.54%             7 /  0 / 390
---------------------------------------------------------------------------------------
Total            13534          1236            9.13%             7 /  0 / 390

[INFO GRT-0018] Total wirelength: 129033 um
[INFO GRT-0014] Routed nets: 86
[WARNING GRT-0704] Try reduce the layer adjustment from 30.000002% to 0%
[WARNING GRT-0115] Global routing finished with congestion. Check the congestion regions in the DRC Viewer.
[INFO GRT-0303] Global routing runtime = 00:00:00
[INFO DRT-0149] Reading tech and libs.

Units:                1000
Number of layers:     5
Number of macros:     40
Number of vias:       1
Number of viarulegen: 0

[INFO DRT-0150] Reading design.

Design:                   tr1um_spitx
Die area:                 ( 0 0 ) ( 2400000 2200000 )
Number of track patterns: 4
Number of DEF vias:       0
Number of components:     74
Number of terminals:      16
Number of snets:          2
Number of nets:           98

[INFO DRT-0167] List of default vias:
  Layer V1
    default via: M1M2_V1
[INFO DRT-0162] Library cell analysis.
[INFO DRT-0163] Instance analysis.
[INFO DRT-0164] Number of unique instances = 61.
[INFO DRT-0168] Init region query.
[INFO DRT-0024]   Complete FR_MASTERSLICE.
[INFO DRT-0024]   Complete Fr_VIA.
[INFO DRT-0024]   Complete M1.
[INFO DRT-0024]   Complete V1.
[INFO DRT-0024]   Complete M2.
[INFO DRT-0033] FR_MASTERSLICE shape region query size = 0.
[INFO DRT-0033] FR_VIA shape region query size = 0.
[INFO DRT-0033] M1 shape region query size = 823.
[INFO DRT-0033] V1 shape region query size = 442.
[INFO DRT-0033] M2 shape region query size = 387.
[INFO DRT-0165] Start pin access.
[INFO DRT-0078]   Complete 327 pins.
[INFO DRT-0081]   Complete 61 unique inst patterns.
[INFO DRT-0084]   Complete 74 groups.
#scanned instances     = 74
#unique  instances     = 61
#stdCellGenAp          = 999
#stdCellValidPlanarAp  = 911
#stdCellValidViaAp     = 2
#stdCellPinNoAp        = 0
#stdCellPinCnt         = 257
#instTermValidViaApCnt = 0
#macroGenAp            = 0
#macroValidPlanarAp    = 0
#macroValidViaAp       = 0
#macroNoAp             = 0
[INFO DRT-0166] Complete pin access.
[INFO DRT-0267] cpu time = 00:00:00, elapsed time = 00:00:00, memory = 132.52 (MB), peak = 132.52 (MB)

[INFO DRT-0157] Number of guides:     389

[INFO DRT-0169] Post process guides.
[INFO DRT-0176] GCELLGRID X 0 DO 29 STEP 81000 ;
[INFO DRT-0177] GCELLGRID Y 0 DO 27 STEP 81000 ;
[INFO DRT-0028]   Complete FR_MASTERSLICE.
[INFO DRT-0028]   Complete Fr_VIA.
[INFO DRT-0028]   Complete M1.
[INFO DRT-0028]   Complete V1.
[INFO DRT-0028]   Complete M2.
[INFO DRT-0178] Init guide query.
[INFO DRT-0035]   Complete FR_MASTERSLICE (guide).
[INFO DRT-0035]   Complete Fr_VIA (guide).
[INFO DRT-0035]   Complete M1 (guide).
[INFO DRT-0035]   Complete V1 (guide).
[INFO DRT-0035]   Complete M2 (guide).
[INFO DRT-0036] FR_MASTERSLICE guide region query size = 0.
[INFO DRT-0036] FR_VIA guide region query size = 0.
[INFO DRT-0036] M1 guide region query size = 410.
[INFO DRT-0036] V1 guide region query size = 0.
[INFO DRT-0036] M2 guide region query size = 546.
[INFO DRT-0179] Init gr pin query.
[INFO DRT-0267] cpu time = 00:00:00, elapsed time = 00:00:00, memory = 133.02 (MB), peak = 133.02 (MB)
[INFO DRT-0245] skipped writing guide updates to database.
[INFO DRT-0185] Post process initialize RPin region query.
[INFO DRT-0181] Start track assignment.
[INFO DRT-0184] Done with 546 vertical wires in 1 frboxes and 410 horizontal wires in 1 frboxes.
[INFO DRT-0186] Done with 95 vertical wires in 1 frboxes and 177 horizontal wires in 1 frboxes.
[INFO DRT-0182] Complete track assignment.
[INFO DRT-0267] cpu time = 00:00:00, elapsed time = 00:00:00, memory = 134.36 (MB), peak = 134.36 (MB)
[INFO DRT-0187] Start routing data preparation.
[INFO DRT-0267] cpu time = 00:00:00, elapsed time = 00:00:00, memory = 134.50 (MB), peak = 134.50 (MB)
[INFO DRT-0194] Start detail routing.
[INFO DRT-0195] Start 0th optimization iteration.
    Completing 10% with 0 violations.
    elapsed time = 00:00:00, memory = 136.20 (MB).
    Completing 20% with 0 violations.
    elapsed time = 00:00:01, memory = 140.92 (MB).
    Completing 30% with 0 violations.
    elapsed time = 00:00:01, memory = 140.95 (MB).
    Completing 40% with 46 violations.
    elapsed time = 00:00:01, memory = 141.05 (MB).
    Completing 50% with 46 violations.
    elapsed time = 00:00:01, memory = 141.09 (MB).
    Completing 60% with 46 violations.
    elapsed time = 00:00:01, memory = 141.19 (MB).
    Completing 70% with 79 violations.
    elapsed time = 00:00:02, memory = 141.23 (MB).
    Completing 80% with 79 violations.
    elapsed time = 00:00:02, memory = 141.23 (MB).
    Completing 90% with 107 violations.
    elapsed time = 00:00:02, memory = 141.28 (MB).
    Completing 100% with 141 violations.
    elapsed time = 00:00:02, memory = 141.30 (MB).
[INFO DRT-0199]   Number of violations = 141.
Viol/Layer          M2
Metal Spacing      103
NS Metal             1
Short               37
[INFO DRT-0267] cpu time = 00:00:02, elapsed time = 00:00:02, memory = 237.78 (MB), peak = 274.03 (MB)
Total wire length = 106313 um.
Total wire length on LAYER M1 = 36911 um.
Total wire length on LAYER M2 = 69402 um.
Total number of vias = 345.
Up-via summary (total 345):

----------------------
 FR_MASTERSLICE      0
             M1    345
----------------------
               345


[INFO DRT-0195] Start 1st optimization iteration.
    Completing 10% with 141 violations.
    elapsed time = 00:00:00, memory = 237.84 (MB).
    Completing 20% with 141 violations.
    elapsed time = 00:00:01, memory = 141.77 (MB).
    Completing 30% with 141 violations.
    elapsed time = 00:00:01, memory = 142.05 (MB).
    Completing 40% with 128 violations.
    elapsed time = 00:00:01, memory = 142.08 (MB).
    Completing 50% with 128 violations.
    elapsed time = 00:00:02, memory = 126.16 (MB).
    Completing 60% with 128 violations.
    elapsed time = 00:00:02, memory = 126.16 (MB).
    Completing 70% with 89 violations.
    elapsed time = 00:00:03, memory = 126.38 (MB).
    Completing 80% with 89 violations.
    elapsed time = 00:00:03, memory = 126.42 (MB).
    Completing 90% with 83 violations.
    elapsed time = 00:00:03, memory = 126.48 (MB).
    Completing 100% with 78 violations.
    elapsed time = 00:00:03, memory = 126.48 (MB).
[INFO DRT-0199]   Number of violations = 78.
Viol/Layer          M2
Metal Spacing       52
NS Metal             1
Short               25
[INFO DRT-0267] cpu time = 00:00:02, elapsed time = 00:00:03, memory = 167.95 (MB), peak = 274.03 (MB)
Total wire length = 105726 um.
Total wire length on LAYER M1 = 37289 um.
Total wire length on LAYER M2 = 68436 um.
Total number of vias = 332.
Up-via summary (total 332):

----------------------
 FR_MASTERSLICE      0
             M1    332
----------------------
               332


[INFO DRT-0195] Start 2nd optimization iteration.
    Completing 10% with 78 violations.
    elapsed time = 00:00:00, memory = 167.95 (MB).
    Completing 20% with 78 violations.
    elapsed time = 00:00:00, memory = 168.41 (MB).
    Completing 30% with 78 violations.
    elapsed time = 00:00:00, memory = 168.41 (MB).
    Completing 40% with 85 violations.
    elapsed time = 00:00:00, memory = 168.41 (MB).
    Completing 50% with 85 violations.
    elapsed time = 00:00:01, memory = 168.48 (MB).
    Completing 60% with 85 violations.
    elapsed time = 00:00:01, memory = 168.48 (MB).
    Completing 70% with 82 violations.
    elapsed time = 00:00:01, memory = 168.50 (MB).
    Completing 80% with 82 violations.
    elapsed time = 00:00:01, memory = 168.52 (MB).
    Completing 90% with 81 violations.
    elapsed time = 00:00:01, memory = 168.53 (MB).
    Completing 100% with 81 violations.
    elapsed time = 00:00:01, memory = 137.08 (MB).
[INFO DRT-0199]   Number of violations = 81.
Viol/Layer          M2
Metal Spacing       59
Short               22
[INFO DRT-0267] cpu time = 00:00:01, elapsed time = 00:00:01, memory = 192.97 (MB), peak = 274.03 (MB)
Total wire length = 105350 um.
Total wire length on LAYER M1 = 36987 um.
Total wire length on LAYER M2 = 68363 um.
Total number of vias = 328.
Up-via summary (total 328):

----------------------
 FR_MASTERSLICE      0
             M1    328
----------------------
               328


[INFO DRT-0195] Start 3rd guides tiles iteration.
    Completing 10% with 81 violations.
    elapsed time = 00:00:00, memory = 196.14 (MB).
    Completing 20% with 81 violations.
    elapsed time = 00:00:00, memory = 196.16 (MB).
    Completing 30% with 81 violations.
    elapsed time = 00:00:00, memory = 196.20 (MB).
    Completing 40% with 81 violations.
    elapsed time = 00:00:00, memory = 196.28 (MB).
    Completing 50% with 49 violations.
    elapsed time = 00:00:00, memory = 196.28 (MB).
    Completing 60% with 49 violations.
    elapsed time = 00:00:00, memory = 196.28 (MB).
    Completing 70% with 49 violations.
    elapsed time = 00:00:00, memory = 196.28 (MB).
    Completing 80% with 49 violations.
    elapsed time = 00:00:00, memory = 196.28 (MB).
    Completing 90% with 49 violations.
    elapsed time = 00:00:00, memory = 196.28 (MB).
    Completing 100% with 14 violations.
    elapsed time = 00:00:02, memory = 205.36 (MB).
[INFO DRT-0199]   Number of violations = 14.
Viol/Layer          M2
Metal Spacing        7
Short                7
[INFO DRT-0267] cpu time = 00:00:02, elapsed time = 00:00:02, memory = 205.38 (MB), peak = 274.03 (MB)
Total wire length = 105930 um.
Total wire length on LAYER M1 = 37370 um.
Total wire length on LAYER M2 = 68559 um.
Total number of vias = 338.
Up-via summary (total 338):

----------------------
 FR_MASTERSLICE      0
             M1    338
----------------------
               338


[INFO DRT-0195] Start 4th guides tiles iteration.
    Completing 20% with 14 violations.
    elapsed time = 00:00:00, memory = 205.39 (MB).
    Completing 40% with 14 violations.
    elapsed time = 00:00:00, memory = 205.39 (MB).
    Completing 60% with 14 violations.
    elapsed time = 00:00:00, memory = 205.39 (MB).
    Completing 80% with 14 violations.
    elapsed time = 00:00:00, memory = 205.39 (MB).
    Completing 100% with 8 violations.
    elapsed time = 00:00:00, memory = 202.00 (MB).
[INFO DRT-0199]   Number of violations = 8.
Viol/Layer          M2
Metal Spacing        3
Short                5
[INFO DRT-0267] cpu time = 00:00:00, elapsed time = 00:00:00, memory = 202.05 (MB), peak = 274.03 (MB)
Total wire length = 106015 um.
Total wire length on LAYER M1 = 37392 um.
Total wire length on LAYER M2 = 68623 um.
Total number of vias = 341.
Up-via summary (total 341):

----------------------
 FR_MASTERSLICE      0
             M1    341
----------------------
               341


[INFO DRT-0195] Start 5th guides tiles iteration.
    Completing 20% with 8 violations.
    elapsed time = 00:00:00, memory = 202.05 (MB).
    Completing 50% with 8 violations.
    elapsed time = 00:00:00, memory = 202.05 (MB).
    Completing 70% with 8 violations.
    elapsed time = 00:00:00, memory = 202.05 (MB).
    Completing 100% with 8 violations.
    elapsed time = 00:00:00, memory = 201.95 (MB).
[INFO DRT-0199]   Number of violations = 8.
Viol/Layer          M2
Metal Spacing        3
Short                5
[INFO DRT-0267] cpu time = 00:00:00, elapsed time = 00:00:00, memory = 201.95 (MB), peak = 274.03 (MB)
Total wire length = 105992 um.
Total wire length on LAYER M1 = 37413 um.
Total wire length on LAYER M2 = 68578 um.
Total number of vias = 344.
Up-via summary (total 344):

----------------------
 FR_MASTERSLICE      0
             M1    344
----------------------
               344


[INFO DRT-0195] Start 6th stubborn tiles iteration.
    Completing 10% with 8 violations.
    elapsed time = 00:00:01, memory = 205.80 (MB).
    Completing 20% with 8 violations.
    elapsed time = 00:00:03, memory = 207.02 (MB).
    Completing 30% with 8 violations.
    elapsed time = 00:00:04, memory = 213.02 (MB).
    Completing 40% with 8 violations.
    elapsed time = 00:00:06, memory = 217.34 (MB).
    Completing 50% with 8 violations.
    elapsed time = 00:00:06, memory = 222.27 (MB).
    Completing 60% with 8 violations.
    elapsed time = 00:00:07, memory = 227.78 (MB).
    Completing 70% with 8 violations.
    elapsed time = 00:00:07, memory = 230.88 (MB).
    Completing 80% with 2 violations.
    elapsed time = 00:00:10, memory = 201.73 (MB).
    Completing 90% with 2 violations.
    elapsed time = 00:00:13, memory = 171.44 (MB).
    Completing 100% with 0 violations.
    elapsed time = 00:00:15, memory = 181.38 (MB).
[INFO DRT-0199]   Number of violations = 0.
[INFO DRT-0267] cpu time = 00:00:15, elapsed time = 00:00:15, memory = 226.75 (MB), peak = 274.03 (MB)
Total wire length = 106245 um.
Total wire length on LAYER M1 = 37354 um.
Total wire length on LAYER M2 = 68891 um.
Total number of vias = 350.
Up-via summary (total 350):

----------------------
 FR_MASTERSLICE      0
             M1    350
----------------------
               350


[INFO DRT-0198] Complete detail routing.
Total wire length = 106245 um.
Total wire length on LAYER M1 = 37354 um.
Total wire length on LAYER M2 = 68891 um.
Total number of vias = 350.
Up-via summary (total 350):

----------------------
 FR_MASTERSLICE      0
             M1    350
----------------------
               350


[INFO DRT-0267] cpu time = 00:00:25, elapsed time = 00:00:26, memory = 226.94 (MB), peak = 274.03 (MB)

[INFO DRT-0180] Post processing.
+ [[ ! -f /Users/yanlu/Documents/TR-1um/flow/designs/tr1um_spitx/runs/triage-f24-affected/connected_power/openroad_detailed_route.drc ]]
+ [[ -s /Users/yanlu/Documents/TR-1um/flow/designs/tr1um_spitx/runs/triage-f24-affected/connected_power/openroad_detailed_route.drc ]]
+ python3 /Users/yanlu/Documents/TR-1um/flow/librelane_override/librelane/scripts/klayout/stream_out.py /Users/yanlu/Documents/TR-1um/flow/designs/tr1um_spitx/runs/triage-f24-affected/connected_power/tr1um_spitx.connected_power.def --output /Users/yanlu/Documents/TR-1um/flow/designs/tr1um_spitx/runs/triage-f24-affected/connected_power/tr1um_spitx.unlabeled.gds --top tr1um_spitx --conflict-resolution AddToCell --lyt /Users/yanlu/Documents/TR-1um/flow/pdk_root/TR-1um/libs.tech/klayout/tech/TR-1um.lyt --lyp /Users/yanlu/Documents/TR-1um/flow/pdk_root/TR-1um/libs.tech/klayout/tech/TR-1um.lyp --lym /Users/yanlu/Documents/TR-1um/flow/pdk_root/TR-1um/libs.tech/klayout/tech/def_layer_map.map --input-lef /Users/yanlu/Documents/TR-1um/flow/pdk_root/TR-1um/libs.ref/TR-1um_stdcell_access/lef/TR-1um_tech.lef --input-lef /Users/yanlu/Documents/TR-1um/flow/pdk_root/TR-1um/libs.ref/TR-1um_stdcell_access/lef/TR-1um_access_cells.lef --with-gds-file /Users/yanlu/Documents/TR-1um/flow/designs/tr1um_spitx/runs/triage-f24-affected/connected_power/TR-1um_known_good_cells.gds
Warning: No mapping for layer 'V1', purpose 'LEFOBS' - layer is ignored (line=40, cell=, file=tr1um_spitx.connected_power.def)
[INFO] Clearing cells…
[INFO] Merging GDS files…
[INFO] Copying top level cell 'tr1um_spitx'…
[INFO] Checking for missing GDS…
[INFO] All LEF cells have matching GDS cells.
[INFO] Writing out GDS '/Users/yanlu/Documents/TR-1um/flow/designs/tr1um_spitx/runs/triage-f24-affected/connected_power/tr1um_spitx.unlabeled.gds'…
[INFO] Done.
+ python3 /Users/yanlu/Documents/TR-1um/flow/scripts/signoff/add_def_pin_labels.py --input-gds /Users/yanlu/Documents/TR-1um/flow/designs/tr1um_spitx/runs/triage-f24-affected/connected_power/tr1um_spitx.unlabeled.gds --def /Users/yanlu/Documents/TR-1um/flow/designs/tr1um_spitx/runs/triage-f24-affected/connected_power/tr1um_spitx.connected_power.def --top tr1um_spitx --output-gds /Users/yanlu/Documents/TR-1um/flow/designs/tr1um_spitx/runs/triage-f24-affected/connected_power/tr1um_spitx.connected_power.gds
label VSS on M2 at (596.7, 3)um
label VDD on M2 at (1795.5, 3)um
label busy on M1 at (2398.2, 1368.9)um
label clk on M2 at (121.5, 2197)um
label data_in[0] on M2 at (596.7, 2197)um
label data_in[1] on M2 at (834.3, 2197)um
label data_in[2] on M2 at (1071.9, 2197)um
label data_in[3] on M2 at (1309.5, 2197)um
label data_in[4] on M2 at (1547.1, 2197)um
label data_in[5] on M2 at (1784.7, 2197)um
label data_in[6] on M2 at (2022.3, 2197)um
label data_in[7] on M2 at (2259.9, 2197)um
label done on M1 at (2398.2, 1914.3)um
label mosi on M1 at (2398.2, 823.5)um
label sclk on M1 at (2398.2, 278.1)um
label start on M2 at (359.1, 2197)um
wrote /Users/yanlu/Documents/TR-1um/flow/designs/tr1um_spitx/runs/triage-f24-affected/connected_power/tr1um_spitx.connected_power.gds: 16 top-level labels
+ TIE_NORMALIZED_GDS=/Users/yanlu/Documents/TR-1um/flow/designs/tr1um_spitx/runs/triage-f24-affected/connected_power/tr1um_spitx.tie_normalized.gds
+ python3 /Users/yanlu/Documents/TR-1um/flow/scripts/signoff/normalize_tie_cells.py --input /Users/yanlu/Documents/TR-1um/flow/designs/tr1um_spitx/runs/triage-f24-affected/connected_power/tr1um_spitx.connected_power.gds --output /Users/yanlu/Documents/TR-1um/flow/designs/tr1um_spitx/runs/triage-f24-affected/connected_power/tr1um_spitx.tie_normalized.gds
normalized tie-cell physical views: TIELO
+ mv -f -- /Users/yanlu/Documents/TR-1um/flow/designs/tr1um_spitx/runs/triage-f24-affected/connected_power/tr1um_spitx.tie_normalized.gds /Users/yanlu/Documents/TR-1um/flow/designs/tr1um_spitx/runs/triage-f24-affected/connected_power/tr1um_spitx.connected_power.gds
+ [[ -f /Users/yanlu/Documents/TR-1um/flow/designs/tr1um_spitx/postprocess_gds.py ]]
+ klayout -b -zz -r /Users/yanlu/Documents/TR-1um/flow/pdk_root/TR-1um/libs.tech/klayout/tech/drc/run.drc -rd input=/Users/yanlu/Documents/TR-1um/flow/designs/tr1um_spitx/runs/triage-f24-affected/connected_power/tr1um_spitx.connected_power.gds -rd top_cell=tr1um_spitx -rd report=/Users/yanlu/Documents/TR-1um/flow/designs/tr1um_spitx/runs/triage-f24-affected/connected_power/drawing_drc.lyrdb
+ tee /Users/yanlu/Documents/TR-1um/flow/designs/tr1um_spitx/runs/triage-f24-affected/connected_power/drawing_drc.log
+ python3 /Users/yanlu/Documents/TR-1um/flow/scripts/signoff/check_klayout_report.py /Users/yanlu/Documents/TR-1um/flow/designs/tr1um_spitx/runs/triage-f24-affected/connected_power/drawing_drc.lyrdb
OK: no hard KLayout items in /Users/yanlu/Documents/TR-1um/flow/designs/tr1um_spitx/runs/triage-f24-affected/connected_power/drawing_drc.lyrdb
+ python3 /Users/yanlu/Documents/TR-1um/flow/scripts/signoff/check_connected_power.py /Users/yanlu/Documents/TR-1um/flow/designs/tr1um_spitx/runs/triage-f24-affected/connected_power/tr1um_spitx.connected_power.gds tr1um_spitx
+ tee /Users/yanlu/Documents/TR-1um/flow/designs/tr1um_spitx/runs/triage-f24-affected/connected_power/connected_power.log
top=tr1um_spitx dbu=0.001 M1_components=653 M2_components=318 V1_shapes=672
ground: labels=62 distinct_conductive_components=1
power: labels=73 distinct_conductive_components=1
PASS: every labelled power terminal is connected to its supply network
+ klayout -b -zz -r /Users/yanlu/Documents/TR-1um/flow/pdk_root/TR-1um/libs.tech/klayout/tech/lvs/run.lvs -rd input=/Users/yanlu/Documents/TR-1um/flow/designs/tr1um_spitx/runs/triage-f24-affected/connected_power/tr1um_spitx.connected_power.gds -rd top_cell=tr1um_spitx -rd report=/Users/yanlu/Documents/TR-1um/flow/designs/tr1um_spitx/runs/triage-f24-affected/connected_power/extraction.lvsdb -rd extracted=/Users/yanlu/Documents/TR-1um/flow/designs/tr1um_spitx/runs/triage-f24-affected/connected_power/tr1um_spitx.connected_power.extracted -rd netlist_only
+ tee /Users/yanlu/Documents/TR-1um/flow/designs/tr1um_spitx/runs/triage-f24-affected/connected_power/extraction.log
Setting running mode => deep
Starting TR-1um LVS in Net Only Mode
Done
+ test -s /Users/yanlu/Documents/TR-1um/flow/designs/tr1um_spitx/runs/triage-f24-affected/connected_power/tr1um_spitx.connected_power.extracted
+ python3 /Users/yanlu/Documents/TR-1um/flow/scripts/signoff/check_extracted_instance_supplies.py /Users/yanlu/Documents/TR-1um/flow/designs/tr1um_spitx/runs/triage-f24-affected/connected_power/tr1um_spitx.placed_power.def /Users/yanlu/Documents/TR-1um/flow/designs/tr1um_spitx/runs/triage-f24-affected/connected_power/tr1um_spitx.connected_power.extracted tr1um_spitx
PASS: 73 extracted instances match the DEF and all connect to top-level VDD/VSS
+ python3 /Users/yanlu/Documents/TR-1um/flow/scripts/signoff/build_core_lvs_contract.py --physical-extracted /Users/yanlu/Documents/TR-1um/flow/designs/tr1um_spitx/runs/triage-f24-affected/connected_power/tr1um_spitx.connected_power.extracted --powered-netlist /Users/yanlu/Documents/TR-1um/flow/designs/tr1um_spitx/runs/triage-f24-affected/final/pnl/tr1um_spitx.pnl.v --cell-cdl /Users/yanlu/Documents/TR-1um/flow/pdk_root/TR-1um/libs.ref/TR-1um_stdcell_access/cdl/TR-1um_stdcell_access.cdl --cell-liberty /Users/yanlu/Documents/TR-1um/flow/pdk_root/TR-1um/libs.ref/TR-1um_stdcell_access/lib/TR-1um_stdcell_access_typ_5p0V_25C.lib --top tr1um_spitx --output /Users/yanlu/Documents/TR-1um/flow/designs/tr1um_spitx/runs/triage-f24-affected/connected_power/tr1um_spitx.strict.cir
wrote /Users/yanlu/Documents/TR-1um/flow/designs/tr1um_spitx/runs/triage-f24-affected/connected_power/tr1um_spitx.strict.cir: 73 instances, 10 cell types, top pins done busy clk mosi sclk data_in[7] data_in[6] data_in[5] data_in[4] data_in[3] data_in[2] data_in[1] data_in[0] start VDD VSS
+ klayout -b -zz -r /Users/yanlu/Documents/TR-1um/flow/pdk_root/TR-1um/libs.tech/klayout/tech/lvs/run.lvs -rd input=/Users/yanlu/Documents/TR-1um/flow/designs/tr1um_spitx/runs/triage-f24-affected/connected_power/tr1um_spitx.connected_power.gds -rd top_cell=tr1um_spitx -rd circuit=/Users/yanlu/Documents/TR-1um/flow/designs/tr1um_spitx/runs/triage-f24-affected/connected_power/tr1um_spitx.strict.cir -rd report=/Users/yanlu/Documents/TR-1um/flow/designs/tr1um_spitx/runs/triage-f24-affected/connected_power/lvs.lvsdb -rd extracted=/Users/yanlu/Documents/TR-1um/flow/designs/tr1um_spitx/runs/triage-f24-affected/connected_power/tr1um_spitx.lvs.extracted
+ tee /Users/yanlu/Documents/TR-1um/flow/designs/tr1um_spitx/runs/triage-f24-affected/connected_power/lvs.log
Setting running mode => deep
Starting TR-1um LVS Comparison in strict port mode
flag_missing_ports enabled: missing/mislabeled top-level ports are treated as errors
==========================================
INFO : Congratulations! Netlists match.
==========================================
+ grep -q 'Congratulations! Netlists match' /Users/yanlu/Documents/TR-1um/flow/designs/tr1um_spitx/runs/triage-f24-affected/connected_power/lvs.log
+ [[ 0 == 1 ]]
+ set +x
PASS: connected, DRC-clean, LVS-clean digital core GDS: /Users/yanlu/Documents/TR-1um/flow/designs/tr1um_spitx/runs/triage-f24-affected/connected_power/tr1um_spitx.connected_power.gds
Macro LEF: /Users/yanlu/Documents/TR-1um/flow/designs/tr1um_spitx/runs/triage-f24-affected/connected_power/tr1um_spitx.macro.lef
Reusable LVS contract: /Users/yanlu/Documents/TR-1um/flow/designs/tr1um_spitx/runs/triage-f24-affected/connected_power/tr1um_spitx.strict.cir
NOTE: this is a core-level result; the MPW frame/pad transition is not included.
+ set +x
PASS: RTL-to-GDS-to-LVS completed for tr1um_spitx (triage-f24-affected)
+ local status=0
+ set +x
----- Package hierarchical macro views -----
+ python3 /Users/yanlu/Documents/TR-1um/flow/scripts/signoff/package_digital_macro.py --run-dir /Users/yanlu/Documents/TR-1um/flow/designs/tr1um_spitx/runs/triage-f24-affected --top tr1um_spitx --output /Users/yanlu/Documents/TR-1um/flow/designs/artifacts/triage-f24-affected/tr1um_spitx
packaged hierarchical macro tr1um_spitx: 16 verified ports -> /Users/yanlu/Documents/TR-1um/flow/designs/artifacts/triage-f24-affected/tr1um_spitx
+ local status=0
+ set +x
