----- RTL simulation -----
+ make -C /Users/yanlu/Documents/TR-1um/flow/designs/tr1um_regfile4x4/src clean sim
rm -f tr1um_regfile4x4_tb.out
iverilog -g2012 -DSIMULATION -s tr1um_regfile4x4_tb -o tr1um_regfile4x4_tb.out tr1um_regfile4x4.v tr1um_regfile4x4_tb.v
vvp tr1um_regfile4x4_tb.out
PASS tr1um_regfile4x4
tr1um_regfile4x4_tb.v:31: $finish called at 54000 (1ps)
+ local status=0
+ set +x
----- Remove simulation product -----
+ make -C /Users/yanlu/Documents/TR-1um/flow/designs/tr1um_regfile4x4/src clean
rm -f tr1um_regfile4x4_tb.out
+ local status=0
+ set +x
----- RTL to connected-power GDS, DRC, and strict LVS -----
+ /Users/yanlu/Documents/TR-1um/flow/run_tr1um_digital.sh /Users/yanlu/Documents/TR-1um/flow/designs/tr1um_regfile4x4/config_access.yaml tr1um_regfile4x4 triage-f24-affected
+ /Users/yanlu/Documents/TR-1um/flow/run_librelane_tr1um_access.sh /Users/yanlu/Documents/TR-1um/flow/designs/tr1um_regfile4x4/config_access.yaml --run-tag triage-f24-affected
+ tr1um_prepare_librelane /Users/yanlu/Documents/TR-1um/flow
+ local flow_dir=/Users/yanlu/Documents/TR-1um/flow
+ export PYTHONPATH=/Users/yanlu/Documents/TR-1um/flow/librelane_override
+ PYTHONPATH=/Users/yanlu/Documents/TR-1um/flow/librelane_override
+ export PDK_ROOT=/Users/yanlu/Documents/TR-1um/flow/pdk_root
+ PDK_ROOT=/Users/yanlu/Documents/TR-1um/flow/pdk_root
+ export PDK=TR-1um
+ PDK=TR-1um
+ tr1um_run_librelane /Users/yanlu/Documents/TR-1um/flow/designs/tr1um_regfile4x4/config_access.yaml TR-1um_stdcell_access --run-tag triage-f24-affected
+ local config=/Users/yanlu/Documents/TR-1um/flow/designs/tr1um_regfile4x4/config_access.yaml
+ local scl=TR-1um_stdcell_access
+ shift 2
+ local design_dir config_name
+++ dirname /Users/yanlu/Documents/TR-1um/flow/designs/tr1um_regfile4x4/config_access.yaml
++ cd /Users/yanlu/Documents/TR-1um/flow/designs/tr1um_regfile4x4
++ pwd
+ design_dir=/Users/yanlu/Documents/TR-1um/flow/designs/tr1um_regfile4x4
++ basename /Users/yanlu/Documents/TR-1um/flow/designs/tr1um_regfile4x4/config_access.yaml
+ config_name=config_access.yaml
+ cd /Users/yanlu/Documents/TR-1um/flow/designs/tr1um_regfile4x4
+ args=('--manual-pdk')
+ local args
+ [[ -n TR-1um_stdcell_access ]]
+ args+=(--pdk-root "$PDK_ROOT" --pdk "$PDK" --scl "$scl")
+ command -v librelane
+ exec librelane --manual-pdk --pdk-root /Users/yanlu/Documents/TR-1um/flow/pdk_root --pdk TR-1um --scl TR-1um_stdcell_access config_access.yaml --run-tag triage-f24-affected
[17:19:40] INFO     Starting a new run of the 'Classic'' flow with   flow.py:654
                    the tag 'triage-f24-affected'.                              
[17:19:40] INFO     Starting…                                  sequential.py:339
──────────────────────────────── Verilator Lint ────────────────────────────────
[17:19:40] VERBOSE  Running 'Verilator.Lint' at                     step.py:1138
                    'runs/triage-f24-affected/01-verilator-lint'…               
[17:19:40] VERBOSE  Logging subprocess to                           step.py:1338
                    'runs/triage-f24-affected/01-verilator-lint/ver             
                    ilator-lint.log'…                                           
%Warning-PINMISSING:                                                            
/Users/yanlu/Documents/TR-1um/flow/designs/tr1um_regfile4x4/src/tr1um_regfile4x4
.v:22:11: Instance has missing pin: 'VDD'                                       
   22 |     TIELO reset_tie (.LO(inactive_reset));                              
      |           ^~~~~~~~~                                                     
                     /Users/yanlu/Documents/TR-1um/flow/designs/tr1um_regfile4x4
/runs/triage-f24-affected/tmp/86d6fd322bd145ba800697e7d83695f3.bb.v:477:18: ... 
Location of port declaration                                                    
  477 | module TIELO(LO, VDD, GND);                                             
      |                  ^~~                                                    
                     ... For warning description see                            
https://verilator.org/warn/PINMISSING?v=5.044                                   
                     ... Use "/* verilator lint_off PINMISSING */" and lint_on  
around source to disable this message.                                          
%Warning-PINMISSING:                                                            
/Users/yanlu/Documents/TR-1um/flow/designs/tr1um_regfile4x4/src/tr1um_regfile4x4
.v:22:11: Instance has missing pin: 'GND'                                       
   22 |     TIELO reset_tie (.LO(inactive_reset));                              
      |           ^~~~~~~~~                                                     
                     /Users/yanlu/Documents/TR-1um/flow/designs/tr1um_regfile4x4
/runs/triage-f24-affected/tmp/86d6fd322bd145ba800697e7d83695f3.bb.v:477:23: ... 
Location of port declaration                                                    
  477 | module TIELO(LO, VDD, GND);                                             
      |                       ^~~                                               
- V e r i l a t i o n   R e p o r t: Verilator 5.044 2026-01-01 rev v5.040      
- Verilator: Built from 0.083 MB sources in 43 modules, into 0.018 MB in 3 C++  
files needing 0.000 MB                                                          
- Verilator: Walltime 0.025 s (elab=0.005, cvt=0.010, bld=0.000); cpu 0.009 s on
1 threads; alloced 12.047 MB                                                    
────────────────────────── Lint Timing Errors Checker ──────────────────────────
[17:19:40] VERBOSE  Running 'Checker.LintTimingConstructs' at       step.py:1138
                    'runs/triage-f24-affected/02-checker-linttiming             
                    constructs'…                                                
[17:19:40] INFO     Check for Lint Timing Errors clear.           checker.py:412
───────────────────────────── Lint Errors Checker ──────────────────────────────
[17:19:40] VERBOSE  Running 'Checker.LintErrors' at                 step.py:1138
                    'runs/triage-f24-affected/03-checker-linterrors             
                    '…                                                          
[17:19:40] INFO     Check for Lint errors clear.                  checker.py:131
──────────────────────────── Lint Warnings Checker ─────────────────────────────
[17:19:40] VERBOSE  Running 'Checker.LintWarnings' at               step.py:1138
                    'runs/triage-f24-affected/04-checker-lintwarnin             
                    gs'…                                                        
[17:19:40] WARNING  2 Lint warnings found.                        checker.py:122
───────────────────────────── Generate JSON Header ─────────────────────────────
[17:19:40] VERBOSE  Running 'Yosys.JsonHeader' at                   step.py:1138
                    'runs/triage-f24-affected/05-yosys-jsonheader'…             
[17:19:40] VERBOSE  Logging subprocess to                           step.py:1338
                    'runs/triage-f24-affected/05-yosys-jsonheader/y             
                    osys-jsonheader.log'…                                       
                                                                                
 /----------------------------------------------------------------------------\ 
 |  yosys -- Yosys Open SYnthesis Suite                                       | 
 |  Copyright (C) 2012 - 2026  Claire Xenia Wolf <claire@yosyshq.com>         | 
 |  Distributed under an ISC-like license, type "license" to see terms        | 
 \----------------------------------------------------------------------------/ 
 Yosys 0.62 (git sha1 7326bb7d6641500ecb285c291a54a662cb1e76cf, clang++ 21.1.2  
-fPIC -O3)                                                                      
                                                                                
1. Executing Verilog-2005 frontend:                                             
/Users/yanlu/Documents/TR-1um/flow/designs/tr1um_regfile4x4/runs/triage-f24-affe
cted/tmp/86d6fd322bd145ba800697e7d83695f3.bb.v                                  
Parsing SystemVerilog input from                                                
`/Users/yanlu/Documents/TR-1um/flow/designs/tr1um_regfile4x4/runs/triage-f24-aff
ected/tmp/86d6fd322bd145ba800697e7d83695f3.bb.v' to AST representation.         
Generating RTLIL representation for module `\AND2_X1'.                          
Generating RTLIL representation for module `\AND3_X1'.                          
Generating RTLIL representation for module `\AND4_X1'.                          
Generating RTLIL representation for module `\BUF_X1'.                           
Generating RTLIL representation for module `\BUF_X12'.                          
Generating RTLIL representation for module `\BUF_X16'.                          
Generating RTLIL representation for module `\BUF_X2'.                           
Generating RTLIL representation for module `\BUF_X4'.                           
Generating RTLIL representation for module `\BUF_X8'.                           
Generating RTLIL representation for module `\CLKBUF_X1'.                        
Generating RTLIL representation for module `\CLKBUF_X12'.                       
Generating RTLIL representation for module `\CLKBUF_X16'.                       
Generating RTLIL representation for module `\CLKBUF_X2'.                        
Generating RTLIL representation for module `\CLKBUF_X4'.                        
Generating RTLIL representation for module `\CLKBUF_X8'.                        
Generating RTLIL representation for module `\DEL1'.                             
Generating RTLIL representation for module `\DEL2'.                             
Generating RTLIL representation for module `\DEL4'.                             
Generating RTLIL representation for module `\DFFR'.                             
Generating RTLIL representation for module `\DFFS'.                             
Generating RTLIL representation for module `\DIODE_N_X1'.                       
Generating RTLIL representation for module `\INV_X1'.                           
Generating RTLIL representation for module `\INV_X12'.                          
Generating RTLIL representation for module `\INV_X16'.                          
Generating RTLIL representation for module `\INV_X2'.                           
Generating RTLIL representation for module `\INV_X4'.                           
Generating RTLIL representation for module `\INV_X8'.                           
Generating RTLIL representation for module `\MUX2'.                             
Generating RTLIL representation for module `\NAND2'.                            
Generating RTLIL representation for module `\NAND3'.                            
Generating RTLIL representation for module `\NAND4'.                            
Generating RTLIL representation for module `\NOR2'.                             
Generating RTLIL representation for module `\NOR3'.                             
Generating RTLIL representation for module `\NOR4'.                             
Generating RTLIL representation for module `\OR2'.                              
Generating RTLIL representation for module `\OR3'.                              
Generating RTLIL representation for module `\OR4'.                              
Generating RTLIL representation for module `\TIEHI'.                            
Generating RTLIL representation for module `\TIELO'.                            
Generating RTLIL representation for module `\XNOR2'.                            
Generating RTLIL representation for module `\XOR2'.                             
Successfully finished Verilog frontend.                                         
                                                                                
2. Executing Verilog-2005 frontend:                                             
/Users/yanlu/Documents/TR-1um/flow/designs/tr1um_regfile4x4/src/tr1um_regfile4x4
.v                                                                              
Parsing SystemVerilog input from                                                
`/Users/yanlu/Documents/TR-1um/flow/designs/tr1um_regfile4x4/src/tr1um_regfile4x
4.v' to AST representation.                                                     
Storing AST representation for module `$abstract\tr1um_regfile4x4'.             
Successfully finished Verilog frontend.                                         
                                                                                
3. Executing HIERARCHY pass (managing design hierarchy).                        
                                                                                
4. Executing AST frontend in derive mode using pre-parsed AST for module        
`\tr1um_regfile4x4'.                                                            
Generating RTLIL representation for module `\tr1um_regfile4x4'.                 
Warning: Replacing memory \memory with list of registers. See                   
/Users/yanlu/Documents/TR-1um/flow/designs/tr1um_regfile4x4/src/tr1um_regfile4x4
.v:30                                                                           
                                                                                
4.1. Analyzing design hierarchy..                                               
Top module:  \tr1um_regfile4x4                                                  
                                                                                
4.2. Analyzing design hierarchy..                                               
Top module:  \tr1um_regfile4x4                                                  
Removing unused module `$abstract\tr1um_regfile4x4'.                            
Removed 1 unused modules.                                                       
Renaming module tr1um_regfile4x4 to tr1um_regfile4x4.                           
                                                                                
5. Executing PROC pass (convert processes to netlists).                         
                                                                                
5.1. Executing PROC_CLEAN pass (remove empty switches from decision trees).     
Cleaned up 0 empty switches.                                                    
                                                                                
5.2. Executing PROC_RMDEAD pass (remove dead branches from decision trees).     
Removed 1 dead cases from process                                               
$proc$/Users/yanlu/Documents/TR-1um/flow/designs/tr1um_regfile4x4/src/tr1um_regf
ile4x4.v:25$11 in module tr1um_regfile4x4.                                      
Marked 1 switch rules as full_case in process                                   
$proc$/Users/yanlu/Documents/TR-1um/flow/designs/tr1um_regfile4x4/src/tr1um_regf
ile4x4.v:25$11 in module tr1um_regfile4x4.                                      
Marked 3 switch rules as full_case in process                                   
$proc$/Users/yanlu/Documents/TR-1um/flow/designs/tr1um_regfile4x4/src/tr1um_regf
ile4x4.v:27$4 in module tr1um_regfile4x4.                                       
Removed a total of 1 dead cases.                                                
                                                                                
5.3. Executing PROC_PRUNE pass (remove redundant assignments in processes).     
Removed 0 redundant assignments.                                                
Promoted 4 assignments to connections.                                          
                                                                                
5.4. Executing PROC_INIT pass (extract init attributes).                        
                                                                                
5.5. Executing PROC_ARST pass (detect async resets in processes).               
Found async reset \inactive_reset in                                            
`\tr1um_regfile4x4.$proc$/Users/yanlu/Documents/TR-1um/flow/designs/tr1um_regfil
e4x4/src/tr1um_regfile4x4.v:27$4'.                                              
                                                                                
5.6. Executing PROC_ROM pass (convert switches to ROMs).                        
Converted 0 switches.                                                           
<suppressed ~3 debug messages>                                                  
                                                                                
5.7. Executing PROC_MUX pass (convert decision trees to multiplexers).          
Creating decoders for process                                                   
`\tr1um_regfile4x4.$proc$/Users/yanlu/Documents/TR-1um/flow/designs/tr1um_regfil
e4x4/src/tr1um_regfile4x4.v:25$11'.                                             
     1/1:                                                                       
$1$mem2reg_rd$\memory$/Users/yanlu/Documents/TR-1um/flow/designs/tr1um_regfile4x
4/src/tr1um_regfile4x4.v:25$2_DATA[3:0]$13                                      
Creating decoders for process                                                   
`\tr1um_regfile4x4.$proc$/Users/yanlu/Documents/TR-1um/flow/designs/tr1um_regfil
e4x4/src/tr1um_regfile4x4.v:27$4'.                                              
     1/9:                                                                       
$2$mem2reg_wr$\memory$/Users/yanlu/Documents/TR-1um/flow/designs/tr1um_regfile4x
4/src/tr1um_regfile4x4.v:32$3_ADDR[1:0]$9                                       
     2/9:                                                                       
$2$mem2reg_wr$\memory$/Users/yanlu/Documents/TR-1um/flow/designs/tr1um_regfile4x
4/src/tr1um_regfile4x4.v:32$3_DATA[3:0]$10                                      
     3/9:                                                                       
$1$mem2reg_wr$\memory$/Users/yanlu/Documents/TR-1um/flow/designs/tr1um_regfile4x
4/src/tr1um_regfile4x4.v:32$3_DATA[3:0]$8                                       
     4/9:                                                                       
$1$mem2reg_wr$\memory$/Users/yanlu/Documents/TR-1um/flow/designs/tr1um_regfile4x
4/src/tr1um_regfile4x4.v:32$3_ADDR[1:0]$7                                       
     5/9: $1\i[31:0]                                                            
     6/9: $0\memory[3][3:0]                                                     
     7/9: $0\memory[2][3:0]                                                     
     8/9: $0\memory[1][3:0]                                                     
     9/9: $0\memory[0][3:0]                                                     
                                                                                
5.8. Executing PROC_DLATCH pass (convert process syncs to latches).             
No latch inferred for signal                                                    
`\tr1um_regfile4x4.$mem2reg_rd$\memory$/Users/yanlu/Documents/TR-1um/flow/design
s/tr1um_regfile4x4/src/tr1um_regfile4x4.v:25$2_DATA' from process               
`\tr1um_regfile4x4.$proc$/Users/yanlu/Documents/TR-1um/flow/designs/tr1um_regfil
e4x4/src/tr1um_regfile4x4.v:25$11'.                                             
                                                                                
5.9. Executing PROC_DFF pass (convert process syncs to FFs).                    
Creating register for signal `\tr1um_regfile4x4.\i' using process               
`\tr1um_regfile4x4.$proc$/Users/yanlu/Documents/TR-1um/flow/designs/tr1um_regfil
e4x4/src/tr1um_regfile4x4.v:27$4'.                                              
  created $adff cell `$procdff$53' with positive edge clock and positive level  
reset.                                                                          
Creating register for signal `\tr1um_regfile4x4.\memory[0]' using process       
`\tr1um_regfile4x4.$proc$/Users/yanlu/Documents/TR-1um/flow/designs/tr1um_regfil
e4x4/src/tr1um_regfile4x4.v:27$4'.                                              
  created $adff cell `$procdff$56' with positive edge clock and positive level  
reset.                                                                          
Creating register for signal `\tr1um_regfile4x4.\memory[1]' using process       
`\tr1um_regfile4x4.$proc$/Users/yanlu/Documents/TR-1um/flow/designs/tr1um_regfil
e4x4/src/tr1um_regfile4x4.v:27$4'.                                              
  created $adff cell `$procdff$59' with positive edge clock and positive level  
reset.                                                                          
Creating register for signal `\tr1um_regfile4x4.\memory[2]' using process       
`\tr1um_regfile4x4.$proc$/Users/yanlu/Documents/TR-1um/flow/designs/tr1um_regfil
e4x4/src/tr1um_regfile4x4.v:27$4'.                                              
  created $adff cell `$procdff$62' with positive edge clock and positive level  
reset.                                                                          
Creating register for signal `\tr1um_regfile4x4.\memory[3]' using process       
`\tr1um_regfile4x4.$proc$/Users/yanlu/Documents/TR-1um/flow/designs/tr1um_regfil
e4x4/src/tr1um_regfile4x4.v:27$4'.                                              
  created $adff cell `$procdff$65' with positive edge clock and positive level  
reset.                                                                          
Creating register for signal                                                    
`\tr1um_regfile4x4.$mem2reg_wr$\memory$/Users/yanlu/Documents/TR-1um/flow/design
s/tr1um_regfile4x4/src/tr1um_regfile4x4.v:32$3_ADDR' using process              
`\tr1um_regfile4x4.$proc$/Users/yanlu/Documents/TR-1um/flow/designs/tr1um_regfil
e4x4/src/tr1um_regfile4x4.v:27$4'.                                              
  created $adff cell `$procdff$68' with positive edge clock and positive level  
reset.                                                                          
Creating register for signal                                                    
`\tr1um_regfile4x4.$mem2reg_wr$\memory$/Users/yanlu/Documents/TR-1um/flow/design
s/tr1um_regfile4x4/src/tr1um_regfile4x4.v:32$3_DATA' using process              
`\tr1um_regfile4x4.$proc$/Users/yanlu/Documents/TR-1um/flow/designs/tr1um_regfil
e4x4/src/tr1um_regfile4x4.v:27$4'.                                              
  created $adff cell `$procdff$71' with positive edge clock and positive level  
reset.                                                                          
                                                                                
5.10. Executing PROC_MEMWR pass (convert process memory writes to cells).       
                                                                                
5.11. Executing PROC_CLEAN pass (remove empty switches from decision trees).    
Found and cleaned up 1 empty switch in                                          
`\tr1um_regfile4x4.$proc$/Users/yanlu/Documents/TR-1um/flow/designs/tr1um_regfil
e4x4/src/tr1um_regfile4x4.v:25$11'.                                             
Removing empty process                                                          
`tr1um_regfile4x4.$proc$/Users/yanlu/Documents/TR-1um/flow/designs/tr1um_regfile
4x4/src/tr1um_regfile4x4.v:25$11'.                                              
Found and cleaned up 2 empty switches in                                        
`\tr1um_regfile4x4.$proc$/Users/yanlu/Documents/TR-1um/flow/designs/tr1um_regfil
e4x4/src/tr1um_regfile4x4.v:27$4'.                                              
Removing empty process                                                          
`tr1um_regfile4x4.$proc$/Users/yanlu/Documents/TR-1um/flow/designs/tr1um_regfile
4x4/src/tr1um_regfile4x4.v:27$4'.                                               
Cleaned up 3 empty switches.                                                    
                                                                                
5.12. Executing OPT_EXPR pass (perform const folding).                          
Optimizing module tr1um_regfile4x4.                                             
<suppressed ~9 debug messages>                                                  
                                                                                
6. Executing FLATTEN pass (flatten design).                                     
                                                                                
7. Executing OPT_CLEAN pass (remove unused cells and wires).                    
Finding unused cells or wires in module \tr1um_regfile4x4..                     
Removed 5 unused cells and 35 unused wires.                                     
<suppressed ~7 debug messages>                                                  
────────────────────────────────── Synthesis ───────────────────────────────────
[17:19:40] VERBOSE  Running 'Yosys.Synthesis' at                    step.py:1138
                    'runs/triage-f24-affected/06-yosys-synthesis'…              
[17:19:40] VERBOSE  Logging subprocess to                           step.py:1338
                    'runs/triage-f24-affected/06-yosys-synthesis/yo             
                    sys-synthesis.log'…                                         
                                                                                
 /----------------------------------------------------------------------------\ 
 |  yosys -- Yosys Open SYnthesis Suite                                       | 
 |  Copyright (C) 2012 - 2026  Claire Xenia Wolf <claire@yosyshq.com>         | 
 |  Distributed under an ISC-like license, type "license" to see terms        | 
 \----------------------------------------------------------------------------/ 
 Yosys 0.62 (git sha1 7326bb7d6641500ecb285c291a54a662cb1e76cf, clang++ 21.1.2  
-fPIC -O3)                                                                      
                                                                                
1. Executing Liberty frontend:                                                  
/Users/yanlu/Documents/TR-1um/flow/pdk_root/TR-1um/libs.ref/TR-1um_stdcell_acces
s/lib/TR-1um_stdcell_access_typ_5p0V_25C.lib                                    
Imported 40 cell types from liberty file.                                       
[INFO] Using SDC file                                                           
'/Users/yanlu/Documents/TR-1um/flow/designs/tr1um_regfile4x4/runs/triage-f24-aff
ected/06-yosys-synthesis/synthesis.abc.sdc' for ABC…                            
                                                                                
2. Executing Verilog-2005 frontend:                                             
/Users/yanlu/Documents/TR-1um/flow/designs/tr1um_regfile4x4/src/tr1um_regfile4x4
.v                                                                              
Parsing SystemVerilog input from                                                
`/Users/yanlu/Documents/TR-1um/flow/designs/tr1um_regfile4x4/src/tr1um_regfile4x
4.v' to AST representation.                                                     
Storing AST representation for module `$abstract\tr1um_regfile4x4'.             
Successfully finished Verilog frontend.                                         
                                                                                
3. Executing HIERARCHY pass (managing design hierarchy).                        
                                                                                
4. Executing AST frontend in derive mode using pre-parsed AST for module        
`\tr1um_regfile4x4'.                                                            
Generating RTLIL representation for module `\tr1um_regfile4x4'.                 
Warning: Replacing memory \memory with list of registers. See                   
/Users/yanlu/Documents/TR-1um/flow/designs/tr1um_regfile4x4/src/tr1um_regfile4x4
.v:30                                                                           
                                                                                
4.1. Analyzing design hierarchy..                                               
Top module:  \tr1um_regfile4x4                                                  
                                                                                
4.2. Analyzing design hierarchy..                                               
Top module:  \tr1um_regfile4x4                                                  
Removing unused module `$abstract\tr1um_regfile4x4'.                            
Removed 1 unused modules.                                                       
Renaming module tr1um_regfile4x4 to tr1um_regfile4x4.                           
                                                                                
5. Executing ATTRMAP pass (move or copy attributes).                            
                                                                                
6. Executing HIERARCHY pass (managing design hierarchy).                        
                                                                                
6.1. Analyzing design hierarchy..                                               
Top module:  \tr1um_regfile4x4                                                  
                                                                                
6.2. Analyzing design hierarchy..                                               
Top module:  \tr1um_regfile4x4                                                  
Removed 0 unused modules.                                                       
                                                                                
7. Executing PROC_CLEAN pass (remove empty switches from decision trees).       
Cleaned up 0 empty switches.                                                    
                                                                                
8. Executing PROC_RMDEAD pass (remove dead branches from decision trees).       
Removed 1 dead cases from process                                               
$proc$/Users/yanlu/Documents/TR-1um/flow/designs/tr1um_regfile4x4/src/tr1um_regf
ile4x4.v:25$11 in module tr1um_regfile4x4.                                      
Marked 1 switch rules as full_case in process                                   
$proc$/Users/yanlu/Documents/TR-1um/flow/designs/tr1um_regfile4x4/src/tr1um_regf
ile4x4.v:25$11 in module tr1um_regfile4x4.                                      
Marked 3 switch rules as full_case in process                                   
$proc$/Users/yanlu/Documents/TR-1um/flow/designs/tr1um_regfile4x4/src/tr1um_regf
ile4x4.v:27$4 in module tr1um_regfile4x4.                                       
Removed a total of 1 dead cases.                                                
                                                                                
9. Executing PROC_PRUNE pass (remove redundant assignments in processes).       
Removed 0 redundant assignments.                                                
Promoted 4 assignments to connections.                                          
                                                                                
10. Executing PROC_INIT pass (extract init attributes).                         
                                                                                
11. Executing PROC_ARST pass (detect async resets in processes).                
Found async reset \inactive_reset in                                            
`\tr1um_regfile4x4.$proc$/Users/yanlu/Documents/TR-1um/flow/designs/tr1um_regfil
e4x4/src/tr1um_regfile4x4.v:27$4'.                                              
                                                                                
12. Executing PROC_ROM pass (convert switches to ROMs).                         
Converted 0 switches.                                                           
<suppressed ~3 debug messages>                                                  
                                                                                
13. Executing PROC_MUX pass (convert decision trees to multiplexers).           
Creating decoders for process                                                   
`\tr1um_regfile4x4.$proc$/Users/yanlu/Documents/TR-1um/flow/designs/tr1um_regfil
e4x4/src/tr1um_regfile4x4.v:25$11'.                                             
     1/1:                                                                       
$1$mem2reg_rd$\memory$/Users/yanlu/Documents/TR-1um/flow/designs/tr1um_regfile4x
4/src/tr1um_regfile4x4.v:25$2_DATA[3:0]$13                                      
Creating decoders for process                                                   
`\tr1um_regfile4x4.$proc$/Users/yanlu/Documents/TR-1um/flow/designs/tr1um_regfil
e4x4/src/tr1um_regfile4x4.v:27$4'.                                              
     1/9:                                                                       
$2$mem2reg_wr$\memory$/Users/yanlu/Documents/TR-1um/flow/designs/tr1um_regfile4x
4/src/tr1um_regfile4x4.v:32$3_ADDR[1:0]$9                                       
     2/9:                                                                       
$2$mem2reg_wr$\memory$/Users/yanlu/Documents/TR-1um/flow/designs/tr1um_regfile4x
4/src/tr1um_regfile4x4.v:32$3_DATA[3:0]$10                                      
     3/9:                                                                       
$1$mem2reg_wr$\memory$/Users/yanlu/Documents/TR-1um/flow/designs/tr1um_regfile4x
4/src/tr1um_regfile4x4.v:32$3_DATA[3:0]$8                                       
     4/9:                                                                       
$1$mem2reg_wr$\memory$/Users/yanlu/Documents/TR-1um/flow/designs/tr1um_regfile4x
4/src/tr1um_regfile4x4.v:32$3_ADDR[1:0]$7                                       
     5/9: $1\i[31:0]                                                            
     6/9: $0\memory[3][3:0]                                                     
     7/9: $0\memory[2][3:0]                                                     
     8/9: $0\memory[1][3:0]                                                     
     9/9: $0\memory[0][3:0]                                                     
                                                                                
14. Executing PROC_DLATCH pass (convert process syncs to latches).              
No latch inferred for signal                                                    
`\tr1um_regfile4x4.$mem2reg_rd$\memory$/Users/yanlu/Documents/TR-1um/flow/design
s/tr1um_regfile4x4/src/tr1um_regfile4x4.v:25$2_DATA' from process               
`\tr1um_regfile4x4.$proc$/Users/yanlu/Documents/TR-1um/flow/designs/tr1um_regfil
e4x4/src/tr1um_regfile4x4.v:25$11'.                                             
                                                                                
15. Executing PROC_DFF pass (convert process syncs to FFs).                     
Creating register for signal `\tr1um_regfile4x4.\i' using process               
`\tr1um_regfile4x4.$proc$/Users/yanlu/Documents/TR-1um/flow/designs/tr1um_regfil
e4x4/src/tr1um_regfile4x4.v:27$4'.                                              
  created $adff cell `$procdff$53' with positive edge clock and positive level  
reset.                                                                          
Creating register for signal `\tr1um_regfile4x4.\memory[0]' using process       
`\tr1um_regfile4x4.$proc$/Users/yanlu/Documents/TR-1um/flow/designs/tr1um_regfil
e4x4/src/tr1um_regfile4x4.v:27$4'.                                              
  created $adff cell `$procdff$56' with positive edge clock and positive level  
reset.                                                                          
Creating register for signal `\tr1um_regfile4x4.\memory[1]' using process       
`\tr1um_regfile4x4.$proc$/Users/yanlu/Documents/TR-1um/flow/designs/tr1um_regfil
e4x4/src/tr1um_regfile4x4.v:27$4'.                                              
  created $adff cell `$procdff$59' with positive edge clock and positive level  
reset.                                                                          
Creating register for signal `\tr1um_regfile4x4.\memory[2]' using process       
`\tr1um_regfile4x4.$proc$/Users/yanlu/Documents/TR-1um/flow/designs/tr1um_regfil
e4x4/src/tr1um_regfile4x4.v:27$4'.                                              
  created $adff cell `$procdff$62' with positive edge clock and positive level  
reset.                                                                          
Creating register for signal `\tr1um_regfile4x4.\memory[3]' using process       
`\tr1um_regfile4x4.$proc$/Users/yanlu/Documents/TR-1um/flow/designs/tr1um_regfil
e4x4/src/tr1um_regfile4x4.v:27$4'.                                              
  created $adff cell `$procdff$65' with positive edge clock and positive level  
reset.                                                                          
Creating register for signal                                                    
`\tr1um_regfile4x4.$mem2reg_wr$\memory$/Users/yanlu/Documents/TR-1um/flow/design
s/tr1um_regfile4x4/src/tr1um_regfile4x4.v:32$3_ADDR' using process              
`\tr1um_regfile4x4.$proc$/Users/yanlu/Documents/TR-1um/flow/designs/tr1um_regfil
e4x4/src/tr1um_regfile4x4.v:27$4'.                                              
  created $adff cell `$procdff$68' with positive edge clock and positive level  
reset.                                                                          
Creating register for signal                                                    
`\tr1um_regfile4x4.$mem2reg_wr$\memory$/Users/yanlu/Documents/TR-1um/flow/design
s/tr1um_regfile4x4/src/tr1um_regfile4x4.v:32$3_DATA' using process              
`\tr1um_regfile4x4.$proc$/Users/yanlu/Documents/TR-1um/flow/designs/tr1um_regfil
e4x4/src/tr1um_regfile4x4.v:27$4'.                                              
  created $adff cell `$procdff$71' with positive edge clock and positive level  
reset.                                                                          
                                                                                
16. Executing PROC_MEMWR pass (convert process memory writes to cells).         
                                                                                
17. Executing PROC_CLEAN pass (remove empty switches from decision trees).      
Found and cleaned up 1 empty switch in                                          
`\tr1um_regfile4x4.$proc$/Users/yanlu/Documents/TR-1um/flow/designs/tr1um_regfil
e4x4/src/tr1um_regfile4x4.v:25$11'.                                             
Removing empty process                                                          
`tr1um_regfile4x4.$proc$/Users/yanlu/Documents/TR-1um/flow/designs/tr1um_regfile
4x4/src/tr1um_regfile4x4.v:25$11'.                                              
Found and cleaned up 2 empty switches in                                        
`\tr1um_regfile4x4.$proc$/Users/yanlu/Documents/TR-1um/flow/designs/tr1um_regfil
e4x4/src/tr1um_regfile4x4.v:27$4'.                                              
Removing empty process                                                          
`tr1um_regfile4x4.$proc$/Users/yanlu/Documents/TR-1um/flow/designs/tr1um_regfile
4x4/src/tr1um_regfile4x4.v:27$4'.                                               
Cleaned up 3 empty switches.                                                    
                                                                                
18. Executing CHECK pass (checking for obvious problems).                       
Checking module tr1um_regfile4x4...                                             
Found and reported 0 problems.                                                  
                                                                                
19. Executing OPT_EXPR pass (perform const folding).                            
Optimizing module tr1um_regfile4x4.                                             
<suppressed ~9 debug messages>                                                  
                                                                                
20. Executing FLATTEN pass (flatten design).                                    
                                                                                
21. Executing OPT_EXPR pass (perform const folding).                            
Optimizing module tr1um_regfile4x4.                                             
                                                                                
22. Executing OPT_CLEAN pass (remove unused cells and wires).                   
Finding unused cells or wires in module \tr1um_regfile4x4..                     
Removed 5 unused cells and 35 unused wires.                                     
<suppressed ~7 debug messages>                                                  
                                                                                
23. Executing OPT_EXPR pass (perform const folding).                            
Optimizing module tr1um_regfile4x4.                                             
                                                                                
24. Executing OPT_MERGE pass (detect identical cells).                          
Finding identical cells in module `\tr1um_regfile4x4'.                          
Computing hashes of 22 cells of `\tr1um_regfile4x4'.                            
Finding duplicate cells in `\tr1um_regfile4x4'.                                 
Removed a total of 0 cells.                                                     
                                                                                
25. Executing OPT_MUXTREE pass (detect dead branches in mux trees).             
Running muxtree optimizer on module \tr1um_regfile4x4..                         
  Creating internal representation of mux trees.                                
  Evaluating internal representation of mux trees.                              
  Analyzing evaluation results.                                                 
Removed 0 multiplexer ports.                                                    
<suppressed ~14 debug messages>                                                 
                                                                                
26. Executing OPT_REDUCE pass (consolidate $*mux and $reduce_* inputs).         
  Optimizing cells in module \tr1um_regfile4x4.                                 
Performed a total of 0 changes.                                                 
                                                                                
27. Executing OPT_MERGE pass (detect identical cells).                          
Finding identical cells in module `\tr1um_regfile4x4'.                          
Computing hashes of 22 cells of `\tr1um_regfile4x4'.                            
Finding duplicate cells in `\tr1um_regfile4x4'.                                 
Removed a total of 0 cells.                                                     
                                                                                
28. Executing OPT_DFF pass (perform DFF optimizations).                         
                                                                                
29. Executing OPT_CLEAN pass (remove unused cells and wires).                   
Finding unused cells or wires in module \tr1um_regfile4x4..                     
                                                                                
30. Executing OPT_EXPR pass (perform const folding).                            
Optimizing module tr1um_regfile4x4.                                             
                                                                                
31. Executing FSM pass (extract and optimize FSM).                              
                                                                                
31.1. Executing FSM_DETECT pass (finding FSMs in design).                       
                                                                                
31.2. Executing FSM_EXTRACT pass (extracting FSM from design).                  
                                                                                
31.3. Executing FSM_OPT pass (simple optimizations of FSMs).                    
                                                                                
31.4. Executing OPT_CLEAN pass (remove unused cells and wires).                 
Finding unused cells or wires in module \tr1um_regfile4x4..                     
                                                                                
31.5. Executing FSM_OPT pass (simple optimizations of FSMs).                    
                                                                                
31.6. Executing FSM_RECODE pass (re-assigning FSM state encoding).              
                                                                                
31.7. Executing FSM_INFO pass (dumping all available information on FSM cells). 
                                                                                
31.8. Executing FSM_MAP pass (mapping FSMs to basic logic).                     
                                                                                
32. Executing OPT_EXPR pass (perform const folding).                            
Optimizing module tr1um_regfile4x4.                                             
                                                                                
33. Executing OPT_MERGE pass (detect identical cells).                          
Finding identical cells in module `\tr1um_regfile4x4'.                          
Computing hashes of 22 cells of `\tr1um_regfile4x4'.                            
Finding duplicate cells in `\tr1um_regfile4x4'.                                 
Removed a total of 0 cells.                                                     
                                                                                
34. Executing OPT_MUXTREE pass (detect dead branches in mux trees).             
Running muxtree optimizer on module \tr1um_regfile4x4..                         
  Creating internal representation of mux trees.                                
  Evaluating internal representation of mux trees.                              
  Analyzing evaluation results.                                                 
Removed 0 multiplexer ports.                                                    
<suppressed ~14 debug messages>                                                 
                                                                                
35. Executing OPT_REDUCE pass (consolidate $*mux and $reduce_* inputs).         
  Optimizing cells in module \tr1um_regfile4x4.                                 
Performed a total of 0 changes.                                                 
                                                                                
36. Executing OPT_MERGE pass (detect identical cells).                          
Finding identical cells in module `\tr1um_regfile4x4'.                          
Computing hashes of 22 cells of `\tr1um_regfile4x4'.                            
Finding duplicate cells in `\tr1um_regfile4x4'.                                 
Removed a total of 0 cells.                                                     
                                                                                
37. Executing OPT_DFF pass (perform DFF optimizations).                         
Adding EN signal on $procdff$65 ($adff) from module tr1um_regfile4x4 (D =       
\write_data, Q = \memory[3]).                                                   
Adding EN signal on $procdff$62 ($adff) from module tr1um_regfile4x4 (D =       
\write_data, Q = \memory[2]).                                                   
Adding EN signal on $procdff$59 ($adff) from module tr1um_regfile4x4 (D =       
\write_data, Q = \memory[1]).                                                   
Adding EN signal on $procdff$56 ($adff) from module tr1um_regfile4x4 (D =       
\write_data, Q = \memory[0]).                                                   
                                                                                
38. Executing OPT_CLEAN pass (remove unused cells and wires).                   
Finding unused cells or wires in module \tr1um_regfile4x4..                     
Removed 8 unused cells and 8 unused wires.                                      
<suppressed ~9 debug messages>                                                  
                                                                                
39. Executing OPT_EXPR pass (perform const folding).                            
Optimizing module tr1um_regfile4x4.                                             
                                                                                
40. Rerunning OPT passes. (Maybe there is more to do…)                          
                                                                                
41. Executing OPT_MUXTREE pass (detect dead branches in mux trees).             
Running muxtree optimizer on module \tr1um_regfile4x4..                         
  Creating internal representation of mux trees.                                
  Evaluating internal representation of mux trees.                              
  Analyzing evaluation results.                                                 
Removed 0 multiplexer ports.                                                    
<suppressed ~2 debug messages>                                                  
                                                                                
42. Executing OPT_REDUCE pass (consolidate $*mux and $reduce_* inputs).         
  Optimizing cells in module \tr1um_regfile4x4.                                 
Performed a total of 0 changes.                                                 
                                                                                
43. Executing OPT_MERGE pass (detect identical cells).                          
Finding identical cells in module `\tr1um_regfile4x4'.                          
Computing hashes of 18 cells of `\tr1um_regfile4x4'.                            
Finding duplicate cells in `\tr1um_regfile4x4'.                                 
Removed a total of 0 cells.                                                     
                                                                                
44. Executing OPT_DFF pass (perform DFF optimizations).                         
                                                                                
45. Executing OPT_CLEAN pass (remove unused cells and wires).                   
Finding unused cells or wires in module \tr1um_regfile4x4..                     
                                                                                
46. Executing OPT_EXPR pass (perform const folding).                            
Optimizing module tr1um_regfile4x4.                                             
                                                                                
47. Executing WREDUCE pass (reducing word size of cells).                       
Removed top 1 bits (of 2) from port B of cell tr1um_regfile4x4.$procmux$17_CMP0 
($eq).                                                                          
Removed top 1 bits (of 2) from port B of cell tr1um_regfile4x4.$procmux$40_CMP0 
($eq).                                                                          
                                                                                
48. Executing PEEPOPT pass (run peephole optimizers).                           
                                                                                
49. Executing OPT_CLEAN pass (remove unused cells and wires).                   
Finding unused cells or wires in module \tr1um_regfile4x4..                     
                                                                                
50. Executing ALUMACC pass (create $alu and $macc cells).                       
Extracting $alu and $macc cells in module tr1um_regfile4x4:                     
  created 0 $alu and 0 $macc cells.                                             
                                                                                
51. Executing SHARE pass (SAT-based resource sharing).                          
                                                                                
52. Executing OPT_EXPR pass (perform const folding).                            
Optimizing module tr1um_regfile4x4.                                             
                                                                                
53. Executing OPT_MERGE pass (detect identical cells).                          
Finding identical cells in module `\tr1um_regfile4x4'.                          
Computing hashes of 18 cells of `\tr1um_regfile4x4'.                            
Finding duplicate cells in `\tr1um_regfile4x4'.                                 
Removed a total of 0 cells.                                                     
                                                                                
54. Executing OPT_MUXTREE pass (detect dead branches in mux trees).             
Running muxtree optimizer on module \tr1um_regfile4x4..                         
  Creating internal representation of mux trees.                                
  Evaluating internal representation of mux trees.                              
  Analyzing evaluation results.                                                 
Removed 0 multiplexer ports.                                                    
<suppressed ~2 debug messages>                                                  
                                                                                
55. Executing OPT_REDUCE pass (consolidate $*mux and $reduce_* inputs).         
  Optimizing cells in module \tr1um_regfile4x4.                                 
Performed a total of 0 changes.                                                 
                                                                                
56. Executing OPT_MERGE pass (detect identical cells).                          
Finding identical cells in module `\tr1um_regfile4x4'.                          
Computing hashes of 18 cells of `\tr1um_regfile4x4'.                            
Finding duplicate cells in `\tr1um_regfile4x4'.                                 
Removed a total of 0 cells.                                                     
                                                                                
57. Executing OPT_DFF pass (perform DFF optimizations).                         
                                                                                
58. Executing OPT_CLEAN pass (remove unused cells and wires).                   
Finding unused cells or wires in module \tr1um_regfile4x4..                     
                                                                                
59. Executing OPT_EXPR pass (perform const folding).                            
Optimizing module tr1um_regfile4x4.                                             
                                                                                
60. Executing MEMORY pass.                                                      
                                                                                
60.1. Executing OPT_MEM pass (optimize memories).                               
Performed a total of 0 transformations.                                         
                                                                                
60.2. Executing OPT_MEM_PRIORITY pass (removing unnecessary memory write        
priority relations).                                                            
Performed a total of 0 transformations.                                         
                                                                                
60.3. Executing OPT_MEM_FEEDBACK pass (finding memory read-to-write feedback    
paths).                                                                         
                                                                                
60.4. Executing MEMORY_BMUX2ROM pass (converting muxes to ROMs).                
                                                                                
60.5. Executing MEMORY_DFF pass (merging $dff cells to $memrd).                 
                                                                                
60.6. Executing OPT_CLEAN pass (remove unused cells and wires).                 
Finding unused cells or wires in module \tr1um_regfile4x4..                     
                                                                                
60.7. Executing MEMORY_SHARE pass (consolidating $memrd/$memwr cells).          
                                                                                
60.8. Executing OPT_MEM_WIDEN pass (optimize memories where all ports are wide).
Performed a total of 0 transformations.                                         
                                                                                
60.9. Executing OPT_CLEAN pass (remove unused cells and wires).                 
Finding unused cells or wires in module \tr1um_regfile4x4..                     
                                                                                
60.10. Executing MEMORY_COLLECT pass (generating $mem cells).                   
                                                                                
61. Executing OPT_CLEAN pass (remove unused cells and wires).                   
Finding unused cells or wires in module \tr1um_regfile4x4..                     
                                                                                
62. Executing OPT_EXPR pass (perform const folding).                            
Optimizing module tr1um_regfile4x4.                                             
<suppressed ~1 debug messages>                                                  
                                                                                
63. Executing OPT_MERGE pass (detect identical cells).                          
Finding identical cells in module `\tr1um_regfile4x4'.                          
Computing hashes of 18 cells of `\tr1um_regfile4x4'.                            
Finding duplicate cells in `\tr1um_regfile4x4'.                                 
Removed a total of 0 cells.                                                     
                                                                                
64. Executing OPT_DFF pass (perform DFF optimizations).                         
                                                                                
65. Executing OPT_CLEAN pass (remove unused cells and wires).                   
Finding unused cells or wires in module \tr1um_regfile4x4..                     
Removed 1 unused cells and 1 unused wires.                                      
<suppressed ~2 debug messages>                                                  
                                                                                
66. Executing MEMORY_MAP pass (converting memories to logic and flip-flops).    
                                                                                
67. Executing OPT_EXPR pass (perform const folding).                            
Optimizing module tr1um_regfile4x4.                                             
                                                                                
68. Executing OPT_MERGE pass (detect identical cells).                          
Finding identical cells in module `\tr1um_regfile4x4'.                          
Computing hashes of 17 cells of `\tr1um_regfile4x4'.                            
Finding duplicate cells in `\tr1um_regfile4x4'.                                 
Removed a total of 0 cells.                                                     
                                                                                
69. Executing OPT_MUXTREE pass (detect dead branches in mux trees).             
Running muxtree optimizer on module \tr1um_regfile4x4..                         
  Creating internal representation of mux trees.                                
  Evaluating internal representation of mux trees.                              
  Analyzing evaluation results.                                                 
Removed 0 multiplexer ports.                                                    
<suppressed ~2 debug messages>                                                  
                                                                                
70. Executing OPT_REDUCE pass (consolidate $*mux and $reduce_* inputs).         
  Optimizing cells in module \tr1um_regfile4x4.                                 
Performed a total of 0 changes.                                                 
                                                                                
71. Executing OPT_MERGE pass (detect identical cells).                          
Finding identical cells in module `\tr1um_regfile4x4'.                          
Computing hashes of 17 cells of `\tr1um_regfile4x4'.                            
Finding duplicate cells in `\tr1um_regfile4x4'.                                 
Removed a total of 0 cells.                                                     
                                                                                
72. Executing OPT_SHARE pass.                                                   
                                                                                
73. Executing OPT_DFF pass (perform DFF optimizations).                         
                                                                                
74. Executing OPT_CLEAN pass (remove unused cells and wires).                   
Finding unused cells or wires in module \tr1um_regfile4x4..                     
                                                                                
75. Executing OPT_EXPR pass (perform const folding).                            
Optimizing module tr1um_regfile4x4.                                             
                                                                                
76. Executing TECHMAP pass (map to technology primitives).                      
                                                                                
76.1. Executing Verilog-2005 frontend:                                          
/nix/store/6s5yppv17pwkdm7m8rsrm6hvpf255c5a-yosys-with-plugins-0.62/bin/../share
/yosys/techmap.v                                                                
Parsing Verilog input from                                                      
`/nix/store/6s5yppv17pwkdm7m8rsrm6hvpf255c5a-yosys-with-plugins-0.62/bin/../shar
e/yosys/techmap.v' to AST representation.                                       
Generating RTLIL representation for module `\_90_simplemap_bool_ops'.           
Generating RTLIL representation for module `\_90_simplemap_reduce_ops'.         
Generating RTLIL representation for module `\_90_simplemap_logic_ops'.          
Generating RTLIL representation for module `\_90_simplemap_compare_ops'.        
Generating RTLIL representation for module `\_90_simplemap_various'.            
Generating RTLIL representation for module `\_90_simplemap_registers'.          
Generating RTLIL representation for module `\_90_shift_ops_shr_shl_sshl_sshr'.  
Generating RTLIL representation for module `\_90_shift_shiftx'.                 
Generating RTLIL representation for module `\_90_fa'.                           
Generating RTLIL representation for module `\_90_lcu_brent_kung'.               
Generating RTLIL representation for module `\_90_alu'.                          
Generating RTLIL representation for module `\_90_macc'.                         
Generating RTLIL representation for module `\_90_alumacc'.                      
Generating RTLIL representation for module `$__div_mod_u'.                      
Generating RTLIL representation for module `$__div_mod_trunc'.                  
Generating RTLIL representation for module `\_90_div'.                          
Generating RTLIL representation for module `\_90_mod'.                          
Generating RTLIL representation for module `$__div_mod_floor'.                  
Generating RTLIL representation for module `\_90_divfloor'.                     
Generating RTLIL representation for module `\_90_modfloor'.                     
Generating RTLIL representation for module `\_90_pow'.                          
Generating RTLIL representation for module `\_90_pmux'.                         
Generating RTLIL representation for module `\_90_demux'.                        
Generating RTLIL representation for module `\_90_lut'.                          
Generating RTLIL representation for module `$connect'.                          
Generating RTLIL representation for module `$input_port'.                       
Successfully finished Verilog frontend.                                         
                                                                                
76.2. Continuing TECHMAP pass.                                                  
Using extmapper simplemap for cells of type $reduce_and.                        
Using extmapper simplemap for cells of type $adffe.                             
Using extmapper simplemap for cells of type $eq.                                
Using template $paramod$c2e415ef15bc3ccd2723772353a6b450d3d76206\_90_pmux for   
cells of type $pmux.                                                            
Using extmapper simplemap for cells of type $logic_not.                         
Using extmapper simplemap for cells of type $reduce_or.                         
Using extmapper simplemap for cells of type $and.                               
Using extmapper simplemap for cells of type $mux.                               
No more expansions possible.                                                    
<suppressed ~115 debug messages>                                                
                                                                                
77. Executing OPT_EXPR pass (perform const folding).                            
Optimizing module tr1um_regfile4x4.                                             
<suppressed ~12 debug messages>                                                 
                                                                                
78. Executing OPT_MERGE pass (detect identical cells).                          
Finding identical cells in module `\tr1um_regfile4x4'.                          
Computing hashes of 69 cells of `\tr1um_regfile4x4'.                            
Finding duplicate cells in `\tr1um_regfile4x4'.                                 
Computing hashes of 65 cells of `\tr1um_regfile4x4'.                            
Finding duplicate cells in `\tr1um_regfile4x4'.                                 
<suppressed ~12 debug messages>                                                 
Removed a total of 4 cells.                                                     
                                                                                
79. Executing OPT_DFF pass (perform DFF optimizations).                         
                                                                                
80. Executing OPT_CLEAN pass (remove unused cells and wires).                   
Finding unused cells or wires in module \tr1um_regfile4x4..                     
Removed 0 unused cells and 43 unused wires.                                     
<suppressed ~1 debug messages>                                                  
                                                                                
81. Executing OPT_EXPR pass (perform const folding).                            
Optimizing module tr1um_regfile4x4.                                             
                                                                                
82. Executing OPT_MERGE pass (detect identical cells).                          
Finding identical cells in module `\tr1um_regfile4x4'.                          
Computing hashes of 65 cells of `\tr1um_regfile4x4'.                            
Finding duplicate cells in `\tr1um_regfile4x4'.                                 
Removed a total of 0 cells.                                                     
                                                                                
83. Executing OPT_DFF pass (perform DFF optimizations).                         
                                                                                
84. Executing OPT_CLEAN pass (remove unused cells and wires).                   
Finding unused cells or wires in module \tr1um_regfile4x4..                     
                                                                                
85. Executing ABC pass (technology mapping using ABC).                          
                                                                                
85.1. Extracting gate netlist of module `\tr1um_regfile4x4' to                  
`<abc-temp-dir>/input.blif'..                                                   
                                                                                
85.1.1. Executed ABC.                                                           
Extracted 48 gates and 69 wires to a netlist network with 21 inputs and 8       
outputs.                                                                        
Running ABC script: <abc-temp-dir>/abc.script                                   
ABC: ======== ABC command line "source <abc-temp-dir>/abc.script"               
ABC: + read_blif <abc-temp-dir>/input.blif                                      
ABC: + read_library /tmp/yosys-abc-XUGLWd/stdcells.genlib                       
ABC: + strash                                                                   
ABC: + dretime                                                                  
ABC: + map                                                                      
ABC: + write_blif <abc-temp-dir>/output.blif                                    
                                                                                
85.1.2. Re-integrating ABC results.                                             
ABC RESULTS:            ANDNOT cells:       16                                  
ABC RESULTS:               MUX cells:        4                                  
ABC RESULTS:              NAND cells:        2                                  
ABC RESULTS:               NOR cells:        1                                  
ABC RESULTS:                OR cells:        9                                  
ABC RESULTS:             ORNOT cells:        4                                  
ABC RESULTS:        internal signals:       40                                  
ABC RESULTS:           input signals:       21                                  
ABC RESULTS:          output signals:        8                                  
Removing temp directory.                                                        
Removing global temp directory.                                                 
                                                                                
86. Executing OPT pass (performing simple optimizations).                       
                                                                                
86.1. Executing OPT_EXPR pass (perform const folding).                          
Optimizing module tr1um_regfile4x4.                                             
                                                                                
86.2. Executing OPT_MERGE pass (detect identical cells).                        
Finding identical cells in module `\tr1um_regfile4x4'.                          
Computing hashes of 53 cells of `\tr1um_regfile4x4'.                            
Finding duplicate cells in `\tr1um_regfile4x4'.                                 
Removed a total of 0 cells.                                                     
                                                                                
86.3. Executing OPT_DFF pass (perform DFF optimizations).                       
                                                                                
86.4. Executing OPT_CLEAN pass (remove unused cells and wires).                 
Finding unused cells or wires in module \tr1um_regfile4x4..                     
Removed 0 unused cells and 53 unused wires.                                     
<suppressed ~1 debug messages>                                                  
                                                                                
86.5. Finished fast OPT passes.                                                 
                                                                                
87. Executing HIERARCHY pass (managing design hierarchy).                       
                                                                                
87.1. Analyzing design hierarchy..                                              
Top module:  \tr1um_regfile4x4                                                  
                                                                                
87.2. Analyzing design hierarchy..                                              
Top module:  \tr1um_regfile4x4                                                  
Removed 0 unused modules.                                                       
                                                                                
88. Executing CHECK pass (checking for obvious problems).                       
Checking module tr1um_regfile4x4...                                             
Found and reported 0 problems.                                                  
                                                                                
89. Printing statistics.                                                        
                                                                                
=== tr1um_regfile4x4 ===                                                        
                                                                                
        +----------Local Count, excluding submodules.                           
        |                                                                       
       45 wires                                                                 
       65 wire bits                                                             
       13 public wires                                                          
       33 public wire bits                                                      
        8 ports                                                                 
       16 port bits                                                             
       53 cells                                                                 
       16   $_ANDNOT_                                                           
       16   $_DFFE_PP0P_                                                        
        4   $_MUX_                                                              
        2   $_NAND_                                                             
        1   $_NOR_                                                              
        4   $_ORNOT_                                                            
        9   $_OR_                                                               
        1   TIELO                                                               
                                                                                
90. Executing OPT pass (performing simple optimizations).                       
                                                                                
90.1. Executing OPT_EXPR pass (perform const folding).                          
Optimizing module tr1um_regfile4x4.                                             
                                                                                
90.2. Executing OPT_MERGE pass (detect identical cells).                        
Finding identical cells in module `\tr1um_regfile4x4'.                          
Computing hashes of 53 cells of `\tr1um_regfile4x4'.                            
Finding duplicate cells in `\tr1um_regfile4x4'.                                 
Removed a total of 0 cells.                                                     
                                                                                
90.3. Executing OPT_MUXTREE pass (detect dead branches in mux trees).           
Running muxtree optimizer on module \tr1um_regfile4x4..                         
  Creating internal representation of mux trees.                                
  No muxes found in this module.                                                
Removed 0 multiplexer ports.                                                    
                                                                                
90.4. Executing OPT_REDUCE pass (consolidate $*mux and $reduce_* inputs).       
  Optimizing cells in module \tr1um_regfile4x4.                                 
Performed a total of 0 changes.                                                 
                                                                                
90.5. Executing OPT_MERGE pass (detect identical cells).                        
Finding identical cells in module `\tr1um_regfile4x4'.                          
Computing hashes of 53 cells of `\tr1um_regfile4x4'.                            
Finding duplicate cells in `\tr1um_regfile4x4'.                                 
Removed a total of 0 cells.                                                     
                                                                                
90.6. Executing OPT_DFF pass (perform DFF optimizations).                       
                                                                                
90.7. Executing OPT_CLEAN pass (remove unused cells and wires).                 
Finding unused cells or wires in module \tr1um_regfile4x4..                     
                                                                                
90.8. Executing OPT_EXPR pass (perform const folding).                          
Optimizing module tr1um_regfile4x4.                                             
                                                                                
90.9. Finished fast OPT passes. (There is nothing left to do.)                  
                                                                                
91. Executing OPT_CLEAN pass (remove unused cells and wires).                   
Finding unused cells or wires in module \tr1um_regfile4x4..                     
{                                                                               
   "creator": "Yosys 0.62 (git sha1 7326bb7d6641500ecb285c291a54a662cb1e76cf,   
clang++ 21.1.2 -fPIC -O3)",                                                     
   "invocation": "stat -json -liberty                                           
/Users/yanlu/Documents/TR-1um/flow/designs/tr1um_regfile4x4/runs/triage-f24-affe
cted/tmp/1b75c35a07a54aa3a0250acd0484a6dc.lib ",                                
   "modules": {                                                                 
      "\\tr1um_regfile4x4": {                                                   
         "num_wires":         45,                                               
         "num_wire_bits":     65,                                               
         "num_pub_wires":     13,                                               
         "num_pub_wire_bits": 33,                                               
         "num_ports":         8,                                                
         "num_port_bits":     16,                                               
         "num_memories":      0,                                                
         "num_memory_bits":   0,                                                
         "num_processes":     0,                                                
         "num_cells":         53,                                               
         "num_submodules":       0,                                             
         "area":              500.800000,                                       
         "sequential_area":    0.000000,                                        
         "num_cells_by_type": {                                                 
            "$_ANDNOT_": 16,                                                    
            "$_DFFE_PP0P_": 16,                                                 
            "$_MUX_": 4,                                                        
            "$_NAND_": 2,                                                       
            "$_NOR_": 1,                                                        
            "$_ORNOT_": 4,                                                      
            "$_OR_": 9,                                                         
            "TIELO": 1                                                          
         }                                                                      
      }                                                                         
   },                                                                           
      "design": {                                                               
         "num_wires":         45,                                               
         "num_wire_bits":     65,                                               
         "num_pub_wires":     13,                                               
         "num_pub_wire_bits": 33,                                               
         "num_ports":         8,                                                
         "num_port_bits":     16,                                               
         "num_memories":      0,                                                
         "num_memory_bits":   0,                                                
         "num_processes":     0,                                                
         "num_cells":         53,                                               
         "num_submodules":       0,                                             
         "area":              500.800000,                                       
         "sequential_area":    0.000000,                                        
         "num_cells_by_type": {                                                 
            "$_ANDNOT_": 16,                                                    
            "$_DFFE_PP0P_": 16,                                                 
            "$_MUX_": 4,                                                        
            "$_NAND_": 2,                                                       
            "$_NOR_": 1,                                                        
            "$_ORNOT_": 4,                                                      
            "$_OR_": 9,                                                         
            "TIELO": 1                                                          
         }                                                                      
      }                                                                         
}                                                                               
                                                                                
92. Printing statistics.                                                        
                                                                                
=== tr1um_regfile4x4 ===                                                        
                                                                                
        +----------Local Count, excluding submodules.                           
        |        +-Local Area, excluding submodules.                            
        |        |                                                              
       45        - wires                                                        
       65        - wire bits                                                    
       13        - public wires                                                 
       33        - public wire bits                                             
        8        - ports                                                        
       16        - port bits                                                    
       53    500.8 cells                                                        
       16        -   $_ANDNOT_                                                  
       16        -   $_DFFE_PP0P_                                               
        4        -   $_MUX_                                                     
        2        -   $_NAND_                                                    
        1        -   $_NOR_                                                     
        4        -   $_ORNOT_                                                   
        9        -   $_OR_                                                      
        1    500.8   TIELO                                                      
                                                                                
   Area for cell type $_ANDNOT_ is unknown!                                     
   Area for cell type $_DFFE_PP0P_ is unknown!                                  
   Area for cell type $_MUX_ is unknown!                                        
   Area for cell type $_NAND_ is unknown!                                       
   Area for cell type $_NOR_ is unknown!                                        
   Area for cell type $_ORNOT_ is unknown!                                      
   Area for cell type $_OR_ is unknown!                                         
                                                                                
   Chip area for module '\tr1um_regfile4x4': 500.800000                         
     of which used for sequential elements: 0.000000 (0.00%)                    
                                                                                
93. Executing DFFLIBMAP pass (mapping DFF cells to sequential cells from liberty
file).                                                                          
  cell DFFR (noninv, pins=5, area=6297.56) is a direct match for cell type      
$_DFF_PP0_.                                                                     
  cell DFFS (noninv, pins=5, area=6297.56) is a direct match for cell type      
$_DFF_PP1_.                                                                     
  final dff cell mappings:                                                      
    unmapped dff cell: $_DFF_N_                                                 
    unmapped dff cell: $_DFF_P_                                                 
    unmapped dff cell: $_DFF_NN0_                                               
    unmapped dff cell: $_DFF_NN1_                                               
    unmapped dff cell: $_DFF_NP0_                                               
    unmapped dff cell: $_DFF_NP1_                                               
    unmapped dff cell: $_DFF_PN0_                                               
    unmapped dff cell: $_DFF_PN1_                                               
    \DFFR _DFF_PP0_ (.CK( C), .D( D), .Q( Q), .QB(~Q), .RST( R));               
    \DFFS _DFF_PP1_ (.CK( C), .D( D), .Q( Q), .QB(~Q), .SET( R));               
    unmapped dff cell: $_DFFE_NN_                                               
    unmapped dff cell: $_DFFE_NP_                                               
    unmapped dff cell: $_DFFE_PN_                                               
    unmapped dff cell: $_DFFE_PP_                                               
    unmapped dff cell: $_DFFSR_NNN_                                             
    unmapped dff cell: $_DFFSR_NNP_                                             
    unmapped dff cell: $_DFFSR_NPN_                                             
    unmapped dff cell: $_DFFSR_NPP_                                             
    unmapped dff cell: $_DFFSR_PNN_                                             
    unmapped dff cell: $_DFFSR_PNP_                                             
    unmapped dff cell: $_DFFSR_PPN_                                             
    unmapped dff cell: $_DFFSR_PPP_                                             
                                                                                
93.1. Executing DFFLEGALIZE pass (convert FFs to types supported by the target).
Mapping DFF cells in module `\tr1um_regfile4x4':                                
  mapped 16 $_DFF_PP0_ cells to \DFFR cells.                                    
{                                                                               
   "creator": "Yosys 0.62 (git sha1 7326bb7d6641500ecb285c291a54a662cb1e76cf,   
clang++ 21.1.2 -fPIC -O3)",                                                     
   "invocation": "stat -json -liberty                                           
/Users/yanlu/Documents/TR-1um/flow/designs/tr1um_regfile4x4/runs/triage-f24-affe
cted/tmp/1b75c35a07a54aa3a0250acd0484a6dc.lib ",                                
   "modules": {                                                                 
      "\\tr1um_regfile4x4": {                                                   
         "num_wires":         77,                                               
         "num_wire_bits":     97,                                               
         "num_pub_wires":     13,                                               
         "num_pub_wire_bits": 33,                                               
         "num_ports":         8,                                                
         "num_port_bits":     16,                                               
         "num_memories":      0,                                                
         "num_memory_bits":   0,                                                
         "num_processes":     0,                                                
         "num_cells":         69,                                               
         "num_submodules":       0,                                             
         "area":              101261.760000,                                    
         "sequential_area":    100760.960000,                                   
         "num_cells_by_type": {                                                 
            "$_ANDNOT_": 16,                                                    
            "$_MUX_": 20,                                                       
            "$_NAND_": 2,                                                       
            "$_NOR_": 1,                                                        
            "$_ORNOT_": 4,                                                      
            "$_OR_": 9,                                                         
            "DFFR": 16,                                                         
            "TIELO": 1                                                          
         }                                                                      
      }                                                                         
   },                                                                           
      "design": {                                                               
         "num_wires":         77,                                               
         "num_wire_bits":     97,                                               
         "num_pub_wires":     13,                                               
         "num_pub_wire_bits": 33,                                               
         "num_ports":         8,                                                
         "num_port_bits":     16,                                               
         "num_memories":      0,                                                
         "num_memory_bits":   0,                                                
         "num_processes":     0,                                                
         "num_cells":         69,                                               
         "num_submodules":       0,                                             
         "area":              101261.760000,                                    
         "sequential_area":    100760.960000,                                   
         "num_cells_by_type": {                                                 
            "$_ANDNOT_": 16,                                                    
            "$_MUX_": 20,                                                       
            "$_NAND_": 2,                                                       
            "$_NOR_": 1,                                                        
            "$_ORNOT_": 4,                                                      
            "$_OR_": 9,                                                         
            "DFFR": 16,                                                         
            "TIELO": 1                                                          
         }                                                                      
      }                                                                         
}                                                                               
                                                                                
94. Printing statistics.                                                        
                                                                                
=== tr1um_regfile4x4 ===                                                        
                                                                                
        +----------Local Count, excluding submodules.                           
        |        +-Local Area, excluding submodules.                            
        |        |                                                              
       77        - wires                                                        
       97        - wire bits                                                    
       13        - public wires                                                 
       33        - public wire bits                                             
        8        - ports                                                        
       16        - port bits                                                    
       69 1.01E+05 cells                                                        
       16        -   $_ANDNOT_                                                  
       20        -   $_MUX_                                                     
        2        -   $_NAND_                                                    
        1        -   $_NOR_                                                     
        4        -   $_ORNOT_                                                   
        9        -   $_OR_                                                      
       16 1.01E+05   DFFR                                                       
        1    500.8   TIELO                                                      
                                                                                
   Area for cell type $_ANDNOT_ is unknown!                                     
   Area for cell type $_MUX_ is unknown!                                        
   Area for cell type $_NAND_ is unknown!                                       
   Area for cell type $_NOR_ is unknown!                                        
   Area for cell type $_ORNOT_ is unknown!                                      
   Area for cell type $_OR_ is unknown!                                         
                                                                                
   Chip area for module '\tr1um_regfile4x4': 101261.760000                      
     of which used for sequential elements: 100760.960000 (99.51%)              
                                                                                
[INFO] Using generated ABC script                                               
'/Users/yanlu/Documents/TR-1um/flow/designs/tr1um_regfile4x4/runs/triage-f24-aff
ected/06-yosys-synthesis/AREA_0.abc'…                                           
                                                                                
95. Executing ABC pass (technology mapping using ABC).                          
                                                                                
95.1. Extracting gate netlist of module `\tr1um_regfile4x4' to                  
`/tmp/yosys-abc-CsuPfi/input.blif'..                                            
                                                                                
95.1.1. Executed ABC.                                                           
Extracted 52 gates and 77 wires to a netlist network with 25 inputs and 20      
outputs.                                                                        
Running ABC script: /tmp/yosys-abc-CsuPfi/abc.script                            
ABC: ======== ABC command line "source /tmp/yosys-abc-CsuPfi/abc.script"        
ABC: + read_blif /tmp/yosys-abc-CsuPfi/input.blif                               
ABC: + read_lib -w                                                              
/Users/yanlu/Documents/TR-1um/flow/designs/tr1um_regfile4x4/runs/triage-f24-affe
cted/tmp/1b75c35a07a54aa3a0250acd0484a6dc.lib                                   
ABC: Parsing finished successfully.  Parsing time =     0.00 sec                
ABC: Scl_LibertyReadGenlib() skipped sequential cell "DFFR".                    
ABC: Scl_LibertyReadGenlib() skipped sequential cell "DFFS".                    
ABC: Library "TR-1um_stdcell_typ_5p0V_25C" from                                 
"/Users/yanlu/Documents/TR-1um/flow/designs/tr1um_regfile4x4/runs/triage-f24-aff
ected/tmp/1b75c35a07a54aa3a0250acd0484a6dc.lib" has 38 cells (2 skipped: 2 seq; 
0 tri-state; 0 no func; 0 dont_use; 0 with 2 outputs; 0 with 3+ outputs).  Time 
=     0.00 sec                                                                  
ABC: Memory =    0.17 MB. Time =     0.00 sec                                   
ABC: + read_constr -v                                                           
/Users/yanlu/Documents/TR-1um/flow/designs/tr1um_regfile4x4/runs/triage-f24-affe
cted/06-yosys-synthesis/synthesis.abc.sdc                                       
ABC: Setting driving cell to be "BUF_X1/A".                                     
ABC: Setting output load to be 0.500000.                                        
ABC: + source                                                                   
/Users/yanlu/Documents/TR-1um/flow/designs/tr1um_regfile4x4/runs/triage-f24-affe
cted/06-yosys-synthesis/AREA_0.abc                                              
ABC: Error: The network is combinational.                                       
ABC: Cannot find the default PI driving cell (BUF_X1/A) in the library.         
ABC: WireLoad = "none"  Gates =     52 (  5.8 %)   Cap =130.6 ff (  0.0 %)      
Area =   134320.81 (100.0 %)   Delay = 11808.29 ps  ( 15.4 %)                   
ABC: Path  0 --       4 : 0    5 pi      A =   0.00  Df =   0.0   -0.0 ps  S =  
0.0 ps  Cin =  0.0 ff  Cout = 411.1 ff  Cmax =   0.0 ff  G =    0               
ABC: Path  1 --      47 : 1    7 INV_X1  A =1821.66  Df =2751.5 -928.4 ps  S    
=3454.6 ps  Cin = 84.1 ff  Cout = 567.0 ff  Cmax =   0.0 ff  G =  667           
ABC: Path  2 --      49 : 2    7 NAND2   A =1821.66  Df =6774.7-2202.2 ps  S    
=6043.8 ps  Cin = 81.0 ff  Cout = 534.9 ff  Cmax =   0.0 ff  G =  656           
ABC: Path  3 --      62 : 4    1 AND4_X1 A =2854.56  Df =11076.1-4839.1 ps  S   
=1358.9 ps  Cin = 73.1 ff  Cout =  83.9 ff  Cmax =   0.0 ff  G =  108           
ABC: Path  4 --      63 : 2    1 NOR2    A =1821.66  Df =11808.3-3174.6 ps  S = 
634.0 ps  Cin = 78.5 ff  Cout =   0.5 ff  Cmax =   0.0 ff  G =    0             
ABC: Start-point = pi3 (\read_addr [0]).  End-point = po1 (\read_data [1]).     
ABC: netlist                       : i/o =   25/   20  lat =    0  nd =    52   
edge =    130  area =134320.82  delay = 5.00  lev = 5                           
ABC: + write_blif /tmp/yosys-abc-CsuPfi/output.blif                             
                                                                                
95.1.2. Re-integrating ABC results.                                             
ABC RESULTS:           AND2_X1 cells:        1                                  
ABC RESULTS:           AND4_X1 cells:        3                                  
ABC RESULTS:            INV_X1 cells:        3                                  
ABC RESULTS:              MUX2 cells:       16                                  
ABC RESULTS:             NAND2 cells:       10                                  
ABC RESULTS:             NAND3 cells:        6                                  
ABC RESULTS:              NOR2 cells:       10                                  
ABC RESULTS:              NOR3 cells:        1                                  
ABC RESULTS:               OR2 cells:        2                                  
ABC RESULTS:        internal signals:       32                                  
ABC RESULTS:           input signals:       25                                  
ABC RESULTS:          output signals:       20                                  
Removing temp directory.                                                        
Removing global temp directory.                                                 
                                                                                
96. Executing SETUNDEF pass (replace undef values with defined constants).      
                                                                                
97. Executing HILOMAP pass (mapping to constant drivers).                       
                                                                                
98. Executing SPLITNETS pass (splitting up multi-bit signals).                  
                                                                                
99. Executing OPT_CLEAN pass (remove unused cells and wires).                   
Finding unused cells or wires in module \tr1um_regfile4x4..                     
Removed 0 unused cells and 77 unused wires.                                     
<suppressed ~1 debug messages>                                                  
                                                                                
100. Executing INSBUF pass (insert buffer cells for connected wires).           
                                                                                
101. Executing CHECK pass (checking for obvious problems).                      
Checking module tr1um_regfile4x4...                                             
Found and reported 0 problems.                                                  
{                                                                               
   "creator": "Yosys 0.62 (git sha1 7326bb7d6641500ecb285c291a54a662cb1e76cf,   
clang++ 21.1.2 -fPIC -O3)",                                                     
   "invocation": "stat -json -liberty                                           
/Users/yanlu/Documents/TR-1um/flow/designs/tr1um_regfile4x4/runs/triage-f24-affe
cted/tmp/1b75c35a07a54aa3a0250acd0484a6dc.lib ",                                
   "modules": {                                                                 
      "\\tr1um_regfile4x4": {                                                   
         "num_wires":         89,                                               
         "num_wire_bits":     97,                                               
         "num_pub_wires":     25,                                               
         "num_pub_wire_bits": 33,                                               
         "num_ports":         8,                                                
         "num_port_bits":     16,                                               
         "num_memories":      0,                                                
         "num_memory_bits":   0,                                                
         "num_processes":     0,                                                
         "num_cells":         69,                                               
         "num_submodules":       0,                                             
         "area":              235582.580000,                                    
         "sequential_area":    100760.960000,                                   
         "num_cells_by_type": {                                                 
            "AND2_X1": 1,                                                       
            "AND4_X1": 3,                                                       
            "DFFR": 16,                                                         
            "INV_X1": 3,                                                        
            "MUX2": 16,                                                         
            "NAND2": 10,                                                        
            "NAND3": 6,                                                         
            "NOR2": 10,                                                         
            "NOR3": 1,                                                          
            "OR2": 2,                                                           
            "TIELO": 1                                                          
         }                                                                      
      }                                                                         
   },                                                                           
      "design": {                                                               
         "num_wires":         89,                                               
         "num_wire_bits":     97,                                               
         "num_pub_wires":     25,                                               
         "num_pub_wire_bits": 33,                                               
         "num_ports":         8,                                                
         "num_port_bits":     16,                                               
         "num_memories":      0,                                                
         "num_memory_bits":   0,                                                
         "num_processes":     0,                                                
         "num_cells":         69,                                               
         "num_submodules":       0,                                             
         "area":              235582.580000,                                    
         "sequential_area":    100760.960000,                                   
         "num_cells_by_type": {                                                 
            "AND2_X1": 1,                                                       
            "AND4_X1": 3,                                                       
            "DFFR": 16,                                                         
            "INV_X1": 3,                                                        
            "MUX2": 16,                                                         
            "NAND2": 10,                                                        
            "NAND3": 6,                                                         
            "NOR2": 10,                                                         
            "NOR3": 1,                                                          
            "OR2": 2,                                                           
            "TIELO": 1                                                          
         }                                                                      
      }                                                                         
}                                                                               
                                                                                
102. Printing statistics.                                                       
                                                                                
=== tr1um_regfile4x4 ===                                                        
                                                                                
        +----------Local Count, excluding submodules.                           
        |        +-Local Area, excluding submodules.                            
        |        |                                                              
       89        - wires                                                        
       97        - wire bits                                                    
       25        - public wires                                                 
       33        - public wire bits                                             
        8        - ports                                                        
       16        - port bits                                                    
       69 2.36E+05 cells                                                        
        1  2165.96   AND2_X1                                                    
        3  8563.68   AND4_X1                                                    
       16 1.01E+05   DFFR                                                       
        3  5464.98   INV_X1                                                     
       16 6.22E+04   MUX2                                                       
       10  18216.6   NAND2                                                      
        6  1.3E+04   NAND3                                                      
       10  18216.6   NOR2                                                       
        1  2165.96   NOR3                                                       
        2  4331.92   OR2                                                        
        1    500.8   TIELO                                                      
                                                                                
   Chip area for module '\tr1um_regfile4x4': 235582.580000                      
     of which used for sequential elements: 100760.960000 (42.77%)              
                                                                                
103. Executing Verilog backend.                                                 
Dumping module `\tr1um_regfile4x4'.                                             
                                                                                
104. Executing JSON backend.                                                    
[17:19:41] VERBOSE  Parsing synthesis checks…                       pyosys.py:59
[17:19:41] VERBOSE  Parsing synthesis checks…                       pyosys.py:59
──────────────────────────── Unmapped Cells Checker ────────────────────────────
[17:19:41] VERBOSE  Running 'Checker.YosysUnmappedCells' at         step.py:1138
                    'runs/triage-f24-affected/07-checker-yosysunmap             
                    pedcells'…                                                  
[17:19:41] INFO     Check for Unmapped Yosys instances clear.     checker.py:131
────────────────────────────── Yosys Synth Checks ──────────────────────────────
[17:19:41] VERBOSE  Running 'Checker.YosysSynthChecks' at           step.py:1138
                    'runs/triage-f24-affected/08-checker-yosyssynth             
                    checks'…                                                    
[17:19:41] INFO     Check for Yosys check errors clear.           checker.py:131
─────────────────────── Netlist Assign Statement Checker ───────────────────────
[17:19:41] VERBOSE  Running 'Checker.NetlistAssignStatements' at    step.py:1138
                    'runs/triage-f24-affected/09-checker-netlistass             
                    ignstatements'…                                             
─────────────────────────────── Check SDC Files ────────────────────────────────
[17:19:41] VERBOSE  Running 'OpenROAD.CheckSDCFiles' at             step.py:1138
                    'runs/triage-f24-affected/10-openroad-checksdcf             
                    iles'…                                                      
──────────────────────────── Check Macro Instances ─────────────────────────────
[17:19:41] VERBOSE  Running 'OpenROAD.CheckMacroInstances' at       step.py:1138
                    'runs/triage-f24-affected/11-openroad-checkmacr             
                    oinstances'…                                                
[17:19:41] INFO     No macros found, skipping instance check…    openroad.py:692
─────────────────────── Static Timing Analysis (Pre-PnR) ───────────────────────
[17:19:41] VERBOSE  Running 'OpenROAD.STAPrePNR' at                 step.py:1138
                    'runs/triage-f24-affected/12-openroad-staprepnr             
                    '…                                                          
[17:19:41] INFO     Starting STA for the nom_typ_5p0V_25C timing openroad.py:747
                    corner…                                                     
[17:19:41] VERBOSE  Logging subprocess to                           step.py:1338
                    'runs/triage-f24-affected/12-openroad-staprepnr             
                    /nom_typ_5p0V_25C/sta.log'…                                 
[17:19:41] INFO     Finished STA for the nom_typ_5p0V_25C timing openroad.py:762
                    corner.                                                     
┏━━━━━━━━━━━━━━━━━━━━━━┳━━━━┳━━━━┳━━━━┳━━━━┳━━━━┳━━━┳━━━━┳━━━┳━━━━┳━━━┳━━━━┳━━━┓
┃                      ┃    ┃    ┃    ┃    ┃ of ┃   ┃    ┃   ┃    ┃ … ┃    ┃   ┃
┃                      ┃    ┃ R… ┃    ┃    ┃ w… ┃   ┃ R… ┃   ┃    ┃ … ┃    ┃   ┃
┃                      ┃ H… ┃ to ┃    ┃ H… ┃ r… ┃ … ┃ to ┃   ┃ S… ┃ … ┃ M… ┃ … ┃
┃                      ┃ W… ┃ R… ┃ H… ┃ V… ┃ to ┃ … ┃ R… ┃ … ┃ V… ┃ … ┃ C… ┃ … ┃
┃ Corner/Group         ┃ S… ┃ P… ┃ T… ┃ C… ┃ r… ┃ … ┃ P… ┃ … ┃ C… ┃ … ┃ V… ┃ … ┃
┡━━━━━━━━━━━━━━━━━━━━━━╇━━━━╇━━━━╇━━━━╇━━━━╇━━━━╇━━━╇━━━━╇━━━╇━━━━╇━━━╇━━━━╇━━━┩
│ Overall              │ 5… │ N… │ 0… │ 0  │ 0  │ … │ 4… │ … │ 0  │ 0 │ 0  │ 0 │
│ nom_typ_5p0V_25C     │ 5… │ N… │ 0… │ 0  │ 0  │ … │ 4… │ … │ 0  │ 0 │ 0  │ 0 │
└──────────────────────┴────┴────┴────┴────┴────┴───┴────┴───┴────┴───┴────┴───┘
─────────────────────────── Floorplan Initialization ───────────────────────────
[17:19:41] VERBOSE  Running 'OpenROAD.Floorplan' at                 step.py:1138
                    'runs/triage-f24-affected/13-openroad-floorplan             
                    '…                                                          
[17:19:41] VERBOSE  Logging subprocess to                           step.py:1338
                    'runs/triage-f24-affected/13-openroad-floorplan             
                    /openroad-floorplan.log'…                                   
Reading timing models for corner nom_typ_5p0V_25C…                              
Reading timing library for the 'nom_typ_5p0V_25C' corner at                     
'/Users/yanlu/Documents/TR-1um/flow/pdk_root/TR-1um/libs.ref/TR-1um_stdcell_acce
ss/lib/TR-1um_stdcell_access_typ_5p0V_25C.lib'…                                 
Reading technology LEF file at                                                  
'/Users/yanlu/Documents/TR-1um/flow/pdk_root/TR-1um/libs.ref/TR-1um_stdcell_acce
ss/lef/TR-1um_tech.lef'…                                                        
[INFO ODB-0227] LEF file:                                                       
/Users/yanlu/Documents/TR-1um/flow/pdk_root/TR-1um/libs.ref/TR-1um_stdcell_acces
s/lef/TR-1um_tech.lef, created 3 layers, 1 vias                                 
Reading cell LEF file at                                                        
'/Users/yanlu/Documents/TR-1um/flow/pdk_root/TR-1um/libs.ref/TR-1um_stdcell_acce
ss/lef/TR-1um_access_cells.lef'…                                                
To avoid this warning in the future, define SITE after ORIGIN See file          
/Users/yanlu/Documents/TR-1um/flow/pdk_root/TR-1um/libs.ref/TR-1um_stdcell_acces
s/lef/TR-1um_access_cells.lef at line 4453.                                     
                                                                                
To avoid this warning in the future, define SITE after ORIGIN See file          
/Users/yanlu/Documents/TR-1um/flow/pdk_root/TR-1um/libs.ref/TR-1um_stdcell_acces
s/lef/TR-1um_access_cells.lef at line 4483.                                     
                                                                                
[INFO ODB-0227] LEF file:                                                       
/Users/yanlu/Documents/TR-1um/flow/pdk_root/TR-1um/libs.ref/TR-1um_stdcell_acces
s/lef/TR-1um_access_cells.lef, created 40 library cells                         
Reading cell LEF file at                                                        
'/Users/yanlu/Documents/TR-1um/flow/pdk_root/TR-1um/libs.ref/TR-1um_antenna/lef/
DIODE_N_X1_access.lef'…                                                         
[INFO ODB-0227] LEF file:                                                       
/Users/yanlu/Documents/TR-1um/flow/pdk_root/TR-1um/libs.ref/TR-1um_antenna/lef/D
IODE_N_X1_access.lef, created 1 library cells                                   
Reading top-level netlist at                                                    
'/Users/yanlu/Documents/TR-1um/flow/designs/tr1um_regfile4x4/runs/triage-f24-aff
ected/06-yosys-synthesis/tr1um_regfile4x4.nl.v'…                                
Linking design 'tr1um_regfile4x4' from netlist…                                 
Reading design constraints file at                                              
'/Users/yanlu/Documents/TR-1um/flow/designs/tr1um_regfile4x4/constraints.sdc'…  
[17:19:41] WARNING  [STA-0441] set_input_delay relative to a     openroad.py:314
                    clock defined on the same port/pin not                      
                    allowed.                                                    
[INFO] No information on clock propagation in input SDC file-- propagating all  
clocks.                                                                         
Using site height: 75.6 and site width: 0.1…                                    
[INFO] Using absolute sizing for the floorplan.                                 
[INFO] Using the set CORE_AREA; ignoring core margin parameters                 
+ initialize_floorplan -site TR1um_access_site -die_area 0.0 0.0 2400.0 2200.0  
-core_area 50.0 75.6 2350.0 2041.2                                              
[INFO IFP-0001] Added 26 rows of 23000 site TR1um_access_site.                  
[INFO IFP-0100] Die BBox:  (  0.000  0.000 ) ( 2400.000 2200.000 ) um           
[INFO IFP-0101] Core BBox: ( 50.000 75.600 ) ( 2350.000 2041.200 ) um           
[INFO IFP-0102] Core area:                      4520880.000 um^2                
[INFO IFP-0103] Total instances area:            284505.480 um^2                
[INFO IFP-0104] Effective utilization:                0.063                     
[INFO IFP-0105] Number of instances:                     69                     
[INFO IFP-0030] Inserted 0 tiecells using TIELO/LO.                             
[INFO IFP-0030] Inserted 0 tiecells using TIEHI/HI.                             
[INFO] Extracting DIE_AREA and CORE_AREA from the floorplan                     
[INFO] Floorplanned on a die area of 0.0 0.0 2400.0 2200.0 (µm).                
[INFO] Floorplanned on a core area of 50.0 75.6 2350.0 2041.2 (µm).             
Writing metric design__die__bbox: 0.0 0.0 2400.0 2200.0                         
Writing metric design__core__bbox: 50.0 75.6 2350.0 2041.2                      
Setting global connections for newly added cells…                               
[INFO] Setting global connections...                                            
[INFO ODB-0403] 0 connections made, 0 conflicts skipped.                        
Updating metrics…                                                               
Cell type report:                       Count       Area                        
  Inverter                                  3    6599.88                        
  Sequential cell                          16  121685.76                        
  Multi-Input combinational cell           50  156219.84                        
  Total                                    69  284505.48                        
Writing OpenROAD database to                                                    
'/Users/yanlu/Documents/TR-1um/flow/designs/tr1um_regfile4x4/runs/triage-f24-aff
ected/13-openroad-floorplan/tr1um_regfile4x4.odb'…                              
Writing netlist to                                                              
'/Users/yanlu/Documents/TR-1um/flow/designs/tr1um_regfile4x4/runs/triage-f24-aff
ected/13-openroad-floorplan/tr1um_regfile4x4.nl.v'…                             
Writing powered netlist to                                                      
'/Users/yanlu/Documents/TR-1um/flow/designs/tr1um_regfile4x4/runs/triage-f24-aff
ected/13-openroad-floorplan/tr1um_regfile4x4.pnl.v'…                            
Writing layout to                                                               
'/Users/yanlu/Documents/TR-1um/flow/designs/tr1um_regfile4x4/runs/triage-f24-aff
ected/13-openroad-floorplan/tr1um_regfile4x4.def'…                              
Writing timing constraints to                                                   
'/Users/yanlu/Documents/TR-1um/flow/designs/tr1um_regfile4x4/runs/triage-f24-aff
ected/13-openroad-floorplan/tr1um_regfile4x4.sdc'…                              
──────────────────────────────── Dump RC Values ────────────────────────────────
[17:19:41] VERBOSE  Running 'OpenROAD.DumpRCValues' at              step.py:1138
                    'runs/triage-f24-affected/14-openroad-dumprcval             
                    ues'…                                                       
[17:19:41] VERBOSE  Logging subprocess to                           step.py:1338
                    'runs/triage-f24-affected/14-openroad-dumprcval             
                    ues/openroad-dumprcvalues.log'…                             
Reading timing models for corner nom_typ_5p0V_25C…                              
Reading timing library for the 'nom_typ_5p0V_25C' corner at                     
'/Users/yanlu/Documents/TR-1um/flow/pdk_root/TR-1um/libs.ref/TR-1um_stdcell_acce
ss/lib/TR-1um_stdcell_access_typ_5p0V_25C.lib'…                                 
Reading technology LEF file at                                                  
'/Users/yanlu/Documents/TR-1um/flow/pdk_root/TR-1um/libs.ref/TR-1um_stdcell_acce
ss/lef/TR-1um_tech.lef'…                                                        
[INFO ODB-0227] LEF file:                                                       
/Users/yanlu/Documents/TR-1um/flow/pdk_root/TR-1um/libs.ref/TR-1um_stdcell_acces
s/lef/TR-1um_tech.lef, created 3 layers, 1 vias                                 
Reading cell LEF file at                                                        
'/Users/yanlu/Documents/TR-1um/flow/pdk_root/TR-1um/libs.ref/TR-1um_stdcell_acce
ss/lef/TR-1um_access_cells.lef'…                                                
To avoid this warning in the future, define SITE after ORIGIN See file          
/Users/yanlu/Documents/TR-1um/flow/pdk_root/TR-1um/libs.ref/TR-1um_stdcell_acces
s/lef/TR-1um_access_cells.lef at line 4453.                                     
                                                                                
To avoid this warning in the future, define SITE after ORIGIN See file          
/Users/yanlu/Documents/TR-1um/flow/pdk_root/TR-1um/libs.ref/TR-1um_stdcell_acces
s/lef/TR-1um_access_cells.lef at line 4483.                                     
                                                                                
[INFO ODB-0227] LEF file:                                                       
/Users/yanlu/Documents/TR-1um/flow/pdk_root/TR-1um/libs.ref/TR-1um_stdcell_acces
s/lef/TR-1um_access_cells.lef, created 40 library cells                         
Reading cell LEF file at                                                        
'/Users/yanlu/Documents/TR-1um/flow/pdk_root/TR-1um/libs.ref/TR-1um_antenna/lef/
DIODE_N_X1_access.lef'…                                                         
[INFO ODB-0227] LEF file:                                                       
/Users/yanlu/Documents/TR-1um/flow/pdk_root/TR-1um/libs.ref/TR-1um_antenna/lef/D
IODE_N_X1_access.lef, created 1 library cells                                   
[INFO ODB-0127] Reading DEF file:                                               
/Users/yanlu/Documents/TR-1um/flow/designs/tr1um_regfile4x4/runs/triage-f24-affe
cted/13-openroad-floorplan/tr1um_regfile4x4.def                                 
[INFO ODB-0128] Design: tr1um_regfile4x4                                        
[INFO ODB-0130]     Created 16 pins.                                            
[INFO ODB-0131]     Created 69 components and 401 component-terminals.          
[INFO ODB-0132]     Created 2 special nets and 138 connections.                 
[INFO ODB-0133]     Created 95 nets and 263 connections.                        
[INFO ODB-0134] Finished DEF file:                                              
/Users/yanlu/Documents/TR-1um/flow/designs/tr1um_regfile4x4/runs/triage-f24-affe
cted/13-openroad-floorplan/tr1um_regfile4x4.def                                 
──────────────────────────── Set Power Connections ─────────────────────────────
[17:19:42] VERBOSE  Running 'Odb.SetPowerConnections' at            step.py:1138
                    'runs/triage-f24-affected/15-odb-setpowerconnec             
                    tions'…                                                     
[17:19:42] VERBOSE  Logging subprocess to                           step.py:1338
                    'runs/triage-f24-affected/15-odb-setpowerconnec             
                    tions/odb-setpowerconnections.log'…                         
──────────────────────────── Manual Macro Placement ────────────────────────────
[17:19:42] VERBOSE  Running 'Odb.ManualMacroPlacement' at           step.py:1138
                    'runs/triage-f24-affected/16-odb-manualmacropla             
                    cement'…                                                    
[17:19:42] INFO     No instances found, skipping                      odb.py:468
                    'Odb.ManualMacroPlacement'…                                 
─────────────────────────────────── Cut Rows ───────────────────────────────────
[17:19:42] VERBOSE  Running 'OpenROAD.CutRows' at                   step.py:1138
                    'runs/triage-f24-affected/17-openroad-cutrows'…             
[17:19:42] VERBOSE  Logging subprocess to                           step.py:1338
                    'runs/triage-f24-affected/17-openroad-cutrows/o             
                    penroad-cutrows.log'…                                       
Reading timing models for corner nom_typ_5p0V_25C…                              
Reading timing library for the 'nom_typ_5p0V_25C' corner at                     
'/Users/yanlu/Documents/TR-1um/flow/pdk_root/TR-1um/libs.ref/TR-1um_stdcell_acce
ss/lib/TR-1um_stdcell_access_typ_5p0V_25C.lib'…                                 
Reading OpenROAD database at                                                    
'/Users/yanlu/Documents/TR-1um/flow/designs/tr1um_regfile4x4/runs/triage-f24-aff
ected/15-odb-setpowerconnections/tr1um_regfile4x4.odb'…                         
Reading design constraints file at                                              
'/Users/yanlu/Documents/TR-1um/flow/designs/tr1um_regfile4x4/constraints.sdc'…  
[17:19:42] WARNING  [STA-0441] set_input_delay relative to a     openroad.py:314
                    clock defined on the same port/pin not                      
                    allowed.                                                    
[INFO] No information on clock propagation in input SDC file-- propagating all  
clocks.                                                                         
+ cut_rows -halo_width_x 10.0 -halo_width_y 10.0                                
Setting global connections for newly added cells…                               
[INFO] Setting global connections...                                            
[INFO ODB-0403] 0 connections made, 0 conflicts skipped.                        
Updating metrics…                                                               
Cell type report:                       Count       Area                        
  Inverter                                  3    6599.88                        
  Sequential cell                          16  121685.76                        
  Multi-Input combinational cell           50  156219.84                        
  Total                                    69  284505.48                        
Writing OpenROAD database to                                                    
'/Users/yanlu/Documents/TR-1um/flow/designs/tr1um_regfile4x4/runs/triage-f24-aff
ected/17-openroad-cutrows/tr1um_regfile4x4.odb'…                                
Writing layout to                                                               
'/Users/yanlu/Documents/TR-1um/flow/designs/tr1um_regfile4x4/runs/triage-f24-aff
ected/17-openroad-cutrows/tr1um_regfile4x4.def'…                                
───────────────────────────── Tap/Decap Insertion ──────────────────────────────
[17:19:42] VERBOSE  Running 'OpenROAD.TapEndcapInsertion' at        step.py:1138
                    'runs/triage-f24-affected/18-openroad-tapendcap             
                    insertion'…                                                 
[17:19:42] VERBOSE  Logging subprocess to                           step.py:1338
                    'runs/triage-f24-affected/18-openroad-tapendcap             
                    insertion/openroad-tapendcapinsertion.log'…                 
Reading timing models for corner nom_typ_5p0V_25C…                              
Reading timing library for the 'nom_typ_5p0V_25C' corner at                     
'/Users/yanlu/Documents/TR-1um/flow/pdk_root/TR-1um/libs.ref/TR-1um_stdcell_acce
ss/lib/TR-1um_stdcell_access_typ_5p0V_25C.lib'…                                 
Reading OpenROAD database at                                                    
'/Users/yanlu/Documents/TR-1um/flow/designs/tr1um_regfile4x4/runs/triage-f24-aff
ected/17-openroad-cutrows/tr1um_regfile4x4.odb'…                                
Reading design constraints file at                                              
'/Users/yanlu/Documents/TR-1um/flow/designs/tr1um_regfile4x4/constraints.sdc'…  
[17:19:43] WARNING  [STA-0441] set_input_delay relative to a     openroad.py:314
                    clock defined on the same port/pin not                      
                    allowed.                                                    
[INFO] No information on clock propagation in input SDC file-- propagating all  
clocks.                                                                         
+ tapcell -halo_width_x 10.0 -halo_width_y 10.0                                 
Setting global connections for newly added cells…                               
[INFO] Setting global connections...                                            
[INFO ODB-0403] 0 connections made, 0 conflicts skipped.                        
Updating metrics…                                                               
Cell type report:                       Count       Area                        
  Inverter                                  3    6599.88                        
  Sequential cell                          16  121685.76                        
  Multi-Input combinational cell           50  156219.84                        
  Total                                    69  284505.48                        
Writing OpenROAD database to                                                    
'/Users/yanlu/Documents/TR-1um/flow/designs/tr1um_regfile4x4/runs/triage-f24-aff
ected/18-openroad-tapendcapinsertion/tr1um_regfile4x4.odb'…                     
Writing netlist to                                                              
'/Users/yanlu/Documents/TR-1um/flow/designs/tr1um_regfile4x4/runs/triage-f24-aff
ected/18-openroad-tapendcapinsertion/tr1um_regfile4x4.nl.v'…                    
Writing powered netlist to                                                      
'/Users/yanlu/Documents/TR-1um/flow/designs/tr1um_regfile4x4/runs/triage-f24-aff
ected/18-openroad-tapendcapinsertion/tr1um_regfile4x4.pnl.v'…                   
Writing layout to                                                               
'/Users/yanlu/Documents/TR-1um/flow/designs/tr1um_regfile4x4/runs/triage-f24-aff
ected/18-openroad-tapendcapinsertion/tr1um_regfile4x4.def'…                     
Writing timing constraints to                                                   
'/Users/yanlu/Documents/TR-1um/flow/designs/tr1um_regfile4x4/runs/triage-f24-aff
ected/18-openroad-tapendcapinsertion/tr1um_regfile4x4.sdc'…                     
───────────────────────────── Add PDN obstructions ─────────────────────────────
[17:19:43] VERBOSE  Running 'Odb.AddPDNObstructions' at             step.py:1138
                    'runs/triage-f24-affected/19-odb-addpdnobstruct             
                    ions'…                                                      
[17:19:43] INFO     'PDN_OBSTRUCTIONS' is not defined. Skipping       odb.py:589
                    'Odb.AddPDNObstructions'…                                   
[17:19:43] INFO     Gating variable for step                   sequential.py:362
                    'OpenROAD.GeneratePDN' set to 'False'- the                  
                    step will be skipped.                                       
[17:19:43] INFO     Skipping step 'Generate PDN'…              sequential.py:370
─────────────────────────── Remove PDN obstructions ────────────────────────────
[17:19:43] VERBOSE  Running 'Odb.RemovePDNObstructions' at          step.py:1138
                    'runs/triage-f24-affected/20-odb-removepdnobstr             
                    uctions'…                                                   
[17:19:43] INFO     'PDN_OBSTRUCTIONS' is not defined. Skipping       odb.py:589
                    'Odb.RemovePDNObstructions'…                                
─────────────────────────────── Add Obstructions ───────────────────────────────
[17:19:43] VERBOSE  Running 'Odb.AddRoutingObstructions' at         step.py:1138
                    'runs/triage-f24-affected/21-odb-addroutingobst             
                    ructions'…                                                  
[17:19:43] INFO     'ROUTING_OBSTRUCTIONS' is not defined. Skipping   odb.py:589
                    'Odb.AddRoutingObstructions'…                               
─────────────────────────── Global Placement Skip IO ───────────────────────────
[17:19:43] VERBOSE  Running 'OpenROAD.GlobalPlacementSkipIO' at     step.py:1138
                    'runs/triage-f24-affected/22-openroad-globalpla             
                    cementskipio'…                                              
[17:19:43] INFO     I/O pins to be placed from                  openroad.py:1665
                    /Users/yanlu/Documents/TR-1um/flow/designs/                 
                    tr1um_regfile4x4/pin_order.cfg. Returning                   
                    state unaltered…                                            
──────────────────────────────── I/O Placement ─────────────────────────────────
[17:19:43] VERBOSE  Running 'OpenROAD.IOPlacement' at               step.py:1138
                    'runs/triage-f24-affected/23-openroad-ioplaceme             
                    nt'…                                                        
[17:19:43] INFO     IO_PIN_ORDER_CFG is set. Skipping           openroad.py:1355
                    'OpenROAD.IOPlacement'…                                     
─────────────────────── Custom I/O Pin Placement Script ────────────────────────
[17:19:43] VERBOSE  Running 'Odb.CustomIOPlacement' at              step.py:1138
                    'runs/triage-f24-affected/24-odb-customioplacem             
                    ent'…                                                       
[17:19:43] VERBOSE  Logging subprocess to                           step.py:1338
                    'runs/triage-f24-affected/24-odb-customioplacem             
                    ent/odb-customioplacement.log'…                             
Top-level design name: tr1um_regfile4x4                                         
Block boundaries: 0 0 2400000 2200000                                           
Horizontal Tracks Origin: 2700, Count: 407, Step: 5400                          
Vertical Tracks Origin: 2700, Count: 444, Step: 5400                            
Placement details for the N side                                                
Virtual pin count:  0                                                           
Actual pin count:  8                                                            
Total pin count:  8                                                             
Tracks count:  222                                                              
Tracks per pin:  27                                                             
Used tracks count:  190                                                         
Unused track count:  32                                                         
Starting track index:  16                                                       
Placement details for the E side                                                
Virtual pin count:  0                                                           
Actual pin count:  6                                                            
Total pin count:  6                                                             
Tracks count:  407                                                              
Tracks per pin:  67                                                             
Used tracks count:  336                                                         
Unused track count:  71                                                         
Starting track index:  35                                                       
Placement details for the S side                                                
Virtual pin count:  0                                                           
Actual pin count:  2                                                            
Total pin count:  2                                                             
Tracks count:  222                                                              
Tracks per pin:  111                                                            
Used tracks count:  112                                                         
Unused track count:  110                                                        
Starting track index:  55                                                       
────────────────────────────── Apply DEF Template ──────────────────────────────
[17:19:43] VERBOSE  Running 'Odb.ApplyDEFTemplate' at               step.py:1138
                    'runs/triage-f24-affected/25-odb-applydeftempla             
                    te'…                                                        
[17:19:43] INFO     No DEF template provided, skipping                odb.py:302
                    'Odb.ApplyDEFTemplate'…                                     
─────────────────────────────── Global Placement ───────────────────────────────
[17:19:43] VERBOSE  Running 'OpenROAD.GlobalPlacement' at           step.py:1138
                    'runs/triage-f24-affected/26-openroad-globalpla             
                    cement'…                                                    
[17:19:43] VERBOSE  Logging subprocess to                           step.py:1338
                    'runs/triage-f24-affected/26-openroad-globalpla             
                    cement/openroad-globalplacement.log'…                       
Reading timing models for corner nom_typ_5p0V_25C…                              
Reading timing library for the 'nom_typ_5p0V_25C' corner at                     
'/Users/yanlu/Documents/TR-1um/flow/pdk_root/TR-1um/libs.ref/TR-1um_stdcell_acce
ss/lib/TR-1um_stdcell_access_typ_5p0V_25C.lib'…                                 
Reading OpenROAD database at                                                    
'/Users/yanlu/Documents/TR-1um/flow/designs/tr1um_regfile4x4/runs/triage-f24-aff
ected/24-odb-customioplacement/tr1um_regfile4x4.odb'…                           
Reading design constraints file at                                              
'/Users/yanlu/Documents/TR-1um/flow/designs/tr1um_regfile4x4/constraints.sdc'…  
[17:19:44] WARNING  [STA-0441] set_input_delay relative to a     openroad.py:314
                    clock defined on the same port/pin not                      
                    allowed.                                                    
[INFO] No information on clock propagation in input SDC file-- propagating all  
clocks.                                                                         
[INFO] Using access-cell manual placement instead of RePlAce                    
[INFO] TR-1um access placement: 69 cells centered across 12 sparse R0 rows      
Setting global connections for newly added cells…                               
[INFO] Setting global connections...                                            
[INFO ODB-0403] 0 connections made, 0 conflicts skipped.                        
Updating metrics…                                                               
Cell type report:                       Count       Area                        
  Inverter                                  3    6599.88                        
  Sequential cell                          16  121685.76                        
  Multi-Input combinational cell           50  156219.84                        
  Total                                    69  284505.48                        
Writing OpenROAD database to                                                    
'/Users/yanlu/Documents/TR-1um/flow/designs/tr1um_regfile4x4/runs/triage-f24-aff
ected/26-openroad-globalplacement/tr1um_regfile4x4.odb'…                        
Writing netlist to                                                              
'/Users/yanlu/Documents/TR-1um/flow/designs/tr1um_regfile4x4/runs/triage-f24-aff
ected/26-openroad-globalplacement/tr1um_regfile4x4.nl.v'…                       
Writing powered netlist to                                                      
'/Users/yanlu/Documents/TR-1um/flow/designs/tr1um_regfile4x4/runs/triage-f24-aff
ected/26-openroad-globalplacement/tr1um_regfile4x4.pnl.v'…                      
Writing layout to                                                               
'/Users/yanlu/Documents/TR-1um/flow/designs/tr1um_regfile4x4/runs/triage-f24-aff
ected/26-openroad-globalplacement/tr1um_regfile4x4.def'…                        
Writing timing constraints to                                                   
'/Users/yanlu/Documents/TR-1um/flow/designs/tr1um_regfile4x4/runs/triage-f24-aff
ected/26-openroad-globalplacement/tr1um_regfile4x4.sdc'…                        
───────────────────────────── Write Verilog Header ─────────────────────────────
[17:19:44] VERBOSE  Running 'Odb.WriteVerilogHeader' at             step.py:1138
                    'runs/triage-f24-affected/27-odb-writeveriloghe             
                    ader'…                                                      
[17:19:44] VERBOSE  Logging subprocess to                           step.py:1338
                    'runs/triage-f24-affected/27-odb-writeveriloghe             
                    ader/odb-writeverilogheader.log'…                           
───────────────────────── Power Grid Violation Checker ─────────────────────────
[17:19:44] VERBOSE  Running 'Checker.PowerGridViolations' at        step.py:1138
                    'runs/triage-f24-affected/28-checker-powergridv             
                    iolations'…                                                 
[17:19:44] WARNING  The power grid violations (as reported by     checker.py:133
                    OpenROAD PSM- you may ignore these if LVS                   
                    passes) metric was not found. Are you sure                  
                    the relevant step was run?                                  
─────────────────────── Static Timing Analysis (Mid-PnR) ───────────────────────
[17:19:44] VERBOSE  Running 'OpenROAD.STAMidPNR' at                 step.py:1138
                    'runs/triage-f24-affected/29-openroad-stamidpnr             
                    '…                                                          
[17:19:44] VERBOSE  Logging subprocess to                           step.py:1338
                    'runs/triage-f24-affected/29-openroad-stamidpnr             
                    /openroad-stamidpnr.log'…                                   
Reading timing models for corner nom_typ_5p0V_25C…                              
Reading timing library for the 'nom_typ_5p0V_25C' corner at                     
'/Users/yanlu/Documents/TR-1um/flow/pdk_root/TR-1um/libs.ref/TR-1um_stdcell_acce
ss/lib/TR-1um_stdcell_access_typ_5p0V_25C.lib'…                                 
Reading OpenROAD database at                                                    
'/Users/yanlu/Documents/TR-1um/flow/designs/tr1um_regfile4x4/runs/triage-f24-aff
ected/26-openroad-globalplacement/tr1um_regfile4x4.odb'…                        
Reading design constraints file at                                              
'/Users/yanlu/Documents/TR-1um/flow/designs/tr1um_regfile4x4/constraints.sdc'…  
[17:19:44] WARNING  [STA-0441] set_input_delay relative to a     openroad.py:314
                    clock defined on the same port/pin not                      
                    allowed.                                                    
[INFO] No information on clock propagation in input SDC file-- propagating all  
clocks.                                                                         
[17:19:44] INFO     Gating variable for step                   sequential.py:362
                    'OpenROAD.RepairDesignPostGPL' set to                       
                    'False'- the step will be skipped.                          
[17:19:44] INFO     Skipping step 'Repair Design (Post-Global  sequential.py:370
                    Placement)'…                                                
─────────────────────────── Manual Global Placement ────────────────────────────
[17:19:44] VERBOSE  Running 'Odb.ManualGlobalPlacement' at          step.py:1138
                    'runs/triage-f24-affected/30-odb-manualglobalpl             
                    acement'…                                                   
[17:19:44] INFO     'MANUAL_GLOBAL_PLACEMENTS' not set. Skipping     odb.py:1031
                    'Odb.ManualGlobalPlacement'…                                
────────────────────────────── Detailed Placement ──────────────────────────────
[17:19:44] VERBOSE  Running 'OpenROAD.DetailedPlacement' at         step.py:1138
                    'runs/triage-f24-affected/31-openroad-detailedp             
                    lacement'…                                                  
[17:19:44] VERBOSE  Logging subprocess to                           step.py:1338
                    'runs/triage-f24-affected/31-openroad-detailedp             
                    lacement/openroad-detailedplacement.log'…                   
Reading timing models for corner nom_typ_5p0V_25C…                              
Reading timing library for the 'nom_typ_5p0V_25C' corner at                     
'/Users/yanlu/Documents/TR-1um/flow/pdk_root/TR-1um/libs.ref/TR-1um_stdcell_acce
ss/lib/TR-1um_stdcell_access_typ_5p0V_25C.lib'…                                 
Reading OpenROAD database at                                                    
'/Users/yanlu/Documents/TR-1um/flow/designs/tr1um_regfile4x4/runs/triage-f24-aff
ected/26-openroad-globalplacement/tr1um_regfile4x4.odb'…                        
Reading design constraints file at                                              
'/Users/yanlu/Documents/TR-1um/flow/designs/tr1um_regfile4x4/constraints.sdc'…  
[17:19:45] WARNING  [STA-0441] set_input_delay relative to a     openroad.py:314
                    clock defined on the same port/pin not                      
                    allowed.                                                    
[INFO] No information on clock propagation in input SDC file-- propagating all  
clocks.                                                                         
+ detailed_placement -max_displacement  500 100                                 
Placement Analysis                                                              
---------------------------------                                               
total displacement          0.0 u                                               
average displacement        0.0 u                                               
max displacement            0.0 u                                               
original HPWL           72402.7 u                                               
legalized HPWL          72402.7 u                                               
delta HPWL                    0 %                                               
                                                                                
Setting global connections for newly added cells…                               
[INFO] Setting global connections...                                            
[INFO ODB-0403] 0 connections made, 0 conflicts skipped.                        
Updating metrics…                                                               
Cell type report:                       Count       Area                        
  Inverter                                  3    6599.88                        
  Sequential cell                          16  121685.76                        
  Multi-Input combinational cell           50  156219.84                        
  Total                                    69  284505.48                        
Writing OpenROAD database to                                                    
'/Users/yanlu/Documents/TR-1um/flow/designs/tr1um_regfile4x4/runs/triage-f24-aff
ected/31-openroad-detailedplacement/tr1um_regfile4x4.odb'…                      
Writing netlist to                                                              
'/Users/yanlu/Documents/TR-1um/flow/designs/tr1um_regfile4x4/runs/triage-f24-aff
ected/31-openroad-detailedplacement/tr1um_regfile4x4.nl.v'…                     
Writing powered netlist to                                                      
'/Users/yanlu/Documents/TR-1um/flow/designs/tr1um_regfile4x4/runs/triage-f24-aff
ected/31-openroad-detailedplacement/tr1um_regfile4x4.pnl.v'…                    
Writing layout to                                                               
'/Users/yanlu/Documents/TR-1um/flow/designs/tr1um_regfile4x4/runs/triage-f24-aff
ected/31-openroad-detailedplacement/tr1um_regfile4x4.def'…                      
Writing timing constraints to                                                   
'/Users/yanlu/Documents/TR-1um/flow/designs/tr1um_regfile4x4/runs/triage-f24-aff
ected/31-openroad-detailedplacement/tr1um_regfile4x4.sdc'…                      
[17:19:45] INFO     Gating variable for step 'OpenROAD.CTS'    sequential.py:362
                    set to 'False'- the step will be skipped.                   
[17:19:45] INFO     Skipping step 'Clock Tree Synthesis'…      sequential.py:370
─────────────────────── Static Timing Analysis (Mid-PnR) ───────────────────────
[17:19:45] VERBOSE  Running 'OpenROAD.STAMidPNR-1' at               step.py:1138
                    'runs/triage-f24-affected/32-openroad-stamidpnr             
                    -1'…                                                        
[17:19:45] VERBOSE  Logging subprocess to                           step.py:1338
                    'runs/triage-f24-affected/32-openroad-stamidpnr             
                    -1/openroad-stamidpnr-1.log'…                               
Reading timing models for corner nom_typ_5p0V_25C…                              
Reading timing library for the 'nom_typ_5p0V_25C' corner at                     
'/Users/yanlu/Documents/TR-1um/flow/pdk_root/TR-1um/libs.ref/TR-1um_stdcell_acce
ss/lib/TR-1um_stdcell_access_typ_5p0V_25C.lib'…                                 
Reading OpenROAD database at                                                    
'/Users/yanlu/Documents/TR-1um/flow/designs/tr1um_regfile4x4/runs/triage-f24-aff
ected/31-openroad-detailedplacement/tr1um_regfile4x4.odb'…                      
Reading design constraints file at                                              
'/Users/yanlu/Documents/TR-1um/flow/designs/tr1um_regfile4x4/constraints.sdc'…  
[17:19:45] WARNING  [STA-0441] set_input_delay relative to a     openroad.py:314
                    clock defined on the same port/pin not                      
                    allowed.                                                    
[INFO] No information on clock propagation in input SDC file-- propagating all  
clocks.                                                                         
─────────── Resizer Timing Optimizations (Post-Clock Tree Synthesis) ───────────
[17:19:45] VERBOSE  Running 'OpenROAD.ResizerTimingPostCTS' at      step.py:1138
                    'runs/triage-f24-affected/33-openroad-resizerti             
                    mingpostcts'…                                               
[17:19:45] VERBOSE  Logging subprocess to                           step.py:1338
                    'runs/triage-f24-affected/33-openroad-resizerti             
                    mingpostcts/openroad-resizertimingpostcts.log'…             
Reading timing models for corner nom_typ_5p0V_25C…                              
Reading timing library for the 'nom_typ_5p0V_25C' corner at                     
'/Users/yanlu/Documents/TR-1um/flow/pdk_root/TR-1um/libs.ref/TR-1um_stdcell_acce
ss/lib/TR-1um_stdcell_access_typ_5p0V_25C.lib'…                                 
Reading OpenROAD database at                                                    
'/Users/yanlu/Documents/TR-1um/flow/designs/tr1um_regfile4x4/runs/triage-f24-aff
ected/31-openroad-detailedplacement/tr1um_regfile4x4.odb'…                      
Reading design constraints file at                                              
'/Users/yanlu/Documents/TR-1um/flow/designs/tr1um_regfile4x4/constraints.sdc'…  
[17:19:45] WARNING  [STA-0441] set_input_delay relative to a     openroad.py:314
                    clock defined on the same port/pin not                      
                    allowed.                                                    
[INFO] No information on clock propagation in input SDC file-- propagating all  
clocks.                                                                         
+ repair_timing -verbose -setup -setup_margin                                   
0.05000000000000000277555756156289135105907917022705078125 -max_buffer_percent  
50.0                                                                            
[INFO RSZ-0100] Repair move sequence: UnbufferMove SizeUpMove SwapPinsMove      
BufferMove CloneMove SplitLoadMove                                              
[INFO RSZ-0098] No setup violations found                                       
+ repair_timing -verbose -hold -setup_margin                                    
0.05000000000000000277555756156289135105907917022705078125 -hold_margin         
0.1000000000000000055511151231257827021181583404541015625 -max_buffer_percent   
100.0                                                                           
[INFO RSZ-0033] No hold violations found.                                       
+ detailed_placement -max_displacement  500 100                                 
Placement Analysis                                                              
---------------------------------                                               
total displacement          0.0 u                                               
average displacement        0.0 u                                               
max displacement            0.0 u                                               
original HPWL           72402.7 u                                               
legalized HPWL          72402.7 u                                               
delta HPWL                    0 %                                               
                                                                                
Setting global connections for newly added cells…                               
[INFO] Setting global connections...                                            
[INFO ODB-0403] 0 connections made, 0 conflicts skipped.                        
Updating metrics…                                                               
Cell type report:                       Count       Area                        
  Inverter                                  3    6599.88                        
  Sequential cell                          16  121685.76                        
  Multi-Input combinational cell           50  156219.84                        
  Total                                    69  284505.48                        
Writing OpenROAD database to                                                    
'/Users/yanlu/Documents/TR-1um/flow/designs/tr1um_regfile4x4/runs/triage-f24-aff
ected/33-openroad-resizertimingpostcts/tr1um_regfile4x4.odb'…                   
Writing netlist to                                                              
'/Users/yanlu/Documents/TR-1um/flow/designs/tr1um_regfile4x4/runs/triage-f24-aff
ected/33-openroad-resizertimingpostcts/tr1um_regfile4x4.nl.v'…                  
Writing powered netlist to                                                      
'/Users/yanlu/Documents/TR-1um/flow/designs/tr1um_regfile4x4/runs/triage-f24-aff
ected/33-openroad-resizertimingpostcts/tr1um_regfile4x4.pnl.v'…                 
Writing layout to                                                               
'/Users/yanlu/Documents/TR-1um/flow/designs/tr1um_regfile4x4/runs/triage-f24-aff
ected/33-openroad-resizertimingpostcts/tr1um_regfile4x4.def'…                   
Writing timing constraints to                                                   
'/Users/yanlu/Documents/TR-1um/flow/designs/tr1um_regfile4x4/runs/triage-f24-aff
ected/33-openroad-resizertimingpostcts/tr1um_regfile4x4.sdc'…                   
─────────────────────── Static Timing Analysis (Mid-PnR) ───────────────────────
[17:19:45] VERBOSE  Running 'OpenROAD.STAMidPNR-2' at               step.py:1138
                    'runs/triage-f24-affected/34-openroad-stamidpnr             
                    -2'…                                                        
[17:19:45] VERBOSE  Logging subprocess to                           step.py:1338
                    'runs/triage-f24-affected/34-openroad-stamidpnr             
                    -2/openroad-stamidpnr-2.log'…                               
Reading timing models for corner nom_typ_5p0V_25C…                              
Reading timing library for the 'nom_typ_5p0V_25C' corner at                     
'/Users/yanlu/Documents/TR-1um/flow/pdk_root/TR-1um/libs.ref/TR-1um_stdcell_acce
ss/lib/TR-1um_stdcell_access_typ_5p0V_25C.lib'…                                 
Reading OpenROAD database at                                                    
'/Users/yanlu/Documents/TR-1um/flow/designs/tr1um_regfile4x4/runs/triage-f24-aff
ected/33-openroad-resizertimingpostcts/tr1um_regfile4x4.odb'…                   
Reading design constraints file at                                              
'/Users/yanlu/Documents/TR-1um/flow/designs/tr1um_regfile4x4/constraints.sdc'…  
[17:19:46] WARNING  [STA-0441] set_input_delay relative to a     openroad.py:314
                    clock defined on the same port/pin not                      
                    allowed.                                                    
[INFO] No information on clock propagation in input SDC file-- propagating all  
clocks.                                                                         
──────────────────────────────── Global Routing ────────────────────────────────
[17:19:46] VERBOSE  Running 'OpenROAD.GlobalRouting' at             step.py:1138
                    'runs/triage-f24-affected/35-openroad-globalrou             
                    ting'…                                                      
[17:19:46] VERBOSE  Logging subprocess to                           step.py:1338
                    'runs/triage-f24-affected/35-openroad-globalrou             
                    ting/openroad-globalrouting.log'…                           
Reading timing models for corner nom_typ_5p0V_25C…                              
Reading timing library for the 'nom_typ_5p0V_25C' corner at                     
'/Users/yanlu/Documents/TR-1um/flow/pdk_root/TR-1um/libs.ref/TR-1um_stdcell_acce
ss/lib/TR-1um_stdcell_access_typ_5p0V_25C.lib'…                                 
Reading OpenROAD database at                                                    
'/Users/yanlu/Documents/TR-1um/flow/designs/tr1um_regfile4x4/runs/triage-f24-aff
ected/33-openroad-resizertimingpostcts/tr1um_regfile4x4.odb'…                   
Reading design constraints file at                                              
'/Users/yanlu/Documents/TR-1um/flow/designs/tr1um_regfile4x4/constraints.sdc'…  
[17:19:46] WARNING  [STA-0441] set_input_delay relative to a     openroad.py:314
                    clock defined on the same port/pin not                      
                    allowed.                                                    
[INFO] No information on clock propagation in input SDC file-- propagating all  
clocks.                                                                         
[INFO] Setting signal min routing layer to: M1 and clock min routing layer to   
M1.                                                                             
[INFO] Setting signal max routing layer to: M2 and clock max routing layer to   
M2.                                                                             
+ global_route -congestion_iterations 0 -verbose -allow_congestion              
[INFO GRT-0020] Min routing layer: M1                                           
[INFO GRT-0021] Max routing layer: M2                                           
[INFO GRT-0022] Global adjustment: 30%                                          
[INFO GRT-0023] Grid origin: (0, 0)                                             
[INFO GRT-0088] Layer M1      Track-Pitch = 5.4000  line-2-Via Pitch: 4.0000    
[INFO GRT-0088] Layer M2      Track-Pitch = 5.4000  line-2-Via Pitch: 5.2000    
[INFO GRT-0003] Macros: 0                                                       
[INFO GRT-0004] Blockages: 634                                                  
[INFO GRT-0019] Found 1 clock nets.                                             
[INFO GRT-0001] Minimum degree: 2                                               
[INFO GRT-0002] Maximum degree: 17                                              
                                                                                
[INFO GRT-0053] Routing resources analysis:                                     
          Routing      Original      Derated      Resource                      
Layer     Direction    Resources     Resources    Reduction (%)                 
---------------------------------------------------------------                 
M1         Horizontal      10505          6971          33.64%                  
M2         Vertical        11157          7431          33.40%                  
---------------------------------------------------------------                 
                                                                                
[INFO GRT-0197] Via related to pin nodes: 17                                    
[INFO GRT-0198] Via related Steiner nodes: 3                                    
[INFO GRT-0199] Via filling finished.                                           
[INFO GRT-0111] Final number of vias: 51                                        
[INFO GRT-0112] Final usage 3D: 1075                                            
                                                                                
[INFO GRT-0096] Final congestion report:                                        
Layer         Resource        Demand        Usage (%)    Max H / Max V / Total  
Overflow                                                                        
--------------------------------------------------------------------------------
-------                                                                         
M1                6971            96            1.38%             0 /  0 /  0   
M2                7431           826           11.12%             5 /  0 / 260  
--------------------------------------------------------------------------------
-------                                                                         
Total            14402           922            6.40%             5 /  0 / 260  
                                                                                
[INFO GRT-0018] Total wirelength: 100521 um                                     
[INFO GRT-0014] Routed nets: 79                                                 
[17:19:46] WARNING  [GRT-0704] Try reduce the layer adjustment   openroad.py:314
                    from 30.000002% to 0%                                       
[17:19:46] WARNING  [GRT-0115] Global routing finished with      openroad.py:314
                    congestion. Check the congestion regions in                 
                    the DRC Viewer.                                             
[INFO GRT-0303] Global routing runtime = 00:00:00                               
Setting global connections for newly added cells…                               
[INFO] Setting global connections...                                            
[INFO ODB-0403] 0 connections made, 0 conflicts skipped.                        
Updating metrics…                                                               
Cell type report:                       Count       Area                        
  Inverter                                  3    6599.88                        
  Sequential cell                          16  121685.76                        
  Multi-Input combinational cell           50  156219.84                        
  Total                                    69  284505.48                        
Writing OpenROAD database to                                                    
'/Users/yanlu/Documents/TR-1um/flow/designs/tr1um_regfile4x4/runs/triage-f24-aff
ected/35-openroad-globalrouting/tr1um_regfile4x4.odb'…                          
Writing layout to                                                               
'/Users/yanlu/Documents/TR-1um/flow/designs/tr1um_regfile4x4/runs/triage-f24-aff
ected/35-openroad-globalrouting/tr1um_regfile4x4.def'…                          
──────────────────────────────── Check Antennas ────────────────────────────────
[17:19:46] VERBOSE  Running 'OpenROAD.CheckAntennas' at             step.py:1138
                    'runs/triage-f24-affected/36-openroad-checkante             
                    nnas'…                                                      
[17:19:46] VERBOSE  Logging subprocess to                           step.py:1338
                    'runs/triage-f24-affected/36-openroad-checkante             
                    nnas/openroad-checkantennas.log'…                           
Reading timing models for corner nom_typ_5p0V_25C…                              
Reading timing library for the 'nom_typ_5p0V_25C' corner at                     
'/Users/yanlu/Documents/TR-1um/flow/pdk_root/TR-1um/libs.ref/TR-1um_stdcell_acce
ss/lib/TR-1um_stdcell_access_typ_5p0V_25C.lib'…                                 
Reading OpenROAD database at                                                    
'/Users/yanlu/Documents/TR-1um/flow/designs/tr1um_regfile4x4/runs/triage-f24-aff
ected/35-openroad-globalrouting/tr1um_regfile4x4.odb'…                          
Reading design constraints file at                                              
'/Users/yanlu/Documents/TR-1um/flow/designs/tr1um_regfile4x4/constraints.sdc'…  
[17:19:46] WARNING  [STA-0441] set_input_delay relative to a     openroad.py:314
                    clock defined on the same port/pin not                      
                    allowed.                                                    
[INFO] No information on clock propagation in input SDC file-- propagating all  
clocks.                                                                         
[17:19:46] INFO     Gating variable for step                   sequential.py:362
                    'OpenROAD.RepairDesignPostGRT' set to                       
                    'False'- the step will be skipped.                          
[17:19:46] INFO     Skipping step 'Repair Design (Post-Global  sequential.py:370
                    Routing)'…                                                  
────────────────────── Diodes on Ports Protection Routine ──────────────────────
[17:19:46] VERBOSE  Running 'Odb.DiodesOnPorts' at                  step.py:1138
                    'runs/triage-f24-affected/37-odb-diodesonports'             
                    …                                                           
[17:19:46] INFO     'DIODE_ON_PORTS' is set to 'none': skipping       odb.py:820
                    'Odb.DiodesOnPorts'…                                        
[17:19:46] INFO     Gating variable for step                   sequential.py:362
                    'Odb.HeuristicDiodeInsertion' set to                        
                    'False'- the step will be skipped.                          
[17:19:46] INFO     Skipping step 'Heuristic Diode Insertion'… sequential.py:370
[17:19:46] INFO     Gating variable for step                   sequential.py:362
                    'OpenROAD.RepairAntennas' set to 'False'-                   
                    the step will be skipped.                                   
[17:19:46] INFO     Skipping step 'Antenna Repair'…            sequential.py:370
[17:19:46] INFO     Gating variable for step                   sequential.py:362
                    'OpenROAD.ResizerTimingPostGRT' set to                      
                    'False'- the step will be skipped.                          
[17:19:46] INFO     Skipping step 'Resizer Timing              sequential.py:370
                    Optimizations (Post-Global Routing)'…                       
─────────────────────── Static Timing Analysis (Mid-PnR) ───────────────────────
[17:19:46] VERBOSE  Running 'OpenROAD.STAMidPNR-3' at               step.py:1138
                    'runs/triage-f24-affected/38-openroad-stamidpnr             
                    -3'…                                                        
[17:19:46] VERBOSE  Logging subprocess to                           step.py:1338
                    'runs/triage-f24-affected/38-openroad-stamidpnr             
                    -3/openroad-stamidpnr-3.log'…                               
Reading timing models for corner nom_typ_5p0V_25C…                              
Reading timing library for the 'nom_typ_5p0V_25C' corner at                     
'/Users/yanlu/Documents/TR-1um/flow/pdk_root/TR-1um/libs.ref/TR-1um_stdcell_acce
ss/lib/TR-1um_stdcell_access_typ_5p0V_25C.lib'…                                 
Reading OpenROAD database at                                                    
'/Users/yanlu/Documents/TR-1um/flow/designs/tr1um_regfile4x4/runs/triage-f24-aff
ected/35-openroad-globalrouting/tr1um_regfile4x4.odb'…                          
Reading design constraints file at                                              
'/Users/yanlu/Documents/TR-1um/flow/designs/tr1um_regfile4x4/constraints.sdc'…  
[17:19:47] WARNING  [STA-0441] set_input_delay relative to a     openroad.py:314
                    clock defined on the same port/pin not                      
                    allowed.                                                    
[INFO] No information on clock propagation in input SDC file-- propagating all  
clocks.                                                                         
─────────────────────────────── Detailed Routing ───────────────────────────────
[17:19:47] VERBOSE  Running 'OpenROAD.DetailedRouting' at           step.py:1138
                    'runs/triage-f24-affected/39-openroad-detailedr             
                    outing'…                                                    
[17:19:47] INFO     Running TritonRoute with 6 threads…         openroad.py:2016
[17:19:47] VERBOSE  Logging subprocess to                           step.py:1338
                    'runs/triage-f24-affected/39-openroad-detailedr             
                    outing/openroad-detailedrouting.log'…                       
Reading timing models for corner nom_typ_5p0V_25C…                              
Reading timing library for the 'nom_typ_5p0V_25C' corner at                     
'/Users/yanlu/Documents/TR-1um/flow/pdk_root/TR-1um/libs.ref/TR-1um_stdcell_acce
ss/lib/TR-1um_stdcell_access_typ_5p0V_25C.lib'…                                 
Reading OpenROAD database at                                                    
'/Users/yanlu/Documents/TR-1um/flow/designs/tr1um_regfile4x4/runs/triage-f24-aff
ected/35-openroad-globalrouting/tr1um_regfile4x4.odb'…                          
Reading design constraints file at                                              
'/Users/yanlu/Documents/TR-1um/flow/designs/tr1um_regfile4x4/constraints.sdc'…  
[17:19:47] WARNING  [STA-0441] set_input_delay relative to a     openroad.py:314
                    clock defined on the same port/pin not                      
                    allowed.                                                    
[INFO] No information on clock propagation in input SDC file-- propagating all  
clocks.                                                                         
[INFO ORD-0030] Using 6 thread(s).                                              
+ detailed_route -droute_end_iter 64 -or_seed 42 -verbose 1                     
-drc_report_iter_step 1 -output_drc                                             
/Users/yanlu/Documents/TR-1um/flow/designs/tr1um_regfile4x4/runs/triage-f24-affe
cted/39-openroad-detailedrouting/drt-run-0/tr1um_regfile4x4.drc                 
[INFO DRT-0149] Reading tech and libs.                                          
                                                                                
Units:                1000                                                      
Number of layers:     5                                                         
Number of macros:     41                                                        
Number of vias:       1                                                         
Number of viarulegen: 0                                                         
                                                                                
[INFO DRT-0150] Reading design.                                                 
                                                                                
Design:                   tr1um_regfile4x4                                      
Die area:                 ( 0 0 ) ( 2400000 2200000 )                           
Number of track patterns: 4                                                     
Number of DEF vias:       0                                                     
Number of components:     69                                                    
Number of terminals:      16                                                    
Number of snets:          2                                                     
Number of nets:           95                                                    
                                                                                
[INFO DRT-0167] List of default vias:                                           
  Layer V1                                                                      
    default via: M1M2_V1                                                        
[INFO DRT-0162] Library cell analysis.                                          
[INFO DRT-0163] Instance analysis.                                              
[INFO DRT-0164] Number of unique instances = 52.                                
[INFO DRT-0168] Init region query.                                              
[INFO DRT-0024]   Complete FR_MASTERSLICE.                                      
[INFO DRT-0024]   Complete Fr_VIA.                                              
[INFO DRT-0024]   Complete M1.                                                  
[INFO DRT-0024]   Complete V1.                                                  
[INFO DRT-0024]   Complete M2.                                                  
[INFO DRT-0033] FR_MASTERSLICE shape region query size = 0.                     
[INFO DRT-0033] FR_VIA shape region query size = 0.                             
[INFO DRT-0033] M1 shape region query size = 441.                               
[INFO DRT-0033] V1 shape region query size = 1467.                              
[INFO DRT-0033] M2 shape region query size = 336.                               
[INFO DRT-0165] Start pin access.                                               
[INFO DRT-0078]   Complete 298 pins.                                            
[INFO DRT-0081]   Complete 52 unique inst patterns.                             
[INFO DRT-0084]   Complete 69 groups.                                           
#scanned instances     = 69                                                     
#unique  instances     = 52                                                     
#stdCellGenAp          = 905                                                    
#stdCellValidPlanarAp  = 847                                                    
#stdCellValidViaAp     = 5                                                      
#stdCellPinNoAp        = 0                                                      
#stdCellPinCnt         = 263                                                    
#instTermValidViaApCnt = 0                                                      
#macroGenAp            = 0                                                      
#macroValidPlanarAp    = 0                                                      
#macroValidViaAp       = 0                                                      
#macroNoAp             = 0                                                      
[INFO DRT-0166] Complete pin access.                                            
[INFO DRT-0267] cpu time = 00:00:00, elapsed time = 00:00:00, memory = 85.12    
(MB), peak = 85.12 (MB)                                                         
                                                                                
[INFO DRT-0157] Number of guides:     357                                       
                                                                                
[INFO DRT-0169] Post process guides.                                            
[INFO DRT-0176] GCELLGRID X 0 DO 29 STEP 81000 ;                                
[INFO DRT-0177] GCELLGRID Y 0 DO 27 STEP 81000 ;                                
[INFO DRT-0028]   Complete FR_MASTERSLICE.                                      
[INFO DRT-0028]   Complete Fr_VIA.                                              
[INFO DRT-0028]   Complete M1.                                                  
[INFO DRT-0028]   Complete V1.                                                  
[INFO DRT-0028]   Complete M2.                                                  
[INFO DRT-0178] Init guide query.                                               
[INFO DRT-0035]   Complete FR_MASTERSLICE (guide).                              
[INFO DRT-0035]   Complete Fr_VIA (guide).                                      
[INFO DRT-0035]   Complete M1 (guide).                                          
[INFO DRT-0035]   Complete V1 (guide).                                          
[INFO DRT-0035]   Complete M2 (guide).                                          
[INFO DRT-0036] FR_MASTERSLICE guide region query size = 0.                     
[INFO DRT-0036] FR_VIA guide region query size = 0.                             
[INFO DRT-0036] M1 guide region query size = 282.                               
[INFO DRT-0036] V1 guide region query size = 0.                                 
[INFO DRT-0036] M2 guide region query size = 416.                               
[INFO DRT-0179] Init gr pin query.                                              
[INFO DRT-0267] cpu time = 00:00:00, elapsed time = 00:00:00, memory = 85.69    
(MB), peak = 85.69 (MB)                                                         
[INFO DRT-0245] skipped writing guide updates to database.                      
[INFO DRT-0185] Post process initialize RPin region query.                      
[INFO DRT-0181] Start track assignment.                                         
[INFO DRT-0184] Done with 416 vertical wires in 1 frboxes and 282 horizontal    
wires in 1 frboxes.                                                             
[INFO DRT-0186] Done with 90 vertical wires in 1 frboxes and 130 horizontal     
wires in 1 frboxes.                                                             
[INFO DRT-0182] Complete track assignment.                                      
[INFO DRT-0267] cpu time = 00:00:00, elapsed time = 00:00:00, memory = 86.45    
(MB), peak = 86.45 (MB)                                                         
[INFO DRT-0187] Start routing data preparation.                                 
[INFO DRT-0267] cpu time = 00:00:00, elapsed time = 00:00:00, memory = 86.58    
(MB), peak = 86.58 (MB)                                                         
[INFO DRT-0194] Start detail routing.                                           
[INFO DRT-0195] Start 0th optimization iteration.                               
    Completing 10% with 0 violations.                                           
    elapsed time = 00:00:00, memory = 89.19 (MB).                               
    Completing 20% with 0 violations.                                           
    elapsed time = 00:00:00, memory = 90.72 (MB).                               
    Completing 30% with 0 violations.                                           
    elapsed time = 00:00:00, memory = 94.86 (MB).                               
    Completing 40% with 98 violations.                                          
    elapsed time = 00:00:00, memory = 94.94 (MB).                               
    Completing 50% with 98 violations.                                          
    elapsed time = 00:00:00, memory = 95.03 (MB).                               
    Completing 60% with 98 violations.                                          
    elapsed time = 00:00:01, memory = 95.11 (MB).                               
    Completing 70% with 142 violations.                                         
    elapsed time = 00:00:01, memory = 95.91 (MB).                               
    Completing 80% with 142 violations.                                         
    elapsed time = 00:00:01, memory = 97.14 (MB).                               
    Completing 90% with 195 violations.                                         
    elapsed time = 00:00:01, memory = 97.20 (MB).                               
    Completing 100% with 224 violations.                                        
    elapsed time = 00:00:02, memory = 97.25 (MB).                               
[INFO DRT-0199]   Number of violations = 231.                                   
Viol/Layer          M1     V1     M2                                            
Metal Spacing        2      0    130                                            
NS Metal             0      0      1                                            
Recheck              4      0      3                                            
Short                7      2     82                                            
[INFO DRT-0267] cpu time = 00:00:02, elapsed time = 00:00:02, memory = 209.03   
(MB), peak = 229.98 (MB)                                                        
Total wire length = 82707 um.                                                   
Total wire length on LAYER M1 = 28506 um.                                       
Total wire length on LAYER M2 = 54201 um.                                       
Total number of vias = 295.                                                     
Up-via summary (total 295):                                                     
                                                                                
----------------------                                                          
 FR_MASTERSLICE      0                                                          
             M1    295                                                          
----------------------                                                          
               295                                                              
                                                                                
                                                                                
[INFO DRT-0195] Start 1st optimization iteration.                               
    Completing 10% with 231 violations.                                         
    elapsed time = 00:00:00, memory = 209.12 (MB).                              
    Completing 20% with 231 violations.                                         
    elapsed time = 00:00:00, memory = 209.20 (MB).                              
    Completing 30% with 231 violations.                                         
    elapsed time = 00:00:00, memory = 210.05 (MB).                              
    Completing 40% with 206 violations.                                         
    elapsed time = 00:00:01, memory = 214.81 (MB).                              
    Completing 50% with 206 violations.                                         
    elapsed time = 00:00:01, memory = 214.83 (MB).                              
    Completing 60% with 206 violations.                                         
    elapsed time = 00:00:02, memory = 214.88 (MB).                              
    Completing 70% with 153 violations.                                         
    elapsed time = 00:00:02, memory = 214.89 (MB).                              
    Completing 80% with 153 violations.                                         
    elapsed time = 00:00:02, memory = 214.91 (MB).                              
    Completing 90% with 152 violations.                                         
    elapsed time = 00:00:02, memory = 214.95 (MB).                              
    Completing 100% with 151 violations.                                        
    elapsed time = 00:00:02, memory = 214.95 (MB).                              
[INFO DRT-0199]   Number of violations = 151.                                   
Viol/Layer          M2                                                          
Metal Spacing       88                                                          
NS Metal             2                                                          
Short               61                                                          
[INFO DRT-0267] cpu time = 00:00:02, elapsed time = 00:00:02, memory = 209.42   
(MB), peak = 233.28 (MB)                                                        
Total wire length = 81675 um.                                                   
Total wire length on LAYER M1 = 28213 um.                                       
Total wire length on LAYER M2 = 53462 um.                                       
Total number of vias = 288.                                                     
Up-via summary (total 288):                                                     
                                                                                
----------------------                                                          
 FR_MASTERSLICE      0                                                          
             M1    288                                                          
----------------------                                                          
               288                                                              
                                                                                
                                                                                
[INFO DRT-0195] Start 2nd optimization iteration.                               
    Completing 10% with 151 violations.                                         
    elapsed time = 00:00:00, memory = 209.42 (MB).                              
    Completing 20% with 151 violations.                                         
    elapsed time = 00:00:00, memory = 209.42 (MB).                              
    Completing 30% with 151 violations.                                         
    elapsed time = 00:00:00, memory = 209.44 (MB).                              
    Completing 40% with 144 violations.                                         
    elapsed time = 00:00:00, memory = 209.42 (MB).                              
    Completing 50% with 144 violations.                                         
    elapsed time = 00:00:00, memory = 209.42 (MB).                              
    Completing 60% with 144 violations.                                         
    elapsed time = 00:00:01, memory = 209.53 (MB).                              
    Completing 70% with 136 violations.                                         
    elapsed time = 00:00:01, memory = 209.53 (MB).                              
    Completing 80% with 136 violations.                                         
    elapsed time = 00:00:01, memory = 209.53 (MB).                              
    Completing 90% with 136 violations.                                         
    elapsed time = 00:00:01, memory = 209.53 (MB).                              
    Completing 100% with 131 violations.                                        
    elapsed time = 00:00:01, memory = 209.59 (MB).                              
[INFO DRT-0199]   Number of violations = 131.                                   
Viol/Layer          M2                                                          
Metal Spacing       87                                                          
NS Metal             1                                                          
Short               43                                                          
[INFO DRT-0267] cpu time = 00:00:01, elapsed time = 00:00:01, memory = 233.72   
(MB), peak = 233.72 (MB)                                                        
Total wire length = 81843 um.                                                   
Total wire length on LAYER M1 = 27889 um.                                       
Total wire length on LAYER M2 = 53954 um.                                       
Total number of vias = 284.                                                     
Up-via summary (total 284):                                                     
                                                                                
----------------------                                                          
 FR_MASTERSLICE      0                                                          
             M1    284                                                          
----------------------                                                          
               284                                                              
                                                                                
                                                                                
[INFO DRT-0195] Start 3rd optimization iteration.                               
    Completing 10% with 131 violations.                                         
    elapsed time = 00:00:00, memory = 233.72 (MB).                              
    Completing 20% with 131 violations.                                         
    elapsed time = 00:00:00, memory = 233.72 (MB).                              
    Completing 30% with 131 violations.                                         
    elapsed time = 00:00:01, memory = 216.05 (MB).                              
    Completing 40% with 114 violations.                                         
    elapsed time = 00:00:01, memory = 216.05 (MB).                              
    Completing 50% with 114 violations.                                         
    elapsed time = 00:00:01, memory = 216.05 (MB).                              
    Completing 60% with 114 violations.                                         
    elapsed time = 00:00:01, memory = 215.61 (MB).                              
    Completing 70% with 90 violations.                                          
    elapsed time = 00:00:01, memory = 215.61 (MB).                              
    Completing 80% with 90 violations.                                          
    elapsed time = 00:00:02, memory = 215.62 (MB).                              
    Completing 90% with 67 violations.                                          
    elapsed time = 00:00:02, memory = 215.62 (MB).                              
    Completing 100% with 61 violations.                                         
    elapsed time = 00:00:02, memory = 215.62 (MB).                              
[INFO DRT-0199]   Number of violations = 61.                                    
Viol/Layer          M2                                                          
Metal Spacing       42                                                          
Short               19                                                          
[INFO DRT-0267] cpu time = 00:00:03, elapsed time = 00:00:02, memory = 215.72   
(MB), peak = 234.30 (MB)                                                        
Total wire length = 83587 um.                                                   
Total wire length on LAYER M1 = 29403 um.                                       
Total wire length on LAYER M2 = 54183 um.                                       
Total number of vias = 339.                                                     
Up-via summary (total 339):                                                     
                                                                                
----------------------                                                          
 FR_MASTERSLICE      0                                                          
             M1    339                                                          
----------------------                                                          
               339                                                              
                                                                                
                                                                                
[INFO DRT-0195] Start 4th guides tiles iteration.                               
    Completing 20% with 61 violations.                                          
    elapsed time = 00:00:00, memory = 216.83 (MB).                              
    Completing 40% with 61 violations.                                          
    elapsed time = 00:00:01, memory = 202.30 (MB).                              
    Completing 60% with 30 violations.                                          
    elapsed time = 00:00:01, memory = 202.31 (MB).                              
    Completing 80% with 30 violations.                                          
    elapsed time = 00:00:01, memory = 202.31 (MB).                              
    Completing 100% with 18 violations.                                         
    elapsed time = 00:00:01, memory = 202.31 (MB).                              
[INFO DRT-0199]   Number of violations = 18.                                    
Viol/Layer          M2                                                          
Metal Spacing       12                                                          
Short                6                                                          
[INFO DRT-0267] cpu time = 00:00:01, elapsed time = 00:00:01, memory = 202.36   
(MB), peak = 234.30 (MB)                                                        
Total wire length = 83112 um.                                                   
Total wire length on LAYER M1 = 29393 um.                                       
Total wire length on LAYER M2 = 53719 um.                                       
Total number of vias = 338.                                                     
Up-via summary (total 338):                                                     
                                                                                
----------------------                                                          
 FR_MASTERSLICE      0                                                          
             M1    338                                                          
----------------------                                                          
               338                                                              
                                                                                
                                                                                
[INFO DRT-0195] Start 5th guides tiles iteration.                               
    Completing 20% with 18 violations.                                          
    elapsed time = 00:00:00, memory = 202.38 (MB).                              
    Completing 50% with 18 violations.                                          
    elapsed time = 00:00:00, memory = 202.39 (MB).                              
    Completing 70% with 9 violations.                                           
    elapsed time = 00:00:00, memory = 202.39 (MB).                              
    Completing 100% with 9 violations.                                          
    elapsed time = 00:00:00, memory = 202.39 (MB).                              
[INFO DRT-0199]   Number of violations = 9.                                     
Viol/Layer          M2                                                          
Metal Spacing        4                                                          
Short                5                                                          
[INFO DRT-0267] cpu time = 00:00:00, elapsed time = 00:00:00, memory = 202.45   
(MB), peak = 234.30 (MB)                                                        
Total wire length = 83174 um.                                                   
Total wire length on LAYER M1 = 29430 um.                                       
Total wire length on LAYER M2 = 53743 um.                                       
Total number of vias = 337.                                                     
Up-via summary (total 337):                                                     
                                                                                
----------------------                                                          
 FR_MASTERSLICE      0                                                          
             M1    337                                                          
----------------------                                                          
               337                                                              
                                                                                
                                                                                
[INFO DRT-0195] Start 6th guides tiles iteration.                               
    Completing 30% with 9 violations.                                           
    elapsed time = 00:00:00, memory = 202.45 (MB).                              
    Completing 60% with 9 violations.                                           
    elapsed time = 00:00:00, memory = 202.45 (MB).                              
    Completing 100% with 9 violations.                                          
    elapsed time = 00:00:00, memory = 202.45 (MB).                              
[INFO DRT-0199]   Number of violations = 9.                                     
Viol/Layer          M2                                                          
Metal Spacing        4                                                          
Short                5                                                          
[INFO DRT-0267] cpu time = 00:00:00, elapsed time = 00:00:00, memory = 202.50   
(MB), peak = 234.30 (MB)                                                        
Total wire length = 83165 um.                                                   
Total wire length on LAYER M1 = 29430 um.                                       
Total wire length on LAYER M2 = 53734 um.                                       
Total number of vias = 337.                                                     
Up-via summary (total 337):                                                     
                                                                                
----------------------                                                          
 FR_MASTERSLICE      0                                                          
             M1    337                                                          
----------------------                                                          
               337                                                              
                                                                                
                                                                                
[INFO DRT-0195] Start 7th stubborn tiles iteration.                             
    Completing 10% with 9 violations.                                           
    elapsed time = 00:00:02, memory = 249.34 (MB).                              
    Completing 20% with 9 violations.                                           
    elapsed time = 00:00:05, memory = 268.88 (MB).                              
    Completing 30% with 9 violations.                                           
    elapsed time = 00:00:07, memory = 266.25 (MB).                              
    Completing 40% with 9 violations.                                           
    elapsed time = 00:00:10, memory = 284.08 (MB).                              
    Completing 50% with 9 violations.                                           
    elapsed time = 00:00:12, memory = 197.91 (MB).                              
    Completing 60% with 2 violations.                                           
    elapsed time = 00:00:12, memory = 173.03 (MB).                              
    Completing 70% with 2 violations.                                           
    elapsed time = 00:00:12, memory = 173.09 (MB).                              
    Completing 80% with 2 violations.                                           
    elapsed time = 00:00:12, memory = 173.23 (MB).                              
    Completing 90% with 2 violations.                                           
    elapsed time = 00:00:12, memory = 173.31 (MB).                              
    Completing 100% with 0 violations.                                          
    elapsed time = 00:00:12, memory = 173.52 (MB).                              
[INFO DRT-0199]   Number of violations = 0.                                     
[INFO DRT-0267] cpu time = 00:00:59, elapsed time = 00:00:12, memory = 285.88   
(MB), peak = 292.08 (MB)                                                        
Total wire length = 83250 um.                                                   
Total wire length on LAYER M1 = 29409 um.                                       
Total wire length on LAYER M2 = 53841 um.                                       
Total number of vias = 335.                                                     
Up-via summary (total 335):                                                     
                                                                                
----------------------                                                          
 FR_MASTERSLICE      0                                                          
             M1    335                                                          
----------------------                                                          
               335                                                              
                                                                                
                                                                                
[INFO DRT-0198] Complete detail routing.                                        
Total wire length = 83250 um.                                                   
Total wire length on LAYER M1 = 29409 um.                                       
Total wire length on LAYER M2 = 53841 um.                                       
Total number of vias = 335.                                                     
Up-via summary (total 335):                                                     
                                                                                
----------------------                                                          
 FR_MASTERSLICE      0                                                          
             M1    335                                                          
----------------------                                                          
               335                                                              
                                                                                
                                                                                
[INFO DRT-0267] cpu time = 00:01:12, elapsed time = 00:00:24, memory = 285.92   
(MB), peak = 292.08 (MB)                                                        
                                                                                
[INFO DRT-0180] Post processing.                                                
+ check_antennas                                                                
[INFO ANT-0002] Found 0 net violations.                                         
[INFO ANT-0001] Found 0 pin violations.                                         
Setting global connections for newly added cells…                               
[INFO] Setting global connections...                                            
[INFO ODB-0403] 0 connections made, 0 conflicts skipped.                        
Updating metrics…                                                               
Cell type report:                       Count       Area                        
  Inverter                                  3    6599.88                        
  Sequential cell                          16  121685.76                        
  Multi-Input combinational cell           50  156219.84                        
  Total                                    69  284505.48                        
Writing OpenROAD database to                                                    
'/Users/yanlu/Documents/TR-1um/flow/designs/tr1um_regfile4x4/runs/triage-f24-aff
ected/39-openroad-detailedrouting/tr1um_regfile4x4.odb'…                        
Writing netlist to                                                              
'/Users/yanlu/Documents/TR-1um/flow/designs/tr1um_regfile4x4/runs/triage-f24-aff
ected/39-openroad-detailedrouting/tr1um_regfile4x4.nl.v'…                       
Writing powered netlist to                                                      
'/Users/yanlu/Documents/TR-1um/flow/designs/tr1um_regfile4x4/runs/triage-f24-aff
ected/39-openroad-detailedrouting/tr1um_regfile4x4.pnl.v'…                      
Writing layout to                                                               
'/Users/yanlu/Documents/TR-1um/flow/designs/tr1um_regfile4x4/runs/triage-f24-aff
ected/39-openroad-detailedrouting/tr1um_regfile4x4.def'…                        
Writing timing constraints to                                                   
'/Users/yanlu/Documents/TR-1um/flow/designs/tr1um_regfile4x4/runs/triage-f24-aff
ected/39-openroad-detailedrouting/tr1um_regfile4x4.sdc'…                        
[INFO] Applying explicit GND special route                                      
Setting global connections for newly added cells…                               
[INFO] Setting global connections...                                            
[INFO ODB-0403] 0 connections made, 0 conflicts skipped.                        
Updating metrics…                                                               
Cell type report:                       Count       Area                        
  Inverter                                  3    6599.88                        
  Sequential cell                          16  121685.76                        
  Multi-Input combinational cell           50  156219.84                        
  Total                                    69  284505.48                        
Writing OpenROAD database to                                                    
'/Users/yanlu/Documents/TR-1um/flow/designs/tr1um_regfile4x4/runs/triage-f24-aff
ected/39-openroad-detailedrouting/tr1um_regfile4x4.odb'…                        
Writing netlist to                                                              
'/Users/yanlu/Documents/TR-1um/flow/designs/tr1um_regfile4x4/runs/triage-f24-aff
ected/39-openroad-detailedrouting/tr1um_regfile4x4.nl.v'…                       
Writing powered netlist to                                                      
'/Users/yanlu/Documents/TR-1um/flow/designs/tr1um_regfile4x4/runs/triage-f24-aff
ected/39-openroad-detailedrouting/tr1um_regfile4x4.pnl.v'…                      
Writing layout to                                                               
'/Users/yanlu/Documents/TR-1um/flow/designs/tr1um_regfile4x4/runs/triage-f24-aff
ected/39-openroad-detailedrouting/tr1um_regfile4x4.def'…                        
Writing timing constraints to                                                   
'/Users/yanlu/Documents/TR-1um/flow/designs/tr1um_regfile4x4/runs/triage-f24-aff
ected/39-openroad-detailedrouting/tr1um_regfile4x4.sdc'…                        
───────────────────────────── Remove Obstructions ──────────────────────────────
[17:20:12] VERBOSE  Running 'Odb.RemoveRoutingObstructions' at      step.py:1138
                    'runs/triage-f24-affected/40-odb-removeroutingo             
                    bstructions'…                                               
[17:20:12] INFO     'ROUTING_OBSTRUCTIONS' is not defined. Skipping   odb.py:589
                    'Odb.RemoveRoutingObstructions'…                            
──────────────────────────────── Check Antennas ────────────────────────────────
[17:20:12] VERBOSE  Running 'OpenROAD.CheckAntennas-1' at           step.py:1138
                    'runs/triage-f24-affected/41-openroad-checkante             
                    nnas-1'…                                                    
[17:20:12] VERBOSE  Logging subprocess to                           step.py:1338
                    'runs/triage-f24-affected/41-openroad-checkante             
                    nnas-1/openroad-checkantennas-1.log'…                       
Reading timing models for corner nom_typ_5p0V_25C…                              
Reading timing library for the 'nom_typ_5p0V_25C' corner at                     
'/Users/yanlu/Documents/TR-1um/flow/pdk_root/TR-1um/libs.ref/TR-1um_stdcell_acce
ss/lib/TR-1um_stdcell_access_typ_5p0V_25C.lib'…                                 
Reading OpenROAD database at                                                    
'/Users/yanlu/Documents/TR-1um/flow/designs/tr1um_regfile4x4/runs/triage-f24-aff
ected/39-openroad-detailedrouting/tr1um_regfile4x4.odb'…                        
Reading design constraints file at                                              
'/Users/yanlu/Documents/TR-1um/flow/designs/tr1um_regfile4x4/constraints.sdc'…  
[17:20:12] WARNING  [STA-0441] set_input_delay relative to a     openroad.py:314
                    clock defined on the same port/pin not                      
                    allowed.                                                    
[INFO] No information on clock propagation in input SDC file-- propagating all  
clocks.                                                                         
───────────────────────── Routing Design Rule Checker ──────────────────────────
[17:20:12] VERBOSE  Running 'Checker.TrDRC' at                      step.py:1138
                    'runs/triage-f24-affected/42-checker-trdrc'…                
[17:20:12] INFO     Check for Routing DRC errors clear.           checker.py:131
─────────────────────────── Report Disconnected Pins ───────────────────────────
[17:20:12] VERBOSE  Running 'Odb.ReportDisconnectedPins' at         step.py:1138
                    'runs/triage-f24-affected/43-odb-reportdisconne             
                    ctedpins'…                                                  
[17:20:12] VERBOSE  Logging subprocess to                           step.py:1338
                    'runs/triage-f24-affected/43-odb-reportdisconne             
                    ctedpins/odb-reportdisconnectedpins.log'…                   
Found 0 disconnected pin(s), of which 0 are critical.                           
────────────────────────── Disconnected Pins Checker ───────────────────────────
[17:20:13] VERBOSE  Running 'Checker.DisconnectedPins' at           step.py:1138
                    'runs/triage-f24-affected/44-checker-disconnect             
                    edpins'…                                                    
[17:20:13] INFO     Check for critical disconnected pins clear.   checker.py:131
────────────────────────────── Report Wire Length ──────────────────────────────
[17:20:13] VERBOSE  Running 'Odb.ReportWireLength' at               step.py:1138
                    'runs/triage-f24-affected/45-odb-reportwireleng             
                    th'…                                                        
[17:20:13] VERBOSE  Logging subprocess to                           step.py:1338
                    'runs/triage-f24-affected/45-odb-reportwireleng             
                    th/odb-reportwirelength.log'…                               
──────────────────────── Wire Length Threshold Checker ─────────────────────────
[17:20:13] VERBOSE  Running 'Checker.WireLength' at                 step.py:1138
                    'runs/triage-f24-affected/46-checker-wirelength             
                    '…                                                          
[17:20:13] WARNING  Threshold for Threshold-surpassing long wires checker.py:108
                    is not set. The checker will be skipped.                    
[17:20:13] INFO     Gating variable for step                   sequential.py:362
                    'OpenROAD.FillInsertion' set to 'False'-                    
                    the step will be skipped.                                   
[17:20:13] INFO     Skipping step 'Fill Insertion'…            sequential.py:370
──────────────────────── Generate Cell Frequency Tables ────────────────────────
[17:20:13] VERBOSE  Running 'Odb.CellFrequencyTables' at            step.py:1138
                    'runs/triage-f24-affected/47-odb-cellfrequencyt             
                    ables'…                                                     
[17:20:13] VERBOSE  Logging subprocess to                           step.py:1338
                    'runs/triage-f24-affected/47-odb-cellfrequencyt             
                    ables/buffer_list.txt'…                                     
BUF_X1                                                                          
BUF_X12                                                                         
BUF_X16                                                                         
BUF_X2                                                                          
BUF_X4                                                                          
BUF_X8                                                                          
CLKBUF_X1                                                                       
CLKBUF_X12                                                                      
CLKBUF_X16                                                                      
CLKBUF_X2                                                                       
CLKBUF_X4                                                                       
CLKBUF_X8                                                                       
DEL1                                                                            
DEL2                                                                            
DEL4                                                                            
[17:20:14] VERBOSE  Logging subprocess to                           step.py:1338
                    'runs/triage-f24-affected/47-odb-cellfrequencyt             
                    ables/odb-cellfrequencytables.log'…                         
                                Cells by Master                                 
┏━━━━━━━━━━━━━━━━━━━━━━━━━━━━━━━━━━━━━━━━━━━━┳━━━━━━━━━━━━━━━━━━━━━━━━━━━━━━━━━┓
┃ Cell                                       ┃ Count                           ┃
┡━━━━━━━━━━━━━━━━━━━━━━━━━━━━━━━━━━━━━━━━━━━━╇━━━━━━━━━━━━━━━━━━━━━━━━━━━━━━━━━┩
│ AND2_X1                                    │ 1                               │
│ AND4_X1                                    │ 3                               │
│ DFFR                                       │ 16                              │
│ INV_X1                                     │ 3                               │
│ MUX2                                       │ 16                              │
│ NAND2                                      │ 10                              │
│ NAND3                                      │ 6                               │
│ NOR2                                       │ 10                              │
│ NOR3                                       │ 1                               │
│ OR2                                        │ 2                               │
│ TIELO                                      │ 1                               │
└────────────────────────────────────────────┴─────────────────────────────────┘
                               Cells by Function                                
┏━━━━━━━━━━━━━━━━━━━━━━━━━━━━━━━━━━━━━━━━━━━━━━━━━━━━━┳━━━━━━━━━━━━━━━━━━━━━━━━┓
┃ Cell Function                                       ┃ Count                  ┃
┡━━━━━━━━━━━━━━━━━━━━━━━━━━━━━━━━━━━━━━━━━━━━━━━━━━━━━╇━━━━━━━━━━━━━━━━━━━━━━━━┩
└─────────────────────────────────────────────────────┴────────────────────────┘
                                  Cells by SCL                                  
┏━━━━━━━━━━━━━━━━━━━━━━━━━━━━━━━━━┳━━━━━━━━━━━━━━━━━━━━━━━━━━━━━━━━━━━━━━━━━━━━┓
┃ SCL                             ┃ Count                                      ┃
┡━━━━━━━━━━━━━━━━━━━━━━━━━━━━━━━━━╇━━━━━━━━━━━━━━━━━━━━━━━━━━━━━━━━━━━━━━━━━━━━┩
└─────────────────────────────────┴────────────────────────────────────────────┘
                             Buffers by Cell Master                             
┏━━━━━━━━━━━━━━━━━━━━━━━━━━━━━━━━━━━━━━━━━━┳━━━━━━━━━━━━━━━━━━━━━━━━━━━━━━━━━━━┓
┃ Buffer                                   ┃ Count                             ┃
┡━━━━━━━━━━━━━━━━━━━━━━━━━━━━━━━━━━━━━━━━━━╇━━━━━━━━━━━━━━━━━━━━━━━━━━━━━━━━━━━┩
└──────────────────────────────────────────┴───────────────────────────────────┘
───────────────── Parasitic Resistance/Capacitance Extraction ──────────────────
[17:20:14] VERBOSE  Running 'OpenROAD.RCX' at                       step.py:1138
                    'runs/triage-f24-affected/48-openroad-rcx'…                 
[17:20:14] INFO     Running RCX for corners matching *          openroad.py:2159
                    (/Users/yanlu/Documents/TR-1um/flow/designs                 
                    /tr1um_regfile4x4/runs/triage-f24-affected/                 
                    48-openroad-rcx/rcx.log)…                                   
[17:20:14] VERBOSE  Logging subprocess to                           step.py:1338
                    'runs/triage-f24-affected/48-openroad-rcx/rcx.l             
                    og'…                                                        
[17:20:15] INFO     Finished RCX for corners matching *.        openroad.py:2168
[17:20:15] INFO     Gating variable for step                   sequential.py:362
                    'OpenROAD.STAPostPNR' set to 'False'- the                   
                    step will be skipped.                                       
[17:20:15] INFO     Skipping step 'STA (Post-PnR)'…            sequential.py:370
────────────────────────── GDSII Stream Out (KLayout) ──────────────────────────
[17:20:15] VERBOSE  Running 'KLayout.StreamOut' at                  step.py:1138
                    'runs/triage-f24-affected/49-klayout-streamout'             
                    …                                                           
[17:20:15] VERBOSE  Logging subprocess to                           step.py:1338
                    'runs/triage-f24-affected/49-klayout-streamout/             
                    klayout-streamout.log'…                                     
Warning: No mapping for layer 'V1', purpose 'LEFOBS' - layer is ignored         
(line=40, cell=, file=tr1um_regfile4x4.def)                                     
[INFO] Clearing cells…                                                          
[INFO] Merging GDS files…                                                       
[INFO] Copying top level cell 'tr1um_regfile4x4'…                               
[INFO] Checking for missing GDS…                                                
[INFO] All LEF cells have matching GDS cells.                                   
[INFO] Writing out GDS                                                          
'/Users/yanlu/Documents/TR-1um/flow/designs/tr1um_regfile4x4/runs/triage-f24-aff
ected/49-klayout-streamout/tr1um_regfile4x4.klayout.gds'…                       
[INFO] Done.                                                                    
────────────────────────── Render Image (w/ KLayout) ───────────────────────────
[17:20:16] VERBOSE  Running 'KLayout.Render' at                     step.py:1138
                    'runs/triage-f24-affected/50-klayout-render'…               
[17:20:16] VERBOSE  Logging subprocess to                           step.py:1338
                    'runs/triage-f24-affected/50-klayout-render/kla             
                    yout-render.log'…                                           
───────────────────────── Design Rule Check (KLayout) ──────────────────────────
[17:20:17] VERBOSE  Running 'KLayout.DRC' at                        step.py:1138
                    'runs/triage-f24-affected/51-klayout-drc'…                  
[17:20:17] INFO     Running KLayout DRC with 6 threads…           klayout.py:565
[17:20:17] VERBOSE  Logging subprocess to                           step.py:1338
                    'runs/triage-f24-affected/51-klayout-drc/klayou             
                    t-drc.log'…                                                 
[17:20:20] VERBOSE  Logging subprocess to                           step.py:1338
                    'runs/triage-f24-affected/51-klayout-drc/xml_dr             
                    c_report_to_json.log'…                                      
───────────────────────── KLayout Design Rule Checker ──────────────────────────
[17:20:20] VERBOSE  Running 'Checker.KLayoutDRC' at                 step.py:1138
                    'runs/triage-f24-affected/52-checker-klayoutdrc             
                    '…                                                          
[17:20:20] WARNING  131 KLayout DRC errors found.                 checker.py:122
[17:20:20] INFO     Gating variable for step 'Yosys.EQY' set   sequential.py:362
                    to 'False'- the step will be skipped.                       
[17:20:20] INFO     Skipping step 'Equivalence Check'…         sequential.py:370
─────────────────────── Setup Timing Violations Checker ────────────────────────
[17:20:20] VERBOSE  Running 'Checker.SetupViolations' at            step.py:1138
                    'runs/triage-f24-affected/53-checker-setupviola             
                    tions'…                                                     
[17:20:20] VERBOSE  No setup violations found                     checker.py:628
──────────────────────── Hold Timing Violations Checker ────────────────────────
[17:20:20] VERBOSE  Running 'Checker.HoldViolations' at             step.py:1138
                    'runs/triage-f24-affected/54-checker-holdviolat             
                    ions'…                                                      
[17:20:20] VERBOSE  No hold violations found                      checker.py:628
─────────────────────── Maximum Slew Violations Checker ────────────────────────
[17:20:20] VERBOSE  Running 'Checker.MaxSlewViolations' at          step.py:1138
                    'runs/triage-f24-affected/55-checker-maxslewvio             
                    lations'…                                                   
[17:20:20] VERBOSE  No max slew violations found                  checker.py:628
──────────────────── Maximum Capacitance Violations Checker ────────────────────
[17:20:20] VERBOSE  Running 'Checker.MaxCapViolations' at           step.py:1138
                    'runs/triage-f24-affected/56-checker-maxcapviol             
                    ations'…                                                    
[17:20:20] VERBOSE  No max cap violations found                   checker.py:628
───────────────── Report Manufacturability (DRC, LVS, Antenna) ─────────────────
[17:20:20] VERBOSE  Running 'Misc.ReportManufacturability' at       step.py:1138
                    'runs/triage-f24-affected/57-misc-reportmanufac             
                    turability'…                                                
[17:20:20] WARNING  'design__lvs_error__count' not reported.          misc.py:84
                    Netgen.LVS may have been skipped.                           
[17:20:20] WARNING  magic__drc_error__count not reported. Magic.DRC  misc.py:110
                    may have been skipped.                                      
* Antenna
Passed ✅

* LVS
N/A

* DRC
Failed 𐄂
KLayout DRC errors: 131
Magic DRC errors: N/A
Check the report directories of KLayout.DRC and Magic.DRC.

[17:20:20] INFO     Saving views to                                 state.py:209
                    '/Users/yanlu/Documents/TR-1um/flow/designs/tr1             
                    um_regfile4x4/runs/triage-f24-affected/final'…              
[17:20:20] INFO     Flow complete.                             sequential.py:413
Classic' - Stage 67 - Report Manufacturability ━━━━━━━━━━━━━━━━━━━ 67/67 0:00:40

[17:20:20] WARNING  The following warnings were generated by the     flow.py:699
                    flow:                                                       
[17:20:20] WARNING  [Checker.LintWarnings] 2 Lint warnings found.    flow.py:701
[17:20:20] WARNING  [OpenROAD.Floorplan] [STA-0441] set_input_delay  flow.py:701
                    relative to a clock defined on the same port/pin            
                    not allowed. (and 13 similar warnings)                      
[17:20:20] WARNING  [Checker.PowerGridViolations] The power grid     flow.py:701
                    violations (as reported by OpenROAD PSM- you may            
                    ignore these if LVS passes) metric was not                  
                    found. Are you sure the relevant step was run?              
[17:20:20] WARNING  [OpenROAD.GlobalRouting] [GRT-0704] Try reduce   flow.py:701
                    the layer adjustment from 30.000002% to 0%                  
[17:20:20] WARNING  [OpenROAD.GlobalRouting] [GRT-0115] Global       flow.py:701
                    routing finished with congestion. Check the                 
                    congestion regions in the DRC Viewer.                       
[17:20:20] WARNING  [Checker.WireLength] Threshold for               flow.py:701
                    Threshold-surpassing long wires is not set. The             
                    checker will be skipped.                                    
[17:20:20] WARNING  [Checker.KLayoutDRC] 131 KLayout DRC errors      flow.py:701
                    found.                                                      
[17:20:20] WARNING  [Misc.ReportManufacturability]                   flow.py:701
                    'design__lvs_error__count' not reported.                    
                    Netgen.LVS may have been skipped.                           
[17:20:20] WARNING  [Misc.ReportManufacturability]                   flow.py:701
                    magic__drc_error__count not reported. Magic.DRC             
                    may have been skipped.                                      
+ /Users/yanlu/Documents/TR-1um/flow/run_digital_core_flow.sh /Users/yanlu/Documents/TR-1um/flow/designs/tr1um_regfile4x4/runs/triage-f24-affected tr1um_regfile4x4
+ python3 /Users/yanlu/Documents/TR-1um/flow/scripts/signoff/extract_child_library.py /Users/yanlu/Documents/TR-1um/flow/designs/tr1um_regfile4x4/runs/triage-f24-affected/final/gds/tr1um_regfile4x4.gds tr1um_regfile4x4 /Users/yanlu/Documents/TR-1um/flow/designs/tr1um_regfile4x4/runs/triage-f24-affected/connected_power/TR-1um_known_good_cells.gds
+ python3 /Users/yanlu/Documents/TR-1um/flow/scripts/signoff/make_conservative_tech_lef.py /Users/yanlu/Documents/TR-1um/flow/pdk_root/TR-1um/libs.ref/TR-1um_stdcell_access/lef/TR-1um_tech.lef /Users/yanlu/Documents/TR-1um/flow/designs/tr1um_regfile4x4/runs/triage-f24-affected/connected_power/TR-1um_core_tech.lef
wrote /Users/yanlu/Documents/TR-1um/flow/designs/tr1um_regfile4x4/runs/triage-f24-affected/connected_power/TR-1um_core_tech.lef: route-only M2 spacing 2.1um
+ python3 /Users/yanlu/Documents/TR-1um/flow/scripts/signoff/make_routing_obstructions.py /Users/yanlu/Documents/TR-1um/flow/pdk_root/TR-1um/libs.ref/TR-1um_stdcell_access_power/lef/TR-1um_access_cells_signal_power.lef /Users/yanlu/Documents/TR-1um/flow/designs/tr1um_regfile4x4/runs/triage-f24-affected/connected_power/TR-1um_core_routing.lef
+ POWER_ARGS=()
+ [[ -f /Users/yanlu/Documents/TR-1um/flow/designs/tr1um_regfile4x4/power_channels.json ]]
+ python3 /Users/yanlu/Documents/TR-1um/flow/scripts/signoff/add_channel_power.py /Users/yanlu/Documents/TR-1um/flow/designs/tr1um_regfile4x4/runs/triage-f24-affected/31-openroad-detailedplacement/tr1um_regfile4x4.def /Users/yanlu/Documents/TR-1um/flow/designs/tr1um_regfile4x4/runs/triage-f24-affected/connected_power/tr1um_regfile4x4.placed_power.def /Users/yanlu/Documents/TR-1um/flow/pdk_root/TR-1um/libs.ref/TR-1um_stdcell_access/lef/TR-1um_access_cells.lef
wrote /Users/yanlu/Documents/TR-1um/flow/designs/tr1um_regfile4x4/runs/triage-f24-affected/connected_power/tr1um_regfile4x4.placed_power.def: 12 rows, channel buses, left GND trunk, right VDD trunk
+ export CORE_TECH_LEF=/Users/yanlu/Documents/TR-1um/flow/designs/tr1um_regfile4x4/runs/triage-f24-affected/connected_power/TR-1um_core_tech.lef
+ CORE_TECH_LEF=/Users/yanlu/Documents/TR-1um/flow/designs/tr1um_regfile4x4/runs/triage-f24-affected/connected_power/TR-1um_core_tech.lef
+ export CORE_CELL_LEF=/Users/yanlu/Documents/TR-1um/flow/designs/tr1um_regfile4x4/runs/triage-f24-affected/connected_power/TR-1um_core_routing.lef
+ CORE_CELL_LEF=/Users/yanlu/Documents/TR-1um/flow/designs/tr1um_regfile4x4/runs/triage-f24-affected/connected_power/TR-1um_core_routing.lef
+ export CORE_INPUT_DEF=/Users/yanlu/Documents/TR-1um/flow/designs/tr1um_regfile4x4/runs/triage-f24-affected/connected_power/tr1um_regfile4x4.placed_power.def
+ CORE_INPUT_DEF=/Users/yanlu/Documents/TR-1um/flow/designs/tr1um_regfile4x4/runs/triage-f24-affected/connected_power/tr1um_regfile4x4.placed_power.def
+ export CORE_OUTPUT_DEF=/Users/yanlu/Documents/TR-1um/flow/designs/tr1um_regfile4x4/runs/triage-f24-affected/connected_power/tr1um_regfile4x4.connected_power.def
+ CORE_OUTPUT_DEF=/Users/yanlu/Documents/TR-1um/flow/designs/tr1um_regfile4x4/runs/triage-f24-affected/connected_power/tr1um_regfile4x4.connected_power.def
+ export CORE_OUTPUT_ODB=/Users/yanlu/Documents/TR-1um/flow/designs/tr1um_regfile4x4/runs/triage-f24-affected/connected_power/tr1um_regfile4x4.connected_power.odb
+ CORE_OUTPUT_ODB=/Users/yanlu/Documents/TR-1um/flow/designs/tr1um_regfile4x4/runs/triage-f24-affected/connected_power/tr1um_regfile4x4.connected_power.odb
+ export CORE_OUTPUT_LEF=/Users/yanlu/Documents/TR-1um/flow/designs/tr1um_regfile4x4/runs/triage-f24-affected/connected_power/tr1um_regfile4x4.macro.lef
+ CORE_OUTPUT_LEF=/Users/yanlu/Documents/TR-1um/flow/designs/tr1um_regfile4x4/runs/triage-f24-affected/connected_power/tr1um_regfile4x4.macro.lef
+ export CORE_GUIDES=/Users/yanlu/Documents/TR-1um/flow/designs/tr1um_regfile4x4/runs/triage-f24-affected/connected_power/tr1um_regfile4x4.connected_power.guide
+ CORE_GUIDES=/Users/yanlu/Documents/TR-1um/flow/designs/tr1um_regfile4x4/runs/triage-f24-affected/connected_power/tr1um_regfile4x4.connected_power.guide
+ export CORE_DRC=/Users/yanlu/Documents/TR-1um/flow/designs/tr1um_regfile4x4/runs/triage-f24-affected/connected_power/openroad_detailed_route.drc
+ CORE_DRC=/Users/yanlu/Documents/TR-1um/flow/designs/tr1um_regfile4x4/runs/triage-f24-affected/connected_power/openroad_detailed_route.drc
+ [[ -z '' ]]
+ [[ -f /Users/yanlu/Documents/TR-1um/flow/designs/tr1um_regfile4x4/route_options.json ]]
+ openroad -exit /Users/yanlu/Documents/TR-1um/flow/scripts/signoff/route_digital_core.tcl
+ tee /Users/yanlu/Documents/TR-1um/flow/designs/tr1um_regfile4x4/runs/triage-f24-affected/connected_power/openroad.log
OpenROAD dcf36133a369abc8f3c5e5738cd4d82e4903c0e0 
Features included (+) or not (-): +GPU +GUI +Python
This program is licensed under the BSD-3 license. See the LICENSE file for details.
Components of this program may be licensed under more restrictive licenses which must be honored.
[INFO ODB-0227] LEF file: /Users/yanlu/Documents/TR-1um/flow/designs/tr1um_regfile4x4/runs/triage-f24-affected/connected_power/TR-1um_core_tech.lef, created 3 layers, 1 vias
[WARNING ODB-0220] WARNING (LEFPARS-2039): A SITE statement is defined before ORIGIN statement.
To avoid this warning in the future, define SITE after ORIGIN See file /Users/yanlu/Documents/TR-1um/flow/designs/tr1um_regfile4x4/runs/triage-f24-affected/connected_power/TR-1um_core_routing.lef at line 2659.

[WARNING ODB-0220] WARNING (LEFPARS-2039): A SITE statement is defined before ORIGIN statement.
To avoid this warning in the future, define SITE after ORIGIN See file /Users/yanlu/Documents/TR-1um/flow/designs/tr1um_regfile4x4/runs/triage-f24-affected/connected_power/TR-1um_core_routing.lef at line 2693.

[INFO ODB-0227] LEF file: /Users/yanlu/Documents/TR-1um/flow/designs/tr1um_regfile4x4/runs/triage-f24-affected/connected_power/TR-1um_core_routing.lef, created 40 library cells
[INFO ODB-0127] Reading DEF file: /Users/yanlu/Documents/TR-1um/flow/designs/tr1um_regfile4x4/runs/triage-f24-affected/connected_power/tr1um_regfile4x4.placed_power.def
[INFO ODB-0128] Design: tr1um_regfile4x4
[INFO ODB-0130]     Created 16 pins.
[INFO ODB-0131]     Created 69 components and 401 component-terminals.
[INFO ODB-0132]     Created 2 special nets and 138 connections.
[INFO ODB-0133]     Created 95 nets and 263 connections.
[INFO ODB-0134] Finished DEF file: /Users/yanlu/Documents/TR-1um/flow/designs/tr1um_regfile4x4/runs/triage-f24-affected/connected_power/tr1um_regfile4x4.placed_power.def
[WARNING GRT-0300] Timing is not available, setting critical nets percentage to 0.
[INFO GRT-0020] Min routing layer: M1
[INFO GRT-0021] Max routing layer: M2
[INFO GRT-0022] Global adjustment: 0%
[INFO GRT-0023] Grid origin: (0, 0)
[INFO GRT-0088] Layer M1      Track-Pitch = 5.4000  line-2-Via Pitch: 4.0000
[INFO GRT-0088] Layer M2      Track-Pitch = 5.4000  line-2-Via Pitch: 5.3000
[INFO GRT-0003] Macros: 0
[INFO GRT-0004] Blockages: 795
[INFO GRT-0019] Found 0 clock nets.
[INFO GRT-0001] Minimum degree: 2
[INFO GRT-0002] Maximum degree: 17

[INFO GRT-0053] Routing resources analysis:
          Routing      Original      Derated      Resource
Layer     Direction    Resources     Resources    Reduction (%)
---------------------------------------------------------------
M1         Horizontal       9596          6285          34.50%
M2         Vertical        11100          7384          33.48%
---------------------------------------------------------------

[INFO GRT-0197] Via related to pin nodes: 18
[INFO GRT-0198] Via related Steiner nodes: 3
[INFO GRT-0199] Via filling finished.
[INFO GRT-0111] Final number of vias: 52
[INFO GRT-0112] Final usage 3D: 1090

[INFO GRT-0096] Final congestion report:
Layer         Resource        Demand        Usage (%)    Max H / Max V / Total Overflow
---------------------------------------------------------------------------------------
M1                6285            96            1.53%             0 /  0 /  0
M2                7384           838           11.35%             6 /  1 / 263
---------------------------------------------------------------------------------------
Total            13669           934            6.83%             6 /  1 / 263

[INFO GRT-0018] Total wirelength: 102465 um
[INFO GRT-0014] Routed nets: 79
[WARNING GRT-0115] Global routing finished with congestion. Check the congestion regions in the DRC Viewer.
[INFO GRT-0303] Global routing runtime = 00:00:00
[INFO DRT-0149] Reading tech and libs.

Units:                1000
Number of layers:     5
Number of macros:     40
Number of vias:       1
Number of viarulegen: 0

[INFO DRT-0150] Reading design.

Design:                   tr1um_regfile4x4
Die area:                 ( 0 0 ) ( 2400000 2200000 )
Number of track patterns: 4
Number of DEF vias:       0
Number of components:     69
Number of terminals:      16
Number of snets:          2
Number of nets:           95

[INFO DRT-0167] List of default vias:
  Layer V1
    default via: M1M2_V1
[INFO DRT-0162] Library cell analysis.
[INFO DRT-0163] Instance analysis.
[INFO DRT-0164] Number of unique instances = 52.
[INFO DRT-0168] Init region query.
[INFO DRT-0024]   Complete FR_MASTERSLICE.
[INFO DRT-0024]   Complete Fr_VIA.
[INFO DRT-0024]   Complete M1.
[INFO DRT-0024]   Complete V1.
[INFO DRT-0024]   Complete M2.
[INFO DRT-0033] FR_MASTERSLICE shape region query size = 0.
[INFO DRT-0033] FR_VIA shape region query size = 0.
[INFO DRT-0033] M1 shape region query size = 826.
[INFO DRT-0033] V1 shape region query size = 482.
[INFO DRT-0033] M2 shape region query size = 416.
[INFO DRT-0165] Start pin access.
[INFO DRT-0078]   Complete 298 pins.
[INFO DRT-0081]   Complete 52 unique inst patterns.
[INFO DRT-0084]   Complete 69 groups.
#scanned instances     = 69
#unique  instances     = 52
#stdCellGenAp          = 910
#stdCellValidPlanarAp  = 825
#stdCellValidViaAp     = 3
#stdCellPinNoAp        = 0
#stdCellPinCnt         = 263
#instTermValidViaApCnt = 0
#macroGenAp            = 0
#macroValidPlanarAp    = 0
#macroValidViaAp       = 0
#macroNoAp             = 0
[INFO DRT-0166] Complete pin access.
[INFO DRT-0267] cpu time = 00:00:00, elapsed time = 00:00:00, memory = 132.42 (MB), peak = 132.42 (MB)

[INFO DRT-0157] Number of guides:     369

[INFO DRT-0169] Post process guides.
[INFO DRT-0176] GCELLGRID X 0 DO 29 STEP 81000 ;
[INFO DRT-0177] GCELLGRID Y 0 DO 27 STEP 81000 ;
[INFO DRT-0028]   Complete FR_MASTERSLICE.
[INFO DRT-0028]   Complete Fr_VIA.
[INFO DRT-0028]   Complete M1.
[INFO DRT-0028]   Complete V1.
[INFO DRT-0028]   Complete M2.
[INFO DRT-0178] Init guide query.
[INFO DRT-0035]   Complete FR_MASTERSLICE (guide).
[INFO DRT-0035]   Complete Fr_VIA (guide).
[INFO DRT-0035]   Complete M1 (guide).
[INFO DRT-0035]   Complete V1 (guide).
[INFO DRT-0035]   Complete M2 (guide).
[INFO DRT-0036] FR_MASTERSLICE guide region query size = 0.
[INFO DRT-0036] FR_VIA guide region query size = 0.
[INFO DRT-0036] M1 guide region query size = 284.
[INFO DRT-0036] V1 guide region query size = 0.
[INFO DRT-0036] M2 guide region query size = 423.
[INFO DRT-0179] Init gr pin query.
[INFO DRT-0267] cpu time = 00:00:00, elapsed time = 00:00:00, memory = 132.98 (MB), peak = 132.98 (MB)
[INFO DRT-0245] skipped writing guide updates to database.
[INFO DRT-0185] Post process initialize RPin region query.
[INFO DRT-0181] Start track assignment.
[INFO DRT-0184] Done with 423 vertical wires in 1 frboxes and 284 horizontal wires in 1 frboxes.
[INFO DRT-0186] Done with 113 vertical wires in 1 frboxes and 136 horizontal wires in 1 frboxes.
[INFO DRT-0182] Complete track assignment.
[INFO DRT-0267] cpu time = 00:00:00, elapsed time = 00:00:00, memory = 134.05 (MB), peak = 134.05 (MB)
[INFO DRT-0187] Start routing data preparation.
[INFO DRT-0267] cpu time = 00:00:00, elapsed time = 00:00:00, memory = 134.14 (MB), peak = 134.14 (MB)
[INFO DRT-0194] Start detail routing.
[INFO DRT-0195] Start 0th optimization iteration.
    Completing 10% with 0 violations.
    elapsed time = 00:00:00, memory = 135.17 (MB).
    Completing 20% with 0 violations.
    elapsed time = 00:00:00, memory = 140.48 (MB).
    Completing 30% with 0 violations.
    elapsed time = 00:00:00, memory = 140.55 (MB).
    Completing 40% with 89 violations.
    elapsed time = 00:00:00, memory = 140.66 (MB).
    Completing 50% with 89 violations.
    elapsed time = 00:00:01, memory = 141.77 (MB).
    Completing 60% with 89 violations.
    elapsed time = 00:00:01, memory = 141.77 (MB).
    Completing 70% with 141 violations.
    elapsed time = 00:00:02, memory = 141.86 (MB).
    Completing 80% with 141 violations.
    elapsed time = 00:00:02, memory = 141.88 (MB).
    Completing 90% with 203 violations.
    elapsed time = 00:00:02, memory = 141.92 (MB).
    Completing 100% with 240 violations.
    elapsed time = 00:00:02, memory = 141.94 (MB).
[INFO DRT-0199]   Number of violations = 243.
Viol/Layer          M1     M2
Metal Spacing        2    136
NS Metal             0      1
Recheck              1      2
Short               14     87
[INFO DRT-0267] cpu time = 00:00:02, elapsed time = 00:00:02, memory = 172.44 (MB), peak = 196.97 (MB)
Total wire length = 83486 um.
Total wire length on LAYER M1 = 28136 um.
Total wire length on LAYER M2 = 55350 um.
Total number of vias = 337.
Up-via summary (total 337):

----------------------
 FR_MASTERSLICE      0
             M1    337
----------------------
               337


[INFO DRT-0195] Start 1st optimization iteration.
    Completing 10% with 243 violations.
    elapsed time = 00:00:00, memory = 172.52 (MB).
    Completing 20% with 243 violations.
    elapsed time = 00:00:01, memory = 176.61 (MB).
    Completing 30% with 243 violations.
    elapsed time = 00:00:01, memory = 176.66 (MB).
    Completing 40% with 240 violations.
    elapsed time = 00:00:01, memory = 176.73 (MB).
    Completing 50% with 240 violations.
    elapsed time = 00:00:02, memory = 177.42 (MB).
    Completing 60% with 240 violations.
    elapsed time = 00:00:02, memory = 177.42 (MB).
    Completing 70% with 183 violations.
    elapsed time = 00:00:02, memory = 177.44 (MB).
    Completing 80% with 183 violations.
    elapsed time = 00:00:02, memory = 177.45 (MB).
    Completing 90% with 173 violations.
    elapsed time = 00:00:02, memory = 177.52 (MB).
    Completing 100% with 171 violations.
    elapsed time = 00:00:02, memory = 177.52 (MB).
[INFO DRT-0199]   Number of violations = 171.
Viol/Layer          M1     M2
Metal Spacing        0     97
NS Metal             0      2
Short                1     71
[INFO DRT-0267] cpu time = 00:00:02, elapsed time = 00:00:02, memory = 171.45 (MB), peak = 196.97 (MB)
Total wire length = 82327 um.
Total wire length on LAYER M1 = 27829 um.
Total wire length on LAYER M2 = 54497 um.
Total number of vias = 307.
Up-via summary (total 307):

----------------------
 FR_MASTERSLICE      0
             M1    307
----------------------
               307


[INFO DRT-0195] Start 2nd optimization iteration.
    Completing 10% with 171 violations.
    elapsed time = 00:00:00, memory = 171.45 (MB).
    Completing 20% with 171 violations.
    elapsed time = 00:00:00, memory = 165.22 (MB).
    Completing 30% with 171 violations.
    elapsed time = 00:00:00, memory = 165.22 (MB).
    Completing 40% with 167 violations.
    elapsed time = 00:00:00, memory = 165.22 (MB).
    Completing 50% with 167 violations.
    elapsed time = 00:00:01, memory = 161.78 (MB).
    Completing 60% with 167 violations.
    elapsed time = 00:00:01, memory = 161.78 (MB).
    Completing 70% with 187 violations.
    elapsed time = 00:00:01, memory = 161.78 (MB).
    Completing 80% with 187 violations.
    elapsed time = 00:00:01, memory = 161.78 (MB).
    Completing 90% with 181 violations.
    elapsed time = 00:00:01, memory = 161.78 (MB).
    Completing 100% with 169 violations.
    elapsed time = 00:00:01, memory = 161.78 (MB).
[INFO DRT-0199]   Number of violations = 169.
Viol/Layer          M1     M2
Metal Spacing        0     94
Short                1     74
[INFO DRT-0267] cpu time = 00:00:01, elapsed time = 00:00:01, memory = 196.25 (MB), peak = 196.97 (MB)
Total wire length = 82683 um.
Total wire length on LAYER M1 = 28137 um.
Total wire length on LAYER M2 = 54545 um.
Total number of vias = 316.
Up-via summary (total 316):

----------------------
 FR_MASTERSLICE      0
             M1    316
----------------------
               316


[INFO DRT-0195] Start 3rd optimization iteration.
    Completing 10% with 169 violations.
    elapsed time = 00:00:00, memory = 196.25 (MB).
    Completing 20% with 169 violations.
    elapsed time = 00:00:00, memory = 195.97 (MB).
    Completing 30% with 169 violations.
    elapsed time = 00:00:00, memory = 195.97 (MB).
    Completing 40% with 145 violations.
    elapsed time = 00:00:00, memory = 195.98 (MB).
    Completing 50% with 145 violations.
    elapsed time = 00:00:01, memory = 194.30 (MB).
    Completing 60% with 145 violations.
    elapsed time = 00:00:01, memory = 194.30 (MB).
    Completing 70% with 119 violations.
    elapsed time = 00:00:02, memory = 195.53 (MB).
    Completing 80% with 119 violations.
    elapsed time = 00:00:02, memory = 195.53 (MB).
    Completing 90% with 104 violations.
    elapsed time = 00:00:02, memory = 195.55 (MB).
    Completing 100% with 83 violations.
    elapsed time = 00:00:02, memory = 195.55 (MB).
[INFO DRT-0199]   Number of violations = 83.
Viol/Layer          M2
Metal Spacing       35
Short               48
[INFO DRT-0267] cpu time = 00:00:02, elapsed time = 00:00:02, memory = 195.58 (MB), peak = 196.97 (MB)
Total wire length = 84583 um.
Total wire length on LAYER M1 = 29061 um.
Total wire length on LAYER M2 = 55522 um.
Total number of vias = 380.
Up-via summary (total 380):

----------------------
 FR_MASTERSLICE      0
             M1    380
----------------------
               380


[INFO DRT-0195] Start 4th guides tiles iteration.
    Completing 10% with 83 violations.
    elapsed time = 00:00:01, memory = 196.50 (MB).
    Completing 20% with 25 violations.
    elapsed time = 00:00:01, memory = 196.50 (MB).
    Completing 30% with 25 violations.
    elapsed time = 00:00:01, memory = 196.50 (MB).
    Completing 50% with 25 violations.
    elapsed time = 00:00:02, memory = 196.50 (MB).
    Completing 60% with 25 violations.
    elapsed time = 00:00:02, memory = 196.50 (MB).
    Completing 70% with 25 violations.
    elapsed time = 00:00:02, memory = 196.50 (MB).
    Completing 80% with 25 violations.
    elapsed time = 00:00:02, memory = 196.50 (MB).
    Completing 100% with 22 violations.
    elapsed time = 00:00:02, memory = 196.50 (MB).
[INFO DRT-0199]   Number of violations = 22.
Viol/Layer          M2
Metal Spacing       19
NS Metal             1
Short                2
[INFO DRT-0267] cpu time = 00:00:02, elapsed time = 00:00:02, memory = 196.52 (MB), peak = 196.97 (MB)
Total wire length = 84105 um.
Total wire length on LAYER M1 = 28828 um.
Total wire length on LAYER M2 = 55277 um.
Total number of vias = 358.
Up-via summary (total 358):

----------------------
 FR_MASTERSLICE      0
             M1    358
----------------------
               358


[INFO DRT-0195] Start 5th guides tiles iteration.
    Completing 10% with 22 violations.
    elapsed time = 00:00:00, memory = 196.53 (MB).
    Completing 30% with 22 violations.
    elapsed time = 00:00:00, memory = 196.53 (MB).
    Completing 50% with 22 violations.
    elapsed time = 00:00:00, memory = 196.53 (MB).
    Completing 60% with 22 violations.
    elapsed time = 00:00:00, memory = 196.53 (MB).
    Completing 80% with 19 violations.
    elapsed time = 00:00:01, memory = 198.56 (MB).
    Completing 100% with 8 violations.
    elapsed time = 00:00:01, memory = 198.56 (MB).
[INFO DRT-0199]   Number of violations = 8.
Viol/Layer          M2
Metal Spacing        7
Short                1
[INFO DRT-0267] cpu time = 00:00:01, elapsed time = 00:00:01, memory = 198.56 (MB), peak = 198.56 (MB)
Total wire length = 84178 um.
Total wire length on LAYER M1 = 28882 um.
Total wire length on LAYER M2 = 55295 um.
Total number of vias = 365.
Up-via summary (total 365):

----------------------
 FR_MASTERSLICE      0
             M1    365
----------------------
               365


[INFO DRT-0195] Start 6th guides tiles iteration.
    Completing 20% with 8 violations.
    elapsed time = 00:00:00, memory = 198.58 (MB).
    Completing 50% with 8 violations.
    elapsed time = 00:00:00, memory = 198.58 (MB).
    Completing 70% with 8 violations.
    elapsed time = 00:00:00, memory = 198.58 (MB).
    Completing 100% with 3 violations.
    elapsed time = 00:00:00, memory = 198.58 (MB).
[INFO DRT-0199]   Number of violations = 3.
Viol/Layer          M2
Metal Spacing        2
Short                1
[INFO DRT-0267] cpu time = 00:00:00, elapsed time = 00:00:00, memory = 198.58 (MB), peak = 198.58 (MB)
Total wire length = 84194 um.
Total wire length on LAYER M1 = 28882 um.
Total wire length on LAYER M2 = 55311 um.
Total number of vias = 365.
Up-via summary (total 365):

----------------------
 FR_MASTERSLICE      0
             M1    365
----------------------
               365


[INFO DRT-0195] Start 7th guides tiles iteration.
    Completing 50% with 3 violations.
    elapsed time = 00:00:00, memory = 198.58 (MB).
    Completing 100% with 3 violations.
    elapsed time = 00:00:00, memory = 198.58 (MB).
[INFO DRT-0199]   Number of violations = 3.
Viol/Layer          M2
Metal Spacing        2
Short                1
[INFO DRT-0267] cpu time = 00:00:00, elapsed time = 00:00:00, memory = 198.58 (MB), peak = 198.58 (MB)
Total wire length = 84194 um.
Total wire length on LAYER M1 = 28882 um.
Total wire length on LAYER M2 = 55311 um.
Total number of vias = 365.
Up-via summary (total 365):

----------------------
 FR_MASTERSLICE      0
             M1    365
----------------------
               365


[INFO DRT-0195] Start 8th stubborn tiles iteration.
    Completing 10% with 3 violations.
    elapsed time = 00:00:00, memory = 199.56 (MB).
    Completing 20% with 3 violations.
    elapsed time = 00:00:00, memory = 207.78 (MB).
    Completing 30% with 3 violations.
    elapsed time = 00:00:01, memory = 216.09 (MB).
    Completing 40% with 3 violations.
    elapsed time = 00:00:01, memory = 221.41 (MB).
    Completing 50% with 3 violations.
    elapsed time = 00:00:05, memory = 236.34 (MB).
    Completing 60% with 1 violations.
    elapsed time = 00:00:05, memory = 199.91 (MB).
    Completing 70% with 1 violations.
    elapsed time = 00:00:05, memory = 199.92 (MB).
    Completing 80% with 1 violations.
    elapsed time = 00:00:05, memory = 200.02 (MB).
    Completing 90% with 1 violations.
    elapsed time = 00:00:05, memory = 200.02 (MB).
    Completing 100% with 0 violations.
    elapsed time = 00:00:06, memory = 200.11 (MB).
[INFO DRT-0199]   Number of violations = 0.
[INFO DRT-0267] cpu time = 00:00:06, elapsed time = 00:00:06, memory = 236.11 (MB), peak = 236.34 (MB)
Total wire length = 84265 um.
Total wire length on LAYER M1 = 28920 um.
Total wire length on LAYER M2 = 55345 um.
Total number of vias = 368.
Up-via summary (total 368):

----------------------
 FR_MASTERSLICE      0
             M1    368
----------------------
               368


[INFO DRT-0198] Complete detail routing.
Total wire length = 84265 um.
Total wire length on LAYER M1 = 28920 um.
Total wire length on LAYER M2 = 55345 um.
Total number of vias = 368.
Up-via summary (total 368):

----------------------
 FR_MASTERSLICE      0
             M1    368
----------------------
               368


[INFO DRT-0267] cpu time = 00:00:19, elapsed time = 00:00:19, memory = 236.11 (MB), peak = 236.34 (MB)

[INFO DRT-0180] Post processing.
+ [[ ! -f /Users/yanlu/Documents/TR-1um/flow/designs/tr1um_regfile4x4/runs/triage-f24-affected/connected_power/openroad_detailed_route.drc ]]
+ [[ -s /Users/yanlu/Documents/TR-1um/flow/designs/tr1um_regfile4x4/runs/triage-f24-affected/connected_power/openroad_detailed_route.drc ]]
+ python3 /Users/yanlu/Documents/TR-1um/flow/librelane_override/librelane/scripts/klayout/stream_out.py /Users/yanlu/Documents/TR-1um/flow/designs/tr1um_regfile4x4/runs/triage-f24-affected/connected_power/tr1um_regfile4x4.connected_power.def --output /Users/yanlu/Documents/TR-1um/flow/designs/tr1um_regfile4x4/runs/triage-f24-affected/connected_power/tr1um_regfile4x4.unlabeled.gds --top tr1um_regfile4x4 --conflict-resolution AddToCell --lyt /Users/yanlu/Documents/TR-1um/flow/pdk_root/TR-1um/libs.tech/klayout/tech/TR-1um.lyt --lyp /Users/yanlu/Documents/TR-1um/flow/pdk_root/TR-1um/libs.tech/klayout/tech/TR-1um.lyp --lym /Users/yanlu/Documents/TR-1um/flow/pdk_root/TR-1um/libs.tech/klayout/tech/def_layer_map.map --input-lef /Users/yanlu/Documents/TR-1um/flow/pdk_root/TR-1um/libs.ref/TR-1um_stdcell_access/lef/TR-1um_tech.lef --input-lef /Users/yanlu/Documents/TR-1um/flow/pdk_root/TR-1um/libs.ref/TR-1um_stdcell_access/lef/TR-1um_access_cells.lef --with-gds-file /Users/yanlu/Documents/TR-1um/flow/designs/tr1um_regfile4x4/runs/triage-f24-affected/connected_power/TR-1um_known_good_cells.gds
Warning: No mapping for layer 'V1', purpose 'LEFOBS' - layer is ignored (line=40, cell=, file=tr1um_regfile4x4.connected_power.def)
[INFO] Clearing cells…
[INFO] Merging GDS files…
[INFO] Copying top level cell 'tr1um_regfile4x4'…
[INFO] Checking for missing GDS…
[INFO] All LEF cells have matching GDS cells.
[INFO] Writing out GDS '/Users/yanlu/Documents/TR-1um/flow/designs/tr1um_regfile4x4/runs/triage-f24-affected/connected_power/tr1um_regfile4x4.unlabeled.gds'…
[INFO] Done.
+ python3 /Users/yanlu/Documents/TR-1um/flow/scripts/signoff/add_def_pin_labels.py --input-gds /Users/yanlu/Documents/TR-1um/flow/designs/tr1um_regfile4x4/runs/triage-f24-affected/connected_power/tr1um_regfile4x4.unlabeled.gds --def /Users/yanlu/Documents/TR-1um/flow/designs/tr1um_regfile4x4/runs/triage-f24-affected/connected_power/tr1um_regfile4x4.connected_power.def --top tr1um_regfile4x4 --output-gds /Users/yanlu/Documents/TR-1um/flow/designs/tr1um_regfile4x4/runs/triage-f24-affected/connected_power/tr1um_regfile4x4.connected_power.gds
label VSS on M2 at (596.7, 3)um
label VDD on M2 at (1795.5, 3)um
label clk on M2 at (175.5, 2197)um
label read_addr[0] on M1 at (2398.2, 191.7)um
label read_addr[1] on M1 at (2398.2, 553.5)um
label read_data[0] on M1 at (2398.2, 915.3)um
label read_data[1] on M1 at (2398.2, 1277.1)um
label read_data[2] on M1 at (2398.2, 1638.9)um
label read_data[3] on M1 at (2398.2, 2000.7)um
label write_addr[0] on M2 at (758.7, 2197)um
label write_addr[1] on M2 at (1050.3, 2197)um
label write_data[0] on M2 at (1341.9, 2197)um
label write_data[1] on M2 at (1633.5, 2197)um
label write_data[2] on M2 at (1925.1, 2197)um
label write_data[3] on M2 at (2216.7, 2197)um
label write_enable on M2 at (467.1, 2197)um
wrote /Users/yanlu/Documents/TR-1um/flow/designs/tr1um_regfile4x4/runs/triage-f24-affected/connected_power/tr1um_regfile4x4.connected_power.gds: 16 top-level labels
+ TIE_NORMALIZED_GDS=/Users/yanlu/Documents/TR-1um/flow/designs/tr1um_regfile4x4/runs/triage-f24-affected/connected_power/tr1um_regfile4x4.tie_normalized.gds
+ python3 /Users/yanlu/Documents/TR-1um/flow/scripts/signoff/normalize_tie_cells.py --input /Users/yanlu/Documents/TR-1um/flow/designs/tr1um_regfile4x4/runs/triage-f24-affected/connected_power/tr1um_regfile4x4.connected_power.gds --output /Users/yanlu/Documents/TR-1um/flow/designs/tr1um_regfile4x4/runs/triage-f24-affected/connected_power/tr1um_regfile4x4.tie_normalized.gds
normalized tie-cell physical views: TIELO
+ mv -f -- /Users/yanlu/Documents/TR-1um/flow/designs/tr1um_regfile4x4/runs/triage-f24-affected/connected_power/tr1um_regfile4x4.tie_normalized.gds /Users/yanlu/Documents/TR-1um/flow/designs/tr1um_regfile4x4/runs/triage-f24-affected/connected_power/tr1um_regfile4x4.connected_power.gds
+ [[ -f /Users/yanlu/Documents/TR-1um/flow/designs/tr1um_regfile4x4/postprocess_gds.py ]]
+ klayout -b -zz -r /Users/yanlu/Documents/TR-1um/flow/pdk_root/TR-1um/libs.tech/klayout/tech/drc/run.drc -rd input=/Users/yanlu/Documents/TR-1um/flow/designs/tr1um_regfile4x4/runs/triage-f24-affected/connected_power/tr1um_regfile4x4.connected_power.gds -rd top_cell=tr1um_regfile4x4 -rd report=/Users/yanlu/Documents/TR-1um/flow/designs/tr1um_regfile4x4/runs/triage-f24-affected/connected_power/drawing_drc.lyrdb
+ tee /Users/yanlu/Documents/TR-1um/flow/designs/tr1um_regfile4x4/runs/triage-f24-affected/connected_power/drawing_drc.log
+ python3 /Users/yanlu/Documents/TR-1um/flow/scripts/signoff/check_klayout_report.py /Users/yanlu/Documents/TR-1um/flow/designs/tr1um_regfile4x4/runs/triage-f24-affected/connected_power/drawing_drc.lyrdb
OK: no hard KLayout items in /Users/yanlu/Documents/TR-1um/flow/designs/tr1um_regfile4x4/runs/triage-f24-affected/connected_power/drawing_drc.lyrdb
+ python3 /Users/yanlu/Documents/TR-1um/flow/scripts/signoff/check_connected_power.py /Users/yanlu/Documents/TR-1um/flow/designs/tr1um_regfile4x4/runs/triage-f24-affected/connected_power/tr1um_regfile4x4.connected_power.gds tr1um_regfile4x4
+ tee /Users/yanlu/Documents/TR-1um/flow/designs/tr1um_regfile4x4/runs/triage-f24-affected/connected_power/connected_power.log
top=tr1um_regfile4x4 dbu=0.001 M1_components=740 M2_components=361 V1_shapes=760
ground: labels=59 distinct_conductive_components=1
power: labels=63 distinct_conductive_components=1
PASS: every labelled power terminal is connected to its supply network
+ klayout -b -zz -r /Users/yanlu/Documents/TR-1um/flow/pdk_root/TR-1um/libs.tech/klayout/tech/lvs/run.lvs -rd input=/Users/yanlu/Documents/TR-1um/flow/designs/tr1um_regfile4x4/runs/triage-f24-affected/connected_power/tr1um_regfile4x4.connected_power.gds -rd top_cell=tr1um_regfile4x4 -rd report=/Users/yanlu/Documents/TR-1um/flow/designs/tr1um_regfile4x4/runs/triage-f24-affected/connected_power/extraction.lvsdb -rd extracted=/Users/yanlu/Documents/TR-1um/flow/designs/tr1um_regfile4x4/runs/triage-f24-affected/connected_power/tr1um_regfile4x4.connected_power.extracted -rd netlist_only
+ tee /Users/yanlu/Documents/TR-1um/flow/designs/tr1um_regfile4x4/runs/triage-f24-affected/connected_power/extraction.log
Setting running mode => deep
Starting TR-1um LVS in Net Only Mode
Done
+ test -s /Users/yanlu/Documents/TR-1um/flow/designs/tr1um_regfile4x4/runs/triage-f24-affected/connected_power/tr1um_regfile4x4.connected_power.extracted
+ python3 /Users/yanlu/Documents/TR-1um/flow/scripts/signoff/check_extracted_instance_supplies.py /Users/yanlu/Documents/TR-1um/flow/designs/tr1um_regfile4x4/runs/triage-f24-affected/connected_power/tr1um_regfile4x4.placed_power.def /Users/yanlu/Documents/TR-1um/flow/designs/tr1um_regfile4x4/runs/triage-f24-affected/connected_power/tr1um_regfile4x4.connected_power.extracted tr1um_regfile4x4
PASS: 68 extracted instances match the DEF and all connect to top-level VDD/VSS
+ python3 /Users/yanlu/Documents/TR-1um/flow/scripts/signoff/build_core_lvs_contract.py --physical-extracted /Users/yanlu/Documents/TR-1um/flow/designs/tr1um_regfile4x4/runs/triage-f24-affected/connected_power/tr1um_regfile4x4.connected_power.extracted --powered-netlist /Users/yanlu/Documents/TR-1um/flow/designs/tr1um_regfile4x4/runs/triage-f24-affected/final/pnl/tr1um_regfile4x4.pnl.v --cell-cdl /Users/yanlu/Documents/TR-1um/flow/pdk_root/TR-1um/libs.ref/TR-1um_stdcell_access/cdl/TR-1um_stdcell_access.cdl --cell-liberty /Users/yanlu/Documents/TR-1um/flow/pdk_root/TR-1um/libs.ref/TR-1um_stdcell_access/lib/TR-1um_stdcell_access_typ_5p0V_25C.lib --top tr1um_regfile4x4 --output /Users/yanlu/Documents/TR-1um/flow/designs/tr1um_regfile4x4/runs/triage-f24-affected/connected_power/tr1um_regfile4x4.strict.cir
wrote /Users/yanlu/Documents/TR-1um/flow/designs/tr1um_regfile4x4/runs/triage-f24-affected/connected_power/tr1um_regfile4x4.strict.cir: 68 instances, 10 cell types, top pins write_enable read_addr[0] read_addr[1] read_data[0] read_data[1] read_data[2] read_data[3] write_addr[0] write_addr[1] write_data[0] write_data[1] write_data[2] write_data[3] clk VDD VSS
+ klayout -b -zz -r /Users/yanlu/Documents/TR-1um/flow/pdk_root/TR-1um/libs.tech/klayout/tech/lvs/run.lvs -rd input=/Users/yanlu/Documents/TR-1um/flow/designs/tr1um_regfile4x4/runs/triage-f24-affected/connected_power/tr1um_regfile4x4.connected_power.gds -rd top_cell=tr1um_regfile4x4 -rd circuit=/Users/yanlu/Documents/TR-1um/flow/designs/tr1um_regfile4x4/runs/triage-f24-affected/connected_power/tr1um_regfile4x4.strict.cir -rd report=/Users/yanlu/Documents/TR-1um/flow/designs/tr1um_regfile4x4/runs/triage-f24-affected/connected_power/lvs.lvsdb -rd extracted=/Users/yanlu/Documents/TR-1um/flow/designs/tr1um_regfile4x4/runs/triage-f24-affected/connected_power/tr1um_regfile4x4.lvs.extracted
+ tee /Users/yanlu/Documents/TR-1um/flow/designs/tr1um_regfile4x4/runs/triage-f24-affected/connected_power/lvs.log
Setting running mode => deep
Starting TR-1um LVS Comparison in strict port mode
flag_missing_ports enabled: missing/mislabeled top-level ports are treated as errors
==========================================
INFO : Congratulations! Netlists match.
==========================================
+ grep -q 'Congratulations! Netlists match' /Users/yanlu/Documents/TR-1um/flow/designs/tr1um_regfile4x4/runs/triage-f24-affected/connected_power/lvs.log
+ [[ 0 == 1 ]]
+ set +x
PASS: connected, DRC-clean, LVS-clean digital core GDS: /Users/yanlu/Documents/TR-1um/flow/designs/tr1um_regfile4x4/runs/triage-f24-affected/connected_power/tr1um_regfile4x4.connected_power.gds
Macro LEF: /Users/yanlu/Documents/TR-1um/flow/designs/tr1um_regfile4x4/runs/triage-f24-affected/connected_power/tr1um_regfile4x4.macro.lef
Reusable LVS contract: /Users/yanlu/Documents/TR-1um/flow/designs/tr1um_regfile4x4/runs/triage-f24-affected/connected_power/tr1um_regfile4x4.strict.cir
NOTE: this is a core-level result; the MPW frame/pad transition is not included.
+ set +x
PASS: RTL-to-GDS-to-LVS completed for tr1um_regfile4x4 (triage-f24-affected)
+ local status=0
+ set +x
----- Package hierarchical macro views -----
+ python3 /Users/yanlu/Documents/TR-1um/flow/scripts/signoff/package_digital_macro.py --run-dir /Users/yanlu/Documents/TR-1um/flow/designs/tr1um_regfile4x4/runs/triage-f24-affected --top tr1um_regfile4x4 --output /Users/yanlu/Documents/TR-1um/flow/designs/artifacts/triage-f24-affected/tr1um_regfile4x4
packaged hierarchical macro tr1um_regfile4x4: 16 verified ports -> /Users/yanlu/Documents/TR-1um/flow/designs/artifacts/triage-f24-affected/tr1um_regfile4x4
+ local status=0
+ set +x
