----- RTL simulation -----
+ make -C /Users/yanlu/Documents/TR-1um/flow/designs/tr1um_uarttx_big/src clean sim
rm -rf build
mkdir -p build
iverilog -g2012 -Wall -DSIMULATION -s tr1um_uarttx_big_tb -o build/tr1um_uarttx_big_tb.vvp tr1um_uarttx_big.v tr1um_uarttx_big_tb.v
vvp build/tr1um_uarttx_big_tb.vvp
Receiving one 32-character cycle plus the first byte after wrap:
SYMBIOTIC@YG@CKDUR@ROBIN@@@@@@@@
SPASS
tr1um_uarttx_big_tb.v:69: $finish called at 4578904082 (1ps)
+ local status=0
+ set +x
----- Remove simulation product -----
+ make -C /Users/yanlu/Documents/TR-1um/flow/designs/tr1um_uarttx_big/src clean
rm -rf build
+ local status=0
+ set +x
----- RTL to connected-power GDS, DRC, and strict LVS -----
+ /Users/yanlu/Documents/TR-1um/flow/run_tr1um_digital.sh /Users/yanlu/Documents/TR-1um/flow/designs/tr1um_uarttx_big/config_access.yaml tr1um_uarttx_big triage-f24-affected
+ /Users/yanlu/Documents/TR-1um/flow/run_librelane_tr1um_access.sh /Users/yanlu/Documents/TR-1um/flow/designs/tr1um_uarttx_big/config_access.yaml --run-tag triage-f24-affected
+ tr1um_prepare_librelane /Users/yanlu/Documents/TR-1um/flow
+ local flow_dir=/Users/yanlu/Documents/TR-1um/flow
+ export PYTHONPATH=/Users/yanlu/Documents/TR-1um/flow/librelane_override
+ PYTHONPATH=/Users/yanlu/Documents/TR-1um/flow/librelane_override
+ export PDK_ROOT=/Users/yanlu/Documents/TR-1um/flow/pdk_root
+ PDK_ROOT=/Users/yanlu/Documents/TR-1um/flow/pdk_root
+ export PDK=TR-1um
+ PDK=TR-1um
+ tr1um_run_librelane /Users/yanlu/Documents/TR-1um/flow/designs/tr1um_uarttx_big/config_access.yaml TR-1um_stdcell_access --run-tag triage-f24-affected
+ local config=/Users/yanlu/Documents/TR-1um/flow/designs/tr1um_uarttx_big/config_access.yaml
+ local scl=TR-1um_stdcell_access
+ shift 2
+ local design_dir config_name
+++ dirname /Users/yanlu/Documents/TR-1um/flow/designs/tr1um_uarttx_big/config_access.yaml
++ cd /Users/yanlu/Documents/TR-1um/flow/designs/tr1um_uarttx_big
++ pwd
+ design_dir=/Users/yanlu/Documents/TR-1um/flow/designs/tr1um_uarttx_big
++ basename /Users/yanlu/Documents/TR-1um/flow/designs/tr1um_uarttx_big/config_access.yaml
+ config_name=config_access.yaml
+ cd /Users/yanlu/Documents/TR-1um/flow/designs/tr1um_uarttx_big
+ args=('--manual-pdk')
+ local args
+ [[ -n TR-1um_stdcell_access ]]
+ args+=(--pdk-root "$PDK_ROOT" --pdk "$PDK" --scl "$scl")
+ command -v librelane
+ exec librelane --manual-pdk --pdk-root /Users/yanlu/Documents/TR-1um/flow/pdk_root --pdk TR-1um --scl TR-1um_stdcell_access config_access.yaml --run-tag triage-f24-affected
[17:22:06] INFO     Starting a new run of the 'Classic'' flow with   flow.py:654
                    the tag 'triage-f24-affected'.                              
[17:22:06] INFO     Starting…                                  sequential.py:339
──────────────────────────────── Verilator Lint ────────────────────────────────
[17:22:06] VERBOSE  Running 'Verilator.Lint' at                     step.py:1138
                    'runs/triage-f24-affected/01-verilator-lint'…               
[17:22:06] VERBOSE  Logging subprocess to                           step.py:1338
                    'runs/triage-f24-affected/01-verilator-lint/ver             
                    ilator-lint.log'…                                           
%Warning-PINMISSING:                                                            
/Users/yanlu/Documents/TR-1um/flow/designs/tr1um_uarttx_big/src/tr1um_uarttx_big
.v:79:11: Instance has missing pin: 'VDD'                                       
   79 |     TIELO reset_tie (.LO(inactive_reset));                              
      |           ^~~~~~~~~                                                     
                     /Users/yanlu/Documents/TR-1um/flow/designs/tr1um_uarttx_big
/runs/triage-f24-affected/tmp/6b9aecabb5244e299d9bb35b3e82bfab.bb.v:477:18: ... 
Location of port declaration                                                    
  477 | module TIELO(LO, VDD, GND);                                             
      |                  ^~~                                                    
                     ... For warning description see                            
https://verilator.org/warn/PINMISSING?v=5.044                                   
                     ... Use "/* verilator lint_off PINMISSING */" and lint_on  
around source to disable this message.                                          
%Warning-PINMISSING:                                                            
/Users/yanlu/Documents/TR-1um/flow/designs/tr1um_uarttx_big/src/tr1um_uarttx_big
.v:79:11: Instance has missing pin: 'GND'                                       
   79 |     TIELO reset_tie (.LO(inactive_reset));                              
      |           ^~~~~~~~~                                                     
                     /Users/yanlu/Documents/TR-1um/flow/designs/tr1um_uarttx_big
/runs/triage-f24-affected/tmp/6b9aecabb5244e299d9bb35b3e82bfab.bb.v:477:23: ... 
Location of port declaration                                                    
  477 | module TIELO(LO, VDD, GND);                                             
      |                       ^~~                                               
- V e r i l a t i o n   R e p o r t: Verilator 5.044 2026-01-01 rev v5.040      
- Verilator: Built from 0.085 MB sources in 43 modules, into 0.029 MB in 3 C++  
files needing 0.000 MB                                                          
- Verilator: Walltime 0.036 s (elab=0.009, cvt=0.015, bld=0.000); cpu 0.015 s on
1 threads; alloced 12.234 MB                                                    
────────────────────────── Lint Timing Errors Checker ──────────────────────────
[17:22:06] VERBOSE  Running 'Checker.LintTimingConstructs' at       step.py:1138
                    'runs/triage-f24-affected/02-checker-linttiming             
                    constructs'…                                                
[17:22:06] INFO     Check for Lint Timing Errors clear.           checker.py:412
───────────────────────────── Lint Errors Checker ──────────────────────────────
[17:22:06] VERBOSE  Running 'Checker.LintErrors' at                 step.py:1138
                    'runs/triage-f24-affected/03-checker-linterrors             
                    '…                                                          
[17:22:06] INFO     Check for Lint errors clear.                  checker.py:131
──────────────────────────── Lint Warnings Checker ─────────────────────────────
[17:22:06] VERBOSE  Running 'Checker.LintWarnings' at               step.py:1138
                    'runs/triage-f24-affected/04-checker-lintwarnin             
                    gs'…                                                        
[17:22:06] WARNING  2 Lint warnings found.                        checker.py:122
───────────────────────────── Generate JSON Header ─────────────────────────────
[17:22:06] VERBOSE  Running 'Yosys.JsonHeader' at                   step.py:1138
                    'runs/triage-f24-affected/05-yosys-jsonheader'…             
[17:22:06] VERBOSE  Logging subprocess to                           step.py:1338
                    'runs/triage-f24-affected/05-yosys-jsonheader/y             
                    osys-jsonheader.log'…                                       
                                                                                
 /----------------------------------------------------------------------------\ 
 |  yosys -- Yosys Open SYnthesis Suite                                       | 
 |  Copyright (C) 2012 - 2026  Claire Xenia Wolf <claire@yosyshq.com>         | 
 |  Distributed under an ISC-like license, type "license" to see terms        | 
 \----------------------------------------------------------------------------/ 
 Yosys 0.62 (git sha1 7326bb7d6641500ecb285c291a54a662cb1e76cf, clang++ 21.1.2  
-fPIC -O3)                                                                      
                                                                                
1. Executing Verilog-2005 frontend:                                             
/Users/yanlu/Documents/TR-1um/flow/designs/tr1um_uarttx_big/runs/triage-f24-affe
cted/tmp/6b9aecabb5244e299d9bb35b3e82bfab.bb.v                                  
Parsing SystemVerilog input from                                                
`/Users/yanlu/Documents/TR-1um/flow/designs/tr1um_uarttx_big/runs/triage-f24-aff
ected/tmp/6b9aecabb5244e299d9bb35b3e82bfab.bb.v' to AST representation.         
Generating RTLIL representation for module `\AND2_X1'.                          
Generating RTLIL representation for module `\AND3_X1'.                          
Generating RTLIL representation for module `\AND4_X1'.                          
Generating RTLIL representation for module `\BUF_X1'.                           
Generating RTLIL representation for module `\BUF_X12'.                          
Generating RTLIL representation for module `\BUF_X16'.                          
Generating RTLIL representation for module `\BUF_X2'.                           
Generating RTLIL representation for module `\BUF_X4'.                           
Generating RTLIL representation for module `\BUF_X8'.                           
Generating RTLIL representation for module `\CLKBUF_X1'.                        
Generating RTLIL representation for module `\CLKBUF_X12'.                       
Generating RTLIL representation for module `\CLKBUF_X16'.                       
Generating RTLIL representation for module `\CLKBUF_X2'.                        
Generating RTLIL representation for module `\CLKBUF_X4'.                        
Generating RTLIL representation for module `\CLKBUF_X8'.                        
Generating RTLIL representation for module `\DEL1'.                             
Generating RTLIL representation for module `\DEL2'.                             
Generating RTLIL representation for module `\DEL4'.                             
Generating RTLIL representation for module `\DFFR'.                             
Generating RTLIL representation for module `\DFFS'.                             
Generating RTLIL representation for module `\DIODE_N_X1'.                       
Generating RTLIL representation for module `\INV_X1'.                           
Generating RTLIL representation for module `\INV_X12'.                          
Generating RTLIL representation for module `\INV_X16'.                          
Generating RTLIL representation for module `\INV_X2'.                           
Generating RTLIL representation for module `\INV_X4'.                           
Generating RTLIL representation for module `\INV_X8'.                           
Generating RTLIL representation for module `\MUX2'.                             
Generating RTLIL representation for module `\NAND2'.                            
Generating RTLIL representation for module `\NAND3'.                            
Generating RTLIL representation for module `\NAND4'.                            
Generating RTLIL representation for module `\NOR2'.                             
Generating RTLIL representation for module `\NOR3'.                             
Generating RTLIL representation for module `\NOR4'.                             
Generating RTLIL representation for module `\OR2'.                              
Generating RTLIL representation for module `\OR3'.                              
Generating RTLIL representation for module `\OR4'.                              
Generating RTLIL representation for module `\TIEHI'.                            
Generating RTLIL representation for module `\TIELO'.                            
Generating RTLIL representation for module `\XNOR2'.                            
Generating RTLIL representation for module `\XOR2'.                             
Successfully finished Verilog frontend.                                         
                                                                                
2. Executing Verilog-2005 frontend:                                             
/Users/yanlu/Documents/TR-1um/flow/designs/tr1um_uarttx_big/src/tr1um_uarttx_big
.v                                                                              
Parsing SystemVerilog input from                                                
`/Users/yanlu/Documents/TR-1um/flow/designs/tr1um_uarttx_big/src/tr1um_uarttx_bi
g.v' to AST representation.                                                     
Storing AST representation for module `$abstract\tr1um_uarttx_big'.             
Successfully finished Verilog frontend.                                         
                                                                                
3. Executing HIERARCHY pass (managing design hierarchy).                        
                                                                                
4. Executing AST frontend in derive mode using pre-parsed AST for module        
`\tr1um_uarttx_big'.                                                            
Generating RTLIL representation for module `\tr1um_uarttx_big'.                 
                                                                                
4.1. Analyzing design hierarchy..                                               
Top module:  \tr1um_uarttx_big                                                  
                                                                                
4.2. Analyzing design hierarchy..                                               
Top module:  \tr1um_uarttx_big                                                  
Removing unused module `$abstract\tr1um_uarttx_big'.                            
Removed 1 unused modules.                                                       
Renaming module tr1um_uarttx_big to tr1um_uarttx_big.                           
                                                                                
5. Executing PROC pass (convert processes to netlists).                         
                                                                                
5.1. Executing PROC_CLEAN pass (remove empty switches from decision trees).     
Cleaned up 0 empty switches.                                                    
                                                                                
5.2. Executing PROC_RMDEAD pass (remove dead branches from decision trees).     
Marked 1 switch rules as full_case in process                                   
$proc$/Users/yanlu/Documents/TR-1um/flow/designs/tr1um_uarttx_big/src/tr1um_uart
tx_big.v:82$3 in module tr1um_uarttx_big.                                       
Marked 1 switch rules as full_case in process                                   
$proc$/Users/yanlu/Documents/TR-1um/flow/designs/tr1um_uarttx_big/src/tr1um_uart
tx_big.v:56$2 in module tr1um_uarttx_big.                                       
Marked 1 switch rules as full_case in process                                   
$proc$/Users/yanlu/Documents/TR-1um/flow/designs/tr1um_uarttx_big/src/tr1um_uart
tx_big.v:23$1 in module tr1um_uarttx_big.                                       
Removed a total of 0 dead cases.                                                
                                                                                
5.3. Executing PROC_PRUNE pass (remove redundant assignments in processes).     
Removed 1 redundant assignment.                                                 
Promoted 2 assignments to connections.                                          
                                                                                
5.4. Executing PROC_INIT pass (extract init attributes).                        
                                                                                
5.5. Executing PROC_ARST pass (detect async resets in processes).               
Found async reset \inactive_reset in                                            
`\tr1um_uarttx_big.$proc$/Users/yanlu/Documents/TR-1um/flow/designs/tr1um_uarttx
_big/src/tr1um_uarttx_big.v:82$3'.                                              
                                                                                
5.6. Executing PROC_ROM pass (convert switches to ROMs).                        
Converted 1 switch.                                                             
<suppressed ~1 debug messages>                                                  
                                                                                
5.7. Executing PROC_MUX pass (convert decision trees to multiplexers).          
Creating decoders for process                                                   
`\tr1um_uarttx_big.$proc$/Users/yanlu/Documents/TR-1um/flow/designs/tr1um_uarttx
_big/src/tr1um_uarttx_big.v:82$3'.                                              
     1/1: $0\phase[15:0]                                                        
Creating decoders for process                                                   
`\tr1um_uarttx_big.$proc$/Users/yanlu/Documents/TR-1um/flow/designs/tr1um_uarttx
_big/src/tr1um_uarttx_big.v:56$2'.                                              
     1/1: $1\tx[0:0]                                                            
Creating decoders for process                                                   
`\tr1um_uarttx_big.$proc$/Users/yanlu/Documents/TR-1um/flow/designs/tr1um_uarttx
_big/src/tr1um_uarttx_big.v:23$1'.                                              
     1/1: $1\letter[4:0]                                                        
                                                                                
5.8. Executing PROC_DLATCH pass (convert process syncs to latches).             
No latch inferred for signal `\tr1um_uarttx_big.\tx' from process               
`\tr1um_uarttx_big.$proc$/Users/yanlu/Documents/TR-1um/flow/designs/tr1um_uarttx
_big/src/tr1um_uarttx_big.v:56$2'.                                              
No latch inferred for signal `\tr1um_uarttx_big.\letter' from process           
`\tr1um_uarttx_big.$proc$/Users/yanlu/Documents/TR-1um/flow/designs/tr1um_uarttx
_big/src/tr1um_uarttx_big.v:23$1'.                                              
                                                                                
5.9. Executing PROC_DFF pass (convert process syncs to FFs).                    
Creating register for signal `\tr1um_uarttx_big.\phase' using process           
`\tr1um_uarttx_big.$proc$/Users/yanlu/Documents/TR-1um/flow/designs/tr1um_uarttx
_big/src/tr1um_uarttx_big.v:82$3'.                                              
  created $adff cell `$procdff$22' with positive edge clock and positive level  
reset.                                                                          
                                                                                
5.10. Executing PROC_MEMWR pass (convert process memory writes to cells).       
                                                                                
5.11. Executing PROC_CLEAN pass (remove empty switches from decision trees).    
Removing empty process                                                          
`tr1um_uarttx_big.$proc$/Users/yanlu/Documents/TR-1um/flow/designs/tr1um_uarttx_
big/src/tr1um_uarttx_big.v:82$3'.                                               
Found and cleaned up 1 empty switch in                                          
`\tr1um_uarttx_big.$proc$/Users/yanlu/Documents/TR-1um/flow/designs/tr1um_uarttx
_big/src/tr1um_uarttx_big.v:56$2'.                                              
Removing empty process                                                          
`tr1um_uarttx_big.$proc$/Users/yanlu/Documents/TR-1um/flow/designs/tr1um_uarttx_
big/src/tr1um_uarttx_big.v:56$2'.                                               
Found and cleaned up 1 empty switch in                                          
`\tr1um_uarttx_big.$proc$/Users/yanlu/Documents/TR-1um/flow/designs/tr1um_uarttx
_big/src/tr1um_uarttx_big.v:23$1'.                                              
Removing empty process                                                          
`tr1um_uarttx_big.$proc$/Users/yanlu/Documents/TR-1um/flow/designs/tr1um_uarttx_
big/src/tr1um_uarttx_big.v:23$1'.                                               
Cleaned up 2 empty switches.                                                    
                                                                                
5.12. Executing OPT_EXPR pass (perform const folding).                          
Optimizing module tr1um_uarttx_big.                                             
<suppressed ~2 debug messages>                                                  
                                                                                
6. Executing FLATTEN pass (flatten design).                                     
                                                                                
7. Executing OPT_CLEAN pass (remove unused cells and wires).                    
Finding unused cells or wires in module \tr1um_uarttx_big..                     
Removed 0 unused cells and 8 unused wires.                                      
<suppressed ~1 debug messages>                                                  
────────────────────────────────── Synthesis ───────────────────────────────────
[17:22:06] VERBOSE  Running 'Yosys.Synthesis' at                    step.py:1138
                    'runs/triage-f24-affected/06-yosys-synthesis'…              
[17:22:06] VERBOSE  Logging subprocess to                           step.py:1338
                    'runs/triage-f24-affected/06-yosys-synthesis/yo             
                    sys-synthesis.log'…                                         
                                                                                
 /----------------------------------------------------------------------------\ 
 |  yosys -- Yosys Open SYnthesis Suite                                       | 
 |  Copyright (C) 2012 - 2026  Claire Xenia Wolf <claire@yosyshq.com>         | 
 |  Distributed under an ISC-like license, type "license" to see terms        | 
 \----------------------------------------------------------------------------/ 
 Yosys 0.62 (git sha1 7326bb7d6641500ecb285c291a54a662cb1e76cf, clang++ 21.1.2  
-fPIC -O3)                                                                      
                                                                                
1. Executing Liberty frontend:                                                  
/Users/yanlu/Documents/TR-1um/flow/pdk_root/TR-1um/libs.ref/TR-1um_stdcell_acces
s/lib/TR-1um_stdcell_access_typ_5p0V_25C.lib                                    
Imported 40 cell types from liberty file.                                       
[INFO] Using SDC file                                                           
'/Users/yanlu/Documents/TR-1um/flow/designs/tr1um_uarttx_big/runs/triage-f24-aff
ected/06-yosys-synthesis/synthesis.abc.sdc' for ABC…                            
                                                                                
2. Executing Verilog-2005 frontend:                                             
/Users/yanlu/Documents/TR-1um/flow/designs/tr1um_uarttx_big/src/tr1um_uarttx_big
.v                                                                              
Parsing SystemVerilog input from                                                
`/Users/yanlu/Documents/TR-1um/flow/designs/tr1um_uarttx_big/src/tr1um_uarttx_bi
g.v' to AST representation.                                                     
Storing AST representation for module `$abstract\tr1um_uarttx_big'.             
Successfully finished Verilog frontend.                                         
                                                                                
3. Executing HIERARCHY pass (managing design hierarchy).                        
                                                                                
4. Executing AST frontend in derive mode using pre-parsed AST for module        
`\tr1um_uarttx_big'.                                                            
Generating RTLIL representation for module `\tr1um_uarttx_big'.                 
                                                                                
4.1. Analyzing design hierarchy..                                               
Top module:  \tr1um_uarttx_big                                                  
                                                                                
4.2. Analyzing design hierarchy..                                               
Top module:  \tr1um_uarttx_big                                                  
Removing unused module `$abstract\tr1um_uarttx_big'.                            
Removed 1 unused modules.                                                       
Renaming module tr1um_uarttx_big to tr1um_uarttx_big.                           
                                                                                
5. Executing ATTRMAP pass (move or copy attributes).                            
                                                                                
6. Executing HIERARCHY pass (managing design hierarchy).                        
                                                                                
6.1. Analyzing design hierarchy..                                               
Top module:  \tr1um_uarttx_big                                                  
                                                                                
6.2. Analyzing design hierarchy..                                               
Top module:  \tr1um_uarttx_big                                                  
Removed 0 unused modules.                                                       
                                                                                
7. Executing PROC_CLEAN pass (remove empty switches from decision trees).       
Cleaned up 0 empty switches.                                                    
                                                                                
8. Executing PROC_RMDEAD pass (remove dead branches from decision trees).       
Marked 1 switch rules as full_case in process                                   
$proc$/Users/yanlu/Documents/TR-1um/flow/designs/tr1um_uarttx_big/src/tr1um_uart
tx_big.v:82$3 in module tr1um_uarttx_big.                                       
Marked 1 switch rules as full_case in process                                   
$proc$/Users/yanlu/Documents/TR-1um/flow/designs/tr1um_uarttx_big/src/tr1um_uart
tx_big.v:56$2 in module tr1um_uarttx_big.                                       
Marked 1 switch rules as full_case in process                                   
$proc$/Users/yanlu/Documents/TR-1um/flow/designs/tr1um_uarttx_big/src/tr1um_uart
tx_big.v:23$1 in module tr1um_uarttx_big.                                       
Removed a total of 0 dead cases.                                                
                                                                                
9. Executing PROC_PRUNE pass (remove redundant assignments in processes).       
Removed 1 redundant assignment.                                                 
Promoted 2 assignments to connections.                                          
                                                                                
10. Executing PROC_INIT pass (extract init attributes).                         
                                                                                
11. Executing PROC_ARST pass (detect async resets in processes).                
Found async reset \inactive_reset in                                            
`\tr1um_uarttx_big.$proc$/Users/yanlu/Documents/TR-1um/flow/designs/tr1um_uarttx
_big/src/tr1um_uarttx_big.v:82$3'.                                              
                                                                                
12. Executing PROC_ROM pass (convert switches to ROMs).                         
Converted 1 switch.                                                             
<suppressed ~1 debug messages>                                                  
                                                                                
13. Executing PROC_MUX pass (convert decision trees to multiplexers).           
Creating decoders for process                                                   
`\tr1um_uarttx_big.$proc$/Users/yanlu/Documents/TR-1um/flow/designs/tr1um_uarttx
_big/src/tr1um_uarttx_big.v:82$3'.                                              
     1/1: $0\phase[15:0]                                                        
Creating decoders for process                                                   
`\tr1um_uarttx_big.$proc$/Users/yanlu/Documents/TR-1um/flow/designs/tr1um_uarttx
_big/src/tr1um_uarttx_big.v:56$2'.                                              
     1/1: $1\tx[0:0]                                                            
Creating decoders for process                                                   
`\tr1um_uarttx_big.$proc$/Users/yanlu/Documents/TR-1um/flow/designs/tr1um_uarttx
_big/src/tr1um_uarttx_big.v:23$1'.                                              
     1/1: $1\letter[4:0]                                                        
                                                                                
14. Executing PROC_DLATCH pass (convert process syncs to latches).              
No latch inferred for signal `\tr1um_uarttx_big.\tx' from process               
`\tr1um_uarttx_big.$proc$/Users/yanlu/Documents/TR-1um/flow/designs/tr1um_uarttx
_big/src/tr1um_uarttx_big.v:56$2'.                                              
No latch inferred for signal `\tr1um_uarttx_big.\letter' from process           
`\tr1um_uarttx_big.$proc$/Users/yanlu/Documents/TR-1um/flow/designs/tr1um_uarttx
_big/src/tr1um_uarttx_big.v:23$1'.                                              
                                                                                
15. Executing PROC_DFF pass (convert process syncs to FFs).                     
Creating register for signal `\tr1um_uarttx_big.\phase' using process           
`\tr1um_uarttx_big.$proc$/Users/yanlu/Documents/TR-1um/flow/designs/tr1um_uarttx
_big/src/tr1um_uarttx_big.v:82$3'.                                              
  created $adff cell `$procdff$22' with positive edge clock and positive level  
reset.                                                                          
                                                                                
16. Executing PROC_MEMWR pass (convert process memory writes to cells).         
                                                                                
17. Executing PROC_CLEAN pass (remove empty switches from decision trees).      
Removing empty process                                                          
`tr1um_uarttx_big.$proc$/Users/yanlu/Documents/TR-1um/flow/designs/tr1um_uarttx_
big/src/tr1um_uarttx_big.v:82$3'.                                               
Found and cleaned up 1 empty switch in                                          
`\tr1um_uarttx_big.$proc$/Users/yanlu/Documents/TR-1um/flow/designs/tr1um_uarttx
_big/src/tr1um_uarttx_big.v:56$2'.                                              
Removing empty process                                                          
`tr1um_uarttx_big.$proc$/Users/yanlu/Documents/TR-1um/flow/designs/tr1um_uarttx_
big/src/tr1um_uarttx_big.v:56$2'.                                               
Found and cleaned up 1 empty switch in                                          
`\tr1um_uarttx_big.$proc$/Users/yanlu/Documents/TR-1um/flow/designs/tr1um_uarttx
_big/src/tr1um_uarttx_big.v:23$1'.                                              
Removing empty process                                                          
`tr1um_uarttx_big.$proc$/Users/yanlu/Documents/TR-1um/flow/designs/tr1um_uarttx_
big/src/tr1um_uarttx_big.v:23$1'.                                               
Cleaned up 2 empty switches.                                                    
                                                                                
18. Executing CHECK pass (checking for obvious problems).                       
Checking module tr1um_uarttx_big...                                             
Found and reported 0 problems.                                                  
                                                                                
19. Executing OPT_EXPR pass (perform const folding).                            
Optimizing module tr1um_uarttx_big.                                             
<suppressed ~2 debug messages>                                                  
                                                                                
20. Executing FLATTEN pass (flatten design).                                    
                                                                                
21. Executing OPT_EXPR pass (perform const folding).                            
Optimizing module tr1um_uarttx_big.                                             
                                                                                
22. Executing OPT_CLEAN pass (remove unused cells and wires).                   
Finding unused cells or wires in module \tr1um_uarttx_big..                     
Removed 0 unused cells and 8 unused wires.                                      
<suppressed ~1 debug messages>                                                  
                                                                                
23. Executing OPT_EXPR pass (perform const folding).                            
Optimizing module tr1um_uarttx_big.                                             
                                                                                
24. Executing OPT_MERGE pass (detect identical cells).                          
Finding identical cells in module `\tr1um_uarttx_big'.                          
Computing hashes of 14 cells of `\tr1um_uarttx_big'.                            
Finding duplicate cells in `\tr1um_uarttx_big'.                                 
Removed a total of 0 cells.                                                     
                                                                                
25. Executing OPT_MUXTREE pass (detect dead branches in mux trees).             
Running muxtree optimizer on module \tr1um_uarttx_big..                         
  Creating internal representation of mux trees.                                
  Evaluating internal representation of mux trees.                              
  Analyzing evaluation results.                                                 
Removed 0 multiplexer ports.                                                    
<suppressed ~2 debug messages>                                                  
                                                                                
26. Executing OPT_REDUCE pass (consolidate $*mux and $reduce_* inputs).         
  Optimizing cells in module \tr1um_uarttx_big.                                 
    New ctrl vector for $pmux cell $procmux$10: { $procmux$17_CMP               
$procmux$16_CMP $procmux$15_CMP $procmux$14_CMP $procmux$13_CMP                 
$auto$opt_reduce.cc:137:opt_pmux$24 }                                           
  Optimizing cells in module \tr1um_uarttx_big.                                 
Performed a total of 1 changes.                                                 
                                                                                
27. Executing OPT_MERGE pass (detect identical cells).                          
Finding identical cells in module `\tr1um_uarttx_big'.                          
Computing hashes of 15 cells of `\tr1um_uarttx_big'.                            
Finding duplicate cells in `\tr1um_uarttx_big'.                                 
Removed a total of 0 cells.                                                     
                                                                                
28. Executing OPT_DFF pass (perform DFF optimizations).                         
                                                                                
29. Executing OPT_CLEAN pass (remove unused cells and wires).                   
Finding unused cells or wires in module \tr1um_uarttx_big..                     
                                                                                
30. Executing OPT_EXPR pass (perform const folding).                            
Optimizing module tr1um_uarttx_big.                                             
                                                                                
31. Rerunning OPT passes. (Maybe there is more to do…)                          
                                                                                
32. Executing OPT_MUXTREE pass (detect dead branches in mux trees).             
Running muxtree optimizer on module \tr1um_uarttx_big..                         
  Creating internal representation of mux trees.                                
  Evaluating internal representation of mux trees.                              
  Analyzing evaluation results.                                                 
Removed 0 multiplexer ports.                                                    
<suppressed ~2 debug messages>                                                  
                                                                                
33. Executing OPT_REDUCE pass (consolidate $*mux and $reduce_* inputs).         
  Optimizing cells in module \tr1um_uarttx_big.                                 
Performed a total of 0 changes.                                                 
                                                                                
34. Executing OPT_MERGE pass (detect identical cells).                          
Finding identical cells in module `\tr1um_uarttx_big'.                          
Computing hashes of 15 cells of `\tr1um_uarttx_big'.                            
Finding duplicate cells in `\tr1um_uarttx_big'.                                 
Removed a total of 0 cells.                                                     
                                                                                
35. Executing OPT_DFF pass (perform DFF optimizations).                         
                                                                                
36. Executing OPT_CLEAN pass (remove unused cells and wires).                   
Finding unused cells or wires in module \tr1um_uarttx_big..                     
                                                                                
37. Executing OPT_EXPR pass (perform const folding).                            
Optimizing module tr1um_uarttx_big.                                             
                                                                                
38. Executing FSM pass (extract and optimize FSM).                              
                                                                                
38.1. Executing FSM_DETECT pass (finding FSMs in design).                       
                                                                                
38.2. Executing FSM_EXTRACT pass (extracting FSM from design).                  
                                                                                
38.3. Executing FSM_OPT pass (simple optimizations of FSMs).                    
                                                                                
38.4. Executing OPT_CLEAN pass (remove unused cells and wires).                 
Finding unused cells or wires in module \tr1um_uarttx_big..                     
                                                                                
38.5. Executing FSM_OPT pass (simple optimizations of FSMs).                    
                                                                                
38.6. Executing FSM_RECODE pass (re-assigning FSM state encoding).              
                                                                                
38.7. Executing FSM_INFO pass (dumping all available information on FSM cells). 
                                                                                
38.8. Executing FSM_MAP pass (mapping FSMs to basic logic).                     
                                                                                
39. Executing OPT_EXPR pass (perform const folding).                            
Optimizing module tr1um_uarttx_big.                                             
                                                                                
40. Executing OPT_MERGE pass (detect identical cells).                          
Finding identical cells in module `\tr1um_uarttx_big'.                          
Computing hashes of 15 cells of `\tr1um_uarttx_big'.                            
Finding duplicate cells in `\tr1um_uarttx_big'.                                 
Removed a total of 0 cells.                                                     
                                                                                
41. Executing OPT_MUXTREE pass (detect dead branches in mux trees).             
Running muxtree optimizer on module \tr1um_uarttx_big..                         
  Creating internal representation of mux trees.                                
  Evaluating internal representation of mux trees.                              
  Analyzing evaluation results.                                                 
Removed 0 multiplexer ports.                                                    
<suppressed ~2 debug messages>                                                  
                                                                                
42. Executing OPT_REDUCE pass (consolidate $*mux and $reduce_* inputs).         
  Optimizing cells in module \tr1um_uarttx_big.                                 
Performed a total of 0 changes.                                                 
                                                                                
43. Executing OPT_MERGE pass (detect identical cells).                          
Finding identical cells in module `\tr1um_uarttx_big'.                          
Computing hashes of 15 cells of `\tr1um_uarttx_big'.                            
Finding duplicate cells in `\tr1um_uarttx_big'.                                 
Removed a total of 0 cells.                                                     
                                                                                
44. Executing OPT_DFF pass (perform DFF optimizations).                         
                                                                                
45. Executing OPT_CLEAN pass (remove unused cells and wires).                   
Finding unused cells or wires in module \tr1um_uarttx_big..                     
                                                                                
46. Executing OPT_EXPR pass (perform const folding).                            
Optimizing module tr1um_uarttx_big.                                             
                                                                                
47. Executing WREDUCE pass (reducing word size of cells).                       
Removed top 27 address bits (of 32) from memory init port                       
tr1um_uarttx_big.$auto$mem.cc:351:emit$8 ($auto$proc_rom.cc:155:do_switch$6).   
Removed top 15 bits (of 16) from port B of cell                                 
tr1um_uarttx_big.$add$/Users/yanlu/Documents/TR-1um/flow/designs/tr1um_uarttx_bi
g/src/tr1um_uarttx_big.v:86$4 ($add).                                           
Removed top 1 bits (of 4) from port B of cell tr1um_uarttx_big.$procmux$12_CMP0 
($eq).                                                                          
Removed top 1 bits (of 4) from port B of cell tr1um_uarttx_big.$procmux$13_CMP0 
($eq).                                                                          
Removed top 1 bits (of 4) from port B of cell tr1um_uarttx_big.$procmux$14_CMP0 
($eq).                                                                          
Removed top 2 bits (of 4) from port B of cell tr1um_uarttx_big.$procmux$15_CMP0 
($eq).                                                                          
Removed top 2 bits (of 4) from port B of cell tr1um_uarttx_big.$procmux$16_CMP0 
($eq).                                                                          
Removed top 3 bits (of 4) from port B of cell tr1um_uarttx_big.$procmux$17_CMP0 
($eq).                                                                          
                                                                                
48. Executing PEEPOPT pass (run peephole optimizers).                           
                                                                                
49. Executing OPT_CLEAN pass (remove unused cells and wires).                   
Finding unused cells or wires in module \tr1um_uarttx_big..                     
                                                                                
50. Executing ALUMACC pass (create $alu and $macc cells).                       
Extracting $alu and $macc cells in module tr1um_uarttx_big:                     
  creating $macc model for                                                      
$add$/Users/yanlu/Documents/TR-1um/flow/designs/tr1um_uarttx_big/src/tr1um_uartt
x_big.v:86$4 ($add).                                                            
  creating $alu model for $macc                                                 
$add$/Users/yanlu/Documents/TR-1um/flow/designs/tr1um_uarttx_big/src/tr1um_uartt
x_big.v:86$4.                                                                   
  creating $alu cell for                                                        
$add$/Users/yanlu/Documents/TR-1um/flow/designs/tr1um_uarttx_big/src/tr1um_uartt
x_big.v:86$4: $auto$alumacc.cc:512:replace_alu$25                               
  created 1 $alu and 0 $macc cells.                                             
                                                                                
51. Executing SHARE pass (SAT-based resource sharing).                          
                                                                                
52. Executing OPT_EXPR pass (perform const folding).                            
Optimizing module tr1um_uarttx_big.                                             
                                                                                
53. Executing OPT_MERGE pass (detect identical cells).                          
Finding identical cells in module `\tr1um_uarttx_big'.                          
Computing hashes of 15 cells of `\tr1um_uarttx_big'.                            
Finding duplicate cells in `\tr1um_uarttx_big'.                                 
Removed a total of 0 cells.                                                     
                                                                                
54. Executing OPT_MUXTREE pass (detect dead branches in mux trees).             
Running muxtree optimizer on module \tr1um_uarttx_big..                         
  Creating internal representation of mux trees.                                
  Evaluating internal representation of mux trees.                              
  Analyzing evaluation results.                                                 
Removed 0 multiplexer ports.                                                    
<suppressed ~2 debug messages>                                                  
                                                                                
55. Executing OPT_REDUCE pass (consolidate $*mux and $reduce_* inputs).         
  Optimizing cells in module \tr1um_uarttx_big.                                 
Performed a total of 0 changes.                                                 
                                                                                
56. Executing OPT_MERGE pass (detect identical cells).                          
Finding identical cells in module `\tr1um_uarttx_big'.                          
Computing hashes of 15 cells of `\tr1um_uarttx_big'.                            
Finding duplicate cells in `\tr1um_uarttx_big'.                                 
Removed a total of 0 cells.                                                     
                                                                                
57. Executing OPT_DFF pass (perform DFF optimizations).                         
                                                                                
58. Executing OPT_CLEAN pass (remove unused cells and wires).                   
Finding unused cells or wires in module \tr1um_uarttx_big..                     
                                                                                
59. Executing OPT_EXPR pass (perform const folding).                            
Optimizing module tr1um_uarttx_big.                                             
                                                                                
60. Executing MEMORY pass.                                                      
                                                                                
60.1. Executing OPT_MEM pass (optimize memories).                               
Performed a total of 0 transformations.                                         
                                                                                
60.2. Executing OPT_MEM_PRIORITY pass (removing unnecessary memory write        
priority relations).                                                            
Performed a total of 0 transformations.                                         
                                                                                
60.3. Executing OPT_MEM_FEEDBACK pass (finding memory read-to-write feedback    
paths).                                                                         
                                                                                
60.4. Executing MEMORY_BMUX2ROM pass (converting muxes to ROMs).                
                                                                                
60.5. Executing MEMORY_DFF pass (merging $dff cells to $memrd).                 
Checking read port `$auto$proc_rom.cc:155:do_switch$6'[0] in module             
`\tr1um_uarttx_big': no output FF found.                                        
Checking read port address `$auto$proc_rom.cc:155:do_switch$6'[0] in module     
`\tr1um_uarttx_big': address FF has async set and/or reset, not supported.      
                                                                                
60.6. Executing OPT_CLEAN pass (remove unused cells and wires).                 
Finding unused cells or wires in module \tr1um_uarttx_big..                     
                                                                                
60.7. Executing MEMORY_SHARE pass (consolidating $memrd/$memwr cells).          
                                                                                
60.8. Executing OPT_MEM_WIDEN pass (optimize memories where all ports are wide).
Performed a total of 0 transformations.                                         
                                                                                
60.9. Executing OPT_CLEAN pass (remove unused cells and wires).                 
Finding unused cells or wires in module \tr1um_uarttx_big..                     
                                                                                
60.10. Executing MEMORY_COLLECT pass (generating $mem cells).                   
                                                                                
61. Executing OPT_CLEAN pass (remove unused cells and wires).                   
Finding unused cells or wires in module \tr1um_uarttx_big..                     
                                                                                
62. Executing OPT_EXPR pass (perform const folding).                            
Optimizing module tr1um_uarttx_big.                                             
                                                                                
63. Executing OPT_MERGE pass (detect identical cells).                          
Finding identical cells in module `\tr1um_uarttx_big'.                          
Computing hashes of 14 cells of `\tr1um_uarttx_big'.                            
Finding duplicate cells in `\tr1um_uarttx_big'.                                 
Removed a total of 0 cells.                                                     
                                                                                
64. Executing OPT_DFF pass (perform DFF optimizations).                         
                                                                                
65. Executing OPT_CLEAN pass (remove unused cells and wires).                   
Finding unused cells or wires in module \tr1um_uarttx_big..                     
                                                                                
66. Executing MEMORY_MAP pass (converting memories to logic and flip-flops).    
Mapping memory $auto$proc_rom.cc:155:do_switch$6 in module \tr1um_uarttx_big:   
  created 32 $dff cells and 0 static cells of width 5.                          
  read interface: 0 $dff and 31 $mux cells.                                     
  write interface: 0 write mux blocks.                                          
                                                                                
67. Executing OPT_EXPR pass (perform const folding).                            
Optimizing module tr1um_uarttx_big.                                             
<suppressed ~7 debug messages>                                                  
                                                                                
68. Executing OPT_MERGE pass (detect identical cells).                          
Finding identical cells in module `\tr1um_uarttx_big'.                          
Computing hashes of 37 cells of `\tr1um_uarttx_big'.                            
Finding duplicate cells in `\tr1um_uarttx_big'.                                 
Removed a total of 0 cells.                                                     
                                                                                
69. Executing OPT_MUXTREE pass (detect dead branches in mux trees).             
Running muxtree optimizer on module \tr1um_uarttx_big..                         
  Creating internal representation of mux trees.                                
  Evaluating internal representation of mux trees.                              
  Analyzing evaluation results.                                                 
Removed 0 multiplexer ports.                                                    
<suppressed ~122 debug messages>                                                
                                                                                
70. Executing OPT_REDUCE pass (consolidate $*mux and $reduce_* inputs).         
  Optimizing cells in module \tr1um_uarttx_big.                                 
    Consolidated identical input bits for $mux cell                             
$memory$auto$proc_rom.cc:155:do_switch$6$rdmux[0][4][7]$96:                     
      Old ports: A=5'01011, B=5'00100,                                          
Y=$memory$auto$proc_rom.cc:155:do_switch$6$rdmux[0][3][3]$b$62                  
      New ports: A=2'01, B=2'10, Y={                                            
$memory$auto$proc_rom.cc:155:do_switch$6$rdmux[0][3][3]$b$62 [2]                
$memory$auto$proc_rom.cc:155:do_switch$6$rdmux[0][3][3]$b$62 [0] }              
      New connections: {                                                        
$memory$auto$proc_rom.cc:155:do_switch$6$rdmux[0][3][3]$b$62 [4:3]              
$memory$auto$proc_rom.cc:155:do_switch$6$rdmux[0][3][3]$b$62 [1] } = { 1'0      
$memory$auto$proc_rom.cc:155:do_switch$6$rdmux[0][3][3]$b$62 [0]                
$memory$auto$proc_rom.cc:155:do_switch$6$rdmux[0][3][3]$b$62 [0] }              
    Consolidated identical input bits for $mux cell                             
$memory$auto$proc_rom.cc:155:do_switch$6$rdmux[0][4][6]$93:                     
      Old ports: A=5'00000, B=5'00011,                                          
Y=$memory$auto$proc_rom.cc:155:do_switch$6$rdmux[0][3][3]$a$61                  
      New ports: A=1'0, B=1'1,                                                  
Y=$memory$auto$proc_rom.cc:155:do_switch$6$rdmux[0][3][3]$a$61 [0]              
      New connections:                                                          
$memory$auto$proc_rom.cc:155:do_switch$6$rdmux[0][3][3]$a$61 [4:1] = { 3'000    
$memory$auto$proc_rom.cc:155:do_switch$6$rdmux[0][3][3]$a$61 [0] }              
    Consolidated identical input bits for $mux cell                             
$memory$auto$proc_rom.cc:155:do_switch$6$rdmux[0][4][5]$90:                     
      Old ports: A=5'11001, B=5'00111,                                          
Y=$memory$auto$proc_rom.cc:155:do_switch$6$rdmux[0][3][2]$b$59                  
      New ports: A=2'10, B=2'01, Y={                                            
$memory$auto$proc_rom.cc:155:do_switch$6$rdmux[0][3][2]$b$59 [3]                
$memory$auto$proc_rom.cc:155:do_switch$6$rdmux[0][3][2]$b$59 [1] }              
      New connections: {                                                        
$memory$auto$proc_rom.cc:155:do_switch$6$rdmux[0][3][2]$b$59 [4]                
$memory$auto$proc_rom.cc:155:do_switch$6$rdmux[0][3][2]$b$59 [2]                
$memory$auto$proc_rom.cc:155:do_switch$6$rdmux[0][3][2]$b$59 [0] } = {          
$memory$auto$proc_rom.cc:155:do_switch$6$rdmux[0][3][2]$b$59 [3]                
$memory$auto$proc_rom.cc:155:do_switch$6$rdmux[0][3][2]$b$59 [1] 1'1 }          
    Consolidated identical input bits for $mux cell                             
$memory$auto$proc_rom.cc:155:do_switch$6$rdmux[0][4][4]$87:                     
      Old ports: A=5'00011, B=5'00000,                                          
Y=$memory$auto$proc_rom.cc:155:do_switch$6$rdmux[0][3][2]$a$58                  
      New ports: A=1'1, B=1'0,                                                  
Y=$memory$auto$proc_rom.cc:155:do_switch$6$rdmux[0][3][2]$a$58 [0]              
      New connections:                                                          
$memory$auto$proc_rom.cc:155:do_switch$6$rdmux[0][3][2]$a$58 [4:1] = { 3'000    
$memory$auto$proc_rom.cc:155:do_switch$6$rdmux[0][3][2]$a$58 [0] }              
    Consolidated identical input bits for $mux cell                             
$memory$auto$proc_rom.cc:155:do_switch$6$rdmux[0][4][3]$84:                     
      Old ports: A=5'10100, B=5'01001,                                          
Y=$memory$auto$proc_rom.cc:155:do_switch$6$rdmux[0][3][1]$b$56                  
      New ports: A=2'10, B=2'01, Y={                                            
$memory$auto$proc_rom.cc:155:do_switch$6$rdmux[0][3][1]$b$56 [2]                
$memory$auto$proc_rom.cc:155:do_switch$6$rdmux[0][3][1]$b$56 [0] }              
      New connections: {                                                        
$memory$auto$proc_rom.cc:155:do_switch$6$rdmux[0][3][1]$b$56 [4:3]              
$memory$auto$proc_rom.cc:155:do_switch$6$rdmux[0][3][1]$b$56 [1] } = {          
$memory$auto$proc_rom.cc:155:do_switch$6$rdmux[0][3][1]$b$56 [2]                
$memory$auto$proc_rom.cc:155:do_switch$6$rdmux[0][3][1]$b$56 [0] 1'0 }          
    Consolidated identical input bits for $mux cell                             
$memory$auto$proc_rom.cc:155:do_switch$6$rdmux[0][4][2]$81:                     
      Old ports: A=5'01001, B=5'01111,                                          
Y=$memory$auto$proc_rom.cc:155:do_switch$6$rdmux[0][3][1]$a$55                  
      New ports: A=1'0, B=1'1,                                                  
Y=$memory$auto$proc_rom.cc:155:do_switch$6$rdmux[0][3][1]$a$55 [1]              
      New connections: {                                                        
$memory$auto$proc_rom.cc:155:do_switch$6$rdmux[0][3][1]$a$55 [4:2]              
$memory$auto$proc_rom.cc:155:do_switch$6$rdmux[0][3][1]$a$55 [0] } = { 2'01     
$memory$auto$proc_rom.cc:155:do_switch$6$rdmux[0][3][1]$a$55 [1] 1'1 }          
    Consolidated identical input bits for $mux cell                             
$memory$auto$proc_rom.cc:155:do_switch$6$rdmux[0][4][1]$78:                     
      Old ports: A=5'01101, B=5'00010,                                          
Y=$memory$auto$proc_rom.cc:155:do_switch$6$rdmux[0][3][0]$b$53                  
      New ports: A=2'01, B=2'10,                                                
Y=$memory$auto$proc_rom.cc:155:do_switch$6$rdmux[0][3][0]$b$53 [1:0]            
      New connections:                                                          
$memory$auto$proc_rom.cc:155:do_switch$6$rdmux[0][3][0]$b$53 [4:2] = { 1'0      
$memory$auto$proc_rom.cc:155:do_switch$6$rdmux[0][3][0]$b$53 [0]                
$memory$auto$proc_rom.cc:155:do_switch$6$rdmux[0][3][0]$b$53 [0] }              
    Consolidated identical input bits for $mux cell                             
$memory$auto$proc_rom.cc:155:do_switch$6$rdmux[0][4][0]$75:                     
      Old ports: A=5'10011, B=5'11001,                                          
Y=$memory$auto$proc_rom.cc:155:do_switch$6$rdmux[0][3][0]$a$52                  
      New ports: A=2'01, B=2'10, Y={                                            
$memory$auto$proc_rom.cc:155:do_switch$6$rdmux[0][3][0]$a$52 [3]                
$memory$auto$proc_rom.cc:155:do_switch$6$rdmux[0][3][0]$a$52 [1] }              
      New connections: {                                                        
$memory$auto$proc_rom.cc:155:do_switch$6$rdmux[0][3][0]$a$52 [4]                
$memory$auto$proc_rom.cc:155:do_switch$6$rdmux[0][3][0]$a$52 [2]                
$memory$auto$proc_rom.cc:155:do_switch$6$rdmux[0][3][0]$a$52 [0] } = 3'101      
    Consolidated identical input bits for $mux cell                             
$memory$auto$proc_rom.cc:155:do_switch$6$rdmux[0][4][9]$102:                    
      Old ports: A=5'00000, B=5'10010,                                          
Y=$memory$auto$proc_rom.cc:155:do_switch$6$rdmux[0][3][4]$b$65                  
      New ports: A=1'0, B=1'1,                                                  
Y=$memory$auto$proc_rom.cc:155:do_switch$6$rdmux[0][3][4]$b$65 [1]              
      New connections: {                                                        
$memory$auto$proc_rom.cc:155:do_switch$6$rdmux[0][3][4]$b$65 [4:2]              
$memory$auto$proc_rom.cc:155:do_switch$6$rdmux[0][3][4]$b$65 [0] } = {          
$memory$auto$proc_rom.cc:155:do_switch$6$rdmux[0][3][4]$b$65 [1] 3'000 }        
    Consolidated identical input bits for $mux cell                             
$memory$auto$proc_rom.cc:155:do_switch$6$rdmux[0][4][11]$108:                   
      Old ports: A=5'01001, B=5'01110,                                          
Y=$memory$auto$proc_rom.cc:155:do_switch$6$rdmux[0][3][5]$b$68                  
      New ports: A=2'01, B=2'10,                                                
Y=$memory$auto$proc_rom.cc:155:do_switch$6$rdmux[0][3][5]$b$68 [1:0]            
      New connections:                                                          
$memory$auto$proc_rom.cc:155:do_switch$6$rdmux[0][3][5]$b$68 [4:2] = { 2'01     
$memory$auto$proc_rom.cc:155:do_switch$6$rdmux[0][3][5]$b$68 [1] }              
    Consolidated identical input bits for $mux cell                             
$memory$auto$proc_rom.cc:155:do_switch$6$rdmux[0][4][8]$99:                     
      Old ports: A=5'10101, B=5'10010,                                          
Y=$memory$auto$proc_rom.cc:155:do_switch$6$rdmux[0][3][4]$a$64                  
      New ports: A=2'01, B=2'10,                                                
Y=$memory$auto$proc_rom.cc:155:do_switch$6$rdmux[0][3][4]$a$64 [1:0]            
      New connections:                                                          
$memory$auto$proc_rom.cc:155:do_switch$6$rdmux[0][3][4]$a$64 [4:2] = { 2'10     
$memory$auto$proc_rom.cc:155:do_switch$6$rdmux[0][3][4]$a$64 [0] }              
    Consolidated identical input bits for $mux cell                             
$memory$auto$proc_rom.cc:155:do_switch$6$rdmux[0][4][10]$105:                   
      Old ports: A=5'01111, B=5'00010,                                          
Y=$memory$auto$proc_rom.cc:155:do_switch$6$rdmux[0][3][5]$a$67                  
      New ports: A=1'1, B=1'0,                                                  
Y=$memory$auto$proc_rom.cc:155:do_switch$6$rdmux[0][3][5]$a$67 [0]              
      New connections:                                                          
$memory$auto$proc_rom.cc:155:do_switch$6$rdmux[0][3][5]$a$67 [4:1] = { 1'0      
$memory$auto$proc_rom.cc:155:do_switch$6$rdmux[0][3][5]$a$67 [0]                
$memory$auto$proc_rom.cc:155:do_switch$6$rdmux[0][3][5]$a$67 [0] 1'1 }          
  Optimizing cells in module \tr1um_uarttx_big.                                 
    Consolidated identical input bits for $mux cell                             
$memory$auto$proc_rom.cc:155:do_switch$6$rdmux[0][3][5]$66:                     
      Old ports: A=$memory$auto$proc_rom.cc:155:do_switch$6$rdmux[0][3][5]$a$67,
B=$memory$auto$proc_rom.cc:155:do_switch$6$rdmux[0][3][5]$b$68,                 
Y=$memory$auto$proc_rom.cc:155:do_switch$6$rdmux[0][2][2]$b$47                  
      New ports: A={                                                            
$memory$auto$proc_rom.cc:155:do_switch$6$rdmux[0][3][5]$a$67 [0]                
$memory$auto$proc_rom.cc:155:do_switch$6$rdmux[0][3][5]$a$67 [0] 1'1            
$memory$auto$proc_rom.cc:155:do_switch$6$rdmux[0][3][5]$a$67 [0] }, B={ 1'1     
$memory$auto$proc_rom.cc:155:do_switch$6$rdmux[0][3][5]$b$68 [1]                
$memory$auto$proc_rom.cc:155:do_switch$6$rdmux[0][3][5]$b$68 [1:0] },           
Y=$memory$auto$proc_rom.cc:155:do_switch$6$rdmux[0][2][2]$b$47 [3:0]            
      New connections:                                                          
$memory$auto$proc_rom.cc:155:do_switch$6$rdmux[0][2][2]$b$47 [4] = 1'0          
    Consolidated identical input bits for $mux cell                             
$memory$auto$proc_rom.cc:155:do_switch$6$rdmux[0][3][4]$63:                     
      Old ports: A=$memory$auto$proc_rom.cc:155:do_switch$6$rdmux[0][3][4]$a$64,
B=$memory$auto$proc_rom.cc:155:do_switch$6$rdmux[0][3][4]$b$65,                 
Y=$memory$auto$proc_rom.cc:155:do_switch$6$rdmux[0][2][2]$a$46                  
      New ports: A={ 1'1                                                        
$memory$auto$proc_rom.cc:155:do_switch$6$rdmux[0][3][4]$a$64 [1:0] }, B={       
$memory$auto$proc_rom.cc:155:do_switch$6$rdmux[0][3][4]$b$65 [1]                
$memory$auto$proc_rom.cc:155:do_switch$6$rdmux[0][3][4]$b$65 [1] 1'0 }, Y={     
$memory$auto$proc_rom.cc:155:do_switch$6$rdmux[0][2][2]$a$46 [4]                
$memory$auto$proc_rom.cc:155:do_switch$6$rdmux[0][2][2]$a$46 [1:0] }            
      New connections:                                                          
$memory$auto$proc_rom.cc:155:do_switch$6$rdmux[0][2][2]$a$46 [3:2] = { 1'0      
$memory$auto$proc_rom.cc:155:do_switch$6$rdmux[0][2][2]$a$46 [0] }              
    Consolidated identical input bits for $mux cell                             
$memory$auto$proc_rom.cc:155:do_switch$6$rdmux[0][3][3]$60:                     
      Old ports: A=$memory$auto$proc_rom.cc:155:do_switch$6$rdmux[0][3][3]$a$61,
B=$memory$auto$proc_rom.cc:155:do_switch$6$rdmux[0][3][3]$b$62,                 
Y=$memory$auto$proc_rom.cc:155:do_switch$6$rdmux[0][2][1]$b$44                  
      New ports: A={ 2'00                                                       
$memory$auto$proc_rom.cc:155:do_switch$6$rdmux[0][3][3]$a$61 [0] }, B={         
$memory$auto$proc_rom.cc:155:do_switch$6$rdmux[0][3][3]$b$62 [0]                
$memory$auto$proc_rom.cc:155:do_switch$6$rdmux[0][3][3]$b$62 [2]                
$memory$auto$proc_rom.cc:155:do_switch$6$rdmux[0][3][3]$b$62 [0] }, Y={         
$memory$auto$proc_rom.cc:155:do_switch$6$rdmux[0][2][1]$b$44 [3:2]              
$memory$auto$proc_rom.cc:155:do_switch$6$rdmux[0][2][1]$b$44 [0] }              
      New connections: {                                                        
$memory$auto$proc_rom.cc:155:do_switch$6$rdmux[0][2][1]$b$44 [4]                
$memory$auto$proc_rom.cc:155:do_switch$6$rdmux[0][2][1]$b$44 [1] } = { 1'0      
$memory$auto$proc_rom.cc:155:do_switch$6$rdmux[0][2][1]$b$44 [0] }              
    Consolidated identical input bits for $mux cell                             
$memory$auto$proc_rom.cc:155:do_switch$6$rdmux[0][3][2]$57:                     
      Old ports: A=$memory$auto$proc_rom.cc:155:do_switch$6$rdmux[0][3][2]$a$58,
B=$memory$auto$proc_rom.cc:155:do_switch$6$rdmux[0][3][2]$b$59,                 
Y=$memory$auto$proc_rom.cc:155:do_switch$6$rdmux[0][2][1]$a$43                  
      New ports: A={ 2'00                                                       
$memory$auto$proc_rom.cc:155:do_switch$6$rdmux[0][3][2]$a$58 [0]                
$memory$auto$proc_rom.cc:155:do_switch$6$rdmux[0][3][2]$a$58 [0] }, B={         
$memory$auto$proc_rom.cc:155:do_switch$6$rdmux[0][3][2]$b$59 [3]                
$memory$auto$proc_rom.cc:155:do_switch$6$rdmux[0][3][2]$b$59 [1]                
$memory$auto$proc_rom.cc:155:do_switch$6$rdmux[0][3][2]$b$59 [1] 1'1 },         
Y=$memory$auto$proc_rom.cc:155:do_switch$6$rdmux[0][2][1]$a$43 [3:0]            
      New connections:                                                          
$memory$auto$proc_rom.cc:155:do_switch$6$rdmux[0][2][1]$a$43 [4] =              
$memory$auto$proc_rom.cc:155:do_switch$6$rdmux[0][2][1]$a$43 [3]                
    Consolidated identical input bits for $mux cell                             
$memory$auto$proc_rom.cc:155:do_switch$6$rdmux[0][3][1]$54:                     
      Old ports: A=$memory$auto$proc_rom.cc:155:do_switch$6$rdmux[0][3][1]$a$55,
B=$memory$auto$proc_rom.cc:155:do_switch$6$rdmux[0][3][1]$b$56,                 
Y=$memory$auto$proc_rom.cc:155:do_switch$6$rdmux[0][2][0]$b$41                  
      New ports: A={ 1'0                                                        
$memory$auto$proc_rom.cc:155:do_switch$6$rdmux[0][3][1]$a$55 [1]                
$memory$auto$proc_rom.cc:155:do_switch$6$rdmux[0][3][1]$a$55 [1] 1'1 }, B={     
$memory$auto$proc_rom.cc:155:do_switch$6$rdmux[0][3][1]$b$56 [2]                
$memory$auto$proc_rom.cc:155:do_switch$6$rdmux[0][3][1]$b$56 [2] 1'0            
$memory$auto$proc_rom.cc:155:do_switch$6$rdmux[0][3][1]$b$56 [0] }, Y={         
$memory$auto$proc_rom.cc:155:do_switch$6$rdmux[0][2][0]$b$41 [4]                
$memory$auto$proc_rom.cc:155:do_switch$6$rdmux[0][2][0]$b$41 [2:0] }            
      New connections:                                                          
$memory$auto$proc_rom.cc:155:do_switch$6$rdmux[0][2][0]$b$41 [3] =              
$memory$auto$proc_rom.cc:155:do_switch$6$rdmux[0][2][0]$b$41 [0]                
  Optimizing cells in module \tr1um_uarttx_big.                                 
Performed a total of 17 changes.                                                
                                                                                
71. Executing OPT_MERGE pass (detect identical cells).                          
Finding identical cells in module `\tr1um_uarttx_big'.                          
Computing hashes of 37 cells of `\tr1um_uarttx_big'.                            
Finding duplicate cells in `\tr1um_uarttx_big'.                                 
Computing hashes of 29 cells of `\tr1um_uarttx_big'.                            
Finding duplicate cells in `\tr1um_uarttx_big'.                                 
<suppressed ~24 debug messages>                                                 
Removed a total of 8 cells.                                                     
                                                                                
72. Executing OPT_SHARE pass.                                                   
                                                                                
73. Executing OPT_DFF pass (perform DFF optimizations).                         
                                                                                
74. Executing OPT_CLEAN pass (remove unused cells and wires).                   
Finding unused cells or wires in module \tr1um_uarttx_big..                     
Removed 0 unused cells and 47 unused wires.                                     
<suppressed ~1 debug messages>                                                  
                                                                                
75. Executing OPT_EXPR pass (perform const folding).                            
Optimizing module tr1um_uarttx_big.                                             
<suppressed ~2 debug messages>                                                  
                                                                                
76. Rerunning OPT passes. (Maybe there is more to do…)                          
                                                                                
77. Executing OPT_MUXTREE pass (detect dead branches in mux trees).             
Running muxtree optimizer on module \tr1um_uarttx_big..                         
  Creating internal representation of mux trees.                                
  Evaluating internal representation of mux trees.                              
  Analyzing evaluation results.                                                 
Removed 0 multiplexer ports.                                                    
<suppressed ~101 debug messages>                                                
                                                                                
78. Executing OPT_REDUCE pass (consolidate $*mux and $reduce_* inputs).         
  Optimizing cells in module \tr1um_uarttx_big.                                 
Performed a total of 0 changes.                                                 
                                                                                
79. Executing OPT_MERGE pass (detect identical cells).                          
Finding identical cells in module `\tr1um_uarttx_big'.                          
Computing hashes of 28 cells of `\tr1um_uarttx_big'.                            
Finding duplicate cells in `\tr1um_uarttx_big'.                                 
Removed a total of 0 cells.                                                     
                                                                                
80. Executing OPT_SHARE pass.                                                   
                                                                                
81. Executing OPT_DFF pass (perform DFF optimizations).                         
                                                                                
82. Executing OPT_CLEAN pass (remove unused cells and wires).                   
Finding unused cells or wires in module \tr1um_uarttx_big..                     
Removed 0 unused cells and 1 unused wires.                                      
<suppressed ~1 debug messages>                                                  
                                                                                
83. Executing OPT_EXPR pass (perform const folding).                            
Optimizing module tr1um_uarttx_big.                                             
                                                                                
84. Rerunning OPT passes. (Maybe there is more to do…)                          
                                                                                
85. Executing OPT_MUXTREE pass (detect dead branches in mux trees).             
Running muxtree optimizer on module \tr1um_uarttx_big..                         
  Creating internal representation of mux trees.                                
  Evaluating internal representation of mux trees.                              
  Analyzing evaluation results.                                                 
Removed 0 multiplexer ports.                                                    
<suppressed ~101 debug messages>                                                
                                                                                
86. Executing OPT_REDUCE pass (consolidate $*mux and $reduce_* inputs).         
  Optimizing cells in module \tr1um_uarttx_big.                                 
Performed a total of 0 changes.                                                 
                                                                                
87. Executing OPT_MERGE pass (detect identical cells).                          
Finding identical cells in module `\tr1um_uarttx_big'.                          
Computing hashes of 28 cells of `\tr1um_uarttx_big'.                            
Finding duplicate cells in `\tr1um_uarttx_big'.                                 
Removed a total of 0 cells.                                                     
                                                                                
88. Executing OPT_SHARE pass.                                                   
                                                                                
89. Executing OPT_DFF pass (perform DFF optimizations).                         
                                                                                
90. Executing OPT_CLEAN pass (remove unused cells and wires).                   
Finding unused cells or wires in module \tr1um_uarttx_big..                     
                                                                                
91. Executing OPT_EXPR pass (perform const folding).                            
Optimizing module tr1um_uarttx_big.                                             
                                                                                
92. Executing TECHMAP pass (map to technology primitives).                      
                                                                                
92.1. Executing Verilog-2005 frontend:                                          
/nix/store/6s5yppv17pwkdm7m8rsrm6hvpf255c5a-yosys-with-plugins-0.62/bin/../share
/yosys/techmap.v                                                                
Parsing Verilog input from                                                      
`/nix/store/6s5yppv17pwkdm7m8rsrm6hvpf255c5a-yosys-with-plugins-0.62/bin/../shar
e/yosys/techmap.v' to AST representation.                                       
Generating RTLIL representation for module `\_90_simplemap_bool_ops'.           
Generating RTLIL representation for module `\_90_simplemap_reduce_ops'.         
Generating RTLIL representation for module `\_90_simplemap_logic_ops'.          
Generating RTLIL representation for module `\_90_simplemap_compare_ops'.        
Generating RTLIL representation for module `\_90_simplemap_various'.            
Generating RTLIL representation for module `\_90_simplemap_registers'.          
Generating RTLIL representation for module `\_90_shift_ops_shr_shl_sshl_sshr'.  
Generating RTLIL representation for module `\_90_shift_shiftx'.                 
Generating RTLIL representation for module `\_90_fa'.                           
Generating RTLIL representation for module `\_90_lcu_brent_kung'.               
Generating RTLIL representation for module `\_90_alu'.                          
Generating RTLIL representation for module `\_90_macc'.                         
Generating RTLIL representation for module `\_90_alumacc'.                      
Generating RTLIL representation for module `$__div_mod_u'.                      
Generating RTLIL representation for module `$__div_mod_trunc'.                  
Generating RTLIL representation for module `\_90_div'.                          
Generating RTLIL representation for module `\_90_mod'.                          
Generating RTLIL representation for module `$__div_mod_floor'.                  
Generating RTLIL representation for module `\_90_divfloor'.                     
Generating RTLIL representation for module `\_90_modfloor'.                     
Generating RTLIL representation for module `\_90_pow'.                          
Generating RTLIL representation for module `\_90_pmux'.                         
Generating RTLIL representation for module `\_90_demux'.                        
Generating RTLIL representation for module `\_90_lut'.                          
Generating RTLIL representation for module `$connect'.                          
Generating RTLIL representation for module `$input_port'.                       
Successfully finished Verilog frontend.                                         
                                                                                
92.2. Continuing TECHMAP pass.                                                  
Using template $paramod$2af30114e9bd4ccb04dad757b3f0a8f6bf0615b0\_90_alu for    
cells of type $alu.                                                             
Using extmapper simplemap for cells of type $reduce_or.                         
Using extmapper simplemap for cells of type $mux.                               
Using extmapper simplemap for cells of type $eq.                                
Using template $paramod$eaeb96106163dbf82031649d189817109fe07c69\_90_pmux for   
cells of type $pmux.                                                            
Using extmapper simplemap for cells of type $logic_not.                         
Using extmapper simplemap for cells of type $adff.                              
Using extmapper simplemap for cells of type $not.                               
Using extmapper simplemap for cells of type $xor.                               
Using template $paramod\_90_fa\WIDTH=32'00000000000000000000000000010000 for    
cells of type $fa.                                                              
Using template                                                                  
$paramod\_90_lcu_brent_kung\WIDTH=32'00000000000000000000000000010000 for cells 
of type $lcu.                                                                   
Using extmapper simplemap for cells of type $pos.                               
Using extmapper simplemap for cells of type $and.                               
Using extmapper simplemap for cells of type $or.                                
No more expansions possible.                                                    
<suppressed ~356 debug messages>                                                
                                                                                
93. Executing OPT_EXPR pass (perform const folding).                            
Optimizing module tr1um_uarttx_big.                                             
<suppressed ~170 debug messages>                                                
                                                                                
94. Executing OPT_MERGE pass (detect identical cells).                          
Finding identical cells in module `\tr1um_uarttx_big'.                          
Computing hashes of 189 cells of `\tr1um_uarttx_big'.                           
Finding duplicate cells in `\tr1um_uarttx_big'.                                 
Computing hashes of 161 cells of `\tr1um_uarttx_big'.                           
Finding duplicate cells in `\tr1um_uarttx_big'.                                 
Computing hashes of 154 cells of `\tr1um_uarttx_big'.                           
Finding duplicate cells in `\tr1um_uarttx_big'.                                 
<suppressed ~105 debug messages>                                                
Removed a total of 35 cells.                                                    
                                                                                
95. Executing OPT_DFF pass (perform DFF optimizations).                         
                                                                                
96. Executing OPT_CLEAN pass (remove unused cells and wires).                   
Finding unused cells or wires in module \tr1um_uarttx_big..                     
Removed 13 unused cells and 129 unused wires.                                   
<suppressed ~14 debug messages>                                                 
                                                                                
97. Executing OPT_EXPR pass (perform const folding).                            
Optimizing module tr1um_uarttx_big.                                             
<suppressed ~3 debug messages>                                                  
                                                                                
98. Executing OPT_MERGE pass (detect identical cells).                          
Finding identical cells in module `\tr1um_uarttx_big'.                          
Computing hashes of 138 cells of `\tr1um_uarttx_big'.                           
Finding duplicate cells in `\tr1um_uarttx_big'.                                 
Removed a total of 0 cells.                                                     
                                                                                
99. Executing OPT_DFF pass (perform DFF optimizations).                         
                                                                                
100. Executing OPT_CLEAN pass (remove unused cells and wires).                  
Finding unused cells or wires in module \tr1um_uarttx_big..                     
Removed 0 unused cells and 1 unused wires.                                      
<suppressed ~1 debug messages>                                                  
                                                                                
101. Executing ABC pass (technology mapping using ABC).                         
                                                                                
101.1. Extracting gate netlist of module `\tr1um_uarttx_big' to                 
`<abc-temp-dir>/input.blif'..                                                   
                                                                                
101.1.1. Executed ABC.                                                          
Extracted 121 gates and 139 wires to a netlist network with 16 inputs and 17    
outputs.                                                                        
Running ABC script: <abc-temp-dir>/abc.script                                   
ABC: ======== ABC command line "source <abc-temp-dir>/abc.script"               
ABC: + read_blif <abc-temp-dir>/input.blif                                      
ABC: + read_library /tmp/yosys-abc-PuxXAt/stdcells.genlib                       
ABC: + strash                                                                   
ABC: + dretime                                                                  
ABC: + map                                                                      
ABC: + write_blif <abc-temp-dir>/output.blif                                    
                                                                                
101.1.2. Re-integrating ABC results.                                            
ABC RESULTS:               AND cells:       11                                  
ABC RESULTS:            ANDNOT cells:       24                                  
ABC RESULTS:               MUX cells:       20                                  
ABC RESULTS:              NAND cells:        7                                  
ABC RESULTS:               NOR cells:        2                                  
ABC RESULTS:               NOT cells:        5                                  
ABC RESULTS:                OR cells:       20                                  
ABC RESULTS:             ORNOT cells:        5                                  
ABC RESULTS:              XNOR cells:        3                                  
ABC RESULTS:               XOR cells:       14                                  
ABC RESULTS:        internal signals:      106                                  
ABC RESULTS:           input signals:       16                                  
ABC RESULTS:          output signals:       17                                  
Removing temp directory.                                                        
Removing global temp directory.                                                 
                                                                                
102. Executing OPT pass (performing simple optimizations).                      
                                                                                
102.1. Executing OPT_EXPR pass (perform const folding).                         
Optimizing module tr1um_uarttx_big.                                             
<suppressed ~12 debug messages>                                                 
                                                                                
102.2. Executing OPT_MERGE pass (detect identical cells).                       
Finding identical cells in module `\tr1um_uarttx_big'.                          
Computing hashes of 128 cells of `\tr1um_uarttx_big'.                           
Finding duplicate cells in `\tr1um_uarttx_big'.                                 
Removed a total of 0 cells.                                                     
                                                                                
102.3. Executing OPT_DFF pass (perform DFF optimizations).                      
                                                                                
102.4. Executing OPT_CLEAN pass (remove unused cells and wires).                
Finding unused cells or wires in module \tr1um_uarttx_big..                     
Removed 1 unused cells and 82 unused wires.                                     
<suppressed ~3 debug messages>                                                  
                                                                                
102.5. Finished fast OPT passes.                                                
                                                                                
103. Executing HIERARCHY pass (managing design hierarchy).                      
                                                                                
103.1. Analyzing design hierarchy..                                             
Top module:  \tr1um_uarttx_big                                                  
                                                                                
103.2. Analyzing design hierarchy..                                             
Top module:  \tr1um_uarttx_big                                                  
Removed 0 unused modules.                                                       
                                                                                
104. Executing CHECK pass (checking for obvious problems).                      
Checking module tr1um_uarttx_big...                                             
Found and reported 0 problems.                                                  
                                                                                
105. Printing statistics.                                                       
                                                                                
=== tr1um_uarttx_big ===                                                        
                                                                                
        +----------Local Count, excluding submodules.                           
        |                                                                       
      101 wires                                                                 
      146 wire bits                                                             
        6 public wires                                                          
       21 public wire bits                                                      
        4 ports                                                                 
        4 port bits                                                             
      127 cells                                                                 
       24   $_ANDNOT_                                                           
       11   $_AND_                                                              
       16   $_DFF_PP0_                                                          
       20   $_MUX_                                                              
        7   $_NAND_                                                             
        2   $_NOR_                                                              
        4   $_NOT_                                                              
        5   $_ORNOT_                                                            
       20   $_OR_                                                               
        3   $_XNOR_                                                             
       14   $_XOR_                                                              
        1   TIELO                                                               
                                                                                
106. Executing OPT pass (performing simple optimizations).                      
                                                                                
106.1. Executing OPT_EXPR pass (perform const folding).                         
Optimizing module tr1um_uarttx_big.                                             
                                                                                
106.2. Executing OPT_MERGE pass (detect identical cells).                       
Finding identical cells in module `\tr1um_uarttx_big'.                          
Computing hashes of 127 cells of `\tr1um_uarttx_big'.                           
Finding duplicate cells in `\tr1um_uarttx_big'.                                 
Removed a total of 0 cells.                                                     
                                                                                
106.3. Executing OPT_MUXTREE pass (detect dead branches in mux trees).          
Running muxtree optimizer on module \tr1um_uarttx_big..                         
  Creating internal representation of mux trees.                                
  No muxes found in this module.                                                
Removed 0 multiplexer ports.                                                    
                                                                                
106.4. Executing OPT_REDUCE pass (consolidate $*mux and $reduce_* inputs).      
  Optimizing cells in module \tr1um_uarttx_big.                                 
Performed a total of 0 changes.                                                 
                                                                                
106.5. Executing OPT_MERGE pass (detect identical cells).                       
Finding identical cells in module `\tr1um_uarttx_big'.                          
Computing hashes of 127 cells of `\tr1um_uarttx_big'.                           
Finding duplicate cells in `\tr1um_uarttx_big'.                                 
Removed a total of 0 cells.                                                     
                                                                                
106.6. Executing OPT_DFF pass (perform DFF optimizations).                      
                                                                                
106.7. Executing OPT_CLEAN pass (remove unused cells and wires).                
Finding unused cells or wires in module \tr1um_uarttx_big..                     
                                                                                
106.8. Executing OPT_EXPR pass (perform const folding).                         
Optimizing module tr1um_uarttx_big.                                             
                                                                                
106.9. Finished fast OPT passes. (There is nothing left to do.)                 
                                                                                
107. Executing OPT_CLEAN pass (remove unused cells and wires).                  
Finding unused cells or wires in module \tr1um_uarttx_big..                     
{                                                                               
   "creator": "Yosys 0.62 (git sha1 7326bb7d6641500ecb285c291a54a662cb1e76cf,   
clang++ 21.1.2 -fPIC -O3)",                                                     
   "invocation": "stat -json -liberty                                           
/Users/yanlu/Documents/TR-1um/flow/designs/tr1um_uarttx_big/runs/triage-f24-affe
cted/tmp/768c43da836e4d049f2ce497dc00a489.lib ",                                
   "modules": {                                                                 
      "\\tr1um_uarttx_big": {                                                   
         "num_wires":         101,                                              
         "num_wire_bits":     146,                                              
         "num_pub_wires":     6,                                                
         "num_pub_wire_bits": 21,                                               
         "num_ports":         4,                                                
         "num_port_bits":     4,                                                
         "num_memories":      0,                                                
         "num_memory_bits":   0,                                                
         "num_processes":     0,                                                
         "num_cells":         127,                                              
         "num_submodules":       0,                                             
         "area":              500.800000,                                       
         "sequential_area":    0.000000,                                        
         "num_cells_by_type": {                                                 
            "$_ANDNOT_": 24,                                                    
            "$_AND_": 11,                                                       
            "$_DFF_PP0_": 16,                                                   
            "$_MUX_": 20,                                                       
            "$_NAND_": 7,                                                       
            "$_NOR_": 2,                                                        
            "$_NOT_": 4,                                                        
            "$_ORNOT_": 5,                                                      
            "$_OR_": 20,                                                        
            "$_XNOR_": 3,                                                       
            "$_XOR_": 14,                                                       
            "TIELO": 1                                                          
         }                                                                      
      }                                                                         
   },                                                                           
      "design": {                                                               
         "num_wires":         101,                                              
         "num_wire_bits":     146,                                              
         "num_pub_wires":     6,                                                
         "num_pub_wire_bits": 21,                                               
         "num_ports":         4,                                                
         "num_port_bits":     4,                                                
         "num_memories":      0,                                                
         "num_memory_bits":   0,                                                
         "num_processes":     0,                                                
         "num_cells":         127,                                              
         "num_submodules":       0,                                             
         "area":              500.800000,                                       
         "sequential_area":    0.000000,                                        
         "num_cells_by_type": {                                                 
            "$_ANDNOT_": 24,                                                    
            "$_AND_": 11,                                                       
            "$_DFF_PP0_": 16,                                                   
            "$_MUX_": 20,                                                       
            "$_NAND_": 7,                                                       
            "$_NOR_": 2,                                                        
            "$_NOT_": 4,                                                        
            "$_ORNOT_": 5,                                                      
            "$_OR_": 20,                                                        
            "$_XNOR_": 3,                                                       
            "$_XOR_": 14,                                                       
            "TIELO": 1                                                          
         }                                                                      
      }                                                                         
}                                                                               
                                                                                
108. Printing statistics.                                                       
                                                                                
=== tr1um_uarttx_big ===                                                        
                                                                                
        +----------Local Count, excluding submodules.                           
        |        +-Local Area, excluding submodules.                            
        |        |                                                              
      101        - wires                                                        
      146        - wire bits                                                    
        6        - public wires                                                 
       21        - public wire bits                                             
        4        - ports                                                        
        4        - port bits                                                    
      127    500.8 cells                                                        
       24        -   $_ANDNOT_                                                  
       11        -   $_AND_                                                     
       16        -   $_DFF_PP0_                                                 
       20        -   $_MUX_                                                     
        7        -   $_NAND_                                                    
        2        -   $_NOR_                                                     
        4        -   $_NOT_                                                     
        5        -   $_ORNOT_                                                   
       20        -   $_OR_                                                      
        3        -   $_XNOR_                                                    
       14        -   $_XOR_                                                     
        1    500.8   TIELO                                                      
                                                                                
   Area for cell type $_ANDNOT_ is unknown!                                     
   Area for cell type $_AND_ is unknown!                                        
   Area for cell type $_DFF_PP0_ is unknown!                                    
   Area for cell type $_MUX_ is unknown!                                        
   Area for cell type $_NAND_ is unknown!                                       
   Area for cell type $_NOR_ is unknown!                                        
   Area for cell type $_NOT_ is unknown!                                        
   Area for cell type $_ORNOT_ is unknown!                                      
   Area for cell type $_OR_ is unknown!                                         
   Area for cell type $_XNOR_ is unknown!                                       
   Area for cell type $_XOR_ is unknown!                                        
                                                                                
   Chip area for module '\tr1um_uarttx_big': 500.800000                         
     of which used for sequential elements: 0.000000 (0.00%)                    
                                                                                
109. Executing DFFLIBMAP pass (mapping DFF cells to sequential cells from       
liberty file).                                                                  
  cell DFFR (noninv, pins=5, area=6297.56) is a direct match for cell type      
$_DFF_PP0_.                                                                     
  cell DFFS (noninv, pins=5, area=6297.56) is a direct match for cell type      
$_DFF_PP1_.                                                                     
  final dff cell mappings:                                                      
    unmapped dff cell: $_DFF_N_                                                 
    unmapped dff cell: $_DFF_P_                                                 
    unmapped dff cell: $_DFF_NN0_                                               
    unmapped dff cell: $_DFF_NN1_                                               
    unmapped dff cell: $_DFF_NP0_                                               
    unmapped dff cell: $_DFF_NP1_                                               
    unmapped dff cell: $_DFF_PN0_                                               
    unmapped dff cell: $_DFF_PN1_                                               
    \DFFR _DFF_PP0_ (.CK( C), .D( D), .Q( Q), .QB(~Q), .RST( R));               
    \DFFS _DFF_PP1_ (.CK( C), .D( D), .Q( Q), .QB(~Q), .SET( R));               
    unmapped dff cell: $_DFFE_NN_                                               
    unmapped dff cell: $_DFFE_NP_                                               
    unmapped dff cell: $_DFFE_PN_                                               
    unmapped dff cell: $_DFFE_PP_                                               
    unmapped dff cell: $_DFFSR_NNN_                                             
    unmapped dff cell: $_DFFSR_NNP_                                             
    unmapped dff cell: $_DFFSR_NPN_                                             
    unmapped dff cell: $_DFFSR_NPP_                                             
    unmapped dff cell: $_DFFSR_PNN_                                             
    unmapped dff cell: $_DFFSR_PNP_                                             
    unmapped dff cell: $_DFFSR_PPN_                                             
    unmapped dff cell: $_DFFSR_PPP_                                             
                                                                                
109.1. Executing DFFLEGALIZE pass (convert FFs to types supported by the        
target).                                                                        
Mapping DFF cells in module `\tr1um_uarttx_big':                                
  mapped 16 $_DFF_PP0_ cells to \DFFR cells.                                    
{                                                                               
   "creator": "Yosys 0.62 (git sha1 7326bb7d6641500ecb285c291a54a662cb1e76cf,   
clang++ 21.1.2 -fPIC -O3)",                                                     
   "invocation": "stat -json -liberty                                           
/Users/yanlu/Documents/TR-1um/flow/designs/tr1um_uarttx_big/runs/triage-f24-affe
cted/tmp/768c43da836e4d049f2ce497dc00a489.lib ",                                
   "modules": {                                                                 
      "\\tr1um_uarttx_big": {                                                   
         "num_wires":         121,                                              
         "num_wire_bits":     166,                                              
         "num_pub_wires":     6,                                                
         "num_pub_wire_bits": 21,                                               
         "num_ports":         4,                                                
         "num_port_bits":     4,                                                
         "num_memories":      0,                                                
         "num_memory_bits":   0,                                                
         "num_processes":     0,                                                
         "num_cells":         127,                                              
         "num_submodules":       0,                                             
         "area":              101261.760000,                                    
         "sequential_area":    100760.960000,                                   
         "num_cells_by_type": {                                                 
            "$_ANDNOT_": 24,                                                    
            "$_AND_": 11,                                                       
            "$_MUX_": 20,                                                       
            "$_NAND_": 7,                                                       
            "$_NOR_": 2,                                                        
            "$_NOT_": 4,                                                        
            "$_ORNOT_": 5,                                                      
            "$_OR_": 20,                                                        
            "$_XNOR_": 3,                                                       
            "$_XOR_": 14,                                                       
            "DFFR": 16,                                                         
            "TIELO": 1                                                          
         }                                                                      
      }                                                                         
   },                                                                           
      "design": {                                                               
         "num_wires":         121,                                              
         "num_wire_bits":     166,                                              
         "num_pub_wires":     6,                                                
         "num_pub_wire_bits": 21,                                               
         "num_ports":         4,                                                
         "num_port_bits":     4,                                                
         "num_memories":      0,                                                
         "num_memory_bits":   0,                                                
         "num_processes":     0,                                                
         "num_cells":         127,                                              
         "num_submodules":       0,                                             
         "area":              101261.760000,                                    
         "sequential_area":    100760.960000,                                   
         "num_cells_by_type": {                                                 
            "$_ANDNOT_": 24,                                                    
            "$_AND_": 11,                                                       
            "$_MUX_": 20,                                                       
            "$_NAND_": 7,                                                       
            "$_NOR_": 2,                                                        
            "$_NOT_": 4,                                                        
            "$_ORNOT_": 5,                                                      
            "$_OR_": 20,                                                        
            "$_XNOR_": 3,                                                       
            "$_XOR_": 14,                                                       
            "DFFR": 16,                                                         
            "TIELO": 1                                                          
         }                                                                      
      }                                                                         
}                                                                               
                                                                                
110. Printing statistics.                                                       
                                                                                
=== tr1um_uarttx_big ===                                                        
                                                                                
        +----------Local Count, excluding submodules.                           
        |        +-Local Area, excluding submodules.                            
        |        |                                                              
      121        - wires                                                        
      166        - wire bits                                                    
        6        - public wires                                                 
       21        - public wire bits                                             
        4        - ports                                                        
        4        - port bits                                                    
      127 1.01E+05 cells                                                        
       24        -   $_ANDNOT_                                                  
       11        -   $_AND_                                                     
       20        -   $_MUX_                                                     
        7        -   $_NAND_                                                    
        2        -   $_NOR_                                                     
        4        -   $_NOT_                                                     
        5        -   $_ORNOT_                                                   
       20        -   $_OR_                                                      
        3        -   $_XNOR_                                                    
       14        -   $_XOR_                                                     
       16 1.01E+05   DFFR                                                       
        1    500.8   TIELO                                                      
                                                                                
   Area for cell type $_ANDNOT_ is unknown!                                     
   Area for cell type $_AND_ is unknown!                                        
   Area for cell type $_MUX_ is unknown!                                        
   Area for cell type $_NAND_ is unknown!                                       
   Area for cell type $_NOR_ is unknown!                                        
   Area for cell type $_NOT_ is unknown!                                        
   Area for cell type $_ORNOT_ is unknown!                                      
   Area for cell type $_OR_ is unknown!                                         
   Area for cell type $_XNOR_ is unknown!                                       
   Area for cell type $_XOR_ is unknown!                                        
                                                                                
   Chip area for module '\tr1um_uarttx_big': 101261.760000                      
     of which used for sequential elements: 100760.960000 (99.51%)              
                                                                                
[INFO] Using generated ABC script                                               
'/Users/yanlu/Documents/TR-1um/flow/designs/tr1um_uarttx_big/runs/triage-f24-aff
ected/06-yosys-synthesis/AREA_0.abc'…                                           
                                                                                
111. Executing ABC pass (technology mapping using ABC).                         
                                                                                
111.1. Extracting gate netlist of module `\tr1um_uarttx_big' to                 
`/tmp/yosys-abc-pVSWar/input.blif'..                                            
                                                                                
111.1.1. Executed ABC.                                                          
Extracted 110 gates and 129 wires to a netlist network with 19 inputs and 16    
outputs.                                                                        
Running ABC script: /tmp/yosys-abc-pVSWar/abc.script                            
ABC: ======== ABC command line "source /tmp/yosys-abc-pVSWar/abc.script"        
ABC: + read_blif /tmp/yosys-abc-pVSWar/input.blif                               
ABC: + read_lib -w                                                              
/Users/yanlu/Documents/TR-1um/flow/designs/tr1um_uarttx_big/runs/triage-f24-affe
cted/tmp/768c43da836e4d049f2ce497dc00a489.lib                                   
ABC: Parsing finished successfully.  Parsing time =     0.00 sec                
ABC: Scl_LibertyReadGenlib() skipped sequential cell "DFFR".                    
ABC: Scl_LibertyReadGenlib() skipped sequential cell "DFFS".                    
ABC: Library "TR-1um_stdcell_typ_5p0V_25C" from                                 
"/Users/yanlu/Documents/TR-1um/flow/designs/tr1um_uarttx_big/runs/triage-f24-aff
ected/tmp/768c43da836e4d049f2ce497dc00a489.lib" has 38 cells (2 skipped: 2 seq; 
0 tri-state; 0 no func; 0 dont_use; 0 with 2 outputs; 0 with 3+ outputs).  Time 
=     0.00 sec                                                                  
ABC: Memory =    0.17 MB. Time =     0.00 sec                                   
ABC: + read_constr -v                                                           
/Users/yanlu/Documents/TR-1um/flow/designs/tr1um_uarttx_big/runs/triage-f24-affe
cted/06-yosys-synthesis/synthesis.abc.sdc                                       
ABC: Setting driving cell to be "BUF_X1/A".                                     
ABC: Setting output load to be 0.500000.                                        
ABC: + source                                                                   
/Users/yanlu/Documents/TR-1um/flow/designs/tr1um_uarttx_big/runs/triage-f24-affe
cted/06-yosys-synthesis/AREA_0.abc                                              
ABC: Error: The network is combinational.                                       
ABC: Cannot find the default PI driving cell (BUF_X1/A) in the library.         
ABC: WireLoad = "none"  Gates =     95 (  7.4 %)   Cap =166.1 ff (  0.0 %)      
Area =   204733.30 (100.0 %)   Delay = 22537.07 ps  (  9.5 %)                   
ABC: Path  0 --       1 : 0    4 pi      A =   0.00  Df =   0.0   -0.0 ps  S =  
0.0 ps  Cin =  0.0 ff  Cout = 382.2 ff  Cmax =   0.0 ff  G =    0               
ABC: Path  1 --      47 : 4    4 AND4_X1 A =2854.56  Df =5467.0-2541.9 ps  S    
=2509.3 ps  Cin = 73.1 ff  Cout = 381.9 ff  Cmax =   0.0 ff  G =  519           
ABC: Path  2 --      53 : 4    4 NAND4   A =2510.26  Df =11061.5-4052.8 ps  S   
=9125.6 ps  Cin = 75.9 ff  Cout = 385.9 ff  Cmax =   0.0 ff  G =  491           
ABC: Path  3 --      60 : 2    3 NOR2    A =1821.66  Df =13489.8-4281.6 ps  S   
=3078.2 ps  Cin = 78.5 ff  Cout = 308.7 ff  Cmax =   0.0 ff  G =  388           
ABC: Path  4 --      62 : 2    2 NAND2   A =1821.66  Df =16082.7-5905.9 ps  S   
=2857.9 ps  Cin = 81.0 ff  Cout = 219.3 ff  Cmax =   0.0 ff  G =  270           
ABC: Path  5 --      67 : 2    3 NOR2    A =1821.66  Df =18503.0-6287.6 ps  S   
=3074.0 ps  Cin = 78.5 ff  Cout = 308.7 ff  Cmax =   0.0 ff  G =  388           
ABC: Path  6 --      74 : 3    1 NAND3   A =2165.96  Df =21663.5-8672.2 ps  S   
=3518.6 ps  Cin = 77.2 ff  Cout = 142.0 ff  Cmax =   0.0 ff  G =  183           
ABC: Path  7 --      75 : 2    1 XNOR2   A =2854.56  Df =22537.1-8307.8 ps  S   
=1041.3 ps  Cin =143.6 ff  Cout =   0.5 ff  Cmax =   0.0 ff  G =    0           
ABC: Start-point = pi0 (\phase [1]).  End-point = po14                          
($auto$alumacc.cc:512:replace_alu$25.Y [15]).                                   
ABC: netlist                       : i/o =   19/   16  lat =    0  nd =    95   
edge =    218  area =204733.30  delay =10.00  lev = 10                          
ABC: + write_blif /tmp/yosys-abc-pVSWar/output.blif                             
                                                                                
111.1.2. Re-integrating ABC results.                                            
ABC RESULTS:           AND2_X1 cells:        2                                  
ABC RESULTS:           AND3_X1 cells:        2                                  
ABC RESULTS:           AND4_X1 cells:        1                                  
ABC RESULTS:            INV_X1 cells:        7                                  
ABC RESULTS:             NAND2 cells:       15                                  
ABC RESULTS:             NAND3 cells:        6                                  
ABC RESULTS:             NAND4 cells:        2                                  
ABC RESULTS:              NOR2 cells:       25                                  
ABC RESULTS:              NOR3 cells:       13                                  
ABC RESULTS:              NOR4 cells:        2                                  
ABC RESULTS:               OR2 cells:        1                                  
ABC RESULTS:               OR3 cells:        2                                  
ABC RESULTS:               OR4 cells:        1                                  
ABC RESULTS:             XNOR2 cells:       11                                  
ABC RESULTS:              XOR2 cells:        5                                  
ABC RESULTS:        internal signals:       94                                  
ABC RESULTS:           input signals:       19                                  
ABC RESULTS:          output signals:       16                                  
Removing temp directory.                                                        
Removing global temp directory.                                                 
                                                                                
112. Executing SETUNDEF pass (replace undef values with defined constants).     
                                                                                
113. Executing HILOMAP pass (mapping to constant drivers).                      
                                                                                
114. Executing SPLITNETS pass (splitting up multi-bit signals).                 
                                                                                
115. Executing OPT_CLEAN pass (remove unused cells and wires).                  
Finding unused cells or wires in module \tr1um_uarttx_big..                     
Removed 0 unused cells and 149 unused wires.                                    
<suppressed ~1 debug messages>                                                  
                                                                                
116. Executing INSBUF pass (insert buffer cells for connected wires).           
                                                                                
117. Executing CHECK pass (checking for obvious problems).                      
Checking module tr1um_uarttx_big...                                             
Found and reported 0 problems.                                                  
{                                                                               
   "creator": "Yosys 0.62 (git sha1 7326bb7d6641500ecb285c291a54a662cb1e76cf,   
clang++ 21.1.2 -fPIC -O3)",                                                     
   "invocation": "stat -json -liberty                                           
/Users/yanlu/Documents/TR-1um/flow/designs/tr1um_uarttx_big/runs/triage-f24-affe
cted/tmp/768c43da836e4d049f2ce497dc00a489.lib ",                                
   "modules": {                                                                 
      "\\tr1um_uarttx_big": {                                                   
         "num_wires":         131,                                              
         "num_wire_bits":     131,                                              
         "num_pub_wires":     21,                                               
         "num_pub_wire_bits": 21,                                               
         "num_ports":         4,                                                
         "num_port_bits":     4,                                                
         "num_memories":      0,                                                
         "num_memory_bits":   0,                                                
         "num_processes":     0,                                                
         "num_cells":         112,                                              
         "num_submodules":       0,                                             
         "area":              305995.060000,                                    
         "sequential_area":    100760.960000,                                   
         "num_cells_by_type": {                                                 
            "AND2_X1": 2,                                                       
            "AND3_X1": 2,                                                       
            "AND4_X1": 1,                                                       
            "DFFR": 16,                                                         
            "INV_X1": 7,                                                        
            "NAND2": 15,                                                        
            "NAND3": 6,                                                         
            "NAND4": 2,                                                         
            "NOR2": 25,                                                         
            "NOR3": 13,                                                         
            "NOR4": 2,                                                          
            "OR2": 1,                                                           
            "OR3": 2,                                                           
            "OR4": 1,                                                           
            "TIELO": 1,                                                         
            "XNOR2": 11,                                                        
            "XOR2": 5                                                           
         }                                                                      
      }                                                                         
   },                                                                           
      "design": {                                                               
         "num_wires":         131,                                              
         "num_wire_bits":     131,                                              
         "num_pub_wires":     21,                                               
         "num_pub_wire_bits": 21,                                               
         "num_ports":         4,                                                
         "num_port_bits":     4,                                                
         "num_memories":      0,                                                
         "num_memory_bits":   0,                                                
         "num_processes":     0,                                                
         "num_cells":         112,                                              
         "num_submodules":       0,                                             
         "area":              305995.060000,                                    
         "sequential_area":    100760.960000,                                   
         "num_cells_by_type": {                                                 
            "AND2_X1": 2,                                                       
            "AND3_X1": 2,                                                       
            "AND4_X1": 1,                                                       
            "DFFR": 16,                                                         
            "INV_X1": 7,                                                        
            "NAND2": 15,                                                        
            "NAND3": 6,                                                         
            "NAND4": 2,                                                         
            "NOR2": 25,                                                         
            "NOR3": 13,                                                         
            "NOR4": 2,                                                          
            "OR2": 1,                                                           
            "OR3": 2,                                                           
            "OR4": 1,                                                           
            "TIELO": 1,                                                         
            "XNOR2": 11,                                                        
            "XOR2": 5                                                           
         }                                                                      
      }                                                                         
}                                                                               
                                                                                
118. Printing statistics.                                                       
                                                                                
=== tr1um_uarttx_big ===                                                        
                                                                                
        +----------Local Count, excluding submodules.                           
        |        +-Local Area, excluding submodules.                            
        |        |                                                              
      131        - wires                                                        
      131        - wire bits                                                    
       21        - public wires                                                 
       21        - public wire bits                                             
        4        - ports                                                        
        4        - port bits                                                    
      112 3.06E+05 cells                                                        
        2  4331.92   AND2_X1                                                    
        2  5020.52   AND3_X1                                                    
        1  2854.56   AND4_X1                                                    
       16 1.01E+05   DFFR                                                       
        7 1.28E+04   INV_X1                                                     
       15  27324.9   NAND2                                                      
        6  1.3E+04   NAND3                                                      
        2  5020.52   NAND4                                                      
       25  45541.5   NOR2                                                       
       13 2.82E+04   NOR3                                                       
        2  5020.52   NOR4                                                       
        1  2165.96   OR2                                                        
        2  5020.52   OR3                                                        
        1  2854.56   OR4                                                        
        1    500.8   TIELO                                                      
       11 3.14E+04   XNOR2                                                      
        5  14272.8   XOR2                                                       
                                                                                
   Chip area for module '\tr1um_uarttx_big': 305995.060000                      
     of which used for sequential elements: 100760.960000 (32.93%)              
                                                                                
119. Executing Verilog backend.                                                 
Dumping module `\tr1um_uarttx_big'.                                             
                                                                                
120. Executing JSON backend.                                                    
[17:22:07] VERBOSE  Parsing synthesis checks…                       pyosys.py:59
[17:22:07] VERBOSE  Parsing synthesis checks…                       pyosys.py:59
──────────────────────────── Unmapped Cells Checker ────────────────────────────
[17:22:07] VERBOSE  Running 'Checker.YosysUnmappedCells' at         step.py:1138
                    'runs/triage-f24-affected/07-checker-yosysunmap             
                    pedcells'…                                                  
[17:22:07] INFO     Check for Unmapped Yosys instances clear.     checker.py:131
────────────────────────────── Yosys Synth Checks ──────────────────────────────
[17:22:07] VERBOSE  Running 'Checker.YosysSynthChecks' at           step.py:1138
                    'runs/triage-f24-affected/08-checker-yosyssynth             
                    checks'…                                                    
[17:22:07] INFO     Check for Yosys check errors clear.           checker.py:131
─────────────────────── Netlist Assign Statement Checker ───────────────────────
[17:22:07] VERBOSE  Running 'Checker.NetlistAssignStatements' at    step.py:1138
                    'runs/triage-f24-affected/09-checker-netlistass             
                    ignstatements'…                                             
─────────────────────────────── Check SDC Files ────────────────────────────────
[17:22:07] VERBOSE  Running 'OpenROAD.CheckSDCFiles' at             step.py:1138
                    'runs/triage-f24-affected/10-openroad-checksdcf             
                    iles'…                                                      
──────────────────────────── Check Macro Instances ─────────────────────────────
[17:22:07] VERBOSE  Running 'OpenROAD.CheckMacroInstances' at       step.py:1138
                    'runs/triage-f24-affected/11-openroad-checkmacr             
                    oinstances'…                                                
[17:22:07] INFO     No macros found, skipping instance check…    openroad.py:692
─────────────────────── Static Timing Analysis (Pre-PnR) ───────────────────────
[17:22:07] VERBOSE  Running 'OpenROAD.STAPrePNR' at                 step.py:1138
                    'runs/triage-f24-affected/12-openroad-staprepnr             
                    '…                                                          
[17:22:07] INFO     Starting STA for the nom_typ_5p0V_25C timing openroad.py:747
                    corner…                                                     
[17:22:07] VERBOSE  Logging subprocess to                           step.py:1338
                    'runs/triage-f24-affected/12-openroad-staprepnr             
                    /nom_typ_5p0V_25C/sta.log'…                                 
[17:22:07] INFO     Finished STA for the nom_typ_5p0V_25C timing openroad.py:762
                    corner.                                                     
┏━━━━━━━━━━━━━━━━━━━━━━┳━━━━┳━━━━┳━━━━┳━━━━┳━━━━┳━━━┳━━━━┳━━━┳━━━━┳━━━┳━━━━┳━━━┓
┃                      ┃    ┃    ┃    ┃    ┃ of ┃   ┃    ┃   ┃    ┃ … ┃    ┃   ┃
┃                      ┃    ┃ R… ┃    ┃    ┃ w… ┃   ┃ R… ┃   ┃    ┃ … ┃    ┃   ┃
┃                      ┃ H… ┃ to ┃    ┃ H… ┃ r… ┃ … ┃ to ┃   ┃ S… ┃ … ┃ M… ┃ … ┃
┃                      ┃ W… ┃ R… ┃ H… ┃ V… ┃ to ┃ … ┃ R… ┃ … ┃ V… ┃ … ┃ C… ┃ … ┃
┃ Corner/Group         ┃ S… ┃ P… ┃ T… ┃ C… ┃ r… ┃ … ┃ P… ┃ … ┃ C… ┃ … ┃ V… ┃ … ┃
┡━━━━━━━━━━━━━━━━━━━━━━╇━━━━╇━━━━╇━━━━╇━━━━╇━━━━╇━━━╇━━━━╇━━━╇━━━━╇━━━╇━━━━╇━━━┩
│ Overall              │ 1… │ N… │ 0… │ 0  │ 0  │ … │ 4… │ … │ 0  │ 0 │ 0  │ 0 │
│ nom_typ_5p0V_25C     │ 1… │ N… │ 0… │ 0  │ 0  │ … │ 4… │ … │ 0  │ 0 │ 0  │ 0 │
└──────────────────────┴────┴────┴────┴────┴────┴───┴────┴───┴────┴───┴────┴───┘
─────────────────────────── Floorplan Initialization ───────────────────────────
[17:22:07] VERBOSE  Running 'OpenROAD.Floorplan' at                 step.py:1138
                    'runs/triage-f24-affected/13-openroad-floorplan             
                    '…                                                          
[17:22:07] VERBOSE  Logging subprocess to                           step.py:1338
                    'runs/triage-f24-affected/13-openroad-floorplan             
                    /openroad-floorplan.log'…                                   
Reading timing models for corner nom_typ_5p0V_25C…                              
Reading timing library for the 'nom_typ_5p0V_25C' corner at                     
'/Users/yanlu/Documents/TR-1um/flow/pdk_root/TR-1um/libs.ref/TR-1um_stdcell_acce
ss/lib/TR-1um_stdcell_access_typ_5p0V_25C.lib'…                                 
Reading technology LEF file at                                                  
'/Users/yanlu/Documents/TR-1um/flow/pdk_root/TR-1um/libs.ref/TR-1um_stdcell_acce
ss/lef/TR-1um_tech.lef'…                                                        
[INFO ODB-0227] LEF file:                                                       
/Users/yanlu/Documents/TR-1um/flow/pdk_root/TR-1um/libs.ref/TR-1um_stdcell_acces
s/lef/TR-1um_tech.lef, created 3 layers, 1 vias                                 
Reading cell LEF file at                                                        
'/Users/yanlu/Documents/TR-1um/flow/pdk_root/TR-1um/libs.ref/TR-1um_stdcell_acce
ss/lef/TR-1um_access_cells.lef'…                                                
To avoid this warning in the future, define SITE after ORIGIN See file          
/Users/yanlu/Documents/TR-1um/flow/pdk_root/TR-1um/libs.ref/TR-1um_stdcell_acces
s/lef/TR-1um_access_cells.lef at line 4453.                                     
                                                                                
To avoid this warning in the future, define SITE after ORIGIN See file          
/Users/yanlu/Documents/TR-1um/flow/pdk_root/TR-1um/libs.ref/TR-1um_stdcell_acces
s/lef/TR-1um_access_cells.lef at line 4483.                                     
                                                                                
[INFO ODB-0227] LEF file:                                                       
/Users/yanlu/Documents/TR-1um/flow/pdk_root/TR-1um/libs.ref/TR-1um_stdcell_acces
s/lef/TR-1um_access_cells.lef, created 40 library cells                         
Reading cell LEF file at                                                        
'/Users/yanlu/Documents/TR-1um/flow/pdk_root/TR-1um/libs.ref/TR-1um_antenna/lef/
DIODE_N_X1_access.lef'…                                                         
[INFO ODB-0227] LEF file:                                                       
/Users/yanlu/Documents/TR-1um/flow/pdk_root/TR-1um/libs.ref/TR-1um_antenna/lef/D
IODE_N_X1_access.lef, created 1 library cells                                   
Reading top-level netlist at                                                    
'/Users/yanlu/Documents/TR-1um/flow/designs/tr1um_uarttx_big/runs/triage-f24-aff
ected/06-yosys-synthesis/tr1um_uarttx_big.nl.v'…                                
Linking design 'tr1um_uarttx_big' from netlist…                                 
Reading design constraints file at                                              
'/Users/yanlu/Documents/TR-1um/flow/designs/tr1um_uarttx_big/constraints.sdc'…  
[INFO] No information on clock propagation in input SDC file-- propagating all  
clocks.                                                                         
Using site height: 75.6 and site width: 0.1…                                    
[INFO] Using absolute sizing for the floorplan.                                 
[INFO] Using the set CORE_AREA; ignoring core margin parameters                 
+ initialize_floorplan -site TR1um_access_site -die_area 0.0 0.0 1000.0 1000.0  
-core_area 50.0 75.6 960.0 982.8                                                
[INFO IFP-0001] Added 12 rows of 9100 site TR1um_access_site.                   
[INFO IFP-0100] Die BBox:  (  0.000  0.000 ) ( 1000.000 1000.000 ) um           
[INFO IFP-0101] Core BBox: ( 50.000 75.600 ) ( 960.000 982.800 ) um             
[INFO IFP-0102] Core area:                       825552.000 um^2                
[INFO IFP-0103] Total instances area:            369540.360 um^2                
[INFO IFP-0104] Effective utilization:                0.448                     
[INFO IFP-0105] Number of instances:                    112                     
[INFO IFP-0030] Inserted 0 tiecells using TIELO/LO.                             
[INFO IFP-0030] Inserted 0 tiecells using TIEHI/HI.                             
[INFO] Extracting DIE_AREA and CORE_AREA from the floorplan                     
[INFO] Floorplanned on a die area of 0.0 0.0 1000.0 1000.0 (µm).                
[INFO] Floorplanned on a core area of 50.0 75.6 960.0 982.8 (µm).               
Writing metric design__die__bbox: 0.0 0.0 1000.0 1000.0                         
Writing metric design__core__bbox: 50.0 75.6 960.0 982.8                        
Setting global connections for newly added cells…                               
[INFO] Setting global connections...                                            
[INFO ODB-0403] 0 connections made, 0 conflicts skipped.                        
Updating metrics…                                                               
Cell type report:                       Count       Area                        
  Inverter                                  7   15399.72                        
  Sequential cell                          16  121685.76                        
  Multi-Input combinational cell           89  232454.88                        
  Total                                   112  369540.36                        
Writing OpenROAD database to                                                    
'/Users/yanlu/Documents/TR-1um/flow/designs/tr1um_uarttx_big/runs/triage-f24-aff
ected/13-openroad-floorplan/tr1um_uarttx_big.odb'…                              
Writing netlist to                                                              
'/Users/yanlu/Documents/TR-1um/flow/designs/tr1um_uarttx_big/runs/triage-f24-aff
ected/13-openroad-floorplan/tr1um_uarttx_big.nl.v'…                             
Writing powered netlist to                                                      
'/Users/yanlu/Documents/TR-1um/flow/designs/tr1um_uarttx_big/runs/triage-f24-aff
ected/13-openroad-floorplan/tr1um_uarttx_big.pnl.v'…                            
Writing layout to                                                               
'/Users/yanlu/Documents/TR-1um/flow/designs/tr1um_uarttx_big/runs/triage-f24-aff
ected/13-openroad-floorplan/tr1um_uarttx_big.def'…                              
Writing timing constraints to                                                   
'/Users/yanlu/Documents/TR-1um/flow/designs/tr1um_uarttx_big/runs/triage-f24-aff
ected/13-openroad-floorplan/tr1um_uarttx_big.sdc'…                              
──────────────────────────────── Dump RC Values ────────────────────────────────
[17:22:07] VERBOSE  Running 'OpenROAD.DumpRCValues' at              step.py:1138
                    'runs/triage-f24-affected/14-openroad-dumprcval             
                    ues'…                                                       
[17:22:07] VERBOSE  Logging subprocess to                           step.py:1338
                    'runs/triage-f24-affected/14-openroad-dumprcval             
                    ues/openroad-dumprcvalues.log'…                             
Reading timing models for corner nom_typ_5p0V_25C…                              
Reading timing library for the 'nom_typ_5p0V_25C' corner at                     
'/Users/yanlu/Documents/TR-1um/flow/pdk_root/TR-1um/libs.ref/TR-1um_stdcell_acce
ss/lib/TR-1um_stdcell_access_typ_5p0V_25C.lib'…                                 
Reading technology LEF file at                                                  
'/Users/yanlu/Documents/TR-1um/flow/pdk_root/TR-1um/libs.ref/TR-1um_stdcell_acce
ss/lef/TR-1um_tech.lef'…                                                        
[INFO ODB-0227] LEF file:                                                       
/Users/yanlu/Documents/TR-1um/flow/pdk_root/TR-1um/libs.ref/TR-1um_stdcell_acces
s/lef/TR-1um_tech.lef, created 3 layers, 1 vias                                 
Reading cell LEF file at                                                        
'/Users/yanlu/Documents/TR-1um/flow/pdk_root/TR-1um/libs.ref/TR-1um_stdcell_acce
ss/lef/TR-1um_access_cells.lef'…                                                
To avoid this warning in the future, define SITE after ORIGIN See file          
/Users/yanlu/Documents/TR-1um/flow/pdk_root/TR-1um/libs.ref/TR-1um_stdcell_acces
s/lef/TR-1um_access_cells.lef at line 4453.                                     
                                                                                
To avoid this warning in the future, define SITE after ORIGIN See file          
/Users/yanlu/Documents/TR-1um/flow/pdk_root/TR-1um/libs.ref/TR-1um_stdcell_acces
s/lef/TR-1um_access_cells.lef at line 4483.                                     
                                                                                
[INFO ODB-0227] LEF file:                                                       
/Users/yanlu/Documents/TR-1um/flow/pdk_root/TR-1um/libs.ref/TR-1um_stdcell_acces
s/lef/TR-1um_access_cells.lef, created 40 library cells                         
Reading cell LEF file at                                                        
'/Users/yanlu/Documents/TR-1um/flow/pdk_root/TR-1um/libs.ref/TR-1um_antenna/lef/
DIODE_N_X1_access.lef'…                                                         
[INFO ODB-0227] LEF file:                                                       
/Users/yanlu/Documents/TR-1um/flow/pdk_root/TR-1um/libs.ref/TR-1um_antenna/lef/D
IODE_N_X1_access.lef, created 1 library cells                                   
[INFO ODB-0127] Reading DEF file:                                               
/Users/yanlu/Documents/TR-1um/flow/designs/tr1um_uarttx_big/runs/triage-f24-affe
cted/13-openroad-floorplan/tr1um_uarttx_big.def                                 
[INFO ODB-0128] Design: tr1um_uarttx_big                                        
[INFO ODB-0130]     Created 4 pins.                                             
[INFO ODB-0131]     Created 112 components and 618 component-terminals.         
[INFO ODB-0132]     Created 2 special nets and 224 connections.                 
[INFO ODB-0133]     Created 129 nets and 394 connections.                       
[INFO ODB-0134] Finished DEF file:                                              
/Users/yanlu/Documents/TR-1um/flow/designs/tr1um_uarttx_big/runs/triage-f24-affe
cted/13-openroad-floorplan/tr1um_uarttx_big.def                                 
──────────────────────────── Set Power Connections ─────────────────────────────
[17:22:08] VERBOSE  Running 'Odb.SetPowerConnections' at            step.py:1138
                    'runs/triage-f24-affected/15-odb-setpowerconnec             
                    tions'…                                                     
[17:22:08] VERBOSE  Logging subprocess to                           step.py:1338
                    'runs/triage-f24-affected/15-odb-setpowerconnec             
                    tions/odb-setpowerconnections.log'…                         
──────────────────────────── Manual Macro Placement ────────────────────────────
[17:22:09] VERBOSE  Running 'Odb.ManualMacroPlacement' at           step.py:1138
                    'runs/triage-f24-affected/16-odb-manualmacropla             
                    cement'…                                                    
[17:22:09] INFO     No instances found, skipping                      odb.py:468
                    'Odb.ManualMacroPlacement'…                                 
─────────────────────────────────── Cut Rows ───────────────────────────────────
[17:22:09] VERBOSE  Running 'OpenROAD.CutRows' at                   step.py:1138
                    'runs/triage-f24-affected/17-openroad-cutrows'…             
[17:22:09] VERBOSE  Logging subprocess to                           step.py:1338
                    'runs/triage-f24-affected/17-openroad-cutrows/o             
                    penroad-cutrows.log'…                                       
Reading timing models for corner nom_typ_5p0V_25C…                              
Reading timing library for the 'nom_typ_5p0V_25C' corner at                     
'/Users/yanlu/Documents/TR-1um/flow/pdk_root/TR-1um/libs.ref/TR-1um_stdcell_acce
ss/lib/TR-1um_stdcell_access_typ_5p0V_25C.lib'…                                 
Reading OpenROAD database at                                                    
'/Users/yanlu/Documents/TR-1um/flow/designs/tr1um_uarttx_big/runs/triage-f24-aff
ected/15-odb-setpowerconnections/tr1um_uarttx_big.odb'…                         
Reading design constraints file at                                              
'/Users/yanlu/Documents/TR-1um/flow/designs/tr1um_uarttx_big/constraints.sdc'…  
[INFO] No information on clock propagation in input SDC file-- propagating all  
clocks.                                                                         
+ cut_rows -halo_width_x 10.0 -halo_width_y 10.0                                
Setting global connections for newly added cells…                               
[INFO] Setting global connections...                                            
[INFO ODB-0403] 0 connections made, 0 conflicts skipped.                        
Updating metrics…                                                               
Cell type report:                       Count       Area                        
  Inverter                                  7   15399.72                        
  Sequential cell                          16  121685.76                        
  Multi-Input combinational cell           89  232454.88                        
  Total                                   112  369540.36                        
Writing OpenROAD database to                                                    
'/Users/yanlu/Documents/TR-1um/flow/designs/tr1um_uarttx_big/runs/triage-f24-aff
ected/17-openroad-cutrows/tr1um_uarttx_big.odb'…                                
Writing layout to                                                               
'/Users/yanlu/Documents/TR-1um/flow/designs/tr1um_uarttx_big/runs/triage-f24-aff
ected/17-openroad-cutrows/tr1um_uarttx_big.def'…                                
───────────────────────────── Tap/Decap Insertion ──────────────────────────────
[17:22:09] VERBOSE  Running 'OpenROAD.TapEndcapInsertion' at        step.py:1138
                    'runs/triage-f24-affected/18-openroad-tapendcap             
                    insertion'…                                                 
[17:22:09] VERBOSE  Logging subprocess to                           step.py:1338
                    'runs/triage-f24-affected/18-openroad-tapendcap             
                    insertion/openroad-tapendcapinsertion.log'…                 
Reading timing models for corner nom_typ_5p0V_25C…                              
Reading timing library for the 'nom_typ_5p0V_25C' corner at                     
'/Users/yanlu/Documents/TR-1um/flow/pdk_root/TR-1um/libs.ref/TR-1um_stdcell_acce
ss/lib/TR-1um_stdcell_access_typ_5p0V_25C.lib'…                                 
Reading OpenROAD database at                                                    
'/Users/yanlu/Documents/TR-1um/flow/designs/tr1um_uarttx_big/runs/triage-f24-aff
ected/17-openroad-cutrows/tr1um_uarttx_big.odb'…                                
Reading design constraints file at                                              
'/Users/yanlu/Documents/TR-1um/flow/designs/tr1um_uarttx_big/constraints.sdc'…  
[INFO] No information on clock propagation in input SDC file-- propagating all  
clocks.                                                                         
+ tapcell -halo_width_x 10.0 -halo_width_y 10.0                                 
Setting global connections for newly added cells…                               
[INFO] Setting global connections...                                            
[INFO ODB-0403] 0 connections made, 0 conflicts skipped.                        
Updating metrics…                                                               
Cell type report:                       Count       Area                        
  Inverter                                  7   15399.72                        
  Sequential cell                          16  121685.76                        
  Multi-Input combinational cell           89  232454.88                        
  Total                                   112  369540.36                        
Writing OpenROAD database to                                                    
'/Users/yanlu/Documents/TR-1um/flow/designs/tr1um_uarttx_big/runs/triage-f24-aff
ected/18-openroad-tapendcapinsertion/tr1um_uarttx_big.odb'…                     
Writing netlist to                                                              
'/Users/yanlu/Documents/TR-1um/flow/designs/tr1um_uarttx_big/runs/triage-f24-aff
ected/18-openroad-tapendcapinsertion/tr1um_uarttx_big.nl.v'…                    
Writing powered netlist to                                                      
'/Users/yanlu/Documents/TR-1um/flow/designs/tr1um_uarttx_big/runs/triage-f24-aff
ected/18-openroad-tapendcapinsertion/tr1um_uarttx_big.pnl.v'…                   
Writing layout to                                                               
'/Users/yanlu/Documents/TR-1um/flow/designs/tr1um_uarttx_big/runs/triage-f24-aff
ected/18-openroad-tapendcapinsertion/tr1um_uarttx_big.def'…                     
Writing timing constraints to                                                   
'/Users/yanlu/Documents/TR-1um/flow/designs/tr1um_uarttx_big/runs/triage-f24-aff
ected/18-openroad-tapendcapinsertion/tr1um_uarttx_big.sdc'…                     
───────────────────────────── Add PDN obstructions ─────────────────────────────
[17:22:09] VERBOSE  Running 'Odb.AddPDNObstructions' at             step.py:1138
                    'runs/triage-f24-affected/19-odb-addpdnobstruct             
                    ions'…                                                      
[17:22:09] INFO     'PDN_OBSTRUCTIONS' is not defined. Skipping       odb.py:589
                    'Odb.AddPDNObstructions'…                                   
[17:22:09] INFO     Gating variable for step                   sequential.py:362
                    'OpenROAD.GeneratePDN' set to 'False'- the                  
                    step will be skipped.                                       
[17:22:09] INFO     Skipping step 'Generate PDN'…              sequential.py:370
─────────────────────────── Remove PDN obstructions ────────────────────────────
[17:22:09] VERBOSE  Running 'Odb.RemovePDNObstructions' at          step.py:1138
                    'runs/triage-f24-affected/20-odb-removepdnobstr             
                    uctions'…                                                   
[17:22:09] INFO     'PDN_OBSTRUCTIONS' is not defined. Skipping       odb.py:589
                    'Odb.RemovePDNObstructions'…                                
─────────────────────────────── Add Obstructions ───────────────────────────────
[17:22:09] VERBOSE  Running 'Odb.AddRoutingObstructions' at         step.py:1138
                    'runs/triage-f24-affected/21-odb-addroutingobst             
                    ructions'…                                                  
[17:22:09] INFO     'ROUTING_OBSTRUCTIONS' is not defined. Skipping   odb.py:589
                    'Odb.AddRoutingObstructions'…                               
─────────────────────────── Global Placement Skip IO ───────────────────────────
[17:22:09] VERBOSE  Running 'OpenROAD.GlobalPlacementSkipIO' at     step.py:1138
                    'runs/triage-f24-affected/22-openroad-globalpla             
                    cementskipio'…                                              
[17:22:09] INFO     I/O pins to be placed from                  openroad.py:1665
                    /Users/yanlu/Documents/TR-1um/flow/designs/                 
                    tr1um_uarttx_big/pin_order.cfg. Returning                   
                    state unaltered…                                            
──────────────────────────────── I/O Placement ─────────────────────────────────
[17:22:09] VERBOSE  Running 'OpenROAD.IOPlacement' at               step.py:1138
                    'runs/triage-f24-affected/23-openroad-ioplaceme             
                    nt'…                                                        
[17:22:09] INFO     IO_PIN_ORDER_CFG is set. Skipping           openroad.py:1355
                    'OpenROAD.IOPlacement'…                                     
─────────────────────── Custom I/O Pin Placement Script ────────────────────────
[17:22:09] VERBOSE  Running 'Odb.CustomIOPlacement' at              step.py:1138
                    'runs/triage-f24-affected/24-odb-customioplacem             
                    ent'…                                                       
[17:22:09] VERBOSE  Logging subprocess to                           step.py:1338
                    'runs/triage-f24-affected/24-odb-customioplacem             
                    ent/odb-customioplacement.log'…                             
Top-level design name: tr1um_uarttx_big                                         
Block boundaries: 0 0 1000000 1000000                                           
Horizontal Tracks Origin: 2700, Count: 185, Step: 5400                          
Vertical Tracks Origin: 2700, Count: 185, Step: 5400                            
Placement details for the E side                                                
Virtual pin count:  0                                                           
Actual pin count:  1                                                            
Total pin count:  1                                                             
Tracks count:  185                                                              
Tracks per pin:  185                                                            
Used tracks count:  1                                                           
Unused track count:  184                                                        
Starting track index:  92                                                       
Placement details for the W side                                                
Virtual pin count:  0                                                           
Actual pin count:  1                                                            
Total pin count:  1                                                             
Tracks count:  185                                                              
Tracks per pin:  185                                                            
Used tracks count:  1                                                           
Unused track count:  184                                                        
Starting track index:  92                                                       
Placement details for the S side                                                
Virtual pin count:  0                                                           
Actual pin count:  2                                                            
Total pin count:  2                                                             
Tracks count:  93                                                               
Tracks per pin:  46                                                             
Used tracks count:  47                                                          
Unused track count:  46                                                         
Starting track index:  23                                                       
────────────────────────────── Apply DEF Template ──────────────────────────────
[17:22:10] VERBOSE  Running 'Odb.ApplyDEFTemplate' at               step.py:1138
                    'runs/triage-f24-affected/25-odb-applydeftempla             
                    te'…                                                        
[17:22:10] INFO     No DEF template provided, skipping                odb.py:302
                    'Odb.ApplyDEFTemplate'…                                     
─────────────────────────────── Global Placement ───────────────────────────────
[17:22:10] VERBOSE  Running 'OpenROAD.GlobalPlacement' at           step.py:1138
                    'runs/triage-f24-affected/26-openroad-globalpla             
                    cement'…                                                    
[17:22:10] VERBOSE  Logging subprocess to                           step.py:1338
                    'runs/triage-f24-affected/26-openroad-globalpla             
                    cement/openroad-globalplacement.log'…                       
Reading timing models for corner nom_typ_5p0V_25C…                              
Reading timing library for the 'nom_typ_5p0V_25C' corner at                     
'/Users/yanlu/Documents/TR-1um/flow/pdk_root/TR-1um/libs.ref/TR-1um_stdcell_acce
ss/lib/TR-1um_stdcell_access_typ_5p0V_25C.lib'…                                 
Reading OpenROAD database at                                                    
'/Users/yanlu/Documents/TR-1um/flow/designs/tr1um_uarttx_big/runs/triage-f24-aff
ected/24-odb-customioplacement/tr1um_uarttx_big.odb'…                           
Reading design constraints file at                                              
'/Users/yanlu/Documents/TR-1um/flow/designs/tr1um_uarttx_big/constraints.sdc'…  
[INFO] No information on clock propagation in input SDC file-- propagating all  
clocks.                                                                         
[INFO] Using access-cell manual placement instead of RePlAce                    
[INFO] Large UART access placement: 112 cells centered across 7 sparse R0 rows  
Setting global connections for newly added cells…                               
[INFO] Setting global connections...                                            
[INFO ODB-0403] 0 connections made, 0 conflicts skipped.                        
Updating metrics…                                                               
Cell type report:                       Count       Area                        
  Inverter                                  7   15399.72                        
  Sequential cell                          16  121685.76                        
  Multi-Input combinational cell           89  232454.88                        
  Total                                   112  369540.36                        
Writing OpenROAD database to                                                    
'/Users/yanlu/Documents/TR-1um/flow/designs/tr1um_uarttx_big/runs/triage-f24-aff
ected/26-openroad-globalplacement/tr1um_uarttx_big.odb'…                        
Writing netlist to                                                              
'/Users/yanlu/Documents/TR-1um/flow/designs/tr1um_uarttx_big/runs/triage-f24-aff
ected/26-openroad-globalplacement/tr1um_uarttx_big.nl.v'…                       
Writing powered netlist to                                                      
'/Users/yanlu/Documents/TR-1um/flow/designs/tr1um_uarttx_big/runs/triage-f24-aff
ected/26-openroad-globalplacement/tr1um_uarttx_big.pnl.v'…                      
Writing layout to                                                               
'/Users/yanlu/Documents/TR-1um/flow/designs/tr1um_uarttx_big/runs/triage-f24-aff
ected/26-openroad-globalplacement/tr1um_uarttx_big.def'…                        
Writing timing constraints to                                                   
'/Users/yanlu/Documents/TR-1um/flow/designs/tr1um_uarttx_big/runs/triage-f24-aff
ected/26-openroad-globalplacement/tr1um_uarttx_big.sdc'…                        
───────────────────────────── Write Verilog Header ─────────────────────────────
[17:22:11] VERBOSE  Running 'Odb.WriteVerilogHeader' at             step.py:1138
                    'runs/triage-f24-affected/27-odb-writeveriloghe             
                    ader'…                                                      
[17:22:11] VERBOSE  Logging subprocess to                           step.py:1338
                    'runs/triage-f24-affected/27-odb-writeveriloghe             
                    ader/odb-writeverilogheader.log'…                           
───────────────────────── Power Grid Violation Checker ─────────────────────────
[17:22:11] VERBOSE  Running 'Checker.PowerGridViolations' at        step.py:1138
                    'runs/triage-f24-affected/28-checker-powergridv             
                    iolations'…                                                 
[17:22:11] WARNING  The power grid violations (as reported by     checker.py:133
                    OpenROAD PSM- you may ignore these if LVS                   
                    passes) metric was not found. Are you sure                  
                    the relevant step was run?                                  
─────────────────────── Static Timing Analysis (Mid-PnR) ───────────────────────
[17:22:11] VERBOSE  Running 'OpenROAD.STAMidPNR' at                 step.py:1138
                    'runs/triage-f24-affected/29-openroad-stamidpnr             
                    '…                                                          
[17:22:11] VERBOSE  Logging subprocess to                           step.py:1338
                    'runs/triage-f24-affected/29-openroad-stamidpnr             
                    /openroad-stamidpnr.log'…                                   
Reading timing models for corner nom_typ_5p0V_25C…                              
Reading timing library for the 'nom_typ_5p0V_25C' corner at                     
'/Users/yanlu/Documents/TR-1um/flow/pdk_root/TR-1um/libs.ref/TR-1um_stdcell_acce
ss/lib/TR-1um_stdcell_access_typ_5p0V_25C.lib'…                                 
Reading OpenROAD database at                                                    
'/Users/yanlu/Documents/TR-1um/flow/designs/tr1um_uarttx_big/runs/triage-f24-aff
ected/26-openroad-globalplacement/tr1um_uarttx_big.odb'…                        
Reading design constraints file at                                              
'/Users/yanlu/Documents/TR-1um/flow/designs/tr1um_uarttx_big/constraints.sdc'…  
[INFO] No information on clock propagation in input SDC file-- propagating all  
clocks.                                                                         
[17:22:12] INFO     Gating variable for step                   sequential.py:362
                    'OpenROAD.RepairDesignPostGPL' set to                       
                    'False'- the step will be skipped.                          
[17:22:12] INFO     Skipping step 'Repair Design (Post-Global  sequential.py:370
                    Placement)'…                                                
─────────────────────────── Manual Global Placement ────────────────────────────
[17:22:12] VERBOSE  Running 'Odb.ManualGlobalPlacement' at          step.py:1138
                    'runs/triage-f24-affected/30-odb-manualglobalpl             
                    acement'…                                                   
[17:22:12] INFO     'MANUAL_GLOBAL_PLACEMENTS' not set. Skipping     odb.py:1031
                    'Odb.ManualGlobalPlacement'…                                
────────────────────────────── Detailed Placement ──────────────────────────────
[17:22:12] VERBOSE  Running 'OpenROAD.DetailedPlacement' at         step.py:1138
                    'runs/triage-f24-affected/31-openroad-detailedp             
                    lacement'…                                                  
[17:22:12] VERBOSE  Logging subprocess to                           step.py:1338
                    'runs/triage-f24-affected/31-openroad-detailedp             
                    lacement/openroad-detailedplacement.log'…                   
Reading timing models for corner nom_typ_5p0V_25C…                              
Reading timing library for the 'nom_typ_5p0V_25C' corner at                     
'/Users/yanlu/Documents/TR-1um/flow/pdk_root/TR-1um/libs.ref/TR-1um_stdcell_acce
ss/lib/TR-1um_stdcell_access_typ_5p0V_25C.lib'…                                 
Reading OpenROAD database at                                                    
'/Users/yanlu/Documents/TR-1um/flow/designs/tr1um_uarttx_big/runs/triage-f24-aff
ected/26-openroad-globalplacement/tr1um_uarttx_big.odb'…                        
Reading design constraints file at                                              
'/Users/yanlu/Documents/TR-1um/flow/designs/tr1um_uarttx_big/constraints.sdc'…  
[INFO] No information on clock propagation in input SDC file-- propagating all  
clocks.                                                                         
+ detailed_placement -max_displacement  500 100                                 
Placement Analysis                                                              
---------------------------------                                               
total displacement          0.0 u                                               
average displacement        0.0 u                                               
max displacement            0.0 u                                               
original HPWL           72076.6 u                                               
legalized HPWL          72076.6 u                                               
delta HPWL                    0 %                                               
                                                                                
Setting global connections for newly added cells…                               
[INFO] Setting global connections...                                            
[INFO ODB-0403] 0 connections made, 0 conflicts skipped.                        
Updating metrics…                                                               
Cell type report:                       Count       Area                        
  Inverter                                  7   15399.72                        
  Sequential cell                          16  121685.76                        
  Multi-Input combinational cell           89  232454.88                        
  Total                                   112  369540.36                        
Writing OpenROAD database to                                                    
'/Users/yanlu/Documents/TR-1um/flow/designs/tr1um_uarttx_big/runs/triage-f24-aff
ected/31-openroad-detailedplacement/tr1um_uarttx_big.odb'…                      
Writing netlist to                                                              
'/Users/yanlu/Documents/TR-1um/flow/designs/tr1um_uarttx_big/runs/triage-f24-aff
ected/31-openroad-detailedplacement/tr1um_uarttx_big.nl.v'…                     
Writing powered netlist to                                                      
'/Users/yanlu/Documents/TR-1um/flow/designs/tr1um_uarttx_big/runs/triage-f24-aff
ected/31-openroad-detailedplacement/tr1um_uarttx_big.pnl.v'…                    
Writing layout to                                                               
'/Users/yanlu/Documents/TR-1um/flow/designs/tr1um_uarttx_big/runs/triage-f24-aff
ected/31-openroad-detailedplacement/tr1um_uarttx_big.def'…                      
Writing timing constraints to                                                   
'/Users/yanlu/Documents/TR-1um/flow/designs/tr1um_uarttx_big/runs/triage-f24-aff
ected/31-openroad-detailedplacement/tr1um_uarttx_big.sdc'…                      
[17:22:12] INFO     Gating variable for step 'OpenROAD.CTS'    sequential.py:362
                    set to 'False'- the step will be skipped.                   
[17:22:12] INFO     Skipping step 'Clock Tree Synthesis'…      sequential.py:370
─────────────────────── Static Timing Analysis (Mid-PnR) ───────────────────────
[17:22:12] VERBOSE  Running 'OpenROAD.STAMidPNR-1' at               step.py:1138
                    'runs/triage-f24-affected/32-openroad-stamidpnr             
                    -1'…                                                        
[17:22:12] VERBOSE  Logging subprocess to                           step.py:1338
                    'runs/triage-f24-affected/32-openroad-stamidpnr             
                    -1/openroad-stamidpnr-1.log'…                               
Reading timing models for corner nom_typ_5p0V_25C…                              
Reading timing library for the 'nom_typ_5p0V_25C' corner at                     
'/Users/yanlu/Documents/TR-1um/flow/pdk_root/TR-1um/libs.ref/TR-1um_stdcell_acce
ss/lib/TR-1um_stdcell_access_typ_5p0V_25C.lib'…                                 
Reading OpenROAD database at                                                    
'/Users/yanlu/Documents/TR-1um/flow/designs/tr1um_uarttx_big/runs/triage-f24-aff
ected/31-openroad-detailedplacement/tr1um_uarttx_big.odb'…                      
Reading design constraints file at                                              
'/Users/yanlu/Documents/TR-1um/flow/designs/tr1um_uarttx_big/constraints.sdc'…  
[INFO] No information on clock propagation in input SDC file-- propagating all  
clocks.                                                                         
─────────── Resizer Timing Optimizations (Post-Clock Tree Synthesis) ───────────
[17:22:13] VERBOSE  Running 'OpenROAD.ResizerTimingPostCTS' at      step.py:1138
                    'runs/triage-f24-affected/33-openroad-resizerti             
                    mingpostcts'…                                               
[17:22:13] VERBOSE  Logging subprocess to                           step.py:1338
                    'runs/triage-f24-affected/33-openroad-resizerti             
                    mingpostcts/openroad-resizertimingpostcts.log'…             
Reading timing models for corner nom_typ_5p0V_25C…                              
Reading timing library for the 'nom_typ_5p0V_25C' corner at                     
'/Users/yanlu/Documents/TR-1um/flow/pdk_root/TR-1um/libs.ref/TR-1um_stdcell_acce
ss/lib/TR-1um_stdcell_access_typ_5p0V_25C.lib'…                                 
Reading OpenROAD database at                                                    
'/Users/yanlu/Documents/TR-1um/flow/designs/tr1um_uarttx_big/runs/triage-f24-aff
ected/31-openroad-detailedplacement/tr1um_uarttx_big.odb'…                      
Reading design constraints file at                                              
'/Users/yanlu/Documents/TR-1um/flow/designs/tr1um_uarttx_big/constraints.sdc'…  
[INFO] No information on clock propagation in input SDC file-- propagating all  
clocks.                                                                         
+ repair_timing -verbose -setup -setup_margin                                   
0.05000000000000000277555756156289135105907917022705078125 -max_buffer_percent  
50.0                                                                            
[INFO RSZ-0100] Repair move sequence: UnbufferMove SizeUpMove SwapPinsMove      
BufferMove CloneMove SplitLoadMove                                              
[INFO RSZ-0098] No setup violations found                                       
+ repair_timing -verbose -hold -setup_margin                                    
0.05000000000000000277555756156289135105907917022705078125 -hold_margin         
0.1000000000000000055511151231257827021181583404541015625 -max_buffer_percent   
100.0                                                                           
[INFO RSZ-0033] No hold violations found.                                       
+ detailed_placement -max_displacement  500 100                                 
Placement Analysis                                                              
---------------------------------                                               
total displacement          0.0 u                                               
average displacement        0.0 u                                               
max displacement            0.0 u                                               
original HPWL           72076.6 u                                               
legalized HPWL          72076.6 u                                               
delta HPWL                    0 %                                               
                                                                                
Setting global connections for newly added cells…                               
[INFO] Setting global connections...                                            
[INFO ODB-0403] 0 connections made, 0 conflicts skipped.                        
Updating metrics…                                                               
Cell type report:                       Count       Area                        
  Inverter                                  7   15399.72                        
  Sequential cell                          16  121685.76                        
  Multi-Input combinational cell           89  232454.88                        
  Total                                   112  369540.36                        
Writing OpenROAD database to                                                    
'/Users/yanlu/Documents/TR-1um/flow/designs/tr1um_uarttx_big/runs/triage-f24-aff
ected/33-openroad-resizertimingpostcts/tr1um_uarttx_big.odb'…                   
Writing netlist to                                                              
'/Users/yanlu/Documents/TR-1um/flow/designs/tr1um_uarttx_big/runs/triage-f24-aff
ected/33-openroad-resizertimingpostcts/tr1um_uarttx_big.nl.v'…                  
Writing powered netlist to                                                      
'/Users/yanlu/Documents/TR-1um/flow/designs/tr1um_uarttx_big/runs/triage-f24-aff
ected/33-openroad-resizertimingpostcts/tr1um_uarttx_big.pnl.v'…                 
Writing layout to                                                               
'/Users/yanlu/Documents/TR-1um/flow/designs/tr1um_uarttx_big/runs/triage-f24-aff
ected/33-openroad-resizertimingpostcts/tr1um_uarttx_big.def'…                   
Writing timing constraints to                                                   
'/Users/yanlu/Documents/TR-1um/flow/designs/tr1um_uarttx_big/runs/triage-f24-aff
ected/33-openroad-resizertimingpostcts/tr1um_uarttx_big.sdc'…                   
─────────────────────── Static Timing Analysis (Mid-PnR) ───────────────────────
[17:22:13] VERBOSE  Running 'OpenROAD.STAMidPNR-2' at               step.py:1138
                    'runs/triage-f24-affected/34-openroad-stamidpnr             
                    -2'…                                                        
[17:22:13] VERBOSE  Logging subprocess to                           step.py:1338
                    'runs/triage-f24-affected/34-openroad-stamidpnr             
                    -2/openroad-stamidpnr-2.log'…                               
Reading timing models for corner nom_typ_5p0V_25C…                              
Reading timing library for the 'nom_typ_5p0V_25C' corner at                     
'/Users/yanlu/Documents/TR-1um/flow/pdk_root/TR-1um/libs.ref/TR-1um_stdcell_acce
ss/lib/TR-1um_stdcell_access_typ_5p0V_25C.lib'…                                 
Reading OpenROAD database at                                                    
'/Users/yanlu/Documents/TR-1um/flow/designs/tr1um_uarttx_big/runs/triage-f24-aff
ected/33-openroad-resizertimingpostcts/tr1um_uarttx_big.odb'…                   
Reading design constraints file at                                              
'/Users/yanlu/Documents/TR-1um/flow/designs/tr1um_uarttx_big/constraints.sdc'…  
[INFO] No information on clock propagation in input SDC file-- propagating all  
clocks.                                                                         
──────────────────────────────── Global Routing ────────────────────────────────
[17:22:14] VERBOSE  Running 'OpenROAD.GlobalRouting' at             step.py:1138
                    'runs/triage-f24-affected/35-openroad-globalrou             
                    ting'…                                                      
[17:22:14] VERBOSE  Logging subprocess to                           step.py:1338
                    'runs/triage-f24-affected/35-openroad-globalrou             
                    ting/openroad-globalrouting.log'…                           
Reading timing models for corner nom_typ_5p0V_25C…                              
Reading timing library for the 'nom_typ_5p0V_25C' corner at                     
'/Users/yanlu/Documents/TR-1um/flow/pdk_root/TR-1um/libs.ref/TR-1um_stdcell_acce
ss/lib/TR-1um_stdcell_access_typ_5p0V_25C.lib'…                                 
Reading OpenROAD database at                                                    
'/Users/yanlu/Documents/TR-1um/flow/designs/tr1um_uarttx_big/runs/triage-f24-aff
ected/33-openroad-resizertimingpostcts/tr1um_uarttx_big.odb'…                   
Reading design constraints file at                                              
'/Users/yanlu/Documents/TR-1um/flow/designs/tr1um_uarttx_big/constraints.sdc'…  
[INFO] No information on clock propagation in input SDC file-- propagating all  
clocks.                                                                         
[INFO] Setting signal min routing layer to: M1 and clock min routing layer to   
M1.                                                                             
[INFO] Setting signal max routing layer to: M2 and clock max routing layer to   
M2.                                                                             
+ global_route -congestion_iterations 0 -verbose -allow_congestion              
[INFO GRT-0020] Min routing layer: M1                                           
[INFO GRT-0021] Max routing layer: M2                                           
[INFO GRT-0022] Global adjustment: 30%                                          
[INFO GRT-0023] Grid origin: (0, 0)                                             
[INFO GRT-0088] Layer M1      Track-Pitch = 5.4000  line-2-Via Pitch: 4.0000    
[INFO GRT-0088] Layer M2      Track-Pitch = 5.4000  line-2-Via Pitch: 5.2000    
[INFO GRT-0003] Macros: 0                                                       
[INFO GRT-0004] Blockages: 733                                                  
[INFO GRT-0019] Found 1 clock nets.                                             
[INFO GRT-0001] Minimum degree: 2                                               
[INFO GRT-0002] Maximum degree: 17                                              
                                                                                
[INFO GRT-0053] Routing resources analysis:                                     
          Routing      Original      Derated      Resource                      
Layer     Direction    Resources     Resources    Reduction (%)                 
---------------------------------------------------------------                 
M1         Horizontal       1254           817          34.85%                  
M2         Vertical         1686          1116          33.81%                  
---------------------------------------------------------------                 
                                                                                
[INFO GRT-0197] Via related to pin nodes: 33                                    
[INFO GRT-0198] Via related Steiner nodes: 0                                    
[INFO GRT-0199] Via filling finished.                                           
[INFO GRT-0111] Final number of vias: 60                                        
[INFO GRT-0112] Final usage 3D: 1138                                            
                                                                                
[INFO GRT-0096] Final congestion report:                                        
Layer         Resource        Demand        Usage (%)    Max H / Max V / Total  
Overflow                                                                        
--------------------------------------------------------------------------------
-------                                                                         
M1                 817            26            3.18%             0 /  0 /  0   
M2                1116           932           83.51%            10 /  1 / 459  
--------------------------------------------------------------------------------
-------                                                                         
Total             1933           958           49.56%            10 /  1 / 459  
                                                                                
[INFO GRT-0018] Total wirelength: 112023 um                                     
[INFO GRT-0014] Routed nets: 117                                                
[17:22:14] WARNING  [GRT-0115] Global routing finished with      openroad.py:314
                    congestion. Check the congestion regions in                 
                    the DRC Viewer.                                             
[INFO GRT-0303] Global routing runtime = 00:00:00                               
Setting global connections for newly added cells…                               
[INFO] Setting global connections...                                            
[INFO ODB-0403] 0 connections made, 0 conflicts skipped.                        
Updating metrics…                                                               
Cell type report:                       Count       Area                        
  Inverter                                  7   15399.72                        
  Sequential cell                          16  121685.76                        
  Multi-Input combinational cell           89  232454.88                        
  Total                                   112  369540.36                        
Writing OpenROAD database to                                                    
'/Users/yanlu/Documents/TR-1um/flow/designs/tr1um_uarttx_big/runs/triage-f24-aff
ected/35-openroad-globalrouting/tr1um_uarttx_big.odb'…                          
Writing layout to                                                               
'/Users/yanlu/Documents/TR-1um/flow/designs/tr1um_uarttx_big/runs/triage-f24-aff
ected/35-openroad-globalrouting/tr1um_uarttx_big.def'…                          
──────────────────────────────── Check Antennas ────────────────────────────────
[17:22:14] VERBOSE  Running 'OpenROAD.CheckAntennas' at             step.py:1138
                    'runs/triage-f24-affected/36-openroad-checkante             
                    nnas'…                                                      
[17:22:14] VERBOSE  Logging subprocess to                           step.py:1338
                    'runs/triage-f24-affected/36-openroad-checkante             
                    nnas/openroad-checkantennas.log'…                           
Reading timing models for corner nom_typ_5p0V_25C…                              
Reading timing library for the 'nom_typ_5p0V_25C' corner at                     
'/Users/yanlu/Documents/TR-1um/flow/pdk_root/TR-1um/libs.ref/TR-1um_stdcell_acce
ss/lib/TR-1um_stdcell_access_typ_5p0V_25C.lib'…                                 
Reading OpenROAD database at                                                    
'/Users/yanlu/Documents/TR-1um/flow/designs/tr1um_uarttx_big/runs/triage-f24-aff
ected/35-openroad-globalrouting/tr1um_uarttx_big.odb'…                          
Reading design constraints file at                                              
'/Users/yanlu/Documents/TR-1um/flow/designs/tr1um_uarttx_big/constraints.sdc'…  
[INFO] No information on clock propagation in input SDC file-- propagating all  
clocks.                                                                         
[17:22:15] INFO     Gating variable for step                   sequential.py:362
                    'OpenROAD.RepairDesignPostGRT' set to                       
                    'False'- the step will be skipped.                          
[17:22:15] INFO     Skipping step 'Repair Design (Post-Global  sequential.py:370
                    Routing)'…                                                  
────────────────────── Diodes on Ports Protection Routine ──────────────────────
[17:22:15] VERBOSE  Running 'Odb.DiodesOnPorts' at                  step.py:1138
                    'runs/triage-f24-affected/37-odb-diodesonports'             
                    …                                                           
[17:22:15] INFO     'DIODE_ON_PORTS' is set to 'none': skipping       odb.py:820
                    'Odb.DiodesOnPorts'…                                        
[17:22:15] INFO     Gating variable for step                   sequential.py:362
                    'Odb.HeuristicDiodeInsertion' set to                        
                    'False'- the step will be skipped.                          
[17:22:15] INFO     Skipping step 'Heuristic Diode Insertion'… sequential.py:370
[17:22:15] INFO     Gating variable for step                   sequential.py:362
                    'OpenROAD.RepairAntennas' set to 'False'-                   
                    the step will be skipped.                                   
[17:22:15] INFO     Skipping step 'Antenna Repair'…            sequential.py:370
[17:22:15] INFO     Gating variable for step                   sequential.py:362
                    'OpenROAD.ResizerTimingPostGRT' set to                      
                    'False'- the step will be skipped.                          
[17:22:15] INFO     Skipping step 'Resizer Timing              sequential.py:370
                    Optimizations (Post-Global Routing)'…                       
─────────────────────── Static Timing Analysis (Mid-PnR) ───────────────────────
[17:22:15] VERBOSE  Running 'OpenROAD.STAMidPNR-3' at               step.py:1138
                    'runs/triage-f24-affected/38-openroad-stamidpnr             
                    -3'…                                                        
[17:22:15] VERBOSE  Logging subprocess to                           step.py:1338
                    'runs/triage-f24-affected/38-openroad-stamidpnr             
                    -3/openroad-stamidpnr-3.log'…                               
Reading timing models for corner nom_typ_5p0V_25C…                              
Reading timing library for the 'nom_typ_5p0V_25C' corner at                     
'/Users/yanlu/Documents/TR-1um/flow/pdk_root/TR-1um/libs.ref/TR-1um_stdcell_acce
ss/lib/TR-1um_stdcell_access_typ_5p0V_25C.lib'…                                 
Reading OpenROAD database at                                                    
'/Users/yanlu/Documents/TR-1um/flow/designs/tr1um_uarttx_big/runs/triage-f24-aff
ected/35-openroad-globalrouting/tr1um_uarttx_big.odb'…                          
Reading design constraints file at                                              
'/Users/yanlu/Documents/TR-1um/flow/designs/tr1um_uarttx_big/constraints.sdc'…  
[INFO] No information on clock propagation in input SDC file-- propagating all  
clocks.                                                                         
─────────────────────────────── Detailed Routing ───────────────────────────────
[17:22:15] VERBOSE  Running 'OpenROAD.DetailedRouting' at           step.py:1138
                    'runs/triage-f24-affected/39-openroad-detailedr             
                    outing'…                                                    
[17:22:15] INFO     Running TritonRoute with 6 threads…         openroad.py:2016
[17:22:15] VERBOSE  Logging subprocess to                           step.py:1338
                    'runs/triage-f24-affected/39-openroad-detailedr             
                    outing/openroad-detailedrouting.log'…                       
Reading timing models for corner nom_typ_5p0V_25C…                              
Reading timing library for the 'nom_typ_5p0V_25C' corner at                     
'/Users/yanlu/Documents/TR-1um/flow/pdk_root/TR-1um/libs.ref/TR-1um_stdcell_acce
ss/lib/TR-1um_stdcell_access_typ_5p0V_25C.lib'…                                 
Reading OpenROAD database at                                                    
'/Users/yanlu/Documents/TR-1um/flow/designs/tr1um_uarttx_big/runs/triage-f24-aff
ected/35-openroad-globalrouting/tr1um_uarttx_big.odb'…                          
Reading design constraints file at                                              
'/Users/yanlu/Documents/TR-1um/flow/designs/tr1um_uarttx_big/constraints.sdc'…  
[INFO] No information on clock propagation in input SDC file-- propagating all  
clocks.                                                                         
[INFO ORD-0030] Using 6 thread(s).                                              
+ detailed_route -droute_end_iter 64 -or_seed 43 -verbose 1                     
-drc_report_iter_step 1 -output_drc                                             
/Users/yanlu/Documents/TR-1um/flow/designs/tr1um_uarttx_big/runs/triage-f24-affe
cted/39-openroad-detailedrouting/drt-run-0/tr1um_uarttx_big.drc                 
[INFO DRT-0149] Reading tech and libs.                                          
                                                                                
Units:                1000                                                      
Number of layers:     5                                                         
Number of macros:     41                                                        
Number of vias:       1                                                         
Number of viarulegen: 0                                                         
                                                                                
[INFO DRT-0150] Reading design.                                                 
                                                                                
Design:                   tr1um_uarttx_big                                      
Die area:                 ( 0 0 ) ( 1000000 1000000 )                           
Number of track patterns: 4                                                     
Number of DEF vias:       0                                                     
Number of components:     112                                                   
Number of terminals:      4                                                     
Number of snets:          2                                                     
Number of nets:           129                                                   
                                                                                
[INFO DRT-0167] List of default vias:                                           
  Layer V1                                                                      
    default via: M1M2_V1                                                        
[INFO DRT-0162] Library cell analysis.                                          
[INFO DRT-0163] Instance analysis.                                              
[INFO DRT-0164] Number of unique instances = 98.                                
[INFO DRT-0168] Init region query.                                              
[INFO DRT-0024]   Complete FR_MASTERSLICE.                                      
[INFO DRT-0024]   Complete Fr_VIA.                                              
[INFO DRT-0024]   Complete M1.                                                  
[INFO DRT-0024]   Complete V1.                                                  
[INFO DRT-0024]   Complete M2.                                                  
[INFO DRT-0033] FR_MASTERSLICE shape region query size = 0.                     
[INFO DRT-0033] FR_VIA shape region query size = 0.                             
[INFO DRT-0033] M1 shape region query size = 568.                               
[INFO DRT-0033] V1 shape region query size = 1941.                              
[INFO DRT-0033] M2 shape region query size = 411.                               
[INFO DRT-0165] Start pin access.                                               
[INFO DRT-0078]   Complete 541 pins.                                            
[INFO DRT-0081]   Complete 98 unique inst patterns.                             
[INFO DRT-0084]   Complete 112 groups.                                          
#scanned instances     = 112                                                    
#unique  instances     = 98                                                     
#stdCellGenAp          = 1709                                                   
#stdCellValidPlanarAp  = 1628                                                   
#stdCellValidViaAp     = 4                                                      
#stdCellPinNoAp        = 0                                                      
#stdCellPinCnt         = 394                                                    
#instTermValidViaApCnt = 0                                                      
#macroGenAp            = 0                                                      
#macroValidPlanarAp    = 0                                                      
#macroValidViaAp       = 0                                                      
#macroNoAp             = 0                                                      
[INFO DRT-0166] Complete pin access.                                            
[INFO DRT-0267] cpu time = 00:00:00, elapsed time = 00:00:00, memory = 85.78    
(MB), peak = 85.78 (MB)                                                         
                                                                                
[INFO DRT-0157] Number of guides:     494                                       
                                                                                
[INFO DRT-0169] Post process guides.                                            
[INFO DRT-0176] GCELLGRID X 0 DO 12 STEP 81000 ;                                
[INFO DRT-0177] GCELLGRID Y 0 DO 12 STEP 81000 ;                                
[INFO DRT-0028]   Complete FR_MASTERSLICE.                                      
[INFO DRT-0028]   Complete Fr_VIA.                                              
[INFO DRT-0028]   Complete M1.                                                  
[INFO DRT-0028]   Complete V1.                                                  
[INFO DRT-0028]   Complete M2.                                                  
[INFO DRT-0178] Init guide query.                                               
[INFO DRT-0035]   Complete FR_MASTERSLICE (guide).                              
[INFO DRT-0035]   Complete Fr_VIA (guide).                                      
[INFO DRT-0035]   Complete M1 (guide).                                          
[INFO DRT-0035]   Complete V1 (guide).                                          
[INFO DRT-0035]   Complete M2 (guide).                                          
[INFO DRT-0036] FR_MASTERSLICE guide region query size = 0.                     
[INFO DRT-0036] FR_VIA guide region query size = 0.                             
[INFO DRT-0036] M1 guide region query size = 480.                               
[INFO DRT-0036] V1 guide region query size = 0.                                 
[INFO DRT-0036] M2 guide region query size = 650.                               
[INFO DRT-0179] Init gr pin query.                                              
[INFO DRT-0267] cpu time = 00:00:00, elapsed time = 00:00:00, memory = 86.47    
(MB), peak = 86.47 (MB)                                                         
[INFO DRT-0245] skipped writing guide updates to database.                      
[INFO DRT-0185] Post process initialize RPin region query.                      
[INFO DRT-0181] Start track assignment.                                         
[INFO DRT-0184] Done with 650 vertical wires in 1 frboxes and 480 horizontal    
wires in 1 frboxes.                                                             
[INFO DRT-0186] Done with 115 vertical wires in 1 frboxes and 279 horizontal    
wires in 1 frboxes.                                                             
[INFO DRT-0182] Complete track assignment.                                      
[INFO DRT-0267] cpu time = 00:00:00, elapsed time = 00:00:00, memory = 87.62    
(MB), peak = 87.62 (MB)                                                         
[INFO DRT-0187] Start routing data preparation.                                 
[INFO DRT-0267] cpu time = 00:00:00, elapsed time = 00:00:00, memory = 87.70    
(MB), peak = 87.70 (MB)                                                         
[INFO DRT-0194] Start detail routing.                                           
[INFO DRT-0195] Start 0th optimization iteration.                               
    Completing 20% with 0 violations.                                           
    elapsed time = 00:00:04, memory = 56.19 (MB).                               
    Completing 50% with 162 violations.                                         
    elapsed time = 00:00:06, memory = 59.08 (MB).                               
    Completing 70% with 224 violations.                                         
    elapsed time = 00:00:09, memory = 33.64 (MB).                               
    Completing 100% with 349 violations.                                        
    elapsed time = 00:00:10, memory = 34.00 (MB).                               
[INFO DRT-0199]   Number of violations = 352.                                   
Viol/Layer          M1     M2                                                   
Metal Spacing        0    205                                                   
NS Metal             0      1                                                   
Recheck              1      2                                                   
Short               12    131                                                   
[INFO DRT-0267] cpu time = 00:00:09, elapsed time = 00:00:10, memory = 144.78   
(MB), peak = 165.73 (MB)                                                        
Total wire length = 87132 um.                                                   
Total wire length on LAYER M1 = 37197 um.                                       
Total wire length on LAYER M2 = 49935 um.                                       
Total number of vias = 429.                                                     
Up-via summary (total 429):                                                     
                                                                                
----------------------                                                          
 FR_MASTERSLICE      0                                                          
             M1    429                                                          
----------------------                                                          
               429                                                              
                                                                                
                                                                                
[INFO DRT-0195] Start 1st optimization iteration.                               
    Completing 20% with 352 violations.                                         
    elapsed time = 00:00:00, memory = 144.97 (MB).                              
    Completing 50% with 346 violations.                                         
    elapsed time = 00:00:02, memory = 142.14 (MB).                              
    Completing 70% with 334 violations.                                         
    elapsed time = 00:00:03, memory = 137.11 (MB).                              
    Completing 100% with 251 violations.                                        
    elapsed time = 00:00:07, memory = 37.97 (MB).                               
[INFO DRT-0199]   Number of violations = 251.                                   
Viol/Layer          M1     M2                                                   
Metal Spacing        0    156                                                   
Short                1     94                                                   
[INFO DRT-0267] cpu time = 00:00:07, elapsed time = 00:00:07, memory = 144.56   
(MB), peak = 167.77 (MB)                                                        
Total wire length = 86529 um.                                                   
Total wire length on LAYER M1 = 37234 um.                                       
Total wire length on LAYER M2 = 49294 um.                                       
Total number of vias = 441.                                                     
Up-via summary (total 441):                                                     
                                                                                
----------------------                                                          
 FR_MASTERSLICE      0                                                          
             M1    441                                                          
----------------------                                                          
               441                                                              
                                                                                
                                                                                
[INFO DRT-0195] Start 2nd optimization iteration.                               
    Completing 10% with 251 violations.                                         
    elapsed time = 00:00:00, memory = 145.14 (MB).                              
    Completing 20% with 251 violations.                                         
    elapsed time = 00:00:00, memory = 145.20 (MB).                              
    Completing 30% with 251 violations.                                         
    elapsed time = 00:00:00, memory = 145.27 (MB).                              
    Completing 40% with 251 violations.                                         
    elapsed time = 00:00:00, memory = 145.27 (MB).                              
    Completing 50% with 231 violations.                                         
    elapsed time = 00:00:00, memory = 145.28 (MB).                              
    Completing 60% with 231 violations.                                         
    elapsed time = 00:00:00, memory = 145.28 (MB).                              
    Completing 70% with 220 violations.                                         
    elapsed time = 00:00:00, memory = 145.34 (MB).                              
    Completing 80% with 220 violations.                                         
    elapsed time = 00:00:00, memory = 145.34 (MB).                              
    Completing 100% with 191 violations.                                        
    elapsed time = 00:00:04, memory = 138.62 (MB).                              
[INFO DRT-0199]   Number of violations = 191.                                   
Viol/Layer          M2                                                          
Metal Spacing      131                                                          
Short               60                                                          
[INFO DRT-0267] cpu time = 00:00:04, elapsed time = 00:00:04, memory = 174.78   
(MB), peak = 174.78 (MB)                                                        
Total wire length = 86379 um.                                                   
Total wire length on LAYER M1 = 37423 um.                                       
Total wire length on LAYER M2 = 48956 um.                                       
Total number of vias = 437.                                                     
Up-via summary (total 437):                                                     
                                                                                
----------------------                                                          
 FR_MASTERSLICE      0                                                          
             M1    437                                                          
----------------------                                                          
               437                                                              
                                                                                
                                                                                
[INFO DRT-0195] Start 3rd optimization iteration.                               
    Completing 20% with 191 violations.                                         
    elapsed time = 00:00:00, memory = 177.12 (MB).                              
    Completing 50% with 153 violations.                                         
    elapsed time = 00:00:01, memory = 177.19 (MB).                              
    Completing 70% with 123 violations.                                         
    elapsed time = 00:00:01, memory = 177.25 (MB).                              
    Completing 100% with 36 violations.                                         
    elapsed time = 00:00:01, memory = 155.05 (MB).                              
[INFO DRT-0199]   Number of violations = 36.                                    
Viol/Layer          M1     M2                                                   
Metal Spacing        1     35                                                   
[INFO DRT-0267] cpu time = 00:00:01, elapsed time = 00:00:01, memory = 170.11   
(MB), peak = 177.27 (MB)                                                        
Total wire length = 87358 um.                                                   
Total wire length on LAYER M1 = 39067 um.                                       
Total wire length on LAYER M2 = 48291 um.                                       
Total number of vias = 520.                                                     
Up-via summary (total 520):                                                     
                                                                                
----------------------                                                          
 FR_MASTERSLICE      0                                                          
             M1    520                                                          
----------------------                                                          
               520                                                              
                                                                                
                                                                                
[INFO DRT-0195] Start 4th guides tiles iteration.                               
    Completing 50% with 36 violations.                                          
    elapsed time = 00:00:00, memory = 173.31 (MB).                              
    Completing 100% with 2 violations.                                          
    elapsed time = 00:00:00, memory = 172.28 (MB).                              
[INFO DRT-0199]   Number of violations = 2.                                     
Viol/Layer          M2                                                          
Short                2                                                          
[INFO DRT-0267] cpu time = 00:00:00, elapsed time = 00:00:00, memory = 172.34   
(MB), peak = 177.27 (MB)                                                        
Total wire length = 87277 um.                                                   
Total wire length on LAYER M1 = 39151 um.                                       
Total wire length on LAYER M2 = 48125 um.                                       
Total number of vias = 530.                                                     
Up-via summary (total 530):                                                     
                                                                                
----------------------                                                          
 FR_MASTERSLICE      0                                                          
             M1    530                                                          
----------------------                                                          
               530                                                              
                                                                                
                                                                                
[INFO DRT-0195] Start 5th guides tiles iteration.                               
    Completing 50% with 2 violations.                                           
    elapsed time = 00:00:00, memory = 172.42 (MB).                              
    Completing 100% with 0 violations.                                          
    elapsed time = 00:00:00, memory = 172.42 (MB).                              
[INFO DRT-0199]   Number of violations = 0.                                     
[INFO DRT-0267] cpu time = 00:00:00, elapsed time = 00:00:00, memory = 172.42   
(MB), peak = 177.27 (MB)                                                        
Total wire length = 87486 um.                                                   
Total wire length on LAYER M1 = 39170 um.                                       
Total wire length on LAYER M2 = 48316 um.                                       
Total number of vias = 539.                                                     
Up-via summary (total 539):                                                     
                                                                                
----------------------                                                          
 FR_MASTERSLICE      0                                                          
             M1    539                                                          
----------------------                                                          
               539                                                              
                                                                                
                                                                                
[INFO DRT-0198] Complete detail routing.                                        
Total wire length = 87486 um.                                                   
Total wire length on LAYER M1 = 39170 um.                                       
Total wire length on LAYER M2 = 48316 um.                                       
Total number of vias = 539.                                                     
Up-via summary (total 539):                                                     
                                                                                
----------------------                                                          
 FR_MASTERSLICE      0                                                          
             M1    539                                                          
----------------------                                                          
               539                                                              
                                                                                
                                                                                
[INFO DRT-0267] cpu time = 00:00:24, elapsed time = 00:00:25, memory = 172.42   
(MB), peak = 177.27 (MB)                                                        
                                                                                
[INFO DRT-0180] Post processing.                                                
+ check_antennas                                                                
[INFO ANT-0002] Found 0 net violations.                                         
[INFO ANT-0001] Found 0 pin violations.                                         
Setting global connections for newly added cells…                               
[INFO] Setting global connections...                                            
[INFO ODB-0403] 0 connections made, 0 conflicts skipped.                        
Updating metrics…                                                               
Cell type report:                       Count       Area                        
  Inverter                                  7   15399.72                        
  Sequential cell                          16  121685.76                        
  Multi-Input combinational cell           89  232454.88                        
  Total                                   112  369540.36                        
Writing OpenROAD database to                                                    
'/Users/yanlu/Documents/TR-1um/flow/designs/tr1um_uarttx_big/runs/triage-f24-aff
ected/39-openroad-detailedrouting/tr1um_uarttx_big.odb'…                        
Writing netlist to                                                              
'/Users/yanlu/Documents/TR-1um/flow/designs/tr1um_uarttx_big/runs/triage-f24-aff
ected/39-openroad-detailedrouting/tr1um_uarttx_big.nl.v'…                       
Writing powered netlist to                                                      
'/Users/yanlu/Documents/TR-1um/flow/designs/tr1um_uarttx_big/runs/triage-f24-aff
ected/39-openroad-detailedrouting/tr1um_uarttx_big.pnl.v'…                      
Writing layout to                                                               
'/Users/yanlu/Documents/TR-1um/flow/designs/tr1um_uarttx_big/runs/triage-f24-aff
ected/39-openroad-detailedrouting/tr1um_uarttx_big.def'…                        
Writing timing constraints to                                                   
'/Users/yanlu/Documents/TR-1um/flow/designs/tr1um_uarttx_big/runs/triage-f24-aff
ected/39-openroad-detailedrouting/tr1um_uarttx_big.sdc'…                        
[INFO] Applying explicit GND special route                                      
Setting global connections for newly added cells…                               
[INFO] Setting global connections...                                            
[INFO ODB-0403] 0 connections made, 0 conflicts skipped.                        
Updating metrics…                                                               
Cell type report:                       Count       Area                        
  Inverter                                  7   15399.72                        
  Sequential cell                          16  121685.76                        
  Multi-Input combinational cell           89  232454.88                        
  Total                                   112  369540.36                        
Writing OpenROAD database to                                                    
'/Users/yanlu/Documents/TR-1um/flow/designs/tr1um_uarttx_big/runs/triage-f24-aff
ected/39-openroad-detailedrouting/tr1um_uarttx_big.odb'…                        
Writing netlist to                                                              
'/Users/yanlu/Documents/TR-1um/flow/designs/tr1um_uarttx_big/runs/triage-f24-aff
ected/39-openroad-detailedrouting/tr1um_uarttx_big.nl.v'…                       
Writing powered netlist to                                                      
'/Users/yanlu/Documents/TR-1um/flow/designs/tr1um_uarttx_big/runs/triage-f24-aff
ected/39-openroad-detailedrouting/tr1um_uarttx_big.pnl.v'…                      
Writing layout to                                                               
'/Users/yanlu/Documents/TR-1um/flow/designs/tr1um_uarttx_big/runs/triage-f24-aff
ected/39-openroad-detailedrouting/tr1um_uarttx_big.def'…                        
Writing timing constraints to                                                   
'/Users/yanlu/Documents/TR-1um/flow/designs/tr1um_uarttx_big/runs/triage-f24-aff
ected/39-openroad-detailedrouting/tr1um_uarttx_big.sdc'…                        
───────────────────────────── Remove Obstructions ──────────────────────────────
[17:22:41] VERBOSE  Running 'Odb.RemoveRoutingObstructions' at      step.py:1138
                    'runs/triage-f24-affected/40-odb-removeroutingo             
                    bstructions'…                                               
[17:22:41] INFO     'ROUTING_OBSTRUCTIONS' is not defined. Skipping   odb.py:589
                    'Odb.RemoveRoutingObstructions'…                            
──────────────────────────────── Check Antennas ────────────────────────────────
[17:22:41] VERBOSE  Running 'OpenROAD.CheckAntennas-1' at           step.py:1138
                    'runs/triage-f24-affected/41-openroad-checkante             
                    nnas-1'…                                                    
[17:22:41] VERBOSE  Logging subprocess to                           step.py:1338
                    'runs/triage-f24-affected/41-openroad-checkante             
                    nnas-1/openroad-checkantennas-1.log'…                       
Reading timing models for corner nom_typ_5p0V_25C…                              
Reading timing library for the 'nom_typ_5p0V_25C' corner at                     
'/Users/yanlu/Documents/TR-1um/flow/pdk_root/TR-1um/libs.ref/TR-1um_stdcell_acce
ss/lib/TR-1um_stdcell_access_typ_5p0V_25C.lib'…                                 
Reading OpenROAD database at                                                    
'/Users/yanlu/Documents/TR-1um/flow/designs/tr1um_uarttx_big/runs/triage-f24-aff
ected/39-openroad-detailedrouting/tr1um_uarttx_big.odb'…                        
Reading design constraints file at                                              
'/Users/yanlu/Documents/TR-1um/flow/designs/tr1um_uarttx_big/constraints.sdc'…  
[INFO] No information on clock propagation in input SDC file-- propagating all  
clocks.                                                                         
───────────────────────── Routing Design Rule Checker ──────────────────────────
[17:22:42] VERBOSE  Running 'Checker.TrDRC' at                      step.py:1138
                    'runs/triage-f24-affected/42-checker-trdrc'…                
[17:22:42] INFO     Check for Routing DRC errors clear.           checker.py:131
─────────────────────────── Report Disconnected Pins ───────────────────────────
[17:22:42] VERBOSE  Running 'Odb.ReportDisconnectedPins' at         step.py:1138
                    'runs/triage-f24-affected/43-odb-reportdisconne             
                    ctedpins'…                                                  
[17:22:42] VERBOSE  Logging subprocess to                           step.py:1338
                    'runs/triage-f24-affected/43-odb-reportdisconne             
                    ctedpins/odb-reportdisconnectedpins.log'…                   
Found 0 disconnected pin(s), of which 0 are critical.                           
────────────────────────── Disconnected Pins Checker ───────────────────────────
[17:22:43] VERBOSE  Running 'Checker.DisconnectedPins' at           step.py:1138
                    'runs/triage-f24-affected/44-checker-disconnect             
                    edpins'…                                                    
[17:22:43] INFO     Check for critical disconnected pins clear.   checker.py:131
────────────────────────────── Report Wire Length ──────────────────────────────
[17:22:43] VERBOSE  Running 'Odb.ReportWireLength' at               step.py:1138
                    'runs/triage-f24-affected/45-odb-reportwireleng             
                    th'…                                                        
[17:22:43] VERBOSE  Logging subprocess to                           step.py:1338
                    'runs/triage-f24-affected/45-odb-reportwireleng             
                    th/odb-reportwirelength.log'…                               
──────────────────────── Wire Length Threshold Checker ─────────────────────────
[17:22:43] VERBOSE  Running 'Checker.WireLength' at                 step.py:1138
                    'runs/triage-f24-affected/46-checker-wirelength             
                    '…                                                          
[17:22:43] WARNING  Threshold for Threshold-surpassing long wires checker.py:108
                    is not set. The checker will be skipped.                    
[17:22:43] INFO     Gating variable for step                   sequential.py:362
                    'OpenROAD.FillInsertion' set to 'False'-                    
                    the step will be skipped.                                   
[17:22:43] INFO     Skipping step 'Fill Insertion'…            sequential.py:370
──────────────────────── Generate Cell Frequency Tables ────────────────────────
[17:22:43] VERBOSE  Running 'Odb.CellFrequencyTables' at            step.py:1138
                    'runs/triage-f24-affected/47-odb-cellfrequencyt             
                    ables'…                                                     
[17:22:43] VERBOSE  Logging subprocess to                           step.py:1338
                    'runs/triage-f24-affected/47-odb-cellfrequencyt             
                    ables/buffer_list.txt'…                                     
BUF_X1                                                                          
BUF_X12                                                                         
BUF_X16                                                                         
BUF_X2                                                                          
BUF_X4                                                                          
BUF_X8                                                                          
CLKBUF_X1                                                                       
CLKBUF_X12                                                                      
CLKBUF_X16                                                                      
CLKBUF_X2                                                                       
CLKBUF_X4                                                                       
CLKBUF_X8                                                                       
DEL1                                                                            
DEL2                                                                            
DEL4                                                                            
[17:22:43] VERBOSE  Logging subprocess to                           step.py:1338
                    'runs/triage-f24-affected/47-odb-cellfrequencyt             
                    ables/odb-cellfrequencytables.log'…                         
                                Cells by Master                                 
┏━━━━━━━━━━━━━━━━━━━━━━━━━━━━━━━━━━━━━━━━━━━━┳━━━━━━━━━━━━━━━━━━━━━━━━━━━━━━━━━┓
┃ Cell                                       ┃ Count                           ┃
┡━━━━━━━━━━━━━━━━━━━━━━━━━━━━━━━━━━━━━━━━━━━━╇━━━━━━━━━━━━━━━━━━━━━━━━━━━━━━━━━┩
│ AND2_X1                                    │ 2                               │
│ AND3_X1                                    │ 2                               │
│ AND4_X1                                    │ 1                               │
│ DFFR                                       │ 16                              │
│ INV_X1                                     │ 7                               │
│ NAND2                                      │ 15                              │
│ NAND3                                      │ 6                               │
│ NAND4                                      │ 2                               │
│ NOR2                                       │ 25                              │
│ NOR3                                       │ 13                              │
│ NOR4                                       │ 2                               │
│ OR2                                        │ 1                               │
│ OR3                                        │ 2                               │
│ OR4                                        │ 1                               │
│ TIELO                                      │ 1                               │
│ XNOR2                                      │ 11                              │
│ XOR2                                       │ 5                               │
└────────────────────────────────────────────┴─────────────────────────────────┘
                               Cells by Function                                
┏━━━━━━━━━━━━━━━━━━━━━━━━━━━━━━━━━━━━━━━━━━━━━━━━━━━━━┳━━━━━━━━━━━━━━━━━━━━━━━━┓
┃ Cell Function                                       ┃ Count                  ┃
┡━━━━━━━━━━━━━━━━━━━━━━━━━━━━━━━━━━━━━━━━━━━━━━━━━━━━━╇━━━━━━━━━━━━━━━━━━━━━━━━┩
└─────────────────────────────────────────────────────┴────────────────────────┘
                                  Cells by SCL                                  
┏━━━━━━━━━━━━━━━━━━━━━━━━━━━━━━━━━┳━━━━━━━━━━━━━━━━━━━━━━━━━━━━━━━━━━━━━━━━━━━━┓
┃ SCL                             ┃ Count                                      ┃
┡━━━━━━━━━━━━━━━━━━━━━━━━━━━━━━━━━╇━━━━━━━━━━━━━━━━━━━━━━━━━━━━━━━━━━━━━━━━━━━━┩
└─────────────────────────────────┴────────────────────────────────────────────┘
                             Buffers by Cell Master                             
┏━━━━━━━━━━━━━━━━━━━━━━━━━━━━━━━━━━━━━━━━━━┳━━━━━━━━━━━━━━━━━━━━━━━━━━━━━━━━━━━┓
┃ Buffer                                   ┃ Count                             ┃
┡━━━━━━━━━━━━━━━━━━━━━━━━━━━━━━━━━━━━━━━━━━╇━━━━━━━━━━━━━━━━━━━━━━━━━━━━━━━━━━━┩
└──────────────────────────────────────────┴───────────────────────────────────┘
───────────────── Parasitic Resistance/Capacitance Extraction ──────────────────
[17:22:44] VERBOSE  Running 'OpenROAD.RCX' at                       step.py:1138
                    'runs/triage-f24-affected/48-openroad-rcx'…                 
[17:22:44] INFO     Running RCX for corners matching *          openroad.py:2159
                    (/Users/yanlu/Documents/TR-1um/flow/designs                 
                    /tr1um_uarttx_big/runs/triage-f24-affected/                 
                    48-openroad-rcx/rcx.log)…                                   
[17:22:44] VERBOSE  Logging subprocess to                           step.py:1338
                    'runs/triage-f24-affected/48-openroad-rcx/rcx.l             
                    og'…                                                        
[17:22:46] INFO     Finished RCX for corners matching *.        openroad.py:2168
[17:22:46] INFO     Gating variable for step                   sequential.py:362
                    'OpenROAD.STAPostPNR' set to 'False'- the                   
                    step will be skipped.                                       
[17:22:46] INFO     Skipping step 'STA (Post-PnR)'…            sequential.py:370
────────────────────────── GDSII Stream Out (KLayout) ──────────────────────────
[17:22:46] VERBOSE  Running 'KLayout.StreamOut' at                  step.py:1138
                    'runs/triage-f24-affected/49-klayout-streamout'             
                    …                                                           
[17:22:46] VERBOSE  Logging subprocess to                           step.py:1338
                    'runs/triage-f24-affected/49-klayout-streamout/             
                    klayout-streamout.log'…                                     
Warning: No mapping for layer 'V1', purpose 'LEFOBS' - layer is ignored         
(line=26, cell=, file=tr1um_uarttx_big.def)                                     
[INFO] Clearing cells…                                                          
[INFO] Merging GDS files…                                                       
[INFO] Copying top level cell 'tr1um_uarttx_big'…                               
[INFO] Checking for missing GDS…                                                
[INFO] All LEF cells have matching GDS cells.                                   
[INFO] Writing out GDS                                                          
'/Users/yanlu/Documents/TR-1um/flow/designs/tr1um_uarttx_big/runs/triage-f24-aff
ected/49-klayout-streamout/tr1um_uarttx_big.klayout.gds'…                       
[INFO] Done.                                                                    
[17:22:47] VERBOSE  Logging subprocess to                           step.py:1338
                    'runs/triage-f24-affected/49-klayout-streamout/             
                    klayout-streamout.log'…                                     
joined 112 cell wells across 7 rows into one WN network in                      
/Users/yanlu/Documents/TR-1um/flow/designs/tr1um_uarttx_big/runs/triage-f24-affe
cted/49-klayout-streamout/tr1um_uarttx_big.postprocessed.gds                    
────────────────────────── Render Image (w/ KLayout) ───────────────────────────
[17:22:48] VERBOSE  Running 'KLayout.Render' at                     step.py:1138
                    'runs/triage-f24-affected/50-klayout-render'…               
[17:22:48] VERBOSE  Logging subprocess to                           step.py:1338
                    'runs/triage-f24-affected/50-klayout-render/kla             
                    yout-render.log'…                                           
───────────────────────── Design Rule Check (KLayout) ──────────────────────────
[17:22:48] VERBOSE  Running 'KLayout.DRC' at                        step.py:1138
                    'runs/triage-f24-affected/51-klayout-drc'…                  
[17:22:48] INFO     Running KLayout DRC with 6 threads…           klayout.py:565
[17:22:48] VERBOSE  Logging subprocess to                           step.py:1338
                    'runs/triage-f24-affected/51-klayout-drc/klayou             
                    t-drc.log'…                                                 
[17:22:51] VERBOSE  Logging subprocess to                           step.py:1338
                    'runs/triage-f24-affected/51-klayout-drc/xml_dr             
                    c_report_to_json.log'…                                      
───────────────────────── KLayout Design Rule Checker ──────────────────────────
[17:22:51] VERBOSE  Running 'Checker.KLayoutDRC' at                 step.py:1138
                    'runs/triage-f24-affected/52-checker-klayoutdrc             
                    '…                                                          
[17:22:51] WARNING  84 KLayout DRC errors found.                  checker.py:122
[17:22:51] INFO     Gating variable for step 'Yosys.EQY' set   sequential.py:362
                    to 'False'- the step will be skipped.                       
[17:22:51] INFO     Skipping step 'Equivalence Check'…         sequential.py:370
─────────────────────── Setup Timing Violations Checker ────────────────────────
[17:22:51] VERBOSE  Running 'Checker.SetupViolations' at            step.py:1138
                    'runs/triage-f24-affected/53-checker-setupviola             
                    tions'…                                                     
[17:22:51] VERBOSE  No setup violations found                     checker.py:628
──────────────────────── Hold Timing Violations Checker ────────────────────────
[17:22:51] VERBOSE  Running 'Checker.HoldViolations' at             step.py:1138
                    'runs/triage-f24-affected/54-checker-holdviolat             
                    ions'…                                                      
[17:22:51] VERBOSE  No hold violations found                      checker.py:628
─────────────────────── Maximum Slew Violations Checker ────────────────────────
[17:22:51] VERBOSE  Running 'Checker.MaxSlewViolations' at          step.py:1138
                    'runs/triage-f24-affected/55-checker-maxslewvio             
                    lations'…                                                   
[17:22:51] VERBOSE  No max slew violations found                  checker.py:628
──────────────────── Maximum Capacitance Violations Checker ────────────────────
[17:22:51] VERBOSE  Running 'Checker.MaxCapViolations' at           step.py:1138
                    'runs/triage-f24-affected/56-checker-maxcapviol             
                    ations'…                                                    
[17:22:51] VERBOSE  No max cap violations found                   checker.py:628
───────────────── Report Manufacturability (DRC, LVS, Antenna) ─────────────────
[17:22:51] VERBOSE  Running 'Misc.ReportManufacturability' at       step.py:1138
                    'runs/triage-f24-affected/57-misc-reportmanufac             
                    turability'…                                                
[17:22:51] WARNING  'design__lvs_error__count' not reported.          misc.py:84
                    Netgen.LVS may have been skipped.                           
[17:22:51] WARNING  magic__drc_error__count not reported. Magic.DRC  misc.py:110
                    may have been skipped.                                      
* Antenna
Passed ✅

* LVS
N/A

* DRC
Failed 𐄂
KLayout DRC errors: 84
Magic DRC errors: N/A
Check the report directories of KLayout.DRC and Magic.DRC.

[17:22:51] INFO     Saving views to                                 state.py:209
                    '/Users/yanlu/Documents/TR-1um/flow/designs/tr1             
                    um_uarttx_big/runs/triage-f24-affected/final'…              
[17:22:51] INFO     Flow complete.                             sequential.py:413
Classic' - Stage 67 - Report Manufacturability ━━━━━━━━━━━━━━━━━━━ 67/67 0:00:45

[17:22:51] WARNING  The following warnings were generated by the     flow.py:699
                    flow:                                                       
[17:22:51] WARNING  [Checker.LintWarnings] 2 Lint warnings found.    flow.py:701
[17:22:51] WARNING  [Checker.PowerGridViolations] The power grid     flow.py:701
                    violations (as reported by OpenROAD PSM- you may            
                    ignore these if LVS passes) metric was not                  
                    found. Are you sure the relevant step was run?              
[17:22:51] WARNING  [OpenROAD.GlobalRouting] [GRT-0115] Global       flow.py:701
                    routing finished with congestion. Check the                 
                    congestion regions in the DRC Viewer.                       
[17:22:51] WARNING  [Checker.WireLength] Threshold for               flow.py:701
                    Threshold-surpassing long wires is not set. The             
                    checker will be skipped.                                    
[17:22:51] WARNING  [Checker.KLayoutDRC] 84 KLayout DRC errors       flow.py:701
                    found.                                                      
[17:22:51] WARNING  [Misc.ReportManufacturability]                   flow.py:701
                    'design__lvs_error__count' not reported.                    
                    Netgen.LVS may have been skipped.                           
[17:22:51] WARNING  [Misc.ReportManufacturability]                   flow.py:701
                    magic__drc_error__count not reported. Magic.DRC             
                    may have been skipped.                                      
+ /Users/yanlu/Documents/TR-1um/flow/run_digital_core_flow.sh /Users/yanlu/Documents/TR-1um/flow/designs/tr1um_uarttx_big/runs/triage-f24-affected tr1um_uarttx_big
+ python3 /Users/yanlu/Documents/TR-1um/flow/scripts/signoff/extract_child_library.py /Users/yanlu/Documents/TR-1um/flow/designs/tr1um_uarttx_big/runs/triage-f24-affected/final/gds/tr1um_uarttx_big.gds tr1um_uarttx_big /Users/yanlu/Documents/TR-1um/flow/designs/tr1um_uarttx_big/runs/triage-f24-affected/connected_power/TR-1um_known_good_cells.gds
+ python3 /Users/yanlu/Documents/TR-1um/flow/scripts/signoff/make_conservative_tech_lef.py /Users/yanlu/Documents/TR-1um/flow/pdk_root/TR-1um/libs.ref/TR-1um_stdcell_access/lef/TR-1um_tech.lef /Users/yanlu/Documents/TR-1um/flow/designs/tr1um_uarttx_big/runs/triage-f24-affected/connected_power/TR-1um_core_tech.lef
wrote /Users/yanlu/Documents/TR-1um/flow/designs/tr1um_uarttx_big/runs/triage-f24-affected/connected_power/TR-1um_core_tech.lef: route-only M2 spacing 2.1um
+ python3 /Users/yanlu/Documents/TR-1um/flow/scripts/signoff/make_routing_obstructions.py /Users/yanlu/Documents/TR-1um/flow/pdk_root/TR-1um/libs.ref/TR-1um_stdcell_access_power/lef/TR-1um_access_cells_signal_power.lef /Users/yanlu/Documents/TR-1um/flow/designs/tr1um_uarttx_big/runs/triage-f24-affected/connected_power/TR-1um_core_routing.lef
+ POWER_ARGS=()
+ [[ -f /Users/yanlu/Documents/TR-1um/flow/designs/tr1um_uarttx_big/power_channels.json ]]
+ POWER_ARGS+=(--config "$POWER_CONFIG")
+ python3 /Users/yanlu/Documents/TR-1um/flow/scripts/signoff/add_channel_power.py /Users/yanlu/Documents/TR-1um/flow/designs/tr1um_uarttx_big/runs/triage-f24-affected/31-openroad-detailedplacement/tr1um_uarttx_big.def /Users/yanlu/Documents/TR-1um/flow/designs/tr1um_uarttx_big/runs/triage-f24-affected/connected_power/tr1um_uarttx_big.placed_power.def /Users/yanlu/Documents/TR-1um/flow/pdk_root/TR-1um/libs.ref/TR-1um_stdcell_access/lef/TR-1um_access_cells.lef --config /Users/yanlu/Documents/TR-1um/flow/designs/tr1um_uarttx_big/power_channels.json
wrote /Users/yanlu/Documents/TR-1um/flow/designs/tr1um_uarttx_big/runs/triage-f24-affected/connected_power/tr1um_uarttx_big.placed_power.def: 7 rows, channel buses, left GND trunk, right VDD trunk
+ export CORE_TECH_LEF=/Users/yanlu/Documents/TR-1um/flow/designs/tr1um_uarttx_big/runs/triage-f24-affected/connected_power/TR-1um_core_tech.lef
+ CORE_TECH_LEF=/Users/yanlu/Documents/TR-1um/flow/designs/tr1um_uarttx_big/runs/triage-f24-affected/connected_power/TR-1um_core_tech.lef
+ export CORE_CELL_LEF=/Users/yanlu/Documents/TR-1um/flow/designs/tr1um_uarttx_big/runs/triage-f24-affected/connected_power/TR-1um_core_routing.lef
+ CORE_CELL_LEF=/Users/yanlu/Documents/TR-1um/flow/designs/tr1um_uarttx_big/runs/triage-f24-affected/connected_power/TR-1um_core_routing.lef
+ export CORE_INPUT_DEF=/Users/yanlu/Documents/TR-1um/flow/designs/tr1um_uarttx_big/runs/triage-f24-affected/connected_power/tr1um_uarttx_big.placed_power.def
+ CORE_INPUT_DEF=/Users/yanlu/Documents/TR-1um/flow/designs/tr1um_uarttx_big/runs/triage-f24-affected/connected_power/tr1um_uarttx_big.placed_power.def
+ export CORE_OUTPUT_DEF=/Users/yanlu/Documents/TR-1um/flow/designs/tr1um_uarttx_big/runs/triage-f24-affected/connected_power/tr1um_uarttx_big.connected_power.def
+ CORE_OUTPUT_DEF=/Users/yanlu/Documents/TR-1um/flow/designs/tr1um_uarttx_big/runs/triage-f24-affected/connected_power/tr1um_uarttx_big.connected_power.def
+ export CORE_OUTPUT_ODB=/Users/yanlu/Documents/TR-1um/flow/designs/tr1um_uarttx_big/runs/triage-f24-affected/connected_power/tr1um_uarttx_big.connected_power.odb
+ CORE_OUTPUT_ODB=/Users/yanlu/Documents/TR-1um/flow/designs/tr1um_uarttx_big/runs/triage-f24-affected/connected_power/tr1um_uarttx_big.connected_power.odb
+ export CORE_OUTPUT_LEF=/Users/yanlu/Documents/TR-1um/flow/designs/tr1um_uarttx_big/runs/triage-f24-affected/connected_power/tr1um_uarttx_big.macro.lef
+ CORE_OUTPUT_LEF=/Users/yanlu/Documents/TR-1um/flow/designs/tr1um_uarttx_big/runs/triage-f24-affected/connected_power/tr1um_uarttx_big.macro.lef
+ export CORE_GUIDES=/Users/yanlu/Documents/TR-1um/flow/designs/tr1um_uarttx_big/runs/triage-f24-affected/connected_power/tr1um_uarttx_big.connected_power.guide
+ CORE_GUIDES=/Users/yanlu/Documents/TR-1um/flow/designs/tr1um_uarttx_big/runs/triage-f24-affected/connected_power/tr1um_uarttx_big.connected_power.guide
+ export CORE_DRC=/Users/yanlu/Documents/TR-1um/flow/designs/tr1um_uarttx_big/runs/triage-f24-affected/connected_power/openroad_detailed_route.drc
+ CORE_DRC=/Users/yanlu/Documents/TR-1um/flow/designs/tr1um_uarttx_big/runs/triage-f24-affected/connected_power/openroad_detailed_route.drc
+ [[ -z '' ]]
+ [[ -f /Users/yanlu/Documents/TR-1um/flow/designs/tr1um_uarttx_big/route_options.json ]]
+ openroad -exit /Users/yanlu/Documents/TR-1um/flow/scripts/signoff/route_digital_core.tcl
+ tee /Users/yanlu/Documents/TR-1um/flow/designs/tr1um_uarttx_big/runs/triage-f24-affected/connected_power/openroad.log
OpenROAD dcf36133a369abc8f3c5e5738cd4d82e4903c0e0 
Features included (+) or not (-): +GPU +GUI +Python
This program is licensed under the BSD-3 license. See the LICENSE file for details.
Components of this program may be licensed under more restrictive licenses which must be honored.
[INFO ODB-0227] LEF file: /Users/yanlu/Documents/TR-1um/flow/designs/tr1um_uarttx_big/runs/triage-f24-affected/connected_power/TR-1um_core_tech.lef, created 3 layers, 1 vias
[WARNING ODB-0220] WARNING (LEFPARS-2039): A SITE statement is defined before ORIGIN statement.
To avoid this warning in the future, define SITE after ORIGIN See file /Users/yanlu/Documents/TR-1um/flow/designs/tr1um_uarttx_big/runs/triage-f24-affected/connected_power/TR-1um_core_routing.lef at line 2659.

[WARNING ODB-0220] WARNING (LEFPARS-2039): A SITE statement is defined before ORIGIN statement.
To avoid this warning in the future, define SITE after ORIGIN See file /Users/yanlu/Documents/TR-1um/flow/designs/tr1um_uarttx_big/runs/triage-f24-affected/connected_power/TR-1um_core_routing.lef at line 2693.

[INFO ODB-0227] LEF file: /Users/yanlu/Documents/TR-1um/flow/designs/tr1um_uarttx_big/runs/triage-f24-affected/connected_power/TR-1um_core_routing.lef, created 40 library cells
[INFO ODB-0127] Reading DEF file: /Users/yanlu/Documents/TR-1um/flow/designs/tr1um_uarttx_big/runs/triage-f24-affected/connected_power/tr1um_uarttx_big.placed_power.def
[INFO ODB-0128] Design: tr1um_uarttx_big
[INFO ODB-0130]     Created 4 pins.
[INFO ODB-0131]     Created 112 components and 618 component-terminals.
[INFO ODB-0132]     Created 2 special nets and 224 connections.
[INFO ODB-0133]     Created 129 nets and 394 connections.
[INFO ODB-0134] Finished DEF file: /Users/yanlu/Documents/TR-1um/flow/designs/tr1um_uarttx_big/runs/triage-f24-affected/connected_power/tr1um_uarttx_big.placed_power.def
[WARNING GRT-0300] Timing is not available, setting critical nets percentage to 0.
[INFO GRT-0020] Min routing layer: M1
[INFO GRT-0021] Max routing layer: M2
[INFO GRT-0022] Global adjustment: 0%
[INFO GRT-0023] Grid origin: (0, 0)
[INFO GRT-0088] Layer M1      Track-Pitch = 5.4000  line-2-Via Pitch: 4.0000
[INFO GRT-0088] Layer M2      Track-Pitch = 5.4000  line-2-Via Pitch: 5.3000
[INFO GRT-0003] Macros: 0
[INFO GRT-0004] Blockages: 988
[INFO GRT-0019] Found 0 clock nets.
[INFO GRT-0001] Minimum degree: 2
[INFO GRT-0002] Maximum degree: 17

[INFO GRT-0053] Routing resources analysis:
          Routing      Original      Derated      Resource
Layer     Direction    Resources     Resources    Reduction (%)
---------------------------------------------------------------
M1         Horizontal        883           561          36.47%
M2         Vertical         1595          1059          33.61%
---------------------------------------------------------------

[INFO GRT-0197] Via related to pin nodes: 34
[INFO GRT-0198] Via related Steiner nodes: 0
[INFO GRT-0199] Via filling finished.
[INFO GRT-0111] Final number of vias: 61
[INFO GRT-0112] Final usage 3D: 1149

[INFO GRT-0096] Final congestion report:
Layer         Resource        Demand        Usage (%)    Max H / Max V / Total Overflow
---------------------------------------------------------------------------------------
M1                 561            26            4.63%             1 /  0 /  1
M2                1059           940           88.76%             9 /  1 / 461
---------------------------------------------------------------------------------------
Total             1620           966           59.63%            10 /  1 / 462

[INFO GRT-0018] Total wirelength: 112995 um
[INFO GRT-0014] Routed nets: 117
[WARNING GRT-0115] Global routing finished with congestion. Check the congestion regions in the DRC Viewer.
[INFO GRT-0303] Global routing runtime = 00:00:00
[INFO DRT-0149] Reading tech and libs.

Units:                1000
Number of layers:     5
Number of macros:     40
Number of vias:       1
Number of viarulegen: 0

[INFO DRT-0150] Reading design.

Design:                   tr1um_uarttx_big
Die area:                 ( 0 0 ) ( 1000000 1000000 )
Number of track patterns: 4
Number of DEF vias:       0
Number of components:     112
Number of terminals:      4
Number of snets:          2
Number of nets:           129

[INFO DRT-0167] List of default vias:
  Layer V1
    default via: M1M2_V1
[INFO DRT-0162] Library cell analysis.
[INFO DRT-0163] Instance analysis.
[INFO DRT-0164] Number of unique instances = 98.
[INFO DRT-0168] Init region query.
[INFO DRT-0024]   Complete FR_MASTERSLICE.
[INFO DRT-0024]   Complete Fr_VIA.
[INFO DRT-0024]   Complete M1.
[INFO DRT-0024]   Complete V1.
[INFO DRT-0024]   Complete M2.
[INFO DRT-0033] FR_MASTERSLICE shape region query size = 0.
[INFO DRT-0033] FR_VIA shape region query size = 0.
[INFO DRT-0033] M1 shape region query size = 1165.
[INFO DRT-0033] V1 shape region query size = 577.
[INFO DRT-0033] M2 shape region query size = 531.
[INFO DRT-0165] Start pin access.
[INFO DRT-0078]   Complete 541 pins.
[INFO DRT-0081]   Complete 98 unique inst patterns.
[INFO DRT-0084]   Complete 112 groups.
#scanned instances     = 112
#unique  instances     = 98
#stdCellGenAp          = 1715
#stdCellValidPlanarAp  = 1597
#stdCellValidViaAp     = 2
#stdCellPinNoAp        = 0
#stdCellPinCnt         = 394
#instTermValidViaApCnt = 0
#macroGenAp            = 0
#macroValidPlanarAp    = 0
#macroValidViaAp       = 0
#macroNoAp             = 0
[INFO DRT-0166] Complete pin access.
[INFO DRT-0267] cpu time = 00:00:00, elapsed time = 00:00:00, memory = 132.64 (MB), peak = 132.64 (MB)

[INFO DRT-0157] Number of guides:     499

[INFO DRT-0169] Post process guides.
[INFO DRT-0176] GCELLGRID X 0 DO 12 STEP 81000 ;
[INFO DRT-0177] GCELLGRID Y 0 DO 12 STEP 81000 ;
[INFO DRT-0028]   Complete FR_MASTERSLICE.
[INFO DRT-0028]   Complete Fr_VIA.
[INFO DRT-0028]   Complete M1.
[INFO DRT-0028]   Complete V1.
[INFO DRT-0028]   Complete M2.
[INFO DRT-0178] Init guide query.
[INFO DRT-0035]   Complete FR_MASTERSLICE (guide).
[INFO DRT-0035]   Complete Fr_VIA (guide).
[INFO DRT-0035]   Complete M1 (guide).
[INFO DRT-0035]   Complete V1 (guide).
[INFO DRT-0035]   Complete M2 (guide).
[INFO DRT-0036] FR_MASTERSLICE guide region query size = 0.
[INFO DRT-0036] FR_VIA guide region query size = 0.
[INFO DRT-0036] M1 guide region query size = 482.
[INFO DRT-0036] V1 guide region query size = 0.
[INFO DRT-0036] M2 guide region query size = 653.
[INFO DRT-0179] Init gr pin query.
[INFO DRT-0267] cpu time = 00:00:00, elapsed time = 00:00:00, memory = 133.22 (MB), peak = 133.22 (MB)
[INFO DRT-0245] skipped writing guide updates to database.
[INFO DRT-0185] Post process initialize RPin region query.
[INFO DRT-0181] Start track assignment.
[INFO DRT-0184] Done with 653 vertical wires in 1 frboxes and 482 horizontal wires in 1 frboxes.
[INFO DRT-0186] Done with 166 vertical wires in 1 frboxes and 318 horizontal wires in 1 frboxes.
[INFO DRT-0182] Complete track assignment.
[INFO DRT-0267] cpu time = 00:00:00, elapsed time = 00:00:00, memory = 134.92 (MB), peak = 134.92 (MB)
[INFO DRT-0187] Start routing data preparation.
[INFO DRT-0267] cpu time = 00:00:00, elapsed time = 00:00:00, memory = 135.02 (MB), peak = 135.02 (MB)
[INFO DRT-0194] Start detail routing.
[INFO DRT-0195] Start 0th optimization iteration.
    Completing 20% with 0 violations.
    elapsed time = 00:00:03, memory = 149.25 (MB).
    Completing 50% with 154 violations.
    elapsed time = 00:00:04, memory = 150.97 (MB).
    Completing 70% with 208 violations.
    elapsed time = 00:00:06, memory = 151.09 (MB).
    Completing 100% with 361 violations.
    elapsed time = 00:00:06, memory = 151.20 (MB).
[INFO DRT-0199]   Number of violations = 365.
Viol/Layer          M1     V1     M2
Metal Spacing        0      0    217
NS Metal             0      0      1
Recheck              2      0      2
Short                8      1    134
[INFO DRT-0267] cpu time = 00:00:06, elapsed time = 00:00:06, memory = 241.92 (MB), peak = 284.08 (MB)
Total wire length = 89291 um.
Total wire length on LAYER M1 = 37434 um.
Total wire length on LAYER M2 = 51856 um.
Total number of vias = 435.
Up-via summary (total 435):

----------------------
 FR_MASTERSLICE      0
             M1    435
----------------------
               435


[INFO DRT-0195] Start 1st optimization iteration.
    Completing 20% with 365 violations.
    elapsed time = 00:00:00, memory = 241.98 (MB).
    Completing 50% with 376 violations.
    elapsed time = 00:00:01, memory = 244.20 (MB).
    Completing 70% with 361 violations.
    elapsed time = 00:00:02, memory = 244.23 (MB).
    Completing 100% with 301 violations.
    elapsed time = 00:00:06, memory = 246.12 (MB).
[INFO DRT-0199]   Number of violations = 301.
Viol/Layer          M1     M2
Metal Spacing        0    170
Short                1    130
[INFO DRT-0267] cpu time = 00:00:06, elapsed time = 00:00:06, memory = 239.59 (MB), peak = 284.08 (MB)
Total wire length = 89167 um.
Total wire length on LAYER M1 = 37245 um.
Total wire length on LAYER M2 = 51922 um.
Total number of vias = 439.
Up-via summary (total 439):

----------------------
 FR_MASTERSLICE      0
             M1    439
----------------------
               439


[INFO DRT-0195] Start 2nd optimization iteration.
    Completing 10% with 301 violations.
    elapsed time = 00:00:00, memory = 239.64 (MB).
    Completing 20% with 301 violations.
    elapsed time = 00:00:00, memory = 239.64 (MB).
    Completing 30% with 301 violations.
    elapsed time = 00:00:00, memory = 239.66 (MB).
    Completing 40% with 301 violations.
    elapsed time = 00:00:00, memory = 239.67 (MB).
    Completing 50% with 283 violations.
    elapsed time = 00:00:00, memory = 239.69 (MB).
    Completing 60% with 283 violations.
    elapsed time = 00:00:00, memory = 239.69 (MB).
    Completing 70% with 289 violations.
    elapsed time = 00:00:00, memory = 239.72 (MB).
    Completing 80% with 289 violations.
    elapsed time = 00:00:00, memory = 239.73 (MB).
    Completing 100% with 283 violations.
    elapsed time = 00:00:05, memory = 250.28 (MB).
[INFO DRT-0199]   Number of violations = 283.
Viol/Layer          M1     M2
Metal Spacing        2    144
Short                7    130
[INFO DRT-0267] cpu time = 00:00:05, elapsed time = 00:00:05, memory = 271.36 (MB), peak = 284.08 (MB)
Total wire length = 89193 um.
Total wire length on LAYER M1 = 37267 um.
Total wire length on LAYER M2 = 51926 um.
Total number of vias = 443.
Up-via summary (total 443):

----------------------
 FR_MASTERSLICE      0
             M1    443
----------------------
               443


[INFO DRT-0195] Start 3rd optimization iteration.
    Completing 20% with 283 violations.
    elapsed time = 00:00:01, memory = 271.48 (MB).
    Completing 50% with 186 violations.
    elapsed time = 00:00:01, memory = 271.53 (MB).
    Completing 70% with 134 violations.
    elapsed time = 00:00:02, memory = 272.30 (MB).
    Completing 100% with 131 violations.
    elapsed time = 00:00:02, memory = 272.84 (MB).
[INFO DRT-0199]   Number of violations = 131.
Viol/Layer          M1     M2
Metal Spacing        1    103
Short                0     27
[INFO DRT-0267] cpu time = 00:00:02, elapsed time = 00:00:02, memory = 272.88 (MB), peak = 284.08 (MB)
Total wire length = 90169 um.
Total wire length on LAYER M1 = 38927 um.
Total wire length on LAYER M2 = 51242 um.
Total number of vias = 500.
Up-via summary (total 500):

----------------------
 FR_MASTERSLICE      0
             M1    500
----------------------
               500


[INFO DRT-0195] Start 4th optimization iteration.
    Completing 20% with 131 violations.
    elapsed time = 00:00:00, memory = 273.92 (MB).
    Completing 50% with 98 violations.
    elapsed time = 00:00:02, memory = 273.95 (MB).
    Completing 70% with 98 violations.
    elapsed time = 00:00:03, memory = 273.95 (MB).
    Completing 100% with 27 violations.
    elapsed time = 00:00:03, memory = 273.97 (MB).
[INFO DRT-0199]   Number of violations = 27.
Viol/Layer          M2
Metal Spacing       27
[INFO DRT-0267] cpu time = 00:00:03, elapsed time = 00:00:03, memory = 273.97 (MB), peak = 284.08 (MB)
Total wire length = 90720 um.
Total wire length on LAYER M1 = 39378 um.
Total wire length on LAYER M2 = 51341 um.
Total number of vias = 531.
Up-via summary (total 531):

----------------------
 FR_MASTERSLICE      0
             M1    531
----------------------
               531


[INFO DRT-0195] Start 5th guides tiles iteration.
    Completing 10% with 27 violations.
    elapsed time = 00:00:00, memory = 274.05 (MB).
    Completing 30% with 27 violations.
    elapsed time = 00:00:00, memory = 274.05 (MB).
    Completing 50% with 27 violations.
    elapsed time = 00:00:00, memory = 274.05 (MB).
    Completing 60% with 27 violations.
    elapsed time = 00:00:00, memory = 274.05 (MB).
    Completing 80% with 19 violations.
    elapsed time = 00:00:01, memory = 274.11 (MB).
    Completing 100% with 2 violations.
    elapsed time = 00:00:01, memory = 274.11 (MB).
[INFO DRT-0199]   Number of violations = 2.
Viol/Layer          M2
Metal Spacing        2
[INFO DRT-0267] cpu time = 00:00:01, elapsed time = 00:00:01, memory = 274.11 (MB), peak = 284.08 (MB)
Total wire length = 90911 um.
Total wire length on LAYER M1 = 39459 um.
Total wire length on LAYER M2 = 51451 um.
Total number of vias = 530.
Up-via summary (total 530):

----------------------
 FR_MASTERSLICE      0
             M1    530
----------------------
               530


[INFO DRT-0195] Start 6th guides tiles iteration.
    Completing 100% with 2 violations.
    elapsed time = 00:00:00, memory = 246.48 (MB).
[INFO DRT-0199]   Number of violations = 2.
Viol/Layer          M2
Metal Spacing        2
[INFO DRT-0267] cpu time = 00:00:00, elapsed time = 00:00:00, memory = 246.48 (MB), peak = 284.08 (MB)
Total wire length = 90911 um.
Total wire length on LAYER M1 = 39459 um.
Total wire length on LAYER M2 = 51451 um.
Total number of vias = 530.
Up-via summary (total 530):

----------------------
 FR_MASTERSLICE      0
             M1    530
----------------------
               530


[INFO DRT-0195] Start 7th stubborn tiles iteration.
    Completing 10% with 2 violations.
    elapsed time = 00:00:01, memory = 239.27 (MB).
    Completing 20% with 2 violations.
    elapsed time = 00:00:03, memory = 248.45 (MB).
    Completing 30% with 2 violations.
    elapsed time = 00:00:14, memory = 221.25 (MB).
    Completing 40% with 2 violations.
    elapsed time = 00:00:20, memory = 232.86 (MB).
    Completing 50% with 2 violations.
    elapsed time = 00:00:21, memory = 249.61 (MB).
    Completing 60% with 2 violations.
    elapsed time = 00:00:24, memory = 262.53 (MB).
    Completing 70% with 2 violations.
    elapsed time = 00:00:30, memory = 275.53 (MB).
    Completing 80% with 2 violations.
    elapsed time = 00:00:34, memory = 285.62 (MB).
    Completing 90% with 2 violations.
    elapsed time = 00:00:43, memory = 261.23 (MB).
    Completing 100% with 0 violations.
    elapsed time = 00:00:51, memory = 187.12 (MB).
[INFO DRT-0199]   Number of violations = 0.
[INFO DRT-0267] cpu time = 00:00:51, elapsed time = 00:00:51, memory = 305.66 (MB), peak = 305.66 (MB)
Total wire length = 90909 um.
Total wire length on LAYER M1 = 39459 um.
Total wire length on LAYER M2 = 51449 um.
Total number of vias = 530.
Up-via summary (total 530):

----------------------
 FR_MASTERSLICE      0
             M1    530
----------------------
               530


[INFO DRT-0198] Complete detail routing.
Total wire length = 90909 um.
Total wire length on LAYER M1 = 39459 um.
Total wire length on LAYER M2 = 51449 um.
Total number of vias = 530.
Up-via summary (total 530):

----------------------
 FR_MASTERSLICE      0
             M1    530
----------------------
               530


[INFO DRT-0267] cpu time = 00:01:19, elapsed time = 00:01:20, memory = 305.89 (MB), peak = 305.89 (MB)

[INFO DRT-0180] Post processing.
+ [[ ! -f /Users/yanlu/Documents/TR-1um/flow/designs/tr1um_uarttx_big/runs/triage-f24-affected/connected_power/openroad_detailed_route.drc ]]
+ [[ -s /Users/yanlu/Documents/TR-1um/flow/designs/tr1um_uarttx_big/runs/triage-f24-affected/connected_power/openroad_detailed_route.drc ]]
+ python3 /Users/yanlu/Documents/TR-1um/flow/librelane_override/librelane/scripts/klayout/stream_out.py /Users/yanlu/Documents/TR-1um/flow/designs/tr1um_uarttx_big/runs/triage-f24-affected/connected_power/tr1um_uarttx_big.connected_power.def --output /Users/yanlu/Documents/TR-1um/flow/designs/tr1um_uarttx_big/runs/triage-f24-affected/connected_power/tr1um_uarttx_big.unlabeled.gds --top tr1um_uarttx_big --conflict-resolution AddToCell --lyt /Users/yanlu/Documents/TR-1um/flow/pdk_root/TR-1um/libs.tech/klayout/tech/TR-1um.lyt --lyp /Users/yanlu/Documents/TR-1um/flow/pdk_root/TR-1um/libs.tech/klayout/tech/TR-1um.lyp --lym /Users/yanlu/Documents/TR-1um/flow/pdk_root/TR-1um/libs.tech/klayout/tech/def_layer_map.map --input-lef /Users/yanlu/Documents/TR-1um/flow/pdk_root/TR-1um/libs.ref/TR-1um_stdcell_access/lef/TR-1um_tech.lef --input-lef /Users/yanlu/Documents/TR-1um/flow/pdk_root/TR-1um/libs.ref/TR-1um_stdcell_access/lef/TR-1um_access_cells.lef --with-gds-file /Users/yanlu/Documents/TR-1um/flow/designs/tr1um_uarttx_big/runs/triage-f24-affected/connected_power/TR-1um_known_good_cells.gds
Warning: No mapping for layer 'V1', purpose 'LEFOBS' - layer is ignored (line=26, cell=, file=tr1um_uarttx_big.connected_power.def)
[INFO] Clearing cells…
[INFO] Merging GDS files…
[INFO] Copying top level cell 'tr1um_uarttx_big'…
[INFO] Checking for missing GDS…
[INFO] All LEF cells have matching GDS cells.
[INFO] Writing out GDS '/Users/yanlu/Documents/TR-1um/flow/designs/tr1um_uarttx_big/runs/triage-f24-affected/connected_power/tr1um_uarttx_big.unlabeled.gds'…
[INFO] Done.
+ python3 /Users/yanlu/Documents/TR-1um/flow/scripts/signoff/add_def_pin_labels.py --input-gds /Users/yanlu/Documents/TR-1um/flow/designs/tr1um_uarttx_big/runs/triage-f24-affected/connected_power/tr1um_uarttx_big.unlabeled.gds --def /Users/yanlu/Documents/TR-1um/flow/designs/tr1um_uarttx_big/runs/triage-f24-affected/connected_power/tr1um_uarttx_big.connected_power.def --top tr1um_uarttx_big --output-gds /Users/yanlu/Documents/TR-1um/flow/designs/tr1um_uarttx_big/runs/triage-f24-affected/connected_power/tr1um_uarttx_big.connected_power.gds
label VSS on M2 at (251.1, 3)um
label VDD on M2 at (747.9, 3)um
label clk on M1 at (1.8, 499.5)um
label tx on M1 at (998.2, 499.5)um
wrote /Users/yanlu/Documents/TR-1um/flow/designs/tr1um_uarttx_big/runs/triage-f24-affected/connected_power/tr1um_uarttx_big.connected_power.gds: 4 top-level labels
+ TIE_NORMALIZED_GDS=/Users/yanlu/Documents/TR-1um/flow/designs/tr1um_uarttx_big/runs/triage-f24-affected/connected_power/tr1um_uarttx_big.tie_normalized.gds
+ python3 /Users/yanlu/Documents/TR-1um/flow/scripts/signoff/normalize_tie_cells.py --input /Users/yanlu/Documents/TR-1um/flow/designs/tr1um_uarttx_big/runs/triage-f24-affected/connected_power/tr1um_uarttx_big.connected_power.gds --output /Users/yanlu/Documents/TR-1um/flow/designs/tr1um_uarttx_big/runs/triage-f24-affected/connected_power/tr1um_uarttx_big.tie_normalized.gds
normalized tie-cell physical views: TIELO
+ mv -f -- /Users/yanlu/Documents/TR-1um/flow/designs/tr1um_uarttx_big/runs/triage-f24-affected/connected_power/tr1um_uarttx_big.tie_normalized.gds /Users/yanlu/Documents/TR-1um/flow/designs/tr1um_uarttx_big/runs/triage-f24-affected/connected_power/tr1um_uarttx_big.connected_power.gds
+ [[ -f /Users/yanlu/Documents/TR-1um/flow/designs/tr1um_uarttx_big/postprocess_gds.py ]]
+ POSTPROCESSED_GDS=/Users/yanlu/Documents/TR-1um/flow/designs/tr1um_uarttx_big/runs/triage-f24-affected/connected_power/tr1um_uarttx_big.postprocessed.gds
+ python3 /Users/yanlu/Documents/TR-1um/flow/designs/tr1um_uarttx_big/postprocess_gds.py --input /Users/yanlu/Documents/TR-1um/flow/designs/tr1um_uarttx_big/runs/triage-f24-affected/connected_power/tr1um_uarttx_big.connected_power.gds --output /Users/yanlu/Documents/TR-1um/flow/designs/tr1um_uarttx_big/runs/triage-f24-affected/connected_power/tr1um_uarttx_big.postprocessed.gds --top tr1um_uarttx_big
joined 111 cell wells across 7 rows into one WN network in /Users/yanlu/Documents/TR-1um/flow/designs/tr1um_uarttx_big/runs/triage-f24-affected/connected_power/tr1um_uarttx_big.postprocessed.gds
+ mv -f -- /Users/yanlu/Documents/TR-1um/flow/designs/tr1um_uarttx_big/runs/triage-f24-affected/connected_power/tr1um_uarttx_big.postprocessed.gds /Users/yanlu/Documents/TR-1um/flow/designs/tr1um_uarttx_big/runs/triage-f24-affected/connected_power/tr1um_uarttx_big.connected_power.gds
+ klayout -b -zz -r /Users/yanlu/Documents/TR-1um/flow/pdk_root/TR-1um/libs.tech/klayout/tech/drc/run.drc -rd input=/Users/yanlu/Documents/TR-1um/flow/designs/tr1um_uarttx_big/runs/triage-f24-affected/connected_power/tr1um_uarttx_big.connected_power.gds -rd top_cell=tr1um_uarttx_big -rd report=/Users/yanlu/Documents/TR-1um/flow/designs/tr1um_uarttx_big/runs/triage-f24-affected/connected_power/drawing_drc.lyrdb
+ tee /Users/yanlu/Documents/TR-1um/flow/designs/tr1um_uarttx_big/runs/triage-f24-affected/connected_power/drawing_drc.log
+ python3 /Users/yanlu/Documents/TR-1um/flow/scripts/signoff/check_klayout_report.py /Users/yanlu/Documents/TR-1um/flow/designs/tr1um_uarttx_big/runs/triage-f24-affected/connected_power/drawing_drc.lyrdb
OK: no hard KLayout items in /Users/yanlu/Documents/TR-1um/flow/designs/tr1um_uarttx_big/runs/triage-f24-affected/connected_power/drawing_drc.lyrdb
+ python3 /Users/yanlu/Documents/TR-1um/flow/scripts/signoff/check_connected_power.py /Users/yanlu/Documents/TR-1um/flow/designs/tr1um_uarttx_big/runs/triage-f24-affected/connected_power/tr1um_uarttx_big.connected_power.gds tr1um_uarttx_big
+ tee /Users/yanlu/Documents/TR-1um/flow/designs/tr1um_uarttx_big/runs/triage-f24-affected/connected_power/connected_power.log
top=tr1um_uarttx_big dbu=0.001 M1_components=950 M2_components=445 V1_shapes=957
ground: labels=87 distinct_conductive_components=1
power: labels=104 distinct_conductive_components=1
PASS: every labelled power terminal is connected to its supply network
+ klayout -b -zz -r /Users/yanlu/Documents/TR-1um/flow/pdk_root/TR-1um/libs.tech/klayout/tech/lvs/run.lvs -rd input=/Users/yanlu/Documents/TR-1um/flow/designs/tr1um_uarttx_big/runs/triage-f24-affected/connected_power/tr1um_uarttx_big.connected_power.gds -rd top_cell=tr1um_uarttx_big -rd report=/Users/yanlu/Documents/TR-1um/flow/designs/tr1um_uarttx_big/runs/triage-f24-affected/connected_power/extraction.lvsdb -rd extracted=/Users/yanlu/Documents/TR-1um/flow/designs/tr1um_uarttx_big/runs/triage-f24-affected/connected_power/tr1um_uarttx_big.connected_power.extracted -rd netlist_only
+ tee /Users/yanlu/Documents/TR-1um/flow/designs/tr1um_uarttx_big/runs/triage-f24-affected/connected_power/extraction.log
Setting running mode => deep
Starting TR-1um LVS in Net Only Mode
Done
+ test -s /Users/yanlu/Documents/TR-1um/flow/designs/tr1um_uarttx_big/runs/triage-f24-affected/connected_power/tr1um_uarttx_big.connected_power.extracted
+ python3 /Users/yanlu/Documents/TR-1um/flow/scripts/signoff/check_extracted_instance_supplies.py /Users/yanlu/Documents/TR-1um/flow/designs/tr1um_uarttx_big/runs/triage-f24-affected/connected_power/tr1um_uarttx_big.placed_power.def /Users/yanlu/Documents/TR-1um/flow/designs/tr1um_uarttx_big/runs/triage-f24-affected/connected_power/tr1um_uarttx_big.connected_power.extracted tr1um_uarttx_big
PASS: 111 extracted instances match the DEF and all connect to top-level VDD/VSS
+ python3 /Users/yanlu/Documents/TR-1um/flow/scripts/signoff/build_core_lvs_contract.py --physical-extracted /Users/yanlu/Documents/TR-1um/flow/designs/tr1um_uarttx_big/runs/triage-f24-affected/connected_power/tr1um_uarttx_big.connected_power.extracted --powered-netlist /Users/yanlu/Documents/TR-1um/flow/designs/tr1um_uarttx_big/runs/triage-f24-affected/final/pnl/tr1um_uarttx_big.pnl.v --cell-cdl /Users/yanlu/Documents/TR-1um/flow/pdk_root/TR-1um/libs.ref/TR-1um_stdcell_access/cdl/TR-1um_stdcell_access.cdl --cell-liberty /Users/yanlu/Documents/TR-1um/flow/pdk_root/TR-1um/libs.ref/TR-1um_stdcell_access/lib/TR-1um_stdcell_access_typ_5p0V_25C.lib --top tr1um_uarttx_big --output /Users/yanlu/Documents/TR-1um/flow/designs/tr1um_uarttx_big/runs/triage-f24-affected/connected_power/tr1um_uarttx_big.strict.cir
wrote /Users/yanlu/Documents/TR-1um/flow/designs/tr1um_uarttx_big/runs/triage-f24-affected/connected_power/tr1um_uarttx_big.strict.cir: 111 instances, 16 cell types, top pins clk tx VDD VSS
+ klayout -b -zz -r /Users/yanlu/Documents/TR-1um/flow/pdk_root/TR-1um/libs.tech/klayout/tech/lvs/run.lvs -rd input=/Users/yanlu/Documents/TR-1um/flow/designs/tr1um_uarttx_big/runs/triage-f24-affected/connected_power/tr1um_uarttx_big.connected_power.gds -rd top_cell=tr1um_uarttx_big -rd circuit=/Users/yanlu/Documents/TR-1um/flow/designs/tr1um_uarttx_big/runs/triage-f24-affected/connected_power/tr1um_uarttx_big.strict.cir -rd report=/Users/yanlu/Documents/TR-1um/flow/designs/tr1um_uarttx_big/runs/triage-f24-affected/connected_power/lvs.lvsdb -rd extracted=/Users/yanlu/Documents/TR-1um/flow/designs/tr1um_uarttx_big/runs/triage-f24-affected/connected_power/tr1um_uarttx_big.lvs.extracted
+ tee /Users/yanlu/Documents/TR-1um/flow/designs/tr1um_uarttx_big/runs/triage-f24-affected/connected_power/lvs.log
Setting running mode => deep
Starting TR-1um LVS Comparison in strict port mode
flag_missing_ports enabled: missing/mislabeled top-level ports are treated as errors
==========================================
INFO : Congratulations! Netlists match.
==========================================
+ grep -q 'Congratulations! Netlists match' /Users/yanlu/Documents/TR-1um/flow/designs/tr1um_uarttx_big/runs/triage-f24-affected/connected_power/lvs.log
+ [[ 0 == 1 ]]
+ set +x
PASS: connected, DRC-clean, LVS-clean digital core GDS: /Users/yanlu/Documents/TR-1um/flow/designs/tr1um_uarttx_big/runs/triage-f24-affected/connected_power/tr1um_uarttx_big.connected_power.gds
Macro LEF: /Users/yanlu/Documents/TR-1um/flow/designs/tr1um_uarttx_big/runs/triage-f24-affected/connected_power/tr1um_uarttx_big.macro.lef
Reusable LVS contract: /Users/yanlu/Documents/TR-1um/flow/designs/tr1um_uarttx_big/runs/triage-f24-affected/connected_power/tr1um_uarttx_big.strict.cir
NOTE: this is a core-level result; the MPW frame/pad transition is not included.
+ set +x
PASS: RTL-to-GDS-to-LVS completed for tr1um_uarttx_big (triage-f24-affected)
+ local status=0
+ set +x
----- Package hierarchical macro views -----
+ python3 /Users/yanlu/Documents/TR-1um/flow/scripts/signoff/package_digital_macro.py --run-dir /Users/yanlu/Documents/TR-1um/flow/designs/tr1um_uarttx_big/runs/triage-f24-affected --top tr1um_uarttx_big --output /Users/yanlu/Documents/TR-1um/flow/designs/artifacts/triage-f24-affected/tr1um_uarttx_big
packaged hierarchical macro tr1um_uarttx_big: 4 verified ports -> /Users/yanlu/Documents/TR-1um/flow/designs/artifacts/triage-f24-affected/tr1um_uarttx_big
+ local status=0
+ set +x
