 0.00000000e+00  2.78225405e-06  0.00000000e+00 -2.80627648e-09  0.00000000e+00  0.00000000e+00 
 4.95763454e-10  6.13048353e-06  4.95763454e-10  2.51947127e-07  4.95763454e-10  5.00000000e-03 
 5.29143599e-10  6.37184863e-06  5.29143599e-10  2.51942112e-07  5.29143599e-10  5.33665394e-03 
 5.95903887e-10  6.88734559e-06  5.95903887e-10  2.51915659e-07  5.95903887e-10  6.00996183e-03 
 7.29424465e-10  8.11216716e-06  7.29424465e-10  2.51856164e-07  7.29424465e-10  7.35657760e-03 
 9.96465620e-10  1.11013323e-05  9.96465620e-10  2.51731067e-07  9.96465620e-10  1.00498091e-02 
 1.34941915e-09  1.50774835e-05  1.34941915e-09  2.51552951e-07  1.34941915e-09  1.36095061e-02 
 1.65720288e-09  1.76281831e-05  1.65720288e-09  2.51401465e-07  1.65720288e-09  1.67136450e-02 
 1.88350323e-09  1.88708032e-05  1.88350323e-09  2.51290723e-07  1.88350323e-09  1.89959870e-02 
 2.19496013e-09  2.05947236e-05  2.19496013e-09  2.51135061e-07  2.19496013e-09  2.21371716e-02 
 2.54071049e-09  2.35470569e-05  2.54071049e-09  2.50937056e-07  2.54071049e-09  2.56242213e-02 
 2.87279578e-09  2.73400692e-05  2.87279578e-09  2.50724843e-07  2.87279578e-09  2.89734525e-02 
 3.24403564e-09  3.12105470e-05  3.24403564e-09  2.50475146e-07  3.24403564e-09  3.27175754e-02 
 3.51863728e-09  3.31431747e-05  3.51863728e-09  2.50296839e-07  3.51863728e-09  3.54870579e-02 
 3.75566489e-09  3.43400926e-05  3.75566489e-09  2.50142132e-07  3.75566489e-09  3.78775892e-02 
 4.03622421e-09  3.60194408e-05  4.03622421e-09  2.49950531e-07  4.03622421e-09  4.07071576e-02 
 4.33294391e-09  3.87286696e-05  4.33294391e-09  2.49719996e-07  4.33294391e-09  4.36997107e-02 
 4.66624672e-09  4.25578610e-05  4.66624672e-09  2.49435151e-07  4.66624672e-09  4.70612213e-02 
 5.02520864e-09  4.61929687e-05  5.02520864e-09  2.49116147e-07  5.02520864e-09  5.06815155e-02 
 5.29858395e-09  4.80279239e-05  5.29858395e-09  2.48881500e-07  5.29858395e-09  5.34386299e-02 
 5.54952180e-09  4.92786349e-05  5.54952180e-09  2.48664413e-07  5.54952180e-09  5.59694523e-02 
 5.82523380e-09  5.09985557e-05  5.82523380e-09  2.48411965e-07  5.82523380e-09  5.87501332e-02 
 6.11971371e-09  5.37817533e-05  6.11971371e-09  2.48106208e-07  6.11971371e-09  6.17200971e-02 
 6.46325126e-09  5.77242383e-05  6.46325126e-09  2.47715739e-07  6.46325126e-09  6.51848296e-02 
 6.82451946e-09  6.12249703e-05  6.82451946e-09  2.47293368e-07  6.82451946e-09  6.88283838e-02 
 7.09510608e-09  6.29205675e-05  7.09510608e-09  2.46987549e-07  7.09510608e-09  7.15573729e-02 
 7.36864129e-09  6.42870887e-05  7.36864129e-09  2.46673266e-07  7.36864129e-09  7.43161001e-02 
 7.64902876e-09  6.61899422e-05  7.64902876e-09  2.46326366e-07  7.64902876e-09  7.71439352e-02 
 7.93953595e-09  6.91065135e-05  7.93953595e-09  2.45919791e-07  7.93953595e-09  8.00738324e-02 
 8.32668060e-09  7.34711881e-05  8.32668060e-09  2.45333547e-07  8.32668060e-09  8.39783624e-02 
 8.70111743e-09  7.67041295e-05  8.70111743e-09  2.44760223e-07  8.70111743e-09  8.77547282e-02 
 8.95866695e-09  7.81033550e-05  8.95866695e-09  2.44377519e-07  8.95866695e-09  9.03522323e-02 
 9.29636658e-09  7.99568109e-05  9.29636658e-09  2.43850937e-07  9.29636658e-09  9.37580866e-02 
 9.64219939e-09  8.29374536e-05  9.64219939e-09  2.43244587e-07  9.64219939e-09  9.72459679e-02 
 9.97461982e-09  8.66966698e-05  9.97461982e-09  2.42589494e-07  9.97461982e-09  1.00598579e-01 
 1.03541541e-08  9.04870214e-05  1.03541541e-08  2.41819402e-07  1.03541541e-08  1.04426356e-01 
 1.06347016e-08  9.23163283e-05  1.06347016e-08  2.41261769e-07  1.06347016e-08  1.07255804e-01 
 1.08961474e-08  9.35857863e-05  1.08961474e-08  2.40744638e-07  1.08961474e-08  1.09892604e-01 
 1.11768185e-08  9.53472216e-05  1.11768185e-08  2.40146210e-07  1.11768185e-08  1.12723300e-01 
 1.14732082e-08  9.81724544e-05  1.14732082e-08  2.39439176e-07  1.14732082e-08  1.15712525e-01 
 1.18287538e-08  1.02192608e-04  1.18287538e-08  2.38506687e-07  1.18287538e-08  1.19298364e-01 
 1.21956018e-08  1.05569678e-04  1.21956018e-08  2.37531544e-07  1.21956018e-08  1.22998193e-01 
 1.24652778e-08  1.07138644e-04  1.24652778e-08  2.36831505e-07  1.24652778e-08  1.25717998e-01 
 1.27677082e-08  1.08657016e-04  1.27677082e-08  2.36032419e-07  1.27677082e-08  1.28768146e-01 
 1.30708313e-08  1.10897770e-04  1.30708313e-08  2.35147201e-07  1.30708313e-08  1.31825281e-01 
 1.33614029e-08  1.13971295e-04  1.33614029e-08  2.34197437e-07  1.33614029e-08  1.34755827e-01 
 1.37558288e-08  1.18256940e-04  1.37558288e-08  2.32820334e-07  1.37558288e-08  1.38733792e-01 
 1.41945439e-08  1.21523305e-04  1.41945439e-08  2.31301854e-07  1.41945439e-08  1.43158434e-01 
 1.44752300e-08  1.22882433e-04  1.44752300e-08  2.30335378e-07  1.44752300e-08  1.45989280e-01 
 1.47921962e-08  1.24887796e-04  1.47921962e-08  2.29161302e-07  1.47921962e-08  1.49186029e-01 
 1.50888481e-08  1.27761231e-04  1.50888481e-08  2.27919732e-07  1.50888481e-08  1.52177898e-01 
 1.54521277e-08  1.31829443e-04  1.54521277e-08  2.26265000e-07  1.54521277e-08  1.55841738e-01 
 1.58275736e-08  1.35135970e-04  1.58275736e-08  2.24534576e-07  1.58275736e-08  1.59628281e-01 
 1.60965032e-08  1.36612336e-04  1.60965032e-08  2.23328674e-07  1.60965032e-08  1.62340559e-01 
 1.64492122e-08  1.38480594e-04  1.64492122e-08  2.21682824e-07  1.64492122e-08  1.65897789e-01 
 1.67840820e-08  1.41261292e-04  1.67840820e-08  2.19928950e-07  1.67840820e-08  1.69275103e-01 
 1.71066469e-08  1.44844682e-04  1.71066469e-08  2.18036563e-07  1.71066469e-08  1.72528318e-01 
 1.74963648e-08  1.48759478e-04  1.74963648e-08  2.15666402e-07  1.74963648e-08  1.76458799e-01 
 1.77761459e-08  1.50613390e-04  1.77761459e-08  2.14000067e-07  1.77761459e-08  1.79280519e-01 
 1.80366261e-08  1.51855979e-04  1.80366261e-08  2.12459039e-07  1.80366261e-08  1.81907580e-01 
 1.83293833e-08  1.53620252e-04  1.83293833e-08  2.10605017e-07  1.83293833e-08  1.84860170e-01 
 1.86333141e-08  1.56451010e-04  1.86333141e-08  2.08444776e-07  1.86333141e-08  1.87925451e-01 
 1.89898963e-08  1.60449113e-04  1.89898963e-08  2.05658183e-07  1.89898963e-08  1.91521744e-01 
 1.93635681e-08  1.63878698e-04  1.93635681e-08  2.02690161e-07  1.93635681e-08  1.95290394e-01 
 1.96362067e-08  1.65456491e-04  1.96362067e-08  2.00579062e-07  1.96362067e-08  1.98040079e-01 
 1.99508991e-08  1.67040358e-04  1.99508991e-08  1.98090321e-07  1.99508991e-08  2.01213895e-01 
 2.02660525e-08  1.69413375e-04  2.02660525e-08  1.95331398e-07  2.02660525e-08  2.04392360e-01 
 2.05649913e-08  1.72613378e-04  2.05649913e-08  1.92396656e-07  2.05649913e-08  2.07407295e-01 
 2.09682331e-08  1.76927660e-04  2.09682331e-08  1.88198424e-07  2.09682331e-08  2.11474171e-01 
 2.13584396e-08  1.79771977e-04  2.13584396e-08  1.84184592e-07  2.13584396e-08  2.15409582e-01 
 2.16418658e-08  1.81163514e-04  2.16418658e-08  1.81287019e-07  2.16418658e-08  2.18268063e-01 
 2.19608893e-08  1.83209828e-04  2.19608893e-08  1.77773905e-07  2.19608893e-08  2.21485560e-01 
 2.22661540e-08  1.86203980e-04  2.22661540e-08  1.73978999e-07  2.22661540e-08  2.24564293e-01 
 2.26451816e-08  1.90462527e-04  2.26451816e-08  1.68849860e-07  2.26451816e-08  2.28386960e-01 
 2.30337482e-08  1.93835662e-04  2.30337482e-08  1.63549756e-07  2.30337482e-08  2.32305831e-01 
 2.33008100e-08  1.95297137e-04  2.33008100e-08  1.59996711e-07  2.33008100e-08  2.34999271e-01 
 2.36664466e-08  1.97380633e-04  2.36664466e-08  1.54893154e-07  2.36664466e-08  2.38686881e-01 
 2.40491369e-08  2.00858516e-04  2.40491369e-08  1.48819839e-07  2.40491369e-08  2.42546487e-01 
 2.44182152e-08  2.05072372e-04  2.44182152e-08  1.42287654e-07  2.44182152e-08  2.46268810e-01 
 2.48166454e-08  2.08785166e-04  2.48166454e-08  1.35115700e-07  2.48166454e-08  2.50287160e-01 
 2.50966872e-08  2.10449888e-04  2.50966872e-08  1.30199683e-07  2.50966872e-08  2.53111510e-01 
 2.54857206e-08  2.12710788e-04  2.54857206e-08  1.23085630e-07  2.54857206e-08  2.57035088e-01 
 2.58394360e-08  2.15896719e-04  2.58394360e-08  1.15766099e-07  2.58394360e-08  2.60602468e-01 
 2.61813796e-08  2.19873298e-04  2.61813796e-08  1.07872344e-07  2.61813796e-08  2.64051125e-01 
 2.65893409e-08  2.23976599e-04  2.65893409e-08  9.81938954e-08  2.65893409e-08  2.68165600e-01 
 2.68775296e-08  2.25882197e-04  2.68775296e-08  9.15262993e-08  2.68775296e-08  2.71072115e-01 
 2.72042108e-08  2.27733101e-04  2.72042108e-08  8.38248994e-08  2.72042108e-08  2.74366843e-01 
 2.75343806e-08  2.30431285e-04  2.75343806e-08  7.52157328e-08  2.75343806e-08  2.77696756e-01 
 2.78487976e-08  2.34023693e-04  2.78487976e-08  6.59877852e-08  2.78487976e-08  2.80867795e-01 
 2.82713989e-08  2.38794993e-04  2.82713989e-08  5.28746322e-08  2.82713989e-08  2.85129921e-01 
 2.86602412e-08  2.41860767e-04  2.86602412e-08  4.09666381e-08  2.86602412e-08  2.89051572e-01 
 2.89851593e-08  2.43803377e-04  2.89851593e-08  3.09803362e-08  2.89851593e-08  2.92328519e-01 
 2.93281805e-08  2.46600529e-04  2.93281805e-08  1.94029473e-08  2.93281805e-08  2.95788044e-01 
 2.96505432e-08  2.50337620e-04  2.96505432e-08  7.10403035e-09  2.96505432e-08  2.99039218e-01 
 3.00903142e-08  2.55540422e-04  3.00903142e-08 -1.07965630e-08  3.00903142e-08  3.03474509e-01 
 3.05718401e-08  2.59586717e-04  3.05718401e-08 -3.02553228e-08  3.05718401e-08  3.08330917e-01 
 3.09523299e-08  2.62186893e-04  3.09523299e-08 -4.59540716e-08  3.09523299e-08  3.12168330e-01 
 3.13407166e-08  2.66013306e-04  3.13407166e-08 -6.39940222e-08  3.13407166e-08  3.16085386e-01 
 3.16795721e-08  2.70385523e-04  3.16795721e-08 -8.17153347e-08  3.16795721e-08  3.19502898e-01 
 3.21328501e-08  2.75652308e-04  3.21328501e-08 -1.06218231e-07  3.21328501e-08  3.24074413e-01 
 3.24447191e-08  2.78219622e-04  3.24447191e-08 -1.22719469e-07  3.24447191e-08  3.27219754e-01 
 3.28276048e-08  2.81167731e-04  3.28276048e-08 -1.43605675e-07  3.28276048e-08  3.31081330e-01 
 3.32107136e-08  2.85336800e-04  3.32107136e-08 -1.67198128e-07  3.32107136e-08  3.34945157e-01 
 3.35807825e-08  2.90430413e-04  3.35807825e-08 -1.92779198e-07  3.35807825e-08  3.38677470e-01 
 3.40295561e-08  2.95917552e-04  3.40295561e-08 -2.24678419e-07  3.40295561e-08  3.43203556e-01 
 3.43429355e-08  2.98726183e-04  3.43429355e-08 -2.46465062e-07  3.43429355e-08  3.46364130e-01 
 3.48187822e-08  3.03182842e-04  3.48187822e-08 -2.81482780e-07  3.48187822e-08  3.51163260e-01 
 3.52640693e-08  3.09066143e-04  3.52640693e-08 -3.19339069e-07  3.52640693e-08  3.55654184e-01 
 3.57443961e-08  3.16104506e-04  3.57443961e-08 -3.64300866e-07  3.57443961e-08  3.60498498e-01 
 3.62373807e-08  3.21854307e-04  3.62373807e-08 -4.10450210e-07  3.62373807e-08  3.65470471e-01 
 3.66761560e-08  3.26417504e-04  3.66761560e-08 -4.52618314e-07  3.66761560e-08  3.69895720e-01 
 3.71289629e-08  3.32706248e-04  3.71289629e-08 -5.02254098e-07  3.71289629e-08  3.74462484e-01 
 3.75580167e-08  3.39836386e-04  3.75580167e-08 -5.55125240e-07  3.75580167e-08  3.78789687e-01 
 3.80609890e-08  3.47127169e-04  3.80609890e-08 -6.18071421e-07  3.80609890e-08  3.83862392e-01 
 3.84696925e-08  3.52085975e-04  3.84696925e-08 -6.69148852e-07  3.84696925e-08  3.87984352e-01 
 3.89399293e-08  3.58975210e-04  3.89399293e-08 -7.34442248e-07  3.89399293e-08  3.92726904e-01 
 3.93685347e-08  3.66898623e-04  3.93685347e-08 -8.02714661e-07  3.93685347e-08  3.97049585e-01 
 3.99244505e-08  3.76762594e-04  3.99244505e-08 -8.95383432e-07  3.99244505e-08  4.02656248e-01 
 4.03701010e-08  3.83490787e-04  4.03701010e-08 -9.69317799e-07  4.03701010e-08  4.07150837e-01 
 4.09300760e-08  3.93120152e-04  4.09300760e-08 -1.07178293e-06  4.09300760e-08  4.12798439e-01 
 4.14667061e-08  4.04631236e-04  4.14667061e-08 -1.18610181e-06  4.14667061e-08  4.18210597e-01 
 4.20842428e-08  4.17565775e-04  4.20842428e-08 -1.32477620e-06  4.20842428e-08  4.24438737e-01 
 4.26287019e-08  4.28045339e-04  4.26287019e-08 -1.44898482e-06  4.26287019e-08  4.29929854e-01 
 4.32414707e-08  4.42070274e-04  4.32414707e-08 -1.60862485e-06  4.32414707e-08  4.36109906e-01 
 4.38368106e-08  4.57881773e-04  4.38368106e-08 -1.78639194e-06  4.38368106e-08  4.42114180e-01 
 4.45155090e-08  4.75087079e-04  4.45155090e-08 -1.99490880e-06  4.45155090e-08  4.48959162e-01 
 4.53081924e-08  4.96532305e-04  4.53081924e-08 -2.26144376e-06  4.53081924e-08  4.56953735e-01 
 4.60826625e-08  5.21830641e-04  4.60826625e-08 -2.57234417e-06  4.60826625e-08  4.64764619e-01 
 4.70857924e-08  5.56129047e-04  4.70857924e-08 -3.01205042e-06  4.70857924e-08  4.74881639e-01 
 4.81495536e-08  5.96467292e-04  4.81495536e-08 -3.54107932e-06  4.81495536e-08  4.85610156e-01 
 4.92204400e-08  6.45380472e-04  4.92204400e-08 -4.19304354e-06  4.92204400e-08  4.96410532e-01 
 5.06911184e-08  7.20907682e-04  5.06911184e-08 -5.21753769e-06  5.06911184e-08  5.11242992e-01 
 5.30440983e-08  8.78433089e-04  5.30440983e-08 -7.39589449e-06  5.30440983e-08  5.34973865e-01 
 5.53199655e-08  1.08434736e-03  5.53199655e-08 -1.02986591e-05  5.53199655e-08  5.57927022e-01 
 5.85505051e-08  1.50735190e-03  5.85505051e-08 -1.62398044e-05  5.85505051e-08  5.90508484e-01 
 6.26505739e-08  2.39548566e-03  6.26505739e-08 -2.87108335e-05  6.26505739e-08  6.31859543e-01 
 7.08507114e-08  6.66655349e-03  7.08507114e-08 -8.26383114e-05  7.08507114e-08  7.14561661e-01 
 7.98205206e-08  1.90048770e-02  7.98205206e-08 -2.17170095e-04  7.98205206e-08  8.05026267e-01 
 9.21151759e-08  5.80343410e-02  9.21151759e-08 -4.95966774e-04  9.21151759e-08  9.29023460e-01 
 1.08292306e-07  1.44225248e-01  1.08292306e-07 -7.75584422e-04  1.08292306e-07  1.09217718e+00 
 1.24817994e-07  2.49822247e-01  1.24817994e-07 -9.01349365e-04  1.24817994e-07  1.25884626e+00 
 1.50739258e-07  4.19577778e-01  1.50739258e-07 -1.08252560e-03  1.50739258e-07  1.52027400e+00 
 1.77883586e-07  6.00609439e-01  1.77883586e-07 -1.27589703e-03  1.77883586e-07  1.79403690e+00 
 2.27459931e-07  9.36489772e-01  2.27459931e-07 -1.62023501e-03  2.27459931e-07  2.29403690e+00 
 2.77036277e-07  1.27445428e+00  2.77036277e-07 -1.95772743e-03  2.77036277e-07  2.79403690e+00 
 3.26612622e-07  1.60911900e+00  3.26612622e-07 -2.27913835e-03  3.26612622e-07  3.29403690e+00 
 3.76188967e-07  1.93459307e+00  3.76188967e-07 -2.58034205e-03  3.76188967e-07  3.79403690e+00 
 4.25765313e-07  2.24479383e+00  4.25765313e-07 -2.85270325e-03  4.25765313e-07  4.29403690e+00 
 4.60764383e-07  2.45162408e+00  4.60764383e-07 -3.02742845e-03  4.60764383e-07  4.64701845e+00 
 4.95763454e-07  2.64698191e+00  4.95763454e-07 -3.18894679e-03  4.95763454e-07  5.00000000e+00 
 5.00721089e-07  2.66647667e+00  5.00721089e-07 -3.06117579e-03  5.00721089e-07  5.00000000e+00 
 5.10636358e-07  2.69354093e+00  5.10636358e-07 -2.84724893e-03  5.10636358e-07  5.00000000e+00 
 5.30466896e-07  2.70922032e+00  5.30466896e-07 -2.71443886e-03  5.30466896e-07  5.00000000e+00 
 5.62422096e-07  2.71033137e+00  5.62422096e-07 -2.71207562e-03  5.62422096e-07  5.00000000e+00 
 5.96715069e-07  2.71016706e+00  5.96715069e-07 -2.70748054e-03  5.96715069e-07  5.00000000e+00 
 6.46291415e-07  2.71017613e+00  6.46291415e-07 -2.71288632e-03  6.46291415e-07  5.00000000e+00 
 6.95867760e-07  2.71019408e+00  6.95867760e-07 -2.70756913e-03  6.95867760e-07  5.00000000e+00 
 7.45444106e-07  2.71016677e+00  7.45444106e-07 -2.71266939e-03  7.45444106e-07  5.00000000e+00 
 7.95020451e-07  2.71019671e+00  7.95020451e-07 -2.70782657e-03  7.95020451e-07  5.00000000e+00 
 8.44596796e-07  2.71016708e+00  8.44596796e-07 -2.71240675e-03  8.44596796e-07  5.00000000e+00 
 8.94173142e-07  2.71019577e+00  8.94173142e-07 -2.70808228e-03  8.94173142e-07  5.00000000e+00 
 9.43749487e-07  2.71016862e+00  9.43749487e-07 -2.71216286e-03  9.43749487e-07  5.00000000e+00 
 9.93325833e-07  2.71019445e+00  9.93325833e-07 -2.70831372e-03  9.93325833e-07  5.00000000e+00 
 1.04290218e-06  2.71017016e+00  1.04290218e-06 -2.71194424e-03  1.04290218e-06  5.00000000e+00 
 1.09247852e-06  2.71019320e+00  1.09247852e-06 -2.70852035e-03  1.09247852e-06  5.00000000e+00 
 1.14205487e-06  2.71017154e+00  1.14205487e-06 -2.71174934e-03  1.14205487e-06  5.00000000e+00 
 1.19163121e-06  2.71019206e+00  1.19163121e-06 -2.70870443e-03  1.19163121e-06  5.00000000e+00 
 1.24120756e-06  2.71017277e+00  1.24120756e-06 -2.71157573e-03  1.24120756e-06  5.00000000e+00 
 1.29078391e-06  2.71019104e+00  1.29078391e-06 -2.70886837e-03  1.29078391e-06  5.00000000e+00 
 1.34036025e-06  2.71017385e+00  1.34036025e-06 -2.71142111e-03  1.34036025e-06  5.00000000e+00 
 1.38993660e-06  2.71019013e+00  1.38993660e-06 -2.70901436e-03  1.38993660e-06  5.00000000e+00 
 1.43951294e-06  2.71017481e+00  1.43951294e-06 -2.71128342e-03  1.43951294e-06  5.00000000e+00 
 1.48908929e-06  2.71018931e+00  1.48908929e-06 -2.70914436e-03  1.48908929e-06  5.00000000e+00 
 1.53866563e-06  2.71017566e+00  1.53866563e-06 -2.71116080e-03  1.53866563e-06  5.00000000e+00 
 1.58824198e-06  2.71018857e+00  1.58824198e-06 -2.70926013e-03  1.58824198e-06  5.00000000e+00 
 1.63781832e-06  2.71017642e+00  1.63781832e-06 -2.71105160e-03  1.63781832e-06  5.00000000e+00 
 1.68739467e-06  2.71018791e+00  1.68739467e-06 -2.70936321e-03  1.68739467e-06  5.00000000e+00 
 1.73697101e-06  2.71017709e+00  1.73697101e-06 -2.71095437e-03  1.73697101e-06  5.00000000e+00 
 1.78654736e-06  2.71018732e+00  1.78654736e-06 -2.70945500e-03  1.78654736e-06  5.00000000e+00 
 1.83612370e-06  2.71017768e+00  1.83612370e-06 -2.71086778e-03  1.83612370e-06  5.00000000e+00 
 1.88570005e-06  2.71018680e+00  1.88570005e-06 -2.70953674e-03  1.88570005e-06  5.00000000e+00 
 1.93527640e-06  2.71017821e+00  1.93527640e-06 -2.71079068e-03  1.93527640e-06  5.00000000e+00 
 1.98485274e-06  2.71018633e+00  1.98485274e-06 -2.70960951e-03  1.98485274e-06  5.00000000e+00 
 2.03442909e-06  2.71017868e+00  2.03442909e-06 -2.71072202e-03  2.03442909e-06  5.00000000e+00 
 2.08400543e-06  2.71018591e+00  2.08400543e-06 -2.70967431e-03  2.08400543e-06  5.00000000e+00 
 2.13358178e-06  2.71017909e+00  2.13358178e-06 -2.71066090e-03  2.13358178e-06  5.00000000e+00 
 2.18315812e-06  2.71018553e+00  2.18315812e-06 -2.70973200e-03  2.18315812e-06  5.00000000e+00 
 2.23273447e-06  2.71017946e+00  2.23273447e-06 -2.71060647e-03  2.23273447e-06  5.00000000e+00 
 2.28231081e-06  2.71018520e+00  2.28231081e-06 -2.70978336e-03  2.28231081e-06  5.00000000e+00 
 2.33188716e-06  2.71017979e+00  2.33188716e-06 -2.71055802e-03  2.33188716e-06  5.00000000e+00 
 2.38146350e-06  2.71018490e+00  2.38146350e-06 -2.70982909e-03  2.38146350e-06  5.00000000e+00 
 2.43103985e-06  2.71018008e+00  2.43103985e-06 -2.71051488e-03  2.43103985e-06  5.00000000e+00 
 2.48061620e-06  2.71018463e+00  2.48061620e-06 -2.70986979e-03  2.48061620e-06  5.00000000e+00 
 2.53019254e-06  2.71018034e+00  2.53019254e-06 -2.71047648e-03  2.53019254e-06  5.00000000e+00 
 2.57976889e-06  2.71018439e+00  2.57976889e-06 -2.70990603e-03  2.57976889e-06  5.00000000e+00 
 2.62934523e-06  2.71018057e+00  2.62934523e-06 -2.71044230e-03  2.62934523e-06  5.00000000e+00 
 2.67892158e-06  2.71018418e+00  2.67892158e-06 -2.70993828e-03  2.67892158e-06  5.00000000e+00 
 2.72849792e-06  2.71018078e+00  2.72849792e-06 -2.71041188e-03  2.72849792e-06  5.00000000e+00 
 2.77807427e-06  2.71018399e+00  2.77807427e-06 -2.70996699e-03  2.77807427e-06  5.00000000e+00 
 2.82765061e-06  2.71018096e+00  2.82765061e-06 -2.71038480e-03  2.82765061e-06  5.00000000e+00 
 2.87722696e-06  2.71018382e+00  2.87722696e-06 -2.70999253e-03  2.87722696e-06  5.00000000e+00 
 2.92680330e-06  2.71018112e+00  2.92680330e-06 -2.71036070e-03  2.92680330e-06  5.00000000e+00 
 2.97637965e-06  2.71018367e+00  2.97637965e-06 -2.71001527e-03  2.97637965e-06  5.00000000e+00 
 3.02595599e-06  2.71018127e+00  3.02595599e-06 -2.71033925e-03  3.02595599e-06  5.00000000e+00 
 3.07553234e-06  2.71018354e+00  3.07553234e-06 -2.71003550e-03  3.07553234e-06  5.00000000e+00 
 3.12510869e-06  2.71018139e+00  3.12510869e-06 -2.71032017e-03  3.12510869e-06  5.00000000e+00 
 3.17468503e-06  2.71018342e+00  3.17468503e-06 -2.71005350e-03  3.17468503e-06  5.00000000e+00 
 3.22426138e-06  2.71018151e+00  3.22426138e-06 -2.71030319e-03  3.22426138e-06  5.00000000e+00 
 3.27383772e-06  2.71018331e+00  3.27383772e-06 -2.71006951e-03  3.27383772e-06  5.00000000e+00 
 3.32341407e-06  2.71018161e+00  3.32341407e-06 -2.71028809e-03  3.32341407e-06  5.00000000e+00 
 3.37299041e-06  2.71018321e+00  3.37299041e-06 -2.71008376e-03  3.37299041e-06  5.00000000e+00 
 3.42256676e-06  2.71018170e+00  3.42256676e-06 -2.71027466e-03  3.42256676e-06  5.00000000e+00 
 3.47214310e-06  2.71018313e+00  3.47214310e-06 -2.71009642e-03  3.47214310e-06  5.00000000e+00 
 3.52171945e-06  2.71018178e+00  3.52171945e-06 -2.71026271e-03  3.52171945e-06  5.00000000e+00 
 3.57129579e-06  2.71018305e+00  3.57129579e-06 -2.71010769e-03  3.57129579e-06  5.00000000e+00 
 3.62087214e-06  2.71018185e+00  3.62087214e-06 -2.71025209e-03  3.62087214e-06  5.00000000e+00 
 3.67044849e-06  2.71018299e+00  3.67044849e-06 -2.71011770e-03  3.67044849e-06  5.00000000e+00 
 3.72002483e-06  2.71018192e+00  3.72002483e-06 -2.71024265e-03  3.72002483e-06  5.00000000e+00 
 3.76960118e-06  2.71018293e+00  3.76960118e-06 -2.71012660e-03  3.76960118e-06  5.00000000e+00 
 3.81917752e-06  2.71018197e+00  3.81917752e-06 -2.71023426e-03  3.81917752e-06  5.00000000e+00 
 3.86875387e-06  2.71018287e+00  3.86875387e-06 -2.71013451e-03  3.86875387e-06  5.00000000e+00 
 3.91833021e-06  2.71018203e+00  3.91833021e-06 -2.71022681e-03  3.91833021e-06  5.00000000e+00 
 3.96790656e-06  2.71018282e+00  3.96790656e-06 -2.71014154e-03  3.96790656e-06  5.00000000e+00 
 4.01748290e-06  2.71018207e+00  4.01748290e-06 -2.71022018e-03  4.01748290e-06  5.00000000e+00 
 4.06705925e-06  2.71018278e+00  4.06705925e-06 -2.71014778e-03  4.06705925e-06  5.00000000e+00 
 4.11663559e-06  2.71018211e+00  4.11663559e-06 -2.71021430e-03  4.11663559e-06  5.00000000e+00 
 4.16621194e-06  2.71018274e+00  4.16621194e-06 -2.71015333e-03  4.16621194e-06  5.00000000e+00 
 4.21578828e-06  2.71018215e+00  4.21578828e-06 -2.71020908e-03  4.21578828e-06  5.00000000e+00 
 4.26536463e-06  2.71018271e+00  4.26536463e-06 -2.71015825e-03  4.26536463e-06  5.00000000e+00 
 4.31494098e-06  2.71018218e+00  4.31494098e-06 -2.71020445e-03  4.31494098e-06  5.00000000e+00 
 4.36451732e-06  2.71018268e+00  4.36451732e-06 -2.71016261e-03  4.36451732e-06  5.00000000e+00 
 4.41409367e-06  2.71018221e+00  4.41409367e-06 -2.71020034e-03  4.41409367e-06  5.00000000e+00 
 4.46367001e-06  2.71018265e+00  4.46367001e-06 -2.71016648e-03  4.46367001e-06  5.00000000e+00 
 4.51324636e-06  2.71018223e+00  4.51324636e-06 -2.71019669e-03  4.51324636e-06  5.00000000e+00 
 4.56282270e-06  2.71018263e+00  4.56282270e-06 -2.71016991e-03  4.56282270e-06  5.00000000e+00 
 4.61239905e-06  2.71018225e+00  4.61239905e-06 -2.71019346e-03  4.61239905e-06  5.00000000e+00 
 4.66197539e-06  2.71018261e+00  4.66197539e-06 -2.71017295e-03  4.66197539e-06  5.00000000e+00 
 4.71155174e-06  2.71018227e+00  4.71155174e-06 -2.71019060e-03  4.71155174e-06  5.00000000e+00 
 4.76112808e-06  2.71018259e+00  4.76112808e-06 -2.71017564e-03  4.76112808e-06  5.00000000e+00 
 4.81070443e-06  2.71018229e+00  4.81070443e-06 -2.71018807e-03  4.81070443e-06  5.00000000e+00 
 4.86028077e-06  2.71018257e+00  4.86028077e-06 -2.71017802e-03  4.86028077e-06  5.00000000e+00 
 4.90985712e-06  2.71018231e+00  4.90985712e-06 -2.71018584e-03  4.90985712e-06  5.00000000e+00 
 4.95943347e-06  2.71018256e+00  4.95943347e-06 -2.71018012e-03  4.95943347e-06  5.00000000e+00 
 5.00900981e-06  2.71018232e+00  5.00900981e-06 -2.71018386e-03  5.00900981e-06  5.00000000e+00 
 5.05858616e-06  2.71018254e+00  5.05858616e-06 -2.71018198e-03  5.05858616e-06  5.00000000e+00 
 5.10816250e-06  2.71018233e+00  5.10816250e-06 -2.71018211e-03  5.10816250e-06  5.00000000e+00 
 5.15773885e-06  2.71018253e+00  5.15773885e-06 -2.71018362e-03  5.15773885e-06  5.00000000e+00 
 5.20731519e-06  2.71018235e+00  5.20731519e-06 -2.71018057e-03  5.20731519e-06  5.00000000e+00 
 5.25689154e-06  2.71018252e+00  5.25689154e-06 -2.71018506e-03  5.25689154e-06  5.00000000e+00 
 5.30646788e-06  2.71018236e+00  5.30646788e-06 -2.71017922e-03  5.30646788e-06  5.00000000e+00 
 5.35604423e-06  2.71018251e+00  5.35604423e-06 -2.71018633e-03  5.35604423e-06  5.00000000e+00 
 5.40562057e-06  2.71018236e+00  5.40562057e-06 -2.71017803e-03  5.40562057e-06  5.00000000e+00 
 5.45519692e-06  2.71018250e+00  5.45519692e-06 -2.71018745e-03  5.45519692e-06  5.00000000e+00 
 5.50477327e-06  2.71018237e+00  5.50477327e-06 -2.71017698e-03  5.50477327e-06  5.00000000e+00 
 5.55434961e-06  2.71018250e+00  5.55434961e-06 -2.71018843e-03  5.55434961e-06  5.00000000e+00 
 5.60392596e-06  2.71018238e+00  5.60392596e-06 -2.71017607e-03  5.60392596e-06  5.00000000e+00 
 5.65350230e-06  2.71018249e+00  5.65350230e-06 -2.71018929e-03  5.65350230e-06  5.00000000e+00 
 5.70307865e-06  2.71018239e+00  5.70307865e-06 -2.71017527e-03  5.70307865e-06  5.00000000e+00 
 5.75265499e-06  2.71018248e+00  5.75265499e-06 -2.71019003e-03  5.75265499e-06  5.00000000e+00 
 5.80223134e-06  2.71018239e+00  5.80223134e-06 -2.71017457e-03  5.80223134e-06  5.00000000e+00 
 5.85180768e-06  2.71018248e+00  5.85180768e-06 -2.71019069e-03  5.85180768e-06  5.00000000e+00 
 5.90138403e-06  2.71018240e+00  5.90138403e-06 -2.71017396e-03  5.90138403e-06  5.00000000e+00 
 5.95096037e-06  2.71018247e+00  5.95096037e-06 -2.71019125e-03  5.95096037e-06  5.00000000e+00 
 6.00053672e-06  2.71018240e+00  6.00053672e-06 -2.71017343e-03  6.00053672e-06  5.00000000e+00 
 6.05011306e-06  2.71018247e+00  6.05011306e-06 -2.71019174e-03  6.05011306e-06  5.00000000e+00 
 6.09968941e-06  2.71018241e+00  6.09968941e-06 -2.71017298e-03  6.09968941e-06  5.00000000e+00 
 6.14926576e-06  2.71018247e+00  6.14926576e-06 -2.71019216e-03  6.14926576e-06  5.00000000e+00 
 6.19884210e-06  2.71018241e+00  6.19884210e-06 -2.71017259e-03  6.19884210e-06  5.00000000e+00 
 6.24841845e-06  2.71018246e+00  6.24841845e-06 -2.71019253e-03  6.24841845e-06  5.00000000e+00 
 6.29799479e-06  2.71018241e+00  6.29799479e-06 -2.71017225e-03  6.29799479e-06  5.00000000e+00 
 6.34757114e-06  2.71018246e+00  6.34757114e-06 -2.71019283e-03  6.34757114e-06  5.00000000e+00 
 6.39714748e-06  2.71018241e+00  6.39714748e-06 -2.71017197e-03  6.39714748e-06  5.00000000e+00 
 6.44672383e-06  2.71018246e+00  6.44672383e-06 -2.71019309e-03  6.44672383e-06  5.00000000e+00 
 6.49630017e-06  2.71018242e+00  6.49630017e-06 -2.71017173e-03  6.49630017e-06  5.00000000e+00 
 6.54587652e-06  2.71018246e+00  6.54587652e-06 -2.71019331e-03  6.54587652e-06  5.00000000e+00 
 6.59545286e-06  2.71018242e+00  6.59545286e-06 -2.71017153e-03  6.59545286e-06  5.00000000e+00 
 6.64502921e-06  2.71018245e+00  6.64502921e-06 -2.71019349e-03  6.64502921e-06  5.00000000e+00 
 6.69460556e-06  2.71018242e+00  6.69460556e-06 -2.71017137e-03  6.69460556e-06  5.00000000e+00 
 6.74418190e-06  2.71018245e+00  6.74418190e-06 -2.71019364e-03  6.74418190e-06  5.00000000e+00 
 6.79375825e-06  2.71018242e+00  6.79375825e-06 -2.71017123e-03  6.79375825e-06  5.00000000e+00 
 6.84333459e-06  2.71018245e+00  6.84333459e-06 -2.71019376e-03  6.84333459e-06  5.00000000e+00 
 6.89291094e-06  2.71018242e+00  6.89291094e-06 -2.71017113e-03  6.89291094e-06  5.00000000e+00 
 6.94248728e-06  2.71018245e+00  6.94248728e-06 -2.71019385e-03  6.94248728e-06  5.00000000e+00 
 6.99206363e-06  2.71018243e+00  6.99206363e-06 -2.71017105e-03  6.99206363e-06  5.00000000e+00 
 7.04163997e-06  2.71018245e+00  7.04163997e-06 -2.71019392e-03  7.04163997e-06  5.00000000e+00 
 7.09121632e-06  2.71018243e+00  7.09121632e-06 -2.71017099e-03  7.09121632e-06  5.00000000e+00 
 7.14079266e-06  2.71018245e+00  7.14079266e-06 -2.71019397e-03  7.14079266e-06  5.00000000e+00 
 7.19036901e-06  2.71018243e+00  7.19036901e-06 -2.71017095e-03  7.19036901e-06  5.00000000e+00 
 7.23994535e-06  2.71018244e+00  7.23994535e-06 -2.71019400e-03  7.23994535e-06  5.00000000e+00 
 7.28952170e-06  2.71018243e+00  7.28952170e-06 -2.71017093e-03  7.28952170e-06  5.00000000e+00 
 7.33909805e-06  2.71018244e+00  7.33909805e-06 -2.71019401e-03  7.33909805e-06  5.00000000e+00 
 7.38867439e-06  2.71018243e+00  7.38867439e-06 -2.71017092e-03  7.38867439e-06  5.00000000e+00 
 7.43825074e-06  2.71018244e+00  7.43825074e-06 -2.71019401e-03  7.43825074e-06  5.00000000e+00 
 7.48782708e-06  2.71018243e+00  7.48782708e-06 -2.71017093e-03  7.48782708e-06  5.00000000e+00 
 7.53740343e-06  2.71018244e+00  7.53740343e-06 -2.71019400e-03  7.53740343e-06  5.00000000e+00 
 7.58697977e-06  2.71018243e+00  7.58697977e-06 -2.71017095e-03  7.58697977e-06  5.00000000e+00 
 7.63655612e-06  2.71018244e+00  7.63655612e-06 -2.71019398e-03  7.63655612e-06  5.00000000e+00 
 7.68613246e-06  2.71018243e+00  7.68613246e-06 -2.71017098e-03  7.68613246e-06  5.00000000e+00 
 7.73570881e-06  2.71018244e+00  7.73570881e-06 -2.71019394e-03  7.73570881e-06  5.00000000e+00 
 7.78528515e-06  2.71018243e+00  7.78528515e-06 -2.71017101e-03  7.78528515e-06  5.00000000e+00 
 7.83486150e-06  2.71018244e+00  7.83486150e-06 -2.71019390e-03  7.83486150e-06  5.00000000e+00 
 7.88443785e-06  2.71018243e+00  7.88443785e-06 -2.71017106e-03  7.88443785e-06  5.00000000e+00 
 7.93401419e-06  2.71018244e+00  7.93401419e-06 -2.71019385e-03  7.93401419e-06  5.00000000e+00 
 7.98359054e-06  2.71018243e+00  7.98359054e-06 -2.71017111e-03  7.98359054e-06  5.00000000e+00 
 8.03316688e-06  2.71018244e+00  8.03316688e-06 -2.71019380e-03  8.03316688e-06  5.00000000e+00 
 8.08274323e-06  2.71018243e+00  8.08274323e-06 -2.71017117e-03  8.08274323e-06  5.00000000e+00 
 8.13231957e-06  2.71018244e+00  8.13231957e-06 -2.71019374e-03  8.13231957e-06  5.00000000e+00 
 8.18189592e-06  2.71018243e+00  8.18189592e-06 -2.71017123e-03  8.18189592e-06  5.00000000e+00 
 8.23147226e-06  2.71018244e+00  8.23147226e-06 -2.71019367e-03  8.23147226e-06  5.00000000e+00 
 8.28104861e-06  2.71018243e+00  8.28104861e-06 -2.71017130e-03  8.28104861e-06  5.00000000e+00 
 8.33062495e-06  2.71018244e+00  8.33062495e-06 -2.71019360e-03  8.33062495e-06  5.00000000e+00 
 8.38020130e-06  2.71018244e+00  8.38020130e-06 -2.71017137e-03  8.38020130e-06  5.00000000e+00 
 8.42977764e-06  2.71018244e+00  8.42977764e-06 -2.71019353e-03  8.42977764e-06  5.00000000e+00 
 8.47935399e-06  2.71018244e+00  8.47935399e-06 -2.71017145e-03  8.47935399e-06  5.00000000e+00 
 8.52893034e-06  2.71018244e+00  8.52893034e-06 -2.71019345e-03  8.52893034e-06  5.00000000e+00 
 8.57850668e-06  2.71018244e+00  8.57850668e-06 -2.71017153e-03  8.57850668e-06  5.00000000e+00 
 8.62808303e-06  2.71018244e+00  8.62808303e-06 -2.71019337e-03  8.62808303e-06  5.00000000e+00 
 8.67765937e-06  2.71018244e+00  8.67765937e-06 -2.71017161e-03  8.67765937e-06  5.00000000e+00 
 8.72723572e-06  2.71018244e+00  8.72723572e-06 -2.71019329e-03  8.72723572e-06  5.00000000e+00 
 8.77681206e-06  2.71018244e+00  8.77681206e-06 -2.71017169e-03  8.77681206e-06  5.00000000e+00 
 8.82638841e-06  2.71018244e+00  8.82638841e-06 -2.71019320e-03  8.82638841e-06  5.00000000e+00 
 8.87596475e-06  2.71018244e+00  8.87596475e-06 -2.71017178e-03  8.87596475e-06  5.00000000e+00 
 8.92554110e-06  2.71018244e+00  8.92554110e-06 -2.71019312e-03  8.92554110e-06  5.00000000e+00 
 8.97511744e-06  2.71018244e+00  8.97511744e-06 -2.71017186e-03  8.97511744e-06  5.00000000e+00 
 9.02469379e-06  2.71018244e+00  9.02469379e-06 -2.71019303e-03  9.02469379e-06  5.00000000e+00 
 9.07427014e-06  2.71018244e+00  9.07427014e-06 -2.71017195e-03  9.07427014e-06  5.00000000e+00 
 9.12384648e-06  2.71018244e+00  9.12384648e-06 -2.71019294e-03  9.12384648e-06  5.00000000e+00 
 9.17342283e-06  2.71018244e+00  9.17342283e-06 -2.71017204e-03  9.17342283e-06  5.00000000e+00 
 9.22299917e-06  2.71018244e+00  9.22299917e-06 -2.71019285e-03  9.22299917e-06  5.00000000e+00 
 9.27257552e-06  2.71018244e+00  9.27257552e-06 -2.71017213e-03  9.27257552e-06  5.00000000e+00 
 9.32215186e-06  2.71018244e+00  9.32215186e-06 -2.71019276e-03  9.32215186e-06  5.00000000e+00 
 9.37172821e-06  2.71018244e+00  9.37172821e-06 -2.71017222e-03  9.37172821e-06  5.00000000e+00 
 9.42130455e-06  2.71018244e+00  9.42130455e-06 -2.71019267e-03  9.42130455e-06  5.00000000e+00 
 9.47088090e-06  2.71018244e+00  9.47088090e-06 -2.71017231e-03  9.47088090e-06  5.00000000e+00 
 9.52045724e-06  2.71018244e+00  9.52045724e-06 -2.71019258e-03  9.52045724e-06  5.00000000e+00 
 9.57003359e-06  2.71018244e+00  9.57003359e-06 -2.71017240e-03  9.57003359e-06  5.00000000e+00 
 9.61960993e-06  2.71018244e+00  9.61960993e-06 -2.71019249e-03  9.61960993e-06  5.00000000e+00 
 9.66918628e-06  2.71018244e+00  9.66918628e-06 -2.71017249e-03  9.66918628e-06  5.00000000e+00 
 9.71876263e-06  2.71018244e+00  9.71876263e-06 -2.71019240e-03  9.71876263e-06  5.00000000e+00 
 9.76833897e-06  2.71018244e+00  9.76833897e-06 -2.71017258e-03  9.76833897e-06  5.00000000e+00 
 9.81791532e-06  2.71018244e+00  9.81791532e-06 -2.71019231e-03  9.81791532e-06  5.00000000e+00 
 9.86749166e-06  2.71018244e+00  9.86749166e-06 -2.71017267e-03  9.86749166e-06  5.00000000e+00 
 9.91706801e-06  2.71018244e+00  9.91706801e-06 -2.71019222e-03  9.91706801e-06  5.00000000e+00 
 9.96664435e-06  2.71018244e+00  9.96664435e-06 -2.71017276e-03  9.96664435e-06  5.00000000e+00 
 1.00162207e-05  2.71018244e+00  1.00162207e-05 -2.71019213e-03  1.00162207e-05  5.00000000e+00 
 1.00657970e-05  2.71018244e+00  1.00657970e-05 -2.71017285e-03  1.00657970e-05  5.00000000e+00 
 1.01153734e-05  2.71018244e+00  1.01153734e-05 -2.71019204e-03  1.01153734e-05  5.00000000e+00 
 1.01649497e-05  2.71018244e+00  1.01649497e-05 -2.71017294e-03  1.01649497e-05  5.00000000e+00 
 1.02145261e-05  2.71018244e+00  1.02145261e-05 -2.71019195e-03  1.02145261e-05  5.00000000e+00 
 1.02641024e-05  2.71018244e+00  1.02641024e-05 -2.71017303e-03  1.02641024e-05  5.00000000e+00 
 1.03136788e-05  2.71018244e+00  1.03136788e-05 -2.71019186e-03  1.03136788e-05  5.00000000e+00 
 1.03632551e-05  2.71018244e+00  1.03632551e-05 -2.71017312e-03  1.03632551e-05  5.00000000e+00 
 1.04128315e-05  2.71018244e+00  1.04128315e-05 -2.71019177e-03  1.04128315e-05  5.00000000e+00 
 1.04624078e-05  2.71018244e+00  1.04624078e-05 -2.71017321e-03  1.04624078e-05  5.00000000e+00 
 1.05119842e-05  2.71018244e+00  1.05119842e-05 -2.71019168e-03  1.05119842e-05  5.00000000e+00 
 1.05615605e-05  2.71018244e+00  1.05615605e-05 -2.71017330e-03  1.05615605e-05  5.00000000e+00 
 1.06111368e-05  2.71018244e+00  1.06111368e-05 -2.71019159e-03  1.06111368e-05  5.00000000e+00 
 1.06607132e-05  2.71018244e+00  1.06607132e-05 -2.71017339e-03  1.06607132e-05  5.00000000e+00 
 1.07102895e-05  2.71018244e+00  1.07102895e-05 -2.71019151e-03  1.07102895e-05  5.00000000e+00 
 1.07598659e-05  2.71018244e+00  1.07598659e-05 -2.71017348e-03  1.07598659e-05  5.00000000e+00 
 1.08094422e-05  2.71018244e+00  1.08094422e-05 -2.71019142e-03  1.08094422e-05  5.00000000e+00 
 1.08590186e-05  2.71018244e+00  1.08590186e-05 -2.71017356e-03  1.08590186e-05  5.00000000e+00 
 1.09085949e-05  2.71018244e+00  1.09085949e-05 -2.71019133e-03  1.09085949e-05  5.00000000e+00 
 1.09581713e-05  2.71018244e+00  1.09581713e-05 -2.71017365e-03  1.09581713e-05  5.00000000e+00 
 1.10077476e-05  2.71018244e+00  1.10077476e-05 -2.71019125e-03  1.10077476e-05  5.00000000e+00 
 1.10573240e-05  2.71018244e+00  1.10573240e-05 -2.71017373e-03  1.10573240e-05  5.00000000e+00 
 1.11069003e-05  2.71018244e+00  1.11069003e-05 -2.71019116e-03  1.11069003e-05  5.00000000e+00 
 1.11564766e-05  2.71018244e+00  1.11564766e-05 -2.71017382e-03  1.11564766e-05  5.00000000e+00 
 1.12060530e-05  2.71018244e+00  1.12060530e-05 -2.71019108e-03  1.12060530e-05  5.00000000e+00 
 1.12556293e-05  2.71018244e+00  1.12556293e-05 -2.71017390e-03  1.12556293e-05  5.00000000e+00 
 1.13052057e-05  2.71018244e+00  1.13052057e-05 -2.71019099e-03  1.13052057e-05  5.00000000e+00 
 1.13547820e-05  2.71018244e+00  1.13547820e-05 -2.71017399e-03  1.13547820e-05  5.00000000e+00 
 1.14043584e-05  2.71018244e+00  1.14043584e-05 -2.71019091e-03  1.14043584e-05  5.00000000e+00 
 1.14539347e-05  2.71018244e+00  1.14539347e-05 -2.71017407e-03  1.14539347e-05  5.00000000e+00 
 1.15035111e-05  2.71018244e+00  1.15035111e-05 -2.71019083e-03  1.15035111e-05  5.00000000e+00 
 1.15530874e-05  2.71018244e+00  1.15530874e-05 -2.71017415e-03  1.15530874e-05  5.00000000e+00 
 1.16026638e-05  2.71018244e+00  1.16026638e-05 -2.71019075e-03  1.16026638e-05  5.00000000e+00 
 1.16522401e-05  2.71018244e+00  1.16522401e-05 -2.71017423e-03  1.16522401e-05  5.00000000e+00 
 1.17018164e-05  2.71018244e+00  1.17018164e-05 -2.71019067e-03  1.17018164e-05  5.00000000e+00 
 1.17513928e-05  2.71018244e+00  1.17513928e-05 -2.71017431e-03  1.17513928e-05  5.00000000e+00 
 1.18009691e-05  2.71018244e+00  1.18009691e-05 -2.71019059e-03  1.18009691e-05  5.00000000e+00 
 1.18505455e-05  2.71018244e+00  1.18505455e-05 -2.71017439e-03  1.18505455e-05  5.00000000e+00 
 1.19001218e-05  2.71018244e+00  1.19001218e-05 -2.71019051e-03  1.19001218e-05  5.00000000e+00 
 1.19496982e-05  2.71018244e+00  1.19496982e-05 -2.71017447e-03  1.19496982e-05  5.00000000e+00 
 1.19992745e-05  2.71018244e+00  1.19992745e-05 -2.71019043e-03  1.19992745e-05  5.00000000e+00 
 1.20488509e-05  2.71018244e+00  1.20488509e-05 -2.71017455e-03  1.20488509e-05  5.00000000e+00 
 1.20984272e-05  2.71018244e+00  1.20984272e-05 -2.71019035e-03  1.20984272e-05  5.00000000e+00 
 1.21480036e-05  2.71018244e+00  1.21480036e-05 -2.71017463e-03  1.21480036e-05  5.00000000e+00 
 1.21975799e-05  2.71018244e+00  1.21975799e-05 -2.71019027e-03  1.21975799e-05  5.00000000e+00 
 1.22471562e-05  2.71018244e+00  1.22471562e-05 -2.71017470e-03  1.22471562e-05  5.00000000e+00 
 1.22967326e-05  2.71018244e+00  1.22967326e-05 -2.71019020e-03  1.22967326e-05  5.00000000e+00 
 1.23463089e-05  2.71018244e+00  1.23463089e-05 -2.71017478e-03  1.23463089e-05  5.00000000e+00 
 1.23958853e-05  2.71018244e+00  1.23958853e-05 -2.71019012e-03  1.23958853e-05  5.00000000e+00 
 1.24454616e-05  2.71018244e+00  1.24454616e-05 -2.71017486e-03  1.24454616e-05  5.00000000e+00 
 1.24950380e-05  2.71018244e+00  1.24950380e-05 -2.71019004e-03  1.24950380e-05  5.00000000e+00 
 1.25446143e-05  2.71018244e+00  1.25446143e-05 -2.71017493e-03  1.25446143e-05  5.00000000e+00 
 1.25941907e-05  2.71018244e+00  1.25941907e-05 -2.71018997e-03  1.25941907e-05  5.00000000e+00 
 1.26437670e-05  2.71018244e+00  1.26437670e-05 -2.71017500e-03  1.26437670e-05  5.00000000e+00 
 1.26933434e-05  2.71018244e+00  1.26933434e-05 -2.71018990e-03  1.26933434e-05  5.00000000e+00 
 1.27429197e-05  2.71018244e+00  1.27429197e-05 -2.71017508e-03  1.27429197e-05  5.00000000e+00 
 1.27924960e-05  2.71018244e+00  1.27924960e-05 -2.71018982e-03  1.27924960e-05  5.00000000e+00 
 1.28420724e-05  2.71018244e+00  1.28420724e-05 -2.71017515e-03  1.28420724e-05  5.00000000e+00 
 1.28916487e-05  2.71018244e+00  1.28916487e-05 -2.71018975e-03  1.28916487e-05  5.00000000e+00 
 1.29412251e-05  2.71018244e+00  1.29412251e-05 -2.71017522e-03  1.29412251e-05  5.00000000e+00 
 1.29908014e-05  2.71018244e+00  1.29908014e-05 -2.71018968e-03  1.29908014e-05  5.00000000e+00 
 1.30403778e-05  2.71018244e+00  1.30403778e-05 -2.71017529e-03  1.30403778e-05  5.00000000e+00 
 1.30899541e-05  2.71018244e+00  1.30899541e-05 -2.71018961e-03  1.30899541e-05  5.00000000e+00 
 1.31395305e-05  2.71018244e+00  1.31395305e-05 -2.71017536e-03  1.31395305e-05  5.00000000e+00 
 1.31891068e-05  2.71018244e+00  1.31891068e-05 -2.71018954e-03  1.31891068e-05  5.00000000e+00 
 1.32386832e-05  2.71018244e+00  1.32386832e-05 -2.71017543e-03  1.32386832e-05  5.00000000e+00 
 1.32882595e-05  2.71018244e+00  1.32882595e-05 -2.71018947e-03  1.32882595e-05  5.00000000e+00 
 1.33378358e-05  2.71018244e+00  1.33378358e-05 -2.71017550e-03  1.33378358e-05  5.00000000e+00 
 1.33874122e-05  2.71018244e+00  1.33874122e-05 -2.71018940e-03  1.33874122e-05  5.00000000e+00 
 1.34369885e-05  2.71018244e+00  1.34369885e-05 -2.71017557e-03  1.34369885e-05  5.00000000e+00 
 1.34865649e-05  2.71018244e+00  1.34865649e-05 -2.71018933e-03  1.34865649e-05  5.00000000e+00 
 1.35361412e-05  2.71018244e+00  1.35361412e-05 -2.71017564e-03  1.35361412e-05  5.00000000e+00 
 1.35857176e-05  2.71018244e+00  1.35857176e-05 -2.71018926e-03  1.35857176e-05  5.00000000e+00 
 1.36352939e-05  2.71018244e+00  1.36352939e-05 -2.71017571e-03  1.36352939e-05  5.00000000e+00 
 1.36848703e-05  2.71018244e+00  1.36848703e-05 -2.71018920e-03  1.36848703e-05  5.00000000e+00 
 1.37344466e-05  2.71018244e+00  1.37344466e-05 -2.71017577e-03  1.37344466e-05  5.00000000e+00 
 1.37840229e-05  2.71018244e+00  1.37840229e-05 -2.71018913e-03  1.37840229e-05  5.00000000e+00 
 1.38335993e-05  2.71018244e+00  1.38335993e-05 -2.71017584e-03  1.38335993e-05  5.00000000e+00 
 1.38831756e-05  2.71018244e+00  1.38831756e-05 -2.71018906e-03  1.38831756e-05  5.00000000e+00 
 1.39327520e-05  2.71018244e+00  1.39327520e-05 -2.71017591e-03  1.39327520e-05  5.00000000e+00 
 1.39823283e-05  2.71018244e+00  1.39823283e-05 -2.71018900e-03  1.39823283e-05  5.00000000e+00 
 1.40319047e-05  2.71018244e+00  1.40319047e-05 -2.71017597e-03  1.40319047e-05  5.00000000e+00 
 1.40814810e-05  2.71018244e+00  1.40814810e-05 -2.71018893e-03  1.40814810e-05  5.00000000e+00 
 1.41310574e-05  2.71018244e+00  1.41310574e-05 -2.71017604e-03  1.41310574e-05  5.00000000e+00 
 1.41806337e-05  2.71018244e+00  1.41806337e-05 -2.71018887e-03  1.41806337e-05  5.00000000e+00 
 1.42302101e-05  2.71018244e+00  1.42302101e-05 -2.71017610e-03  1.42302101e-05  5.00000000e+00 
 1.42797864e-05  2.71018244e+00  1.42797864e-05 -2.71018881e-03  1.42797864e-05  5.00000000e+00 
 1.43293627e-05  2.71018244e+00  1.43293627e-05 -2.71017616e-03  1.43293627e-05  5.00000000e+00 
 1.43789391e-05  2.71018244e+00  1.43789391e-05 -2.71018875e-03  1.43789391e-05  5.00000000e+00 
 1.44285154e-05  2.71018244e+00  1.44285154e-05 -2.71017622e-03  1.44285154e-05  5.00000000e+00 
 1.44780918e-05  2.71018244e+00  1.44780918e-05 -2.71018868e-03  1.44780918e-05  5.00000000e+00 
 1.45276681e-05  2.71018244e+00  1.45276681e-05 -2.71017629e-03  1.45276681e-05  5.00000000e+00 
 1.45772445e-05  2.71018244e+00  1.45772445e-05 -2.71018862e-03  1.45772445e-05  5.00000000e+00 
 1.46268208e-05  2.71018244e+00  1.46268208e-05 -2.71017635e-03  1.46268208e-05  5.00000000e+00 
 1.46763972e-05  2.71018244e+00  1.46763972e-05 -2.71018856e-03  1.46763972e-05  5.00000000e+00 
 1.47259735e-05  2.71018244e+00  1.47259735e-05 -2.71017641e-03  1.47259735e-05  5.00000000e+00 
 1.47755499e-05  2.71018244e+00  1.47755499e-05 -2.71018850e-03  1.47755499e-05  5.00000000e+00 
 1.48251262e-05  2.71018244e+00  1.48251262e-05 -2.71017647e-03  1.48251262e-05  5.00000000e+00 
 1.48747025e-05  2.71018244e+00  1.48747025e-05 -2.71018844e-03  1.48747025e-05  5.00000000e+00 
 1.49242789e-05  2.71018244e+00  1.49242789e-05 -2.71017653e-03  1.49242789e-05  5.00000000e+00 
 1.49738552e-05  2.71018244e+00  1.49738552e-05 -2.71018838e-03  1.49738552e-05  5.00000000e+00 
 1.50234316e-05  2.71018244e+00  1.50234316e-05 -2.71017658e-03  1.50234316e-05  5.00000000e+00 
 1.50730079e-05  2.71018244e+00  1.50730079e-05 -2.71018832e-03  1.50730079e-05  5.00000000e+00 
 1.51225843e-05  2.71018244e+00  1.51225843e-05 -2.71017664e-03  1.51225843e-05  5.00000000e+00 
 1.51721606e-05  2.71018244e+00  1.51721606e-05 -2.71018827e-03  1.51721606e-05  5.00000000e+00 
 1.52217370e-05  2.71018244e+00  1.52217370e-05 -2.71017670e-03  1.52217370e-05  5.00000000e+00 
 1.52713133e-05  2.71018244e+00  1.52713133e-05 -2.71018821e-03  1.52713133e-05  5.00000000e+00 
 1.53208897e-05  2.71018244e+00  1.53208897e-05 -2.71017676e-03  1.53208897e-05  5.00000000e+00 
 1.53704660e-05  2.71018244e+00  1.53704660e-05 -2.71018815e-03  1.53704660e-05  5.00000000e+00 
 1.54200423e-05  2.71018244e+00  1.54200423e-05 -2.71017681e-03  1.54200423e-05  5.00000000e+00 
 1.54696187e-05  2.71018244e+00  1.54696187e-05 -2.71018810e-03  1.54696187e-05  5.00000000e+00 
 1.55191950e-05  2.71018244e+00  1.55191950e-05 -2.71017687e-03  1.55191950e-05  5.00000000e+00 
 1.55687714e-05  2.71018244e+00  1.55687714e-05 -2.71018804e-03  1.55687714e-05  5.00000000e+00 
 1.56183477e-05  2.71018244e+00  1.56183477e-05 -2.71017693e-03  1.56183477e-05  5.00000000e+00 
 1.56679241e-05  2.71018244e+00  1.56679241e-05 -2.71018799e-03  1.56679241e-05  5.00000000e+00 
 1.57175004e-05  2.71018244e+00  1.57175004e-05 -2.71017698e-03  1.57175004e-05  5.00000000e+00 
 1.57670768e-05  2.71018244e+00  1.57670768e-05 -2.71018793e-03  1.57670768e-05  5.00000000e+00 
 1.58166531e-05  2.71018244e+00  1.58166531e-05 -2.71017703e-03  1.58166531e-05  5.00000000e+00 
 1.58662295e-05  2.71018244e+00  1.58662295e-05 -2.71018788e-03  1.58662295e-05  5.00000000e+00 
 1.59158058e-05  2.71018244e+00  1.59158058e-05 -2.71017709e-03  1.59158058e-05  5.00000000e+00 
 1.59653821e-05  2.71018244e+00  1.59653821e-05 -2.71018782e-03  1.59653821e-05  5.00000000e+00 
 1.60149585e-05  2.71018244e+00  1.60149585e-05 -2.71017714e-03  1.60149585e-05  5.00000000e+00 
 1.60645348e-05  2.71018244e+00  1.60645348e-05 -2.71018777e-03  1.60645348e-05  5.00000000e+00 
 1.61141112e-05  2.71018244e+00  1.61141112e-05 -2.71017719e-03  1.61141112e-05  5.00000000e+00 
 1.61636875e-05  2.71018244e+00  1.61636875e-05 -2.71018772e-03  1.61636875e-05  5.00000000e+00 
 1.62132639e-05  2.71018244e+00  1.62132639e-05 -2.71017725e-03  1.62132639e-05  5.00000000e+00 
 1.62628402e-05  2.71018244e+00  1.62628402e-05 -2.71018767e-03  1.62628402e-05  5.00000000e+00 
 1.63124166e-05  2.71018244e+00  1.63124166e-05 -2.71017730e-03  1.63124166e-05  5.00000000e+00 
 1.63619929e-05  2.71018244e+00  1.63619929e-05 -2.71018762e-03  1.63619929e-05  5.00000000e+00 
 1.64115693e-05  2.71018244e+00  1.64115693e-05 -2.71017735e-03  1.64115693e-05  5.00000000e+00 
 1.64611456e-05  2.71018244e+00  1.64611456e-05 -2.71018756e-03  1.64611456e-05  5.00000000e+00 
 1.65107219e-05  2.71018244e+00  1.65107219e-05 -2.71017740e-03  1.65107219e-05  5.00000000e+00 
 1.65602983e-05  2.71018244e+00  1.65602983e-05 -2.71018751e-03  1.65602983e-05  5.00000000e+00 
 1.66098746e-05  2.71018244e+00  1.66098746e-05 -2.71017745e-03  1.66098746e-05  5.00000000e+00 
 1.66594510e-05  2.71018244e+00  1.66594510e-05 -2.71018746e-03  1.66594510e-05  5.00000000e+00 
 1.67090273e-05  2.71018244e+00  1.67090273e-05 -2.71017750e-03  1.67090273e-05  5.00000000e+00 
 1.67586037e-05  2.71018244e+00  1.67586037e-05 -2.71018741e-03  1.67586037e-05  5.00000000e+00 
 1.68081800e-05  2.71018244e+00  1.68081800e-05 -2.71017755e-03  1.68081800e-05  5.00000000e+00 
 1.68577564e-05  2.71018244e+00  1.68577564e-05 -2.71018737e-03  1.68577564e-05  5.00000000e+00 
 1.69073327e-05  2.71018244e+00  1.69073327e-05 -2.71017760e-03  1.69073327e-05  5.00000000e+00 
 1.69569091e-05  2.71018244e+00  1.69569091e-05 -2.71018732e-03  1.69569091e-05  5.00000000e+00 
 1.70064854e-05  2.71018244e+00  1.70064854e-05 -2.71017764e-03  1.70064854e-05  5.00000000e+00 
 1.70560617e-05  2.71018244e+00  1.70560617e-05 -2.71018727e-03  1.70560617e-05  5.00000000e+00 
 1.71056381e-05  2.71018244e+00  1.71056381e-05 -2.71017769e-03  1.71056381e-05  5.00000000e+00 
 1.71552144e-05  2.71018244e+00  1.71552144e-05 -2.71018722e-03  1.71552144e-05  5.00000000e+00 
 1.72047908e-05  2.71018244e+00  1.72047908e-05 -2.71017774e-03  1.72047908e-05  5.00000000e+00 
 1.72543671e-05  2.71018244e+00  1.72543671e-05 -2.71018717e-03  1.72543671e-05  5.00000000e+00 
 1.73039435e-05  2.71018244e+00  1.73039435e-05 -2.71017779e-03  1.73039435e-05  5.00000000e+00 
 1.73535198e-05  2.71018244e+00  1.73535198e-05 -2.71018713e-03  1.73535198e-05  5.00000000e+00 
 1.74030962e-05  2.71018244e+00  1.74030962e-05 -2.71017783e-03  1.74030962e-05  5.00000000e+00 
 1.74526725e-05  2.71018244e+00  1.74526725e-05 -2.71018708e-03  1.74526725e-05  5.00000000e+00 
 1.75022489e-05  2.71018244e+00  1.75022489e-05 -2.71017788e-03  1.75022489e-05  5.00000000e+00 
 1.75518252e-05  2.71018244e+00  1.75518252e-05 -2.71018704e-03  1.75518252e-05  5.00000000e+00 
 1.76014015e-05  2.71018244e+00  1.76014015e-05 -2.71017792e-03  1.76014015e-05  5.00000000e+00 
 1.76509779e-05  2.71018244e+00  1.76509779e-05 -2.71018699e-03  1.76509779e-05  5.00000000e+00 
 1.77005542e-05  2.71018244e+00  1.77005542e-05 -2.71017797e-03  1.77005542e-05  5.00000000e+00 
 1.77501306e-05  2.71018244e+00  1.77501306e-05 -2.71018695e-03  1.77501306e-05  5.00000000e+00 
 1.77997069e-05  2.71018244e+00  1.77997069e-05 -2.71017801e-03  1.77997069e-05  5.00000000e+00 
 1.78492833e-05  2.71018244e+00  1.78492833e-05 -2.71018690e-03  1.78492833e-05  5.00000000e+00 
 1.78988596e-05  2.71018244e+00  1.78988596e-05 -2.71017806e-03  1.78988596e-05  5.00000000e+00 
 1.79484360e-05  2.71018244e+00  1.79484360e-05 -2.71018686e-03  1.79484360e-05  5.00000000e+00 
 1.79980123e-05  2.71018244e+00  1.79980123e-05 -2.71017810e-03  1.79980123e-05  5.00000000e+00 
 1.80475887e-05  2.71018244e+00  1.80475887e-05 -2.71018682e-03  1.80475887e-05  5.00000000e+00 
 1.80971650e-05  2.71018244e+00  1.80971650e-05 -2.71017814e-03  1.80971650e-05  5.00000000e+00 
 1.81467413e-05  2.71018244e+00  1.81467413e-05 -2.71018677e-03  1.81467413e-05  5.00000000e+00 
 1.81963177e-05  2.71018244e+00  1.81963177e-05 -2.71017819e-03  1.81963177e-05  5.00000000e+00 
 1.82458940e-05  2.71018244e+00  1.82458940e-05 -2.71018673e-03  1.82458940e-05  5.00000000e+00 
 1.82954704e-05  2.71018244e+00  1.82954704e-05 -2.71017823e-03  1.82954704e-05  5.00000000e+00 
 1.83450467e-05  2.71018244e+00  1.83450467e-05 -2.71018669e-03  1.83450467e-05  5.00000000e+00 
 1.83946231e-05  2.71018244e+00  1.83946231e-05 -2.71017827e-03  1.83946231e-05  5.00000000e+00 
 1.84441994e-05  2.71018244e+00  1.84441994e-05 -2.71018665e-03  1.84441994e-05  5.00000000e+00 
 1.84937758e-05  2.71018244e+00  1.84937758e-05 -2.71017831e-03  1.84937758e-05  5.00000000e+00 
 1.85433521e-05  2.71018244e+00  1.85433521e-05 -2.71018660e-03  1.85433521e-05  5.00000000e+00 
 1.85929285e-05  2.71018244e+00  1.85929285e-05 -2.71017835e-03  1.85929285e-05  5.00000000e+00 
 1.86425048e-05  2.71018244e+00  1.86425048e-05 -2.71018656e-03  1.86425048e-05  5.00000000e+00 
 1.86920811e-05  2.71018244e+00  1.86920811e-05 -2.71017839e-03  1.86920811e-05  5.00000000e+00 
 1.87416575e-05  2.71018244e+00  1.87416575e-05 -2.71018652e-03  1.87416575e-05  5.00000000e+00 
 1.87912338e-05  2.71018244e+00  1.87912338e-05 -2.71017844e-03  1.87912338e-05  5.00000000e+00 
 1.88408102e-05  2.71018244e+00  1.88408102e-05 -2.71018648e-03  1.88408102e-05  5.00000000e+00 
 1.88903865e-05  2.71018244e+00  1.88903865e-05 -2.71017848e-03  1.88903865e-05  5.00000000e+00 
 1.89399629e-05  2.71018244e+00  1.89399629e-05 -2.71018644e-03  1.89399629e-05  5.00000000e+00 
 1.89895392e-05  2.71018244e+00  1.89895392e-05 -2.71017851e-03  1.89895392e-05  5.00000000e+00 
 1.90391156e-05  2.71018244e+00  1.90391156e-05 -2.71018640e-03  1.90391156e-05  5.00000000e+00 
 1.90886919e-05  2.71018244e+00  1.90886919e-05 -2.71017855e-03  1.90886919e-05  5.00000000e+00 
 1.91382683e-05  2.71018244e+00  1.91382683e-05 -2.71018636e-03  1.91382683e-05  5.00000000e+00 
 1.91878446e-05  2.71018244e+00  1.91878446e-05 -2.71017859e-03  1.91878446e-05  5.00000000e+00 
 1.92374209e-05  2.71018244e+00  1.92374209e-05 -2.71018633e-03  1.92374209e-05  5.00000000e+00 
 1.92869973e-05  2.71018244e+00  1.92869973e-05 -2.71017863e-03  1.92869973e-05  5.00000000e+00 
 1.93365736e-05  2.71018244e+00  1.93365736e-05 -2.71018629e-03  1.93365736e-05  5.00000000e+00 
 1.93861500e-05  2.71018244e+00  1.93861500e-05 -2.71017867e-03  1.93861500e-05  5.00000000e+00 
 1.94357263e-05  2.71018244e+00  1.94357263e-05 -2.71018625e-03  1.94357263e-05  5.00000000e+00 
 1.94853027e-05  2.71018244e+00  1.94853027e-05 -2.71017871e-03  1.94853027e-05  5.00000000e+00 
 1.95348790e-05  2.71018244e+00  1.95348790e-05 -2.71018621e-03  1.95348790e-05  5.00000000e+00 
 1.95844554e-05  2.71018244e+00  1.95844554e-05 -2.71017874e-03  1.95844554e-05  5.00000000e+00 
 1.96340317e-05  2.71018244e+00  1.96340317e-05 -2.71018618e-03  1.96340317e-05  5.00000000e+00 
 1.96836081e-05  2.71018244e+00  1.96836081e-05 -2.71017878e-03  1.96836081e-05  5.00000000e+00 
 1.97331844e-05  2.71018244e+00  1.97331844e-05 -2.71018614e-03  1.97331844e-05  5.00000000e+00 
 1.97827607e-05  2.71018244e+00  1.97827607e-05 -2.71017882e-03  1.97827607e-05  5.00000000e+00 
 1.98323371e-05  2.71018244e+00  1.98323371e-05 -2.71018610e-03  1.98323371e-05  5.00000000e+00 
 1.98819134e-05  2.71018244e+00  1.98819134e-05 -2.71017885e-03  1.98819134e-05  5.00000000e+00 
 1.99314898e-05  2.71018244e+00  1.99314898e-05 -2.71018607e-03  1.99314898e-05  5.00000000e+00 
 1.99810661e-05  2.71018244e+00  1.99810661e-05 -2.71017889e-03  1.99810661e-05  5.00000000e+00 
 2.00306425e-05  2.71018244e+00  2.00306425e-05 -2.71018603e-03  2.00306425e-05  5.00000000e+00 
 2.00802188e-05  2.71018244e+00  2.00802188e-05 -2.71017892e-03  2.00802188e-05  5.00000000e+00 
 2.01297952e-05  2.71018244e+00  2.01297952e-05 -2.71018600e-03  2.01297952e-05  5.00000000e+00 
 2.01793715e-05  2.71018244e+00  2.01793715e-05 -2.71017896e-03  2.01793715e-05  5.00000000e+00 
 2.02289479e-05  2.71018244e+00  2.02289479e-05 -2.71018596e-03  2.02289479e-05  5.00000000e+00 
 2.02785242e-05  2.71018244e+00  2.02785242e-05 -2.71017899e-03  2.02785242e-05  5.00000000e+00 
 2.03281005e-05  2.71018244e+00  2.03281005e-05 -2.71018593e-03  2.03281005e-05  5.00000000e+00 
 2.03776769e-05  2.71018244e+00  2.03776769e-05 -2.71017903e-03  2.03776769e-05  5.00000000e+00 
 2.04272532e-05  2.71018244e+00  2.04272532e-05 -2.71018589e-03  2.04272532e-05  5.00000000e+00 
 2.04768296e-05  2.71018244e+00  2.04768296e-05 -2.71017906e-03  2.04768296e-05  5.00000000e+00 
 2.05264059e-05  2.71018244e+00  2.05264059e-05 -2.71018586e-03  2.05264059e-05  5.00000000e+00 
 2.05759823e-05  2.71018244e+00  2.05759823e-05 -2.71017910e-03  2.05759823e-05  5.00000000e+00 
 2.06255586e-05  2.71018244e+00  2.06255586e-05 -2.71018582e-03  2.06255586e-05  5.00000000e+00 
 2.06751350e-05  2.71018244e+00  2.06751350e-05 -2.71017913e-03  2.06751350e-05  5.00000000e+00 
 2.07247113e-05  2.71018244e+00  2.07247113e-05 -2.71018579e-03  2.07247113e-05  5.00000000e+00 
 2.07742877e-05  2.71018244e+00  2.07742877e-05 -2.71017916e-03  2.07742877e-05  5.00000000e+00 
 2.08238640e-05  2.71018244e+00  2.08238640e-05 -2.71018576e-03  2.08238640e-05  5.00000000e+00 
 2.08734403e-05  2.71018244e+00  2.08734403e-05 -2.71017920e-03  2.08734403e-05  5.00000000e+00 
 2.09230167e-05  2.71018244e+00  2.09230167e-05 -2.71018573e-03  2.09230167e-05  5.00000000e+00 
 2.09725930e-05  2.71018244e+00  2.09725930e-05 -2.71017923e-03  2.09725930e-05  5.00000000e+00 
 2.10221694e-05  2.71018244e+00  2.10221694e-05 -2.71018569e-03  2.10221694e-05  5.00000000e+00 
 2.10717457e-05  2.71018244e+00  2.10717457e-05 -2.71017926e-03  2.10717457e-05  5.00000000e+00 
 2.11213221e-05  2.71018244e+00  2.11213221e-05 -2.71018566e-03  2.11213221e-05  5.00000000e+00 
 2.11708984e-05  2.71018244e+00  2.11708984e-05 -2.71017929e-03  2.11708984e-05  5.00000000e+00 
 2.12204748e-05  2.71018244e+00  2.12204748e-05 -2.71018563e-03  2.12204748e-05  5.00000000e+00 
 2.12700511e-05  2.71018244e+00  2.12700511e-05 -2.71017932e-03  2.12700511e-05  5.00000000e+00 
 2.13196275e-05  2.71018244e+00  2.13196275e-05 -2.71018560e-03  2.13196275e-05  5.00000000e+00 
 2.13692038e-05  2.71018244e+00  2.13692038e-05 -2.71017936e-03  2.13692038e-05  5.00000000e+00 
 2.14187801e-05  2.71018244e+00  2.14187801e-05 -2.71018557e-03  2.14187801e-05  5.00000000e+00 
 2.14683565e-05  2.71018244e+00  2.14683565e-05 -2.71017939e-03  2.14683565e-05  5.00000000e+00 
 2.15179328e-05  2.71018244e+00  2.15179328e-05 -2.71018554e-03  2.15179328e-05  5.00000000e+00 
 2.15675092e-05  2.71018244e+00  2.15675092e-05 -2.71017942e-03  2.15675092e-05  5.00000000e+00 
 2.16170855e-05  2.71018244e+00  2.16170855e-05 -2.71018551e-03  2.16170855e-05  5.00000000e+00 
 2.16666619e-05  2.71018244e+00  2.16666619e-05 -2.71017945e-03  2.16666619e-05  5.00000000e+00 
 2.17162382e-05  2.71018244e+00  2.17162382e-05 -2.71018548e-03  2.17162382e-05  5.00000000e+00 
 2.17658146e-05  2.71018244e+00  2.17658146e-05 -2.71017948e-03  2.17658146e-05  5.00000000e+00 
 2.18153909e-05  2.71018244e+00  2.18153909e-05 -2.71018545e-03  2.18153909e-05  5.00000000e+00 
 2.18649673e-05  2.71018244e+00  2.18649673e-05 -2.71017951e-03  2.18649673e-05  5.00000000e+00 
 2.19145436e-05  2.71018244e+00  2.19145436e-05 -2.71018542e-03  2.19145436e-05  5.00000000e+00 
 2.19641199e-05  2.71018244e+00  2.19641199e-05 -2.71017954e-03  2.19641199e-05  5.00000000e+00 
 2.20136963e-05  2.71018244e+00  2.20136963e-05 -2.71018539e-03  2.20136963e-05  5.00000000e+00 
 2.20632726e-05  2.71018244e+00  2.20632726e-05 -2.71017956e-03  2.20632726e-05  5.00000000e+00 
 2.21128490e-05  2.71018244e+00  2.21128490e-05 -2.71018536e-03  2.21128490e-05  5.00000000e+00 
 2.21624253e-05  2.71018244e+00  2.21624253e-05 -2.71017959e-03  2.21624253e-05  5.00000000e+00 
 2.22120017e-05  2.71018244e+00  2.22120017e-05 -2.71018533e-03  2.22120017e-05  5.00000000e+00 
 2.22615780e-05  2.71018244e+00  2.22615780e-05 -2.71017962e-03  2.22615780e-05  5.00000000e+00 
 2.23111544e-05  2.71018244e+00  2.23111544e-05 -2.71018530e-03  2.23111544e-05  5.00000000e+00 
 2.23607307e-05  2.71018244e+00  2.23607307e-05 -2.71017965e-03  2.23607307e-05  5.00000000e+00 
 2.24103071e-05  2.71018244e+00  2.24103071e-05 -2.71018527e-03  2.24103071e-05  5.00000000e+00 
 2.24598834e-05  2.71018244e+00  2.24598834e-05 -2.71017968e-03  2.24598834e-05  5.00000000e+00 
 2.25094597e-05  2.71018244e+00  2.25094597e-05 -2.71018525e-03  2.25094597e-05  5.00000000e+00 
 2.25590361e-05  2.71018244e+00  2.25590361e-05 -2.71017971e-03  2.25590361e-05  5.00000000e+00 
 2.26086124e-05  2.71018244e+00  2.26086124e-05 -2.71018522e-03  2.26086124e-05  5.00000000e+00 
 2.26581888e-05  2.71018244e+00  2.26581888e-05 -2.71017973e-03  2.26581888e-05  5.00000000e+00 
 2.27077651e-05  2.71018244e+00  2.27077651e-05 -2.71018519e-03  2.27077651e-05  5.00000000e+00 
 2.27573415e-05  2.71018244e+00  2.27573415e-05 -2.71017976e-03  2.27573415e-05  5.00000000e+00 
 2.28069178e-05  2.71018244e+00  2.28069178e-05 -2.71018516e-03  2.28069178e-05  5.00000000e+00 
 2.28564942e-05  2.71018244e+00  2.28564942e-05 -2.71017979e-03  2.28564942e-05  5.00000000e+00 
 2.29060705e-05  2.71018244e+00  2.29060705e-05 -2.71018514e-03  2.29060705e-05  5.00000000e+00 
 2.29556469e-05  2.71018244e+00  2.29556469e-05 -2.71017981e-03  2.29556469e-05  5.00000000e+00 
 2.30052232e-05  2.71018244e+00  2.30052232e-05 -2.71018511e-03  2.30052232e-05  5.00000000e+00 
 2.30547995e-05  2.71018244e+00  2.30547995e-05 -2.71017984e-03  2.30547995e-05  5.00000000e+00 
 2.31043759e-05  2.71018244e+00  2.31043759e-05 -2.71018508e-03  2.31043759e-05  5.00000000e+00 
 2.31539522e-05  2.71018244e+00  2.31539522e-05 -2.71017987e-03  2.31539522e-05  5.00000000e+00 
 2.32035286e-05  2.71018244e+00  2.32035286e-05 -2.71018506e-03  2.32035286e-05  5.00000000e+00 
 2.32531049e-05  2.71018244e+00  2.32531049e-05 -2.71017989e-03  2.32531049e-05  5.00000000e+00 
 2.33026813e-05  2.71018244e+00  2.33026813e-05 -2.71018503e-03  2.33026813e-05  5.00000000e+00 
 2.33522576e-05  2.71018244e+00  2.33522576e-05 -2.71017992e-03  2.33522576e-05  5.00000000e+00 
 2.34018340e-05  2.71018244e+00  2.34018340e-05 -2.71018501e-03  2.34018340e-05  5.00000000e+00 
 2.34514103e-05  2.71018244e+00  2.34514103e-05 -2.71017994e-03  2.34514103e-05  5.00000000e+00 
 2.35009867e-05  2.71018244e+00  2.35009867e-05 -2.71018498e-03  2.35009867e-05  5.00000000e+00 
 2.35505630e-05  2.71018244e+00  2.35505630e-05 -2.71017997e-03  2.35505630e-05  5.00000000e+00 
 2.36001393e-05  2.71018244e+00  2.36001393e-05 -2.71018496e-03  2.36001393e-05  5.00000000e+00 
 2.36497157e-05  2.71018244e+00  2.36497157e-05 -2.71017999e-03  2.36497157e-05  5.00000000e+00 
 2.36992920e-05  2.71018244e+00  2.36992920e-05 -2.71018493e-03  2.36992920e-05  5.00000000e+00 
 2.37488684e-05  2.71018244e+00  2.37488684e-05 -2.71018002e-03  2.37488684e-05  5.00000000e+00 
 2.37984447e-05  2.71018244e+00  2.37984447e-05 -2.71018491e-03  2.37984447e-05  5.00000000e+00 
 2.38480211e-05  2.71018244e+00  2.38480211e-05 -2.71018004e-03  2.38480211e-05  5.00000000e+00 
 2.38975974e-05  2.71018244e+00  2.38975974e-05 -2.71018488e-03  2.38975974e-05  5.00000000e+00 
 2.39471738e-05  2.71018244e+00  2.39471738e-05 -2.71018007e-03  2.39471738e-05  5.00000000e+00 
 2.39967501e-05  2.71018244e+00  2.39967501e-05 -2.71018486e-03  2.39967501e-05  5.00000000e+00 
 2.40463265e-05  2.71018244e+00  2.40463265e-05 -2.71018009e-03  2.40463265e-05  5.00000000e+00 
 2.40959028e-05  2.71018244e+00  2.40959028e-05 -2.71018484e-03  2.40959028e-05  5.00000000e+00 
 2.41454791e-05  2.71018244e+00  2.41454791e-05 -2.71018011e-03  2.41454791e-05  5.00000000e+00 
 2.41950555e-05  2.71018244e+00  2.41950555e-05 -2.71018481e-03  2.41950555e-05  5.00000000e+00 
 2.42446318e-05  2.71018244e+00  2.42446318e-05 -2.71018014e-03  2.42446318e-05  5.00000000e+00 
 2.42942082e-05  2.71018244e+00  2.42942082e-05 -2.71018479e-03  2.42942082e-05  5.00000000e+00 
 2.43437845e-05  2.71018244e+00  2.43437845e-05 -2.71018016e-03  2.43437845e-05  5.00000000e+00 
 2.43933609e-05  2.71018244e+00  2.43933609e-05 -2.71018477e-03  2.43933609e-05  5.00000000e+00 
 2.44429372e-05  2.71018244e+00  2.44429372e-05 -2.71018018e-03  2.44429372e-05  5.00000000e+00 
 2.44925136e-05  2.71018244e+00  2.44925136e-05 -2.71018474e-03  2.44925136e-05  5.00000000e+00 
 2.45420899e-05  2.71018244e+00  2.45420899e-05 -2.71018021e-03  2.45420899e-05  5.00000000e+00 
 2.45916662e-05  2.71018244e+00  2.45916662e-05 -2.71018472e-03  2.45916662e-05  5.00000000e+00 
 2.46412426e-05  2.71018244e+00  2.46412426e-05 -2.71018023e-03  2.46412426e-05  5.00000000e+00 
 2.46908189e-05  2.71018244e+00  2.46908189e-05 -2.71018470e-03  2.46908189e-05  5.00000000e+00 
 2.47403953e-05  2.71018244e+00  2.47403953e-05 -2.71018025e-03  2.47403953e-05  5.00000000e+00 
 2.47881727e-05  2.71018244e+00  2.47881727e-05 -2.71018468e-03  2.47881727e-05  5.00000000e+00 
 2.47931303e-05  2.70291586e+00  2.47931303e-05 -2.55721102e-03  2.47931303e-05  4.95000000e+00 
 2.48030456e-05  2.67600109e+00  2.48030456e-05 -2.28004876e-03  2.48030456e-05  4.85000000e+00 
 2.48228761e-05  2.57918869e+00  2.48228761e-05 -1.99808071e-03  2.48228761e-05  4.65000000e+00 
 2.48528490e-05  2.39978800e+00  2.48528490e-05 -1.78198505e-03  2.48528490e-05  4.34770994e+00 
 2.48850213e-05  2.19659296e+00  2.48850213e-05 -1.54905126e-03  2.48850213e-05  4.02323835e+00 
 2.49345976e-05  1.87153249e+00  2.49345976e-05 -1.20513862e-03  2.49345976e-05  3.52323835e+00 
 2.49841739e-05  1.53862372e+00  2.49841739e-05 -8.59069281e-04  2.49841739e-05  3.02323835e+00 
 2.50337503e-05  1.20670399e+00  2.50337503e-05 -5.44010904e-04  2.50337503e-05  2.52323835e+00 
 2.50833266e-05  8.86953149e-01  2.50833266e-05 -2.56411898e-04  2.50833266e-05  2.02323835e+00 
 2.51329030e-05  5.99062581e-01  2.51329030e-05 -6.51070740e-05  2.51329030e-05  1.52323835e+00 
 2.51824793e-05  3.75427604e-01  2.51824793e-05 -4.97390563e-06  2.51824793e-05  1.02323835e+00 
 2.52320557e-05  2.27519004e-01  2.52320557e-05 -3.39472186e-07  2.52320557e-05  5.23238353e-01 
 2.52579959e-05  1.75337977e-01  2.52579959e-05 -2.46301348e-07  2.52579959e-05  2.61619177e-01 
 2.52839362e-05  1.35097069e-01  2.52839362e-05 -2.68856294e-07  2.52839362e-05  0.00000000e+00 
 2.52888938e-05  1.28749452e-01  2.52888938e-05 -2.33081696e-10  2.52888938e-05  0.00000000e+00 
 2.52939206e-05  1.22472354e-01  2.52939206e-05 -2.60436137e-10  2.52939206e-05  0.00000000e+00 
 2.52982800e-05  1.17277067e-01  2.52982800e-05 -2.85633446e-10  2.52982800e-05  0.00000000e+00 
 2.53029363e-05  1.11971267e-01  2.53029363e-05 -3.14378553e-10  2.53029363e-05  0.00000000e+00 
 2.53073881e-05  1.07123281e-01  2.53073881e-05 -3.43414287e-10  2.53073881e-05  0.00000000e+00 
 2.53116261e-05  1.02703334e-01  2.53116261e-05 -3.72411800e-10  2.53116261e-05  0.00000000e+00 
 2.53156465e-05  9.86793270e-02  2.53156465e-05 -4.01366828e-10  2.53156465e-05  0.00000000e+00 
 2.53195230e-05  9.49485186e-02  2.53195230e-05 -4.30037707e-10  2.53195230e-05  0.00000000e+00 
 2.53231804e-05  9.15584125e-02  2.53231804e-05 -4.58561878e-10  2.53231804e-05  0.00000000e+00 
 2.53273552e-05  8.78358377e-02  2.53273552e-05 -4.91498046e-10  2.53273552e-05  0.00000000e+00 
 2.53322003e-05  8.37053759e-02  2.53322003e-05 -5.31964930e-10  2.53322003e-05  0.00000000e+00 
 2.53391078e-05  7.81486772e-02  2.53391078e-05 -5.90938957e-10  2.53391078e-05  0.00000000e+00 
 2.53518338e-05  6.88517638e-02  2.53518338e-05 -7.07360627e-10  2.53518338e-05  0.00000000e+00 
 2.53772860e-05  5.33897067e-02  2.53772860e-05 -9.56145276e-10  2.53772860e-05  0.00000000e+00 
 2.54268623e-05  3.22840370e-02  2.54268623e-05 -1.45629191e-09  2.54268623e-05  0.00000000e+00 
 2.54764387e-05  1.95223572e-02  2.54764387e-05 -1.88250894e-09  2.54764387e-05  0.00000000e+00 
 2.55260150e-05  1.18062656e-02  2.55260150e-05 -2.20441837e-09  2.55260150e-05  0.00000000e+00 
 2.55755913e-05  7.14006631e-03  2.55755913e-05 -2.42285943e-09  2.55755913e-05  0.00000000e+00 
 2.56251677e-05  4.31889416e-03  2.56251677e-05 -2.56752570e-09  2.56251677e-05  0.00000000e+00 
 2.56747440e-05  2.61251501e-03  2.56747440e-05 -2.65855570e-09  2.56747440e-05  0.00000000e+00 
 2.57243204e-05  1.58110393e-03  2.57243204e-05 -2.71763214e-09  2.57243204e-05  0.00000000e+00 
 2.57738967e-05  9.56982895e-04  2.57738967e-05 -2.75041737e-09  2.57738967e-05  0.00000000e+00 
 2.58234731e-05  5.80000211e-04  2.58234731e-05 -2.77431947e-09  2.58234731e-05  0.00000000e+00 
 2.58730494e-05  3.51617861e-04  2.58730494e-05 -2.78500400e-09  2.58730494e-05  0.00000000e+00 
 2.59226258e-05  2.13931776e-04  2.59226258e-05 -2.79528195e-09  2.59226258e-05  0.00000000e+00 
 2.59722021e-05  1.30258959e-04  2.59722021e-05 -2.79775670e-09  2.59722021e-05  0.00000000e+00 
 2.60217785e-05  8.00718610e-05  2.60217785e-05 -2.80296567e-09  2.60217785e-05  0.00000000e+00 
 2.60713548e-05  4.93173370e-05  2.60713548e-05 -2.80244793e-09  2.60713548e-05  0.00000000e+00 
 2.61209311e-05  3.11222406e-05  2.61209311e-05 -2.80576374e-09  2.61209311e-05  0.00000000e+00 
 2.61705075e-05  1.97215288e-05  2.61705075e-05 -2.80418183e-09  2.61705075e-05  0.00000000e+00 
 2.62200838e-05  1.32212385e-05  2.62200838e-05 -2.80677027e-09  2.62200838e-05  0.00000000e+00 
 2.62696602e-05  8.90123572e-06  2.62696602e-05 -2.80483406e-09  2.62696602e-05  0.00000000e+00 
 2.63192365e-05  6.67352144e-06  2.63192365e-05 -2.80712006e-09  2.63192365e-05  0.00000000e+00 
 2.63688129e-05  4.94662553e-06  2.63688129e-05 -2.80509168e-09  2.63688129e-05  0.00000000e+00 
 2.64183892e-05  4.27718913e-06  2.64183892e-05 -2.80722855e-09  2.64183892e-05  0.00000000e+00 
 2.64679656e-05  3.50267948e-06  2.64679656e-05 -2.80520606e-09  2.64679656e-05  0.00000000e+00 
 2.65175419e-05  3.39875771e-06  2.65175419e-05 -2.80724774e-09  2.65175419e-05  0.00000000e+00 
 2.65671183e-05  2.97691342e-06  2.65671183e-05 -2.80526910e-09  2.65671183e-05  0.00000000e+00 
 2.66166946e-05  3.07525614e-06  2.66166946e-05 -2.80723326e-09  2.66166946e-05  0.00000000e+00 
 2.66662709e-05  2.78700689e-06  2.66662709e-05 -2.80531437e-09  2.66662709e-05  0.00000000e+00 
 2.67158473e-05  2.95456271e-06  2.67158473e-05 -2.80720549e-09  2.67158473e-05  0.00000000e+00 
 2.67654236e-05  2.72002144e-06  2.67654236e-05 -2.80535410e-09  2.67654236e-05  0.00000000e+00 
 2.68150000e-05  2.90792251e-06  2.68150000e-05 -2.80717191e-09  2.68150000e-05  0.00000000e+00 
 2.68645763e-05  2.69808877e-06  2.68645763e-05 -2.80539275e-09  2.68645763e-05  0.00000000e+00 
 2.69141527e-05  2.88825840e-06  2.69141527e-05 -2.80713529e-09  2.69141527e-05  0.00000000e+00 
 2.69637290e-05  2.69273089e-06  2.69637290e-05 -2.80543188e-09  2.69637290e-05  0.00000000e+00 
 2.70133054e-05  2.87836015e-06  2.70133054e-05 -2.80709670e-09  2.70133054e-05  0.00000000e+00 
 2.70628817e-05  2.69353002e-06  2.70628817e-05 -2.80547204e-09  2.70628817e-05  0.00000000e+00 
 2.71124581e-05  2.87193898e-06  2.71124581e-05 -2.80705655e-09  2.71124581e-05  0.00000000e+00 
 2.71620344e-05  2.69667221e-06  2.71620344e-05 -2.80551339e-09  2.71620344e-05  0.00000000e+00 
 2.72116107e-05  2.86669990e-06  2.72116107e-05 -2.80701505e-09  2.72116107e-05  0.00000000e+00 
 2.72611871e-05  2.70075815e-06  2.72611871e-05 -2.80555592e-09  2.72611871e-05  0.00000000e+00 
 2.73107634e-05  2.86180844e-06  2.73107634e-05 -2.80697231e-09  2.73107634e-05  0.00000000e+00 
 2.73603398e-05  2.70527135e-06  2.73603398e-05 -2.80559960e-09  2.73603398e-05  0.00000000e+00 
 2.74099161e-05  2.85696431e-06  2.74099161e-05 -2.80692842e-09  2.74099161e-05  0.00000000e+00 
 2.74594925e-05  2.71001800e-06  2.74594925e-05 -2.80564438e-09  2.74594925e-05  0.00000000e+00 
 2.75090688e-05  2.85206272e-06  2.75090688e-05 -2.80688346e-09  2.75090688e-05  0.00000000e+00 
 2.75586452e-05  2.71492214e-06  2.75586452e-05 -2.80569017e-09  2.75586452e-05  0.00000000e+00 
 2.76082215e-05  2.84707046e-06  2.76082215e-05 -2.80683749e-09  2.76082215e-05  0.00000000e+00 
 2.76577979e-05  2.71995080e-06  2.76577979e-05 -2.80573691e-09  2.76577979e-05  0.00000000e+00 
 2.77073742e-05  2.84198062e-06  2.77073742e-05 -2.80679061e-09  2.77073742e-05  0.00000000e+00 
 2.77569505e-05  2.72508662e-06  2.77569505e-05 -2.80578451e-09  2.77569505e-05  0.00000000e+00 
 2.78065269e-05  2.83679603e-06  2.78065269e-05 -2.80674287e-09  2.78065269e-05  0.00000000e+00 
 2.78561032e-05  2.73031785e-06  2.78561032e-05 -2.80583291e-09  2.78561032e-05  0.00000000e+00 
 2.79056796e-05  2.83152315e-06  2.79056796e-05 -2.80669437e-09  2.79056796e-05  0.00000000e+00 
 2.79552559e-05  2.73563469e-06  2.79552559e-05 -2.80588202e-09  2.79552559e-05  0.00000000e+00 
 2.80048323e-05  2.82616986e-06  2.80048323e-05 -2.80664517e-09  2.80048323e-05  0.00000000e+00 
 2.80544086e-05  2.74102799e-06  2.80544086e-05 -2.80593175e-09  2.80544086e-05  0.00000000e+00 
 2.81039850e-05  2.82074466e-06  2.81039850e-05 -2.80659537e-09  2.81039850e-05  0.00000000e+00 
 2.81535613e-05  2.74648873e-06  2.81535613e-05 -2.80598203e-09  2.81535613e-05  0.00000000e+00 
 2.82031377e-05  2.81525632e-06  2.82031377e-05 -2.80654503e-09  2.82031377e-05  0.00000000e+00 
 2.82527140e-05  2.75200790e-06  2.82527140e-05 -2.80603278e-09  2.82527140e-05  0.00000000e+00 
 2.83022903e-05  2.80971380e-06  2.83022903e-05 -2.80649424e-09  2.83022903e-05  0.00000000e+00 
 2.83518667e-05  2.75757645e-06  2.83518667e-05 -2.80608391e-09  2.83518667e-05  0.00000000e+00 
 2.84014430e-05  2.80412614e-06  2.84014430e-05 -2.80644310e-09  2.84014430e-05  0.00000000e+00 
 2.84510194e-05  2.76318523e-06  2.84510194e-05 -2.80613533e-09  2.84510194e-05  0.00000000e+00 
 2.85005957e-05  2.79850250e-06  2.85005957e-05 -2.80639166e-09  2.85005957e-05  0.00000000e+00 
 2.85501721e-05  2.76882505e-06  2.85501721e-05 -2.80618697e-09  2.85501721e-05  0.00000000e+00 
 2.85997484e-05  2.79285207e-06  2.85997484e-05 -2.80634004e-09  2.85997484e-05  0.00000000e+00 
 2.86493248e-05  2.77448668e-06  2.86493248e-05 -2.80623873e-09  2.86493248e-05  0.00000000e+00 
 2.86888728e-05  2.78646468e-06  2.86888728e-05 -2.80628173e-09  2.86888728e-05  0.00000000e+00 
 2.87064780e-05  2.78603327e-06  2.87064780e-05 -2.80634408e-09  2.87064780e-05  0.00000000e+00 
 2.87229312e-05  2.76993780e-06  2.87229312e-05 -2.80613116e-09  2.87229312e-05  0.00000000e+00 
 2.87360668e-05  2.80519100e-06  2.87360668e-05 -2.80651826e-09  2.87360668e-05  0.00000000e+00 
 2.87488346e-05  2.74852842e-06  2.87488346e-05 -2.80593677e-09  2.87488346e-05  0.00000000e+00 
 2.87616613e-05  2.82650835e-06  2.87616613e-05 -2.80671106e-09  2.87616613e-05  0.00000000e+00 
 2.87748875e-05  2.72803826e-06  2.87748875e-05 -2.80575139e-09  2.87748875e-05  0.00000000e+00 
 2.87897135e-05  2.84508067e-06  2.87897135e-05 -2.80687797e-09  2.87897135e-05  0.00000000e+00 
 2.88070241e-05  2.71225205e-06  2.88070241e-05 -2.80560896e-09  2.88070241e-05  0.00000000e+00 
 2.88285894e-05  2.85780567e-06  2.88285894e-05 -2.80699155e-09  2.88285894e-05  0.00000000e+00 
 2.88575247e-05  2.70261265e-06  2.88575247e-05 -2.80552202e-09  2.88575247e-05  0.00000000e+00 
 2.88994682e-05  2.86458593e-06  2.88994682e-05 -2.80705148e-09  2.88994682e-05  0.00000000e+00 
 2.89490446e-05  2.69758683e-06  2.89490446e-05 -2.80547711e-09  2.89490446e-05  0.00000000e+00 
 2.89986209e-05  2.86911437e-06  2.89986209e-05 -2.80709243e-09  2.89986209e-05  0.00000000e+00 
 2.90481973e-05  2.69313301e-06  2.90481973e-05 -2.80543751e-09  2.90481973e-05  0.00000000e+00 
 2.90977736e-05  2.87350116e-06  2.90977736e-05 -2.80713130e-09  2.90977736e-05  0.00000000e+00 
 2.91473499e-05  2.68882204e-06  2.91473499e-05 -2.80539898e-09  2.91473499e-05  0.00000000e+00 
 2.91969263e-05  2.87773584e-06  2.91969263e-05 -2.80716876e-09  2.91969263e-05  0.00000000e+00 
 2.92465026e-05  2.68466246e-06  2.92465026e-05 -2.80536189e-09  2.92465026e-05  0.00000000e+00 
 2.92960790e-05  2.88181312e-06  2.92960790e-05 -2.80720475e-09  2.92960790e-05  0.00000000e+00 
 2.93456553e-05  2.68066207e-06  2.93456553e-05 -2.80532630e-09  2.93456553e-05  0.00000000e+00 
 2.93952317e-05  2.88572693e-06  2.93952317e-05 -2.80723921e-09  2.93952317e-05  0.00000000e+00 
 2.94448080e-05  2.67682780e-06  2.94448080e-05 -2.80529227e-09  2.94448080e-05  0.00000000e+00 
 2.94943844e-05  2.88947109e-06  2.94943844e-05 -2.80727208e-09  2.94943844e-05  0.00000000e+00 
 2.95439607e-05  2.67316608e-06  2.95439607e-05 -2.80525985e-09  2.95439607e-05  0.00000000e+00 
 2.95935371e-05  2.89303956e-06  2.95935371e-05 -2.80730332e-09  2.95935371e-05  0.00000000e+00 
 2.96431134e-05  2.66968296e-06  2.96431134e-05 -2.80522910e-09  2.96431134e-05  0.00000000e+00 
 2.96926897e-05  2.89642654e-06  2.96926897e-05 -2.80733287e-09  2.96926897e-05  0.00000000e+00 
 2.97422661e-05  2.66638418e-06  2.97422661e-05 -2.80520007e-09  2.97422661e-05  0.00000000e+00 
 2.97918424e-05  2.89962651e-06  2.97918424e-05 -2.80736068e-09  2.97918424e-05  0.00000000e+00 
 2.98414188e-05  2.66327516e-06  2.98414188e-05 -2.80517281e-09  2.98414188e-05  0.00000000e+00 
 2.98909951e-05  2.90263423e-06  2.98909951e-05 -2.80738671e-09  2.98909951e-05  0.00000000e+00 
 2.99405715e-05  2.66036100e-06  2.99405715e-05 -2.80514736e-09  2.99405715e-05  0.00000000e+00 
 2.99901478e-05  2.90544480e-06  2.99901478e-05 -2.80741092e-09  2.99901478e-05  0.00000000e+00 
 3.00397242e-05  2.65764648e-06  3.00397242e-05 -2.80512377e-09  3.00397242e-05  0.00000000e+00 
 3.00893005e-05  2.90805362e-06  3.00893005e-05 -2.80743327e-09  3.00893005e-05  0.00000000e+00 
 3.01388769e-05  2.65513606e-06  3.01388769e-05 -2.80510207e-09  3.01388769e-05  0.00000000e+00 
 3.01884532e-05  2.91045643e-06  3.01884532e-05 -2.80745372e-09  3.01884532e-05  0.00000000e+00 
 3.02380295e-05  2.65283387e-06  3.02380295e-05 -2.80508230e-09  3.02380295e-05  0.00000000e+00 
 3.02876059e-05  2.91264931e-06  3.02876059e-05 -2.80747224e-09  3.02876059e-05  0.00000000e+00 
 3.03371822e-05  2.65074368e-06  3.03371822e-05 -2.80506450e-09  3.03371822e-05  0.00000000e+00 
 3.03867586e-05  2.91462867e-06  3.03867586e-05 -2.80748880e-09  3.03867586e-05  0.00000000e+00 
 3.04363349e-05  2.64886893e-06  3.04363349e-05 -2.80504870e-09  3.04363349e-05  0.00000000e+00 
 3.04859113e-05  2.91639129e-06  3.04859113e-05 -2.80750338e-09  3.04859113e-05  0.00000000e+00 
 3.05354876e-05  2.64721269e-06  3.05354876e-05 -2.80503491e-09  3.05354876e-05  0.00000000e+00 
 3.05850640e-05  2.91793428e-06  3.05850640e-05 -2.80751594e-09  3.05850640e-05  0.00000000e+00 
 3.06346403e-05  2.64577768e-06  3.06346403e-05 -2.80502317e-09  3.06346403e-05  0.00000000e+00 
 3.06842167e-05  2.91925512e-06  3.06842167e-05 -2.80752648e-09  3.06842167e-05  0.00000000e+00 
 3.07337930e-05  2.64456626e-06  3.07337930e-05 -2.80501349e-09  3.07337930e-05  0.00000000e+00 
 3.07833693e-05  2.92035166e-06  3.07833693e-05 -2.80753497e-09  3.07833693e-05  0.00000000e+00 
 3.08329457e-05  2.64358042e-06  3.08329457e-05 -2.80500590e-09  3.08329457e-05  0.00000000e+00 
 3.08825220e-05  2.92122211e-06  3.08825220e-05 -2.80754140e-09  3.08825220e-05  0.00000000e+00 
 3.09320984e-05  2.64282178e-06  3.09320984e-05 -2.80500039e-09  3.09320984e-05  0.00000000e+00 
 3.09816747e-05  2.92186505e-06  3.09816747e-05 -2.80754576e-09  3.09816747e-05  0.00000000e+00 
 3.10312511e-05  2.64229158e-06  3.10312511e-05 -2.80499699e-09  3.10312511e-05  0.00000000e+00 
 3.10808274e-05  2.92227943e-06  3.10808274e-05 -2.80754804e-09  3.10808274e-05  0.00000000e+00 
 3.11304038e-05  2.64199070e-06  3.11304038e-05 -2.80499569e-09  3.11304038e-05  0.00000000e+00 
 3.11799801e-05  2.92246457e-06  3.11799801e-05 -2.80754825e-09  3.11799801e-05  0.00000000e+00 
 3.12295565e-05  2.64191964e-06  3.12295565e-05 -2.80499651e-09  3.12295565e-05  0.00000000e+00 
 3.12791328e-05  2.92242017e-06  3.12791328e-05 -2.80754637e-09  3.12791328e-05  0.00000000e+00 
 3.13287091e-05  2.64207850e-06  3.13287091e-05 -2.80499943e-09  3.13287091e-05  0.00000000e+00 
 3.13782855e-05  2.92214631e-06  3.13782855e-05 -2.80754241e-09  3.13782855e-05  0.00000000e+00 
 3.14278618e-05  2.64246703e-06  3.14278618e-05 -2.80500446e-09  3.14278618e-05  0.00000000e+00 
 3.14774382e-05  2.92164344e-06  3.14774382e-05 -2.80753639e-09  3.14774382e-05  0.00000000e+00 
 3.15270145e-05  2.64308460e-06  3.15270145e-05 -2.80501158e-09  3.15270145e-05  0.00000000e+00 
 3.15765909e-05  2.92091237e-06  3.15765909e-05 -2.80752830e-09  3.15765909e-05  0.00000000e+00 
 3.16261672e-05  2.64393018e-06  3.16261672e-05 -2.80502079e-09  3.16261672e-05  0.00000000e+00 
 3.16757436e-05  2.91995431e-06  3.16757436e-05 -2.80751816e-09  3.16757436e-05  0.00000000e+00 
 3.17253199e-05  2.64500240e-06  3.17253199e-05 -2.80503207e-09  3.17253199e-05  0.00000000e+00 
 3.17748963e-05  2.91877083e-06  3.17748963e-05 -2.80750599e-09  3.17748963e-05  0.00000000e+00 
 3.18244726e-05  2.64629949e-06  3.18244726e-05 -2.80504539e-09  3.18244726e-05  0.00000000e+00 
 3.18740489e-05  2.91736385e-06  3.18740489e-05 -2.80749181e-09  3.18740489e-05  0.00000000e+00 
 3.19236253e-05  2.64781932e-06  3.19236253e-05 -2.80506074e-09  3.19236253e-05  0.00000000e+00 
 3.19732016e-05  2.91573568e-06  3.19732016e-05 -2.80747564e-09  3.19732016e-05  0.00000000e+00 
 3.20227780e-05  2.64955941e-06  3.20227780e-05 -2.80507810e-09  3.20227780e-05  0.00000000e+00 
 3.20723543e-05  2.91388898e-06  3.20723543e-05 -2.80745751e-09  3.20723543e-05  0.00000000e+00 
 3.21219307e-05  2.65151689e-06  3.21219307e-05 -2.80509742e-09  3.21219307e-05  0.00000000e+00 
 3.21715070e-05  2.91182677e-06  3.21715070e-05 -2.80743744e-09  3.21715070e-05  0.00000000e+00 
 3.22210834e-05  2.65368855e-06  3.22210834e-05 -2.80511869e-09  3.22210834e-05  0.00000000e+00 
 3.22706597e-05  2.90955242e-06  3.22706597e-05 -2.80741547e-09  3.22706597e-05  0.00000000e+00 
 3.23202361e-05  2.65607083e-06  3.23202361e-05 -2.80514187e-09  3.23202361e-05  0.00000000e+00 
 3.23698124e-05  2.90706964e-06  3.23698124e-05 -2.80739163e-09  3.23698124e-05  0.00000000e+00 
 3.24193887e-05  2.65865982e-06  3.24193887e-05 -2.80516691e-09  3.24193887e-05  0.00000000e+00 
 3.24689651e-05  2.90438250e-06  3.24689651e-05 -2.80736596e-09  3.24689651e-05  0.00000000e+00 
 3.25185414e-05  2.66145127e-06  3.25185414e-05 -2.80519377e-09  3.25185414e-05  0.00000000e+00 
 3.25681178e-05  2.90149539e-06  3.25681178e-05 -2.80733851e-09  3.25681178e-05  0.00000000e+00 
 3.26176941e-05  2.66444059e-06  3.26176941e-05 -2.80522242e-09  3.26176941e-05  0.00000000e+00 
 3.26672705e-05  2.89841302e-06  3.26672705e-05 -2.80730931e-09  3.26672705e-05  0.00000000e+00 
 3.27168468e-05  2.66762289e-06  3.27168468e-05 -2.80525280e-09  3.27168468e-05  0.00000000e+00 
 3.27664232e-05  2.89514044e-06  3.27664232e-05 -2.80727842e-09  3.27664232e-05  0.00000000e+00 
 3.28159995e-05  2.67099293e-06  3.28159995e-05 -2.80528486e-09  3.28159995e-05  0.00000000e+00 
 3.28655759e-05  2.89168299e-06  3.28655759e-05 -2.80724588e-09  3.28655759e-05  0.00000000e+00 
 3.29151522e-05  2.67454520e-06  3.29151522e-05 -2.80531855e-09  3.29151522e-05  0.00000000e+00 
 3.29647285e-05  2.88804634e-06  3.29647285e-05 -2.80721175e-09  3.29647285e-05  0.00000000e+00 
 3.30143049e-05  2.67827385e-06  3.30143049e-05 -2.80535381e-09  3.30143049e-05  0.00000000e+00 
 3.30638812e-05  2.88423641e-06  3.30638812e-05 -2.80717608e-09  3.30638812e-05  0.00000000e+00 
 3.31134576e-05  2.68217278e-06  3.31134576e-05 -2.80539059e-09  3.31134576e-05  0.00000000e+00 
 3.31630339e-05  2.88025944e-06  3.31630339e-05 -2.80713893e-09  3.31630339e-05  0.00000000e+00 
 3.32126103e-05  2.68623558e-06  3.32126103e-05 -2.80542882e-09  3.32126103e-05  0.00000000e+00 
 3.32621866e-05  2.87612193e-06  3.32621866e-05 -2.80710035e-09  3.32621866e-05  0.00000000e+00 
 3.33117630e-05  2.69045558e-06  3.33117630e-05 -2.80546844e-09  3.33117630e-05  0.00000000e+00 
 3.33613393e-05  2.87183066e-06  3.33613393e-05 -2.80706042e-09  3.33613393e-05  0.00000000e+00 
 3.34109157e-05  2.69482588e-06  3.34109157e-05 -2.80550938e-09  3.34109157e-05  0.00000000e+00 
 3.34604920e-05  2.86739262e-06  3.34604920e-05 -2.80701919e-09  3.34604920e-05  0.00000000e+00 
 3.35100683e-05  2.69933929e-06  3.35100683e-05 -2.80555158e-09  3.35100683e-05  0.00000000e+00 
 3.35596447e-05  2.86281509e-06  3.35596447e-05 -2.80697674e-09  3.35596447e-05  0.00000000e+00 
 3.36092210e-05  2.70398841e-06  3.36092210e-05 -2.80559496e-09  3.36092210e-05  0.00000000e+00 
 3.36587974e-05  2.85810554e-06  3.36587974e-05 -2.80693313e-09  3.36587974e-05  0.00000000e+00 
 3.37083737e-05  2.70876562e-06  3.37083737e-05 -2.80563946e-09  3.37083737e-05  0.00000000e+00 
 3.37579501e-05  2.85327168e-06  3.37579501e-05 -2.80688842e-09  3.37579501e-05  0.00000000e+00 
 3.38075264e-05  2.71366308e-06  3.38075264e-05 -2.80568500e-09  3.38075264e-05  0.00000000e+00 
 3.38571028e-05  2.84832142e-06  3.38571028e-05 -2.80684271e-09  3.38571028e-05  0.00000000e+00 
 3.39066791e-05  2.71867276e-06  3.39066791e-05 -2.80573151e-09  3.39066791e-05  0.00000000e+00 
 3.39562555e-05  2.84326285e-06  3.39562555e-05 -2.80679605e-09  3.39562555e-05  0.00000000e+00 
 3.40058318e-05  2.72378644e-06  3.40058318e-05 -2.80577890e-09  3.40058318e-05  0.00000000e+00 
 3.40554081e-05  2.83810424e-06  3.40554081e-05 -2.80674852e-09  3.40554081e-05  0.00000000e+00 
 3.41049845e-05  2.72899574e-06  3.41049845e-05 -2.80582710e-09  3.41049845e-05  0.00000000e+00 
 3.41545608e-05  2.83285404e-06  3.41545608e-05 -2.80670020e-09  3.41545608e-05  0.00000000e+00 
 3.42041372e-05  2.73429213e-06  3.42041372e-05 -2.80587603e-09  3.42041372e-05  0.00000000e+00 
 3.42537135e-05  2.82752083e-06  3.42537135e-05 -2.80665118e-09  3.42537135e-05  0.00000000e+00 
 3.43032899e-05  2.73966690e-06  3.43032899e-05 -2.80592561e-09  3.43032899e-05  0.00000000e+00 
 3.43528662e-05  2.82211335e-06  3.43528662e-05 -2.80660152e-09  3.43528662e-05  0.00000000e+00 
 3.44024426e-05  2.74511126e-06  3.44024426e-05 -2.80597576e-09  3.44024426e-05  0.00000000e+00 
 3.44520189e-05  2.81664043e-06  3.44520189e-05 -2.80655131e-09  3.44520189e-05  0.00000000e+00 
 3.45015953e-05  2.75061628e-06  3.45015953e-05 -2.80602640e-09  3.45015953e-05  0.00000000e+00 
 3.45511716e-05  2.81111104e-06  3.45511716e-05 -2.80650064e-09  3.45511716e-05  0.00000000e+00 
 3.46007479e-05  2.75617294e-06  3.46007479e-05 -2.80607743e-09  3.46007479e-05  0.00000000e+00 
 3.46503243e-05  2.80553422e-06  3.46503243e-05 -2.80644957e-09  3.46503243e-05  0.00000000e+00 
 3.46999006e-05  2.76177212e-06  3.46999006e-05 -2.80612879e-09  3.46999006e-05  0.00000000e+00 
 3.47494770e-05  2.79991911e-06  3.47494770e-05 -2.80639821e-09  3.47494770e-05  0.00000000e+00 
 3.47990533e-05  2.76740467e-06  3.47990533e-05 -2.80618037e-09  3.47990533e-05  0.00000000e+00 
 3.48486297e-05  2.79427489e-06  3.48486297e-05 -2.80634663e-09  3.48486297e-05  0.00000000e+00 
 3.48982060e-05  2.77306133e-06  3.48982060e-05 -2.80623211e-09  3.48982060e-05  0.00000000e+00 
 3.49422166e-05  2.78825218e-06  3.49422166e-05 -2.80629164e-09  3.49422166e-05  0.00000000e+00 
 3.49685365e-05  2.78159910e-06  3.49685365e-05 -2.80631006e-09  3.49685365e-05  0.00000000e+00 
 3.49844995e-05  2.77409918e-06  3.49844995e-05 -2.80616263e-09  3.49844995e-05  0.00000000e+00 
 3.49983994e-05  2.80048119e-06  3.49983994e-05 -2.80648192e-09  3.49983994e-05  0.00000000e+00 
 3.50118659e-05  2.75372869e-06  3.50118659e-05 -2.80597751e-09  3.50118659e-05  0.00000000e+00 
 3.50242229e-05  2.82181611e-06  3.50242229e-05 -2.80667514e-09  3.50242229e-05  0.00000000e+00 
 3.50372468e-05  2.73245357e-06  3.50372468e-05 -2.80578486e-09  3.50372468e-05  0.00000000e+00 
 3.50512713e-05  2.84128842e-06  3.50512713e-05 -2.80685040e-09  3.50512713e-05  0.00000000e+00 
 3.50671584e-05  2.71529578e-06  3.50671584e-05 -2.80563000e-09  3.50671584e-05  0.00000000e+00 
 3.50865354e-05  2.85547776e-06  3.50865354e-05 -2.80697724e-09  3.50865354e-05  0.00000000e+00 
 3.51115284e-05  2.70425543e-06  3.51115284e-05 -2.80553047e-09  3.51115284e-05  0.00000000e+00 
 3.51464351e-05  2.86352649e-06  3.51464351e-05 -2.80704859e-09  3.51464351e-05  0.00000000e+00 
 3.51960115e-05  2.69863233e-06  3.51960115e-05 -2.80547967e-09  3.51960115e-05  0.00000000e+00 
 3.52455878e-05  2.86808332e-06  3.52455878e-05 -2.80708969e-09  3.52455878e-05  0.00000000e+00 
 3.52951642e-05  2.69414633e-06  3.52951642e-05 -2.80544017e-09  3.52951642e-05  0.00000000e+00 
 3.53447405e-05  2.87250408e-06  3.53447405e-05 -2.80712887e-09  3.53447405e-05  0.00000000e+00 
 3.53943169e-05  2.68980217e-06  3.53943169e-05 -2.80540133e-09  3.53943169e-05  0.00000000e+00 
 3.54438932e-05  2.87677374e-06  3.54438932e-05 -2.80716666e-09  3.54438932e-05  0.00000000e+00 
 3.54934696e-05  2.68560740e-06  3.54934696e-05 -2.80536391e-09  3.54934696e-05  0.00000000e+00 
 3.55430459e-05  2.88088734e-06  3.55430459e-05 -2.80720299e-09  3.55430459e-05  0.00000000e+00 
 3.55926223e-05  2.68157015e-06  3.55926223e-05 -2.80532797e-09  3.55926223e-05  0.00000000e+00 
 3.56421986e-05  2.88483890e-06  3.56421986e-05 -2.80723780e-09  3.56421986e-05  0.00000000e+00 
 3.56917749e-05  2.67769748e-06  3.56917749e-05 -2.80529357e-09  3.56917749e-05  0.00000000e+00 
 3.57413513e-05  2.88862224e-06  3.57413513e-05 -2.80727104e-09  3.57413513e-05  0.00000000e+00 
 3.57909276e-05  2.67399591e-06  3.57909276e-05 -2.80526078e-09  3.57909276e-05  0.00000000e+00 
 3.58405040e-05  2.89223126e-06  3.58405040e-05 -2.80730266e-09  3.58405040e-05  0.00000000e+00 
 3.58900803e-05  2.67047157e-06  3.58900803e-05 -2.80522965e-09  3.58900803e-05  0.00000000e+00 
 3.59396567e-05  2.89566011e-06  3.59396567e-05 -2.80733259e-09  3.59396567e-05  0.00000000e+00 
 3.59892330e-05  2.66713028e-06  3.59892330e-05 -2.80520022e-09  3.59892330e-05  0.00000000e+00 
 3.60388094e-05  2.89890319e-06  3.60388094e-05 -2.80736081e-09  3.60388094e-05  0.00000000e+00 
 3.60883857e-05  2.66397751e-06  3.60883857e-05 -2.80517255e-09  3.60883857e-05  0.00000000e+00 
 3.61379621e-05  2.90195521e-06  3.61379621e-05 -2.80738725e-09  3.61379621e-05  0.00000000e+00 
 3.61875384e-05  2.66101845e-06  3.61875384e-05 -2.80514669e-09  3.61875384e-05  0.00000000e+00 
 3.62371147e-05  2.90481119e-06  3.62371147e-05 -2.80741188e-09  3.62371147e-05  0.00000000e+00 
 3.62866911e-05  2.65825796e-06  3.62866911e-05 -2.80512267e-09  3.62866911e-05  0.00000000e+00 
 3.63362674e-05  2.90746645e-06  3.63362674e-05 -2.80743465e-09  3.63362674e-05  0.00000000e+00 
 3.63858438e-05  2.65570057e-06  3.63858438e-05 -2.80510053e-09  3.63858438e-05  0.00000000e+00 
 3.64354201e-05  2.90991667e-06  3.64354201e-05 -2.80745554e-09  3.64354201e-05  0.00000000e+00 
 3.64849965e-05  2.65335047e-06  3.64849965e-05 -2.80508032e-09  3.64849965e-05  0.00000000e+00 
 3.65345728e-05  2.91215784e-06  3.65345728e-05 -2.80747450e-09  3.65345728e-05  0.00000000e+00 
 3.65841492e-05  2.65121153e-06  3.65841492e-05 -2.80506207e-09  3.65841492e-05  0.00000000e+00 
 3.66337255e-05  2.91418629e-06  3.66337255e-05 -2.80749152e-09  3.66337255e-05  0.00000000e+00 
 3.66833019e-05  2.64928726e-06  3.66833019e-05 -2.80504581e-09  3.66833019e-05  0.00000000e+00 
 3.67328782e-05  2.91599871e-06  3.67328782e-05 -2.80750655e-09  3.67328782e-05  0.00000000e+00 
 3.67824545e-05  2.64758081e-06  3.67824545e-05 -2.80503156e-09  3.67824545e-05  0.00000000e+00 
 3.68320309e-05  2.91759216e-06  3.68320309e-05 -2.80751958e-09  3.68320309e-05  0.00000000e+00 
 3.68816072e-05  2.64609499e-06  3.68816072e-05 -2.80501935e-09  3.68816072e-05  0.00000000e+00 
 3.69311836e-05  2.91896401e-06  3.69311836e-05 -2.80753058e-09  3.69311836e-05  0.00000000e+00 
 3.69807599e-05  2.64483223e-06  3.69807599e-05 -2.80500920e-09  3.69807599e-05  0.00000000e+00 
 3.70303363e-05  2.92011204e-06  3.70303363e-05 -2.80753954e-09  3.70303363e-05  0.00000000e+00 
 3.70799126e-05  2.64379462e-06  3.70799126e-05 -2.80500112e-09  3.70799126e-05  0.00000000e+00 
 3.71294890e-05  2.92103436e-06  3.71294890e-05 -2.80754644e-09  3.71294890e-05  0.00000000e+00 
 3.71790653e-05  2.64298386e-06  3.71790653e-05 -2.80499514e-09  3.71790653e-05  0.00000000e+00 
 3.72286417e-05  2.92172948e-06  3.72286417e-05 -2.80755128e-09  3.72286417e-05  0.00000000e+00 
 3.72782180e-05  2.64240128e-06  3.72782180e-05 -2.80499125e-09  3.72782180e-05  0.00000000e+00 
 3.73277943e-05  2.92219626e-06  3.73277943e-05 -2.80755403e-09  3.73277943e-05  0.00000000e+00 
 3.73773707e-05  2.64204783e-06  3.73773707e-05 -2.80498947e-09  3.73773707e-05  0.00000000e+00 
 3.74269470e-05  2.92243394e-06  3.74269470e-05 -2.80755471e-09  3.74269470e-05  0.00000000e+00 
 3.74765234e-05  2.64192410e-06  3.74765234e-05 -2.80498980e-09  3.74765234e-05  0.00000000e+00 
 3.75260997e-05  2.92244214e-06  3.75260997e-05 -2.80755331e-09  3.75260997e-05  0.00000000e+00 
 3.75756761e-05  2.64203029e-06  3.75756761e-05 -2.80499225e-09  3.75756761e-05  0.00000000e+00 
 3.76252524e-05  2.92222083e-06  3.76252524e-05 -2.80754983e-09  3.76252524e-05  0.00000000e+00 
 3.76748288e-05  2.64236624e-06  3.76748288e-05 -2.80499679e-09  3.76748288e-05  0.00000000e+00 
 3.77244051e-05  2.92177039e-06  3.77244051e-05 -2.80754428e-09  3.77244051e-05  0.00000000e+00 
 3.77739815e-05  2.64293137e-06  3.77739815e-05 -2.80500344e-09  3.77739815e-05  0.00000000e+00 
 3.78235578e-05  2.92109155e-06  3.78235578e-05 -2.80753666e-09  3.78235578e-05  0.00000000e+00 
 3.78731341e-05  2.64372479e-06  3.78731341e-05 -2.80501217e-09  3.78731341e-05  0.00000000e+00 
 3.79227105e-05  2.92018542e-06  3.79227105e-05 -2.80752700e-09  3.79227105e-05  0.00000000e+00 
 3.79722868e-05  2.64474517e-06  3.79722868e-05 -2.80502297e-09  3.79722868e-05  0.00000000e+00 
 3.80218632e-05  2.91905349e-06  3.80218632e-05 -2.80751529e-09  3.80218632e-05  0.00000000e+00 
 3.80714395e-05  2.64599084e-06  3.80714395e-05 -2.80503582e-09  3.80714395e-05  0.00000000e+00 
 3.81210159e-05  2.91769760e-06  3.81210159e-05 -2.80750157e-09  3.81210159e-05  0.00000000e+00 
 3.81705922e-05  2.64745977e-06  3.81705922e-05 -2.80505071e-09  3.81705922e-05  0.00000000e+00 
 3.82201686e-05  2.91611997e-06  3.82201686e-05 -2.80748585e-09  3.82201686e-05  0.00000000e+00 
 3.82697449e-05  2.64914954e-06  3.82697449e-05 -2.80506761e-09  3.82697449e-05  0.00000000e+00 
 3.83193213e-05  2.91432319e-06  3.83193213e-05 -2.80746817e-09  3.83193213e-05  0.00000000e+00 
 3.83688976e-05  2.65105737e-06  3.83688976e-05 -2.80508649e-09  3.83688976e-05  0.00000000e+00 
 3.84184739e-05  2.91231018e-06  3.84184739e-05 -2.80744854e-09  3.84184739e-05  0.00000000e+00 
 3.84680503e-05  2.65318014e-06  3.84680503e-05 -2.80510731e-09  3.84680503e-05  0.00000000e+00 
 3.85176266e-05  2.91008425e-06  3.85176266e-05 -2.80742700e-09  3.85176266e-05  0.00000000e+00 
 3.85672030e-05  2.65551436e-06  3.85672030e-05 -2.80513005e-09  3.85672030e-05  0.00000000e+00 
 3.86167793e-05  2.90764902e-06  3.86167793e-05 -2.80740359e-09  3.86167793e-05  0.00000000e+00 
 3.86663557e-05  2.65805621e-06  3.86663557e-05 -2.80515467e-09  3.86663557e-05  0.00000000e+00 
 3.87159320e-05  2.90500848e-06  3.87159320e-05 -2.80737834e-09  3.87159320e-05  0.00000000e+00 
 3.87655084e-05  2.66080150e-06  3.87655084e-05 -2.80518112e-09  3.87655084e-05  0.00000000e+00 
 3.88150847e-05  2.90216694e-06  3.88150847e-05 -2.80735130e-09  3.88150847e-05  0.00000000e+00 
 3.88646611e-05  2.66374574e-06  3.88646611e-05 -2.80520936e-09  3.88646611e-05  0.00000000e+00 
 3.89142374e-05  2.89912905e-06  3.89142374e-05 -2.80732250e-09  3.89142374e-05  0.00000000e+00 
 3.89638137e-05  2.66688409e-06  3.89638137e-05 -2.80523934e-09  3.89638137e-05  0.00000000e+00 
 3.90133901e-05  2.89589978e-06  3.90133901e-05 -2.80729199e-09  3.90133901e-05  0.00000000e+00 
 3.90629664e-05  2.67021140e-06  3.90629664e-05 -2.80527102e-09  3.90629664e-05  0.00000000e+00 
 3.91125428e-05  2.89248440e-06  3.91125428e-05 -2.80725983e-09  3.91125428e-05  0.00000000e+00 
 3.91621191e-05  2.67372221e-06  3.91621191e-05 -2.80530434e-09  3.91621191e-05  0.00000000e+00 
 3.92116955e-05  2.88888850e-06  3.92116955e-05 -2.80722606e-09  3.92116955e-05  0.00000000e+00 
 3.92612718e-05  2.67741076e-06  3.92612718e-05 -2.80533925e-09  3.92612718e-05  0.00000000e+00 
 3.93108482e-05  2.88511795e-06  3.93108482e-05 -2.80719074e-09  3.93108482e-05  0.00000000e+00 
 3.93604245e-05  2.68127101e-06  3.93604245e-05 -2.80537568e-09  3.93604245e-05  0.00000000e+00 
 3.94100009e-05  2.88117893e-06  3.94100009e-05 -2.80715392e-09  3.94100009e-05  0.00000000e+00 
 3.94595772e-05  2.68529660e-06  3.94595772e-05 -2.80541358e-09  3.94595772e-05  0.00000000e+00 
 3.95091535e-05  2.87707786e-06  3.95091535e-05 -2.80711567e-09  3.95091535e-05  0.00000000e+00 
 3.95587299e-05  2.68948094e-06  3.95587299e-05 -2.80545288e-09  3.95587299e-05  0.00000000e+00 
 3.96083062e-05  2.87282145e-06  3.96083062e-05 -2.80707604e-09  3.96083062e-05  0.00000000e+00 
 3.96578826e-05  2.69381717e-06  3.96578826e-05 -2.80549353e-09  3.96578826e-05  0.00000000e+00 
 3.97074589e-05  2.86841667e-06  3.97074589e-05 -2.80703511e-09  3.97074589e-05  0.00000000e+00 
 3.97570353e-05  2.69829817e-06  3.97570353e-05 -2.80553544e-09  3.97570353e-05  0.00000000e+00 
 3.98066116e-05  2.86387072e-06  3.98066116e-05 -2.80699294e-09  3.98066116e-05  0.00000000e+00 
 3.98561880e-05  2.70291659e-06  3.98561880e-05 -2.80557856e-09  3.98561880e-05  0.00000000e+00 
 3.99057643e-05  2.85919102e-06  3.99057643e-05 -2.80694958e-09  3.99057643e-05  0.00000000e+00 
 3.99553407e-05  2.70766485e-06  3.99553407e-05 -2.80562281e-09  3.99553407e-05  0.00000000e+00 
 4.00049170e-05  2.85438524e-06  4.00049170e-05 -2.80690513e-09  4.00049170e-05  0.00000000e+00 
 4.00544933e-05  2.71253517e-06  4.00544933e-05 -2.80566811e-09  4.00544933e-05  0.00000000e+00 
 4.01040697e-05  2.84946123e-06  4.01040697e-05 -2.80685964e-09  4.01040697e-05  0.00000000e+00 
 4.01536460e-05  2.71751956e-06  4.01536460e-05 -2.80571440e-09  4.01536460e-05  0.00000000e+00 
 4.02032224e-05  2.84442705e-06  4.02032224e-05 -2.80681319e-09  4.02032224e-05  0.00000000e+00 
 4.02527987e-05  2.72260985e-06  4.02527987e-05 -2.80576159e-09  4.02527987e-05  0.00000000e+00 
 4.03023751e-05  2.83929093e-06  4.03023751e-05 -2.80676586e-09  4.03023751e-05  0.00000000e+00 
 4.03519514e-05  2.72779768e-06  4.03519514e-05 -2.80580961e-09  4.03519514e-05  0.00000000e+00 
 4.04015278e-05  2.83406127e-06  4.04015278e-05 -2.80671772e-09  4.04015278e-05  0.00000000e+00 
 4.04511041e-05  2.73307456e-06  4.04511041e-05 -2.80585838e-09  4.04511041e-05  0.00000000e+00 
 4.05006805e-05  2.82874664e-06  4.05006805e-05 -2.80666885e-09  4.05006805e-05  0.00000000e+00 
 4.05502568e-05  2.73843182e-06  4.05502568e-05 -2.80590782e-09  4.05502568e-05  0.00000000e+00 
 4.05998331e-05  2.82335572e-06  4.05998331e-05 -2.80661934e-09  4.05998331e-05  0.00000000e+00 
 4.06494095e-05  2.74386070e-06  4.06494095e-05 -2.80595784e-09  4.06494095e-05  0.00000000e+00 
 4.06989858e-05  2.81789733e-06  4.06989858e-05 -2.80656925e-09  4.06989858e-05  0.00000000e+00 
 4.07485622e-05  2.74935228e-06  4.07485622e-05 -2.80600837e-09  4.07485622e-05  0.00000000e+00 
 4.07981385e-05  2.81238042e-06  4.07981385e-05 -2.80651868e-09  4.07981385e-05  0.00000000e+00 
 4.08477149e-05  2.75489757e-06  4.08477149e-05 -2.80605932e-09  4.08477149e-05  0.00000000e+00 
 4.08972912e-05  2.80681400e-06  4.08972912e-05 -2.80646770e-09  4.08972912e-05  0.00000000e+00 
 4.09468676e-05  2.76048749e-06  4.09468676e-05 -2.80611060e-09  4.09468676e-05  0.00000000e+00 
 4.09964439e-05  2.80120719e-06  4.09964439e-05 -2.80641640e-09  4.09964439e-05  0.00000000e+00 
 4.10460203e-05  2.76611286e-06  4.10460203e-05 -2.80616214e-09  4.10460203e-05  0.00000000e+00 
 4.10955966e-05  2.79556917e-06  4.10955966e-05 -2.80636486e-09  4.10955966e-05  0.00000000e+00 
 4.11451729e-05  2.77176448e-06  4.11451729e-05 -2.80621385e-09  4.11451729e-05  0.00000000e+00 
 4.11947493e-05  2.78990916e-06  4.11947493e-05 -2.80631317e-09  4.11947493e-05  0.00000000e+00 
 4.12339150e-05  2.77818707e-06  4.12339150e-05 -2.80627252e-09  4.12339150e-05  0.00000000e+00 
 4.12508438e-05  2.77801073e-06  4.12508438e-05 -2.80620466e-09  4.12508438e-05  0.00000000e+00 
 4.12658470e-05  2.79585169e-06  4.12658470e-05 -2.80643344e-09  4.12658470e-05  0.00000000e+00 
 4.12782917e-05  2.75746298e-06  4.12782917e-05 -2.80601782e-09  4.12782917e-05  0.00000000e+00 
 4.12902912e-05  2.81847980e-06  4.12902912e-05 -2.80663859e-09  4.12902912e-05  0.00000000e+00 
 4.13023240e-05  2.73487240e-06  4.13023240e-05 -2.80581316e-09  4.13023240e-05  0.00000000e+00 
 4.13148462e-05  2.84003790e-06  4.13148462e-05 -2.80683281e-09  4.13148462e-05  0.00000000e+00 
 4.13288620e-05  2.71546914e-06  4.13288620e-05 -2.80563801e-09  4.13288620e-05  0.00000000e+00 
 4.13453072e-05  2.85641235e-06  4.13453072e-05 -2.80697926e-09  4.13453072e-05  0.00000000e+00 
 4.13659072e-05  2.70235751e-06  4.13659072e-05 -2.80551992e-09  4.13659072e-05  0.00000000e+00 
 4.13937014e-05  2.86621464e-06  4.13937014e-05 -2.80706618e-09  4.13937014e-05  0.00000000e+00 
 4.14343494e-05  2.69549031e-06  4.14343494e-05 -2.80545786e-09  4.14343494e-05  0.00000000e+00 
 4.14839258e-05  2.87116795e-06  4.14839258e-05 -2.80711027e-09  4.14839258e-05  0.00000000e+00 
 4.15335021e-05  2.69110271e-06  4.15335021e-05 -2.80541941e-09  4.15335021e-05  0.00000000e+00 
 4.15830785e-05  2.87548766e-06  4.15830785e-05 -2.80714890e-09  4.15830785e-05  0.00000000e+00 
 4.16326548e-05  2.68686552e-06  4.16326548e-05 -2.80538155e-09  4.16326548e-05  0.00000000e+00 
 4.16822311e-05  2.87965100e-06  4.16822311e-05 -2.80718568e-09  4.16822311e-05  0.00000000e+00 
 4.17318075e-05  2.68278130e-06  4.17318075e-05 -2.80534516e-09  4.17318075e-05  0.00000000e+00 
 4.17813838e-05  2.88365283e-06  4.17813838e-05 -2.80722095e-09  4.17813838e-05  0.00000000e+00 
 4.18309602e-05  2.67885877e-06  4.18309602e-05 -2.80531029e-09  4.18309602e-05  0.00000000e+00 
 4.18805365e-05  2.88748783e-06  4.18805365e-05 -2.80725467e-09  4.18805365e-05  0.00000000e+00 
 4.19301129e-05  2.67510510e-06  4.19301129e-05 -2.80527701e-09  4.19301129e-05  0.00000000e+00 
 4.19796892e-05  2.89115016e-06  4.19796892e-05 -2.80728679e-09  4.19796892e-05  0.00000000e+00 
 4.20292656e-05  2.67152673e-06  4.20292656e-05 -2.80524537e-09  4.20292656e-05  0.00000000e+00 
 4.20788419e-05  2.89463402e-06  4.20788419e-05 -2.80731723e-09  4.20788419e-05  0.00000000e+00 
 4.21284183e-05  2.66812962e-06  4.21284183e-05 -2.80521542e-09  4.21284183e-05  0.00000000e+00 
 4.21779946e-05  2.89793376e-06  4.21779946e-05 -2.80734597e-09  4.21779946e-05  0.00000000e+00 
 4.22275709e-05  2.66491939e-06  4.22275709e-05 -2.80518722e-09  4.22275709e-05  0.00000000e+00 
 4.22771473e-05  2.90104401e-06  4.22771473e-05 -2.80737295e-09  4.22771473e-05  0.00000000e+00 
 4.23267236e-05  2.66190132e-06  4.23267236e-05 -2.80516080e-09  4.23267236e-05  0.00000000e+00 
 4.23763000e-05  2.90395971e-06  4.23763000e-05 -2.80739813e-09  4.23763000e-05  0.00000000e+00 
 4.24258763e-05  2.65908036e-06  4.24258763e-05 -2.80513622e-09  4.24258763e-05  0.00000000e+00 
 4.24754527e-05  2.90667608e-06  4.24754527e-05 -2.80742147e-09  4.24754527e-05  0.00000000e+00 
 4.25250290e-05  2.65646114e-06  4.25250290e-05 -2.80511351e-09  4.25250290e-05  0.00000000e+00 
 4.25746054e-05  2.90918869e-06  4.25746054e-05 -2.80744294e-09  4.25746054e-05  0.00000000e+00 
 4.26241817e-05  2.65404798e-06  4.26241817e-05 -2.80509272e-09  4.26241817e-05  0.00000000e+00 
 4.26737581e-05  2.91149344e-06  4.26737581e-05 -2.80746249e-09  4.26737581e-05  0.00000000e+00 
 4.27233344e-05  2.65184482e-06  4.27233344e-05 -2.80507387e-09  4.27233344e-05  0.00000000e+00 
 4.27729107e-05  2.91358657e-06  4.27729107e-05 -2.80748009e-09  4.27729107e-05  0.00000000e+00 
 4.28224871e-05  2.64985529e-06  4.28224871e-05 -2.80505700e-09  4.28224871e-05  0.00000000e+00 
 4.28720634e-05  2.91546465e-06  4.28720634e-05 -2.80749572e-09  4.28720634e-05  0.00000000e+00 
 4.29216398e-05  2.64808265e-06  4.29216398e-05 -2.80504214e-09  4.29216398e-05  0.00000000e+00 
 4.29712161e-05  2.91712461e-06  4.29712161e-05 -2.80750936e-09  4.29712161e-05  0.00000000e+00 
 4.30207925e-05  2.64652982e-06  4.30207925e-05 -2.80502931e-09  4.30207925e-05  0.00000000e+00 
 4.30703688e-05  2.91856375e-06  4.30703688e-05 -2.80752098e-09  4.30703688e-05  0.00000000e+00 
 4.31199452e-05  2.64519935e-06  4.31199452e-05 -2.80501854e-09  4.31199452e-05  0.00000000e+00 
 4.31695215e-05  2.91977972e-06  4.31695215e-05 -2.80753056e-09  4.31695215e-05  0.00000000e+00 
 4.32190979e-05  2.64409341e-06  4.32190979e-05 -2.80500983e-09  4.32190979e-05  0.00000000e+00 
 4.32686742e-05  2.92077053e-06  4.32686742e-05 -2.80753808e-09  4.32686742e-05  0.00000000e+00 
 4.33182505e-05  2.64321383e-06  4.33182505e-05 -2.80500321e-09  4.33182505e-05  0.00000000e+00 
 4.33678269e-05  2.92153457e-06  4.33678269e-05 -2.80754354e-09  4.33678269e-05  0.00000000e+00 
 4.34174032e-05  2.64256205e-06  4.34174032e-05 -2.80499869e-09  4.34174032e-05  0.00000000e+00 
 4.34669796e-05  2.92207058e-06  4.34669796e-05 -2.80754693e-09  4.34669796e-05  0.00000000e+00 
 4.35165559e-05  2.64213914e-06  4.35165559e-05 -2.80499628e-09  4.35165559e-05  0.00000000e+00 
 4.35661323e-05  2.92237770e-06  4.35661323e-05 -2.80754824e-09  4.35661323e-05  0.00000000e+00 
 4.36157086e-05  2.64194580e-06  4.36157086e-05 -2.80499597e-09  4.36157086e-05  0.00000000e+00 
 4.36652850e-05  2.92245542e-06  4.36652850e-05 -2.80754747e-09  4.36652850e-05  0.00000000e+00 
 4.37148613e-05  2.64198234e-06  4.37148613e-05 -2.80499777e-09  4.37148613e-05  0.00000000e+00 
 4.37644377e-05  2.92230362e-06  4.37644377e-05 -2.80754462e-09  4.37644377e-05  0.00000000e+00 
 4.38140140e-05  2.64224871e-06  4.38140140e-05 -2.80500168e-09  4.38140140e-05  0.00000000e+00 
 4.38635903e-05  2.92192254e-06  4.38635903e-05 -2.80753970e-09  4.38635903e-05  0.00000000e+00 
 4.39131667e-05  2.64274448e-06  4.39131667e-05 -2.80500769e-09  4.39131667e-05  0.00000000e+00 
 4.39627430e-05  2.92131282e-06  4.39627430e-05 -2.80753270e-09  4.39627430e-05  0.00000000e+00 
 4.40123194e-05  2.64346882e-06  4.40123194e-05 -2.80501579e-09  4.40123194e-05  0.00000000e+00 
 4.40618957e-05  2.92047545e-06  4.40618957e-05 -2.80752366e-09  4.40618957e-05  0.00000000e+00 
 4.41114721e-05  2.64442055e-06  4.41114721e-05 -2.80502596e-09  4.41114721e-05  0.00000000e+00 
 4.41610484e-05  2.91941181e-06  4.41610484e-05 -2.80751257e-09  4.41610484e-05  0.00000000e+00 
 4.42106248e-05  2.64559811e-06  4.42106248e-05 -2.80503820e-09  4.42106248e-05  0.00000000e+00 
 4.42602011e-05  2.91812362e-06  4.42602011e-05 -2.80749946e-09  4.42602011e-05  0.00000000e+00 
 4.43097775e-05  2.64699956e-06  4.43097775e-05 -2.80505247e-09  4.43097775e-05  0.00000000e+00 
 4.43593538e-05  2.91661299e-06  4.43593538e-05 -2.80748434e-09  4.43593538e-05  0.00000000e+00 
 4.44089301e-05  2.64862261e-06  4.44089301e-05 -2.80506876e-09  4.44089301e-05  0.00000000e+00 
 4.44585065e-05  2.91488241e-06  4.44585065e-05 -2.80746725e-09  4.44585065e-05  0.00000000e+00 
 4.45080828e-05  2.65046460e-06  4.45080828e-05 -2.80508704e-09  4.45080828e-05  0.00000000e+00 
 4.45576592e-05  2.91293468e-06  4.45576592e-05 -2.80744821e-09  4.45576592e-05  0.00000000e+00 
 4.46072355e-05  2.65252249e-06  4.46072355e-05 -2.80510728e-09  4.46072355e-05  0.00000000e+00 
 4.46568119e-05  2.91077301e-06  4.46568119e-05 -2.80742725e-09  4.46568119e-05  0.00000000e+00 
 4.47063882e-05  2.65479291e-06  4.47063882e-05 -2.80512944e-09  4.47063882e-05  0.00000000e+00 
 4.47559646e-05  2.90840092e-06  4.47559646e-05 -2.80740440e-09  4.47559646e-05  0.00000000e+00 
 4.48055409e-05  2.65727214e-06  4.48055409e-05 -2.80515349e-09  4.48055409e-05  0.00000000e+00 
 4.48551173e-05  2.90582228e-06  4.48551173e-05 -2.80737971e-09  4.48551173e-05  0.00000000e+00 
 4.49046936e-05  2.65995610e-06  4.49046936e-05 -2.80517939e-09  4.49046936e-05  0.00000000e+00 
 4.49542699e-05  2.90304132e-06  4.49542699e-05 -2.80735320e-09  4.49542699e-05  0.00000000e+00 
 4.50038463e-05  2.66284040e-06  4.50038463e-05 -2.80520709e-09  4.50038463e-05  0.00000000e+00 
 4.50534226e-05  2.90006258e-06  4.50534226e-05 -2.80732493e-09  4.50534226e-05  0.00000000e+00 
 4.51029990e-05  2.66592029e-06  4.51029990e-05 -2.80523655e-09  4.51029990e-05  0.00000000e+00 
 4.51525753e-05  2.89689093e-06  4.51525753e-05 -2.80729494e-09  4.51525753e-05  0.00000000e+00 
 4.52021517e-05  2.66919073e-06  4.52021517e-05 -2.80526772e-09  4.52021517e-05  0.00000000e+00 
 4.52517280e-05  2.89353156e-06  4.52517280e-05 -2.80726327e-09  4.52517280e-05  0.00000000e+00 
 4.53013044e-05  2.67264634e-06  4.53013044e-05 -2.80530055e-09  4.53013044e-05  0.00000000e+00 
 4.53508807e-05  2.88998994e-06  4.53508807e-05 -2.80722999e-09  4.53508807e-05  0.00000000e+00 
 4.54004571e-05  2.67628146e-06  4.54004571e-05 -2.80533497e-09  4.54004571e-05  0.00000000e+00 
 4.54500334e-05  2.88627188e-06  4.54500334e-05 -2.80719513e-09  4.54500334e-05  0.00000000e+00 
 4.54996097e-05  2.68009012e-06  4.54996097e-05 -2.80537095e-09  4.54996097e-05  0.00000000e+00 
 4.55491861e-05  2.88238346e-06  4.55491861e-05 -2.80715876e-09  4.55491861e-05  0.00000000e+00 
 4.55987624e-05  2.68406607e-06  4.55987624e-05 -2.80540841e-09  4.55987624e-05  0.00000000e+00 
 4.56483388e-05  2.87833102e-06  4.56483388e-05 -2.80712094e-09  4.56483388e-05  0.00000000e+00 
 4.56979151e-05  2.68820279e-06  4.56979151e-05 -2.80544729e-09  4.56979151e-05  0.00000000e+00 
 4.57474915e-05  2.87412120e-06  4.57474915e-05 -2.80708173e-09  4.57474915e-05  0.00000000e+00 
 4.57970678e-05  2.69249349e-06  4.57970678e-05 -2.80548753e-09  4.57970678e-05  0.00000000e+00 
 4.58466442e-05  2.86976088e-06  4.58466442e-05 -2.80704119e-09  4.58466442e-05  0.00000000e+00 
 4.58962205e-05  2.69693114e-06  4.58962205e-05 -2.80552907e-09  4.58962205e-05  0.00000000e+00 
 4.59457969e-05  2.86525718e-06  4.59457969e-05 -2.80699939e-09  4.59457969e-05  0.00000000e+00 
 4.59953732e-05  2.70150844e-06  4.59953732e-05 -2.80557183e-09  4.59953732e-05  0.00000000e+00 
 4.60449495e-05  2.86061748e-06  4.60449495e-05 -2.80695639e-09  4.60449495e-05  0.00000000e+00 
 4.60945259e-05  2.70621790e-06  4.60945259e-05 -2.80561574e-09  4.60945259e-05  0.00000000e+00 
 4.61441022e-05  2.85584936e-06  4.61441022e-05 -2.80691226e-09  4.61441022e-05  0.00000000e+00 
 4.61936786e-05  2.71105179e-06  4.61936786e-05 -2.80566073e-09  4.61936786e-05  0.00000000e+00 
 4.62432549e-05  2.85096062e-06  4.62432549e-05 -2.80686708e-09  4.62432549e-05  0.00000000e+00 
 4.62928313e-05  2.71600218e-06  4.62928313e-05 -2.80570672e-09  4.62928313e-05  0.00000000e+00 
 4.63424076e-05  2.84595925e-06  4.63424076e-05 -2.80682092e-09  4.63424076e-05  0.00000000e+00 
 4.63919840e-05  2.72106096e-06  4.63919840e-05 -2.80575364e-09  4.63919840e-05  0.00000000e+00 
 4.64415603e-05  2.84085344e-06  4.64415603e-05 -2.80677385e-09  4.64415603e-05  0.00000000e+00 
 4.64911367e-05  2.72621982e-06  4.64911367e-05 -2.80580142e-09  4.64911367e-05  0.00000000e+00 
 4.65407130e-05  2.83565154e-06  4.65407130e-05 -2.80672595e-09  4.65407130e-05  0.00000000e+00 
 4.65902893e-05  2.73147031e-06  4.65902893e-05 -2.80584997e-09  4.65902893e-05  0.00000000e+00 
 4.66398657e-05  2.83036205e-06  4.66398657e-05 -2.80667729e-09  4.66398657e-05  0.00000000e+00 
 4.66894420e-05  2.73680383e-06  4.66894420e-05 -2.80589921e-09  4.66894420e-05  0.00000000e+00 
 4.67390184e-05  2.82499364e-06  4.67390184e-05 -2.80662797e-09  4.67390184e-05  0.00000000e+00 
 4.67885947e-05  2.74221162e-06  4.67885947e-05 -2.80594906e-09  4.67885947e-05  0.00000000e+00 
 4.68381711e-05  2.81955508e-06  4.68381711e-05 -2.80657805e-09  4.68381711e-05  0.00000000e+00 
 4.68877474e-05  2.74768482e-06  4.68877474e-05 -2.80599944e-09  4.68877474e-05  0.00000000e+00 
 4.69373238e-05  2.81405527e-06  4.69373238e-05 -2.80652762e-09  4.69373238e-05  0.00000000e+00 
 4.69869001e-05  2.75321447e-06  4.69869001e-05 -2.80605027e-09  4.69869001e-05  0.00000000e+00 
 4.70364765e-05  2.80850323e-06  4.70364765e-05 -2.80647676e-09  4.70364765e-05  0.00000000e+00 
 4.70860528e-05  2.75879149e-06  4.70860528e-05 -2.80610146e-09  4.70860528e-05  0.00000000e+00 
 4.71356291e-05  2.80290803e-06  4.71356291e-05 -2.80642555e-09  4.71356291e-05  0.00000000e+00 
 4.71852055e-05  2.76440676e-06  4.71852055e-05 -2.80615292e-09  4.71852055e-05  0.00000000e+00 
 4.72347818e-05  2.79727883e-06  4.72347818e-05 -2.80637408e-09  4.72347818e-05  0.00000000e+00 
 4.72843582e-05  2.77005106e-06  4.72843582e-05 -2.80620458e-09  4.72843582e-05  0.00000000e+00 
 4.73339345e-05  2.79162484e-06  4.73339345e-05 -2.80632243e-09  4.73339345e-05  0.00000000e+00 
 4.73783955e-05  2.77604132e-06  4.73783955e-05 -2.80625933e-09  4.73783955e-05  0.00000000e+00 
 4.74057645e-05  2.78332652e-06  4.74057645e-05 -2.80624671e-09  4.74057645e-05  0.00000000e+00 
 4.74214639e-05  2.79013633e-06  4.74214639e-05 -2.80638785e-09  4.74214639e-05  0.00000000e+00 
 4.74353480e-05  2.76428542e-06  4.74353480e-05 -2.80607337e-09  4.74353480e-05  0.00000000e+00 
 4.74487844e-05  2.81054344e-06  4.74487844e-05 -2.80657317e-09  4.74487844e-05  0.00000000e+00 
 4.74609853e-05  2.74278118e-06  4.74609853e-05 -2.80587832e-09  4.74609853e-05  0.00000000e+00 
 4.74738989e-05  2.83204446e-06  4.74738989e-05 -2.80676733e-09  4.74738989e-05  0.00000000e+00 
 4.74877425e-05  2.72309632e-06  4.74877425e-05 -2.80570037e-09  4.74877425e-05  0.00000000e+00 
 4.75033867e-05  2.84942335e-06  4.75033867e-05 -2.80692325e-09  4.75033867e-05  0.00000000e+00 
 4.75224438e-05  2.70867774e-06  4.75224438e-05 -2.80557035e-09  4.75224438e-05  0.00000000e+00 
 4.75469435e-05  2.86062317e-06  4.75469435e-05 -2.80702299e-09  4.75469435e-05  0.00000000e+00 
 4.75810764e-05  2.70045605e-06  4.75810764e-05 -2.80549615e-09  4.75810764e-05  0.00000000e+00 
 4.76306527e-05  2.86628734e-06  4.76306527e-05 -2.80707295e-09  4.76306527e-05  0.00000000e+00 
 4.76802291e-05  2.69591031e-06  4.76802291e-05 -2.80545599e-09  4.76802291e-05  0.00000000e+00 
 4.77298054e-05  2.87076451e-06  4.77298054e-05 -2.80711346e-09  4.77298054e-05  0.00000000e+00 
 4.77793817e-05  2.69151111e-06  4.77793817e-05 -2.80541661e-09  4.77793817e-05  0.00000000e+00 
 4.78289581e-05  2.87509426e-06  4.78289581e-05 -2.80715180e-09  4.78289581e-05  0.00000000e+00 
 4.78785344e-05  2.68725707e-06  4.78785344e-05 -2.80537862e-09  4.78785344e-05  0.00000000e+00 
 4.79281108e-05  2.87926985e-06  4.79281108e-05 -2.80718871e-09  4.79281108e-05  0.00000000e+00 
 4.79776871e-05  2.68315732e-06  4.79776871e-05 -2.80534209e-09  4.79776871e-05  0.00000000e+00 
 4.80272635e-05  2.88328572e-06  4.80272635e-05 -2.80722412e-09  4.80272635e-05  0.00000000e+00 
 4.80768398e-05  2.67921936e-06  4.80768398e-05 -2.80530709e-09  4.80768398e-05  0.00000000e+00 
 4.81264162e-05  2.88713579e-06  4.81264162e-05 -2.80725799e-09  4.81264162e-05  0.00000000e+00 
 4.81759925e-05  2.67544993e-06  4.81759925e-05 -2.80527366e-09  4.81759925e-05  0.00000000e+00 
 4.82255689e-05  2.89081394e-06  4.82255689e-05 -2.80729025e-09  4.82255689e-05  0.00000000e+00 
 4.82751452e-05  2.67185532e-06  4.82751452e-05 -2.80524187e-09  4.82751452e-05  0.00000000e+00 
 4.83247215e-05  2.89431421e-06  4.83247215e-05 -2.80732085e-09  4.83247215e-05  0.00000000e+00 
 4.83742979e-05  2.66844147e-06  4.83742979e-05 -2.80521177e-09  4.83742979e-05  0.00000000e+00 
 4.84238742e-05  2.89763091e-06  4.84238742e-05 -2.80734974e-09  4.84238742e-05  0.00000000e+00 
 4.84734506e-05  2.66521400e-06  4.84734506e-05 -2.80518340e-09  4.84734506e-05  0.00000000e+00 
 4.85230269e-05  2.90075863e-06  4.85230269e-05 -2.80737689e-09  4.85230269e-05  0.00000000e+00 
 4.85726033e-05  2.66217821e-06  4.85726033e-05 -2.80515682e-09  4.85726033e-05  0.00000000e+00 
 4.86221796e-05  2.90369226e-06  4.86221796e-05 -2.80740223e-09  4.86221796e-05  0.00000000e+00 
 4.86717560e-05  2.65933908e-06  4.86717560e-05 -2.80513207e-09  4.86717560e-05  0.00000000e+00 
 4.87213323e-05  2.90642700e-06  4.87213323e-05 -2.80742574e-09  4.87213323e-05  0.00000000e+00 
 4.87709087e-05  2.65670127e-06  4.87709087e-05 -2.80510919e-09  4.87709087e-05  0.00000000e+00 
 4.88204850e-05  2.90895839e-06  4.88204850e-05 -2.80744738e-09  4.88204850e-05  0.00000000e+00 
 4.88700613e-05  2.65426912e-06  4.88700613e-05 -2.80508822e-09  4.88700613e-05  0.00000000e+00 
 4.89196377e-05  2.91128230e-06  4.89196377e-05 -2.80746710e-09  4.89196377e-05  0.00000000e+00 
 4.89692140e-05  2.65204661e-06  4.89692140e-05 -2.80506919e-09  4.89692140e-05  0.00000000e+00 
 4.90187904e-05  2.91339492e-06  4.90187904e-05 -2.80748489e-09  4.90187904e-05  0.00000000e+00 
 4.90683667e-05  2.65003739e-06  4.90683667e-05 -2.80505214e-09  4.90683667e-05  0.00000000e+00 
 4.91179431e-05  2.91529281e-06  4.91179431e-05 -2.80750070e-09  4.91179431e-05  0.00000000e+00 
 4.91675194e-05  2.64824478e-06  4.91675194e-05 -2.80503709e-09  4.91675194e-05  0.00000000e+00 
 4.92170958e-05  2.91697287e-06  4.92170958e-05 -2.80751452e-09  4.92170958e-05  0.00000000e+00 
 4.92666721e-05  2.64667170e-06  4.92666721e-05 -2.80502408e-09  4.92666721e-05  0.00000000e+00 
 4.93162485e-05  2.91843235e-06  4.93162485e-05 -2.80752633e-09  4.93162485e-05  0.00000000e+00 
 4.93658248e-05  2.64532074e-06  4.93658248e-05 -2.80501311e-09  4.93658248e-05  0.00000000e+00 
 4.94154011e-05  2.91966888e-06  4.94154011e-05 -2.80753609e-09  4.94154011e-05  0.00000000e+00 
 4.94649775e-05  2.64419412e-06  4.94649775e-05 -2.80500421e-09  4.94649775e-05  0.00000000e+00 
 4.95145538e-05  2.92068042e-06  4.95145538e-05 -2.80754381e-09  4.95145538e-05  0.00000000e+00 
 4.95454496e-05  2.64306649e-06  4.95454496e-05 -2.80499732e-09  4.95454496e-05  0.00000000e+00 
 4.95763454e-05  2.92182542e-06  4.95763454e-05 -2.80755189e-09  4.95763454e-05  0.00000000e+00 
 4.95767867e-05  5.64067822e-06  4.95767867e-05  2.51971097e-07  4.95767867e-05  4.45056005e-03 
 4.95776693e-05  1.39703117e-05  4.95776693e-05  2.51584354e-07  4.95776693e-05  1.33516802e-02 
 4.95794344e-05  2.95533623e-05  4.95794344e-05  2.50573402e-07  4.95794344e-05  3.11539204e-02 
 4.95802696e-05  3.49300193e-05  4.95802696e-05  2.50043240e-07  4.95802696e-05  3.95769404e-02 
 4.95810779e-05  4.31421231e-05  4.95810779e-05  2.49371244e-07  4.95810779e-05  4.77292332e-02 
 4.95817027e-05  4.89245905e-05  4.95817027e-05  2.48826925e-07  4.95817027e-05  5.40310644e-02 
 4.95820712e-05  5.08382509e-05  4.95820712e-05  2.48485662e-07  4.95820712e-05  5.77470974e-02 
 4.95824857e-05  5.35086597e-05  4.95824857e-05  2.48103458e-07  4.95824857e-05  6.19276309e-02 
 4.95829041e-05  5.79384745e-05  4.95829041e-05  2.47616119e-07  4.95829041e-05  6.61477292e-02 
 4.95832909e-05  6.22816096e-05  4.95832909e-05  2.47159206e-07  4.95832909e-05  7.00484947e-02 
 4.95837202e-05  6.54126097e-05  4.95837202e-05  2.46627949e-07  4.95837202e-05  7.43782275e-02 
 4.95839768e-05  6.65796967e-05  4.95839768e-05  2.46340737e-07  4.95839768e-05  7.69655608e-02 
 4.95842635e-05  6.83251890e-05  4.95842635e-05  2.45959223e-07  4.95842635e-05  7.98573623e-02 
 4.95845461e-05  7.10608405e-05  4.95845461e-05  2.45567951e-07  4.95845461e-05  8.27078684e-02 
 4.95848776e-05  7.49780158e-05  4.95848776e-05  2.45024771e-07  4.95848776e-05  8.60513275e-02 
 4.95852300e-05  7.84530790e-05  4.95852300e-05  2.44471067e-07  4.95852300e-05  8.96054705e-02 
 4.95854969e-05  8.00754194e-05  4.95854969e-05  2.44038224e-07  4.95854969e-05  9.22969186e-02 
 4.95857457e-05  8.11869199e-05  4.95857457e-05  2.43667027e-07  4.95857457e-05  9.48057777e-02 
 4.95860046e-05  8.27473514e-05  4.95860046e-05  2.43217444e-07  4.95860046e-05  9.74173914e-02 
 4.95862907e-05  8.54772125e-05  4.95862907e-05  2.42693986e-07  4.95862907e-05  1.00303185e-01 
 4.95866644e-05  8.98267056e-05  4.95866644e-05  2.41898722e-07  4.95866644e-05  1.04072082e-01 
 4.95870044e-05  9.30870720e-05  4.95870044e-05  2.41193765e-07  4.95870044e-05  1.07501146e-01 
 4.95872689e-05  9.46377755e-05  4.95872689e-05  2.40636407e-07  4.95872689e-05  1.10167966e-01 
 4.95875285e-05  9.57965265e-05  4.95875285e-05  2.40119757e-07  4.95875285e-05  1.12786707e-01 
 4.95877943e-05  9.74675946e-05  4.95877943e-05  2.39513165e-07  4.95877943e-05  1.15467417e-01 
 4.95880788e-05  1.00267878e-04  4.95880788e-05  2.38816707e-07  4.95880788e-05  1.18336971e-01 
 4.95884537e-05  1.04611951e-04  4.95884537e-05  2.37770704e-07  4.95884537e-05  1.22117115e-01 
 4.95888040e-05  1.07816761e-04  4.95888040e-05  2.36815427e-07  4.95888040e-05  1.25650299e-01 
 4.95890674e-05  1.09256293e-04  4.95890674e-05  2.36094022e-07  4.95890674e-05  1.28307359e-01 
 4.95893523e-05  1.10563667e-04  4.95893523e-05  2.35335159e-07  4.95893523e-05  1.31180305e-01 
 4.95896375e-05  1.12576015e-04  4.95896375e-05  2.34464058e-07  4.95896375e-05  1.34056404e-01 
 4.95899184e-05  1.15551817e-04  4.95899184e-05  2.33530270e-07  4.95899184e-05  1.36889980e-01 
 4.95902973e-05  1.19865999e-04  4.95902973e-05  2.32136151e-07  4.95902973e-05  1.40711331e-01 
 4.95906939e-05  1.23043207e-04  4.95906939e-05  2.30722700e-07  4.95906939e-05  1.44710633e-01 
 4.95909305e-05  1.24143832e-04  4.95909305e-05  2.29878183e-07  4.95909305e-05  1.47097130e-01 
 4.95912534e-05  1.25811895e-04  4.95912534e-05  2.28706998e-07  4.95912534e-05  1.50354283e-01 
 4.95916196e-05  1.29052409e-04  4.95916196e-05  2.27152644e-07  4.95916196e-05  1.54047290e-01 
 4.95919705e-05  1.33112993e-04  4.95919705e-05  2.25514176e-07  4.95919705e-05  1.57586258e-01 
 4.95923395e-05  1.36662279e-04  4.95923395e-05  2.23722959e-07  4.95923395e-05  1.61307761e-01 
 4.95926140e-05  1.38252418e-04  4.95926140e-05  2.22464902e-07  4.95926140e-05  1.64075691e-01 
 4.95928819e-05  1.39431149e-04  4.95928819e-05  2.21198908e-07  4.95928819e-05  1.66777951e-01 
 4.95931563e-05  1.41177021e-04  4.95931563e-05  2.19825997e-07  4.95931563e-05  1.69545067e-01 
 4.95934434e-05  1.44035024e-04  4.95934434e-05  2.18168689e-07  4.95934434e-05  1.72440833e-01 
 4.95938244e-05  1.48402148e-04  4.95938244e-05  2.15809250e-07  4.95938244e-05  1.76283689e-01 
 4.95941893e-05  1.51584554e-04  4.95941893e-05  2.13509190e-07  4.95941893e-05  1.79963646e-01 
 4.95944538e-05  1.52937009e-04  4.95944538e-05  2.11925750e-07  4.95944538e-05  1.82631340e-01 
 4.95947843e-05  1.54554103e-04  4.95947843e-05  2.09840310e-07  4.95947843e-05  1.85964247e-01 
 4.95951056e-05  1.57161796e-04  4.95951056e-05  2.07591134e-07  4.95951056e-05  1.89204816e-01 
 4.95954166e-05  1.60693148e-04  4.95954166e-05  2.05105166e-07  4.95954166e-05  1.92341283e-01 
 4.95957946e-05  1.64704810e-04  4.95957946e-05  2.01989061e-07  4.95957946e-05  1.96153982e-01 
 4.95960903e-05  1.66743757e-04  4.95960903e-05  1.99588318e-07  4.95960903e-05  1.99136380e-01 
 4.95963268e-05  1.67793776e-04  4.95963268e-05  1.97734934e-07  4.95963268e-05  2.01521148e-01 
 4.95966179e-05  1.69355356e-04  4.95966179e-05  1.95283010e-07  4.95966179e-05  2.04457536e-01 
 4.95969273e-05  1.72108238e-04  4.95969273e-05  1.92375040e-07  4.95969273e-05  2.07577890e-01 
 4.95972651e-05  1.76019947e-04  4.95972651e-05  1.88799620e-07  4.95972651e-05  2.10984624e-01 
 4.95976291e-05  1.79675213e-04  4.95976291e-05  1.84878174e-07  4.95976291e-05  2.14655918e-01 
 4.95979042e-05  1.81398389e-04  4.95979042e-05  1.81984660e-07  4.95979042e-05  2.17430345e-01 
 4.95981635e-05  1.82553672e-04  4.95981635e-05  1.79305866e-07  4.95981635e-05  2.20045029e-01 
 4.95984417e-05  1.84223573e-04  4.95984417e-05  1.76182576e-07  4.95984417e-05  2.22851223e-01 
 4.95987388e-05  1.87081139e-04  4.95987388e-05  1.72451931e-07  4.95987388e-05  2.25847429e-01 
 4.95990917e-05  1.91207743e-04  4.95990917e-05  1.67534990e-07  4.95990917e-05  2.29406197e-01 
 4.95994587e-05  1.94690965e-04  4.95994587e-05  1.62388834e-07  4.95994587e-05  2.33107632e-01 
 4.95997287e-05  1.96245191e-04  4.95997287e-05  1.58705971e-07  4.95997287e-05  2.35831289e-01 
 4.96000263e-05  1.97664390e-04  4.96000263e-05  1.54624229e-07  4.96000263e-05  2.38832761e-01 
 4.96003257e-05  1.99845265e-04  4.96003257e-05  1.50060761e-07  4.96003257e-05  2.41852249e-01 
 4.96006188e-05  2.03035456e-04  4.96006188e-05  1.45046332e-07  4.96006188e-05  2.44808529e-01 
 4.96010139e-05  2.07564108e-04  4.96010139e-05  1.37768034e-07  4.96010139e-05  2.48792535e-01 
 4.96014405e-05  2.10920572e-04  4.96014405e-05  1.30042882e-07  4.96014405e-05  2.53094866e-01 
 4.96017142e-05  2.12251472e-04  4.96017142e-05  1.25155859e-07  4.96017142e-05  2.55856126e-01 
 4.96020410e-05  2.14301472e-04  4.96020410e-05  1.18927877e-07  4.96020410e-05  2.59151583e-01 
 4.96023640e-05  2.17565864e-04  4.96023640e-05  1.11871884e-07  4.96023640e-05  2.62409568e-01 
 4.96027355e-05  2.22014330e-04  4.96027355e-05  1.02988691e-07  4.96027355e-05  2.66156422e-01 
 4.96031182e-05  2.25588820e-04  4.96031182e-05  9.37632229e-08  4.96031182e-05  2.70015682e-01 
 4.96033877e-05  2.27138555e-04  4.96033877e-05  8.75110202e-08  4.96033877e-05  2.72733945e-01 
 4.96037502e-05  2.29227926e-04  4.96037502e-05  7.87112633e-08  4.96037502e-05  2.76389846e-01 
 4.96041072e-05  2.32563793e-04  4.96041072e-05  6.88793070e-08  4.96041072e-05  2.79990554e-01 
 4.96044515e-05  2.36795348e-04  4.96044515e-05  5.81921187e-08  4.96044515e-05  2.83462585e-01 
 4.96048488e-05  2.41013758e-04  4.96048488e-05  4.55927662e-08  4.96048488e-05  2.87469605e-01 
 4.96051332e-05  2.42958820e-04  4.96051332e-05  3.68464453e-08  4.96051332e-05  2.90337575e-01 
 4.96054434e-05  2.44709931e-04  4.96054434e-05  2.72427598e-08  4.96054434e-05  2.93466850e-01 
 4.96057590e-05  2.47289078e-04  4.96057590e-05  1.64258063e-08  4.96057590e-05  2.96649867e-01 
 4.96060683e-05  2.50960415e-04  4.96060683e-05  4.44386990e-09  4.96060683e-05  2.99769287e-01 
 4.96064829e-05  2.56054767e-04  4.96064829e-05 -1.27542295e-08  4.96064829e-05  3.03950702e-01 
 4.96069450e-05  2.60018283e-04  4.96069450e-05 -3.15940912e-08  4.96069450e-05  3.08610679e-01 
 4.96072802e-05  2.62114602e-04  4.96072802e-05 -4.52738235e-08  4.96072802e-05  3.11991255e-01 
 4.96076321e-05  2.65225514e-04  4.96076321e-05 -6.11560167e-08  4.96076321e-05  3.15540627e-01 
 4.96079505e-05  2.69250732e-04  4.96079505e-05 -7.75567760e-08  4.96079505e-05  3.18752048e-01 
 4.96083898e-05  2.74829212e-04  4.96083898e-05 -1.01533747e-07  4.96083898e-05  3.23181937e-01 
 4.96088093e-05  2.78599063e-04  4.96088093e-05 -1.24036615e-07  4.96088093e-05  3.27413285e-01 
 4.96091584e-05  2.81084918e-04  4.96091584e-05 -1.42829981e-07  4.96091584e-05  3.30934292e-01 
 4.96095210e-05  2.84713824e-04  4.96095210e-05 -1.64665481e-07  4.96095210e-05  3.34591204e-01 
 4.96098519e-05  2.89259594e-04  4.96098519e-05 -1.87302708e-07  4.96098519e-05  3.37928582e-01 
 4.96102992e-05  2.95209710e-04  4.96102992e-05 -2.19492578e-07  4.96102992e-05  3.42439127e-01 
 4.96106758e-05  2.98828937e-04  4.96106758e-05 -2.45920370e-07  4.96106758e-05  3.46237452e-01 
 4.96110476e-05  3.01929239e-04  4.96110476e-05 -2.72450105e-07  4.96110476e-05  3.49986932e-01 
 4.96114271e-05  3.06341637e-04  4.96114271e-05 -3.02970164e-07  4.96114271e-05  3.53815015e-01 
 4.96117776e-05  3.11655148e-04  4.96117776e-05 -3.34974737e-07  4.96117776e-05  3.57349769e-01 
 4.96122369e-05  3.18102552e-04  4.96122369e-05 -3.78357545e-07  4.96122369e-05  3.61981603e-01 
 4.96125727e-05  3.21605850e-04  4.96125727e-05 -4.09218173e-07  4.96125727e-05  3.65368384e-01 
 4.96129950e-05  3.25916448e-04  4.96129950e-05 -4.49479500e-07  4.96129950e-05  3.69627929e-01 
 4.96134161e-05  3.31892409e-04  4.96134161e-05 -4.95691876e-07  4.96134161e-05  3.73874877e-01 
 4.96138449e-05  3.39119929e-04  4.96138449e-05 -5.48395942e-07  4.96138449e-05  3.78199237e-01 
 4.96143133e-05  3.45852293e-04  4.96143133e-05 -6.06368451e-07  4.96143133e-05  3.82923276e-01 
 4.96146893e-05  3.50226231e-04  4.96146893e-05 -6.52210017e-07  4.96146893e-05  3.86715567e-01 
 4.96151321e-05  3.56431412e-04  4.96151321e-05 -7.11835767e-07  4.96151321e-05  3.91181390e-01 
 4.96155334e-05  3.63787964e-04  4.96155334e-05 -7.74242078e-07  4.96155334e-05  3.95229092e-01 
 4.96160705e-05  3.73534439e-04  4.96160705e-05 -8.62618452e-07  4.96160705e-05  4.00645696e-01 
 4.96165319e-05  3.80434679e-04  4.96165319e-05 -9.37370908e-07  4.96165319e-05  4.05298624e-01 
 4.96170792e-05  3.89320338e-04  4.96170792e-05 -1.03342945e-06  4.96170792e-05  4.10818775e-01 
 4.96176917e-05  4.02201832e-04  4.96176917e-05 -1.16050130e-06  4.96176917e-05  4.16995638e-01 
 4.96182800e-05  4.14606200e-04  4.96182800e-05 -1.29128694e-06  4.96182800e-05  4.22929336e-01 
 4.96188084e-05  4.24489504e-04  4.96188084e-05 -1.40861541e-06  4.96188084e-05  4.28258469e-01 
 4.96194121e-05  4.37776626e-04  4.96194121e-05 -1.56046458e-06  4.96194121e-05  4.34347362e-01 
 4.96199630e-05  4.52341360e-04  4.96199630e-05 -1.72154734e-06  4.96199630e-05  4.39903563e-01 
 4.96206219e-05  4.68978109e-04  4.96206219e-05 -1.91996907e-06  4.96206219e-05  4.46548199e-01 
 4.96212685e-05  4.85290177e-04  4.96212685e-05 -2.12394479e-06  4.96212685e-05  4.53069313e-01 
 4.96219373e-05  5.05859976e-04  4.96219373e-05 -2.37382336e-06  4.96219373e-05  4.59815281e-01 
 4.96227923e-05  5.34229535e-04  4.96227923e-05 -2.72903405e-06  4.96227923e-05  4.68438330e-01 
 4.96236378e-05  5.62715411e-04  4.96236378e-05 -3.10003782e-06  4.96236378e-05  4.76964732e-01 
 4.96245271e-05  5.98453872e-04  4.96245271e-05 -3.56698224e-06  4.96245271e-05  4.85934061e-01 
 4.96256358e-05  6.48696115e-04  4.96256358e-05 -4.23838327e-06  4.96256358e-05  4.97115466e-01 
 4.96267203e-05  7.02554419e-04  4.96267203e-05 -4.96673690e-06  4.96267203e-05  5.08053541e-01 
 4.96280204e-05  7.81228249e-04  4.96280204e-05 -6.05581635e-06  4.96280204e-05  5.21165388e-01 
 4.96306205e-05  9.81774934e-04  4.96306205e-05 -8.84281079e-06  4.96306205e-05  5.47389083e-01 
 4.96335032e-05  1.30234969e-03  4.96335032e-05 -1.33638574e-05  4.96335032e-05  5.76462727e-01 
 4.96369949e-05  1.90037088e-03  4.96369949e-05 -2.18084568e-05  4.96369949e-05  6.11677511e-01 
 4.96437956e-05  4.33657560e-03  4.96437956e-05 -5.40148206e-05  4.96437956e-05  6.80265345e-01 
 4.96508262e-05  1.02317008e-02  4.96508262e-05 -1.26663929e-04  4.96508262e-05  7.51172220e-01 
 4.96621351e-05  3.45093919e-02  4.96621351e-05 -3.47408830e-04  4.96621351e-05  8.65227661e-01 
 4.96755624e-05  9.23091120e-02  4.96755624e-05 -6.42836012e-04  4.96755624e-05  1.00064818e+00 
 4.96932292e-05  1.98231673e-01  4.96932292e-05 -8.51311053e-04  4.96932292e-05  1.17882656e+00 
 4.97133972e-05  3.29642578e-01  4.97133972e-05 -9.84605211e-04  4.97133972e-05  1.38222996e+00 
 4.97469319e-05  5.51637866e-01  4.97469319e-05 -1.22514736e-03  4.97469319e-05  1.72044204e+00 
 4.97853106e-05  8.10710680e-01  4.97853106e-05 -1.49143494e-03  4.97853106e-05  2.10750926e+00 
 4.98348870e-05  1.14843691e+00  4.98348870e-05 -1.83392204e-03  4.98348870e-05  2.60750926e+00 
 4.98844633e-05  1.48505345e+00  4.98844633e-05 -2.16089259e-03  4.98844633e-05  3.10750926e+00 
 4.99340397e-05  1.81460573e+00  4.99340397e-05 -2.47115828e-03  4.99340397e-05  3.60750926e+00 
 4.99836160e-05  2.13126230e+00  4.99836160e-05 -2.75460328e-03  4.99836160e-05  4.10750926e+00 
 5.00278624e-05  2.39802807e+00  5.00278624e-05 -2.98245221e-03  5.00278624e-05  4.55375463e+00 
 5.00721089e-05  2.64690849e+00  5.00721089e-05 -3.18891711e-03  5.00721089e-05  5.00000000e+00 
 5.00770665e-05  2.66642222e+00  5.00770665e-05 -3.06150841e-03  5.00770665e-05  5.00000000e+00 
 5.00869818e-05  2.69351942e+00  5.00869818e-05 -2.84750553e-03  5.00869818e-05  5.00000000e+00 
 5.01068123e-05  2.70921968e+00  5.01068123e-05 -2.71437251e-03  5.01068123e-05  5.00000000e+00 
 5.01387947e-05  2.71033144e+00  5.01387947e-05 -2.71213945e-03  5.01387947e-05  5.00000000e+00 
 5.01731111e-05  2.71016738e+00  5.01731111e-05 -2.70741959e-03  5.01731111e-05  5.00000000e+00 
 5.02226875e-05  2.71017568e+00  5.02226875e-05 -2.71294375e-03  5.02226875e-05  5.00000000e+00 
 5.02722638e-05  2.71019445e+00  5.02722638e-05 -2.70751519e-03  5.02722638e-05  5.00000000e+00 
 5.03218402e-05  2.71016632e+00  5.03218402e-05 -2.71271970e-03  5.03218402e-05  5.00000000e+00 
 5.03714165e-05  2.71019707e+00  5.03714165e-05 -2.70777967e-03  5.03714165e-05  5.00000000e+00 
 5.04209929e-05  2.71016667e+00  5.04209929e-05 -2.71245030e-03  5.04209929e-05  5.00000000e+00 
 5.04705692e-05  2.71019610e+00  5.04705692e-05 -2.70804182e-03  5.04705692e-05  5.00000000e+00 
 5.05201455e-05  2.71016826e+00  5.05201455e-05 -2.71220033e-03  5.05201455e-05  5.00000000e+00 
 5.05697219e-05  2.71019475e+00  5.05697219e-05 -2.70827901e-03  5.05697219e-05  5.00000000e+00 
 5.06192982e-05  2.71016984e+00  5.06192982e-05 -2.71197629e-03  5.06192982e-05  5.00000000e+00 
 5.06688746e-05  2.71019347e+00  5.06688746e-05 -2.70849075e-03  5.06688746e-05  5.00000000e+00 
 5.07184509e-05  2.71017126e+00  5.07184509e-05 -2.71177658e-03  5.07184509e-05  5.00000000e+00 
 5.07680273e-05  2.71019230e+00  5.07680273e-05 -2.70867937e-03  5.07680273e-05  5.00000000e+00 
 5.08176036e-05  2.71017252e+00  5.08176036e-05 -2.71159870e-03  5.08176036e-05  5.00000000e+00 
 5.08671800e-05  2.71019126e+00  5.08671800e-05 -2.70884734e-03  5.08671800e-05  5.00000000e+00 
 5.09167563e-05  2.71017363e+00  5.09167563e-05 -2.71144029e-03  5.09167563e-05  5.00000000e+00 
 5.09663327e-05  2.71019032e+00  5.09663327e-05 -2.70899691e-03  5.09663327e-05  5.00000000e+00 
 5.10159090e-05  2.71017462e+00  5.10159090e-05 -2.71129923e-03  5.10159090e-05  5.00000000e+00 
 5.10654853e-05  2.71018948e+00  5.10654853e-05 -2.70913008e-03  5.10654853e-05  5.00000000e+00 
 5.11150617e-05  2.71017549e+00  5.11150617e-05 -2.71117363e-03  5.11150617e-05  5.00000000e+00 
 5.11646380e-05  2.71018873e+00  5.11646380e-05 -2.70924866e-03  5.11646380e-05  5.00000000e+00 
 5.12142144e-05  2.71017627e+00  5.12142144e-05 -2.71106178e-03  5.12142144e-05  5.00000000e+00 
 5.12637907e-05  2.71018805e+00  5.12637907e-05 -2.70935424e-03  5.12637907e-05  5.00000000e+00 
 5.13133671e-05  2.71017695e+00  5.13133671e-05 -2.71096220e-03  5.13133671e-05  5.00000000e+00 
 5.13629434e-05  2.71018745e+00  5.13629434e-05 -2.70944824e-03  5.13629434e-05  5.00000000e+00 
 5.14125198e-05  2.71017756e+00  5.14125198e-05 -2.71087353e-03  5.14125198e-05  5.00000000e+00 
 5.14620961e-05  2.71018691e+00  5.14620961e-05 -2.70953193e-03  5.14620961e-05  5.00000000e+00 
 5.15116725e-05  2.71017810e+00  5.15116725e-05 -2.71079459e-03  5.15116725e-05  5.00000000e+00 
 5.15612488e-05  2.71018643e+00  5.15612488e-05 -2.70960643e-03  5.15612488e-05  5.00000000e+00 
 5.16108251e-05  2.71017858e+00  5.16108251e-05 -2.71072432e-03  5.16108251e-05  5.00000000e+00 
 5.16604015e-05  2.71018599e+00  5.16604015e-05 -2.70967275e-03  5.16604015e-05  5.00000000e+00 
 5.17099778e-05  2.71017901e+00  5.17099778e-05 -2.71066175e-03  5.17099778e-05  5.00000000e+00 
 5.17595542e-05  2.71018561e+00  5.17595542e-05 -2.70973179e-03  5.17595542e-05  5.00000000e+00 
 5.18091305e-05  2.71017939e+00  5.18091305e-05 -2.71060606e-03  5.18091305e-05  5.00000000e+00 
 5.18587069e-05  2.71018527e+00  5.18587069e-05 -2.70978435e-03  5.18587069e-05  5.00000000e+00 
 5.19082832e-05  2.71017972e+00  5.19082832e-05 -2.71055649e-03  5.19082832e-05  5.00000000e+00 
 5.19578596e-05  2.71018496e+00  5.19578596e-05 -2.70983112e-03  5.19578596e-05  5.00000000e+00 
 5.20074359e-05  2.71018002e+00  5.20074359e-05 -2.71051237e-03  5.20074359e-05  5.00000000e+00 
 5.20570123e-05  2.71018469e+00  5.20570123e-05 -2.70987275e-03  5.20570123e-05  5.00000000e+00 
 5.21065886e-05  2.71018029e+00  5.21065886e-05 -2.71047311e-03  5.21065886e-05  5.00000000e+00 
 5.21561649e-05  2.71018444e+00  5.21561649e-05 -2.70990979e-03  5.21561649e-05  5.00000000e+00 
 5.22057413e-05  2.71018053e+00  5.22057413e-05 -2.71043817e-03  5.22057413e-05  5.00000000e+00 
 5.22553176e-05  2.71018422e+00  5.22553176e-05 -2.70994276e-03  5.22553176e-05  5.00000000e+00 
 5.23048940e-05  2.71018074e+00  5.23048940e-05 -2.71040708e-03  5.23048940e-05  5.00000000e+00 
 5.23544703e-05  2.71018403e+00  5.23544703e-05 -2.70997209e-03  5.23544703e-05  5.00000000e+00 
 5.24040467e-05  2.71018092e+00  5.24040467e-05 -2.71037942e-03  5.24040467e-05  5.00000000e+00 
 5.24536230e-05  2.71018386e+00  5.24536230e-05 -2.70999818e-03  5.24536230e-05  5.00000000e+00 
 5.25031994e-05  2.71018109e+00  5.25031994e-05 -2.71035481e-03  5.25031994e-05  5.00000000e+00 
 5.25527757e-05  2.71018370e+00  5.25527757e-05 -2.71002139e-03  5.25527757e-05  5.00000000e+00 
 5.26023521e-05  2.71018124e+00  5.26023521e-05 -2.71033292e-03  5.26023521e-05  5.00000000e+00 
 5.26519284e-05  2.71018356e+00  5.26519284e-05 -2.71004203e-03  5.26519284e-05  5.00000000e+00 
 5.27015047e-05  2.71018137e+00  5.27015047e-05 -2.71031346e-03  5.27015047e-05  5.00000000e+00 
 5.27510811e-05  2.71018344e+00  5.27510811e-05 -2.71006038e-03  5.27510811e-05  5.00000000e+00 
 5.28006574e-05  2.71018149e+00  5.28006574e-05 -2.71029615e-03  5.28006574e-05  5.00000000e+00 
 5.28502338e-05  2.71018333e+00  5.28502338e-05 -2.71007670e-03  5.28502338e-05  5.00000000e+00 
 5.28998101e-05  2.71018159e+00  5.28998101e-05 -2.71028077e-03  5.28998101e-05  5.00000000e+00 
 5.29493865e-05  2.71018323e+00  5.29493865e-05 -2.71009121e-03  5.29493865e-05  5.00000000e+00 
 5.29989628e-05  2.71018168e+00  5.29989628e-05 -2.71026710e-03  5.29989628e-05  5.00000000e+00 
 5.30485392e-05  2.71018315e+00  5.30485392e-05 -2.71010410e-03  5.30485392e-05  5.00000000e+00 
 5.30981155e-05  2.71018177e+00  5.30981155e-05 -2.71025495e-03  5.30981155e-05  5.00000000e+00 
 5.31476919e-05  2.71018307e+00  5.31476919e-05 -2.71011555e-03  5.31476919e-05  5.00000000e+00 
 5.31972682e-05  2.71018184e+00  5.31972682e-05 -2.71024415e-03  5.31972682e-05  5.00000000e+00 
 5.32468445e-05  2.71018300e+00  5.32468445e-05 -2.71012572e-03  5.32468445e-05  5.00000000e+00 
 5.32964209e-05  2.71018191e+00  5.32964209e-05 -2.71023457e-03  5.32964209e-05  5.00000000e+00 
 5.33459972e-05  2.71018294e+00  5.33459972e-05 -2.71013475e-03  5.33459972e-05  5.00000000e+00 
 5.33955736e-05  2.71018196e+00  5.33955736e-05 -2.71022606e-03  5.33955736e-05  5.00000000e+00 
 5.34451499e-05  2.71018288e+00  5.34451499e-05 -2.71014277e-03  5.34451499e-05  5.00000000e+00 
 5.34947263e-05  2.71018202e+00  5.34947263e-05 -2.71021851e-03  5.34947263e-05  5.00000000e+00 
 5.35443026e-05  2.71018283e+00  5.35443026e-05 -2.71014988e-03  5.35443026e-05  5.00000000e+00 
 5.35938790e-05  2.71018206e+00  5.35938790e-05 -2.71021181e-03  5.35938790e-05  5.00000000e+00 
 5.36434553e-05  2.71018279e+00  5.36434553e-05 -2.71015619e-03  5.36434553e-05  5.00000000e+00 
 5.36930317e-05  2.71018210e+00  5.36930317e-05 -2.71020587e-03  5.36930317e-05  5.00000000e+00 
 5.37426080e-05  2.71018275e+00  5.37426080e-05 -2.71016178e-03  5.37426080e-05  5.00000000e+00 
 5.37921843e-05  2.71018214e+00  5.37921843e-05 -2.71020061e-03  5.37921843e-05  5.00000000e+00 
 5.38417607e-05  2.71018272e+00  5.38417607e-05 -2.71016673e-03  5.38417607e-05  5.00000000e+00 
 5.38913370e-05  2.71018217e+00  5.38913370e-05 -2.71019595e-03  5.38913370e-05  5.00000000e+00 
 5.39409134e-05  2.71018269e+00  5.39409134e-05 -2.71017112e-03  5.39409134e-05  5.00000000e+00 
 5.39904897e-05  2.71018220e+00  5.39904897e-05 -2.71019182e-03  5.39904897e-05  5.00000000e+00 
 5.40400661e-05  2.71018266e+00  5.40400661e-05 -2.71017500e-03  5.40400661e-05  5.00000000e+00 
 5.40896424e-05  2.71018223e+00  5.40896424e-05 -2.71018817e-03  5.40896424e-05  5.00000000e+00 
 5.41392188e-05  2.71018263e+00  5.41392188e-05 -2.71017843e-03  5.41392188e-05  5.00000000e+00 
 5.41887951e-05  2.71018225e+00  5.41887951e-05 -2.71018495e-03  5.41887951e-05  5.00000000e+00 
 5.42383714e-05  2.71018261e+00  5.42383714e-05 -2.71018146e-03  5.42383714e-05  5.00000000e+00 
 5.42879478e-05  2.71018227e+00  5.42879478e-05 -2.71018210e-03  5.42879478e-05  5.00000000e+00 
 5.43375241e-05  2.71018259e+00  5.43375241e-05 -2.71018413e-03  5.43375241e-05  5.00000000e+00 
 5.43871005e-05  2.71018229e+00  5.43871005e-05 -2.71017960e-03  5.43871005e-05  5.00000000e+00 
 5.44366768e-05  2.71018258e+00  5.44366768e-05 -2.71018648e-03  5.44366768e-05  5.00000000e+00 
 5.44862532e-05  2.71018231e+00  5.44862532e-05 -2.71017739e-03  5.44862532e-05  5.00000000e+00 
 5.45358295e-05  2.71018256e+00  5.45358295e-05 -2.71018855e-03  5.45358295e-05  5.00000000e+00 
 5.45854059e-05  2.71018232e+00  5.45854059e-05 -2.71017544e-03  5.45854059e-05  5.00000000e+00 
 5.46349822e-05  2.71018255e+00  5.46349822e-05 -2.71019038e-03  5.46349822e-05  5.00000000e+00 
 5.46845586e-05  2.71018233e+00  5.46845586e-05 -2.71017374e-03  5.46845586e-05  5.00000000e+00 
 5.47341349e-05  2.71018253e+00  5.47341349e-05 -2.71019197e-03  5.47341349e-05  5.00000000e+00 
 5.47837112e-05  2.71018234e+00  5.47837112e-05 -2.71017224e-03  5.47837112e-05  5.00000000e+00 
 5.48332876e-05  2.71018252e+00  5.48332876e-05 -2.71019337e-03  5.48332876e-05  5.00000000e+00 
 5.48828639e-05  2.71018235e+00  5.48828639e-05 -2.71017093e-03  5.48828639e-05  5.00000000e+00 
 5.49324403e-05  2.71018251e+00  5.49324403e-05 -2.71019459e-03  5.49324403e-05  5.00000000e+00 
 5.49820166e-05  2.71018236e+00  5.49820166e-05 -2.71016979e-03  5.49820166e-05  5.00000000e+00 
 5.50315930e-05  2.71018251e+00  5.50315930e-05 -2.71019566e-03  5.50315930e-05  5.00000000e+00 
 5.50811693e-05  2.71018237e+00  5.50811693e-05 -2.71016880e-03  5.50811693e-05  5.00000000e+00 
 5.51307457e-05  2.71018250e+00  5.51307457e-05 -2.71019658e-03  5.51307457e-05  5.00000000e+00 
 5.51803220e-05  2.71018238e+00  5.51803220e-05 -2.71016794e-03  5.51803220e-05  5.00000000e+00 
 5.52298984e-05  2.71018249e+00  5.52298984e-05 -2.71019738e-03  5.52298984e-05  5.00000000e+00 
 5.52794747e-05  2.71018239e+00  5.52794747e-05 -2.71016720e-03  5.52794747e-05  5.00000000e+00 
 5.53290510e-05  2.71018249e+00  5.53290510e-05 -2.71019807e-03  5.53290510e-05  5.00000000e+00 
 5.53786274e-05  2.71018239e+00  5.53786274e-05 -2.71016656e-03  5.53786274e-05  5.00000000e+00 
 5.54282037e-05  2.71018248e+00  5.54282037e-05 -2.71019866e-03  5.54282037e-05  5.00000000e+00 
 5.54777801e-05  2.71018240e+00  5.54777801e-05 -2.71016601e-03  5.54777801e-05  5.00000000e+00 
 5.55273564e-05  2.71018248e+00  5.55273564e-05 -2.71019917e-03  5.55273564e-05  5.00000000e+00 
 5.55769328e-05  2.71018240e+00  5.55769328e-05 -2.71016555e-03  5.55769328e-05  5.00000000e+00 
 5.56265091e-05  2.71018247e+00  5.56265091e-05 -2.71019959e-03  5.56265091e-05  5.00000000e+00 
 5.56760855e-05  2.71018240e+00  5.56760855e-05 -2.71016516e-03  5.56760855e-05  5.00000000e+00 
 5.57256618e-05  2.71018247e+00  5.57256618e-05 -2.71019995e-03  5.57256618e-05  5.00000000e+00 
 5.57752382e-05  2.71018241e+00  5.57752382e-05 -2.71016483e-03  5.57752382e-05  5.00000000e+00 
 5.58248145e-05  2.71018246e+00  5.58248145e-05 -2.71020025e-03  5.58248145e-05  5.00000000e+00 
 5.58743908e-05  2.71018241e+00  5.58743908e-05 -2.71016456e-03  5.58743908e-05  5.00000000e+00 
 5.59239672e-05  2.71018246e+00  5.59239672e-05 -2.71020049e-03  5.59239672e-05  5.00000000e+00 
 5.59735435e-05  2.71018241e+00  5.59735435e-05 -2.71016434e-03  5.59735435e-05  5.00000000e+00 
 5.60231199e-05  2.71018246e+00  5.60231199e-05 -2.71020068e-03  5.60231199e-05  5.00000000e+00 
 5.60726962e-05  2.71018242e+00  5.60726962e-05 -2.71016417e-03  5.60726962e-05  5.00000000e+00 
 5.61222726e-05  2.71018246e+00  5.61222726e-05 -2.71020084e-03  5.61222726e-05  5.00000000e+00 
 5.61718489e-05  2.71018242e+00  5.61718489e-05 -2.71016404e-03  5.61718489e-05  5.00000000e+00 
 5.62214253e-05  2.71018245e+00  5.62214253e-05 -2.71020095e-03  5.62214253e-05  5.00000000e+00 
 5.62710016e-05  2.71018242e+00  5.62710016e-05 -2.71016394e-03  5.62710016e-05  5.00000000e+00 
 5.63205780e-05  2.71018245e+00  5.63205780e-05 -2.71020103e-03  5.63205780e-05  5.00000000e+00 
 5.63701543e-05  2.71018242e+00  5.63701543e-05 -2.71016388e-03  5.63701543e-05  5.00000000e+00 
 5.64197306e-05  2.71018245e+00  5.64197306e-05 -2.71020108e-03  5.64197306e-05  5.00000000e+00 
 5.64693070e-05  2.71018242e+00  5.64693070e-05 -2.71016384e-03  5.64693070e-05  5.00000000e+00 
 5.65188833e-05  2.71018245e+00  5.65188833e-05 -2.71020111e-03  5.65188833e-05  5.00000000e+00 
 5.65684597e-05  2.71018243e+00  5.65684597e-05 -2.71016383e-03  5.65684597e-05  5.00000000e+00 
 5.66180360e-05  2.71018245e+00  5.66180360e-05 -2.71020111e-03  5.66180360e-05  5.00000000e+00 
 5.66676124e-05  2.71018243e+00  5.66676124e-05 -2.71016384e-03  5.66676124e-05  5.00000000e+00 
 5.67171887e-05  2.71018245e+00  5.67171887e-05 -2.71020109e-03  5.67171887e-05  5.00000000e+00 
 5.67667651e-05  2.71018243e+00  5.67667651e-05 -2.71016386e-03  5.67667651e-05  5.00000000e+00 
 5.68163414e-05  2.71018244e+00  5.68163414e-05 -2.71020106e-03  5.68163414e-05  5.00000000e+00 
 5.68659178e-05  2.71018243e+00  5.68659178e-05 -2.71016391e-03  5.68659178e-05  5.00000000e+00 
 5.69154941e-05  2.71018244e+00  5.69154941e-05 -2.71020100e-03  5.69154941e-05  5.00000000e+00 
 5.69650704e-05  2.71018243e+00  5.69650704e-05 -2.71016397e-03  5.69650704e-05  5.00000000e+00 
 5.70146468e-05  2.71018244e+00  5.70146468e-05 -2.71020094e-03  5.70146468e-05  5.00000000e+00 
 5.70642231e-05  2.71018243e+00  5.70642231e-05 -2.71016404e-03  5.70642231e-05  5.00000000e+00 
 5.71137995e-05  2.71018244e+00  5.71137995e-05 -2.71020086e-03  5.71137995e-05  5.00000000e+00 
 5.71633758e-05  2.71018243e+00  5.71633758e-05 -2.71016412e-03  5.71633758e-05  5.00000000e+00 
 5.72129522e-05  2.71018244e+00  5.72129522e-05 -2.71020077e-03  5.72129522e-05  5.00000000e+00 
 5.72625285e-05  2.71018243e+00  5.72625285e-05 -2.71016421e-03  5.72625285e-05  5.00000000e+00 
 5.73121049e-05  2.71018244e+00  5.73121049e-05 -2.71020067e-03  5.73121049e-05  5.00000000e+00 
 5.73616812e-05  2.71018243e+00  5.73616812e-05 -2.71016432e-03  5.73616812e-05  5.00000000e+00 
 5.74112576e-05  2.71018244e+00  5.74112576e-05 -2.71020057e-03  5.74112576e-05  5.00000000e+00 
 5.74608339e-05  2.71018243e+00  5.74608339e-05 -2.71016443e-03  5.74608339e-05  5.00000000e+00 
 5.75104102e-05  2.71018244e+00  5.75104102e-05 -2.71020045e-03  5.75104102e-05  5.00000000e+00 
 5.75599866e-05  2.71018243e+00  5.75599866e-05 -2.71016454e-03  5.75599866e-05  5.00000000e+00 
 5.76095629e-05  2.71018244e+00  5.76095629e-05 -2.71020034e-03  5.76095629e-05  5.00000000e+00 
 5.76591393e-05  2.71018243e+00  5.76591393e-05 -2.71016466e-03  5.76591393e-05  5.00000000e+00 
 5.77087156e-05  2.71018244e+00  5.77087156e-05 -2.71020021e-03  5.77087156e-05  5.00000000e+00 
 5.77582920e-05  2.71018243e+00  5.77582920e-05 -2.71016479e-03  5.77582920e-05  5.00000000e+00 
 5.78078683e-05  2.71018244e+00  5.78078683e-05 -2.71020008e-03  5.78078683e-05  5.00000000e+00 
 5.78574447e-05  2.71018244e+00  5.78574447e-05 -2.71016492e-03  5.78574447e-05  5.00000000e+00 
 5.79070210e-05  2.71018244e+00  5.79070210e-05 -2.71019995e-03  5.79070210e-05  5.00000000e+00 
 5.79565974e-05  2.71018244e+00  5.79565974e-05 -2.71016505e-03  5.79565974e-05  5.00000000e+00 
 5.80061737e-05  2.71018244e+00  5.80061737e-05 -2.71019982e-03  5.80061737e-05  5.00000000e+00 
 5.80557500e-05  2.71018244e+00  5.80557500e-05 -2.71016519e-03  5.80557500e-05  5.00000000e+00 
 5.81053264e-05  2.71018244e+00  5.81053264e-05 -2.71019968e-03  5.81053264e-05  5.00000000e+00 
 5.81549027e-05  2.71018244e+00  5.81549027e-05 -2.71016533e-03  5.81549027e-05  5.00000000e+00 
 5.82044791e-05  2.71018244e+00  5.82044791e-05 -2.71019954e-03  5.82044791e-05  5.00000000e+00 
 5.82540554e-05  2.71018244e+00  5.82540554e-05 -2.71016547e-03  5.82540554e-05  5.00000000e+00 
 5.83036318e-05  2.71018244e+00  5.83036318e-05 -2.71019939e-03  5.83036318e-05  5.00000000e+00 
 5.83532081e-05  2.71018244e+00  5.83532081e-05 -2.71016562e-03  5.83532081e-05  5.00000000e+00 
 5.84027845e-05  2.71018244e+00  5.84027845e-05 -2.71019925e-03  5.84027845e-05  5.00000000e+00 
 5.84523608e-05  2.71018244e+00  5.84523608e-05 -2.71016576e-03  5.84523608e-05  5.00000000e+00 
 5.85019372e-05  2.71018244e+00  5.85019372e-05 -2.71019911e-03  5.85019372e-05  5.00000000e+00 
 5.85515135e-05  2.71018244e+00  5.85515135e-05 -2.71016590e-03  5.85515135e-05  5.00000000e+00 
 5.86010898e-05  2.71018244e+00  5.86010898e-05 -2.71019896e-03  5.86010898e-05  5.00000000e+00 
 5.86506662e-05  2.71018244e+00  5.86506662e-05 -2.71016605e-03  5.86506662e-05  5.00000000e+00 
 5.87002425e-05  2.71018244e+00  5.87002425e-05 -2.71019881e-03  5.87002425e-05  5.00000000e+00 
 5.87498189e-05  2.71018244e+00  5.87498189e-05 -2.71016620e-03  5.87498189e-05  5.00000000e+00 
 5.87993952e-05  2.71018244e+00  5.87993952e-05 -2.71019867e-03  5.87993952e-05  5.00000000e+00 
 5.88489716e-05  2.71018244e+00  5.88489716e-05 -2.71016634e-03  5.88489716e-05  5.00000000e+00 
 5.88985479e-05  2.71018244e+00  5.88985479e-05 -2.71019852e-03  5.88985479e-05  5.00000000e+00 
 5.89481243e-05  2.71018244e+00  5.89481243e-05 -2.71016649e-03  5.89481243e-05  5.00000000e+00 
 5.89977006e-05  2.71018244e+00  5.89977006e-05 -2.71019837e-03  5.89977006e-05  5.00000000e+00 
 5.90472770e-05  2.71018244e+00  5.90472770e-05 -2.71016664e-03  5.90472770e-05  5.00000000e+00 
 5.90968533e-05  2.71018244e+00  5.90968533e-05 -2.71019823e-03  5.90968533e-05  5.00000000e+00 
 5.91464296e-05  2.71018244e+00  5.91464296e-05 -2.71016678e-03  5.91464296e-05  5.00000000e+00 
 5.91960060e-05  2.71018244e+00  5.91960060e-05 -2.71019808e-03  5.91960060e-05  5.00000000e+00 
 5.92455823e-05  2.71018244e+00  5.92455823e-05 -2.71016693e-03  5.92455823e-05  5.00000000e+00 
 5.92951587e-05  2.71018244e+00  5.92951587e-05 -2.71019794e-03  5.92951587e-05  5.00000000e+00 
 5.93447350e-05  2.71018244e+00  5.93447350e-05 -2.71016707e-03  5.93447350e-05  5.00000000e+00 
 5.93943114e-05  2.71018244e+00  5.93943114e-05 -2.71019779e-03  5.93943114e-05  5.00000000e+00 
 5.94438877e-05  2.71018244e+00  5.94438877e-05 -2.71016722e-03  5.94438877e-05  5.00000000e+00 
 5.94934641e-05  2.71018244e+00  5.94934641e-05 -2.71019765e-03  5.94934641e-05  5.00000000e+00 
 5.95430404e-05  2.71018244e+00  5.95430404e-05 -2.71016736e-03  5.95430404e-05  5.00000000e+00 
 5.95926168e-05  2.71018244e+00  5.95926168e-05 -2.71019750e-03  5.95926168e-05  5.00000000e+00 
 5.96421931e-05  2.71018244e+00  5.96421931e-05 -2.71016751e-03  5.96421931e-05  5.00000000e+00 
 5.96917694e-05  2.71018244e+00  5.96917694e-05 -2.71019736e-03  5.96917694e-05  5.00000000e+00 
 5.97413458e-05  2.71018244e+00  5.97413458e-05 -2.71016765e-03  5.97413458e-05  5.00000000e+00 
 5.97909221e-05  2.71018244e+00  5.97909221e-05 -2.71019722e-03  5.97909221e-05  5.00000000e+00 
 5.98404985e-05  2.71018244e+00  5.98404985e-05 -2.71016779e-03  5.98404985e-05  5.00000000e+00 
 5.98900748e-05  2.71018244e+00  5.98900748e-05 -2.71019708e-03  5.98900748e-05  5.00000000e+00 
 5.99396512e-05  2.71018244e+00  5.99396512e-05 -2.71016793e-03  5.99396512e-05  5.00000000e+00 
 5.99892275e-05  2.71018244e+00  5.99892275e-05 -2.71019694e-03  5.99892275e-05  5.00000000e+00 
 6.00388039e-05  2.71018244e+00  6.00388039e-05 -2.71016807e-03  6.00388039e-05  5.00000000e+00 
 6.00883802e-05  2.71018244e+00  6.00883802e-05 -2.71019680e-03  6.00883802e-05  5.00000000e+00 
 6.01379566e-05  2.71018244e+00  6.01379566e-05 -2.71016821e-03  6.01379566e-05  5.00000000e+00 
 6.01875329e-05  2.71018244e+00  6.01875329e-05 -2.71019666e-03  6.01875329e-05  5.00000000e+00 
 6.02371092e-05  2.71018244e+00  6.02371092e-05 -2.71016835e-03  6.02371092e-05  5.00000000e+00 
 6.02866856e-05  2.71018244e+00  6.02866856e-05 -2.71019652e-03  6.02866856e-05  5.00000000e+00 
 6.03362619e-05  2.71018244e+00  6.03362619e-05 -2.71016849e-03  6.03362619e-05  5.00000000e+00 
 6.03858383e-05  2.71018244e+00  6.03858383e-05 -2.71019638e-03  6.03858383e-05  5.00000000e+00 
 6.04354146e-05  2.71018244e+00  6.04354146e-05 -2.71016862e-03  6.04354146e-05  5.00000000e+00 
 6.04849910e-05  2.71018244e+00  6.04849910e-05 -2.71019625e-03  6.04849910e-05  5.00000000e+00 
 6.05345673e-05  2.71018244e+00  6.05345673e-05 -2.71016876e-03  6.05345673e-05  5.00000000e+00 
 6.05841437e-05  2.71018244e+00  6.05841437e-05 -2.71019612e-03  6.05841437e-05  5.00000000e+00 
 6.06337200e-05  2.71018244e+00  6.06337200e-05 -2.71016889e-03  6.06337200e-05  5.00000000e+00 
 6.06832964e-05  2.71018244e+00  6.06832964e-05 -2.71019598e-03  6.06832964e-05  5.00000000e+00 
 6.07328727e-05  2.71018244e+00  6.07328727e-05 -2.71016902e-03  6.07328727e-05  5.00000000e+00 
 6.07824490e-05  2.71018244e+00  6.07824490e-05 -2.71019585e-03  6.07824490e-05  5.00000000e+00 
 6.08320254e-05  2.71018244e+00  6.08320254e-05 -2.71016915e-03  6.08320254e-05  5.00000000e+00 
 6.08816017e-05  2.71018244e+00  6.08816017e-05 -2.71019572e-03  6.08816017e-05  5.00000000e+00 
 6.09311781e-05  2.71018244e+00  6.09311781e-05 -2.71016928e-03  6.09311781e-05  5.00000000e+00 
 6.09807544e-05  2.71018244e+00  6.09807544e-05 -2.71019559e-03  6.09807544e-05  5.00000000e+00 
 6.10303308e-05  2.71018244e+00  6.10303308e-05 -2.71016941e-03  6.10303308e-05  5.00000000e+00 
 6.10799071e-05  2.71018244e+00  6.10799071e-05 -2.71019546e-03  6.10799071e-05  5.00000000e+00 
 6.11294835e-05  2.71018244e+00  6.11294835e-05 -2.71016954e-03  6.11294835e-05  5.00000000e+00 
 6.11790598e-05  2.71018244e+00  6.11790598e-05 -2.71019533e-03  6.11790598e-05  5.00000000e+00 
 6.12286362e-05  2.71018244e+00  6.12286362e-05 -2.71016967e-03  6.12286362e-05  5.00000000e+00 
 6.12782125e-05  2.71018244e+00  6.12782125e-05 -2.71019521e-03  6.12782125e-05  5.00000000e+00 
 6.13277888e-05  2.71018244e+00  6.13277888e-05 -2.71016979e-03  6.13277888e-05  5.00000000e+00 
 6.13773652e-05  2.71018244e+00  6.13773652e-05 -2.71019508e-03  6.13773652e-05  5.00000000e+00 
 6.14269415e-05  2.71018244e+00  6.14269415e-05 -2.71016992e-03  6.14269415e-05  5.00000000e+00 
 6.14765179e-05  2.71018244e+00  6.14765179e-05 -2.71019496e-03  6.14765179e-05  5.00000000e+00 
 6.15260942e-05  2.71018244e+00  6.15260942e-05 -2.71017004e-03  6.15260942e-05  5.00000000e+00 
 6.15756706e-05  2.71018244e+00  6.15756706e-05 -2.71019484e-03  6.15756706e-05  5.00000000e+00 
 6.16252469e-05  2.71018244e+00  6.16252469e-05 -2.71017016e-03  6.16252469e-05  5.00000000e+00 
 6.16748233e-05  2.71018244e+00  6.16748233e-05 -2.71019472e-03  6.16748233e-05  5.00000000e+00 
 6.17243996e-05  2.71018244e+00  6.17243996e-05 -2.71017028e-03  6.17243996e-05  5.00000000e+00 
 6.17739760e-05  2.71018244e+00  6.17739760e-05 -2.71019460e-03  6.17739760e-05  5.00000000e+00 
 6.18235523e-05  2.71018244e+00  6.18235523e-05 -2.71017040e-03  6.18235523e-05  5.00000000e+00 
 6.18731286e-05  2.71018244e+00  6.18731286e-05 -2.71019448e-03  6.18731286e-05  5.00000000e+00 
 6.19227050e-05  2.71018244e+00  6.19227050e-05 -2.71017052e-03  6.19227050e-05  5.00000000e+00 
 6.19722813e-05  2.71018244e+00  6.19722813e-05 -2.71019436e-03  6.19722813e-05  5.00000000e+00 
 6.20218577e-05  2.71018244e+00  6.20218577e-05 -2.71017064e-03  6.20218577e-05  5.00000000e+00 
 6.20714340e-05  2.71018244e+00  6.20714340e-05 -2.71019424e-03  6.20714340e-05  5.00000000e+00 
 6.21210104e-05  2.71018244e+00  6.21210104e-05 -2.71017075e-03  6.21210104e-05  5.00000000e+00 
 6.21705867e-05  2.71018244e+00  6.21705867e-05 -2.71019413e-03  6.21705867e-05  5.00000000e+00 
 6.22201631e-05  2.71018244e+00  6.22201631e-05 -2.71017087e-03  6.22201631e-05  5.00000000e+00 
 6.22697394e-05  2.71018244e+00  6.22697394e-05 -2.71019401e-03  6.22697394e-05  5.00000000e+00 
 6.23193158e-05  2.71018244e+00  6.23193158e-05 -2.71017098e-03  6.23193158e-05  5.00000000e+00 
 6.23688921e-05  2.71018244e+00  6.23688921e-05 -2.71019390e-03  6.23688921e-05  5.00000000e+00 
 6.24184684e-05  2.71018244e+00  6.24184684e-05 -2.71017110e-03  6.24184684e-05  5.00000000e+00 
 6.24680448e-05  2.71018244e+00  6.24680448e-05 -2.71019379e-03  6.24680448e-05  5.00000000e+00 
 6.25176211e-05  2.71018244e+00  6.25176211e-05 -2.71017121e-03  6.25176211e-05  5.00000000e+00 
 6.25671975e-05  2.71018244e+00  6.25671975e-05 -2.71019367e-03  6.25671975e-05  5.00000000e+00 
 6.26167738e-05  2.71018244e+00  6.26167738e-05 -2.71017132e-03  6.26167738e-05  5.00000000e+00 
 6.26663502e-05  2.71018244e+00  6.26663502e-05 -2.71019356e-03  6.26663502e-05  5.00000000e+00 
 6.27159265e-05  2.71018244e+00  6.27159265e-05 -2.71017143e-03  6.27159265e-05  5.00000000e+00 
 6.27655029e-05  2.71018244e+00  6.27655029e-05 -2.71019345e-03  6.27655029e-05  5.00000000e+00 
 6.28150792e-05  2.71018244e+00  6.28150792e-05 -2.71017154e-03  6.28150792e-05  5.00000000e+00 
 6.28646556e-05  2.71018244e+00  6.28646556e-05 -2.71019335e-03  6.28646556e-05  5.00000000e+00 
 6.29142319e-05  2.71018244e+00  6.29142319e-05 -2.71017165e-03  6.29142319e-05  5.00000000e+00 
 6.29638082e-05  2.71018244e+00  6.29638082e-05 -2.71019324e-03  6.29638082e-05  5.00000000e+00 
 6.30133846e-05  2.71018244e+00  6.30133846e-05 -2.71017175e-03  6.30133846e-05  5.00000000e+00 
 6.30629609e-05  2.71018244e+00  6.30629609e-05 -2.71019313e-03  6.30629609e-05  5.00000000e+00 
 6.31125373e-05  2.71018244e+00  6.31125373e-05 -2.71017186e-03  6.31125373e-05  5.00000000e+00 
 6.31621136e-05  2.71018244e+00  6.31621136e-05 -2.71019303e-03  6.31621136e-05  5.00000000e+00 
 6.32116900e-05  2.71018244e+00  6.32116900e-05 -2.71017196e-03  6.32116900e-05  5.00000000e+00 
 6.32612663e-05  2.71018244e+00  6.32612663e-05 -2.71019292e-03  6.32612663e-05  5.00000000e+00 
 6.33108427e-05  2.71018244e+00  6.33108427e-05 -2.71017207e-03  6.33108427e-05  5.00000000e+00 
 6.33604190e-05  2.71018244e+00  6.33604190e-05 -2.71019282e-03  6.33604190e-05  5.00000000e+00 
 6.34099954e-05  2.71018244e+00  6.34099954e-05 -2.71017217e-03  6.34099954e-05  5.00000000e+00 
 6.34595717e-05  2.71018244e+00  6.34595717e-05 -2.71019272e-03  6.34595717e-05  5.00000000e+00 
 6.35091480e-05  2.71018244e+00  6.35091480e-05 -2.71017227e-03  6.35091480e-05  5.00000000e+00 
 6.35587244e-05  2.71018244e+00  6.35587244e-05 -2.71019262e-03  6.35587244e-05  5.00000000e+00 
 6.36083007e-05  2.71018244e+00  6.36083007e-05 -2.71017237e-03  6.36083007e-05  5.00000000e+00 
 6.36578771e-05  2.71018244e+00  6.36578771e-05 -2.71019252e-03  6.36578771e-05  5.00000000e+00 
 6.37074534e-05  2.71018244e+00  6.37074534e-05 -2.71017247e-03  6.37074534e-05  5.00000000e+00 
 6.37570298e-05  2.71018244e+00  6.37570298e-05 -2.71019242e-03  6.37570298e-05  5.00000000e+00 
 6.38066061e-05  2.71018244e+00  6.38066061e-05 -2.71017257e-03  6.38066061e-05  5.00000000e+00 
 6.38561825e-05  2.71018244e+00  6.38561825e-05 -2.71019232e-03  6.38561825e-05  5.00000000e+00 
 6.39057588e-05  2.71018244e+00  6.39057588e-05 -2.71017267e-03  6.39057588e-05  5.00000000e+00 
 6.39553352e-05  2.71018244e+00  6.39553352e-05 -2.71019222e-03  6.39553352e-05  5.00000000e+00 
 6.40049115e-05  2.71018244e+00  6.40049115e-05 -2.71017276e-03  6.40049115e-05  5.00000000e+00 
 6.40544878e-05  2.71018244e+00  6.40544878e-05 -2.71019213e-03  6.40544878e-05  5.00000000e+00 
 6.41040642e-05  2.71018244e+00  6.41040642e-05 -2.71017286e-03  6.41040642e-05  5.00000000e+00 
 6.41536405e-05  2.71018244e+00  6.41536405e-05 -2.71019203e-03  6.41536405e-05  5.00000000e+00 
 6.42032169e-05  2.71018244e+00  6.42032169e-05 -2.71017295e-03  6.42032169e-05  5.00000000e+00 
 6.42527932e-05  2.71018244e+00  6.42527932e-05 -2.71019194e-03  6.42527932e-05  5.00000000e+00 
 6.43023696e-05  2.71018244e+00  6.43023696e-05 -2.71017305e-03  6.43023696e-05  5.00000000e+00 
 6.43519459e-05  2.71018244e+00  6.43519459e-05 -2.71019184e-03  6.43519459e-05  5.00000000e+00 
 6.44015223e-05  2.71018244e+00  6.44015223e-05 -2.71017314e-03  6.44015223e-05  5.00000000e+00 
 6.44510986e-05  2.71018244e+00  6.44510986e-05 -2.71019175e-03  6.44510986e-05  5.00000000e+00 
 6.45006750e-05  2.71018244e+00  6.45006750e-05 -2.71017323e-03  6.45006750e-05  5.00000000e+00 
 6.45502513e-05  2.71018244e+00  6.45502513e-05 -2.71019166e-03  6.45502513e-05  5.00000000e+00 
 6.45998276e-05  2.71018244e+00  6.45998276e-05 -2.71017332e-03  6.45998276e-05  5.00000000e+00 
 6.46494040e-05  2.71018244e+00  6.46494040e-05 -2.71019157e-03  6.46494040e-05  5.00000000e+00 
 6.46989803e-05  2.71018244e+00  6.46989803e-05 -2.71017341e-03  6.46989803e-05  5.00000000e+00 
 6.47485567e-05  2.71018244e+00  6.47485567e-05 -2.71019148e-03  6.47485567e-05  5.00000000e+00 
 6.47981330e-05  2.71018244e+00  6.47981330e-05 -2.71017350e-03  6.47981330e-05  5.00000000e+00 
 6.48477094e-05  2.71018244e+00  6.48477094e-05 -2.71019139e-03  6.48477094e-05  5.00000000e+00 
 6.48972857e-05  2.71018244e+00  6.48972857e-05 -2.71017359e-03  6.48972857e-05  5.00000000e+00 
 6.49468621e-05  2.71018244e+00  6.49468621e-05 -2.71019130e-03  6.49468621e-05  5.00000000e+00 
 6.49964384e-05  2.71018244e+00  6.49964384e-05 -2.71017368e-03  6.49964384e-05  5.00000000e+00 
 6.50460148e-05  2.71018244e+00  6.50460148e-05 -2.71019122e-03  6.50460148e-05  5.00000000e+00 
 6.50955911e-05  2.71018244e+00  6.50955911e-05 -2.71017377e-03  6.50955911e-05  5.00000000e+00 
 6.51451674e-05  2.71018244e+00  6.51451674e-05 -2.71019113e-03  6.51451674e-05  5.00000000e+00 
 6.51947438e-05  2.71018244e+00  6.51947438e-05 -2.71017385e-03  6.51947438e-05  5.00000000e+00 
 6.52443201e-05  2.71018244e+00  6.52443201e-05 -2.71019104e-03  6.52443201e-05  5.00000000e+00 
 6.52938965e-05  2.71018244e+00  6.52938965e-05 -2.71017394e-03  6.52938965e-05  5.00000000e+00 
 6.53434728e-05  2.71018244e+00  6.53434728e-05 -2.71019096e-03  6.53434728e-05  5.00000000e+00 
 6.53930492e-05  2.71018244e+00  6.53930492e-05 -2.71017402e-03  6.53930492e-05  5.00000000e+00 
 6.54426255e-05  2.71018244e+00  6.54426255e-05 -2.71019088e-03  6.54426255e-05  5.00000000e+00 
 6.54922019e-05  2.71018244e+00  6.54922019e-05 -2.71017410e-03  6.54922019e-05  5.00000000e+00 
 6.55417782e-05  2.71018244e+00  6.55417782e-05 -2.71019079e-03  6.55417782e-05  5.00000000e+00 
 6.55913545e-05  2.71018244e+00  6.55913545e-05 -2.71017419e-03  6.55913545e-05  5.00000000e+00 
 6.56409309e-05  2.71018244e+00  6.56409309e-05 -2.71019071e-03  6.56409309e-05  5.00000000e+00 
 6.56905072e-05  2.71018244e+00  6.56905072e-05 -2.71017427e-03  6.56905072e-05  5.00000000e+00 
 6.57400836e-05  2.71018244e+00  6.57400836e-05 -2.71019063e-03  6.57400836e-05  5.00000000e+00 
 6.57896599e-05  2.71018244e+00  6.57896599e-05 -2.71017435e-03  6.57896599e-05  5.00000000e+00 
 6.58392363e-05  2.71018244e+00  6.58392363e-05 -2.71019055e-03  6.58392363e-05  5.00000000e+00 
 6.58888126e-05  2.71018244e+00  6.58888126e-05 -2.71017443e-03  6.58888126e-05  5.00000000e+00 
 6.59383890e-05  2.71018244e+00  6.59383890e-05 -2.71019047e-03  6.59383890e-05  5.00000000e+00 
 6.59879653e-05  2.71018244e+00  6.59879653e-05 -2.71017451e-03  6.59879653e-05  5.00000000e+00 
 6.60375417e-05  2.71018244e+00  6.60375417e-05 -2.71019039e-03  6.60375417e-05  5.00000000e+00 
 6.60871180e-05  2.71018244e+00  6.60871180e-05 -2.71017459e-03  6.60871180e-05  5.00000000e+00 
 6.61366943e-05  2.71018244e+00  6.61366943e-05 -2.71019031e-03  6.61366943e-05  5.00000000e+00 
 6.61862707e-05  2.71018244e+00  6.61862707e-05 -2.71017467e-03  6.61862707e-05  5.00000000e+00 
 6.62358470e-05  2.71018244e+00  6.62358470e-05 -2.71019023e-03  6.62358470e-05  5.00000000e+00 
 6.62854234e-05  2.71018244e+00  6.62854234e-05 -2.71017474e-03  6.62854234e-05  5.00000000e+00 
 6.63349997e-05  2.71018244e+00  6.63349997e-05 -2.71019016e-03  6.63349997e-05  5.00000000e+00 
 6.63845761e-05  2.71018244e+00  6.63845761e-05 -2.71017482e-03  6.63845761e-05  5.00000000e+00 
 6.64341524e-05  2.71018244e+00  6.64341524e-05 -2.71019008e-03  6.64341524e-05  5.00000000e+00 
 6.64837288e-05  2.71018244e+00  6.64837288e-05 -2.71017489e-03  6.64837288e-05  5.00000000e+00 
 6.65333051e-05  2.71018244e+00  6.65333051e-05 -2.71019001e-03  6.65333051e-05  5.00000000e+00 
 6.65828815e-05  2.71018244e+00  6.65828815e-05 -2.71017497e-03  6.65828815e-05  5.00000000e+00 
 6.66324578e-05  2.71018244e+00  6.66324578e-05 -2.71018993e-03  6.66324578e-05  5.00000000e+00 
 6.66820341e-05  2.71018244e+00  6.66820341e-05 -2.71017504e-03  6.66820341e-05  5.00000000e+00 
 6.67316105e-05  2.71018244e+00  6.67316105e-05 -2.71018986e-03  6.67316105e-05  5.00000000e+00 
 6.67811868e-05  2.71018244e+00  6.67811868e-05 -2.71017512e-03  6.67811868e-05  5.00000000e+00 
 6.68307632e-05  2.71018244e+00  6.68307632e-05 -2.71018979e-03  6.68307632e-05  5.00000000e+00 
 6.68803395e-05  2.71018244e+00  6.68803395e-05 -2.71017519e-03  6.68803395e-05  5.00000000e+00 
 6.69299159e-05  2.71018244e+00  6.69299159e-05 -2.71018971e-03  6.69299159e-05  5.00000000e+00 
 6.69794922e-05  2.71018244e+00  6.69794922e-05 -2.71017526e-03  6.69794922e-05  5.00000000e+00 
 6.70290686e-05  2.71018244e+00  6.70290686e-05 -2.71018964e-03  6.70290686e-05  5.00000000e+00 
 6.70786449e-05  2.71018244e+00  6.70786449e-05 -2.71017533e-03  6.70786449e-05  5.00000000e+00 
 6.71282213e-05  2.71018244e+00  6.71282213e-05 -2.71018957e-03  6.71282213e-05  5.00000000e+00 
 6.71777976e-05  2.71018244e+00  6.71777976e-05 -2.71017540e-03  6.71777976e-05  5.00000000e+00 
 6.72273739e-05  2.71018244e+00  6.72273739e-05 -2.71018950e-03  6.72273739e-05  5.00000000e+00 
 6.72769503e-05  2.71018244e+00  6.72769503e-05 -2.71017547e-03  6.72769503e-05  5.00000000e+00 
 6.73265266e-05  2.71018244e+00  6.73265266e-05 -2.71018943e-03  6.73265266e-05  5.00000000e+00 
 6.73761030e-05  2.71018244e+00  6.73761030e-05 -2.71017554e-03  6.73761030e-05  5.00000000e+00 
 6.74256793e-05  2.71018244e+00  6.74256793e-05 -2.71018936e-03  6.74256793e-05  5.00000000e+00 
 6.74752557e-05  2.71018244e+00  6.74752557e-05 -2.71017561e-03  6.74752557e-05  5.00000000e+00 
 6.75248320e-05  2.71018244e+00  6.75248320e-05 -2.71018929e-03  6.75248320e-05  5.00000000e+00 
 6.75744084e-05  2.71018244e+00  6.75744084e-05 -2.71017568e-03  6.75744084e-05  5.00000000e+00 
 6.76239847e-05  2.71018244e+00  6.76239847e-05 -2.71018923e-03  6.76239847e-05  5.00000000e+00 
 6.76735611e-05  2.71018244e+00  6.76735611e-05 -2.71017574e-03  6.76735611e-05  5.00000000e+00 
 6.77231374e-05  2.71018244e+00  6.77231374e-05 -2.71018916e-03  6.77231374e-05  5.00000000e+00 
 6.77727137e-05  2.71018244e+00  6.77727137e-05 -2.71017581e-03  6.77727137e-05  5.00000000e+00 
 6.78222901e-05  2.71018244e+00  6.78222901e-05 -2.71018909e-03  6.78222901e-05  5.00000000e+00 
 6.78718664e-05  2.71018244e+00  6.78718664e-05 -2.71017588e-03  6.78718664e-05  5.00000000e+00 
 6.79214428e-05  2.71018244e+00  6.79214428e-05 -2.71018903e-03  6.79214428e-05  5.00000000e+00 
 6.79710191e-05  2.71018244e+00  6.79710191e-05 -2.71017594e-03  6.79710191e-05  5.00000000e+00 
 6.80205955e-05  2.71018244e+00  6.80205955e-05 -2.71018896e-03  6.80205955e-05  5.00000000e+00 
 6.80701718e-05  2.71018244e+00  6.80701718e-05 -2.71017601e-03  6.80701718e-05  5.00000000e+00 
 6.81197482e-05  2.71018244e+00  6.81197482e-05 -2.71018890e-03  6.81197482e-05  5.00000000e+00 
 6.81693245e-05  2.71018244e+00  6.81693245e-05 -2.71017607e-03  6.81693245e-05  5.00000000e+00 
 6.82189009e-05  2.71018244e+00  6.82189009e-05 -2.71018884e-03  6.82189009e-05  5.00000000e+00 
 6.82684772e-05  2.71018244e+00  6.82684772e-05 -2.71017613e-03  6.82684772e-05  5.00000000e+00 
 6.83180535e-05  2.71018244e+00  6.83180535e-05 -2.71018877e-03  6.83180535e-05  5.00000000e+00 
 6.83676299e-05  2.71018244e+00  6.83676299e-05 -2.71017620e-03  6.83676299e-05  5.00000000e+00 
 6.84172062e-05  2.71018244e+00  6.84172062e-05 -2.71018871e-03  6.84172062e-05  5.00000000e+00 
 6.84667826e-05  2.71018244e+00  6.84667826e-05 -2.71017626e-03  6.84667826e-05  5.00000000e+00 
 6.85163589e-05  2.71018244e+00  6.85163589e-05 -2.71018865e-03  6.85163589e-05  5.00000000e+00 
 6.85659353e-05  2.71018244e+00  6.85659353e-05 -2.71017632e-03  6.85659353e-05  5.00000000e+00 
 6.86155116e-05  2.71018244e+00  6.86155116e-05 -2.71018859e-03  6.86155116e-05  5.00000000e+00 
 6.86650880e-05  2.71018244e+00  6.86650880e-05 -2.71017638e-03  6.86650880e-05  5.00000000e+00 
 6.87146643e-05  2.71018244e+00  6.87146643e-05 -2.71018853e-03  6.87146643e-05  5.00000000e+00 
 6.87642407e-05  2.71018244e+00  6.87642407e-05 -2.71017644e-03  6.87642407e-05  5.00000000e+00 
 6.88138170e-05  2.71018244e+00  6.88138170e-05 -2.71018847e-03  6.88138170e-05  5.00000000e+00 
 6.88633933e-05  2.71018244e+00  6.88633933e-05 -2.71017650e-03  6.88633933e-05  5.00000000e+00 
 6.89129697e-05  2.71018244e+00  6.89129697e-05 -2.71018841e-03  6.89129697e-05  5.00000000e+00 
 6.89625460e-05  2.71018244e+00  6.89625460e-05 -2.71017656e-03  6.89625460e-05  5.00000000e+00 
 6.90121224e-05  2.71018244e+00  6.90121224e-05 -2.71018835e-03  6.90121224e-05  5.00000000e+00 
 6.90616987e-05  2.71018244e+00  6.90616987e-05 -2.71017662e-03  6.90616987e-05  5.00000000e+00 
 6.91112751e-05  2.71018244e+00  6.91112751e-05 -2.71018829e-03  6.91112751e-05  5.00000000e+00 
 6.91608514e-05  2.71018244e+00  6.91608514e-05 -2.71017667e-03  6.91608514e-05  5.00000000e+00 
 6.92104278e-05  2.71018244e+00  6.92104278e-05 -2.71018823e-03  6.92104278e-05  5.00000000e+00 
 6.92600041e-05  2.71018244e+00  6.92600041e-05 -2.71017673e-03  6.92600041e-05  5.00000000e+00 
 6.93095805e-05  2.71018244e+00  6.93095805e-05 -2.71018818e-03  6.93095805e-05  5.00000000e+00 
 6.93591568e-05  2.71018244e+00  6.93591568e-05 -2.71017679e-03  6.93591568e-05  5.00000000e+00 
 6.94087331e-05  2.71018244e+00  6.94087331e-05 -2.71018812e-03  6.94087331e-05  5.00000000e+00 
 6.94583095e-05  2.71018244e+00  6.94583095e-05 -2.71017684e-03  6.94583095e-05  5.00000000e+00 
 6.95078858e-05  2.71018244e+00  6.95078858e-05 -2.71018807e-03  6.95078858e-05  5.00000000e+00 
 6.95574622e-05  2.71018244e+00  6.95574622e-05 -2.71017690e-03  6.95574622e-05  5.00000000e+00 
 6.96070385e-05  2.71018244e+00  6.96070385e-05 -2.71018801e-03  6.96070385e-05  5.00000000e+00 
 6.96566149e-05  2.71018244e+00  6.96566149e-05 -2.71017696e-03  6.96566149e-05  5.00000000e+00 
 6.97061912e-05  2.71018244e+00  6.97061912e-05 -2.71018796e-03  6.97061912e-05  5.00000000e+00 
 6.97557676e-05  2.71018244e+00  6.97557676e-05 -2.71017701e-03  6.97557676e-05  5.00000000e+00 
 6.98053439e-05  2.71018244e+00  6.98053439e-05 -2.71018790e-03  6.98053439e-05  5.00000000e+00 
 6.98549203e-05  2.71018244e+00  6.98549203e-05 -2.71017706e-03  6.98549203e-05  5.00000000e+00 
 6.99044966e-05  2.71018244e+00  6.99044966e-05 -2.71018785e-03  6.99044966e-05  5.00000000e+00 
 6.99540729e-05  2.71018244e+00  6.99540729e-05 -2.71017712e-03  6.99540729e-05  5.00000000e+00 
 7.00036493e-05  2.71018244e+00  7.00036493e-05 -2.71018779e-03  7.00036493e-05  5.00000000e+00 
 7.00532256e-05  2.71018244e+00  7.00532256e-05 -2.71017717e-03  7.00532256e-05  5.00000000e+00 
 7.01028020e-05  2.71018244e+00  7.01028020e-05 -2.71018774e-03  7.01028020e-05  5.00000000e+00 
 7.01523783e-05  2.71018244e+00  7.01523783e-05 -2.71017722e-03  7.01523783e-05  5.00000000e+00 
 7.02019547e-05  2.71018244e+00  7.02019547e-05 -2.71018769e-03  7.02019547e-05  5.00000000e+00 
 7.02515310e-05  2.71018244e+00  7.02515310e-05 -2.71017727e-03  7.02515310e-05  5.00000000e+00 
 7.03011074e-05  2.71018244e+00  7.03011074e-05 -2.71018764e-03  7.03011074e-05  5.00000000e+00 
 7.03506837e-05  2.71018244e+00  7.03506837e-05 -2.71017733e-03  7.03506837e-05  5.00000000e+00 
 7.04002601e-05  2.71018244e+00  7.04002601e-05 -2.71018759e-03  7.04002601e-05  5.00000000e+00 
 7.04498364e-05  2.71018244e+00  7.04498364e-05 -2.71017738e-03  7.04498364e-05  5.00000000e+00 
 7.04994127e-05  2.71018244e+00  7.04994127e-05 -2.71018754e-03  7.04994127e-05  5.00000000e+00 
 7.05489891e-05  2.71018244e+00  7.05489891e-05 -2.71017743e-03  7.05489891e-05  5.00000000e+00 
 7.05985654e-05  2.71018244e+00  7.05985654e-05 -2.71018749e-03  7.05985654e-05  5.00000000e+00 
 7.06481418e-05  2.71018244e+00  7.06481418e-05 -2.71017748e-03  7.06481418e-05  5.00000000e+00 
 7.06977181e-05  2.71018244e+00  7.06977181e-05 -2.71018744e-03  7.06977181e-05  5.00000000e+00 
 7.07472945e-05  2.71018244e+00  7.07472945e-05 -2.71017753e-03  7.07472945e-05  5.00000000e+00 
 7.07968708e-05  2.71018244e+00  7.07968708e-05 -2.71018739e-03  7.07968708e-05  5.00000000e+00 
 7.08464472e-05  2.71018244e+00  7.08464472e-05 -2.71017758e-03  7.08464472e-05  5.00000000e+00 
 7.08960235e-05  2.71018244e+00  7.08960235e-05 -2.71018734e-03  7.08960235e-05  5.00000000e+00 
 7.09455999e-05  2.71018244e+00  7.09455999e-05 -2.71017762e-03  7.09455999e-05  5.00000000e+00 
 7.09951762e-05  2.71018244e+00  7.09951762e-05 -2.71018729e-03  7.09951762e-05  5.00000000e+00 
 7.10447525e-05  2.71018244e+00  7.10447525e-05 -2.71017767e-03  7.10447525e-05  5.00000000e+00 
 7.10943289e-05  2.71018244e+00  7.10943289e-05 -2.71018724e-03  7.10943289e-05  5.00000000e+00 
 7.11439052e-05  2.71018244e+00  7.11439052e-05 -2.71017772e-03  7.11439052e-05  5.00000000e+00 
 7.11934816e-05  2.71018244e+00  7.11934816e-05 -2.71018720e-03  7.11934816e-05  5.00000000e+00 
 7.12430579e-05  2.71018244e+00  7.12430579e-05 -2.71017777e-03  7.12430579e-05  5.00000000e+00 
 7.12926343e-05  2.71018244e+00  7.12926343e-05 -2.71018715e-03  7.12926343e-05  5.00000000e+00 
 7.13422106e-05  2.71018244e+00  7.13422106e-05 -2.71017781e-03  7.13422106e-05  5.00000000e+00 
 7.13917870e-05  2.71018244e+00  7.13917870e-05 -2.71018710e-03  7.13917870e-05  5.00000000e+00 
 7.14413633e-05  2.71018244e+00  7.14413633e-05 -2.71017786e-03  7.14413633e-05  5.00000000e+00 
 7.14909397e-05  2.71018244e+00  7.14909397e-05 -2.71018706e-03  7.14909397e-05  5.00000000e+00 
 7.15405160e-05  2.71018244e+00  7.15405160e-05 -2.71017790e-03  7.15405160e-05  5.00000000e+00 
 7.15900923e-05  2.71018244e+00  7.15900923e-05 -2.71018701e-03  7.15900923e-05  5.00000000e+00 
 7.16396687e-05  2.71018244e+00  7.16396687e-05 -2.71017795e-03  7.16396687e-05  5.00000000e+00 
 7.16892450e-05  2.71018244e+00  7.16892450e-05 -2.71018697e-03  7.16892450e-05  5.00000000e+00 
 7.17388214e-05  2.71018244e+00  7.17388214e-05 -2.71017799e-03  7.17388214e-05  5.00000000e+00 
 7.17883977e-05  2.71018244e+00  7.17883977e-05 -2.71018692e-03  7.17883977e-05  5.00000000e+00 
 7.18379741e-05  2.71018244e+00  7.18379741e-05 -2.71017804e-03  7.18379741e-05  5.00000000e+00 
 7.18875504e-05  2.71018244e+00  7.18875504e-05 -2.71018688e-03  7.18875504e-05  5.00000000e+00 
 7.19371268e-05  2.71018244e+00  7.19371268e-05 -2.71017808e-03  7.19371268e-05  5.00000000e+00 
 7.19867031e-05  2.71018244e+00  7.19867031e-05 -2.71018683e-03  7.19867031e-05  5.00000000e+00 
 7.20362795e-05  2.71018244e+00  7.20362795e-05 -2.71017813e-03  7.20362795e-05  5.00000000e+00 
 7.20858558e-05  2.71018244e+00  7.20858558e-05 -2.71018679e-03  7.20858558e-05  5.00000000e+00 
 7.21354321e-05  2.71018244e+00  7.21354321e-05 -2.71017817e-03  7.21354321e-05  5.00000000e+00 
 7.21850085e-05  2.71018244e+00  7.21850085e-05 -2.71018675e-03  7.21850085e-05  5.00000000e+00 
 7.22345848e-05  2.71018244e+00  7.22345848e-05 -2.71017821e-03  7.22345848e-05  5.00000000e+00 
 7.22841612e-05  2.71018244e+00  7.22841612e-05 -2.71018671e-03  7.22841612e-05  5.00000000e+00 
 7.23337375e-05  2.71018244e+00  7.23337375e-05 -2.71017825e-03  7.23337375e-05  5.00000000e+00 
 7.23833139e-05  2.71018244e+00  7.23833139e-05 -2.71018666e-03  7.23833139e-05  5.00000000e+00 
 7.24328902e-05  2.71018244e+00  7.24328902e-05 -2.71017829e-03  7.24328902e-05  5.00000000e+00 
 7.24824666e-05  2.71018244e+00  7.24824666e-05 -2.71018662e-03  7.24824666e-05  5.00000000e+00 
 7.25320429e-05  2.71018244e+00  7.25320429e-05 -2.71017834e-03  7.25320429e-05  5.00000000e+00 
 7.25816193e-05  2.71018244e+00  7.25816193e-05 -2.71018658e-03  7.25816193e-05  5.00000000e+00 
 7.26311956e-05  2.71018244e+00  7.26311956e-05 -2.71017838e-03  7.26311956e-05  5.00000000e+00 
 7.26807719e-05  2.71018244e+00  7.26807719e-05 -2.71018654e-03  7.26807719e-05  5.00000000e+00 
 7.27303483e-05  2.71018244e+00  7.27303483e-05 -2.71017842e-03  7.27303483e-05  5.00000000e+00 
 7.27799246e-05  2.71018244e+00  7.27799246e-05 -2.71018650e-03  7.27799246e-05  5.00000000e+00 
 7.28295010e-05  2.71018244e+00  7.28295010e-05 -2.71017846e-03  7.28295010e-05  5.00000000e+00 
 7.28790773e-05  2.71018244e+00  7.28790773e-05 -2.71018646e-03  7.28790773e-05  5.00000000e+00 
 7.29286537e-05  2.71018244e+00  7.29286537e-05 -2.71017850e-03  7.29286537e-05  5.00000000e+00 
 7.29782300e-05  2.71018244e+00  7.29782300e-05 -2.71018642e-03  7.29782300e-05  5.00000000e+00 
 7.30278064e-05  2.71018244e+00  7.30278064e-05 -2.71017854e-03  7.30278064e-05  5.00000000e+00 
 7.30773827e-05  2.71018244e+00  7.30773827e-05 -2.71018638e-03  7.30773827e-05  5.00000000e+00 
 7.31269591e-05  2.71018244e+00  7.31269591e-05 -2.71017858e-03  7.31269591e-05  5.00000000e+00 
 7.31765354e-05  2.71018244e+00  7.31765354e-05 -2.71018634e-03  7.31765354e-05  5.00000000e+00 
 7.32261117e-05  2.71018244e+00  7.32261117e-05 -2.71017861e-03  7.32261117e-05  5.00000000e+00 
 7.32756881e-05  2.71018244e+00  7.32756881e-05 -2.71018630e-03  7.32756881e-05  5.00000000e+00 
 7.33252644e-05  2.71018244e+00  7.33252644e-05 -2.71017865e-03  7.33252644e-05  5.00000000e+00 
 7.33748408e-05  2.71018244e+00  7.33748408e-05 -2.71018627e-03  7.33748408e-05  5.00000000e+00 
 7.34244171e-05  2.71018244e+00  7.34244171e-05 -2.71017869e-03  7.34244171e-05  5.00000000e+00 
 7.34739935e-05  2.71018244e+00  7.34739935e-05 -2.71018623e-03  7.34739935e-05  5.00000000e+00 
 7.35235698e-05  2.71018244e+00  7.35235698e-05 -2.71017873e-03  7.35235698e-05  5.00000000e+00 
 7.35731462e-05  2.71018244e+00  7.35731462e-05 -2.71018619e-03  7.35731462e-05  5.00000000e+00 
 7.36227225e-05  2.71018244e+00  7.36227225e-05 -2.71017876e-03  7.36227225e-05  5.00000000e+00 
 7.36722989e-05  2.71018244e+00  7.36722989e-05 -2.71018616e-03  7.36722989e-05  5.00000000e+00 
 7.37218752e-05  2.71018244e+00  7.37218752e-05 -2.71017880e-03  7.37218752e-05  5.00000000e+00 
 7.37714515e-05  2.71018244e+00  7.37714515e-05 -2.71018612e-03  7.37714515e-05  5.00000000e+00 
 7.38210279e-05  2.71018244e+00  7.38210279e-05 -2.71017884e-03  7.38210279e-05  5.00000000e+00 
 7.38706042e-05  2.71018244e+00  7.38706042e-05 -2.71018608e-03  7.38706042e-05  5.00000000e+00 
 7.39201806e-05  2.71018244e+00  7.39201806e-05 -2.71017887e-03  7.39201806e-05  5.00000000e+00 
 7.39697569e-05  2.71018244e+00  7.39697569e-05 -2.71018605e-03  7.39697569e-05  5.00000000e+00 
 7.40193333e-05  2.71018244e+00  7.40193333e-05 -2.71017891e-03  7.40193333e-05  5.00000000e+00 
 7.40689096e-05  2.71018244e+00  7.40689096e-05 -2.71018601e-03  7.40689096e-05  5.00000000e+00 
 7.41184860e-05  2.71018244e+00  7.41184860e-05 -2.71017894e-03  7.41184860e-05  5.00000000e+00 
 7.41680623e-05  2.71018244e+00  7.41680623e-05 -2.71018598e-03  7.41680623e-05  5.00000000e+00 
 7.42176387e-05  2.71018244e+00  7.42176387e-05 -2.71017898e-03  7.42176387e-05  5.00000000e+00 
 7.42672150e-05  2.71018244e+00  7.42672150e-05 -2.71018594e-03  7.42672150e-05  5.00000000e+00 
 7.43167913e-05  2.71018244e+00  7.43167913e-05 -2.71017901e-03  7.43167913e-05  5.00000000e+00 
 7.43645181e-05  2.71018244e+00  7.43645181e-05 -2.71018591e-03  7.43645181e-05  5.00000000e+00 
 7.43694758e-05  2.70291586e+00  7.43694758e-05 -2.55721103e-03  7.43694758e-05  4.95000000e+00 
 7.43793910e-05  2.67600109e+00  7.43793910e-05 -2.28004874e-03  7.43793910e-05  4.85000000e+00 
 7.43992216e-05  2.57918869e+00  7.43992216e-05 -1.99808073e-03  7.43992216e-05  4.65000000e+00 
 7.44291944e-05  2.39978817e+00  7.44291944e-05 -1.78198524e-03  7.44291944e-05  4.34771022e+00 
 7.44613666e-05  2.19659309e+00  7.44613666e-05 -1.54905142e-03  7.44613666e-05  4.02323856e+00 
 7.45109430e-05  1.87153263e+00  7.45109430e-05 -1.20513875e-03  7.45109430e-05  3.52323856e+00 
 7.45605193e-05  1.53862386e+00  7.45605193e-05 -8.59069430e-04  7.45605193e-05  3.02323856e+00 
 7.46100957e-05  1.20670412e+00  7.46100957e-05 -5.44011019e-04  7.46100957e-05  2.52323856e+00 
 7.46596720e-05  8.86953275e-01  7.46596720e-05 -2.56412010e-04  7.46596720e-05  2.02323856e+00 
 7.47092484e-05  5.99062689e-01  7.47092484e-05 -6.51071216e-05  7.47092484e-05  1.52323856e+00 
 7.47588247e-05  3.75427680e-01  7.47588247e-05 -4.97391312e-06  7.47588247e-05  1.02323856e+00 
 7.48084011e-05  2.27519051e-01  7.48084011e-05 -3.39471560e-07  7.48084011e-05  5.23238559e-01 
 7.48343413e-05  1.75337996e-01  7.48343413e-05 -2.46302120e-07  7.48343413e-05  2.61619279e-01 
 7.48602816e-05  1.35097069e-01  7.48602816e-05 -2.68855527e-07  7.48602816e-05  0.00000000e+00 
 7.48652392e-05  1.28749452e-01  7.48652392e-05 -2.33081696e-10  7.48652392e-05  0.00000000e+00 
 7.48702660e-05  1.22472347e-01  7.48702660e-05 -2.60436167e-10  7.48702660e-05  0.00000000e+00 
 7.48746254e-05  1.17277036e-01  7.48746254e-05 -2.85633605e-10  7.48746254e-05  0.00000000e+00 
 7.48792818e-05  1.11971204e-01  7.48792818e-05 -3.14378911e-10  7.48792818e-05  0.00000000e+00 
 7.48837336e-05  1.07123187e-01  7.48837336e-05 -3.43414879e-10  7.48837336e-05  0.00000000e+00 
 7.48879716e-05  1.02703200e-01  7.48879716e-05 -3.72412724e-10  7.48879716e-05  0.00000000e+00 
 7.48919920e-05  9.86791548e-02  7.48919920e-05 -4.01368111e-10  7.48919920e-05  0.00000000e+00 
 7.48958686e-05  9.49483058e-02  7.48958686e-05 -4.30039421e-10  7.48958686e-05  0.00000000e+00 
 7.48995261e-05  9.15581623e-02  7.48995261e-05 -4.58564031e-10  7.48995261e-05  0.00000000e+00 
 7.49037010e-05  8.78355528e-02  7.49037010e-05 -4.91500695e-10  7.49037010e-05  0.00000000e+00 
 7.49085461e-05  8.37050628e-02  7.49085461e-05 -5.31968093e-10  7.49085461e-05  0.00000000e+00 
 7.49154536e-05  7.81483667e-02  7.49154536e-05 -5.90942473e-10  7.49154536e-05  0.00000000e+00 
 7.49281794e-05  6.88516618e-02  7.49281794e-05 -7.07362028e-10  7.49281794e-05  0.00000000e+00 
 7.49536310e-05  5.33898969e-02  7.49536310e-05 -9.56141697e-10  7.49536310e-05  0.00000000e+00 
 7.50032074e-05  3.22841520e-02  7.50032074e-05 -1.45628855e-09  7.50032074e-05  0.00000000e+00 
 7.50527837e-05  1.95224268e-02  7.50527837e-05 -1.88250629e-09  7.50527837e-05  0.00000000e+00 
 7.51023601e-05  1.18063076e-02  7.51023601e-05 -2.20441647e-09  7.51023601e-05  0.00000000e+00 
 7.51519364e-05  7.14009174e-03  7.51519364e-05 -2.42285817e-09  7.51519364e-05  0.00000000e+00 
 7.52015128e-05  4.31890954e-03  7.52015128e-05 -2.56752487e-09  7.52015128e-05  0.00000000e+00 
 7.52510891e-05  2.61252430e-03  7.52510891e-05 -2.65855520e-09  7.52510891e-05  0.00000000e+00 
 7.53006654e-05  1.58110955e-03  7.53006654e-05 -2.71763182e-09  7.53006654e-05  0.00000000e+00 
 7.53502418e-05  9.56986295e-04  7.53502418e-05 -2.75041718e-09  7.53502418e-05  0.00000000e+00 
 7.53998181e-05  5.80002266e-04  7.53998181e-05 -2.77431935e-09  7.53998181e-05  0.00000000e+00 
 7.54493945e-05  3.51619105e-04  7.54493945e-05 -2.78500394e-09  7.54493945e-05  0.00000000e+00 
 7.54989708e-05  2.13932527e-04  7.54989708e-05 -2.79528190e-09  7.54989708e-05  0.00000000e+00 
 7.55485472e-05  1.30259414e-04  7.55485472e-05 -2.79775667e-09  7.55485472e-05  0.00000000e+00 
 7.55981235e-05  8.00721354e-05  7.55981235e-05 -2.80296565e-09  7.55981235e-05  0.00000000e+00 
 7.56476999e-05  4.93175037e-05  7.56476999e-05 -2.80244793e-09  7.56476999e-05  0.00000000e+00 
 7.56972762e-05  3.11223407e-05  7.56972762e-05 -2.80576373e-09  7.56972762e-05  0.00000000e+00 
 7.57468526e-05  1.97215899e-05  7.57468526e-05 -2.80418183e-09  7.57468526e-05  0.00000000e+00 
 7.57964289e-05  1.32212750e-05  7.57964289e-05 -2.80677026e-09  7.57964289e-05  0.00000000e+00 
 7.58460052e-05  8.90125819e-06  7.58460052e-05 -2.80483406e-09  7.58460052e-05  0.00000000e+00 
 7.58955816e-05  6.67353468e-06  7.58955816e-05 -2.80712005e-09  7.58955816e-05  0.00000000e+00 
 7.59451579e-05  4.94663380e-06  7.59451579e-05 -2.80509168e-09  7.59451579e-05  0.00000000e+00 
 7.59947343e-05  4.27719395e-06  7.59947343e-05 -2.80722854e-09  7.59947343e-05  0.00000000e+00 
 7.60443106e-05  3.50268250e-06  7.60443106e-05 -2.80520606e-09  7.60443106e-05  0.00000000e+00 
 7.60938870e-05  3.39875952e-06  7.60938870e-05 -2.80724774e-09  7.60938870e-05  0.00000000e+00 
 7.61434633e-05  2.97691445e-06  7.61434633e-05 -2.80526910e-09  7.61434633e-05  0.00000000e+00 
 7.61930397e-05  3.07525691e-06  7.61930397e-05 -2.80723326e-09  7.61930397e-05  0.00000000e+00 
 7.62426160e-05  2.78700713e-06  7.62426160e-05 -2.80531437e-09  7.62426160e-05  0.00000000e+00 
 7.62921924e-05  2.95456316e-06  7.62921924e-05 -2.80720549e-09  7.62921924e-05  0.00000000e+00 
 7.63417687e-05  2.72002133e-06  7.63417687e-05 -2.80535410e-09  7.63417687e-05  0.00000000e+00 
 7.63913450e-05  2.90792291e-06  7.63913450e-05 -2.80717191e-09  7.63913450e-05  0.00000000e+00 
 7.64409214e-05  2.69808846e-06  7.64409214e-05 -2.80539275e-09  7.64409214e-05  0.00000000e+00 
 7.64904977e-05  2.88825885e-06  7.64904977e-05 -2.80713530e-09  7.64904977e-05  0.00000000e+00 
 7.65400741e-05  2.69273044e-06  7.65400741e-05 -2.80543188e-09  7.65400741e-05  0.00000000e+00 
 7.65896504e-05  2.87836067e-06  7.65896504e-05 -2.80709670e-09  7.65896504e-05  0.00000000e+00 
 7.66392268e-05  2.69352946e-06  7.66392268e-05 -2.80547204e-09  7.66392268e-05  0.00000000e+00 
 7.66888031e-05  2.87193960e-06  7.66888031e-05 -2.80705656e-09  7.66888031e-05  0.00000000e+00 
 7.67383795e-05  2.69667155e-06  7.67383795e-05 -2.80551338e-09  7.67383795e-05  0.00000000e+00 
 7.67879558e-05  2.86670062e-06  7.67879558e-05 -2.80701506e-09  7.67879558e-05  0.00000000e+00 
 7.68375322e-05  2.70075739e-06  7.68375322e-05 -2.80555591e-09  7.68375322e-05  0.00000000e+00 
 7.68871085e-05  2.86180925e-06  7.68871085e-05 -2.80697232e-09  7.68871085e-05  0.00000000e+00 
 7.69366848e-05  2.70527050e-06  7.69366848e-05 -2.80559960e-09  7.69366848e-05  0.00000000e+00 
 7.69862612e-05  2.85696521e-06  7.69862612e-05 -2.80692843e-09  7.69862612e-05  0.00000000e+00 
 7.70358375e-05  2.71001705e-06  7.70358375e-05 -2.80564437e-09  7.70358375e-05  0.00000000e+00 
 7.70854139e-05  2.85206371e-06  7.70854139e-05 -2.80688347e-09  7.70854139e-05  0.00000000e+00 
 7.71349902e-05  2.71492109e-06  7.71349902e-05 -2.80569016e-09  7.71349902e-05  0.00000000e+00 
 7.71845666e-05  2.84707155e-06  7.71845666e-05 -2.80683750e-09  7.71845666e-05  0.00000000e+00 
 7.72341429e-05  2.71994966e-06  7.72341429e-05 -2.80573690e-09  7.72341429e-05  0.00000000e+00 
 7.72837193e-05  2.84198180e-06  7.72837193e-05 -2.80679062e-09  7.72837193e-05  0.00000000e+00 
 7.73332956e-05  2.72508539e-06  7.73332956e-05 -2.80578450e-09  7.73332956e-05  0.00000000e+00 
 7.73828720e-05  2.83679730e-06  7.73828720e-05 -2.80674288e-09  7.73828720e-05  0.00000000e+00 
 7.74324483e-05  2.73031653e-06  7.74324483e-05 -2.80583290e-09  7.74324483e-05  0.00000000e+00 
 7.74820246e-05  2.83152450e-06  7.74820246e-05 -2.80669438e-09  7.74820246e-05  0.00000000e+00 
 7.75316010e-05  2.73563329e-06  7.75316010e-05 -2.80588201e-09  7.75316010e-05  0.00000000e+00 
 7.75811773e-05  2.82617130e-06  7.75811773e-05 -2.80664518e-09  7.75811773e-05  0.00000000e+00 
 7.76307537e-05  2.74102650e-06  7.76307537e-05 -2.80593174e-09  7.76307537e-05  0.00000000e+00 
 7.76803300e-05  2.82074618e-06  7.76803300e-05 -2.80659538e-09  7.76803300e-05  0.00000000e+00 
 7.77299064e-05  2.74648716e-06  7.77299064e-05 -2.80598202e-09  7.77299064e-05  0.00000000e+00 
 7.77794827e-05  2.81525792e-06  7.77794827e-05 -2.80654504e-09  7.77794827e-05  0.00000000e+00 
 7.78290591e-05  2.75200626e-06  7.78290591e-05 -2.80603277e-09  7.78290591e-05  0.00000000e+00 
 7.78786354e-05  2.80971547e-06  7.78786354e-05 -2.80649426e-09  7.78786354e-05  0.00000000e+00 
 7.79282118e-05  2.75757473e-06  7.79282118e-05 -2.80608389e-09  7.79282118e-05  0.00000000e+00 
 7.79777881e-05  2.80412789e-06  7.79777881e-05 -2.80644311e-09  7.79777881e-05  0.00000000e+00 
 7.80273644e-05  2.76318344e-06  7.80273644e-05 -2.80613532e-09  7.80273644e-05  0.00000000e+00 
 7.80769408e-05  2.79850432e-06  7.80769408e-05 -2.80639168e-09  7.80769408e-05  0.00000000e+00 
 7.81265171e-05  2.76882319e-06  7.81265171e-05 -2.80618695e-09  7.81265171e-05  0.00000000e+00 
 7.81760935e-05  2.79285396e-06  7.81760935e-05 -2.80634005e-09  7.81760935e-05  0.00000000e+00 
 7.82256698e-05  2.77448475e-06  7.82256698e-05 -2.80623871e-09  7.82256698e-05  0.00000000e+00 
 7.82652249e-05  2.78646727e-06  7.82652249e-05 -2.80628176e-09  7.82652249e-05  0.00000000e+00 
 7.82828425e-05  2.78602495e-06  7.82828425e-05 -2.80634400e-09  7.82828425e-05  0.00000000e+00 
 7.82992865e-05  2.76994139e-06  7.82992865e-05 -2.80613120e-09  7.82992865e-05  0.00000000e+00 
 7.83124202e-05  2.80518882e-06  7.83124202e-05 -2.80651824e-09  7.83124202e-05  0.00000000e+00 
 7.83251855e-05  2.74852857e-06  7.83251855e-05 -2.80593677e-09  7.83251855e-05  0.00000000e+00 
 7.83380069e-05  2.82651234e-06  7.83380069e-05 -2.80671110e-09  7.83380069e-05  0.00000000e+00 
 7.83512290e-05  2.72803146e-06  7.83512290e-05 -2.80575133e-09  7.83512290e-05  0.00000000e+00 
 7.83660489e-05  2.84509066e-06  7.83660489e-05 -2.80687806e-09  7.83660489e-05  0.00000000e+00 
 7.83833515e-05  2.71223925e-06  7.83833515e-05 -2.80560885e-09  7.83833515e-05  0.00000000e+00 
 7.84049065e-05  2.85782067e-06  7.84049065e-05 -2.80699169e-09  7.84049065e-05  0.00000000e+00 
 7.84338261e-05  2.70259585e-06  7.84338261e-05 -2.80552187e-09  7.84338261e-05  0.00000000e+00 
 7.84757448e-05  2.86460398e-06  7.84757448e-05 -2.80705164e-09  7.84757448e-05  0.00000000e+00 
 7.85253211e-05  2.69756905e-06  7.85253211e-05 -2.80547695e-09  7.85253211e-05  0.00000000e+00 
 7.85748975e-05  2.86913179e-06  7.85748975e-05 -2.80709258e-09  7.85748975e-05  0.00000000e+00 
 7.86244738e-05  2.69311587e-06  7.86244738e-05 -2.80543735e-09  7.86244738e-05  0.00000000e+00 
 7.86740502e-05  2.87351795e-06  7.86740502e-05 -2.80713145e-09  7.86740502e-05  0.00000000e+00 
 7.87236265e-05  2.68880557e-06  7.87236265e-05 -2.80539883e-09  7.87236265e-05  0.00000000e+00 
 7.87732028e-05  2.87775195e-06  7.87732028e-05 -2.80716890e-09  7.87732028e-05  0.00000000e+00 
 7.88227792e-05  2.68464667e-06  7.88227792e-05 -2.80536175e-09  7.88227792e-05  0.00000000e+00 
 7.88723555e-05  2.88182853e-06  7.88723555e-05 -2.80720488e-09  7.88723555e-05  0.00000000e+00 
 7.89219319e-05  2.68064700e-06  7.89219319e-05 -2.80532617e-09  7.89219319e-05  0.00000000e+00 
 7.89715082e-05  2.88574161e-06  7.89715082e-05 -2.80723934e-09  7.89715082e-05  0.00000000e+00 
 7.90210846e-05  2.67681348e-06  7.90210846e-05 -2.80529214e-09  7.90210846e-05  0.00000000e+00 
 7.90706609e-05  2.88948502e-06  7.90706609e-05 -2.80727220e-09  7.90706609e-05  0.00000000e+00 
 7.91202373e-05  2.67315252e-06  7.91202373e-05 -2.80525973e-09  7.91202373e-05  0.00000000e+00 
 7.91698136e-05  2.89305272e-06  7.91698136e-05 -2.80730343e-09  7.91698136e-05  0.00000000e+00 
 7.92193900e-05  2.66967019e-06  7.92193900e-05 -2.80522899e-09  7.92193900e-05  0.00000000e+00 
 7.92689663e-05  2.89643890e-06  7.92689663e-05 -2.80733297e-09  7.92689663e-05  0.00000000e+00 
 7.93185426e-05  2.66637221e-06  7.93185426e-05 -2.80519996e-09  7.93185426e-05  0.00000000e+00 
 7.93681190e-05  2.89963805e-06  7.93681190e-05 -2.80736078e-09  7.93681190e-05  0.00000000e+00 
 7.94176953e-05  2.66326402e-06  7.94176953e-05 -2.80517271e-09  7.94176953e-05  0.00000000e+00 
 7.94672717e-05  2.90264493e-06  7.94672717e-05 -2.80738680e-09  7.94672717e-05  0.00000000e+00 
 7.95168480e-05  2.66035070e-06  7.95168480e-05 -2.80514727e-09  7.95168480e-05  0.00000000e+00 
 7.95664244e-05  2.90545465e-06  7.95664244e-05 -2.80741100e-09  7.95664244e-05  0.00000000e+00 
 7.96160007e-05  2.65763704e-06  7.96160007e-05 -2.80512368e-09  7.96160007e-05  0.00000000e+00 
 7.96655771e-05  2.90806260e-06  7.96655771e-05 -2.80743334e-09  7.96655771e-05  0.00000000e+00 
 7.97151534e-05  2.65512751e-06  7.97151534e-05 -2.80510200e-09  7.97151534e-05  0.00000000e+00 
 7.97647298e-05  2.91046453e-06  7.97647298e-05 -2.80745379e-09  7.97647298e-05  0.00000000e+00 
 7.98143061e-05  2.65282620e-06  7.98143061e-05 -2.80508224e-09  7.98143061e-05  0.00000000e+00 
 7.98638824e-05  2.91265651e-06  7.98638824e-05 -2.80747230e-09  7.98638824e-05  0.00000000e+00 
 7.99134588e-05  2.65073692e-06  7.99134588e-05 -2.80506445e-09  7.99134588e-05  0.00000000e+00 
 7.99630351e-05  2.91463497e-06  7.99630351e-05 -2.80748885e-09  7.99630351e-05  0.00000000e+00 
 8.00126115e-05  2.64886308e-06  8.00126115e-05 -2.80504865e-09  8.00126115e-05  0.00000000e+00 
 8.00621878e-05  2.91639666e-06  8.00621878e-05 -2.80750342e-09  8.00621878e-05  0.00000000e+00 
 8.01117642e-05  2.64720776e-06  8.01117642e-05 -2.80503487e-09  8.01117642e-05  0.00000000e+00 
 8.01613405e-05  2.91793873e-06  8.01613405e-05 -2.80751598e-09  8.01613405e-05  0.00000000e+00 
 8.02109169e-05  2.64577369e-06  8.02109169e-05 -2.80502314e-09  8.02109169e-05  0.00000000e+00 
 8.02604932e-05  2.91925864e-06  8.02604932e-05 -2.80752651e-09  8.02604932e-05  0.00000000e+00 
 8.03100696e-05  2.64456321e-06  8.03100696e-05 -2.80501347e-09  8.03100696e-05  0.00000000e+00 
 8.03596459e-05  2.92035424e-06  8.03596459e-05 -2.80753499e-09  8.03596459e-05  0.00000000e+00 
 8.04092222e-05  2.64357831e-06  8.04092222e-05 -2.80500588e-09  8.04092222e-05  0.00000000e+00 
 8.04587986e-05  2.92122374e-06  8.04587986e-05 -2.80754141e-09  8.04587986e-05  0.00000000e+00 
 8.05083749e-05  2.64282062e-06  8.05083749e-05 -2.80500039e-09  8.05083749e-05  0.00000000e+00 
 8.05579513e-05  2.92186573e-06  8.05579513e-05 -2.80754576e-09  8.05579513e-05  0.00000000e+00 
 8.06075276e-05  2.64229137e-06  8.06075276e-05 -2.80499699e-09  8.06075276e-05  0.00000000e+00 
 8.06571040e-05  2.92227916e-06  8.06571040e-05 -2.80754804e-09  8.06571040e-05  0.00000000e+00 
 8.07066803e-05  2.64199144e-06  8.07066803e-05 -2.80499570e-09  8.07066803e-05  0.00000000e+00 
 8.07562567e-05  2.92246335e-06  8.07562567e-05 -2.80754823e-09  8.07562567e-05  0.00000000e+00 
 8.08058330e-05  2.64192132e-06  8.08058330e-05 -2.80499653e-09  8.08058330e-05  0.00000000e+00 
 8.08554094e-05  2.92241801e-06  8.08554094e-05 -2.80754634e-09  8.08554094e-05  0.00000000e+00 
 8.09049857e-05  2.64208113e-06  8.09049857e-05 -2.80499946e-09  8.09049857e-05  0.00000000e+00 
 8.09545620e-05  2.92214321e-06  8.09545620e-05 -2.80754238e-09  8.09545620e-05  0.00000000e+00 
 8.10041384e-05  2.64247061e-06  8.10041384e-05 -2.80500450e-09  8.10041384e-05  0.00000000e+00 
 8.10537147e-05  2.92163940e-06  8.10537147e-05 -2.80753634e-09  8.10537147e-05  0.00000000e+00 
 8.11032911e-05  2.64308911e-06  8.11032911e-05 -2.80501163e-09  8.11032911e-05  0.00000000e+00 
 8.11528674e-05  2.92090740e-06  8.11528674e-05 -2.80752825e-09  8.11528674e-05  0.00000000e+00 
 8.12024438e-05  2.64393562e-06  8.12024438e-05 -2.80502084e-09  8.12024438e-05  0.00000000e+00 
 8.12520201e-05  2.91994842e-06  8.12520201e-05 -2.80751810e-09  8.12520201e-05  0.00000000e+00 
 8.13015965e-05  2.64500876e-06  8.13015965e-05 -2.80503213e-09  8.13015965e-05  0.00000000e+00 
 8.13511728e-05  2.91876402e-06  8.13511728e-05 -2.80750593e-09  8.13511728e-05  0.00000000e+00 
 8.14007492e-05  2.64630676e-06  8.14007492e-05 -2.80504546e-09  8.14007492e-05  0.00000000e+00 
 8.14503255e-05  2.91735614e-06  8.14503255e-05 -2.80749174e-09  8.14503255e-05  0.00000000e+00 
 8.14999018e-05  2.64782749e-06  8.14999018e-05 -2.80506082e-09  8.14999018e-05  0.00000000e+00 
 8.15494782e-05  2.91572708e-06  8.15494782e-05 -2.80747556e-09  8.15494782e-05  0.00000000e+00 
 8.15990545e-05  2.64956846e-06  8.15990545e-05 -2.80507818e-09  8.15990545e-05  0.00000000e+00 
 8.16486309e-05  2.91387951e-06  8.16486309e-05 -2.80745742e-09  8.16486309e-05  0.00000000e+00 
 8.16982072e-05  2.65152681e-06  8.16982072e-05 -2.80509752e-09  8.16982072e-05  0.00000000e+00 
 8.17477836e-05  2.91181643e-06  8.17477836e-05 -2.80743734e-09  8.17477836e-05  0.00000000e+00 
 8.17973599e-05  2.65369933e-06  8.17973599e-05 -2.80511880e-09  8.17973599e-05  0.00000000e+00 
 8.18469363e-05  2.90954124e-06  8.18469363e-05 -2.80741536e-09  8.18469363e-05  0.00000000e+00 
 8.18965126e-05  2.65608244e-06  8.18965126e-05 -2.80514198e-09  8.18965126e-05  0.00000000e+00 
 8.19460890e-05  2.90705764e-06  8.19460890e-05 -2.80739151e-09  8.19460890e-05  0.00000000e+00 
 8.19956653e-05  2.65867225e-06  8.19956653e-05 -2.80516703e-09  8.19956653e-05  0.00000000e+00 
 8.20452416e-05  2.90436969e-06  8.20452416e-05 -2.80736584e-09  8.20452416e-05  0.00000000e+00 
 8.20948180e-05  2.66146449e-06  8.20948180e-05 -2.80519390e-09  8.20948180e-05  0.00000000e+00 
 8.21443943e-05  2.90148180e-06  8.21443943e-05 -2.80733838e-09  8.21443943e-05  0.00000000e+00 
 8.21939707e-05  2.66445459e-06  8.21939707e-05 -2.80522255e-09  8.21939707e-05  0.00000000e+00 
 8.22435470e-05  2.89839867e-06  8.22435470e-05 -2.80730918e-09  8.22435470e-05  0.00000000e+00 
 8.22931234e-05  2.66763763e-06  8.22931234e-05 -2.80525294e-09  8.22931234e-05  0.00000000e+00 
 8.23426997e-05  2.89512535e-06  8.23426997e-05 -2.80727828e-09  8.23426997e-05  0.00000000e+00 
 8.23922761e-05  2.67100840e-06  8.23922761e-05 -2.80528500e-09  8.23922761e-05  0.00000000e+00 
 8.24418524e-05  2.89166719e-06  8.24418524e-05 -2.80724573e-09  8.24418524e-05  0.00000000e+00 
 8.24914288e-05  2.67456137e-06  8.24914288e-05 -2.80531870e-09  8.24914288e-05  0.00000000e+00 
 8.25410051e-05  2.88802984e-06  8.25410051e-05 -2.80721160e-09  8.25410051e-05  0.00000000e+00 
 8.25905814e-05  2.67829070e-06  8.25905814e-05 -2.80535397e-09  8.25905814e-05  0.00000000e+00 
 8.26401578e-05  2.88421925e-06  8.26401578e-05 -2.80717592e-09  8.26401578e-05  0.00000000e+00 
 8.26897341e-05  2.68219027e-06  8.26897341e-05 -2.80539075e-09  8.26897341e-05  0.00000000e+00 
 8.27393105e-05  2.88024165e-06  8.27393105e-05 -2.80713876e-09  8.27393105e-05  0.00000000e+00 
 8.27888868e-05  2.68625369e-06  8.27888868e-05 -2.80542899e-09  8.27888868e-05  0.00000000e+00 
 8.28384632e-05  2.87610354e-06  8.28384632e-05 -2.80710018e-09  8.28384632e-05  0.00000000e+00 
 8.28880395e-05  2.69047429e-06  8.28880395e-05 -2.80546861e-09  8.28880395e-05  0.00000000e+00 
 8.29376159e-05  2.87181169e-06  8.29376159e-05 -2.80706025e-09  8.29376159e-05  0.00000000e+00 
 8.29871922e-05  2.69484514e-06  8.29871922e-05 -2.80550956e-09  8.29871922e-05  0.00000000e+00 
 8.30367686e-05  2.86737311e-06  8.30367686e-05 -2.80701901e-09  8.30367686e-05  0.00000000e+00 
 8.30863449e-05  2.69935907e-06  8.30863449e-05 -2.80555176e-09  8.30863449e-05  0.00000000e+00 
 8.31359212e-05  2.86279507e-06  8.31359212e-05 -2.80697656e-09  8.31359212e-05  0.00000000e+00 
 8.31854976e-05  2.70400869e-06  8.31854976e-05 -2.80559515e-09  8.31854976e-05  0.00000000e+00 
 8.32350739e-05  2.85808504e-06  8.32350739e-05 -2.80693294e-09  8.32350739e-05  0.00000000e+00 
 8.32846503e-05  2.70878636e-06  8.32846503e-05 -2.80563965e-09  8.32846503e-05  0.00000000e+00 
 8.33342266e-05  2.85325074e-06  8.33342266e-05 -2.80688823e-09  8.33342266e-05  0.00000000e+00 
 8.33838030e-05  2.71368425e-06  8.33838030e-05 -2.80568520e-09  8.33838030e-05  0.00000000e+00 
 8.34333793e-05  2.84830007e-06  8.34333793e-05 -2.80684251e-09  8.34333793e-05  0.00000000e+00 
 8.34829557e-05  2.71869432e-06  8.34829557e-05 -2.80573171e-09  8.34829557e-05  0.00000000e+00 
 8.35325320e-05  2.84324112e-06  8.35325320e-05 -2.80679585e-09  8.35325320e-05  0.00000000e+00 
 8.35821083e-05  2.72380836e-06  8.35821083e-05 -2.80577910e-09  8.35821083e-05  0.00000000e+00 
 8.36316847e-05  2.83808217e-06  8.36316847e-05 -2.80674832e-09  8.36316847e-05  0.00000000e+00 
 8.36812610e-05  2.72901798e-06  8.36812610e-05 -2.80582731e-09  8.36812610e-05  0.00000000e+00 
 8.37308374e-05  2.83283167e-06  8.37308374e-05 -2.80670000e-09  8.37308374e-05  0.00000000e+00 
 8.37804137e-05  2.73431465e-06  8.37804137e-05 -2.80587624e-09  8.37804137e-05  0.00000000e+00 
 8.38299901e-05  2.82749819e-06  8.38299901e-05 -2.80665097e-09  8.38299901e-05  0.00000000e+00 
 8.38795664e-05  2.73968967e-06  8.38795664e-05 -2.80592582e-09  8.38795664e-05  0.00000000e+00 
 8.39291428e-05  2.82209048e-06  8.39291428e-05 -2.80660131e-09  8.39291428e-05  0.00000000e+00 
 8.39787191e-05  2.74513424e-06  8.39787191e-05 -2.80597597e-09  8.39787191e-05  0.00000000e+00 
 8.40282955e-05  2.81661737e-06  8.40282955e-05 -2.80655110e-09  8.40282955e-05  0.00000000e+00 
 8.40778718e-05  2.75063943e-06  8.40778718e-05 -2.80602661e-09  8.40778718e-05  0.00000000e+00 
 8.41274481e-05  2.81108782e-06  8.41274481e-05 -2.80650043e-09  8.41274481e-05  0.00000000e+00 
 8.41770245e-05  2.75619622e-06  8.41770245e-05 -2.80607765e-09  8.41770245e-05  0.00000000e+00 
 8.42266008e-05  2.80551089e-06  8.42266008e-05 -2.80644936e-09  8.42266008e-05  0.00000000e+00 
 8.42761772e-05  2.76179551e-06  8.42761772e-05 -2.80612900e-09  8.42761772e-05  0.00000000e+00 
 8.43257535e-05  2.79989570e-06  8.43257535e-05 -2.80639800e-09  8.43257535e-05  0.00000000e+00 
 8.43753299e-05  2.76742811e-06  8.43753299e-05 -2.80618059e-09  8.43753299e-05  0.00000000e+00 
 8.44249062e-05  2.79425144e-06  8.44249062e-05 -2.80634641e-09  8.44249062e-05  0.00000000e+00 
 8.44744826e-05  2.77308479e-06  8.44744826e-05 -2.80623232e-09  8.44744826e-05  0.00000000e+00 
 8.45184347e-05  2.78822448e-06  8.45184347e-05 -2.80629139e-09  8.45184347e-05  0.00000000e+00 
 8.45446197e-05  2.78165432e-06  8.45446197e-05 -2.80631056e-09  8.45446197e-05  0.00000000e+00 
 8.45606096e-05  2.77405891e-06  8.45606096e-05 -2.80616226e-09  8.45606096e-05  0.00000000e+00 
 8.45745089e-05  2.80052143e-06  8.45745089e-05 -2.80648228e-09  8.45745089e-05  0.00000000e+00 
 8.45879763e-05  2.75368971e-06  8.45879763e-05 -2.80597716e-09  8.45879763e-05  0.00000000e+00 
 8.46003506e-05  2.82183898e-06  8.46003506e-05 -2.80667534e-09  8.46003506e-05  0.00000000e+00 
 8.46133865e-05  2.73244072e-06  8.46133865e-05 -2.80578475e-09  8.46133865e-05  0.00000000e+00 
 8.46274319e-05  2.84128722e-06  8.46274319e-05 -2.80685039e-09  8.46274319e-05  0.00000000e+00 
 8.46433482e-05  2.71531130e-06  8.46433482e-05 -2.80563014e-09  8.46433482e-05  0.00000000e+00 
 8.46627645e-05  2.85545005e-06  8.46627645e-05 -2.80697699e-09  8.46627645e-05  0.00000000e+00 
 8.46878197e-05  2.70429411e-06  8.46878197e-05 -2.80553081e-09  8.46878197e-05  0.00000000e+00 
 8.47228261e-05  2.86347919e-06  8.47228261e-05 -2.80704817e-09  8.47228261e-05  0.00000000e+00 
 8.47724024e-05  2.69867906e-06  8.47724024e-05 -2.80548010e-09  8.47724024e-05  0.00000000e+00 
 8.48219788e-05  2.86803739e-06  8.48219788e-05 -2.80708928e-09  8.48219788e-05  0.00000000e+00 
 8.48715551e-05  2.69419169e-06  8.48715551e-05 -2.80544058e-09  8.48715551e-05  0.00000000e+00 
 8.49211315e-05  2.87245952e-06  8.49211315e-05 -2.80712847e-09  8.49211315e-05  0.00000000e+00 
 8.49707078e-05  2.68984607e-06  8.49707078e-05 -2.80540172e-09  8.49707078e-05  0.00000000e+00 
 8.50202842e-05  2.87673065e-06  8.50202842e-05 -2.80716628e-09  8.50202842e-05  0.00000000e+00 
 8.50698605e-05  2.68564979e-06  8.50698605e-05 -2.80536428e-09  8.50698605e-05  0.00000000e+00 
 8.51194369e-05  2.88084579e-06  8.51194369e-05 -2.80720262e-09  8.51194369e-05  0.00000000e+00 
 8.51690132e-05  2.68161096e-06  8.51690132e-05 -2.80532833e-09  8.51690132e-05  0.00000000e+00 
 8.52185895e-05  2.88479896e-06  8.52185895e-05 -2.80723745e-09  8.52185895e-05  0.00000000e+00 
 8.52681659e-05  2.67773664e-06  8.52681659e-05 -2.80529392e-09  8.52681659e-05  0.00000000e+00 
 8.53177422e-05  2.88858398e-06  8.53177422e-05 -2.80727070e-09  8.53177422e-05  0.00000000e+00 
 8.53673186e-05  2.67403336e-06  8.53673186e-05 -2.80526112e-09  8.53673186e-05  0.00000000e+00 
 8.54168949e-05  2.89219474e-06  8.54168949e-05 -2.80730233e-09  8.54168949e-05  0.00000000e+00 
 8.54664713e-05  2.67050725e-06  8.54664713e-05 -2.80522997e-09  8.54664713e-05  0.00000000e+00 
 8.55160476e-05  2.89562539e-06  8.55160476e-05 -2.80733229e-09  8.55160476e-05  0.00000000e+00 
 8.55656240e-05  2.66716413e-06  8.55656240e-05 -2.80520052e-09  8.55656240e-05  0.00000000e+00 
 8.56152003e-05  2.89887032e-06  8.56152003e-05 -2.80736052e-09  8.56152003e-05  0.00000000e+00 
 8.56647767e-05  2.66400947e-06  8.56647767e-05 -2.80517283e-09  8.56647767e-05  0.00000000e+00 
 8.57143530e-05  2.90192426e-06  8.57143530e-05 -2.80738698e-09  8.57143530e-05  0.00000000e+00 
 8.57639293e-05  2.66104848e-06  8.57639293e-05 -2.80514695e-09  8.57639293e-05  0.00000000e+00 
 8.58135057e-05  2.90478219e-06  8.58135057e-05 -2.80741162e-09  8.58135057e-05  0.00000000e+00 
 8.58630820e-05  2.65828600e-06  8.58630820e-05 -2.80512291e-09  8.58630820e-05  0.00000000e+00 
 8.59126584e-05  2.90743947e-06  8.59126584e-05 -2.80743442e-09  8.59126584e-05  0.00000000e+00 
 8.59622347e-05  2.65572658e-06  8.59622347e-05 -2.80510076e-09  8.59622347e-05  0.00000000e+00 
 8.60118111e-05  2.90989174e-06  8.60118111e-05 -2.80745533e-09  8.60118111e-05  0.00000000e+00 
 8.60613874e-05  2.65337440e-06  8.60613874e-05 -2.80508053e-09  8.60613874e-05  0.00000000e+00 
 8.61109638e-05  2.91213499e-06  8.61109638e-05 -2.80747431e-09  8.61109638e-05  0.00000000e+00 
 8.61605401e-05  2.65123335e-06  8.61605401e-05 -2.80506226e-09  8.61605401e-05  0.00000000e+00 
 8.62101165e-05  2.91416558e-06  8.62101165e-05 -2.80749134e-09  8.62101165e-05  0.00000000e+00 
 8.62596928e-05  2.64930692e-06  8.62596928e-05 -2.80504597e-09  8.62596928e-05  0.00000000e+00 
 8.63092691e-05  2.91598017e-06  8.63092691e-05 -2.80750639e-09  8.63092691e-05  0.00000000e+00 
 8.63588455e-05  2.64759829e-06  8.63588455e-05 -2.80503170e-09  8.63588455e-05  0.00000000e+00 
 8.64084218e-05  2.91757580e-06  8.64084218e-05 -2.80751944e-09  8.64084218e-05  0.00000000e+00 
 8.64579982e-05  2.64611026e-06  8.64579982e-05 -2.80501947e-09  8.64579982e-05  0.00000000e+00 
 8.65075745e-05  2.91894988e-06  8.65075745e-05 -2.80753046e-09  8.65075745e-05  0.00000000e+00 
 8.65571509e-05  2.64484527e-06  8.65571509e-05 -2.80500930e-09  8.65571509e-05  0.00000000e+00 
 8.66067272e-05  2.92010015e-06  8.66067272e-05 -2.80753944e-09  8.66067272e-05  0.00000000e+00 
 8.66563036e-05  2.64380540e-06  8.66563036e-05 -2.80500121e-09  8.66563036e-05  0.00000000e+00 
 8.67058799e-05  2.92102474e-06  8.67058799e-05 -2.80754637e-09  8.67058799e-05  0.00000000e+00 
 8.67554563e-05  2.64299236e-06  8.67554563e-05 -2.80499520e-09  8.67554563e-05  0.00000000e+00 
 8.68050326e-05  2.92172214e-06  8.68050326e-05 -2.80755122e-09  8.68050326e-05  0.00000000e+00 
 8.68546089e-05  2.64240749e-06  8.68546089e-05 -2.80499129e-09  8.68546089e-05  0.00000000e+00 
 8.69041853e-05  2.92219121e-06  8.69041853e-05 -2.80755400e-09  8.69041853e-05  0.00000000e+00 
 8.69537616e-05  2.64205174e-06  8.69537616e-05 -2.80498950e-09  8.69537616e-05  0.00000000e+00 
 8.70033380e-05  2.92243119e-06  8.70033380e-05 -2.80755470e-09  8.70033380e-05  0.00000000e+00 
 8.70529143e-05  2.64192571e-06  8.70529143e-05 -2.80498981e-09  8.70529143e-05  0.00000000e+00 
 8.71024907e-05  2.92244169e-06  8.71024907e-05 -2.80755332e-09  8.71024907e-05  0.00000000e+00 
 8.71520670e-05  2.64202959e-06  8.71520670e-05 -2.80499223e-09  8.71520670e-05  0.00000000e+00 
 8.72016434e-05  2.92222269e-06  8.72016434e-05 -2.80754986e-09  8.72016434e-05  0.00000000e+00 
 8.72512197e-05  2.64236322e-06  8.72512197e-05 -2.80499675e-09  8.72512197e-05  0.00000000e+00 
 8.73007961e-05  2.92177455e-06  8.73007961e-05 -2.80754433e-09  8.73007961e-05  0.00000000e+00 
 8.73503724e-05  2.64292606e-06  8.73503724e-05 -2.80500337e-09  8.73503724e-05  0.00000000e+00 
 8.73999487e-05  2.92109800e-06  8.73999487e-05 -2.80753674e-09  8.73999487e-05  0.00000000e+00 
 8.74495251e-05  2.64371718e-06  8.74495251e-05 -2.80501208e-09  8.74495251e-05  0.00000000e+00 
 8.74991014e-05  2.92019416e-06  8.74991014e-05 -2.80752709e-09  8.74991014e-05  0.00000000e+00 
 8.75486778e-05  2.64473528e-06  8.75486778e-05 -2.80502286e-09  8.75486778e-05  0.00000000e+00 
 8.75982541e-05  2.91906450e-06  8.75982541e-05 -2.80751541e-09  8.75982541e-05  0.00000000e+00 
 8.76478305e-05  2.64597869e-06  8.76478305e-05 -2.80503570e-09  8.76478305e-05  0.00000000e+00 
 8.76974068e-05  2.91771086e-06  8.76974068e-05 -2.80750170e-09  8.76974068e-05  0.00000000e+00 
 8.77469832e-05  2.64744537e-06  8.77469832e-05 -2.80505057e-09  8.77469832e-05  0.00000000e+00 
 8.77965595e-05  2.91613547e-06  8.77965595e-05 -2.80748601e-09  8.77965595e-05  0.00000000e+00 
 8.78461358e-05  2.64913291e-06  8.78461358e-05 -2.80506745e-09  8.78461358e-05  0.00000000e+00 
 8.78957122e-05  2.91434089e-06  8.78957122e-05 -2.80746834e-09  8.78957122e-05  0.00000000e+00 
 8.79452885e-05  2.65103855e-06  8.79452885e-05 -2.80508630e-09  8.79452885e-05  0.00000000e+00 
 8.79948649e-05  2.91233006e-06  8.79948649e-05 -2.80744873e-09  8.79948649e-05  0.00000000e+00 
 8.80444412e-05  2.65315916e-06  8.80444412e-05 -2.80510711e-09  8.80444412e-05  0.00000000e+00 
 8.80940176e-05  2.91010627e-06  8.80940176e-05 -2.80742722e-09  8.80940176e-05  0.00000000e+00 
 8.81435939e-05  2.65549125e-06  8.81435939e-05 -2.80512983e-09  8.81435939e-05  0.00000000e+00 
 8.81931703e-05  2.90767315e-06  8.81931703e-05 -2.80740382e-09  8.81931703e-05  0.00000000e+00 
 8.82427466e-05  2.65803101e-06  8.82427466e-05 -2.80515443e-09  8.82427466e-05  0.00000000e+00 
 8.82923230e-05  2.90503468e-06  8.82923230e-05 -2.80737859e-09  8.82923230e-05  0.00000000e+00 
 8.83418993e-05  2.66077425e-06  8.83418993e-05 -2.80518086e-09  8.83418993e-05  0.00000000e+00 
 8.83914756e-05  2.90219516e-06  8.83914756e-05 -2.80735156e-09  8.83914756e-05  0.00000000e+00 
 8.84410520e-05  2.66371648e-06  8.84410520e-05 -2.80520908e-09  8.84410520e-05  0.00000000e+00 
 8.84906283e-05  2.89915926e-06  8.84906283e-05 -2.80732278e-09  8.84906283e-05  0.00000000e+00 
 8.85402047e-05  2.66685287e-06  8.85402047e-05 -2.80523905e-09  8.85402047e-05  0.00000000e+00 
 8.85897810e-05  2.89593191e-06  8.85897810e-05 -2.80729229e-09  8.85897810e-05  0.00000000e+00 
 8.86393574e-05  2.67017828e-06  8.86393574e-05 -2.80527071e-09  8.86393574e-05  0.00000000e+00 
 8.86889337e-05  2.89251841e-06  8.86889337e-05 -2.80726015e-09  8.86889337e-05  0.00000000e+00 
 8.87385101e-05  2.67368724e-06  8.87385101e-05 -2.80530401e-09  8.87385101e-05  0.00000000e+00 
 8.87880864e-05  2.88892433e-06  8.87880864e-05 -2.80722639e-09  8.87880864e-05  0.00000000e+00 
 8.88376628e-05  2.67737400e-06  8.88376628e-05 -2.80533890e-09  8.88376628e-05  0.00000000e+00 
 8.88872391e-05  2.88515555e-06  8.88872391e-05 -2.80719109e-09  8.88872391e-05  0.00000000e+00 
 8.89368154e-05  2.68123251e-06  8.89368154e-05 -2.80537532e-09  8.89368154e-05  0.00000000e+00 
 8.89863918e-05  2.88121822e-06  8.89863918e-05 -2.80715429e-09  8.89863918e-05  0.00000000e+00 
 8.90359681e-05  2.68525643e-06  8.90359681e-05 -2.80541320e-09  8.90359681e-05  0.00000000e+00 
 8.90855445e-05  2.87711879e-06  8.90855445e-05 -2.80711605e-09  8.90855445e-05  0.00000000e+00 
 8.91351208e-05  2.68943917e-06  8.91351208e-05 -2.80545249e-09  8.91351208e-05  0.00000000e+00 
 8.91846972e-05  2.87286396e-06  8.91846972e-05 -2.80707644e-09  8.91846972e-05  0.00000000e+00 
 8.92342735e-05  2.69377386e-06  8.92342735e-05 -2.80549312e-09  8.92342735e-05  0.00000000e+00 
 8.92838499e-05  2.86846068e-06  8.92838499e-05 -2.80703552e-09  8.92838499e-05  0.00000000e+00 
 8.93334262e-05  2.69825339e-06  8.93334262e-05 -2.80553502e-09  8.93334262e-05  0.00000000e+00 
 8.93830026e-05  2.86391615e-06  8.93830026e-05 -2.80699336e-09  8.93830026e-05  0.00000000e+00 
 8.94325789e-05  2.70287042e-06  8.94325789e-05 -2.80557813e-09  8.94325789e-05  0.00000000e+00 
 8.94821552e-05  2.85923781e-06  8.94821552e-05 -2.80695002e-09  8.94821552e-05  0.00000000e+00 
 8.95317316e-05  2.70761737e-06  8.95317316e-05 -2.80562236e-09  8.95317316e-05  0.00000000e+00 
 8.95813079e-05  2.85443331e-06  8.95813079e-05 -2.80690557e-09  8.95813079e-05  0.00000000e+00 
 8.96308843e-05  2.71248645e-06  8.96308843e-05 -2.80566766e-09  8.96308843e-05  0.00000000e+00 
 8.96804606e-05  2.84951050e-06  8.96804606e-05 -2.80686009e-09  8.96804606e-05  0.00000000e+00 
 8.97300370e-05  2.71746968e-06  8.97300370e-05 -2.80571394e-09  8.97300370e-05  0.00000000e+00 
 8.97796133e-05  2.84447744e-06  8.97796133e-05 -2.80681365e-09  8.97796133e-05  0.00000000e+00 
 8.98291897e-05  2.72255889e-06  8.98291897e-05 -2.80576112e-09  8.98291897e-05  0.00000000e+00 
 8.98787660e-05  2.83934236e-06  8.98787660e-05 -2.80676633e-09  8.98787660e-05  0.00000000e+00 
 8.99283424e-05  2.72774573e-06  8.99283424e-05 -2.80580913e-09  8.99283424e-05  0.00000000e+00 
 8.99779187e-05  2.83411365e-06  8.99779187e-05 -2.80671820e-09  8.99779187e-05  0.00000000e+00 
 9.00274950e-05  2.73302170e-06  9.00274950e-05 -2.80585789e-09  9.00274950e-05  0.00000000e+00 
 9.00770714e-05  2.82879989e-06  9.00770714e-05 -2.80666934e-09  9.00770714e-05  0.00000000e+00 
 9.01266477e-05  2.73837814e-06  9.01266477e-05 -2.80590732e-09  9.01266477e-05  0.00000000e+00 
 9.01762241e-05  2.82340974e-06  9.01762241e-05 -2.80661983e-09  9.01762241e-05  0.00000000e+00 
 9.02258004e-05  2.74380628e-06  9.02258004e-05 -2.80595734e-09  9.02258004e-05  0.00000000e+00 
 9.02753768e-05  2.81795205e-06  9.02753768e-05 -2.80656975e-09  9.02753768e-05  0.00000000e+00 
 9.03249531e-05  2.74929722e-06  9.03249531e-05 -2.80600786e-09  9.03249531e-05  0.00000000e+00 
 9.03745295e-05  2.81243574e-06  9.03745295e-05 -2.80651918e-09  9.03745295e-05  0.00000000e+00 
 9.04241058e-05  2.75484196e-06  9.04241058e-05 -2.80605881e-09  9.04241058e-05  0.00000000e+00 
 9.04736822e-05  2.80686983e-06  9.04736822e-05 -2.80646821e-09  9.04736822e-05  0.00000000e+00 
 9.05232585e-05  2.76043141e-06  9.05232585e-05 -2.80611009e-09  9.05232585e-05  0.00000000e+00 
 9.05728348e-05  2.80126344e-06  9.05728348e-05 -2.80641691e-09  9.05728348e-05  0.00000000e+00 
 9.06224112e-05  2.76605642e-06  9.06224112e-05 -2.80616162e-09  9.06224112e-05  0.00000000e+00 
 9.06719875e-05  2.79562575e-06  9.06719875e-05 -2.80636538e-09  9.06719875e-05  0.00000000e+00 
 9.07215639e-05  2.77170776e-06  9.07215639e-05 -2.80621333e-09  9.07215639e-05  0.00000000e+00 
 9.07711402e-05  2.78996597e-06  9.07711402e-05 -2.80631369e-09  9.07711402e-05  0.00000000e+00 
 9.08105046e-05  2.77811203e-06  9.08105046e-05 -2.80627183e-09  9.08105046e-05  0.00000000e+00 
 9.08277843e-05  2.77825444e-06  9.08277843e-05 -2.80620688e-09  9.08277843e-05  0.00000000e+00 
 9.08444742e-05  2.79466599e-06  9.08444742e-05 -2.80642266e-09  9.08444742e-05  0.00000000e+00 
 9.08576562e-05  2.75925888e-06  9.08576562e-05 -2.80603412e-09  9.08576562e-05  0.00000000e+00 
 9.08704878e-05  2.81597956e-06  9.08704878e-05 -2.80661597e-09  9.08704878e-05  0.00000000e+00 
 9.08834498e-05  2.73810445e-06  9.08834498e-05 -2.80584238e-09  9.08834498e-05  0.00000000e+00 
 9.08967823e-05  2.83627744e-06  9.08967823e-05 -2.80679901e-09  9.08967823e-05  0.00000000e+00 
 9.09117676e-05  2.71968483e-06  9.09117676e-05 -2.80567597e-09  9.09117676e-05  0.00000000e+00 
 9.09292850e-05  2.85188695e-06  9.09292850e-05 -2.80693883e-09  9.09292850e-05  0.00000000e+00 
 9.09511226e-05  2.70707678e-06  9.09511226e-05 -2.80556230e-09  9.09511226e-05  0.00000000e+00 
 9.09804751e-05  2.86139583e-06  9.09804751e-05 -2.80702334e-09  9.09804751e-05  0.00000000e+00 
 9.10230760e-05  2.70035943e-06  9.10230760e-05 -2.80550156e-09  9.10230760e-05  0.00000000e+00 
 9.10726523e-05  2.86638302e-06  9.10726523e-05 -2.80706790e-09  9.10726523e-05  0.00000000e+00 
 9.11222287e-05  2.69581956e-06  9.11222287e-05 -2.80546156e-09  9.11222287e-05  0.00000000e+00 
 9.11718050e-05  2.87085740e-06  9.11718050e-05 -2.80710787e-09  9.11718050e-05  0.00000000e+00 
 9.12213814e-05  2.69142161e-06  9.12213814e-05 -2.80542220e-09  9.12213814e-05  0.00000000e+00 
 9.12709577e-05  2.87518358e-06  9.12709577e-05 -2.80714618e-09  9.12709577e-05  0.00000000e+00 
 9.13205341e-05  2.68716987e-06  9.13205341e-05 -2.80538424e-09  9.13205341e-05  0.00000000e+00 
 9.13701104e-05  2.87935598e-06  9.13701104e-05 -2.80718306e-09  9.13701104e-05  0.00000000e+00 
 9.14196868e-05  2.68307287e-06  9.14196868e-05 -2.80534774e-09  9.14196868e-05  0.00000000e+00 
 9.14692631e-05  2.88336872e-06  9.14692631e-05 -2.80721845e-09  9.14692631e-05  0.00000000e+00 
 9.15188394e-05  2.67913793e-06  9.15188394e-05 -2.80531277e-09  9.15188394e-05  0.00000000e+00 
 9.15684158e-05  2.88721560e-06  9.15684158e-05 -2.80725228e-09  9.15684158e-05  0.00000000e+00 
 9.16179921e-05  2.67537169e-06  9.16179921e-05 -2.80527937e-09  9.16179921e-05  0.00000000e+00 
 9.16675685e-05  2.89089044e-06  9.16675685e-05 -2.80728451e-09  9.16675685e-05  0.00000000e+00 
 9.17171448e-05  2.67178042e-06  9.17171448e-05 -2.80524761e-09  9.17171448e-05  0.00000000e+00 
 9.17667212e-05  2.89438730e-06  9.17667212e-05 -2.80731508e-09  9.17667212e-05  0.00000000e+00 
 9.18162975e-05  2.66837004e-06  9.18162975e-05 -2.80521754e-09  9.18162975e-05  0.00000000e+00 
 9.18658739e-05  2.89770047e-06  9.18658739e-05 -2.80734394e-09  9.18658739e-05  0.00000000e+00 
 9.19154502e-05  2.66514615e-06  9.19154502e-05 -2.80518921e-09  9.19154502e-05  0.00000000e+00 
 9.19650266e-05  2.90082455e-06  9.19650266e-05 -2.80737105e-09  9.19650266e-05  0.00000000e+00 
 9.20146029e-05  2.66211406e-06  9.20146029e-05 -2.80516266e-09  9.20146029e-05  0.00000000e+00 
 9.20641792e-05  2.90375443e-06  9.20641792e-05 -2.80739637e-09  9.20641792e-05  0.00000000e+00 
 9.21137556e-05  2.65927873e-06  9.21137556e-05 -2.80513795e-09  9.21137556e-05  0.00000000e+00 
 9.21633319e-05  2.90648532e-06  9.21633319e-05 -2.80741984e-09  9.21633319e-05  0.00000000e+00 
 9.22129083e-05  2.65664482e-06  9.22129083e-05 -2.80511510e-09  9.22129083e-05  0.00000000e+00 
 9.22624846e-05  2.90901276e-06  9.22624846e-05 -2.80744144e-09  9.22624846e-05  0.00000000e+00 
 9.23120610e-05  2.65421666e-06  9.23120610e-05 -2.80509417e-09  9.23120610e-05  0.00000000e+00 
 9.23616373e-05  2.91133263e-06  9.23616373e-05 -2.80746113e-09  9.23616373e-05  0.00000000e+00 
 9.24112137e-05  2.65199824e-06  9.24112137e-05 -2.80507518e-09  9.24112137e-05  0.00000000e+00 
 9.24607900e-05  2.91344114e-06  9.24607900e-05 -2.80747887e-09  9.24607900e-05  0.00000000e+00 
 9.25103664e-05  2.64999318e-06  9.25103664e-05 -2.80505817e-09  9.25103664e-05  0.00000000e+00 
 9.25599427e-05  2.91533484e-06  9.25599427e-05 -2.80749465e-09  9.25599427e-05  0.00000000e+00 
 9.26095190e-05  2.64820480e-06  9.26095190e-05 -2.80504316e-09  9.26095190e-05  0.00000000e+00 
 9.26590954e-05  2.91701064e-06  9.26590954e-05 -2.80750843e-09  9.26590954e-05  0.00000000e+00 
 9.27086717e-05  2.64663602e-06  9.27086717e-05 -2.80503018e-09  9.27086717e-05  0.00000000e+00 
 9.27582481e-05  2.91846580e-06  9.27582481e-05 -2.80752019e-09  9.27582481e-05  0.00000000e+00 
 9.28078244e-05  2.64528942e-06  9.28078244e-05 -2.80501926e-09  9.28078244e-05  0.00000000e+00 
 9.28574008e-05  2.91969794e-06  9.28574008e-05 -2.80752992e-09  9.28574008e-05  0.00000000e+00 
 9.29069771e-05  2.64416721e-06  9.29069771e-05 -2.80501040e-09  9.29069771e-05  0.00000000e+00 
 9.29565535e-05  2.92070506e-06  9.29565535e-05 -2.80753760e-09  9.29565535e-05  0.00000000e+00 
 9.30061298e-05  2.64327123e-06  9.30061298e-05 -2.80500363e-09  9.30061298e-05  0.00000000e+00 
 9.30557062e-05  2.92148551e-06  9.30557062e-05 -2.80754321e-09  9.30557062e-05  0.00000000e+00 
 9.31052825e-05  2.64260296e-06  9.31052825e-05 -2.80499896e-09  9.31052825e-05  0.00000000e+00 
 9.31548588e-05  2.92203802e-06  9.31548588e-05 -2.80754675e-09  9.31548588e-05  0.00000000e+00 
 9.32044352e-05  2.64216350e-06  9.32044352e-05 -2.80499639e-09  9.32044352e-05  0.00000000e+00 
 9.32540115e-05  2.92236169e-06  9.32540115e-05 -2.80754821e-09  9.32540115e-05  0.00000000e+00 
 9.33035879e-05  2.64195357e-06  9.33035879e-05 -2.80499593e-09  9.33035879e-05  0.00000000e+00 
 9.33531642e-05  2.92245599e-06  9.33531642e-05 -2.80754759e-09  9.33531642e-05  0.00000000e+00 
 9.34027406e-05  2.64197350e-06  9.34027406e-05 -2.80499758e-09  9.34027406e-05  0.00000000e+00 
 9.34523169e-05  2.92232076e-06  9.34523169e-05 -2.80754488e-09  9.34523169e-05  0.00000000e+00 
 9.35018933e-05  2.64222328e-06  9.35018933e-05 -2.80500134e-09  9.35018933e-05  0.00000000e+00 
 9.35514696e-05  2.92195624e-06  9.35514696e-05 -2.80754011e-09  9.35514696e-05  0.00000000e+00 
 9.36010460e-05  2.64270250e-06  9.36010460e-05 -2.80500720e-09  9.36010460e-05  0.00000000e+00 
 9.36506223e-05  2.92136301e-06  9.36506223e-05 -2.80753327e-09  9.36506223e-05  0.00000000e+00 
 9.37001986e-05  2.64341036e-06  9.37001986e-05 -2.80501514e-09  9.37001986e-05  0.00000000e+00 
 9.37497750e-05  2.92054206e-06  9.37497750e-05 -2.80752437e-09  9.37497750e-05  0.00000000e+00 
 9.37993513e-05  2.64434570e-06  9.37993513e-05 -2.80502517e-09  9.37993513e-05  0.00000000e+00 
 9.38489277e-05  2.91949471e-06  9.38489277e-05 -2.80751343e-09  9.38489277e-05  0.00000000e+00 
 9.38985040e-05  2.64550699e-06  9.38985040e-05 -2.80503726e-09  9.38985040e-05  0.00000000e+00 
 9.39480804e-05  2.91822269e-06  9.39480804e-05 -2.80750046e-09  9.39480804e-05  0.00000000e+00 
 9.39976567e-05  2.64689234e-06  9.39976567e-05 -2.80505139e-09  9.39976567e-05  0.00000000e+00 
 9.40472331e-05  2.91672807e-06  9.40472331e-05 -2.80748549e-09  9.40472331e-05  0.00000000e+00 
 9.40968094e-05  2.64849945e-06  9.40968094e-05 -2.80506753e-09  9.40968094e-05  0.00000000e+00 
 9.41463858e-05  2.91501329e-06  9.41463858e-05 -2.80746854e-09  9.41463858e-05  0.00000000e+00 
 9.41959621e-05  2.65032569e-06  9.41959621e-05 -2.80508567e-09  9.41959621e-05  0.00000000e+00 
 9.42455384e-05  2.91308117e-06  9.42455384e-05 -2.80744964e-09  9.42455384e-05  0.00000000e+00 
 9.42951148e-05  2.65236808e-06  9.42951148e-05 -2.80510577e-09  9.42951148e-05  0.00000000e+00 
 9.43446911e-05  2.91093486e-06  9.43446911e-05 -2.80742882e-09  9.43446911e-05  0.00000000e+00 
 9.43942675e-05  2.65462324e-06  9.43942675e-05 -2.80512779e-09  9.43942675e-05  0.00000000e+00 
 9.44438438e-05  2.90857787e-06  9.44438438e-05 -2.80740610e-09  9.44438438e-05  0.00000000e+00 
 9.44934202e-05  2.65708750e-06  9.44934202e-05 -2.80515170e-09  9.44934202e-05  0.00000000e+00 
 9.45429965e-05  2.90601404e-06  9.45429965e-05 -2.80738154e-09  9.45429965e-05  0.00000000e+00 
 9.45925729e-05  2.65975679e-06  9.45925729e-05 -2.80517747e-09  9.45925729e-05  0.00000000e+00 
 9.46421492e-05  2.90324758e-06  9.46421492e-05 -2.80735517e-09  9.46421492e-05  0.00000000e+00 
 9.46917255e-05  2.66262674e-06  9.46917255e-05 -2.80520504e-09  9.46917255e-05  0.00000000e+00 
 9.47413019e-05  2.90028300e-06  9.47413019e-05 -2.80732702e-09  9.47413019e-05  0.00000000e+00 
 9.47908782e-05  2.66569264e-06  9.47908782e-05 -2.80523438e-09  9.47908782e-05  0.00000000e+00 
 9.48404546e-05  2.89712514e-06  9.48404546e-05 -2.80729715e-09  9.48404546e-05  0.00000000e+00 
 9.48900309e-05  2.66894945e-06  9.48900309e-05 -2.80526542e-09  9.48900309e-05  0.00000000e+00 
 9.49396073e-05  2.89377918e-06  9.49396073e-05 -2.80726561e-09  9.49396073e-05  0.00000000e+00 
 9.49891836e-05  2.67239184e-06  9.49891836e-05 -2.80529813e-09  9.49891836e-05  0.00000000e+00 
 9.50387600e-05  2.89025058e-06  9.50387600e-05 -2.80723243e-09  9.50387600e-05  0.00000000e+00 
 9.50883363e-05  2.67601415e-06  9.50883363e-05 -2.80533244e-09  9.50883363e-05  0.00000000e+00 
 9.51379127e-05  2.88654510e-06  9.51379127e-05 -2.80719769e-09  9.51379127e-05  0.00000000e+00 
 9.51874890e-05  2.67981044e-06  9.51874890e-05 -2.80536831e-09  9.51874890e-05  0.00000000e+00 
 9.52370653e-05  2.88266882e-06  9.52370653e-05 -2.80716143e-09  9.52370653e-05  0.00000000e+00 
 9.52866417e-05  2.68377448e-06  9.52866417e-05 -2.80540566e-09  9.52866417e-05  0.00000000e+00 
 9.53362180e-05  2.87862805e-06  9.53362180e-05 -2.80712372e-09  9.53362180e-05  0.00000000e+00 
 9.53857944e-05  2.68789977e-06  9.53857944e-05 -2.80544445e-09  9.53857944e-05  0.00000000e+00 
 9.54353707e-05  2.87442941e-06  9.54353707e-05 -2.80708460e-09  9.54353707e-05  0.00000000e+00 
 9.54849471e-05  2.69217953e-06  9.54849471e-05 -2.80548459e-09  9.54849471e-05  0.00000000e+00 
 9.55345234e-05  2.87007977e-06  9.55345234e-05 -2.80704415e-09  9.55345234e-05  0.00000000e+00 
 9.55840998e-05  2.69660676e-06  9.55840998e-05 -2.80552603e-09  9.55840998e-05  0.00000000e+00 
 9.56336761e-05  2.86558624e-06  9.56336761e-05 -2.80700244e-09  9.56336761e-05  0.00000000e+00 
 9.56832525e-05  2.70117417e-06  9.56832525e-05 -2.80556871e-09  9.56832525e-05  0.00000000e+00 
 9.57328288e-05  2.86095616e-06  9.57328288e-05 -2.80695952e-09  9.57328288e-05  0.00000000e+00 
 9.57824051e-05  2.70587429e-06  9.57824051e-05 -2.80561253e-09  9.57824051e-05  0.00000000e+00 
 9.58319815e-05  2.85619711e-06  9.58319815e-05 -2.80691548e-09  9.58319815e-05  0.00000000e+00 
 9.58815578e-05  2.71069941e-06  9.58815578e-05 -2.80565745e-09  9.58815578e-05  0.00000000e+00 
 9.59311342e-05  2.85131686e-06  9.59311342e-05 -2.80687037e-09  9.59311342e-05  0.00000000e+00 
 9.59807105e-05  2.71564160e-06  9.59807105e-05 -2.80570337e-09  9.59807105e-05  0.00000000e+00 
 9.60302869e-05  2.84632341e-06  9.60302869e-05 -2.80682428e-09  9.60302869e-05  0.00000000e+00 
 9.60798632e-05  2.72069277e-06  9.60798632e-05 -2.80575023e-09  9.60798632e-05  0.00000000e+00 
 9.61294396e-05  2.84122492e-06  9.61294396e-05 -2.80677727e-09  9.61294396e-05  0.00000000e+00 
 9.61790159e-05  2.72584463e-06  9.61790159e-05 -2.80579795e-09  9.61790159e-05  0.00000000e+00 
 9.62285923e-05  2.83602973e-06  9.62285923e-05 -2.80672943e-09  9.62285923e-05  0.00000000e+00 
 9.62781686e-05  2.73108873e-06  9.62781686e-05 -2.80584644e-09  9.62781686e-05  0.00000000e+00 
 9.63277449e-05  2.83074634e-06  9.63277449e-05 -2.80668083e-09  9.63277449e-05  0.00000000e+00 
 9.63773213e-05  2.73641649e-06  9.63773213e-05 -2.80589563e-09  9.63773213e-05  0.00000000e+00 
 9.64268976e-05  2.82538339e-06  9.64268976e-05 -2.80663155e-09  9.64268976e-05  0.00000000e+00 
 9.64764740e-05  2.74181915e-06  9.64764740e-05 -2.80594544e-09  9.64764740e-05  0.00000000e+00 
 9.65260503e-05  2.81994966e-06  9.65260503e-05 -2.80658167e-09  9.65260503e-05  0.00000000e+00 
 9.65756267e-05  2.74728787e-06  9.65756267e-05 -2.80599579e-09  9.65756267e-05  0.00000000e+00 
 9.66252030e-05  2.81445404e-06  9.66252030e-05 -2.80653128e-09  9.66252030e-05  0.00000000e+00 
 9.66747794e-05  2.75281368e-06  9.66747794e-05 -2.80604658e-09  9.66747794e-05  0.00000000e+00 
 9.67243557e-05  2.80890552e-06  9.67243557e-05 -2.80648044e-09  9.67243557e-05  0.00000000e+00 
 9.67739321e-05  2.75838753e-06  9.67739321e-05 -2.80609775e-09  9.67739321e-05  0.00000000e+00 
 9.68235084e-05  2.80331319e-06  9.68235084e-05 -2.80642926e-09  9.68235084e-05  0.00000000e+00 
 9.68730847e-05  2.76400028e-06  9.68730847e-05 -2.80614920e-09  9.68730847e-05  0.00000000e+00 
 9.69226611e-05  2.79768620e-06  9.69226611e-05 -2.80637780e-09  9.69226611e-05  0.00000000e+00 
 9.69722374e-05  2.76964273e-06  9.69722374e-05 -2.80620085e-09  9.69722374e-05  0.00000000e+00 
 9.70218138e-05  2.79203376e-06  9.70218138e-05 -2.80632616e-09  9.70218138e-05  0.00000000e+00 
 9.70713901e-05  2.77530564e-06  9.70713901e-05 -2.80625261e-09  9.70713901e-05  0.00000000e+00 
 9.71080467e-05  2.78536515e-06  9.71080467e-05 -2.80626530e-09  9.71080467e-05  0.00000000e+00 
 9.71250886e-05  2.78739500e-06  9.71250886e-05 -2.80636288e-09  9.71250886e-05  0.00000000e+00 
 9.71403615e-05  2.76792598e-06  9.71403615e-05 -2.80610647e-09  9.71403615e-05  0.00000000e+00 
 9.71532161e-05  2.80741037e-06  9.71532161e-05 -2.80654479e-09  9.71532161e-05  0.00000000e+00 
 9.71656540e-05  2.74606618e-06  9.71656540e-05 -2.80590806e-09  9.71656540e-05  0.00000000e+00 
 9.71782249e-05  2.82912113e-06  9.71782249e-05 -2.80674101e-09  9.71782249e-05  0.00000000e+00 
 9.71913933e-05  2.72545970e-06  9.71913933e-05 -2.80572171e-09  9.71913933e-05  0.00000000e+00 
 9.72062154e-05  2.84757703e-06  9.72062154e-05 -2.80690674e-09  9.72062154e-05  0.00000000e+00 
 9.72237275e-05  2.70991377e-06  9.72237275e-05 -2.80558152e-09  9.72237275e-05  0.00000000e+00 
 9.72458083e-05  2.85994629e-06  9.72458083e-05 -2.80701701e-09  9.72458083e-05  0.00000000e+00 
 9.72758120e-05  2.70066001e-06  9.72758120e-05 -2.80549806e-09  9.72758120e-05  0.00000000e+00 
 9.73200362e-05  2.86636237e-06  9.73200362e-05 -2.80707359e-09  9.73200362e-05  0.00000000e+00 
 9.73696126e-05  2.69583498e-06  9.73696126e-05 -2.80545513e-09  9.73696126e-05  0.00000000e+00 
 9.74191889e-05  2.87083593e-06  9.74191889e-05 -2.80711410e-09  9.74191889e-05  0.00000000e+00 
 9.74687653e-05  2.69143877e-06  9.74687653e-05 -2.80541597e-09  9.74687653e-05  0.00000000e+00 
 9.75183416e-05  2.87516398e-06  9.75183416e-05 -2.80715242e-09  9.75183416e-05  0.00000000e+00 
 9.75679180e-05  2.68718783e-06  9.75679180e-05 -2.80537801e-09  9.75679180e-05  0.00000000e+00 
 9.76174943e-05  2.87933722e-06  9.76174943e-05 -2.80718930e-09  9.76174943e-05  0.00000000e+00 
 9.76670707e-05  2.68309097e-06  9.76670707e-05 -2.80534150e-09  9.76670707e-05  0.00000000e+00 
 9.77166470e-05  2.88335044e-06  9.77166470e-05 -2.80722469e-09  9.77166470e-05  0.00000000e+00 
 9.77662233e-05  2.67915588e-06  9.77662233e-05 -2.80530653e-09  9.77662233e-05  0.00000000e+00 
 9.78157997e-05  2.88719768e-06  9.78157997e-05 -2.80725853e-09  9.78157997e-05  0.00000000e+00 
 9.78653760e-05  2.67538940e-06  9.78653760e-05 -2.80527313e-09  9.78653760e-05  0.00000000e+00 
 9.79149524e-05  2.89087287e-06  9.79149524e-05 -2.80729076e-09  9.79149524e-05  0.00000000e+00 
 9.79645287e-05  2.67179782e-06  9.79645287e-05 -2.80524136e-09  9.79645287e-05  0.00000000e+00 
 9.80141051e-05  2.89437008e-06  9.80141051e-05 -2.80732133e-09  9.80141051e-05  0.00000000e+00 
 9.80636814e-05  2.66838709e-06  9.80636814e-05 -2.80521129e-09  9.80636814e-05  0.00000000e+00 
 9.81132578e-05  2.89768363e-06  9.81132578e-05 -2.80735020e-09  9.81132578e-05  0.00000000e+00 
 9.81628341e-05  2.66516282e-06  9.81628341e-05 -2.80518295e-09  9.81628341e-05  0.00000000e+00 
 9.82124105e-05  2.90080811e-06  9.82124105e-05 -2.80737731e-09  9.82124105e-05  0.00000000e+00 
 9.82619868e-05  2.66213031e-06  9.82619868e-05 -2.80515640e-09  9.82619868e-05  0.00000000e+00 
 9.83115631e-05  2.90373841e-06  9.83115631e-05 -2.80740263e-09  9.83115631e-05  0.00000000e+00 
 9.83611395e-05  2.65929455e-06  9.83611395e-05 -2.80513168e-09  9.83611395e-05  0.00000000e+00 
 9.84107158e-05  2.90646975e-06  9.84107158e-05 -2.80742611e-09  9.84107158e-05  0.00000000e+00 
 9.84602922e-05  2.65666018e-06  9.84602922e-05 -2.80510883e-09  9.84602922e-05  0.00000000e+00 
 9.85098685e-05  2.90899767e-06  9.85098685e-05 -2.80744771e-09  9.85098685e-05  0.00000000e+00 
 9.85594449e-05  2.65423153e-06  9.85594449e-05 -2.80508790e-09  9.85594449e-05  0.00000000e+00 
 9.86090212e-05  2.91131805e-06  9.86090212e-05 -2.80746740e-09  9.86090212e-05  0.00000000e+00 
 9.86585976e-05  2.65201259e-06  9.86585976e-05 -2.80506890e-09  9.86585976e-05  0.00000000e+00 
 9.87081739e-05  2.91342708e-06  9.87081739e-05 -2.80748515e-09  9.87081739e-05  0.00000000e+00 
 9.87577503e-05  2.65000700e-06  9.87577503e-05 -2.80505188e-09  9.87577503e-05  0.00000000e+00 
 9.88073266e-05  2.91532133e-06  9.88073266e-05 -2.80750094e-09  9.88073266e-05  0.00000000e+00 
 9.88569029e-05  2.64821805e-06  9.88569029e-05 -2.80503687e-09  9.88569029e-05  0.00000000e+00 
 9.89064793e-05  2.91699769e-06  9.89064793e-05 -2.80751472e-09  9.89064793e-05  0.00000000e+00 
 9.89560556e-05  2.64664869e-06  9.89560556e-05 -2.80502389e-09  9.89560556e-05  0.00000000e+00 
 9.90056320e-05  2.91845344e-06  9.90056320e-05 -2.80752649e-09  9.90056320e-05  0.00000000e+00 
 9.90552083e-05  2.64530149e-06  9.90552083e-05 -2.80501296e-09  9.90552083e-05  0.00000000e+00 
 9.91047847e-05  2.91968620e-06  9.91047847e-05 -2.80753622e-09  9.91047847e-05  0.00000000e+00 
 9.91526908e-05  2.64416114e-06  9.91526908e-05 -2.80500411e-09  9.91526908e-05  0.00000000e+00 
 9.91533857e-05  7.98317094e-06  9.91533857e-05  2.51856967e-07  9.91533857e-05  7.00840387e-03 
 9.91547755e-05  2.08543330e-05  9.91547755e-05  2.51193202e-07  9.91547755e-05  2.10252116e-02 
 9.91556784e-05  2.83801893e-05  9.91556784e-05  2.50637852e-07  9.91556784e-05  3.01308126e-02 
 9.91562609e-05  3.23043427e-05  9.91562609e-05  2.50293541e-07  9.91562609e-05  3.60053250e-02 
 9.91568591e-05  3.79569267e-05  9.91568591e-05  2.49824080e-07  9.91568591e-05  4.20387356e-02 
 9.91573459e-05  4.28348304e-05  9.91573459e-05  2.49449070e-07  9.91573459e-05  4.69488158e-02 
 9.91578583e-05  4.65042298e-05  9.91578583e-05  2.48995055e-07  9.91578583e-05  5.21162529e-02 
 9.91582744e-05  4.92204349e-05  9.91582744e-05  2.48652964e-07  9.91582744e-05  5.63130498e-02 
 9.91586908e-05  5.30502489e-05  9.91586908e-05  2.48210536e-07  9.91586908e-05  6.05123075e-02 
 9.91590831e-05  5.71997250e-05  9.91590831e-05  2.47803296e-07  9.91590831e-05  6.44687330e-02 
 9.91595162e-05  6.08381592e-05  9.91595162e-05  2.47289942e-07  9.91595162e-05  6.88368317e-02 
 9.91598245e-05  6.26971450e-05  9.91598245e-05  2.46967495e-07  9.91598245e-05  7.19460078e-02 
 9.91601969e-05  6.52321610e-05  9.91601969e-05  2.46491910e-07  9.91601969e-05  7.57025860e-02 
 9.91605722e-05  6.88065340e-05  9.91605722e-05  2.46007079e-07  9.91605722e-05  7.94870614e-02 
 9.91610221e-05  7.34395952e-05  9.91610221e-05  2.45315100e-07  9.91610221e-05  8.40244963e-02 
 9.91614514e-05  7.67914617e-05  9.91614514e-05  2.44694231e-07  9.91614514e-05  8.83539340e-02 
 9.91617680e-05  7.86480287e-05  9.91617680e-05  2.44186425e-07  9.91617680e-05  9.15469822e-02 
 9.91621285e-05  8.12505830e-05  9.91621285e-05  2.43616884e-07  9.91621285e-05  9.51836998e-02 
 9.91624504e-05  8.44207458e-05  9.91624504e-05  2.42997747e-07  9.91624504e-05  9.84296561e-02 
 9.91629065e-05  8.90500015e-05  9.91629065e-05  2.42120430e-07  9.91629065e-05  1.03029485e-01 
 9.91633525e-05  9.23992318e-05  9.91633525e-05  2.41199121e-07  9.91633525e-05  1.07527989e-01 
 9.91636951e-05  9.44109676e-05  9.91636951e-05  2.40522137e-07  9.91636951e-05  1.10983508e-01 
 9.91640590e-05  9.71908979e-05  9.91640590e-05  2.39678931e-07  9.91640590e-05  1.14652748e-01 
 9.91643808e-05  1.00459625e-04  9.91643808e-05  2.38898442e-07  9.91643808e-05  1.17898492e-01 
 9.91648286e-05  1.04881241e-04  9.91648286e-05  2.37684637e-07  9.91648286e-05  1.22415434e-01 
 9.91652234e-05  1.07695115e-04  9.91652234e-05  2.36656438e-07  9.91652234e-05  1.26396219e-01 
 9.91655712e-05  1.09735659e-04  9.91655712e-05  2.35678476e-07  9.91655712e-05  1.29904239e-01 
 9.91659314e-05  1.12545738e-04  9.91659314e-05  2.34619386e-07  9.91659314e-05  1.33536923e-01 
 9.91662552e-05  1.15857562e-04  9.91662552e-05  2.33509421e-07  9.91662552e-05  1.36803125e-01 
 9.91666984e-05  1.20164194e-04  9.91666984e-05  2.31971369e-07  9.91666984e-05  1.41273184e-01 
 9.91670607e-05  1.22691794e-04  9.91670607e-05  2.30663749e-07  9.91670607e-05  1.44927189e-01 
 9.91674055e-05  1.24698558e-04  9.91674055e-05  2.29439040e-07  9.91674055e-05  1.48403977e-01 
 9.91677615e-05  1.27450175e-04  9.91677615e-05  2.27995452e-07  9.91677615e-05  1.51994603e-01 
 9.91680872e-05  1.30760669e-04  9.91680872e-05  2.26579281e-07  9.91680872e-05  1.55279007e-01 
 9.91685301e-05  1.35062684e-04  9.91685301e-05  2.24485389e-07  9.91685301e-05  1.59746191e-01 
 9.91688997e-05  1.37641147e-04  9.91688997e-05  2.22779084e-07  9.91688997e-05  1.63473830e-01 
 9.91692486e-05  1.39668919e-04  9.91692486e-05  2.21076879e-07  9.91692486e-05  1.66993065e-01 
 9.91696089e-05  1.42461417e-04  9.91696089e-05  2.19199377e-07  9.91696089e-05  1.70626890e-01 
 9.91699370e-05  1.45799527e-04  9.91699370e-05  2.17247814e-07  9.91699370e-05  1.73935341e-01 
 9.91703827e-05  1.50100296e-04  9.91703827e-05  2.14517275e-07  9.91703827e-05  1.78430740e-01 
 9.91707459e-05  1.52609818e-04  9.91707459e-05  2.12240136e-07  9.91707459e-05  1.82093130e-01 
 9.91711002e-05  1.54676748e-04  9.91711002e-05  2.10009602e-07  9.91711002e-05  1.85666411e-01 
 9.91714643e-05  1.57531165e-04  9.91714643e-05  2.07430253e-07  9.91714643e-05  1.89338819e-01 
 9.91717954e-05  1.60918265e-04  9.91717954e-05  2.04875806e-07  9.91717954e-05  1.92678202e-01 
 9.91722431e-05  1.65207489e-04  9.91722431e-05  2.01185147e-07  9.91722431e-05  1.97193821e-01 
 9.91725941e-05  1.67609930e-04  9.91725941e-05  1.98333346e-07  9.91725941e-05  2.00733853e-01 
 9.91729546e-05  1.69733730e-04  9.91729546e-05  1.95267176e-07  9.91729546e-05  2.04369015e-01 
 9.91733228e-05  1.72669458e-04  9.91733228e-05  1.91864432e-07  9.91733228e-05  2.08082462e-01 
 9.91736578e-05  1.76126666e-04  9.91736578e-05  1.88374540e-07  9.91736578e-05  2.11461828e-01 
 9.91741078e-05  1.80414148e-04  9.91741078e-05  1.83526925e-07  9.91741078e-05  2.16000051e-01 
 9.91744461e-05  1.82715146e-04  9.91744461e-05  1.79836859e-07  9.91744461e-05  2.19412122e-01 
 9.91748154e-05  1.84933533e-04  9.91748154e-05  1.75734324e-07  9.91748154e-05  2.23136815e-01 
 9.91751899e-05  1.88000464e-04  9.91751899e-05  1.71074155e-07  9.91751899e-05  2.26913667e-01 
 9.91755338e-05  1.91596241e-04  9.91755338e-05  1.66378158e-07  9.91755338e-05  2.30381318e-01 
 9.91759850e-05  1.95868995e-04  9.91759850e-05  1.59887496e-07  9.91759850e-05  2.34932370e-01 
 9.91763062e-05  1.98041489e-04  9.91763062e-05  1.55317788e-07  9.91763062e-05  2.38172104e-01 
 9.91766900e-05  2.00425426e-04  9.91766900e-05  1.49599133e-07  9.91766900e-05  2.42042938e-01 
 9.91770752e-05  2.03717448e-04  9.91770752e-05  1.43268272e-07  9.91770752e-05  2.45927295e-01 
 9.91774428e-05  2.07633357e-04  9.91774428e-05  1.36516717e-07  9.91774428e-05  2.49635340e-01 
 9.91778908e-05  2.11813352e-04  9.91778908e-05  1.28045863e-07  9.91778908e-05  2.54153448e-01 
 9.91781986e-05  2.13870276e-04  9.91781986e-05  1.22201118e-07  9.91781986e-05  2.57257091e-01 
 9.91786236e-05  2.16703571e-04  9.91786236e-05  1.13780743e-07  9.91786236e-05  2.61543319e-01 
 9.91790451e-05  2.20642603e-04  9.91790451e-05  1.04312160e-07  9.91790451e-05  2.65795014e-01 
 9.91794772e-05  2.25301610e-04  9.91794772e-05  9.36783989e-08  9.91794772e-05  2.70152672e-01 
 9.91799347e-05  2.29249530e-04  9.91799347e-05  8.21211901e-08  9.91799347e-05  2.74766652e-01 
 9.91802815e-05  2.31511751e-04  9.91802815e-05  7.33259363e-08  9.91802815e-05  2.78264272e-01 
 9.91806952e-05  2.34787318e-04  9.91806952e-05  6.18651407e-08  9.91806952e-05  2.82436462e-01 
 9.91810548e-05  2.38630968e-04  9.91810548e-05  5.07237390e-08  9.91810548e-05  2.86063056e-01 
 9.91815604e-05  2.44002443e-04  9.91815604e-05  3.39349945e-08  9.91815604e-05  2.91163192e-01 
 9.91820294e-05  2.47733667e-04  9.91820294e-05  1.82195743e-08  9.91820294e-05  2.95892908e-01 
 9.91825359e-05  2.51630111e-04  9.91825359e-05  1.41600286e-10  9.91825359e-05  3.01001149e-01 
 9.91830010e-05  2.56551074e-04  9.91830010e-05 -1.87376604e-08  9.91830010e-05  3.05692216e-01 
 9.91835009e-05  2.62227543e-04  9.91835009e-05 -4.09692152e-08  9.91835009e-05  3.10733213e-01 
 9.91840175e-05  2.66783986e-04  9.91840175e-05 -6.42982416e-08  9.91840175e-05  3.15943299e-01 
 9.91844962e-05  2.70722101e-04  9.91844962e-05 -8.71371538e-08  9.91844962e-05  3.20772080e-01 
 9.91849796e-05  2.76087663e-04  9.91849796e-05 -1.13309721e-07  9.91849796e-05  3.25646772e-01 
 9.91854782e-05  2.82183456e-04  9.91854782e-05 -1.43077183e-07  9.91854782e-05  3.30675603e-01 
 9.91860032e-05  2.87349789e-04  9.91860032e-05 -1.74989091e-07  9.91860032e-05  3.35970350e-01 
 9.91864923e-05  2.91825104e-04  9.91864923e-05 -2.06288671e-07  9.91864923e-05  3.40903597e-01 
 9.91869895e-05  2.97818130e-04  9.91869895e-05 -2.42428015e-07  9.91869895e-05  3.45917287e-01 
 9.91875049e-05  3.04685360e-04  9.91875049e-05 -2.83834710e-07  9.91875049e-05  3.51115620e-01 
 9.91880505e-05  3.10720874e-04  9.91880505e-05 -3.28590011e-07  9.91880505e-05  3.56617987e-01 
 9.91885876e-05  3.16475429e-04  9.91885876e-05 -3.75385600e-07  9.91885876e-05  3.62034815e-01 
 9.91891286e-05  3.23966942e-04  9.91891286e-05 -4.29413634e-07  9.91891286e-05  3.67491274e-01 
 9.91897437e-05  3.32930639e-04  9.91897437e-05 -4.96890385e-07  9.91897437e-05  3.73694625e-01 
 9.91903653e-05  3.40700923e-04  9.91903653e-05 -5.67189535e-07  9.91903653e-05  3.79964291e-01 
 9.91910052e-05  3.49598100e-04  9.91910052e-05 -6.47637061e-07  9.91910052e-05  3.86418250e-01 
 9.91916221e-05  3.60092064e-04  9.91916221e-05 -7.37156925e-07  9.91916221e-05  3.92639333e-01 
 9.91923006e-05  3.71011527e-04  9.91923006e-05 -8.41641928e-07  9.91923006e-05  3.99482594e-01 
 9.91929165e-05  3.80540740e-04  9.91929165e-05 -9.41926186e-07  9.91929165e-05  4.05694602e-01 
 9.91935706e-05  3.92923288e-04  9.91935706e-05 -1.06509739e-06  9.91935706e-05  4.12290665e-01 
 9.91943207e-05  4.08195845e-04  9.91943207e-05 -1.22257168e-06  9.91943207e-05  4.19856220e-01 
 9.91950762e-05  4.22890777e-04  9.91950762e-05 -1.39014395e-06  9.91950762e-05  4.27475808e-01 
 9.91958822e-05  4.41157149e-04  9.91958822e-05 -1.59647440e-06  9.91958822e-05  4.35604954e-01 
 9.91966938e-05  4.62062310e-04  9.91966938e-05 -1.83602085e-06  9.91966938e-05  4.43790284e-01 
 9.91975608e-05  4.84426834e-04  9.91975608e-05 -2.11013678e-06  9.91975608e-05  4.52534384e-01 
 9.91987559e-05  5.20663263e-04  9.91987559e-05 -2.55910546e-06  9.91987559e-05  4.64587194e-01 
 9.91999864e-05  5.64294943e-04  9.91999864e-05 -3.11580976e-06  9.91999864e-05  4.76997509e-01 
 9.92012336e-05  6.13470932e-04  9.92012336e-05 -3.76405878e-06  9.92012336e-05  4.89576093e-01 
 9.92029285e-05  6.96742755e-04  9.92029285e-05 -4.88555770e-06  9.92029285e-05  5.06669711e-01 
 9.92063183e-05  9.27593474e-04  9.92063183e-05 -8.04758589e-06  9.92063183e-05  5.40856947e-01 
 9.92103933e-05  1.38611244e-03  9.92103933e-05 -1.44414398e-05  9.92103933e-05  5.81955778e-01 
 9.92154432e-05  2.44352405e-03  9.92154432e-05 -2.90448802e-05  9.92154432e-05  6.32886559e-01 
 9.92255431e-05  8.72112017e-03  9.92255431e-05 -1.04627903e-04  9.92255431e-05  7.34748121e-01 
 9.92352539e-05  2.54428591e-02  9.92352539e-05 -2.73397335e-04  9.92352539e-05  8.32686633e-01 
 9.92491486e-05  7.80840297e-02  9.92491486e-05 -5.89751924e-04  9.92491486e-05  9.72820516e-01 
 9.92665775e-05  1.79029588e-01  9.92665775e-05 -8.29977830e-04  9.92665775e-05  1.14859889e+00 
 9.92843468e-05  2.94362824e-01  9.92843468e-05 -9.46471827e-04  9.92843468e-05  1.32781085e+00 
 9.93150175e-05  4.96499480e-01  9.93150175e-05 -1.16707161e-03  9.93150175e-05  1.63713876e+00 
 9.93463158e-05  7.06767892e-01  9.93463158e-05 -1.38409990e-03  9.93463158e-05  1.95279632e+00 
 9.93958922e-05  1.04380137e+00  9.93958922e-05 -1.73001232e-03  9.93958922e-05  2.45279632e+00 
 9.94454685e-05  1.38138628e+00  9.94454685e-05 -2.06053547e-03  9.94454685e-05  2.95279632e+00 
 9.94950449e-05  1.71370802e+00  9.94950449e-05 -2.37825895e-03  9.94950449e-05  3.45279632e+00 
 9.95446212e-05  2.03506664e+00  9.95446212e-05 -2.66953267e-03  9.95446212e-05  3.95279632e+00 
 9.95941976e-05  2.33912281e+00  9.95941976e-05 -2.93335669e-03  9.95941976e-05  4.45279632e+00 
 9.96213259e-05  2.49657547e+00  9.96213259e-05 -3.06480736e-03  9.96213259e-05  4.72639816e+00 
 9.96484543e-05  2.64701306e+00  9.96484543e-05 -3.18922639e-03  9.96484543e-05  5.00000000e+00 
 9.96534119e-05  2.66649979e+00  9.96534119e-05 -3.06103816e-03  9.96534119e-05  5.00000000e+00 
 9.96633272e-05  2.69354999e+00  9.96633272e-05 -2.84713486e-03  9.96633272e-05  5.00000000e+00 
 9.96831577e-05  2.70922044e+00  9.96831577e-05 -2.71447100e-03  9.96831577e-05  5.00000000e+00 
 9.97151006e-05  2.71033135e+00  9.97151006e-05 -2.71204566e-03  9.97151006e-05  5.00000000e+00 
 9.97493831e-05  2.71016693e+00  9.97493831e-05 -2.70750915e-03  9.97493831e-05  5.00000000e+00 
 9.97989594e-05  2.71017632e+00  9.97989594e-05 -2.71285920e-03  9.97989594e-05  5.00000000e+00 
 9.98485357e-05  2.71019393e+00  9.98485357e-05 -2.70759476e-03  9.98485357e-05  5.00000000e+00 
 9.98981121e-05  2.71016696e+00  9.98981121e-05 -2.71264530e-03  9.98981121e-05  5.00000000e+00 
 9.99476884e-05  2.71019656e+00  9.99476884e-05 -2.70784922e-03  9.99476884e-05  5.00000000e+00 
 9.99738442e-05  2.71016792e+00  9.99738442e-05 -2.71227621e-03  9.99738442e-05  5.00000000e+00 
 1.00000000e-04  2.71019454e+00  1.00000000e-04 -2.70830787e-03  1.00000000e-04  5.00000000e+00 
