 0.00000000e+00  2.78225405e-06  0.00000000e+00 -2.80627648e-09  0.00000000e+00  0.00000000e+00 
 2.96413377e-10  5.23724664e-06  2.96413377e-10  4.23428968e-07  2.96413377e-10  5.00000000e-03 
 3.90786461e-10  6.30648253e-06  3.90786461e-10  4.23379521e-07  3.90786461e-10  6.59191675e-03 
 5.79532630e-10  9.01698196e-06  5.79532630e-10  4.23258635e-07  5.79532630e-10  9.77575025e-03 
 9.11375113e-10  1.56944447e-05  9.11375113e-10  4.22978847e-07  9.11375113e-10  1.53733803e-02 
 1.26023098e-09  2.27314467e-05  1.26023098e-09  4.22672338e-07  1.26023098e-09  2.12579977e-02 
 1.55087352e-09  2.65756805e-05  1.55087352e-09  4.22399448e-07  1.55087352e-09  2.61606533e-02 
 1.76105296e-09  2.81196179e-05  1.76105296e-09  4.22223099e-07  1.76105296e-09  2.97060303e-02 
 2.01227596e-09  2.98908782e-05  2.01227596e-09  4.21979014e-07  2.01227596e-09  3.39437439e-02 
 2.28909888e-09  3.33214199e-05  2.28909888e-09  4.21689482e-07  2.28909888e-09  3.86132855e-02 
 2.57247127e-09  3.88366043e-05  2.57247127e-09  4.21314044e-07  2.57247127e-09  4.33933059e-02 
 2.90970553e-09  4.59552209e-05  2.90970553e-09  4.20835296e-07  2.90970553e-09  4.90818861e-02 
 3.29319702e-09  5.15133199e-05  3.29319702e-09  4.20260654e-07  3.29319702e-09  5.55507489e-02 
 3.52190341e-09  5.32300472e-05  3.52190341e-09  4.19940241e-07  3.52190341e-09  5.94086448e-02 
 3.79699879e-09  5.52533768e-05  3.79699879e-09  4.19510058e-07  3.79699879e-09  6.40490457e-02 
 4.06720491e-09  5.87627041e-05  4.06720491e-09  4.19040580e-07  4.06720491e-09  6.86069729e-02 
 4.34617040e-09  6.42909593e-05  4.34617040e-09  4.18446277e-07  4.34617040e-09  7.33126561e-02 
 4.68650872e-09  7.14222778e-05  4.68650872e-09  4.17662977e-07  4.68650872e-09  7.90535968e-02 
 5.08877327e-09  7.70175283e-05  5.08877327e-09  4.16704157e-07  5.08877327e-09  8.58391298e-02 
 5.30948700e-09  7.85886634e-05  5.30948700e-09  4.16201644e-07  5.30948700e-09  8.95622027e-02 
 5.58668282e-09  8.07043999e-05  5.58668282e-09  4.15505904e-07  5.58668282e-09  9.42380345e-02 
 5.88221500e-09  8.48188424e-05  5.88221500e-09  4.14658507e-07  5.88221500e-09  9.92231702e-02 
 6.18255809e-09  9.09946082e-05  6.18255809e-09  4.13618723e-07  6.18255809e-09  1.04289458e-01 
 6.52168932e-09  9.78528954e-05  6.52168932e-09  4.12356919e-07  6.52168932e-09  1.10010037e-01 
 6.83035273e-09  1.01911509e-04  6.83035273e-09  4.11193027e-07  6.83035273e-09  1.15216675e-01 
 7.03818771e-09  1.03409179e-04  7.03818771e-09  4.10440388e-07  7.03818771e-09  1.18722505e-01 
 7.30288780e-09  1.05327999e-04  7.30288780e-09  4.09406342e-07  7.30288780e-09  1.23187554e-01 
 7.59885508e-09  1.09202632e-04  7.59885508e-09  4.08086888e-07  7.59885508e-09  1.28180029e-01 
 7.89756907e-09  1.15199512e-04  7.89756907e-09  4.06487587e-07  7.89756907e-09  1.33218837e-01 
 8.23961703e-09  1.22239386e-04  8.23961703e-09  4.04488419e-07  8.23961703e-09  1.38988616e-01 
 8.59961907e-09  1.27077680e-04  8.59961907e-09  4.02355841e-07  8.59961907e-09  1.45061251e-01 
 8.81325998e-09  1.28588536e-04  8.81325998e-09  4.01127588e-07  8.81325998e-09  1.48665017e-01 
 9.08939280e-09  1.30665561e-04  9.08939280e-09  3.99417960e-07  9.08939280e-09  1.53322918e-01 
 9.39516193e-09  1.34892831e-04  9.39516193e-09  3.97226279e-07  9.39516193e-09  1.58480734e-01 
 9.70256404e-09  1.41208185e-04  9.70256404e-09  3.94599528e-07  9.70256404e-09  1.63666096e-01 
 1.00455414e-08  1.48086479e-04  1.00455414e-08  3.91423888e-07  1.00455414e-08  1.69451552e-01 
 1.03514901e-08  1.52037988e-04  1.03514901e-08  3.88585431e-07  1.03514901e-08  1.74612398e-01 
 1.05576510e-08  1.53505319e-04  1.05576510e-08  3.86723606e-07  1.05576510e-08  1.78089989e-01 
 1.08277315e-08  1.55494389e-04  1.08277315e-08  3.84121909e-07  1.08277315e-08  1.82645797e-01 
 1.11408875e-08  1.59735009e-04  1.11408875e-08  3.80625648e-07  1.11408875e-08  1.87928217e-01 
 1.14523551e-08  1.66103363e-04  1.14523551e-08  3.76480858e-07  1.14523551e-08  1.93182157e-01 
 1.17979846e-08  1.73065740e-04  1.17979846e-08  3.71472368e-07  1.17979846e-08  1.99012351e-01 
 1.21160131e-08  1.77187359e-04  1.21160131e-08  3.66862067e-07  1.21160131e-08  2.04376961e-01 
 1.23225642e-08  1.78657909e-04  1.23225642e-08  3.63936516e-07  1.23225642e-08  2.07861135e-01 
 1.25986600e-08  1.80750693e-04  1.25986600e-08  3.59765501e-07  1.25986600e-08  2.12518411e-01 
 1.29227610e-08  1.85299347e-04  1.29227610e-08  3.54047460e-07  1.29227610e-08  2.17985456e-01 
 1.32428516e-08  1.91955676e-04  1.32428516e-08  3.47328801e-07  1.32428516e-08  2.23384850e-01 
 1.35908427e-08  1.98860448e-04  1.35908427e-08  3.39419907e-07  1.35908427e-08  2.29254881e-01 
 1.38815663e-08  2.02535667e-04  1.38815663e-08  3.32852662e-07  1.38815663e-08  2.34158904e-01 
 1.40870126e-08  2.04021753e-04  1.40870126e-08  3.28304831e-07  1.40870126e-08  2.37624441e-01 
 1.43604954e-08  2.06156885e-04  1.43604954e-08  3.21855979e-07  1.43604954e-08  2.42237640e-01 
 1.47100017e-08  2.11246032e-04  1.47100017e-08  3.12156187e-07  1.47100017e-08  2.48133229e-01 
 1.50804871e-08  2.19077778e-04  1.50804871e-08  2.99850666e-07  1.50804871e-08  2.54382701e-01 
 1.54181048e-08  2.25549867e-04  1.54181048e-08  2.87798341e-07  1.54181048e-08  2.60077748e-01 
 1.56888547e-08  2.28755139e-04  1.56888547e-08  2.78288028e-07  1.56888547e-08  2.64644849e-01 
 1.59003118e-08  2.30294009e-04  1.59003118e-08  2.70945708e-07  1.59003118e-08  2.68211779e-01 
 1.61660982e-08  2.32600931e-04  1.61660982e-08  2.61017867e-07  1.61660982e-08  2.72695151e-01 
 1.64764709e-08  2.37400893e-04  1.64764709e-08  2.47445729e-07  1.64764709e-08  2.77930623e-01 
 1.68050738e-08  2.44541369e-04  1.68050738e-08  2.30520606e-07  1.68050738e-08  2.83473606e-01 
 1.71545867e-08  2.51555250e-04  1.71545867e-08  2.11189175e-07  1.71545867e-08  2.89369307e-01 
 1.74240740e-08  2.55035711e-04  1.74240740e-08  1.96476527e-07  1.74240740e-08  2.93915108e-01 
 1.76407324e-08  2.56792771e-04  1.76407324e-08  1.84814263e-07  1.76407324e-08  2.97569775e-01 
 1.79181257e-08  2.59368016e-04  1.79181257e-08  1.68801250e-07  1.79181257e-08  3.02248937e-01 
 1.82522936e-08  2.64812125e-04  1.82522936e-08  1.46068693e-07  1.82522936e-08  3.07885793e-01 
 1.85938636e-08  2.72532757e-04  1.85938636e-08  1.18603240e-07  1.85938636e-08  3.13647511e-01 
 1.89538706e-08  2.79886253e-04  1.89538706e-08  8.76735869e-08  1.89538706e-08  3.19720229e-01 
 1.92260256e-08  2.83471746e-04  1.92260256e-08  6.46768197e-08  1.92260256e-08  3.24311030e-01 
 1.94673177e-08  2.85663082e-04  1.94673177e-08  4.43570203e-08  1.94673177e-08  3.28381226e-01 
 1.97452810e-08  2.88841088e-04  1.97452810e-08  1.88024628e-08  1.97452810e-08  3.33070004e-01 
 2.00484986e-08  2.94513981e-04  2.00484986e-08 -1.40050478e-08  2.00484986e-08  3.38184780e-01 
 2.03932250e-08  3.02837570e-04  2.03932250e-08 -5.73892803e-08  2.03932250e-08  3.43999741e-01 
 2.07588667e-08  3.10595323e-04  2.07588667e-08 -1.06004021e-07  2.07588667e-08  3.50167508e-01 
 2.10294342e-08  3.14397943e-04  2.10294342e-08 -1.41274115e-07  2.10294342e-08  3.54731531e-01 
 2.13100294e-08  3.17516933e-04  2.13100294e-08 -1.78357228e-07  2.13100294e-08  3.59464705e-01 
 2.16011087e-08  3.21914125e-04  2.16011087e-08 -2.21488825e-07  2.16011087e-08  3.64374728e-01 
 2.19115444e-08  3.29010061e-04  2.19115444e-08 -2.75976931e-07  2.19115444e-08  3.69611260e-01 
 2.23178857e-08  3.39634143e-04  2.23178857e-08 -3.57247084e-07  2.23178857e-08  3.76465561e-01 
 2.27153907e-08  3.47870773e-04  2.27153907e-08 -4.38872061e-07  2.27153907e-08  3.83170808e-01 
 2.29936583e-08  3.51932672e-04  2.29936583e-08 -4.95257732e-07  2.29936583e-08  3.87864720e-01 
 2.33647114e-08  3.58157398e-04  2.33647114e-08 -5.77654003e-07  2.33647114e-08  3.94123767e-01 
 2.37757332e-08  3.68626438e-04  2.37757332e-08 -6.88876865e-07  2.37757332e-08  4.01057021e-01 
 2.42221575e-08  3.81875488e-04  2.42221575e-08 -8.29436750e-07  2.42221575e-08  4.08587455e-01 
 2.46591777e-08  3.92436592e-04  2.46591777e-08 -9.70540678e-07  2.46591777e-08  4.15959257e-01 
 2.50126490e-08  3.99412315e-04  2.50126490e-08 -1.08595739e-06  2.50126490e-08  4.21921731e-01 
 2.54005759e-08  4.09141831e-04  2.54005759e-08 -1.23158806e-06  2.54005759e-08  4.28465411e-01 
 2.57739622e-08  4.21833022e-04  2.57739622e-08 -1.40107354e-06  2.57739622e-08  4.34763815e-01 
 2.62629498e-08  4.39019360e-04  2.62629498e-08 -1.64739166e-06  2.62629498e-08  4.43012222e-01 
 2.67237550e-08  4.52646943e-04  2.67237550e-08 -1.88204384e-06  2.67237550e-08  4.50785238e-01 
 2.72488699e-08  4.69103143e-04  2.72488699e-08 -2.17743721e-06  2.72488699e-08  4.59643053e-01 
 2.77763746e-08  4.91328162e-04  2.77763746e-08 -2.54905785e-06  2.77763746e-08  4.68541177e-01 
 2.84606271e-08  5.22888618e-04  2.84606271e-08 -3.10873794e-06  2.84606271e-08  4.80083377e-01 
 2.90949923e-08  5.50924862e-04  2.90949923e-08 -3.65819058e-06  2.90949923e-08  4.90784062e-01 
 2.97503757e-08  5.85830546e-04  2.97503757e-08 -4.34428566e-06  2.97503757e-08  5.01839289e-01 
 3.04375296e-08  6.31198518e-04  3.04375296e-08 -5.24980483e-06  3.04375296e-08  5.13430430e-01 
 3.11825047e-08  6.83039331e-04  3.11825047e-08 -6.32939650e-06  3.11825047e-08  5.25996919e-01 
 3.21602237e-08  7.63606912e-04  3.21602237e-08 -8.03975807e-06  3.21602237e-08  5.42489411e-01 
 3.31027639e-08  8.63648975e-04  3.31027639e-08 -1.02453389e-05  3.31027639e-08  5.58388495e-01 
 3.43941309e-08  1.03100961e-03  3.43941309e-08 -1.39344394e-05  3.43941309e-08  5.80171705e-01 
 3.66489167e-08  1.47148231e-03  3.66489167e-08 -2.37729396e-05  3.66489167e-08  6.18206186e-01 
 3.88515722e-08  2.17162766e-03  3.88515722e-08 -3.96007915e-05  3.88515722e-08  6.55361317e-01 
 4.32568834e-08  5.20793260e-03  4.32568834e-08 -1.02355413e-04  4.32568834e-08  7.29671578e-01 
 4.79951698e-08  1.31289356e-02  4.79951698e-08 -2.48062183e-04  4.79951698e-08  8.09598578e-01 
 5.51736648e-08  4.22359444e-02  5.51736648e-08 -6.18849055e-04  5.51736648e-08  9.30687834e-01 
 6.45109472e-08  1.14831174e-01  6.45109472e-08 -1.09775537e-03  6.45109472e-08  1.08819224e+00 
 7.52930884e-08  2.27702428e-01  7.52930884e-08 -1.34615800e-03  7.52930884e-08  1.27006900e+00 
 8.97756416e-08  3.88374789e-01  8.97756416e-08 -1.49695746e-03  8.97756416e-08  1.51436555e+00 
 1.08103226e-07  5.93180676e-01  1.08103226e-07 -1.72697643e-03  1.08103226e-07  1.82352138e+00 
 1.32771051e-07  8.72894055e-01  1.32771051e-07 -2.01377359e-03  1.32771051e-07  2.23962649e+00 
 1.62412388e-07  1.20983969e+00  1.62412388e-07 -2.34857266e-03  1.62412388e-07  2.73962649e+00 
 1.92053726e-07  1.54336174e+00  1.92053726e-07 -2.66040967e-03  1.92053726e-07  3.23962649e+00 
 2.21695064e-07  1.86751054e+00  2.21695064e-07 -2.94223435e-03  2.21695064e-07  3.73962649e+00 
 2.51336402e-07  2.17659601e+00  2.51336402e-07 -3.19116569e-03  2.51336402e-07  4.23962649e+00 
 2.73874889e-07  2.39845366e+00  2.73874889e-07 -3.35560071e-03  2.73874889e-07  4.61981325e+00 
 2.96413377e-07  2.60735728e+00  2.96413377e-07 -3.50628365e-03  2.96413377e-07  5.00000000e+00 
 2.99377511e-07  2.62928191e+00  2.99377511e-07 -3.37145864e-03  2.99377511e-07  5.00000000e+00 
 3.05305779e-07  2.66396285e+00  3.05305779e-07 -3.09698804e-03  3.05305779e-07  5.00000000e+00 
 3.17162314e-07  2.69640330e+00  3.17162314e-07 -2.81336223e-03  3.17162314e-07  5.00000000e+00 
 3.35719495e-07  2.70884822e+00  3.35719495e-07 -2.72656874e-03  3.35719495e-07  5.00000000e+00 
 3.62466288e-07  2.71033168e+00  3.62466288e-07 -2.70380522e-03  3.62466288e-07  5.00000000e+00 
 3.92107626e-07  2.71012762e+00  3.92107626e-07 -2.71523106e-03  3.92107626e-07  5.00000000e+00 
 4.21748964e-07  2.71020748e+00  4.21748964e-07 -2.70568156e-03  4.21748964e-07  5.00000000e+00 
 4.51390301e-07  2.71015178e+00  4.51390301e-07 -2.71426754e-03  4.51390301e-07  5.00000000e+00 
 4.81031639e-07  2.71020541e+00  4.81031639e-07 -2.70648288e-03  4.81031639e-07  5.00000000e+00 
 5.10672977e-07  2.71015757e+00  5.10672977e-07 -2.71352910e-03  5.10672977e-07  5.00000000e+00 
 5.40314315e-07  2.71020174e+00  5.40314315e-07 -2.70715388e-03  5.40314315e-07  5.00000000e+00 
 5.69955652e-07  2.71016224e+00  5.69955652e-07 -2.71292051e-03  5.69955652e-07  5.00000000e+00 
 5.99596990e-07  2.71019857e+00  5.99596990e-07 -2.70770651e-03  5.99596990e-07  5.00000000e+00 
 6.29238328e-07  2.71016599e+00  6.29238328e-07 -2.71241936e-03  6.29238328e-07  5.00000000e+00 
 6.58879666e-07  2.71019589e+00  6.58879666e-07 -2.70816146e-03  6.58879666e-07  5.00000000e+00 
 6.88521003e-07  2.71016902e+00  6.88521003e-07 -2.71200676e-03  6.88521003e-07  5.00000000e+00 
 7.18162341e-07  2.71019363e+00  7.18162341e-07 -2.70853597e-03  7.18162341e-07  5.00000000e+00 
 7.47803679e-07  2.71017148e+00  7.47803679e-07 -2.71166712e-03  7.47803679e-07  5.00000000e+00 
 7.77445016e-07  2.71019173e+00  7.77445016e-07 -2.70884420e-03  7.77445016e-07  5.00000000e+00 
 8.07086354e-07  2.71017347e+00  8.07086354e-07 -2.71138759e-03  8.07086354e-07  5.00000000e+00 
 8.36727692e-07  2.71019015e+00  8.36727692e-07 -2.70909783e-03  8.36727692e-07  5.00000000e+00 
 8.66369030e-07  2.71017509e+00  8.66369030e-07 -2.71115759e-03  8.66369030e-07  5.00000000e+00 
 8.96010367e-07  2.71018882e+00  8.96010367e-07 -2.70930650e-03  8.96010367e-07  5.00000000e+00 
 9.25651705e-07  2.71017641e+00  9.25651705e-07 -2.71096838e-03  9.25651705e-07  5.00000000e+00 
 9.55293043e-07  2.71018772e+00  9.55293043e-07 -2.70947812e-03  9.55293043e-07  5.00000000e+00 
 9.84934381e-07  2.71017749e+00  9.84934381e-07 -2.71081277e-03  9.84934381e-07  5.00000000e+00 
 1.01457572e-06  2.71018680e+00  1.01457572e-06 -2.70961923e-03  1.01457572e-06  5.00000000e+00 
 1.04421706e-06  2.71017838e+00  1.04421706e-06 -2.71068485e-03  1.04421706e-06  5.00000000e+00 
 1.07385839e-06  2.71018604e+00  1.07385839e-06 -2.70973521e-03  1.07385839e-06  5.00000000e+00 
 1.10349973e-06  2.71017910e+00  1.10349973e-06 -2.71057974e-03  1.10349973e-06  5.00000000e+00 
 1.13314107e-06  2.71018541e+00  1.13314107e-06 -2.70983048e-03  1.13314107e-06  5.00000000e+00 
 1.16278241e-06  2.71017970e+00  1.16278241e-06 -2.71049341e-03  1.16278241e-06  5.00000000e+00 
 1.19242374e-06  2.71018489e+00  1.19242374e-06 -2.70990870e-03  1.19242374e-06  5.00000000e+00 
 1.22206508e-06  2.71018018e+00  1.22206508e-06 -2.71042255e-03  1.22206508e-06  5.00000000e+00 
 1.25170642e-06  2.71018446e+00  1.25170642e-06 -2.70997288e-03  1.25170642e-06  5.00000000e+00 
 1.28134776e-06  2.71018058e+00  1.28134776e-06 -2.71036444e-03  1.28134776e-06  5.00000000e+00 
 1.31098910e-06  2.71018411e+00  1.31098910e-06 -2.71002550e-03  1.31098910e-06  5.00000000e+00 
 1.34063043e-06  2.71018091e+00  1.34063043e-06 -2.71031682e-03  1.34063043e-06  5.00000000e+00 
 1.37027177e-06  2.71018381e+00  1.37027177e-06 -2.71006859e-03  1.37027177e-06  5.00000000e+00 
 1.39991311e-06  2.71018118e+00  1.39991311e-06 -2.71027784e-03  1.39991311e-06  5.00000000e+00 
 1.42955445e-06  2.71018357e+00  1.42955445e-06 -2.71010383e-03  1.42955445e-06  5.00000000e+00 
 1.45919578e-06  2.71018140e+00  1.45919578e-06 -2.71024598e-03  1.45919578e-06  5.00000000e+00 
 1.48883712e-06  2.71018337e+00  1.48883712e-06 -2.71013262e-03  1.48883712e-06  5.00000000e+00 
 1.51847846e-06  2.71018159e+00  1.51847846e-06 -2.71021998e-03  1.51847846e-06  5.00000000e+00 
 1.54811980e-06  2.71018321e+00  1.54811980e-06 -2.71015610e-03  1.54811980e-06  5.00000000e+00 
 1.57776114e-06  2.71018174e+00  1.57776114e-06 -2.71019879e-03  1.57776114e-06  5.00000000e+00 
 1.60740247e-06  2.71018307e+00  1.60740247e-06 -2.71017520e-03  1.60740247e-06  5.00000000e+00 
 1.63704381e-06  2.71018186e+00  1.63704381e-06 -2.71018158e-03  1.63704381e-06  5.00000000e+00 
 1.66668515e-06  2.71018296e+00  1.66668515e-06 -2.71019070e-03  1.66668515e-06  5.00000000e+00 
 1.69632649e-06  2.71018196e+00  1.69632649e-06 -2.71016764e-03  1.69632649e-06  5.00000000e+00 
 1.72596782e-06  2.71018287e+00  1.72596782e-06 -2.71020323e-03  1.72596782e-06  5.00000000e+00 
 1.75560916e-06  2.71018205e+00  1.75560916e-06 -2.71015638e-03  1.75560916e-06  5.00000000e+00 
 1.78525050e-06  2.71018279e+00  1.78525050e-06 -2.71021333e-03  1.78525050e-06  5.00000000e+00 
 1.81489184e-06  2.71018212e+00  1.81489184e-06 -2.71014733e-03  1.81489184e-06  5.00000000e+00 
 1.84453318e-06  2.71018273e+00  1.84453318e-06 -2.71022143e-03  1.84453318e-06  5.00000000e+00 
 1.87417451e-06  2.71018217e+00  1.87417451e-06 -2.71014010e-03  1.87417451e-06  5.00000000e+00 
 1.90381585e-06  2.71018267e+00  1.90381585e-06 -2.71022788e-03  1.90381585e-06  5.00000000e+00 
 1.93345719e-06  2.71018222e+00  1.93345719e-06 -2.71013436e-03  1.93345719e-06  5.00000000e+00 
 1.96309853e-06  2.71018263e+00  1.96309853e-06 -2.71023297e-03  1.96309853e-06  5.00000000e+00 
 1.99273986e-06  2.71018226e+00  1.99273986e-06 -2.71012985e-03  1.99273986e-06  5.00000000e+00 
 2.02238120e-06  2.71018260e+00  2.02238120e-06 -2.71023695e-03  2.02238120e-06  5.00000000e+00 
 2.05202254e-06  2.71018229e+00  2.05202254e-06 -2.71012635e-03  2.05202254e-06  5.00000000e+00 
 2.08166388e-06  2.71018257e+00  2.08166388e-06 -2.71024002e-03  2.08166388e-06  5.00000000e+00 
 2.11130521e-06  2.71018232e+00  2.11130521e-06 -2.71012367e-03  2.11130521e-06  5.00000000e+00 
 2.14094655e-06  2.71018254e+00  2.14094655e-06 -2.71024235e-03  2.14094655e-06  5.00000000e+00 
 2.17058789e-06  2.71018234e+00  2.17058789e-06 -2.71012167e-03  2.17058789e-06  5.00000000e+00 
 2.20022923e-06  2.71018252e+00  2.20022923e-06 -2.71024405e-03  2.20022923e-06  5.00000000e+00 
 2.22987057e-06  2.71018236e+00  2.22987057e-06 -2.71012022e-03  2.22987057e-06  5.00000000e+00 
 2.25951190e-06  2.71018251e+00  2.25951190e-06 -2.71024526e-03  2.25951190e-06  5.00000000e+00 
 2.28915324e-06  2.71018237e+00  2.28915324e-06 -2.71011923e-03  2.28915324e-06  5.00000000e+00 
 2.31879458e-06  2.71018250e+00  2.31879458e-06 -2.71024606e-03  2.31879458e-06  5.00000000e+00 
 2.34843592e-06  2.71018238e+00  2.34843592e-06 -2.71011861e-03  2.34843592e-06  5.00000000e+00 
 2.37807725e-06  2.71018248e+00  2.37807725e-06 -2.71024652e-03  2.37807725e-06  5.00000000e+00 
 2.40771859e-06  2.71018239e+00  2.40771859e-06 -2.71011829e-03  2.40771859e-06  5.00000000e+00 
 2.43735993e-06  2.71018248e+00  2.43735993e-06 -2.71024671e-03  2.43735993e-06  5.00000000e+00 
 2.46700127e-06  2.71018240e+00  2.46700127e-06 -2.71011822e-03  2.46700127e-06  5.00000000e+00 
 2.49664261e-06  2.71018247e+00  2.49664261e-06 -2.71024668e-03  2.49664261e-06  5.00000000e+00 
 2.52628394e-06  2.71018241e+00  2.52628394e-06 -2.71011834e-03  2.52628394e-06  5.00000000e+00 
 2.55592528e-06  2.71018246e+00  2.55592528e-06 -2.71024647e-03  2.55592528e-06  5.00000000e+00 
 2.58556662e-06  2.71018241e+00  2.58556662e-06 -2.71011863e-03  2.58556662e-06  5.00000000e+00 
 2.61520796e-06  2.71018246e+00  2.61520796e-06 -2.71024611e-03  2.61520796e-06  5.00000000e+00 
 2.64484929e-06  2.71018242e+00  2.64484929e-06 -2.71011905e-03  2.64484929e-06  5.00000000e+00 
 2.67449063e-06  2.71018245e+00  2.67449063e-06 -2.71024564e-03  2.67449063e-06  5.00000000e+00 
 2.70413197e-06  2.71018242e+00  2.70413197e-06 -2.71011957e-03  2.70413197e-06  5.00000000e+00 
 2.73377331e-06  2.71018245e+00  2.73377331e-06 -2.71024508e-03  2.73377331e-06  5.00000000e+00 
 2.76341464e-06  2.71018242e+00  2.76341464e-06 -2.71012017e-03  2.76341464e-06  5.00000000e+00 
 2.79305598e-06  2.71018245e+00  2.79305598e-06 -2.71024444e-03  2.79305598e-06  5.00000000e+00 
 2.82269732e-06  2.71018243e+00  2.82269732e-06 -2.71012084e-03  2.82269732e-06  5.00000000e+00 
 2.85233866e-06  2.71018244e+00  2.85233866e-06 -2.71024374e-03  2.85233866e-06  5.00000000e+00 
 2.88198000e-06  2.71018243e+00  2.88198000e-06 -2.71012156e-03  2.88198000e-06  5.00000000e+00 
 2.91162133e-06  2.71018244e+00  2.91162133e-06 -2.71024300e-03  2.91162133e-06  5.00000000e+00 
 2.94126267e-06  2.71018243e+00  2.94126267e-06 -2.71012232e-03  2.94126267e-06  5.00000000e+00 
 2.97090401e-06  2.71018244e+00  2.97090401e-06 -2.71024223e-03  2.97090401e-06  5.00000000e+00 
 3.00054535e-06  2.71018243e+00  3.00054535e-06 -2.71012311e-03  3.00054535e-06  5.00000000e+00 
 3.03018668e-06  2.71018244e+00  3.03018668e-06 -2.71024143e-03  3.03018668e-06  5.00000000e+00 
 3.05982802e-06  2.71018243e+00  3.05982802e-06 -2.71012392e-03  3.05982802e-06  5.00000000e+00 
 3.08946936e-06  2.71018244e+00  3.08946936e-06 -2.71024061e-03  3.08946936e-06  5.00000000e+00 
 3.11911070e-06  2.71018243e+00  3.11911070e-06 -2.71012474e-03  3.11911070e-06  5.00000000e+00 
 3.14875204e-06  2.71018244e+00  3.14875204e-06 -2.71023978e-03  3.14875204e-06  5.00000000e+00 
 3.17839337e-06  2.71018244e+00  3.17839337e-06 -2.71012558e-03  3.17839337e-06  5.00000000e+00 
 3.20803471e-06  2.71018244e+00  3.20803471e-06 -2.71023894e-03  3.20803471e-06  5.00000000e+00 
 3.23767605e-06  2.71018244e+00  3.23767605e-06 -2.71012642e-03  3.23767605e-06  5.00000000e+00 
 3.26731739e-06  2.71018244e+00  3.26731739e-06 -2.71023810e-03  3.26731739e-06  5.00000000e+00 
 3.29695872e-06  2.71018244e+00  3.29695872e-06 -2.71012726e-03  3.29695872e-06  5.00000000e+00 
 3.32660006e-06  2.71018244e+00  3.32660006e-06 -2.71023726e-03  3.32660006e-06  5.00000000e+00 
 3.35624140e-06  2.71018244e+00  3.35624140e-06 -2.71012810e-03  3.35624140e-06  5.00000000e+00 
 3.38588274e-06  2.71018244e+00  3.38588274e-06 -2.71023641e-03  3.38588274e-06  5.00000000e+00 
 3.41552408e-06  2.71018244e+00  3.41552408e-06 -2.71012894e-03  3.41552408e-06  5.00000000e+00 
 3.44516541e-06  2.71018244e+00  3.44516541e-06 -2.71023558e-03  3.44516541e-06  5.00000000e+00 
 3.47480675e-06  2.71018244e+00  3.47480675e-06 -2.71012978e-03  3.47480675e-06  5.00000000e+00 
 3.50444809e-06  2.71018244e+00  3.50444809e-06 -2.71023474e-03  3.50444809e-06  5.00000000e+00 
 3.53408943e-06  2.71018244e+00  3.53408943e-06 -2.71013061e-03  3.53408943e-06  5.00000000e+00 
 3.56373076e-06  2.71018244e+00  3.56373076e-06 -2.71023392e-03  3.56373076e-06  5.00000000e+00 
 3.59337210e-06  2.71018244e+00  3.59337210e-06 -2.71013143e-03  3.59337210e-06  5.00000000e+00 
 3.62301344e-06  2.71018243e+00  3.62301344e-06 -2.71023310e-03  3.62301344e-06  5.00000000e+00 
 3.65265478e-06  2.71018244e+00  3.65265478e-06 -2.71013224e-03  3.65265478e-06  5.00000000e+00 
 3.68229611e-06  2.71018243e+00  3.68229611e-06 -2.71023230e-03  3.68229611e-06  5.00000000e+00 
 3.71193745e-06  2.71018244e+00  3.71193745e-06 -2.71013304e-03  3.71193745e-06  5.00000000e+00 
 3.74157879e-06  2.71018243e+00  3.74157879e-06 -2.71023150e-03  3.74157879e-06  5.00000000e+00 
 3.77122013e-06  2.71018244e+00  3.77122013e-06 -2.71013384e-03  3.77122013e-06  5.00000000e+00 
 3.80086147e-06  2.71018243e+00  3.80086147e-06 -2.71023071e-03  3.80086147e-06  5.00000000e+00 
 3.83050280e-06  2.71018244e+00  3.83050280e-06 -2.71013462e-03  3.83050280e-06  5.00000000e+00 
 3.86014414e-06  2.71018243e+00  3.86014414e-06 -2.71022993e-03  3.86014414e-06  5.00000000e+00 
 3.88978548e-06  2.71018244e+00  3.88978548e-06 -2.71013539e-03  3.88978548e-06  5.00000000e+00 
 3.91942682e-06  2.71018243e+00  3.91942682e-06 -2.71022916e-03  3.91942682e-06  5.00000000e+00 
 3.94906815e-06  2.71018244e+00  3.94906815e-06 -2.71013615e-03  3.94906815e-06  5.00000000e+00 
 3.97870949e-06  2.71018243e+00  3.97870949e-06 -2.71022841e-03  3.97870949e-06  5.00000000e+00 
 4.00835083e-06  2.71018244e+00  4.00835083e-06 -2.71013690e-03  4.00835083e-06  5.00000000e+00 
 4.03799217e-06  2.71018243e+00  4.03799217e-06 -2.71022766e-03  4.03799217e-06  5.00000000e+00 
 4.06763351e-06  2.71018244e+00  4.06763351e-06 -2.71013764e-03  4.06763351e-06  5.00000000e+00 
 4.09727484e-06  2.71018243e+00  4.09727484e-06 -2.71022693e-03  4.09727484e-06  5.00000000e+00 
 4.12691618e-06  2.71018244e+00  4.12691618e-06 -2.71013837e-03  4.12691618e-06  5.00000000e+00 
 4.15655752e-06  2.71018243e+00  4.15655752e-06 -2.71022621e-03  4.15655752e-06  5.00000000e+00 
 4.18619886e-06  2.71018244e+00  4.18619886e-06 -2.71013909e-03  4.18619886e-06  5.00000000e+00 
 4.21584019e-06  2.71018243e+00  4.21584019e-06 -2.71022549e-03  4.21584019e-06  5.00000000e+00 
 4.24548153e-06  2.71018244e+00  4.24548153e-06 -2.71013980e-03  4.24548153e-06  5.00000000e+00 
 4.27512287e-06  2.71018243e+00  4.27512287e-06 -2.71022479e-03  4.27512287e-06  5.00000000e+00 
 4.30476421e-06  2.71018244e+00  4.30476421e-06 -2.71014049e-03  4.30476421e-06  5.00000000e+00 
 4.33440555e-06  2.71018243e+00  4.33440555e-06 -2.71022410e-03  4.33440555e-06  5.00000000e+00 
 4.36404688e-06  2.71018244e+00  4.36404688e-06 -2.71014118e-03  4.36404688e-06  5.00000000e+00 
 4.39368822e-06  2.71018243e+00  4.39368822e-06 -2.71022342e-03  4.39368822e-06  5.00000000e+00 
 4.42332956e-06  2.71018244e+00  4.42332956e-06 -2.71014185e-03  4.42332956e-06  5.00000000e+00 
 4.45297090e-06  2.71018243e+00  4.45297090e-06 -2.71022275e-03  4.45297090e-06  5.00000000e+00 
 4.48261223e-06  2.71018244e+00  4.48261223e-06 -2.71014251e-03  4.48261223e-06  5.00000000e+00 
 4.51225357e-06  2.71018243e+00  4.51225357e-06 -2.71022210e-03  4.51225357e-06  5.00000000e+00 
 4.54189491e-06  2.71018244e+00  4.54189491e-06 -2.71014317e-03  4.54189491e-06  5.00000000e+00 
 4.57153625e-06  2.71018243e+00  4.57153625e-06 -2.71022145e-03  4.57153625e-06  5.00000000e+00 
 4.60117758e-06  2.71018244e+00  4.60117758e-06 -2.71014381e-03  4.60117758e-06  5.00000000e+00 
 4.63081892e-06  2.71018243e+00  4.63081892e-06 -2.71022081e-03  4.63081892e-06  5.00000000e+00 
 4.66046026e-06  2.71018244e+00  4.66046026e-06 -2.71014444e-03  4.66046026e-06  5.00000000e+00 
 4.69010160e-06  2.71018243e+00  4.69010160e-06 -2.71022019e-03  4.69010160e-06  5.00000000e+00 
 4.71974294e-06  2.71018244e+00  4.71974294e-06 -2.71014506e-03  4.71974294e-06  5.00000000e+00 
 4.74938427e-06  2.71018243e+00  4.74938427e-06 -2.71021957e-03  4.74938427e-06  5.00000000e+00 
 4.77902561e-06  2.71018244e+00  4.77902561e-06 -2.71014567e-03  4.77902561e-06  5.00000000e+00 
 4.80866695e-06  2.71018243e+00  4.80866695e-06 -2.71021896e-03  4.80866695e-06  5.00000000e+00 
 4.83830829e-06  2.71018244e+00  4.83830829e-06 -2.71014627e-03  4.83830829e-06  5.00000000e+00 
 4.86794962e-06  2.71018243e+00  4.86794962e-06 -2.71021837e-03  4.86794962e-06  5.00000000e+00 
 4.89759096e-06  2.71018244e+00  4.89759096e-06 -2.71014687e-03  4.89759096e-06  5.00000000e+00 
 4.92723230e-06  2.71018243e+00  4.92723230e-06 -2.71021778e-03  4.92723230e-06  5.00000000e+00 
 4.95687364e-06  2.71018244e+00  4.95687364e-06 -2.71014745e-03  4.95687364e-06  5.00000000e+00 
 4.98651498e-06  2.71018243e+00  4.98651498e-06 -2.71021720e-03  4.98651498e-06  5.00000000e+00 
 5.01615631e-06  2.71018244e+00  5.01615631e-06 -2.71014802e-03  5.01615631e-06  5.00000000e+00 
 5.04579765e-06  2.71018244e+00  5.04579765e-06 -2.71021663e-03  5.04579765e-06  5.00000000e+00 
 5.07543899e-06  2.71018244e+00  5.07543899e-06 -2.71014858e-03  5.07543899e-06  5.00000000e+00 
 5.10508033e-06  2.71018244e+00  5.10508033e-06 -2.71021608e-03  5.10508033e-06  5.00000000e+00 
 5.13472166e-06  2.71018244e+00  5.13472166e-06 -2.71014914e-03  5.13472166e-06  5.00000000e+00 
 5.16436300e-06  2.71018244e+00  5.16436300e-06 -2.71021553e-03  5.16436300e-06  5.00000000e+00 
 5.19400434e-06  2.71018244e+00  5.19400434e-06 -2.71014968e-03  5.19400434e-06  5.00000000e+00 
 5.22364568e-06  2.71018244e+00  5.22364568e-06 -2.71021499e-03  5.22364568e-06  5.00000000e+00 
 5.25328701e-06  2.71018244e+00  5.25328701e-06 -2.71015022e-03  5.25328701e-06  5.00000000e+00 
 5.28292835e-06  2.71018244e+00  5.28292835e-06 -2.71021445e-03  5.28292835e-06  5.00000000e+00 
 5.31256969e-06  2.71018244e+00  5.31256969e-06 -2.71015075e-03  5.31256969e-06  5.00000000e+00 
 5.34221103e-06  2.71018244e+00  5.34221103e-06 -2.71021393e-03  5.34221103e-06  5.00000000e+00 
 5.37185237e-06  2.71018244e+00  5.37185237e-06 -2.71015127e-03  5.37185237e-06  5.00000000e+00 
 5.40149370e-06  2.71018244e+00  5.40149370e-06 -2.71021342e-03  5.40149370e-06  5.00000000e+00 
 5.43113504e-06  2.71018244e+00  5.43113504e-06 -2.71015178e-03  5.43113504e-06  5.00000000e+00 
 5.46077638e-06  2.71018244e+00  5.46077638e-06 -2.71021291e-03  5.46077638e-06  5.00000000e+00 
 5.49041772e-06  2.71018244e+00  5.49041772e-06 -2.71015228e-03  5.49041772e-06  5.00000000e+00 
 5.52005905e-06  2.71018244e+00  5.52005905e-06 -2.71021241e-03  5.52005905e-06  5.00000000e+00 
 5.54970039e-06  2.71018244e+00  5.54970039e-06 -2.71015277e-03  5.54970039e-06  5.00000000e+00 
 5.57934173e-06  2.71018244e+00  5.57934173e-06 -2.71021192e-03  5.57934173e-06  5.00000000e+00 
 5.60898307e-06  2.71018244e+00  5.60898307e-06 -2.71015326e-03  5.60898307e-06  5.00000000e+00 
 5.63862441e-06  2.71018244e+00  5.63862441e-06 -2.71021144e-03  5.63862441e-06  5.00000000e+00 
 5.66826574e-06  2.71018244e+00  5.66826574e-06 -2.71015373e-03  5.66826574e-06  5.00000000e+00 
 5.69790708e-06  2.71018244e+00  5.69790708e-06 -2.71021097e-03  5.69790708e-06  5.00000000e+00 
 5.72754842e-06  2.71018244e+00  5.72754842e-06 -2.71015420e-03  5.72754842e-06  5.00000000e+00 
 5.75718976e-06  2.71018244e+00  5.75718976e-06 -2.71021050e-03  5.75718976e-06  5.00000000e+00 
 5.78683109e-06  2.71018244e+00  5.78683109e-06 -2.71015467e-03  5.78683109e-06  5.00000000e+00 
 5.81647243e-06  2.71018244e+00  5.81647243e-06 -2.71021004e-03  5.81647243e-06  5.00000000e+00 
 5.84611377e-06  2.71018244e+00  5.84611377e-06 -2.71015512e-03  5.84611377e-06  5.00000000e+00 
 5.87575511e-06  2.71018244e+00  5.87575511e-06 -2.71020959e-03  5.87575511e-06  5.00000000e+00 
 5.90539645e-06  2.71018244e+00  5.90539645e-06 -2.71015557e-03  5.90539645e-06  5.00000000e+00 
 5.93503778e-06  2.71018244e+00  5.93503778e-06 -2.71020915e-03  5.93503778e-06  5.00000000e+00 
 5.96467912e-06  2.71018244e+00  5.96467912e-06 -2.71015601e-03  5.96467912e-06  5.00000000e+00 
 5.99432046e-06  2.71018244e+00  5.99432046e-06 -2.71020871e-03  5.99432046e-06  5.00000000e+00 
 6.02396180e-06  2.71018244e+00  6.02396180e-06 -2.71015644e-03  6.02396180e-06  5.00000000e+00 
 6.05360313e-06  2.71018244e+00  6.05360313e-06 -2.71020828e-03  6.05360313e-06  5.00000000e+00 
 6.08324447e-06  2.71018244e+00  6.08324447e-06 -2.71015686e-03  6.08324447e-06  5.00000000e+00 
 6.11288581e-06  2.71018244e+00  6.11288581e-06 -2.71020786e-03  6.11288581e-06  5.00000000e+00 
 6.14252715e-06  2.71018244e+00  6.14252715e-06 -2.71015728e-03  6.14252715e-06  5.00000000e+00 
 6.17216848e-06  2.71018244e+00  6.17216848e-06 -2.71020745e-03  6.17216848e-06  5.00000000e+00 
 6.20180982e-06  2.71018244e+00  6.20180982e-06 -2.71015769e-03  6.20180982e-06  5.00000000e+00 
 6.23145116e-06  2.71018244e+00  6.23145116e-06 -2.71020704e-03  6.23145116e-06  5.00000000e+00 
 6.26109250e-06  2.71018244e+00  6.26109250e-06 -2.71015810e-03  6.26109250e-06  5.00000000e+00 
 6.29073384e-06  2.71018244e+00  6.29073384e-06 -2.71020664e-03  6.29073384e-06  5.00000000e+00 
 6.32037517e-06  2.71018244e+00  6.32037517e-06 -2.71015850e-03  6.32037517e-06  5.00000000e+00 
 6.35001651e-06  2.71018244e+00  6.35001651e-06 -2.71020624e-03  6.35001651e-06  5.00000000e+00 
 6.37965785e-06  2.71018244e+00  6.37965785e-06 -2.71015889e-03  6.37965785e-06  5.00000000e+00 
 6.40929919e-06  2.71018244e+00  6.40929919e-06 -2.71020586e-03  6.40929919e-06  5.00000000e+00 
 6.43894052e-06  2.71018244e+00  6.43894052e-06 -2.71015927e-03  6.43894052e-06  5.00000000e+00 
 6.46858186e-06  2.71018244e+00  6.46858186e-06 -2.71020547e-03  6.46858186e-06  5.00000000e+00 
 6.49822320e-06  2.71018244e+00  6.49822320e-06 -2.71015965e-03  6.49822320e-06  5.00000000e+00 
 6.52786454e-06  2.71018244e+00  6.52786454e-06 -2.71020510e-03  6.52786454e-06  5.00000000e+00 
 6.55750588e-06  2.71018244e+00  6.55750588e-06 -2.71016003e-03  6.55750588e-06  5.00000000e+00 
 6.58714721e-06  2.71018244e+00  6.58714721e-06 -2.71020473e-03  6.58714721e-06  5.00000000e+00 
 6.61678855e-06  2.71018244e+00  6.61678855e-06 -2.71016039e-03  6.61678855e-06  5.00000000e+00 
 6.64642989e-06  2.71018244e+00  6.64642989e-06 -2.71020436e-03  6.64642989e-06  5.00000000e+00 
 6.67607123e-06  2.71018244e+00  6.67607123e-06 -2.71016075e-03  6.67607123e-06  5.00000000e+00 
 6.70571256e-06  2.71018244e+00  6.70571256e-06 -2.71020401e-03  6.70571256e-06  5.00000000e+00 
 6.73535390e-06  2.71018244e+00  6.73535390e-06 -2.71016111e-03  6.73535390e-06  5.00000000e+00 
 6.76499524e-06  2.71018244e+00  6.76499524e-06 -2.71020366e-03  6.76499524e-06  5.00000000e+00 
 6.79463658e-06  2.71018244e+00  6.79463658e-06 -2.71016146e-03  6.79463658e-06  5.00000000e+00 
 6.82427792e-06  2.71018244e+00  6.82427792e-06 -2.71020331e-03  6.82427792e-06  5.00000000e+00 
 6.85391925e-06  2.71018244e+00  6.85391925e-06 -2.71016180e-03  6.85391925e-06  5.00000000e+00 
 6.88356059e-06  2.71018244e+00  6.88356059e-06 -2.71020297e-03  6.88356059e-06  5.00000000e+00 
 6.91320193e-06  2.71018244e+00  6.91320193e-06 -2.71016214e-03  6.91320193e-06  5.00000000e+00 
 6.94284327e-06  2.71018244e+00  6.94284327e-06 -2.71020263e-03  6.94284327e-06  5.00000000e+00 
 6.97248460e-06  2.71018244e+00  6.97248460e-06 -2.71016247e-03  6.97248460e-06  5.00000000e+00 
 7.00212594e-06  2.71018244e+00  7.00212594e-06 -2.71020231e-03  7.00212594e-06  5.00000000e+00 
 7.03176728e-06  2.71018244e+00  7.03176728e-06 -2.71016280e-03  7.03176728e-06  5.00000000e+00 
 7.06140862e-06  2.71018244e+00  7.06140862e-06 -2.71020198e-03  7.06140862e-06  5.00000000e+00 
 7.09104995e-06  2.71018244e+00  7.09104995e-06 -2.71016312e-03  7.09104995e-06  5.00000000e+00 
 7.12069129e-06  2.71018244e+00  7.12069129e-06 -2.71020166e-03  7.12069129e-06  5.00000000e+00 
 7.15033263e-06  2.71018244e+00  7.15033263e-06 -2.71016343e-03  7.15033263e-06  5.00000000e+00 
 7.17997397e-06  2.71018244e+00  7.17997397e-06 -2.71020135e-03  7.17997397e-06  5.00000000e+00 
 7.20961531e-06  2.71018244e+00  7.20961531e-06 -2.71016374e-03  7.20961531e-06  5.00000000e+00 
 7.23925664e-06  2.71018244e+00  7.23925664e-06 -2.71020104e-03  7.23925664e-06  5.00000000e+00 
 7.26889798e-06  2.71018244e+00  7.26889798e-06 -2.71016405e-03  7.26889798e-06  5.00000000e+00 
 7.29853932e-06  2.71018244e+00  7.29853932e-06 -2.71020074e-03  7.29853932e-06  5.00000000e+00 
 7.32818066e-06  2.71018244e+00  7.32818066e-06 -2.71016435e-03  7.32818066e-06  5.00000000e+00 
 7.35782199e-06  2.71018244e+00  7.35782199e-06 -2.71020044e-03  7.35782199e-06  5.00000000e+00 
 7.38746333e-06  2.71018244e+00  7.38746333e-06 -2.71016464e-03  7.38746333e-06  5.00000000e+00 
 7.41710467e-06  2.71018244e+00  7.41710467e-06 -2.71020015e-03  7.41710467e-06  5.00000000e+00 
 7.44674601e-06  2.71018244e+00  7.44674601e-06 -2.71016494e-03  7.44674601e-06  5.00000000e+00 
 7.47638735e-06  2.71018244e+00  7.47638735e-06 -2.71019986e-03  7.47638735e-06  5.00000000e+00 
 7.50602868e-06  2.71018244e+00  7.50602868e-06 -2.71016522e-03  7.50602868e-06  5.00000000e+00 
 7.53567002e-06  2.71018244e+00  7.53567002e-06 -2.71019958e-03  7.53567002e-06  5.00000000e+00 
 7.56531136e-06  2.71018244e+00  7.56531136e-06 -2.71016550e-03  7.56531136e-06  5.00000000e+00 
 7.59495270e-06  2.71018244e+00  7.59495270e-06 -2.71019930e-03  7.59495270e-06  5.00000000e+00 
 7.62459403e-06  2.71018244e+00  7.62459403e-06 -2.71016578e-03  7.62459403e-06  5.00000000e+00 
 7.65423537e-06  2.71018244e+00  7.65423537e-06 -2.71019902e-03  7.65423537e-06  5.00000000e+00 
 7.68387671e-06  2.71018244e+00  7.68387671e-06 -2.71016605e-03  7.68387671e-06  5.00000000e+00 
 7.71351805e-06  2.71018244e+00  7.71351805e-06 -2.71019875e-03  7.71351805e-06  5.00000000e+00 
 7.74315939e-06  2.71018244e+00  7.74315939e-06 -2.71016632e-03  7.74315939e-06  5.00000000e+00 
 7.77280072e-06  2.71018244e+00  7.77280072e-06 -2.71019849e-03  7.77280072e-06  5.00000000e+00 
 7.80244206e-06  2.71018244e+00  7.80244206e-06 -2.71016658e-03  7.80244206e-06  5.00000000e+00 
 7.83208340e-06  2.71018244e+00  7.83208340e-06 -2.71019823e-03  7.83208340e-06  5.00000000e+00 
 7.86172474e-06  2.71018244e+00  7.86172474e-06 -2.71016684e-03  7.86172474e-06  5.00000000e+00 
 7.89136607e-06  2.71018244e+00  7.89136607e-06 -2.71019797e-03  7.89136607e-06  5.00000000e+00 
 7.92100741e-06  2.71018244e+00  7.92100741e-06 -2.71016710e-03  7.92100741e-06  5.00000000e+00 
 7.95064875e-06  2.71018244e+00  7.95064875e-06 -2.71019772e-03  7.95064875e-06  5.00000000e+00 
 7.98029009e-06  2.71018244e+00  7.98029009e-06 -2.71016735e-03  7.98029009e-06  5.00000000e+00 
 8.00993142e-06  2.71018244e+00  8.00993142e-06 -2.71019747e-03  8.00993142e-06  5.00000000e+00 
 8.03957276e-06  2.71018244e+00  8.03957276e-06 -2.71016759e-03  8.03957276e-06  5.00000000e+00 
 8.06921410e-06  2.71018244e+00  8.06921410e-06 -2.71019722e-03  8.06921410e-06  5.00000000e+00 
 8.09885544e-06  2.71018244e+00  8.09885544e-06 -2.71016784e-03  8.09885544e-06  5.00000000e+00 
 8.12849678e-06  2.71018244e+00  8.12849678e-06 -2.71019698e-03  8.12849678e-06  5.00000000e+00 
 8.15813811e-06  2.71018244e+00  8.15813811e-06 -2.71016807e-03  8.15813811e-06  5.00000000e+00 
 8.18777945e-06  2.71018244e+00  8.18777945e-06 -2.71019675e-03  8.18777945e-06  5.00000000e+00 
 8.21742079e-06  2.71018244e+00  8.21742079e-06 -2.71016831e-03  8.21742079e-06  5.00000000e+00 
 8.24706213e-06  2.71018244e+00  8.24706213e-06 -2.71019651e-03  8.24706213e-06  5.00000000e+00 
 8.27670346e-06  2.71018244e+00  8.27670346e-06 -2.71016854e-03  8.27670346e-06  5.00000000e+00 
 8.30634480e-06  2.71018244e+00  8.30634480e-06 -2.71019629e-03  8.30634480e-06  5.00000000e+00 
 8.33598614e-06  2.71018244e+00  8.33598614e-06 -2.71016877e-03  8.33598614e-06  5.00000000e+00 
 8.36562748e-06  2.71018244e+00  8.36562748e-06 -2.71019606e-03  8.36562748e-06  5.00000000e+00 
 8.39526882e-06  2.71018244e+00  8.39526882e-06 -2.71016899e-03  8.39526882e-06  5.00000000e+00 
 8.42491015e-06  2.71018244e+00  8.42491015e-06 -2.71019584e-03  8.42491015e-06  5.00000000e+00 
 8.45455149e-06  2.71018244e+00  8.45455149e-06 -2.71016921e-03  8.45455149e-06  5.00000000e+00 
 8.48419283e-06  2.71018244e+00  8.48419283e-06 -2.71019562e-03  8.48419283e-06  5.00000000e+00 
 8.51383417e-06  2.71018244e+00  8.51383417e-06 -2.71016942e-03  8.51383417e-06  5.00000000e+00 
 8.54347550e-06  2.71018244e+00  8.54347550e-06 -2.71019541e-03  8.54347550e-06  5.00000000e+00 
 8.57311684e-06  2.71018244e+00  8.57311684e-06 -2.71016964e-03  8.57311684e-06  5.00000000e+00 
 8.60275818e-06  2.71018244e+00  8.60275818e-06 -2.71019520e-03  8.60275818e-06  5.00000000e+00 
 8.63239952e-06  2.71018244e+00  8.63239952e-06 -2.71016985e-03  8.63239952e-06  5.00000000e+00 
 8.66204085e-06  2.71018244e+00  8.66204085e-06 -2.71019499e-03  8.66204085e-06  5.00000000e+00 
 8.69168219e-06  2.71018244e+00  8.69168219e-06 -2.71017005e-03  8.69168219e-06  5.00000000e+00 
 8.72132353e-06  2.71018244e+00  8.72132353e-06 -2.71019479e-03  8.72132353e-06  5.00000000e+00 
 8.75096487e-06  2.71018244e+00  8.75096487e-06 -2.71017025e-03  8.75096487e-06  5.00000000e+00 
 8.78060621e-06  2.71018244e+00  8.78060621e-06 -2.71019459e-03  8.78060621e-06  5.00000000e+00 
 8.81024754e-06  2.71018244e+00  8.81024754e-06 -2.71017045e-03  8.81024754e-06  5.00000000e+00 
 8.83988888e-06  2.71018244e+00  8.83988888e-06 -2.71019439e-03  8.83988888e-06  5.00000000e+00 
 8.86953022e-06  2.71018244e+00  8.86953022e-06 -2.71017065e-03  8.86953022e-06  5.00000000e+00 
 8.89917156e-06  2.71018244e+00  8.89917156e-06 -2.71019419e-03  8.89917156e-06  5.00000000e+00 
 8.92881289e-06  2.71018244e+00  8.92881289e-06 -2.71017084e-03  8.92881289e-06  5.00000000e+00 
 8.95845423e-06  2.71018244e+00  8.95845423e-06 -2.71019400e-03  8.95845423e-06  5.00000000e+00 
 8.98809557e-06  2.71018244e+00  8.98809557e-06 -2.71017103e-03  8.98809557e-06  5.00000000e+00 
 9.01773691e-06  2.71018244e+00  9.01773691e-06 -2.71019382e-03  9.01773691e-06  5.00000000e+00 
 9.04737825e-06  2.71018244e+00  9.04737825e-06 -2.71017121e-03  9.04737825e-06  5.00000000e+00 
 9.07701958e-06  2.71018244e+00  9.07701958e-06 -2.71019363e-03  9.07701958e-06  5.00000000e+00 
 9.10666092e-06  2.71018244e+00  9.10666092e-06 -2.71017140e-03  9.10666092e-06  5.00000000e+00 
 9.13630226e-06  2.71018244e+00  9.13630226e-06 -2.71019345e-03  9.13630226e-06  5.00000000e+00 
 9.16594360e-06  2.71018244e+00  9.16594360e-06 -2.71017158e-03  9.16594360e-06  5.00000000e+00 
 9.19558493e-06  2.71018244e+00  9.19558493e-06 -2.71019327e-03  9.19558493e-06  5.00000000e+00 
 9.22522627e-06  2.71018244e+00  9.22522627e-06 -2.71017175e-03  9.22522627e-06  5.00000000e+00 
 9.25486761e-06  2.71018244e+00  9.25486761e-06 -2.71019310e-03  9.25486761e-06  5.00000000e+00 
 9.28450895e-06  2.71018244e+00  9.28450895e-06 -2.71017193e-03  9.28450895e-06  5.00000000e+00 
 9.31415029e-06  2.71018244e+00  9.31415029e-06 -2.71019292e-03  9.31415029e-06  5.00000000e+00 
 9.34379162e-06  2.71018244e+00  9.34379162e-06 -2.71017210e-03  9.34379162e-06  5.00000000e+00 
 9.37343296e-06  2.71018244e+00  9.37343296e-06 -2.71019275e-03  9.37343296e-06  5.00000000e+00 
 9.40307430e-06  2.71018244e+00  9.40307430e-06 -2.71017227e-03  9.40307430e-06  5.00000000e+00 
 9.43271564e-06  2.71018244e+00  9.43271564e-06 -2.71019259e-03  9.43271564e-06  5.00000000e+00 
 9.46235697e-06  2.71018244e+00  9.46235697e-06 -2.71017243e-03  9.46235697e-06  5.00000000e+00 
 9.49199831e-06  2.71018244e+00  9.49199831e-06 -2.71019242e-03  9.49199831e-06  5.00000000e+00 
 9.52163965e-06  2.71018244e+00  9.52163965e-06 -2.71017260e-03  9.52163965e-06  5.00000000e+00 
 9.55128099e-06  2.71018244e+00  9.55128099e-06 -2.71019226e-03  9.55128099e-06  5.00000000e+00 
 9.58092232e-06  2.71018244e+00  9.58092232e-06 -2.71017276e-03  9.58092232e-06  5.00000000e+00 
 9.61056366e-06  2.71018244e+00  9.61056366e-06 -2.71019210e-03  9.61056366e-06  5.00000000e+00 
 9.64020500e-06  2.71018244e+00  9.64020500e-06 -2.71017292e-03  9.64020500e-06  5.00000000e+00 
 9.66984634e-06  2.71018244e+00  9.66984634e-06 -2.71019194e-03  9.66984634e-06  5.00000000e+00 
 9.69948768e-06  2.71018244e+00  9.69948768e-06 -2.71017307e-03  9.69948768e-06  5.00000000e+00 
 9.72912901e-06  2.71018244e+00  9.72912901e-06 -2.71019179e-03  9.72912901e-06  5.00000000e+00 
 9.75877035e-06  2.71018244e+00  9.75877035e-06 -2.71017322e-03  9.75877035e-06  5.00000000e+00 
 9.78841169e-06  2.71018244e+00  9.78841169e-06 -2.71019164e-03  9.78841169e-06  5.00000000e+00 
 9.81805303e-06  2.71018244e+00  9.81805303e-06 -2.71017337e-03  9.81805303e-06  5.00000000e+00 
 9.84769436e-06  2.71018244e+00  9.84769436e-06 -2.71019149e-03  9.84769436e-06  5.00000000e+00 
 9.87733570e-06  2.71018244e+00  9.87733570e-06 -2.71017352e-03  9.87733570e-06  5.00000000e+00 
 9.90697704e-06  2.71018244e+00  9.90697704e-06 -2.71019134e-03  9.90697704e-06  5.00000000e+00 
 9.93661838e-06  2.71018244e+00  9.93661838e-06 -2.71017367e-03  9.93661838e-06  5.00000000e+00 
 9.96625972e-06  2.71018244e+00  9.96625972e-06 -2.71019120e-03  9.96625972e-06  5.00000000e+00 
 9.99590105e-06  2.71018244e+00  9.99590105e-06 -2.71017381e-03  9.99590105e-06  5.00000000e+00 
 1.00255424e-05  2.71018244e+00  1.00255424e-05 -2.71019106e-03  1.00255424e-05  5.00000000e+00 
 1.00551837e-05  2.71018244e+00  1.00551837e-05 -2.71017395e-03  1.00551837e-05  5.00000000e+00 
 1.00848251e-05  2.71018244e+00  1.00848251e-05 -2.71019092e-03  1.00848251e-05  5.00000000e+00 
 1.01144664e-05  2.71018244e+00  1.01144664e-05 -2.71017409e-03  1.01144664e-05  5.00000000e+00 
 1.01441077e-05  2.71018244e+00  1.01441077e-05 -2.71019078e-03  1.01441077e-05  5.00000000e+00 
 1.01737491e-05  2.71018244e+00  1.01737491e-05 -2.71017422e-03  1.01737491e-05  5.00000000e+00 
 1.02033904e-05  2.71018244e+00  1.02033904e-05 -2.71019065e-03  1.02033904e-05  5.00000000e+00 
 1.02330318e-05  2.71018244e+00  1.02330318e-05 -2.71017436e-03  1.02330318e-05  5.00000000e+00 
 1.02626731e-05  2.71018244e+00  1.02626731e-05 -2.71019052e-03  1.02626731e-05  5.00000000e+00 
 1.02923144e-05  2.71018244e+00  1.02923144e-05 -2.71017449e-03  1.02923144e-05  5.00000000e+00 
 1.03219558e-05  2.71018244e+00  1.03219558e-05 -2.71019039e-03  1.03219558e-05  5.00000000e+00 
 1.03515971e-05  2.71018244e+00  1.03515971e-05 -2.71017462e-03  1.03515971e-05  5.00000000e+00 
 1.03812384e-05  2.71018244e+00  1.03812384e-05 -2.71019026e-03  1.03812384e-05  5.00000000e+00 
 1.04108798e-05  2.71018244e+00  1.04108798e-05 -2.71017474e-03  1.04108798e-05  5.00000000e+00 
 1.04405211e-05  2.71018244e+00  1.04405211e-05 -2.71019013e-03  1.04405211e-05  5.00000000e+00 
 1.04701625e-05  2.71018244e+00  1.04701625e-05 -2.71017487e-03  1.04701625e-05  5.00000000e+00 
 1.04998038e-05  2.71018244e+00  1.04998038e-05 -2.71019001e-03  1.04998038e-05  5.00000000e+00 
 1.05294451e-05  2.71018244e+00  1.05294451e-05 -2.71017499e-03  1.05294451e-05  5.00000000e+00 
 1.05590865e-05  2.71018244e+00  1.05590865e-05 -2.71018988e-03  1.05590865e-05  5.00000000e+00 
 1.05887278e-05  2.71018244e+00  1.05887278e-05 -2.71017511e-03  1.05887278e-05  5.00000000e+00 
 1.06183691e-05  2.71018244e+00  1.06183691e-05 -2.71018976e-03  1.06183691e-05  5.00000000e+00 
 1.06480105e-05  2.71018244e+00  1.06480105e-05 -2.71017523e-03  1.06480105e-05  5.00000000e+00 
 1.06776518e-05  2.71018244e+00  1.06776518e-05 -2.71018965e-03  1.06776518e-05  5.00000000e+00 
 1.07072932e-05  2.71018244e+00  1.07072932e-05 -2.71017535e-03  1.07072932e-05  5.00000000e+00 
 1.07369345e-05  2.71018244e+00  1.07369345e-05 -2.71018953e-03  1.07369345e-05  5.00000000e+00 
 1.07665758e-05  2.71018244e+00  1.07665758e-05 -2.71017546e-03  1.07665758e-05  5.00000000e+00 
 1.07962172e-05  2.71018244e+00  1.07962172e-05 -2.71018942e-03  1.07962172e-05  5.00000000e+00 
 1.08258585e-05  2.71018244e+00  1.08258585e-05 -2.71017558e-03  1.08258585e-05  5.00000000e+00 
 1.08554998e-05  2.71018244e+00  1.08554998e-05 -2.71018930e-03  1.08554998e-05  5.00000000e+00 
 1.08851412e-05  2.71018244e+00  1.08851412e-05 -2.71017569e-03  1.08851412e-05  5.00000000e+00 
 1.09147825e-05  2.71018244e+00  1.09147825e-05 -2.71018919e-03  1.09147825e-05  5.00000000e+00 
 1.09444239e-05  2.71018244e+00  1.09444239e-05 -2.71017580e-03  1.09444239e-05  5.00000000e+00 
 1.09740652e-05  2.71018244e+00  1.09740652e-05 -2.71018908e-03  1.09740652e-05  5.00000000e+00 
 1.10037065e-05  2.71018244e+00  1.10037065e-05 -2.71017591e-03  1.10037065e-05  5.00000000e+00 
 1.10333479e-05  2.71018244e+00  1.10333479e-05 -2.71018898e-03  1.10333479e-05  5.00000000e+00 
 1.10629892e-05  2.71018244e+00  1.10629892e-05 -2.71017601e-03  1.10629892e-05  5.00000000e+00 
 1.10926305e-05  2.71018244e+00  1.10926305e-05 -2.71018887e-03  1.10926305e-05  5.00000000e+00 
 1.11222719e-05  2.71018244e+00  1.11222719e-05 -2.71017612e-03  1.11222719e-05  5.00000000e+00 
 1.11519132e-05  2.71018244e+00  1.11519132e-05 -2.71018877e-03  1.11519132e-05  5.00000000e+00 
 1.11815546e-05  2.71018244e+00  1.11815546e-05 -2.71017622e-03  1.11815546e-05  5.00000000e+00 
 1.12111959e-05  2.71018244e+00  1.12111959e-05 -2.71018867e-03  1.12111959e-05  5.00000000e+00 
 1.12408372e-05  2.71018244e+00  1.12408372e-05 -2.71017632e-03  1.12408372e-05  5.00000000e+00 
 1.12704786e-05  2.71018244e+00  1.12704786e-05 -2.71018857e-03  1.12704786e-05  5.00000000e+00 
 1.13001199e-05  2.71018244e+00  1.13001199e-05 -2.71017642e-03  1.13001199e-05  5.00000000e+00 
 1.13297613e-05  2.71018244e+00  1.13297613e-05 -2.71018847e-03  1.13297613e-05  5.00000000e+00 
 1.13594026e-05  2.71018244e+00  1.13594026e-05 -2.71017652e-03  1.13594026e-05  5.00000000e+00 
 1.13890439e-05  2.71018244e+00  1.13890439e-05 -2.71018837e-03  1.13890439e-05  5.00000000e+00 
 1.14186853e-05  2.71018244e+00  1.14186853e-05 -2.71017661e-03  1.14186853e-05  5.00000000e+00 
 1.14483266e-05  2.71018244e+00  1.14483266e-05 -2.71018828e-03  1.14483266e-05  5.00000000e+00 
 1.14779679e-05  2.71018244e+00  1.14779679e-05 -2.71017671e-03  1.14779679e-05  5.00000000e+00 
 1.15076093e-05  2.71018244e+00  1.15076093e-05 -2.71018818e-03  1.15076093e-05  5.00000000e+00 
 1.15372506e-05  2.71018244e+00  1.15372506e-05 -2.71017680e-03  1.15372506e-05  5.00000000e+00 
 1.15668920e-05  2.71018244e+00  1.15668920e-05 -2.71018809e-03  1.15668920e-05  5.00000000e+00 
 1.15965333e-05  2.71018244e+00  1.15965333e-05 -2.71017689e-03  1.15965333e-05  5.00000000e+00 
 1.16261746e-05  2.71018244e+00  1.16261746e-05 -2.71018800e-03  1.16261746e-05  5.00000000e+00 
 1.16558160e-05  2.71018244e+00  1.16558160e-05 -2.71017698e-03  1.16558160e-05  5.00000000e+00 
 1.16854573e-05  2.71018244e+00  1.16854573e-05 -2.71018791e-03  1.16854573e-05  5.00000000e+00 
 1.17150986e-05  2.71018244e+00  1.17150986e-05 -2.71017707e-03  1.17150986e-05  5.00000000e+00 
 1.17447400e-05  2.71018244e+00  1.17447400e-05 -2.71018782e-03  1.17447400e-05  5.00000000e+00 
 1.17743813e-05  2.71018244e+00  1.17743813e-05 -2.71017716e-03  1.17743813e-05  5.00000000e+00 
 1.18040227e-05  2.71018244e+00  1.18040227e-05 -2.71018774e-03  1.18040227e-05  5.00000000e+00 
 1.18336640e-05  2.71018244e+00  1.18336640e-05 -2.71017724e-03  1.18336640e-05  5.00000000e+00 
 1.18633053e-05  2.71018244e+00  1.18633053e-05 -2.71018765e-03  1.18633053e-05  5.00000000e+00 
 1.18929467e-05  2.71018244e+00  1.18929467e-05 -2.71017733e-03  1.18929467e-05  5.00000000e+00 
 1.19225880e-05  2.71018244e+00  1.19225880e-05 -2.71018757e-03  1.19225880e-05  5.00000000e+00 
 1.19522293e-05  2.71018244e+00  1.19522293e-05 -2.71017741e-03  1.19522293e-05  5.00000000e+00 
 1.19818707e-05  2.71018244e+00  1.19818707e-05 -2.71018749e-03  1.19818707e-05  5.00000000e+00 
 1.20115120e-05  2.71018244e+00  1.20115120e-05 -2.71017749e-03  1.20115120e-05  5.00000000e+00 
 1.20411534e-05  2.71018244e+00  1.20411534e-05 -2.71018741e-03  1.20411534e-05  5.00000000e+00 
 1.20707947e-05  2.71018244e+00  1.20707947e-05 -2.71017757e-03  1.20707947e-05  5.00000000e+00 
 1.21004360e-05  2.71018244e+00  1.21004360e-05 -2.71018733e-03  1.21004360e-05  5.00000000e+00 
 1.21300774e-05  2.71018244e+00  1.21300774e-05 -2.71017765e-03  1.21300774e-05  5.00000000e+00 
 1.21597187e-05  2.71018244e+00  1.21597187e-05 -2.71018725e-03  1.21597187e-05  5.00000000e+00 
 1.21893600e-05  2.71018244e+00  1.21893600e-05 -2.71017773e-03  1.21893600e-05  5.00000000e+00 
 1.22190014e-05  2.71018244e+00  1.22190014e-05 -2.71018717e-03  1.22190014e-05  5.00000000e+00 
 1.22486427e-05  2.71018244e+00  1.22486427e-05 -2.71017780e-03  1.22486427e-05  5.00000000e+00 
 1.22782841e-05  2.71018244e+00  1.22782841e-05 -2.71018710e-03  1.22782841e-05  5.00000000e+00 
 1.23079254e-05  2.71018244e+00  1.23079254e-05 -2.71017788e-03  1.23079254e-05  5.00000000e+00 
 1.23375667e-05  2.71018244e+00  1.23375667e-05 -2.71018702e-03  1.23375667e-05  5.00000000e+00 
 1.23672081e-05  2.71018244e+00  1.23672081e-05 -2.71017795e-03  1.23672081e-05  5.00000000e+00 
 1.23968494e-05  2.71018244e+00  1.23968494e-05 -2.71018695e-03  1.23968494e-05  5.00000000e+00 
 1.24264907e-05  2.71018244e+00  1.24264907e-05 -2.71017802e-03  1.24264907e-05  5.00000000e+00 
 1.24561321e-05  2.71018244e+00  1.24561321e-05 -2.71018688e-03  1.24561321e-05  5.00000000e+00 
 1.24857734e-05  2.71018244e+00  1.24857734e-05 -2.71017810e-03  1.24857734e-05  5.00000000e+00 
 1.25154148e-05  2.71018244e+00  1.25154148e-05 -2.71018681e-03  1.25154148e-05  5.00000000e+00 
 1.25450561e-05  2.71018244e+00  1.25450561e-05 -2.71017817e-03  1.25450561e-05  5.00000000e+00 
 1.25746974e-05  2.71018244e+00  1.25746974e-05 -2.71018674e-03  1.25746974e-05  5.00000000e+00 
 1.26043388e-05  2.71018244e+00  1.26043388e-05 -2.71017823e-03  1.26043388e-05  5.00000000e+00 
 1.26339801e-05  2.71018244e+00  1.26339801e-05 -2.71018667e-03  1.26339801e-05  5.00000000e+00 
 1.26636214e-05  2.71018244e+00  1.26636214e-05 -2.71017830e-03  1.26636214e-05  5.00000000e+00 
 1.26932628e-05  2.71018244e+00  1.26932628e-05 -2.71018660e-03  1.26932628e-05  5.00000000e+00 
 1.27229041e-05  2.71018244e+00  1.27229041e-05 -2.71017837e-03  1.27229041e-05  5.00000000e+00 
 1.27525455e-05  2.71018244e+00  1.27525455e-05 -2.71018654e-03  1.27525455e-05  5.00000000e+00 
 1.27821868e-05  2.71018244e+00  1.27821868e-05 -2.71017843e-03  1.27821868e-05  5.00000000e+00 
 1.28118281e-05  2.71018244e+00  1.28118281e-05 -2.71018647e-03  1.28118281e-05  5.00000000e+00 
 1.28414695e-05  2.71018244e+00  1.28414695e-05 -2.71017850e-03  1.28414695e-05  5.00000000e+00 
 1.28711108e-05  2.71018244e+00  1.28711108e-05 -2.71018641e-03  1.28711108e-05  5.00000000e+00 
 1.29007522e-05  2.71018244e+00  1.29007522e-05 -2.71017856e-03  1.29007522e-05  5.00000000e+00 
 1.29303935e-05  2.71018244e+00  1.29303935e-05 -2.71018634e-03  1.29303935e-05  5.00000000e+00 
 1.29600348e-05  2.71018244e+00  1.29600348e-05 -2.71017863e-03  1.29600348e-05  5.00000000e+00 
 1.29896762e-05  2.71018244e+00  1.29896762e-05 -2.71018628e-03  1.29896762e-05  5.00000000e+00 
 1.30193175e-05  2.71018244e+00  1.30193175e-05 -2.71017869e-03  1.30193175e-05  5.00000000e+00 
 1.30489588e-05  2.71018244e+00  1.30489588e-05 -2.71018622e-03  1.30489588e-05  5.00000000e+00 
 1.30786002e-05  2.71018244e+00  1.30786002e-05 -2.71017875e-03  1.30786002e-05  5.00000000e+00 
 1.31082415e-05  2.71018244e+00  1.31082415e-05 -2.71018616e-03  1.31082415e-05  5.00000000e+00 
 1.31378829e-05  2.71018244e+00  1.31378829e-05 -2.71017881e-03  1.31378829e-05  5.00000000e+00 
 1.31675242e-05  2.71018244e+00  1.31675242e-05 -2.71018610e-03  1.31675242e-05  5.00000000e+00 
 1.31971655e-05  2.71018244e+00  1.31971655e-05 -2.71017886e-03  1.31971655e-05  5.00000000e+00 
 1.32268069e-05  2.71018244e+00  1.32268069e-05 -2.71018604e-03  1.32268069e-05  5.00000000e+00 
 1.32564482e-05  2.71018244e+00  1.32564482e-05 -2.71017892e-03  1.32564482e-05  5.00000000e+00 
 1.32860895e-05  2.71018244e+00  1.32860895e-05 -2.71018599e-03  1.32860895e-05  5.00000000e+00 
 1.33157309e-05  2.71018244e+00  1.33157309e-05 -2.71017898e-03  1.33157309e-05  5.00000000e+00 
 1.33453722e-05  2.71018244e+00  1.33453722e-05 -2.71018593e-03  1.33453722e-05  5.00000000e+00 
 1.33750136e-05  2.71018244e+00  1.33750136e-05 -2.71017903e-03  1.33750136e-05  5.00000000e+00 
 1.34046549e-05  2.71018244e+00  1.34046549e-05 -2.71018588e-03  1.34046549e-05  5.00000000e+00 
 1.34342962e-05  2.71018244e+00  1.34342962e-05 -2.71017909e-03  1.34342962e-05  5.00000000e+00 
 1.34639376e-05  2.71018244e+00  1.34639376e-05 -2.71018582e-03  1.34639376e-05  5.00000000e+00 
 1.34935789e-05  2.71018244e+00  1.34935789e-05 -2.71017914e-03  1.34935789e-05  5.00000000e+00 
 1.35232202e-05  2.71018244e+00  1.35232202e-05 -2.71018577e-03  1.35232202e-05  5.00000000e+00 
 1.35528616e-05  2.71018244e+00  1.35528616e-05 -2.71017920e-03  1.35528616e-05  5.00000000e+00 
 1.35825029e-05  2.71018244e+00  1.35825029e-05 -2.71018572e-03  1.35825029e-05  5.00000000e+00 
 1.36121443e-05  2.71018244e+00  1.36121443e-05 -2.71017925e-03  1.36121443e-05  5.00000000e+00 
 1.36417856e-05  2.71018244e+00  1.36417856e-05 -2.71018566e-03  1.36417856e-05  5.00000000e+00 
 1.36714269e-05  2.71018244e+00  1.36714269e-05 -2.71017930e-03  1.36714269e-05  5.00000000e+00 
 1.37010683e-05  2.71018244e+00  1.37010683e-05 -2.71018561e-03  1.37010683e-05  5.00000000e+00 
 1.37307096e-05  2.71018244e+00  1.37307096e-05 -2.71017935e-03  1.37307096e-05  5.00000000e+00 
 1.37603509e-05  2.71018244e+00  1.37603509e-05 -2.71018556e-03  1.37603509e-05  5.00000000e+00 
 1.37899923e-05  2.71018244e+00  1.37899923e-05 -2.71017940e-03  1.37899923e-05  5.00000000e+00 
 1.38196336e-05  2.71018244e+00  1.38196336e-05 -2.71018551e-03  1.38196336e-05  5.00000000e+00 
 1.38492750e-05  2.71018244e+00  1.38492750e-05 -2.71017945e-03  1.38492750e-05  5.00000000e+00 
 1.38789163e-05  2.71018244e+00  1.38789163e-05 -2.71018547e-03  1.38789163e-05  5.00000000e+00 
 1.39085576e-05  2.71018244e+00  1.39085576e-05 -2.71017950e-03  1.39085576e-05  5.00000000e+00 
 1.39381990e-05  2.71018244e+00  1.39381990e-05 -2.71018542e-03  1.39381990e-05  5.00000000e+00 
 1.39678403e-05  2.71018244e+00  1.39678403e-05 -2.71017954e-03  1.39678403e-05  5.00000000e+00 
 1.39974816e-05  2.71018244e+00  1.39974816e-05 -2.71018537e-03  1.39974816e-05  5.00000000e+00 
 1.40271230e-05  2.71018244e+00  1.40271230e-05 -2.71017959e-03  1.40271230e-05  5.00000000e+00 
 1.40567643e-05  2.71018244e+00  1.40567643e-05 -2.71018533e-03  1.40567643e-05  5.00000000e+00 
 1.40864057e-05  2.71018244e+00  1.40864057e-05 -2.71017963e-03  1.40864057e-05  5.00000000e+00 
 1.41160470e-05  2.71018244e+00  1.41160470e-05 -2.71018528e-03  1.41160470e-05  5.00000000e+00 
 1.41456883e-05  2.71018244e+00  1.41456883e-05 -2.71017968e-03  1.41456883e-05  5.00000000e+00 
 1.41753297e-05  2.71018244e+00  1.41753297e-05 -2.71018524e-03  1.41753297e-05  5.00000000e+00 
 1.42049710e-05  2.71018244e+00  1.42049710e-05 -2.71017972e-03  1.42049710e-05  5.00000000e+00 
 1.42346123e-05  2.71018244e+00  1.42346123e-05 -2.71018519e-03  1.42346123e-05  5.00000000e+00 
 1.42642537e-05  2.71018244e+00  1.42642537e-05 -2.71017977e-03  1.42642537e-05  5.00000000e+00 
 1.42938950e-05  2.71018244e+00  1.42938950e-05 -2.71018515e-03  1.42938950e-05  5.00000000e+00 
 1.43235364e-05  2.71018244e+00  1.43235364e-05 -2.71017981e-03  1.43235364e-05  5.00000000e+00 
 1.43531777e-05  2.71018244e+00  1.43531777e-05 -2.71018511e-03  1.43531777e-05  5.00000000e+00 
 1.43828190e-05  2.71018244e+00  1.43828190e-05 -2.71017985e-03  1.43828190e-05  5.00000000e+00 
 1.44124604e-05  2.71018244e+00  1.44124604e-05 -2.71018507e-03  1.44124604e-05  5.00000000e+00 
 1.44421017e-05  2.71018244e+00  1.44421017e-05 -2.71017989e-03  1.44421017e-05  5.00000000e+00 
 1.44717431e-05  2.71018244e+00  1.44717431e-05 -2.71018502e-03  1.44717431e-05  5.00000000e+00 
 1.45013844e-05  2.71018244e+00  1.45013844e-05 -2.71017993e-03  1.45013844e-05  5.00000000e+00 
 1.45310257e-05  2.71018244e+00  1.45310257e-05 -2.71018498e-03  1.45310257e-05  5.00000000e+00 
 1.45606671e-05  2.71018244e+00  1.45606671e-05 -2.71017997e-03  1.45606671e-05  5.00000000e+00 
 1.45903084e-05  2.71018244e+00  1.45903084e-05 -2.71018494e-03  1.45903084e-05  5.00000000e+00 
 1.46199497e-05  2.71018244e+00  1.46199497e-05 -2.71018001e-03  1.46199497e-05  5.00000000e+00 
 1.46495911e-05  2.71018244e+00  1.46495911e-05 -2.71018491e-03  1.46495911e-05  5.00000000e+00 
 1.46792324e-05  2.71018244e+00  1.46792324e-05 -2.71018005e-03  1.46792324e-05  5.00000000e+00 
 1.47088738e-05  2.71018244e+00  1.47088738e-05 -2.71018487e-03  1.47088738e-05  5.00000000e+00 
 1.47385151e-05  2.71018244e+00  1.47385151e-05 -2.71018009e-03  1.47385151e-05  5.00000000e+00 
 1.47681564e-05  2.71018244e+00  1.47681564e-05 -2.71018483e-03  1.47681564e-05  5.00000000e+00 
 1.47944126e-05  2.71018244e+00  1.47944126e-05 -2.71018013e-03  1.47944126e-05  5.00000000e+00 
 1.48206689e-05  2.71018244e+00  1.48206689e-05 -2.71018479e-03  1.48206689e-05  5.00000000e+00 
 1.48236330e-05  2.70563760e+00  1.48236330e-05 -2.55383718e-03  1.48236330e-05  4.95000000e+00 
 1.48295613e-05  2.68727044e+00  1.48295613e-05 -2.22259960e-03  1.48295613e-05  4.85000000e+00 
 1.48414178e-05  2.61023333e+00  1.48414178e-05 -1.77595490e-03  1.48414178e-05  4.65000000e+00 
 1.48570622e-05  2.46728361e+00  1.48570622e-05 -1.47183888e-03  1.48570622e-05  4.38610558e+00 
 1.48783390e-05  2.24655547e+00  1.48783390e-05 -1.16379854e-03  1.48783390e-05  4.02720043e+00 
 1.49017240e-05  1.99157493e+00  1.49017240e-05 -8.89412056e-04  1.49017240e-05  3.63273474e+00 
 1.49313653e-05  1.66386570e+00  1.49313653e-05 -5.50284897e-04  1.49313653e-05  3.13273474e+00 
 1.49610067e-05  1.34141373e+00  1.49610067e-05 -2.74402509e-04  1.49610067e-05  2.63273474e+00 
 1.49906480e-05  1.04156847e+00  1.49906480e-05 -8.08062179e-05  1.49906480e-05  2.13273474e+00 
 1.50202894e-05  7.85054173e-01  1.50202894e-05 -1.10983074e-05  1.50202894e-05  1.63273474e+00 
 1.50499307e-05  5.84277108e-01  1.50499307e-05 -8.93480239e-07  1.50499307e-05  1.13273474e+00 
 1.50795720e-05  4.33785322e-01  1.50795720e-05 -4.48422683e-07  1.50795720e-05  6.32734738e-01 
 1.50983271e-05  3.59508821e-01  1.50983271e-05 -4.17447388e-07  1.50983271e-05  3.16367369e-01 
 1.51170822e-05  2.97955924e-01  1.51170822e-05 -4.37665559e-07  1.51170822e-05  0.00000000e+00 
 1.51200464e-05  2.89420373e-01  1.51200464e-05 -3.42414919e-11  1.51200464e-05  0.00000000e+00 
 1.51239500e-05  2.78397236e-01  1.51239500e-05 -3.65188996e-11  1.51239500e-05  0.00000000e+00 
 1.51275349e-05  2.68644035e-01  1.51275349e-05 -3.89455030e-11  1.51275349e-05  0.00000000e+00 
 1.51313576e-05  2.58620736e-01  1.51313576e-05 -4.19582428e-11  1.51313576e-05  0.00000000e+00 
 1.51349621e-05  2.49512624e-01  1.51349621e-05 -4.52373899e-11  1.51349621e-05  0.00000000e+00 
 1.51384977e-05  2.40890250e-01  1.51384977e-05 -4.88841213e-11  1.51384977e-05  0.00000000e+00 
 1.51418804e-05  2.32920643e-01  1.51418804e-05 -5.28753527e-11  1.51418804e-05  0.00000000e+00 
 1.51452696e-05  2.25199742e-01  1.51452696e-05 -5.72858119e-11  1.51452696e-05  0.00000000e+00 
 1.51487248e-05  2.17592607e-01  1.51487248e-05 -6.24255715e-11  1.51487248e-05  0.00000000e+00 
 1.51529656e-05  2.08605264e-01  1.51529656e-05 -6.93895159e-11  1.51529656e-05  0.00000000e+00 
 1.51587866e-05  1.96870215e-01  1.51587866e-05 -8.07066341e-11  1.51587866e-05  0.00000000e+00 
 1.51700896e-05  1.75920359e-01  1.51700896e-05 -1.08147704e-10  1.51700896e-05  0.00000000e+00 
 1.51926954e-05  1.40375220e-01  1.51926954e-05 -1.91007643e-10  1.51926954e-05  0.00000000e+00 
 1.52223367e-05  1.04321514e-01  1.52223367e-05 -3.61225850e-10  1.52223367e-05  0.00000000e+00 
 1.52519781e-05  7.75312804e-02  1.52519781e-05 -5.98751561e-10  1.52519781e-05  0.00000000e+00 
 1.52816194e-05  5.76216494e-02  1.52816194e-05 -8.79457916e-10  1.52816194e-05  0.00000000e+00 
 1.53112607e-05  4.28264424e-02  1.53112607e-05 -1.18007264e-09  1.53112607e-05  0.00000000e+00 
 1.53409021e-05  3.18299009e-02  1.53409021e-05 -1.46774582e-09  1.53409021e-05  0.00000000e+00 
 1.53705434e-05  2.36581249e-02  1.53705434e-05 -1.73077485e-09  1.53705434e-05  0.00000000e+00 
 1.54001848e-05  1.75838187e-02  1.54001848e-05 -1.95729934e-09  1.54001848e-05  0.00000000e+00 
 1.54298261e-05  1.30701407e-02  1.54298261e-05 -2.14822392e-09  1.54298261e-05  0.00000000e+00 
 1.54594674e-05  9.71455285e-03  1.54594674e-05 -2.29774674e-09  1.54594674e-05  0.00000000e+00 
 1.54891088e-05  7.22142263e-03  1.54891088e-05 -2.42153219e-09  1.54891088e-05  0.00000000e+00 
 1.55187501e-05  5.36758289e-03  1.55187501e-05 -2.51126330e-09  1.55187501e-05  0.00000000e+00 
 1.55483914e-05  3.99055769e-03  1.55483914e-05 -2.58741405e-09  1.55483914e-05  0.00000000e+00 
 1.55780328e-05  2.96628620e-03  1.55780328e-05 -2.63838862e-09  1.55780328e-05  0.00000000e+00 
 1.56076741e-05  2.20578630e-03  1.56076741e-05 -2.68391575e-09  1.56076741e-05  0.00000000e+00 
 1.56373155e-05  1.63978478e-03  1.56373155e-05 -2.71146437e-09  1.56373155e-05  0.00000000e+00 
 1.56669568e-05  1.21984552e-03  1.56669568e-05 -2.73873006e-09  1.56669568e-05  0.00000000e+00 
 1.56965981e-05  9.07011039e-04  1.56965981e-05 -2.75277594e-09  1.56965981e-05  0.00000000e+00 
 1.57262395e-05  6.75188123e-04  1.57262395e-05 -2.76943447e-09  1.57262395e-05  0.00000000e+00 
 1.57558808e-05  5.02221198e-04  1.57558808e-05 -2.77593819e-09  1.57558808e-05  0.00000000e+00 
 1.57855221e-05  3.74302147e-04  1.57855221e-05 -2.78647892e-09  1.57855221e-05  0.00000000e+00 
 1.58151635e-05  2.78615414e-04  1.58151635e-05 -2.78888857e-09  1.58151635e-05  0.00000000e+00 
 1.58448048e-05  2.08079392e-04  1.58448048e-05 -2.79586983e-09  1.58448048e-05  0.00000000e+00 
 1.58744462e-05  1.55099239e-04  1.58744462e-05 -2.79614200e-09  1.58744462e-05  0.00000000e+00 
 1.59040875e-05  1.16246775e-04  1.59040875e-05 -2.80099809e-09  1.59040875e-05  0.00000000e+00 
 1.59337288e-05  8.68746909e-05  1.59337288e-05 -2.80023260e-09  1.59337288e-05  0.00000000e+00 
 1.59633702e-05  6.55084199e-05  1.59633702e-05 -2.80375956e-09  1.59633702e-05  0.00000000e+00 
 1.59930115e-05  4.91945164e-05  1.59930115e-05 -2.80257244e-09  1.59930115e-05  0.00000000e+00 
 1.60226529e-05  3.74711075e-05  1.60226529e-05 -2.80520874e-09  1.60226529e-05  0.00000000e+00 
 1.60522942e-05  2.83878317e-05  1.60522942e-05 -2.80394489e-09  1.60522942e-05  0.00000000e+00 
 1.60819355e-05  2.19741151e-05  1.60819355e-05 -2.80593058e-09  1.60819355e-05  0.00000000e+00 
 1.61115769e-05  1.69025408e-05  1.61115769e-05 -2.80478359e-09  1.61115769e-05  0.00000000e+00 
 1.61412182e-05  1.34045040e-05  1.61412182e-05 -2.80624923e-09  1.61412182e-05  0.00000000e+00 
 1.61708595e-05  1.05666804e-05  1.61708595e-05 -2.80532808e-09  1.61708595e-05  0.00000000e+00 
 1.62005009e-05  8.66161851e-06  1.62005009e-05 -2.80634430e-09  1.62005009e-05  0.00000000e+00 
 1.62301422e-05  7.07553668e-06  1.62301422e-05 -2.80571042e-09  1.62301422e-05  0.00000000e+00 
 1.62597836e-05  6.03263683e-06  1.62597836e-05 -2.80631544e-09  1.62597836e-05  0.00000000e+00 
 1.62853840e-05  5.25746610e-06  1.62853840e-05 -2.80601175e-09  1.62853840e-05  0.00000000e+00 
 1.62994561e-05  4.94751015e-06  1.62994561e-05 -2.80608136e-09  1.62994561e-05  0.00000000e+00 
 1.63091629e-05  4.78314329e-06  1.63091629e-05 -2.80650778e-09  1.63091629e-05  0.00000000e+00 
 1.63173943e-05  4.52800052e-06  1.63173943e-05 -2.80550784e-09  1.63173943e-05  0.00000000e+00 
 1.63253713e-05  4.56051963e-06  1.63253713e-05 -2.80716072e-09  1.63253713e-05  0.00000000e+00 
 1.63328930e-05  4.19825303e-06  1.63328930e-05 -2.80488279e-09  1.63328930e-05  0.00000000e+00 
 1.63407903e-05  4.38950334e-06  1.63407903e-05 -2.80777376e-09  1.63407903e-05  0.00000000e+00 
 1.63494698e-05  3.90401308e-06  1.63494698e-05 -2.80437381e-09  1.63494698e-05  0.00000000e+00 
 1.63595586e-05  4.19171730e-06  1.63595586e-05 -2.80819989e-09  1.63595586e-05  0.00000000e+00 
 1.63723173e-05  3.60044443e-06  1.63723173e-05 -2.80406983e-09  1.63723173e-05  0.00000000e+00 
 1.63897619e-05  3.90657536e-06  1.63897619e-05 -2.80842799e-09  1.63897619e-05  0.00000000e+00 
 1.64161110e-05  3.21231058e-06  1.64161110e-05 -2.80394334e-09  1.64161110e-05  0.00000000e+00 
 1.64457523e-05  3.53921621e-06  1.64457523e-05 -2.80854941e-09  1.64457523e-05  0.00000000e+00 
 1.64753936e-05  2.89866281e-06  1.64753936e-05 -2.80388049e-09  1.64753936e-05  0.00000000e+00 
 1.65050350e-05  3.32299145e-06  1.65050350e-05 -2.80864461e-09  1.65050350e-05  0.00000000e+00 
 1.65346763e-05  2.72211543e-06  1.65346763e-05 -2.80381317e-09  1.65346763e-05  0.00000000e+00 
 1.65643176e-05  3.20655458e-06  1.65643176e-05 -2.80872107e-09  1.65643176e-05  0.00000000e+00 
 1.65939590e-05  2.62184677e-06  1.65939590e-05 -2.80375290e-09  1.65939590e-05  0.00000000e+00 
 1.66236003e-05  3.14466408e-06  1.66236003e-05 -2.80878297e-09  1.66236003e-05  0.00000000e+00 
 1.66532417e-05  2.56429886e-06  1.66532417e-05 -2.80370196e-09  1.66532417e-05  0.00000000e+00 
 1.66828830e-05  3.11232024e-06  1.66828830e-05 -2.80883153e-09  1.66828830e-05  0.00000000e+00 
 1.67125243e-05  2.53094364e-06  1.67125243e-05 -2.80366165e-09  1.67125243e-05  0.00000000e+00 
 1.67421657e-05  3.09570438e-06  1.67421657e-05 -2.80886732e-09  1.67421657e-05  0.00000000e+00 
 1.67718070e-05  2.51155311e-06  1.67718070e-05 -2.80363278e-09  1.67718070e-05  0.00000000e+00 
 1.68014484e-05  3.08717719e-06  1.68014484e-05 -2.80889065e-09  1.68014484e-05  0.00000000e+00 
 1.68310897e-05  2.50048163e-06  1.68310897e-05 -2.80361582e-09  1.68310897e-05  0.00000000e+00 
 1.68607310e-05  3.08251562e-06  1.68607310e-05 -2.80890165e-09  1.68607310e-05  0.00000000e+00 
 1.68903724e-05  2.49461214e-06  1.68903724e-05 -2.80361104e-09  1.68903724e-05  0.00000000e+00 
 1.69200137e-05  3.07938664e-06  1.69200137e-05 -2.80890041e-09  1.69200137e-05  0.00000000e+00 
 1.69496550e-05  2.49222162e-06  1.69496550e-05 -2.80361855e-09  1.69496550e-05  0.00000000e+00 
 1.69792964e-05  3.07650398e-06  1.69792964e-05 -2.80888703e-09  1.69792964e-05  0.00000000e+00 
 1.70089377e-05  2.49235436e-06  1.70089377e-05 -2.80363838e-09  1.70089377e-05  0.00000000e+00 
 1.70385791e-05  3.07316238e-06  1.70385791e-05 -2.80886160e-09  1.70385791e-05  0.00000000e+00 
 1.70682204e-05  2.49447576e-06  1.70682204e-05 -2.80367048e-09  1.70682204e-05  0.00000000e+00 
 1.70978617e-05  3.06898024e-06  1.70978617e-05 -2.80882426e-09  1.70978617e-05  0.00000000e+00 
 1.71275031e-05  2.49828106e-06  1.71275031e-05 -2.80371470e-09  1.71275031e-05  0.00000000e+00 
 1.71571444e-05  3.06375742e-06  1.71571444e-05 -2.80877518e-09  1.71571444e-05  0.00000000e+00 
 1.71867857e-05  2.50358981e-06  1.71867857e-05 -2.80377085e-09  1.71867857e-05  0.00000000e+00 
 1.72164271e-05  3.05739662e-06  1.72164271e-05 -2.80871460e-09  1.72164271e-05  0.00000000e+00 
 1.72460684e-05  2.51028755e-06  1.72460684e-05 -2.80383866e-09  1.72460684e-05  0.00000000e+00 
 1.72757098e-05  3.04985994e-06  1.72757098e-05 -2.80864278e-09  1.72757098e-05  0.00000000e+00 
 1.73053511e-05  2.51829373e-06  1.73053511e-05 -2.80391782e-09  1.73053511e-05  0.00000000e+00 
 1.73349924e-05  3.04114476e-06  1.73349924e-05 -2.80856004e-09  1.73349924e-05  0.00000000e+00 
 1.73646338e-05  2.52754400e-06  1.73646338e-05 -2.80400795e-09  1.73646338e-05  0.00000000e+00 
 1.73942751e-05  3.03127036e-06  1.73942751e-05 -2.80846675e-09  1.73942751e-05  0.00000000e+00 
 1.74239164e-05  2.53798058e-06  1.74239164e-05 -2.80410864e-09  1.74239164e-05  0.00000000e+00 
 1.74535578e-05  3.02027042e-06  1.74535578e-05 -2.80836332e-09  1.74535578e-05  0.00000000e+00 
 1.74831991e-05  2.54954700e-06  1.74831991e-05 -2.80421939e-09  1.74831991e-05  0.00000000e+00 
 1.75128405e-05  3.00818880e-06  1.75128405e-05 -2.80825021e-09  1.75128405e-05  0.00000000e+00 
 1.75424818e-05  2.56218537e-06  1.75424818e-05 -2.80433969e-09  1.75424818e-05  0.00000000e+00 
 1.75721231e-05  2.99507707e-06  1.75721231e-05 -2.80812792e-09  1.75721231e-05  0.00000000e+00 
 1.76017645e-05  2.57583489e-06  1.76017645e-05 -2.80446898e-09  1.76017645e-05  0.00000000e+00 
 1.76314058e-05  2.98099304e-06  1.76314058e-05 -2.80799700e-09  1.76314058e-05  0.00000000e+00 
 1.76610471e-05  2.59043129e-06  1.76610471e-05 -2.80460663e-09  1.76610471e-05  0.00000000e+00 
 1.76906885e-05  2.96599979e-06  1.76906885e-05 -2.80785801e-09  1.76906885e-05  0.00000000e+00 
 1.77203298e-05  2.60590657e-06  1.77203298e-05 -2.80475201e-09  1.77203298e-05  0.00000000e+00 
 1.77499712e-05  2.95016505e-06  1.77499712e-05 -2.80771159e-09  1.77499712e-05  0.00000000e+00 
 1.77796125e-05  2.62218904e-06  1.77796125e-05 -2.80490443e-09  1.77796125e-05  0.00000000e+00 
 1.78092538e-05  2.93356062e-06  1.78092538e-05 -2.80755839e-09  1.78092538e-05  0.00000000e+00 
 1.78388952e-05  2.63920351e-06  1.78388952e-05 -2.80506317e-09  1.78388952e-05  0.00000000e+00 
 1.78685365e-05  2.91626202e-06  1.78685365e-05 -2.80739908e-09  1.78685365e-05  0.00000000e+00 
 1.78981778e-05  2.65687156e-06  1.78981778e-05 -2.80522749e-09  1.78981778e-05  0.00000000e+00 
 1.79278192e-05  2.89834799e-06  1.79278192e-05 -2.80723439e-09  1.79278192e-05  0.00000000e+00 
 1.79574605e-05  2.67511184e-06  1.79574605e-05 -2.80539663e-09  1.79574605e-05  0.00000000e+00 
 1.79871019e-05  2.87990019e-06  1.79871019e-05 -2.80706505e-09  1.79871019e-05  0.00000000e+00 
 1.80167432e-05  2.69384044e-06  1.80167432e-05 -2.80556978e-09  1.80167432e-05  0.00000000e+00 
 1.80463845e-05  2.86100274e-06  1.80463845e-05 -2.80689183e-09  1.80463845e-05  0.00000000e+00 
 1.80760259e-05  2.71297125e-06  1.80760259e-05 -2.80574616e-09  1.80760259e-05  0.00000000e+00 
 1.81056672e-05  2.84174188e-06  1.81056672e-05 -2.80671550e-09  1.81056672e-05  0.00000000e+00 
 1.81353085e-05  2.73241635e-06  1.81353085e-05 -2.80592494e-09  1.81353085e-05  0.00000000e+00 
 1.81649499e-05  2.82220555e-06  1.81649499e-05 -2.80653687e-09  1.81649499e-05  0.00000000e+00 
 1.81945912e-05  2.75208645e-06  1.81945912e-05 -2.80610530e-09  1.81945912e-05  0.00000000e+00 
 1.82203079e-05  2.80097173e-06  1.82203079e-05 -2.80634298e-09  1.82203079e-05  0.00000000e+00 
 1.82346397e-05  2.78399258e-06  1.82346397e-05 -2.80639688e-09  1.82346397e-05  0.00000000e+00 
 1.82443453e-05  2.75025928e-06  1.82443453e-05 -2.80588100e-09  1.82443453e-05  0.00000000e+00 
 1.82525989e-05  2.84926943e-06  1.82525989e-05 -2.80698989e-09  1.82525989e-05  0.00000000e+00 
 1.82605982e-05  2.68006913e-06  1.82605982e-05 -2.80524439e-09  1.82605982e-05  0.00000000e+00 
 1.82681097e-05  2.92002318e-06  1.82681097e-05 -2.80762626e-09  1.82681097e-05  0.00000000e+00 
 1.82760018e-05  2.61275639e-06  1.82760018e-05 -2.80463671e-09  1.82760018e-05  0.00000000e+00 
 1.82846591e-05  2.97812735e-06  1.82846591e-05 -2.80814114e-09  1.82846591e-05  0.00000000e+00 
 1.82947050e-05  2.56543298e-06  1.82947050e-05 -2.80421122e-09  1.82947050e-05  0.00000000e+00 
 1.83073925e-05  3.01368469e-06  1.83073925e-05 -2.80844980e-09  1.83073925e-05  0.00000000e+00 
 1.83247006e-05  2.54036787e-06  1.83247006e-05 -2.80398507e-09  1.83247006e-05  0.00000000e+00 
 1.83507841e-05  3.02977160e-06  1.83507841e-05 -2.80858414e-09  1.83507841e-05  0.00000000e+00 
 1.83804255e-05  2.52891231e-06  1.83804255e-05 -2.80388709e-09  1.83804255e-05  0.00000000e+00 
 1.84100668e-05  3.03977621e-06  1.84100668e-05 -2.80867767e-09  1.84100668e-05  0.00000000e+00 
 1.84397081e-05  2.51948396e-06  1.84397081e-05 -2.80380643e-09  1.84397081e-05  0.00000000e+00 
 1.84693495e-05  3.04862737e-06  1.84693495e-05 -2.80875260e-09  1.84693495e-05  0.00000000e+00 
 1.84989908e-05  2.51124592e-06  1.84989908e-05 -2.80373495e-09  1.84989908e-05  0.00000000e+00 
 1.85286322e-05  3.05624369e-06  1.85286322e-05 -2.80881635e-09  1.85286322e-05  0.00000000e+00 
 1.85582735e-05  2.50423821e-06  1.85582735e-05 -2.80367503e-09  1.85582735e-05  0.00000000e+00 
 1.85879148e-05  3.06259738e-06  1.85879148e-05 -2.80886865e-09  1.85879148e-05  0.00000000e+00 
 1.86175562e-05  2.49849825e-06  1.86175562e-05 -2.80362695e-09  1.86175562e-05  0.00000000e+00 
 1.86471975e-05  3.06766337e-06  1.86471975e-05 -2.80890927e-09  1.86471975e-05  0.00000000e+00 
 1.86768388e-05  2.49405540e-06  1.86768388e-05 -2.80359094e-09  1.86768388e-05  0.00000000e+00 
 1.87064802e-05  3.07142080e-06  1.87064802e-05 -2.80893803e-09  1.87064802e-05  0.00000000e+00 
 1.87361215e-05  2.49093179e-06  1.87361215e-05 -2.80356718e-09  1.87361215e-05  0.00000000e+00 
 1.87657629e-05  3.07385384e-06  1.87657629e-05 -2.80895482e-09  1.87657629e-05  0.00000000e+00 
 1.87954042e-05  2.48914277e-06  1.87954042e-05 -2.80355577e-09  1.87954042e-05  0.00000000e+00 
 1.88250455e-05  3.07495216e-06  1.88250455e-05 -2.80895955e-09  1.88250455e-05  0.00000000e+00 
 1.88546869e-05  2.48869717e-06  1.88546869e-05 -2.80355678e-09  1.88546869e-05  0.00000000e+00 
 1.88843282e-05  3.07471125e-06  1.88843282e-05 -2.80895222e-09  1.88843282e-05  0.00000000e+00 
 1.89139696e-05  2.48959742e-06  1.89139696e-05 -2.80357020e-09  1.89139696e-05  0.00000000e+00 
 1.89436109e-05  3.07313249e-06  1.89436109e-05 -2.80893285e-09  1.89436109e-05  0.00000000e+00 
 1.89732522e-05  2.49183959e-06  1.89732522e-05 -2.80359598e-09  1.89732522e-05  0.00000000e+00 
 1.90028936e-05  3.07022328e-06  1.90028936e-05 -2.80890154e-09  1.90028936e-05  0.00000000e+00 
 1.90325349e-05  2.49541354e-06  1.90325349e-05 -2.80363398e-09  1.90325349e-05  0.00000000e+00 
 1.90621762e-05  3.06599700e-06  1.90621762e-05 -2.80885841e-09  1.90621762e-05  0.00000000e+00 
 1.90918176e-05  2.50030289e-06  1.90918176e-05 -2.80368404e-09  1.90918176e-05  0.00000000e+00 
 1.91214589e-05  3.06047299e-06  1.91214589e-05 -2.80880367e-09  1.91214589e-05  0.00000000e+00 
 1.91511003e-05  2.50648520e-06  1.91511003e-05 -2.80374591e-09  1.91511003e-05  0.00000000e+00 
 1.91807416e-05  3.05367647e-06  1.91807416e-05 -2.80873755e-09  1.91807416e-05  0.00000000e+00 
 1.92103829e-05  2.51393205e-06  1.92103829e-05 -2.80381930e-09  1.92103829e-05  0.00000000e+00 
 1.92400243e-05  3.04563842e-06  1.92400243e-05 -2.80866036e-09  1.92400243e-05  0.00000000e+00 
 1.92696656e-05  2.52260915e-06  1.92696656e-05 -2.80390386e-09  1.92696656e-05  0.00000000e+00 
 1.92993069e-05  3.03639547e-06  1.92993069e-05 -2.80857241e-09  1.92993069e-05  0.00000000e+00 
 1.93289483e-05  2.53247655e-06  1.93289483e-05 -2.80399920e-09  1.93289483e-05  0.00000000e+00 
 1.93585896e-05  3.02598973e-06  1.93585896e-05 -2.80847412e-09  1.93585896e-05  0.00000000e+00 
 1.93882310e-05  2.54348880e-06  1.93882310e-05 -2.80410486e-09  1.93882310e-05  0.00000000e+00 
 1.94178723e-05  3.01446857e-06  1.94178723e-05 -2.80836591e-09  1.94178723e-05  0.00000000e+00 
 1.94475136e-05  2.55559518e-06  1.94475136e-05 -2.80422034e-09  1.94475136e-05  0.00000000e+00 
 1.94771550e-05  3.00188446e-06  1.94771550e-05 -2.80824825e-09  1.94771550e-05  0.00000000e+00 
 1.95067963e-05  2.56873992e-06  1.95067963e-05 -2.80434510e-09  1.95067963e-05  0.00000000e+00 
 1.95364376e-05  2.98829469e-06  1.95364376e-05 -2.80812168e-09  1.95364376e-05  0.00000000e+00 
 1.95660790e-05  2.58286246e-06  1.95660790e-05 -2.80447855e-09  1.95660790e-05  0.00000000e+00 
 1.95957203e-05  2.97376117e-06  1.95957203e-05 -2.80798675e-09  1.95957203e-05  0.00000000e+00 
 1.96253617e-05  2.59789778e-06  1.96253617e-05 -2.80462005e-09  1.96253617e-05  0.00000000e+00 
 1.96550030e-05  2.95835007e-06  1.96550030e-05 -2.80784406e-09  1.96550030e-05  0.00000000e+00 
 1.96846443e-05  2.61377662e-06  1.96846443e-05 -2.80476895e-09  1.96846443e-05  0.00000000e+00 
 1.97142857e-05  2.94213160e-06  1.97142857e-05 -2.80769425e-09  1.97142857e-05  0.00000000e+00 
 1.97439270e-05  2.63042590e-06  1.97439270e-05 -2.80492454e-09  1.97439270e-05  0.00000000e+00 
 1.97735683e-05  2.92517967e-06  1.97735683e-05 -2.80753799e-09  1.97735683e-05  0.00000000e+00 
 1.98032097e-05  2.64776898e-06  1.98032097e-05 -2.80508609e-09  1.98032097e-05  0.00000000e+00 
 1.98328510e-05  2.90757155e-06  1.98328510e-05 -2.80737597e-09  1.98328510e-05  0.00000000e+00 
 1.98624924e-05  2.66572607e-06  1.98624924e-05 -2.80525285e-09  1.98624924e-05  0.00000000e+00 
 1.98921337e-05  2.88938751e-06  1.98921337e-05 -2.80720892e-09  1.98921337e-05  0.00000000e+00 
 1.99217750e-05  2.68421458e-06  1.99217750e-05 -2.80542404e-09  1.99217750e-05  0.00000000e+00 
 1.99514164e-05  2.87071050e-06  1.99514164e-05 -2.80703760e-09  1.99514164e-05  0.00000000e+00 
 1.99810577e-05  2.70314952e-06  1.99810577e-05 -2.80559886e-09  1.99810577e-05  0.00000000e+00 
 2.00106990e-05  2.85162575e-06  2.00106990e-05 -2.80686277e-09  2.00106990e-05  0.00000000e+00 
 2.00403404e-05  2.72244386e-06  2.00403404e-05 -2.80577651e-09  2.00403404e-05  0.00000000e+00 
 2.00699817e-05  2.83222038e-06  2.00699817e-05 -2.80668523e-09  2.00699817e-05  0.00000000e+00 
 2.00996231e-05  2.74200898e-06  2.00996231e-05 -2.80595615e-09  2.00996231e-05  0.00000000e+00 
 2.01292644e-05  2.81258302e-06  2.01292644e-05 -2.80650577e-09  2.01292644e-05  0.00000000e+00 
 2.01550795e-05  2.76322122e-06  2.01550795e-05 -2.80615040e-09  2.01550795e-05  0.00000000e+00 
 2.01696326e-05  2.78105205e-06  2.01696326e-05 -2.80621812e-09  2.01696326e-05  0.00000000e+00 
 2.01793310e-05  2.81365397e-06  2.01793310e-05 -2.80661011e-09  2.01793310e-05  0.00000000e+00 
 2.01876006e-05  2.71581484e-06  2.01876006e-05 -2.80562506e-09  2.01876006e-05  0.00000000e+00 
 2.01956159e-05  2.88373659e-06  2.01956159e-05 -2.80724397e-09  2.01956159e-05  0.00000000e+00 
 2.02031155e-05  2.64499950e-06  2.02031155e-05 -2.80498440e-09  2.02031155e-05  0.00000000e+00 
 2.02110007e-05  2.95115677e-06  2.02110007e-05 -2.80784635e-09  2.02110007e-05  0.00000000e+00 
 2.02196363e-05  2.58662634e-06  2.02196363e-05 -2.80445843e-09  2.02196363e-05  0.00000000e+00 
 2.02296431e-05  2.99854604e-06  2.02296431e-05 -2.80826269e-09  2.02296431e-05  0.00000000e+00 
 2.02422681e-05  2.55065258e-06  2.02422681e-05 -2.80413491e-09  2.02422681e-05  0.00000000e+00 
 2.02594595e-05  3.02352247e-06  2.02594595e-05 -2.80847634e-09  2.02594595e-05  0.00000000e+00 
 2.02853211e-05  2.53415278e-06  2.02853211e-05 -2.80398433e-09  2.02853211e-05  0.00000000e+00 
 2.03149624e-05  3.03484854e-06  2.03149624e-05 -2.80857662e-09  2.03149624e-05  0.00000000e+00 
 2.03446038e-05  2.52410276e-06  2.03446038e-05 -2.80390367e-09  2.03446038e-05  0.00000000e+00 
 2.03742451e-05  3.04430322e-06  2.03742451e-05 -2.80865927e-09  2.03742451e-05  0.00000000e+00 
 2.04038864e-05  2.51526250e-06  2.04038864e-05 -2.80382650e-09  2.04038864e-05  0.00000000e+00 
 2.04335278e-05  3.05254502e-06  2.04335278e-05 -2.80872868e-09  2.04335278e-05  0.00000000e+00 
 2.04631691e-05  2.50763005e-06  2.04631691e-05 -2.80376073e-09  2.04631691e-05  0.00000000e+00 
 2.04928104e-05  3.05953801e-06  2.04928104e-05 -2.80878678e-09  2.04928104e-05  0.00000000e+00 
 2.05224518e-05  2.50124747e-06  2.05224518e-05 -2.80370665e-09  2.05224518e-05  0.00000000e+00 
 2.05520931e-05  3.06525553e-06  2.05520931e-05 -2.80883331e-09  2.05520931e-05  0.00000000e+00 
 2.05817345e-05  2.49614806e-06  2.05817345e-05 -2.80366454e-09  2.05817345e-05  0.00000000e+00 
 2.06113758e-05  3.06967449e-06  2.06113758e-05 -2.80886807e-09  2.06113758e-05  0.00000000e+00 
 2.06410171e-05  2.49235750e-06  2.06410171e-05 -2.80363458e-09  2.06410171e-05  0.00000000e+00 
 2.06706585e-05  3.07277644e-06  2.06706585e-05 -2.80889090e-09  2.06706585e-05  0.00000000e+00 
 2.07002998e-05  2.48989454e-06  2.07002998e-05 -2.80361694e-09  2.07002998e-05  0.00000000e+00 
 2.07299412e-05  3.07454825e-06  2.07299412e-05 -2.80890171e-09  2.07299412e-05  0.00000000e+00 
 2.07595825e-05  2.48877128e-06  2.07595825e-05 -2.80361169e-09  2.07595825e-05  0.00000000e+00 
 2.07892238e-05  3.07498244e-06  2.07892238e-05 -2.80890046e-09  2.07892238e-05  0.00000000e+00 
 2.08188652e-05  2.48899335e-06  2.08188652e-05 -2.80361886e-09  2.08188652e-05  0.00000000e+00 
 2.08485065e-05  3.07407741e-06  2.08485065e-05 -2.80888715e-09  2.08485065e-05  0.00000000e+00 
 2.08781478e-05  2.49056003e-06  2.08781478e-05 -2.80363842e-09  2.08781478e-05  0.00000000e+00 
 2.09077892e-05  3.07183754e-06  2.09077892e-05 -2.80886184e-09  2.09077892e-05  0.00000000e+00 
 2.09374305e-05  2.49346429e-06  2.09374305e-05 -2.80367027e-09  2.09374305e-05  0.00000000e+00 
 2.09670719e-05  3.06827319e-06  2.09670719e-05 -2.80882465e-09  2.09670719e-05  0.00000000e+00 
 2.09967132e-05  2.49769290e-06  2.09967132e-05 -2.80371428e-09  2.09967132e-05  0.00000000e+00 
 2.10263545e-05  3.06340069e-06  2.10263545e-05 -2.80877574e-09  2.10263545e-05  0.00000000e+00 
 2.10559959e-05  2.50322645e-06  2.10559959e-05 -2.80377023e-09  2.10559959e-05  0.00000000e+00 
 2.10856372e-05  3.05724233e-06  2.10856372e-05 -2.80871533e-09  2.10856372e-05  0.00000000e+00 
 2.11152785e-05  2.51003953e-06  2.11152785e-05 -2.80383785e-09  2.11152785e-05  0.00000000e+00 
 2.11449199e-05  3.04982618e-06  2.11449199e-05 -2.80864368e-09  2.11449199e-05  0.00000000e+00 
 2.11745612e-05  2.51810078e-06  2.11745612e-05 -2.80391682e-09  2.11745612e-05  0.00000000e+00 
 2.12042026e-05  3.04118606e-06  2.12042026e-05 -2.80856111e-09  2.12042026e-05  0.00000000e+00 
 2.12338439e-05  2.52737309e-06  2.12338439e-05 -2.80400678e-09  2.12338439e-05  0.00000000e+00 
 2.12634852e-05  3.03136132e-06  2.12634852e-05 -2.80846799e-09  2.12634852e-05  0.00000000e+00 
 2.12931266e-05  2.53781376e-06  2.12931266e-05 -2.80410729e-09  2.12931266e-05  0.00000000e+00 
 2.13227679e-05  3.02039670e-06  2.13227679e-05 -2.80836472e-09  2.13227679e-05  0.00000000e+00 
 2.13524092e-05  2.54937470e-06  2.13524092e-05 -2.80421788e-09  2.13524092e-05  0.00000000e+00 
 2.13820506e-05  3.00834215e-06  2.13820506e-05 -2.80825177e-09  2.13820506e-05  0.00000000e+00 
 2.14116919e-05  2.56200266e-06  2.14116919e-05 -2.80433803e-09  2.14116919e-05  0.00000000e+00 
 2.14413333e-05  2.99525253e-06  2.14413333e-05 -2.80812963e-09  2.14413333e-05  0.00000000e+00 
 2.14709746e-05  2.57563945e-06  2.14709746e-05 -2.80446716e-09  2.14709746e-05  0.00000000e+00 
 2.15006159e-05  2.98118746e-06  2.15006159e-05 -2.80799885e-09  2.15006159e-05  0.00000000e+00 
 2.15302573e-05  2.59022228e-06  2.15302573e-05 -2.80460468e-09  2.15302573e-05  0.00000000e+00 
 2.15598986e-05  2.96621100e-06  2.15598986e-05 -2.80786000e-09  2.15598986e-05  0.00000000e+00 
 2.15895399e-05  2.60568398e-06  2.15895399e-05 -2.80474993e-09  2.15895399e-05  0.00000000e+00 
 2.16191813e-05  2.95039136e-06  2.16191813e-05 -2.80771371e-09  2.16191813e-05  0.00000000e+00 
 2.16488226e-05  2.62195337e-06  2.16488226e-05 -2.80490222e-09  2.16488226e-05  0.00000000e+00 
 2.16784640e-05  2.93380062e-06  2.16784640e-05 -2.80756062e-09  2.16784640e-05  0.00000000e+00 
 2.17081053e-05  2.63895555e-06  2.17081053e-05 -2.80506085e-09  2.17081053e-05  0.00000000e+00 
 2.17377466e-05  2.91651438e-06  2.17377466e-05 -2.80740142e-09  2.17377466e-05  0.00000000e+00 
 2.17673880e-05  2.65661229e-06  2.17673880e-05 -2.80522507e-09  2.17673880e-05  0.00000000e+00 
 2.17970293e-05  2.89861145e-06  2.17970293e-05 -2.80723683e-09  2.17970293e-05  0.00000000e+00 
 2.18266706e-05  2.67484237e-06  2.18266706e-05 -2.80539412e-09  2.18266706e-05  0.00000000e+00 
 2.18563120e-05  2.88017348e-06  2.18563120e-05 -2.80706757e-09  2.18563120e-05  0.00000000e+00 
 2.18859533e-05  2.69356195e-06  2.18859533e-05 -2.80556720e-09  2.18859533e-05  0.00000000e+00 
 2.19155947e-05  2.86128457e-06  2.19155947e-05 -2.80689442e-09  2.19155947e-05  0.00000000e+00 
 2.19452360e-05  2.71268499e-06  2.19452360e-05 -2.80574352e-09  2.19452360e-05  0.00000000e+00 
 2.19748773e-05  2.84203096e-06  2.19748773e-05 -2.80671816e-09  2.19748773e-05  0.00000000e+00 
 2.20045187e-05  2.73212363e-06  2.20045187e-05 -2.80592225e-09  2.20045187e-05  0.00000000e+00 
 2.20341600e-05  2.82250053e-06  2.20341600e-05 -2.80653958e-09  2.20341600e-05  0.00000000e+00 
 2.20638013e-05  2.75178860e-06  2.20638013e-05 -2.80610256e-09  2.20638013e-05  0.00000000e+00 
 2.20896509e-05  2.80133026e-06  2.20896509e-05 -2.80634626e-09  2.20896509e-05  0.00000000e+00 
 2.21042817e-05  2.78321181e-06  2.21042817e-05 -2.80638975e-09  2.21042817e-05  0.00000000e+00 
 2.21139762e-05  2.75100441e-06  2.21139762e-05 -2.80588778e-09  2.21139762e-05  0.00000000e+00 
 2.21222508e-05  2.84844724e-06  2.21222508e-05 -2.80698245e-09  2.21222508e-05  0.00000000e+00 
 2.21302710e-05  2.68095470e-06  2.21302710e-05 -2.80525241e-09  2.21302710e-05  0.00000000e+00 
 2.21377658e-05  2.91926097e-06  2.21377658e-05 -2.80761945e-09  2.21377658e-05  0.00000000e+00 
 2.21456479e-05  2.61342853e-06  2.21456479e-05 -2.80464276e-09  2.21456479e-05  0.00000000e+00 
 2.21542753e-05  2.97759813e-06  2.21542753e-05 -2.80813649e-09  2.21542753e-05  0.00000000e+00 
 2.21642679e-05  2.56581395e-06  2.21642679e-05 -2.80421467e-09  2.21642679e-05  0.00000000e+00 
 2.21768705e-05  3.01343203e-06  2.21768705e-05 -2.80844763e-09  2.21768705e-05  0.00000000e+00 
 2.21940209e-05  2.54051905e-06  2.21940209e-05 -2.80398648e-09  2.21940209e-05  0.00000000e+00 
 2.22198055e-05  3.02969921e-06  2.22198055e-05 -2.80858358e-09  2.22198055e-05  0.00000000e+00 
 2.22494469e-05  2.52898423e-06  2.22494469e-05 -2.80388754e-09  2.22494469e-05  0.00000000e+00 
 2.22790882e-05  3.03970563e-06  2.22790882e-05 -2.80867706e-09  2.22790882e-05  0.00000000e+00 
 2.23087296e-05  2.51955184e-06  2.23087296e-05 -2.80380704e-09  2.23087296e-05  0.00000000e+00 
 2.23383709e-05  3.04856097e-06  2.23383709e-05 -2.80875202e-09  2.23383709e-05  0.00000000e+00 
 2.23680122e-05  2.51130997e-06  2.23680122e-05 -2.80373553e-09  2.23680122e-05  0.00000000e+00 
 2.23976536e-05  3.05618164e-06  2.23976536e-05 -2.80881581e-09  2.23976536e-05  0.00000000e+00 
 2.24272949e-05  2.50429805e-06  2.24272949e-05 -2.80367557e-09  2.24272949e-05  0.00000000e+00 
 2.24569362e-05  3.06253989e-06  2.24569362e-05 -2.80886815e-09  2.24569362e-05  0.00000000e+00 
 2.24865776e-05  2.49855355e-06  2.24865776e-05 -2.80362745e-09  2.24865776e-05  0.00000000e+00 
 2.25162189e-05  3.06761066e-06  2.25162189e-05 -2.80890881e-09  2.25162189e-05  0.00000000e+00 
 2.25458603e-05  2.49410587e-06  2.25458603e-05 -2.80359139e-09  2.25458603e-05  0.00000000e+00 
 2.25755016e-05  3.07137309e-06  2.25755016e-05 -2.80893762e-09  2.25755016e-05  0.00000000e+00 
 2.26051429e-05  2.49097717e-06  2.26051429e-05 -2.80356758e-09  2.26051429e-05  0.00000000e+00 
 2.26347843e-05  3.07381133e-06  2.26347843e-05 -2.80895446e-09  2.26347843e-05  0.00000000e+00 
 2.26644256e-05  2.48918285e-06  2.26644256e-05 -2.80355612e-09  2.26644256e-05  0.00000000e+00 
 2.26940669e-05  3.07491505e-06  2.26940669e-05 -2.80895924e-09  2.26940669e-05  0.00000000e+00 
 2.27237083e-05  2.48873177e-06  2.27237083e-05 -2.80355708e-09  2.27237083e-05  0.00000000e+00 
 2.27533496e-05  3.07467969e-06  2.27533496e-05 -2.80895196e-09  2.27533496e-05  0.00000000e+00 
 2.27829910e-05  2.48962636e-06  2.27829910e-05 -2.80357045e-09  2.27829910e-05  0.00000000e+00 
 2.28126323e-05  3.07310663e-06  2.28126323e-05 -2.80893264e-09  2.28126323e-05  0.00000000e+00 
 2.28422736e-05  2.49186276e-06  2.28422736e-05 -2.80359617e-09  2.28422736e-05  0.00000000e+00 
 2.28719150e-05  3.07020323e-06  2.28719150e-05 -2.80890138e-09  2.28719150e-05  0.00000000e+00 
 2.29015563e-05  2.49543081e-06  2.29015563e-05 -2.80363412e-09  2.29015563e-05  0.00000000e+00 
 2.29311976e-05  3.06598285e-06  2.29311976e-05 -2.80885831e-09  2.29311976e-05  0.00000000e+00 
 2.29608390e-05  2.50031419e-06  2.29608390e-05 -2.80368412e-09  2.29608390e-05  0.00000000e+00 
 2.29904803e-05  3.06046481e-06  2.29904803e-05 -2.80880362e-09  2.29904803e-05  0.00000000e+00 
 2.30201217e-05  2.50649048e-06  2.30201217e-05 -2.80374593e-09  2.30201217e-05  0.00000000e+00 
 2.30497630e-05  3.05367429e-06  2.30497630e-05 -2.80873756e-09  2.30497630e-05  0.00000000e+00 
 2.30794043e-05  2.51393128e-06  2.30794043e-05 -2.80381927e-09  2.30794043e-05  0.00000000e+00 
 2.31090457e-05  3.04564226e-06  2.31090457e-05 -2.80866041e-09  2.31090457e-05  0.00000000e+00 
 2.31386870e-05  2.52260233e-06  2.31386870e-05 -2.80390378e-09  2.31386870e-05  0.00000000e+00 
 2.31683283e-05  3.03640531e-06  2.31683283e-05 -2.80857253e-09  2.31683283e-05  0.00000000e+00 
 2.31979697e-05  2.53246372e-06  2.31979697e-05 -2.80399906e-09  2.31979697e-05  0.00000000e+00 
 2.32276110e-05  3.02600552e-06  2.32276110e-05 -2.80847428e-09  2.32276110e-05  0.00000000e+00 
 2.32572524e-05  2.54347003e-06  2.32572524e-05 -2.80410467e-09  2.32572524e-05  0.00000000e+00 
 2.32868937e-05  3.01449025e-06  2.32868937e-05 -2.80836612e-09  2.32868937e-05  0.00000000e+00 
 2.33165350e-05  2.55557054e-06  2.33165350e-05 -2.80422009e-09  2.33165350e-05  0.00000000e+00 
 2.33461764e-05  3.00191192e-06  2.33461764e-05 -2.80824852e-09  2.33461764e-05  0.00000000e+00 
 2.33758177e-05  2.56870953e-06  2.33758177e-05 -2.80434480e-09  2.33758177e-05  0.00000000e+00 
 2.34054590e-05  2.98832782e-06  2.34054590e-05 -2.80812200e-09  2.34054590e-05  0.00000000e+00 
 2.34351004e-05  2.58282646e-06  2.34351004e-05 -2.80447820e-09  2.34351004e-05  0.00000000e+00 
 2.34647417e-05  2.97379980e-06  2.34647417e-05 -2.80798712e-09  2.34647417e-05  0.00000000e+00 
 2.34943831e-05  2.59785633e-06  2.34943831e-05 -2.80461965e-09  2.34943831e-05  0.00000000e+00 
 2.35240244e-05  2.95839404e-06  2.35240244e-05 -2.80784448e-09  2.35240244e-05  0.00000000e+00 
 2.35536657e-05  2.61372992e-06  2.35536657e-05 -2.80476850e-09  2.35536657e-05  0.00000000e+00 
 2.35833071e-05  2.94218071e-06  2.35833071e-05 -2.80769471e-09  2.35833071e-05  0.00000000e+00 
 2.36129484e-05  2.63037416e-06  2.36129484e-05 -2.80492404e-09  2.36129484e-05  0.00000000e+00 
 2.36425897e-05  2.92523369e-06  2.36425897e-05 -2.80753849e-09  2.36425897e-05  0.00000000e+00 
 2.36722311e-05  2.64771245e-06  2.36722311e-05 -2.80508555e-09  2.36722311e-05  0.00000000e+00 
 2.37018724e-05  2.90763023e-06  2.37018724e-05 -2.80737652e-09  2.37018724e-05  0.00000000e+00 
 2.37315138e-05  2.66566500e-06  2.37315138e-05 -2.80525227e-09  2.37315138e-05  0.00000000e+00 
 2.37611551e-05  2.88945060e-06  2.37611551e-05 -2.80720951e-09  2.37611551e-05  0.00000000e+00 
 2.37907964e-05  2.68414926e-06  2.37907964e-05 -2.80542343e-09  2.37907964e-05  0.00000000e+00 
 2.38204378e-05  2.87077770e-06  2.38204378e-05 -2.80703822e-09  2.38204378e-05  0.00000000e+00 
 2.38500791e-05  2.70308024e-06  2.38500791e-05 -2.80559822e-09  2.38500791e-05  0.00000000e+00 
 2.38797205e-05  2.85169676e-06  2.38797205e-05 -2.80686343e-09  2.38797205e-05  0.00000000e+00 
 2.39093618e-05  2.72237094e-06  2.39093618e-05 -2.80577583e-09  2.39093618e-05  0.00000000e+00 
 2.39390031e-05  2.83229488e-06  2.39390031e-05 -2.80668592e-09  2.39390031e-05  0.00000000e+00 
 2.39686445e-05  2.74193276e-06  2.39686445e-05 -2.80595544e-09  2.39686445e-05  0.00000000e+00 
 2.39982858e-05  2.81266066e-06  2.39982858e-05 -2.80650649e-09  2.39982858e-05  0.00000000e+00 
 2.40241368e-05  2.76312610e-06  2.40241368e-05 -2.80614952e-09  2.40241368e-05  0.00000000e+00 
 2.40387707e-05  2.78126116e-06  2.40387707e-05 -2.80622003e-09  2.40387707e-05  0.00000000e+00 
 2.40484649e-05  2.81345504e-06  2.40484649e-05 -2.80660829e-09  2.40484649e-05  0.00000000e+00 
 2.40567398e-05  2.71603567e-06  2.40567398e-05 -2.80562707e-09  2.40567398e-05  0.00000000e+00 
 2.40647601e-05  2.88349759e-06  2.40647601e-05 -2.80724181e-09  2.40647601e-05  0.00000000e+00 
 2.40722547e-05  2.64520661e-06  2.40722547e-05 -2.80498628e-09  2.40722547e-05  0.00000000e+00 
 2.40801367e-05  2.95097245e-06  2.40801367e-05 -2.80784470e-09  2.40801367e-05  0.00000000e+00 
 2.40887638e-05  2.58677476e-06  2.40887638e-05 -2.80445978e-09  2.40887638e-05  0.00000000e+00 
 2.40987558e-05  2.99843673e-06  2.40987558e-05 -2.80826173e-09  2.40987558e-05  0.00000000e+00 
 2.41113576e-05  2.55073058e-06  2.41113576e-05 -2.80413562e-09  2.41113576e-05  0.00000000e+00 
 2.41285063e-05  3.02347200e-06  2.41285063e-05 -2.80847590e-09  2.41285063e-05  0.00000000e+00 
 2.41542878e-05  2.53418469e-06  2.41542878e-05 -2.80398465e-09  2.41542878e-05  0.00000000e+00 
 2.41839292e-05  3.03481647e-06  2.41839292e-05 -2.80857627e-09  2.41839292e-05  0.00000000e+00 
 2.42135705e-05  2.52413524e-06  2.42135705e-05 -2.80390397e-09  2.42135705e-05  0.00000000e+00 
 2.42432118e-05  3.04427011e-06  2.42432118e-05 -2.80865897e-09  2.42432118e-05  0.00000000e+00 
 2.42728532e-05  2.51529596e-06  2.42728532e-05 -2.80382682e-09  2.42728532e-05  0.00000000e+00 
 2.43024945e-05  3.05251116e-06  2.43024945e-05 -2.80872838e-09  2.43024945e-05  0.00000000e+00 
 2.43321359e-05  2.50766429e-06  2.43321359e-05 -2.80376105e-09  2.43321359e-05  0.00000000e+00 
 2.43617772e-05  3.05950353e-06  2.43617772e-05 -2.80878647e-09  2.43617772e-05  0.00000000e+00 
 2.43914185e-05  2.50128232e-06  2.43914185e-05 -2.80370697e-09  2.43914185e-05  0.00000000e+00 
 2.44210599e-05  3.06522058e-06  2.44210599e-05 -2.80883299e-09  2.44210599e-05  0.00000000e+00 
 2.44507012e-05  2.49618334e-06  2.44507012e-05 -2.80366486e-09  2.44507012e-05  0.00000000e+00 
 2.44803426e-05  3.06963921e-06  2.44803426e-05 -2.80886775e-09  2.44803426e-05  0.00000000e+00 
 2.45099839e-05  2.49239305e-06  2.45099839e-05 -2.80363491e-09  2.45099839e-05  0.00000000e+00 
 2.45396252e-05  3.07274100e-06  2.45396252e-05 -2.80889058e-09  2.45396252e-05  0.00000000e+00 
 2.45692666e-05  2.48993019e-06  2.45692666e-05 -2.80361727e-09  2.45692666e-05  0.00000000e+00 
 2.45989079e-05  3.07451279e-06  2.45989079e-05 -2.80890139e-09  2.45989079e-05  0.00000000e+00 
 2.46285492e-05  2.48880686e-06  2.46285492e-05 -2.80361201e-09  2.46285492e-05  0.00000000e+00 
 2.46581906e-05  3.07494714e-06  2.46581906e-05 -2.80890014e-09  2.46581906e-05  0.00000000e+00 
 2.46878319e-05  2.48902871e-06  2.46878319e-05 -2.80361918e-09  2.46878319e-05  0.00000000e+00 
 2.47174733e-05  3.07404243e-06  2.47174733e-05 -2.80888684e-09  2.47174733e-05  0.00000000e+00 
 2.47471146e-05  2.49059499e-06  2.47471146e-05 -2.80363874e-09  2.47471146e-05  0.00000000e+00 
 2.47767559e-05  3.07180303e-06  2.47767559e-05 -2.80886153e-09  2.47767559e-05  0.00000000e+00 
 2.48063973e-05  2.49349871e-06  2.48063973e-05 -2.80367059e-09  2.48063973e-05  0.00000000e+00 
 2.48360386e-05  3.06823931e-06  2.48360386e-05 -2.80882435e-09  2.48360386e-05  0.00000000e+00 
 2.48656799e-05  2.49772660e-06  2.48656799e-05 -2.80371459e-09  2.48656799e-05  0.00000000e+00 
 2.48953213e-05  3.06336760e-06  2.48953213e-05 -2.80877545e-09  2.48953213e-05  0.00000000e+00 
 2.49249626e-05  2.50325929e-06  2.49249626e-05 -2.80377053e-09  2.49249626e-05  0.00000000e+00 
 2.49546040e-05  3.05721017e-06  2.49546040e-05 -2.80871504e-09  2.49546040e-05  0.00000000e+00 
 2.49842453e-05  2.51007135e-06  2.49842453e-05 -2.80383814e-09  2.49842453e-05  0.00000000e+00 
 2.50138866e-05  3.04979511e-06  2.50138866e-05 -2.80864340e-09  2.50138866e-05  0.00000000e+00 
 2.50435280e-05  2.51813143e-06  2.50435280e-05 -2.80391710e-09  2.50435280e-05  0.00000000e+00 
 2.50731693e-05  3.04115621e-06  2.50731693e-05 -2.80856084e-09  2.50731693e-05  0.00000000e+00 
 2.51028106e-05  2.52740244e-06  2.51028106e-05 -2.80400704e-09  2.51028106e-05  0.00000000e+00 
 2.51324520e-05  3.03133283e-06  2.51324520e-05 -2.80846773e-09  2.51324520e-05  0.00000000e+00 
 2.51620933e-05  2.53784168e-06  2.51620933e-05 -2.80410754e-09  2.51620933e-05  0.00000000e+00 
 2.51917347e-05  3.02036971e-06  2.51917347e-05 -2.80836448e-09  2.51917347e-05  0.00000000e+00 
 2.52213760e-05  2.54940105e-06  2.52213760e-05 -2.80421812e-09  2.52213760e-05  0.00000000e+00 
 2.52510173e-05  3.00831677e-06  2.52510173e-05 -2.80825155e-09  2.52510173e-05  0.00000000e+00 
 2.52806587e-05  2.56202732e-06  2.52806587e-05 -2.80433825e-09  2.52806587e-05  0.00000000e+00 
 2.53103000e-05  2.99522888e-06  2.53103000e-05 -2.80812942e-09  2.53103000e-05  0.00000000e+00 
 2.53399413e-05  2.57566231e-06  2.53399413e-05 -2.80446737e-09  2.53399413e-05  0.00000000e+00 
 2.53695827e-05  2.98116566e-06  2.53695827e-05 -2.80799866e-09  2.53695827e-05  0.00000000e+00 
 2.53992240e-05  2.59024323e-06  2.53992240e-05 -2.80460486e-09  2.53992240e-05  0.00000000e+00 
 2.54288654e-05  2.96619113e-06  2.54288654e-05 -2.80785983e-09  2.54288654e-05  0.00000000e+00 
 2.54585067e-05  2.60570294e-06  2.54585067e-05 -2.80475009e-09  2.54585067e-05  0.00000000e+00 
 2.54881480e-05  2.95037352e-06  2.54881480e-05 -2.80771355e-09  2.54881480e-05  0.00000000e+00 
 2.55177894e-05  2.62197024e-06  2.55177894e-05 -2.80490237e-09  2.55177894e-05  0.00000000e+00 
 2.55474307e-05  2.93378489e-06  2.55474307e-05 -2.80756048e-09  2.55474307e-05  0.00000000e+00 
 2.55770720e-05  2.63897026e-06  2.55770720e-05 -2.80506098e-09  2.55770720e-05  0.00000000e+00 
 2.56067134e-05  2.91650084e-06  2.56067134e-05 -2.80740131e-09  2.56067134e-05  0.00000000e+00 
 2.56363547e-05  2.65662477e-06  2.56363547e-05 -2.80522518e-09  2.56363547e-05  0.00000000e+00 
 2.56659961e-05  2.89860016e-06  2.56659961e-05 -2.80723673e-09  2.56659961e-05  0.00000000e+00 
 2.56956374e-05  2.67485255e-06  2.56956374e-05 -2.80539421e-09  2.56956374e-05  0.00000000e+00 
 2.57252787e-05  2.88016449e-06  2.57252787e-05 -2.80706750e-09  2.57252787e-05  0.00000000e+00 
 2.57549201e-05  2.69356980e-06  2.57549201e-05 -2.80556727e-09  2.57549201e-05  0.00000000e+00 
 2.57845614e-05  2.86127793e-06  2.57845614e-05 -2.80689437e-09  2.57845614e-05  0.00000000e+00 
 2.58142027e-05  2.71269048e-06  2.58142027e-05 -2.80574356e-09  2.58142027e-05  0.00000000e+00 
 2.58438441e-05  2.84202668e-06  2.58438441e-05 -2.80671813e-09  2.58438441e-05  0.00000000e+00 
 2.58734854e-05  2.73212672e-06  2.58734854e-05 -2.80592227e-09  2.58734854e-05  0.00000000e+00 
 2.59031268e-05  2.82249866e-06  2.59031268e-05 -2.80653957e-09  2.59031268e-05  0.00000000e+00 
 2.59327681e-05  2.75178929e-06  2.59327681e-05 -2.80610256e-09  2.59327681e-05  0.00000000e+00 
 2.59586190e-05  2.80133154e-06  2.59586190e-05 -2.80634628e-09  2.59586190e-05  0.00000000e+00 
 2.59732528e-05  2.78320402e-06  2.59732528e-05 -2.80638967e-09  2.59732528e-05  0.00000000e+00 
 2.59829470e-05  2.75101531e-06  2.59829470e-05 -2.80588789e-09  2.59829470e-05  0.00000000e+00 
 2.59912219e-05  2.84843149e-06  2.59912219e-05 -2.80698229e-09  2.59912219e-05  0.00000000e+00 
 2.59992422e-05  2.68097519e-06  2.59992422e-05 -2.80525260e-09  2.59992422e-05  0.00000000e+00 
 2.60067368e-05  2.91923753e-06  2.60067368e-05 -2.80761923e-09  2.60067368e-05  0.00000000e+00 
 2.60146188e-05  2.61345485e-06  2.60146188e-05 -2.80464301e-09  2.60146188e-05  0.00000000e+00 
 2.60232459e-05  2.97757010e-06  2.60232459e-05 -2.80813623e-09  2.60232459e-05  0.00000000e+00 
 2.60332380e-05  2.56584307e-06  2.60332380e-05 -2.80421494e-09  2.60332380e-05  0.00000000e+00 
 2.60458397e-05  3.01340243e-06  2.60458397e-05 -2.80844736e-09  2.60458397e-05  0.00000000e+00 
 2.60629886e-05  2.54054898e-06  2.60629886e-05 -2.80398677e-09  2.60629886e-05  0.00000000e+00 
 2.60887702e-05  3.02966942e-06  2.60887702e-05 -2.80858331e-09  2.60887702e-05  0.00000000e+00 
 2.61184116e-05  2.52901482e-06  2.61184116e-05 -2.80388783e-09  2.61184116e-05  0.00000000e+00 
 2.61480529e-05  3.03967461e-06  2.61480529e-05 -2.80867677e-09  2.61480529e-05  0.00000000e+00 
 2.61776942e-05  2.51958357e-06  2.61776942e-05 -2.80380734e-09  2.61776942e-05  0.00000000e+00 
 2.62073356e-05  3.04852887e-06  2.62073356e-05 -2.80875172e-09  2.62073356e-05  0.00000000e+00 
 2.62369769e-05  2.51134271e-06  2.62369769e-05 -2.80373584e-09  2.62369769e-05  0.00000000e+00 
 2.62666183e-05  3.05614862e-06  2.62666183e-05 -2.80881551e-09  2.62666183e-05  0.00000000e+00 
 2.62962596e-05  2.50433164e-06  2.62962596e-05 -2.80367588e-09  2.62962596e-05  0.00000000e+00 
 2.63259009e-05  3.06250609e-06  2.63259009e-05 -2.80886784e-09  2.63259009e-05  0.00000000e+00 
 2.63555423e-05  2.49858785e-06  2.63555423e-05 -2.80362776e-09  2.63555423e-05  0.00000000e+00 
 2.63851836e-05  3.06757624e-06  2.63851836e-05 -2.80890850e-09  2.63851836e-05  0.00000000e+00 
 2.64148249e-05  2.49414072e-06  2.64148249e-05 -2.80359171e-09  2.64148249e-05  0.00000000e+00 
 2.64444663e-05  3.07133821e-06  2.64444663e-05 -2.80893731e-09  2.64444663e-05  0.00000000e+00 
 2.64741076e-05  2.49101241e-06  2.64741076e-05 -2.80356790e-09  2.64741076e-05  0.00000000e+00 
 2.65037490e-05  3.07377615e-06  2.65037490e-05 -2.80895414e-09  2.65037490e-05  0.00000000e+00 
 2.65333903e-05  2.48921832e-06  2.65333903e-05 -2.80355645e-09  2.65333903e-05  0.00000000e+00 
 2.65630316e-05  3.07487973e-06  2.65630316e-05 -2.80895892e-09  2.65630316e-05  0.00000000e+00 
 2.65926730e-05  2.48876730e-06  2.65926730e-05 -2.80355741e-09  2.65926730e-05  0.00000000e+00 
 2.66223143e-05  3.07464439e-06  2.66223143e-05 -2.80895164e-09  2.66223143e-05  0.00000000e+00 
 2.66519557e-05  2.48966179e-06  2.66519557e-05 -2.80357077e-09  2.66519557e-05  0.00000000e+00 
 2.66815970e-05  3.07307151e-06  2.66815970e-05 -2.80893233e-09  2.66815970e-05  0.00000000e+00 
 2.67112383e-05  2.49189793e-06  2.67112383e-05 -2.80359649e-09  2.67112383e-05  0.00000000e+00 
 2.67408797e-05  3.07016845e-06  2.67408797e-05 -2.80890107e-09  2.67408797e-05  0.00000000e+00 
 2.67705210e-05  2.49546555e-06  2.67705210e-05 -2.80363444e-09  2.67705210e-05  0.00000000e+00 
 2.68001623e-05  3.06594858e-06  2.68001623e-05 -2.80885800e-09  2.68001623e-05  0.00000000e+00 
 2.68298037e-05  2.50034835e-06  2.68298037e-05 -2.80368443e-09  2.68298037e-05  0.00000000e+00 
 2.68594450e-05  3.06043120e-06  2.68594450e-05 -2.80880332e-09  2.68594450e-05  0.00000000e+00 
 2.68890864e-05  2.50652390e-06  2.68890864e-05 -2.80374624e-09  2.68890864e-05  0.00000000e+00 
 2.69187277e-05  3.05364149e-06  2.69187277e-05 -2.80873727e-09  2.69187277e-05  0.00000000e+00 
 2.69483690e-05  2.51396381e-06  2.69483690e-05 -2.80381956e-09  2.69483690e-05  0.00000000e+00 
 2.69780104e-05  3.04561042e-06  2.69780104e-05 -2.80866013e-09  2.69780104e-05  0.00000000e+00 
 2.70076517e-05  2.52263382e-06  2.70076517e-05 -2.80390406e-09  2.70076517e-05  0.00000000e+00 
 2.70372930e-05  3.03637458e-06  2.70372930e-05 -2.80857225e-09  2.70372930e-05  0.00000000e+00 
 2.70669344e-05  2.53249402e-06  2.70669344e-05 -2.80399933e-09  2.70669344e-05  0.00000000e+00 
 2.70965757e-05  3.02597604e-06  2.70965757e-05 -2.80847402e-09  2.70965757e-05  0.00000000e+00 
 2.71262171e-05  2.54349900e-06  2.71262171e-05 -2.80410493e-09  2.71262171e-05  0.00000000e+00 
 2.71558584e-05  3.01446214e-06  2.71558584e-05 -2.80836588e-09  2.71558584e-05  0.00000000e+00 
 2.71854997e-05  2.55559805e-06  2.71854997e-05 -2.80422034e-09  2.71854997e-05  0.00000000e+00 
 2.72151411e-05  3.00188533e-06  2.72151411e-05 -2.80824829e-09  2.72151411e-05  0.00000000e+00 
 2.72447824e-05  2.56873545e-06  2.72447824e-05 -2.80434503e-09  2.72447824e-05  0.00000000e+00 
 2.72744237e-05  2.98830286e-06  2.72744237e-05 -2.80812178e-09  2.72744237e-05  0.00000000e+00 
 2.73040651e-05  2.58285069e-06  2.73040651e-05 -2.80447841e-09  2.73040651e-05  0.00000000e+00 
 2.73337064e-05  2.97377659e-06  2.73337064e-05 -2.80798692e-09  2.73337064e-05  0.00000000e+00 
 2.73633478e-05  2.59787874e-06  2.73633478e-05 -2.80461985e-09  2.73633478e-05  0.00000000e+00 
 2.73929891e-05  2.95837268e-06  2.73929891e-05 -2.80784429e-09  2.73929891e-05  0.00000000e+00 
 2.74226304e-05  2.61375042e-06  2.74226304e-05 -2.80476868e-09  2.74226304e-05  0.00000000e+00 
 2.74522718e-05  2.94216130e-06  2.74522718e-05 -2.80769455e-09  2.74522718e-05  0.00000000e+00 
 2.74819131e-05  2.63039265e-06  2.74819131e-05 -2.80492420e-09  2.74819131e-05  0.00000000e+00 
 2.75115544e-05  2.92521632e-06  2.75115544e-05 -2.80753835e-09  2.75115544e-05  0.00000000e+00 
 2.75411958e-05  2.64772883e-06  2.75411958e-05 -2.80508569e-09  2.75411958e-05  0.00000000e+00 
 2.75708371e-05  2.90761499e-06  2.75708371e-05 -2.80737639e-09  2.75708371e-05  0.00000000e+00 
 2.76004785e-05  2.66567922e-06  2.76004785e-05 -2.80525239e-09  2.76004785e-05  0.00000000e+00 
 2.76301198e-05  2.88943754e-06  2.76301198e-05 -2.80720940e-09  2.76301198e-05  0.00000000e+00 
 2.76597611e-05  2.68416124e-06  2.76597611e-05 -2.80542353e-09  2.76597611e-05  0.00000000e+00 
 2.76894025e-05  2.87076690e-06  2.76894025e-05 -2.80703813e-09  2.76894025e-05  0.00000000e+00 
 2.77190438e-05  2.70308994e-06  2.77190438e-05 -2.80559829e-09  2.77190438e-05  0.00000000e+00 
 2.77486851e-05  2.85168826e-06  2.77486851e-05 -2.80686336e-09  2.77486851e-05  0.00000000e+00 
 2.77783265e-05  2.72237831e-06  2.77783265e-05 -2.80577589e-09  2.77783265e-05  0.00000000e+00 
 2.78079678e-05  2.83228871e-06  2.78079678e-05 -2.80668587e-09  2.78079678e-05  0.00000000e+00 
 2.78376092e-05  2.74193776e-06  2.78376092e-05 -2.80595548e-09  2.78376092e-05  0.00000000e+00 
 2.78672505e-05  2.81265687e-06  2.78672505e-05 -2.80650647e-09  2.78672505e-05  0.00000000e+00 
 2.78931014e-05  2.76312856e-06  2.78931014e-05 -2.80614953e-09  2.78931014e-05  0.00000000e+00 
 2.79077352e-05  2.78126098e-06  2.79077352e-05 -2.80622004e-09  2.79077352e-05  0.00000000e+00 
 2.79174295e-05  2.81345156e-06  2.79174295e-05 -2.80660825e-09  2.79174295e-05  0.00000000e+00 
 2.79257043e-05  2.71604337e-06  2.79257043e-05 -2.80562715e-09  2.79257043e-05  0.00000000e+00 
 2.79337246e-05  2.88348569e-06  2.79337246e-05 -2.80724169e-09  2.79337246e-05  0.00000000e+00 
 2.79412192e-05  2.64522290e-06  2.79412192e-05 -2.80498644e-09  2.79412192e-05  0.00000000e+00 
 2.79491012e-05  2.95095230e-06  2.79491012e-05 -2.80784451e-09  2.79491012e-05  0.00000000e+00 
 2.79577283e-05  2.58679822e-06  2.79577283e-05 -2.80446000e-09  2.79577283e-05  0.00000000e+00 
 2.79677204e-05  2.99841072e-06  2.79677204e-05 -2.80826149e-09  2.79677204e-05  0.00000000e+00 
 2.79803222e-05  2.55075852e-06  2.79803222e-05 -2.80413589e-09  2.79803222e-05  0.00000000e+00 
 2.79974710e-05  3.02344289e-06  2.79974710e-05 -2.80847563e-09  2.79974710e-05  0.00000000e+00 
 2.80232526e-05  2.53421472e-06  2.80232526e-05 -2.80398493e-09  2.80232526e-05  0.00000000e+00 
 2.80528940e-05  3.03478597e-06  2.80528940e-05 -2.80857599e-09  2.80528940e-05  0.00000000e+00 
 2.80825353e-05  2.52416649e-06  2.80825353e-05 -2.80390427e-09  2.80825353e-05  0.00000000e+00 
 2.81121766e-05  3.04423847e-06  2.81121766e-05 -2.80865868e-09  2.81121766e-05  0.00000000e+00 
 2.81418180e-05  2.51532827e-06  2.81418180e-05 -2.80382712e-09  2.81418180e-05  0.00000000e+00 
 2.81714593e-05  3.05247853e-06  2.81714593e-05 -2.80872808e-09  2.81714593e-05  0.00000000e+00 
 2.82011006e-05  2.50769752e-06  2.82011006e-05 -2.80376136e-09  2.82011006e-05  0.00000000e+00 
 2.82307420e-05  3.05947006e-06  2.82307420e-05 -2.80878616e-09  2.82307420e-05  0.00000000e+00 
 2.82603833e-05  2.50131633e-06  2.82603833e-05 -2.80370729e-09  2.82603833e-05  0.00000000e+00 
 2.82900247e-05  3.06518642e-06  2.82900247e-05 -2.80883268e-09  2.82900247e-05  0.00000000e+00 
 2.83196660e-05  2.49621796e-06  2.83196660e-05 -2.80366518e-09  2.83196660e-05  0.00000000e+00 
 2.83493073e-05  3.06960452e-06  2.83493073e-05 -2.80886743e-09  2.83493073e-05  0.00000000e+00 
 2.83789487e-05  2.49242813e-06  2.83789487e-05 -2.80363524e-09  2.83789487e-05  0.00000000e+00 
 2.84085900e-05  3.07270593e-06  2.84085900e-05 -2.80889026e-09  2.84085900e-05  0.00000000e+00 
 2.84382313e-05  2.48996557e-06  2.84382313e-05 -2.80361759e-09  2.84382313e-05  0.00000000e+00 
 2.84678727e-05  3.07447752e-06  2.84678727e-05 -2.80890108e-09  2.84678727e-05  0.00000000e+00 
 2.84975140e-05  2.48884238e-06  2.84975140e-05 -2.80361234e-09  2.84975140e-05  0.00000000e+00 
 2.85271554e-05  3.07491181e-06  2.85271554e-05 -2.80889983e-09  2.85271554e-05  0.00000000e+00 
 2.85567967e-05  2.48906420e-06  2.85567967e-05 -2.80361951e-09  2.85567967e-05  0.00000000e+00 
 2.85864380e-05  3.07400721e-06  2.85864380e-05 -2.80888652e-09  2.85864380e-05  0.00000000e+00 
 2.86160794e-05  2.49063029e-06  2.86160794e-05 -2.80363906e-09  2.86160794e-05  0.00000000e+00 
 2.86457207e-05  3.07176809e-06  2.86457207e-05 -2.80886122e-09  2.86457207e-05  0.00000000e+00 
 2.86753620e-05  2.49353365e-06  2.86753620e-05 -2.80367091e-09  2.86753620e-05  0.00000000e+00 
 2.87050034e-05  3.06820479e-06  2.87050034e-05 -2.80882404e-09  2.87050034e-05  0.00000000e+00 
 2.87346447e-05  2.49776104e-06  2.87346447e-05 -2.80371490e-09  2.87346447e-05  0.00000000e+00 
 2.87642861e-05  3.06333368e-06  2.87642861e-05 -2.80877514e-09  2.87642861e-05  0.00000000e+00 
 2.87939274e-05  2.50329305e-06  2.87939274e-05 -2.80377083e-09  2.87939274e-05  0.00000000e+00 
 2.88235687e-05  3.05717699e-06  2.88235687e-05 -2.80871474e-09  2.88235687e-05  0.00000000e+00 
 2.88532101e-05  2.51010429e-06  2.88532101e-05 -2.80383844e-09  2.88532101e-05  0.00000000e+00 
 2.88828514e-05  3.04976282e-06  2.88828514e-05 -2.80864311e-09  2.88828514e-05  0.00000000e+00 
 2.89124927e-05  2.51816340e-06  2.89124927e-05 -2.80391739e-09  2.89124927e-05  0.00000000e+00 
 2.89421341e-05  3.04112497e-06  2.89421341e-05 -2.80856057e-09  2.89421341e-05  0.00000000e+00 
 2.89717754e-05  2.52743328e-06  2.89717754e-05 -2.80400732e-09  2.89717754e-05  0.00000000e+00 
 2.90014168e-05  3.03130278e-06  2.90014168e-05 -2.80846747e-09  2.90014168e-05  0.00000000e+00 
 2.90310581e-05  2.53787125e-06  2.90310581e-05 -2.80410781e-09  2.90310581e-05  0.00000000e+00 
 2.90606994e-05  3.02034098e-06  2.90606994e-05 -2.80836423e-09  2.90606994e-05  0.00000000e+00 
 2.90903408e-05  2.54942922e-06  2.90903408e-05 -2.80421837e-09  2.90903408e-05  0.00000000e+00 
 2.91199821e-05  3.00828949e-06  2.91199821e-05 -2.80825131e-09  2.91199821e-05  0.00000000e+00 
 2.91496235e-05  2.56205396e-06  2.91496235e-05 -2.80433849e-09  2.91496235e-05  0.00000000e+00 
 2.91792648e-05  2.99520318e-06  2.91792648e-05 -2.80812920e-09  2.91792648e-05  0.00000000e+00 
 2.92089061e-05  2.57568730e-06  2.92089061e-05 -2.80446759e-09  2.92089061e-05  0.00000000e+00 
 2.92385475e-05  2.98114166e-06  2.92385475e-05 -2.80799845e-09  2.92385475e-05  0.00000000e+00 
 2.92681888e-05  2.59026646e-06  2.92681888e-05 -2.80460507e-09  2.92681888e-05  0.00000000e+00 
 2.92978301e-05  2.96616894e-06  2.92978301e-05 -2.80785963e-09  2.92978301e-05  0.00000000e+00 
 2.93274715e-05  2.60572429e-06  2.93274715e-05 -2.80475028e-09  2.93274715e-05  0.00000000e+00 
 2.93571128e-05  2.95035324e-06  2.93571128e-05 -2.80771338e-09  2.93571128e-05  0.00000000e+00 
 2.93867542e-05  2.62198962e-06  2.93867542e-05 -2.80490254e-09  2.93867542e-05  0.00000000e+00 
 2.94163955e-05  2.93376661e-06  2.94163955e-05 -2.80756033e-09  2.94163955e-05  0.00000000e+00 
 2.94460368e-05  2.63898758e-06  2.94460368e-05 -2.80506113e-09  2.94460368e-05  0.00000000e+00 
 2.94756782e-05  2.91648465e-06  2.94756782e-05 -2.80740117e-09  2.94756782e-05  0.00000000e+00 
 2.95053195e-05  2.65663995e-06  2.95053195e-05 -2.80522531e-09  2.95053195e-05  0.00000000e+00 
 2.95349608e-05  2.89858613e-06  2.95349608e-05 -2.80723661e-09  2.95349608e-05  0.00000000e+00 
 2.95646022e-05  2.67486553e-06  2.95646022e-05 -2.80539432e-09  2.95646022e-05  0.00000000e+00 
 2.95942435e-05  2.88015268e-06  2.95942435e-05 -2.80706740e-09  2.95942435e-05  0.00000000e+00 
 2.96177906e-05  2.69602823e-06  2.96177906e-05 -2.80559037e-09  2.96177906e-05  0.00000000e+00 
 2.96413377e-05  2.85631008e-06  2.96413377e-05 -2.80684887e-09  2.96413377e-05  0.00000000e+00 
 2.96417502e-05  7.20590967e-06  2.96417502e-05  4.23342342e-07  2.96417502e-05  6.95749393e-03 
 2.96425751e-05  2.02344873e-05  2.96425751e-05  4.22736453e-07  2.96425751e-05  2.08724818e-02 
 2.96442250e-05  4.50378421e-05  2.96442250e-05  4.20850123e-07  2.96442250e-05  4.87024575e-02 
 2.96449970e-05  5.33324141e-05  2.96449970e-05  4.19772175e-07  2.96449970e-05  6.17258868e-02 
 2.96457410e-05  6.57994909e-05  2.96457410e-05  4.18293749e-07  2.96457410e-05  7.42762753e-02 
 2.96462595e-05  7.47111947e-05  2.96462595e-05  4.17135995e-07  2.96462595e-05  8.30211133e-02 
 2.96466622e-05  7.89037927e-05  2.96466622e-05  4.16133005e-07  2.96466622e-05  8.98141698e-02 
 2.96470032e-05  8.21003614e-05  2.96470032e-05  4.15298125e-07  2.96470032e-05  9.55676050e-02 
 2.96473359e-05  8.70808278e-05  2.96473359e-05  4.14249420e-07  2.96473359e-05  1.01178638e-01 
 2.96476351e-05  9.30076539e-05  2.96476351e-05  4.13241838e-07  2.96476351e-05  1.06225348e-01 
 2.96480191e-05  9.98410184e-05  2.96480191e-05  4.11750942e-07  2.96480191e-05  1.12702909e-01 
 2.96482937e-05  1.03058051e-04  2.96482937e-05  4.10750719e-07  2.96482937e-05  1.17334757e-01 
 2.96485283e-05  1.04984125e-04  2.96485283e-05  4.09805411e-07  2.96485283e-05  1.21293078e-01 
 2.96488058e-05  1.07723365e-04  2.96488058e-05  4.08687858e-07  2.96488058e-05  1.25974507e-01 
 2.96491014e-05  1.12293005e-04  2.96491014e-05  4.07212912e-07  2.96491014e-05  1.30960701e-01 
 2.96494333e-05  1.18847572e-04  2.96494333e-05  4.05405005e-07  2.96494333e-05  1.36558422e-01 
 2.96497904e-05  1.25090660e-04  2.96497904e-05  4.03230491e-07  2.96497904e-05  1.42583080e-01 
 2.96500639e-05  1.28214665e-04  2.96500639e-05  4.01636246e-07  2.96500639e-05  1.47196613e-01 
 2.96503079e-05  1.30208239e-04  2.96503079e-05  4.00109655e-07  2.96503079e-05  1.51311119e-01 
 2.96505833e-05  1.33008445e-04  2.96505833e-05  3.98322204e-07  2.96505833e-05  1.55957196e-01 
 2.96508786e-05  1.37688974e-04  2.96508786e-05  3.96006360e-07  2.96508786e-05  1.60937737e-01 
 2.96512173e-05  1.44395654e-04  2.96512173e-05  3.93060391e-07  2.96512173e-05  1.66651107e-01 
 2.96515766e-05  1.50521747e-04  2.96515766e-05  3.89643825e-07  2.96515766e-05  1.72713202e-01 
 2.96518487e-05  1.53502159e-04  2.96518487e-05  3.87129845e-07  2.96518487e-05  1.77302207e-01 
 2.96521081e-05  1.55632288e-04  2.96521081e-05  3.84590292e-07  2.96521081e-05  1.81678053e-01 
 2.96523813e-05  1.58583141e-04  2.96523813e-05  3.81733510e-07  2.96523813e-05  1.86286602e-01 
 2.96526754e-05  1.63461215e-04  2.96526754e-05  3.78074284e-07  2.96526754e-05  1.91246860e-01 
 2.96530640e-05  1.71100167e-04  2.96530640e-05  3.72664280e-07  2.96530640e-05  1.97802292e-01 
 2.96534161e-05  1.76684272e-04  2.96534161e-05  3.67414177e-07  2.96534161e-05  2.03742474e-01 
 2.96536813e-05  1.79326367e-04  2.96536813e-05  3.63541402e-07  2.96536813e-05  2.08214851e-01 
 2.96539843e-05  1.81967233e-04  2.96539843e-05  3.58805472e-07  2.96539843e-05  2.13327112e-01 
 2.96542871e-05  1.85917793e-04  2.96542871e-05  3.53506029e-07  2.96542871e-05  2.18434566e-01 
 2.96545769e-05  1.91348833e-04  2.96545769e-05  3.47526828e-07  2.96545769e-05  2.23323088e-01 
 2.96549691e-05  1.98896024e-04  2.96549691e-05  3.38691283e-07  2.96549691e-05  2.29939186e-01 
 2.96554098e-05  2.04703547e-04  2.96554098e-05  3.28370554e-07  2.96554098e-05  2.37371656e-01 
 2.96556913e-05  2.07130702e-04  2.96556913e-05  3.21689469e-07  2.96556913e-05  2.42120559e-01 
 2.96560061e-05  2.10701364e-04  2.96560061e-05  3.13296368e-07  2.96560061e-05  2.47430228e-01 
 2.96563038e-05  2.15880395e-04  2.96563038e-05  3.04114451e-07  2.96563038e-05  2.52453333e-01 
 2.96566691e-05  2.23238840e-04  2.96566691e-05  2.91270426e-07  2.96566691e-05  2.58615129e-01 
 2.96570458e-05  2.29243514e-04  2.96570458e-05  2.77501105e-07  2.96570458e-05  2.64968665e-01 
 2.96573135e-05  2.31956549e-04  2.96573135e-05  2.67638601e-07  2.96573135e-05  2.69484349e-01 
 2.96576698e-05  2.35502052e-04  2.96576698e-05  2.53698929e-07  2.96576698e-05  2.75495367e-01 
 2.96580118e-05  2.40802115e-04  2.96580118e-05  2.37969105e-07  2.96580118e-05  2.81263534e-01 
 2.96583431e-05  2.47603800e-04  2.96583431e-05  2.20342250e-07  2.96583431e-05  2.86851719e-01 
 2.96587369e-05  2.54887114e-04  2.96587369e-05  1.97753115e-07  2.96587369e-05  2.93494789e-01 
 2.96590182e-05  2.58401173e-04  2.96590182e-05  1.81613113e-07  2.96590182e-05  2.98239820e-01 
 2.96593009e-05  2.61151652e-04  2.96593009e-05  1.64903031e-07  2.96593009e-05  3.03009168e-01 
 2.96595988e-05  2.64941021e-04  2.96595988e-05  1.45430232e-07  2.96595988e-05  3.08034399e-01 
 2.96599105e-05  2.70812148e-04  2.96599105e-05  1.21587453e-07  2.96599105e-05  3.13291595e-01 
 2.96603242e-05  2.79597409e-04  2.96603242e-05  8.58506117e-08  2.96603242e-05  3.20269713e-01 
 2.96607215e-05  2.86161248e-04  2.96607215e-05  4.99714681e-08  2.96607215e-05  3.26972222e-01 
 2.96609944e-05  2.89254836e-04  2.96609944e-05  2.52508617e-08  2.96609944e-05  3.31574480e-01 
 2.96613649e-05  2.94027488e-04  2.96613649e-05 -1.15927146e-08  2.96613649e-05  3.37825136e-01 
 2.96617688e-05  3.01932814e-04  2.96617688e-05 -5.94741189e-08  2.96617688e-05  3.44638277e-01 
 2.96622073e-05  3.11866383e-04  2.96622073e-05 -1.19616055e-07  2.96622073e-05  3.52035291e-01 
 2.96626307e-05  3.19400059e-04  2.96626307e-05 -1.80068647e-07  2.96626307e-05  3.59176169e-01 
 2.96629471e-05  3.23610831e-04  2.96629471e-05 -2.26176581e-07  2.96629471e-05  3.64513304e-01 
 2.96633208e-05  3.29723385e-04  2.96633208e-05 -2.87088891e-07  2.96633208e-05  3.70817666e-01 
 2.96636717e-05  3.37857098e-04  2.96636717e-05 -3.54992918e-07  2.96636717e-05  3.76737203e-01 
 2.96641470e-05  3.49703198e-04  2.96641470e-05 -4.58737816e-07  2.96641470e-05  3.84754575e-01 
 2.96646087e-05  3.58837759e-04  2.96646087e-05 -5.63507247e-07  2.96646087e-05  3.92542543e-01 
 2.96650136e-05  3.65933850e-04  2.96650136e-05 -6.60559104e-07  2.96650136e-05  3.99372113e-01 
 2.96654320e-05  3.75798154e-04  2.96654320e-05 -7.78773799e-07  2.96654320e-05  4.06430905e-01 
 2.96658223e-05  3.87357746e-04  2.96658223e-05 -9.08773321e-07  2.96658223e-05  4.13014083e-01 
 2.96663117e-05  4.00853630e-04  2.96663117e-05 -1.08362490e-06  2.96663117e-05  4.21269976e-01 
 2.96666884e-05  4.09508043e-04  2.96666884e-05 -1.22094597e-06  2.96666884e-05  4.27623114e-01 
 2.96671806e-05  4.22427348e-04  2.96671806e-05 -1.42358147e-06  2.96671806e-05  4.35926446e-01 
 2.96676915e-05  4.40133225e-04  2.96676915e-05 -1.68122723e-06  2.96676915e-05  4.44544903e-01 
 2.96682559e-05  4.60606413e-04  2.96682559e-05 -2.00316737e-06  2.96682559e-05  4.54065364e-01 
 2.96687890e-05  4.78314098e-04  2.96687890e-05 -2.32209937e-06  2.96687890e-05  4.63057464e-01 
 2.96693891e-05  5.01583407e-04  2.96693891e-05 -2.74224816e-06  2.96693891e-05  4.73179634e-01 
 2.96700150e-05  5.32004428e-04  2.96700150e-05 -3.28661523e-06  2.96700150e-05  4.83737602e-01 
 2.96707030e-05  5.66752986e-04  2.96707030e-05 -3.95550563e-06  2.96707030e-05  4.95342692e-01 
 2.96714568e-05  6.07971814e-04  2.96714568e-05 -4.78538048e-06  2.96714568e-05  5.08057628e-01 
 2.96722209e-05  6.60654335e-04  2.96722209e-05 -5.86106928e-06  2.96722209e-05  5.20946852e-01 
 2.96735278e-05  7.69290361e-04  2.96735278e-05 -8.16366887e-06  2.96735278e-05  5.42992875e-01 
 2.96747975e-05  9.03749389e-04  2.96747975e-05 -1.10814234e-05  2.96747975e-05  5.64411086e-01 
 2.96762684e-05  1.11870063e-03  2.96762684e-05 -1.59243235e-05  2.96762684e-05  5.89221577e-01 
 2.96790886e-05  1.78592278e-03  2.96790886e-05 -3.06249484e-05  2.96790886e-05  6.36794934e-01 
 2.96841138e-05  4.81487537e-03  2.96841138e-05 -9.30152790e-05  2.96841138e-05  7.21560239e-01 
 2.96892606e-05  1.30751979e-02  2.96892606e-05 -2.43658045e-04  2.96892606e-05  8.08378435e-01 
 2.96965731e-05  4.26917853e-02  2.96965731e-05 -6.22663325e-04  2.96965731e-05  9.31728321e-01 
 2.97059399e-05  1.15718827e-01  2.97059399e-05 -1.09965701e-03  2.97059399e-05  1.08973047e+00 
 2.97165846e-05  2.27207970e-01  2.97165846e-05 -1.34570668e-03  2.97165846e-05  1.26928896e+00 
 2.97314638e-05  3.92280084e-01  2.97314638e-05 -1.50079381e-03  2.97314638e-05  1.52027730e+00 
 2.97498269e-05  5.97521349e-01  2.97498269e-05 -1.73180081e-03  2.97498269e-05  1.83003085e+00 
 2.97745707e-05  8.78154678e-01  2.97745707e-05 -2.01901114e-03  2.97745707e-05  2.24741773e+00 
 2.98042120e-05  1.21507147e+00  2.98042120e-05 -2.35362122e-03  2.98042120e-05  2.74741773e+00 
 2.98338534e-05  1.54850332e+00  2.98338534e-05 -2.66511422e-03  2.98338534e-05  3.24741773e+00 
 2.98634947e-05  1.87245577e+00  2.98634947e-05 -2.94627966e-03  2.98634947e-05  3.74741773e+00 
 2.98931360e-05  2.18126410e+00  2.98931360e-05 -3.19484959e-03  2.98931360e-05  4.24741773e+00 
 2.99154436e-05  2.40066139e+00  2.99154436e-05 -3.35710587e-03  2.99154436e-05  4.62370887e+00 
 2.99377511e-05  2.60735959e+00  2.99377511e-05 -3.50640249e-03  2.99377511e-05  5.00000000e+00 
 2.99407152e-05  2.62928341e+00  2.99407152e-05 -3.37143474e-03  2.99407152e-05  5.00000000e+00 
 2.99466435e-05  2.66396356e+00  2.99466435e-05 -3.09698698e-03  2.99466435e-05  5.00000000e+00 
 2.99585001e-05  2.69640358e+00  2.99585001e-05 -2.81335721e-03  2.99585001e-05  5.00000000e+00 
 2.99770513e-05  2.70884602e+00  2.99770513e-05 -2.72658775e-03  2.99770513e-05  5.00000000e+00 
 3.00038095e-05  2.71033217e+00  3.00038095e-05 -2.70379995e-03  3.00038095e-05  5.00000000e+00 
 3.00334508e-05  2.71012752e+00  3.00334508e-05 -2.71523269e-03  3.00334508e-05  5.00000000e+00 
 3.00630922e-05  2.71020751e+00  3.00630922e-05 -2.70568072e-03  3.00630922e-05  5.00000000e+00 
 3.00927335e-05  2.71015176e+00  3.00927335e-05 -2.71426802e-03  3.00927335e-05  5.00000000e+00 
 3.01223748e-05  2.71020544e+00  3.01223748e-05 -2.70648271e-03  3.01223748e-05  5.00000000e+00 
 3.01520162e-05  2.71015755e+00  3.01520162e-05 -2.71352899e-03  3.01520162e-05  5.00000000e+00 
 3.01816575e-05  2.71020175e+00  3.01816575e-05 -2.70715424e-03  3.01816575e-05  5.00000000e+00 
 3.02112989e-05  2.71016222e+00  3.02112989e-05 -2.71291992e-03  3.02112989e-05  5.00000000e+00 
 3.02409402e-05  2.71019859e+00  3.02409402e-05 -2.70770730e-03  3.02409402e-05  5.00000000e+00 
 3.02705815e-05  2.71016598e+00  3.02705815e-05 -2.71241839e-03  3.02705815e-05  5.00000000e+00 
 3.03002229e-05  2.71019591e+00  3.03002229e-05 -2.70816260e-03  3.03002229e-05  5.00000000e+00 
 3.03298642e-05  2.71016901e+00  3.03298642e-05 -2.71200548e-03  3.03298642e-05  5.00000000e+00 
 3.03595055e-05  2.71019364e+00  3.03595055e-05 -2.70853738e-03  3.03595055e-05  5.00000000e+00 
 3.03891469e-05  2.71017147e+00  3.03891469e-05 -2.71166559e-03  3.03891469e-05  5.00000000e+00 
 3.04187882e-05  2.71019174e+00  3.04187882e-05 -2.70884583e-03  3.04187882e-05  5.00000000e+00 
 3.04484296e-05  2.71017359e+00  3.04484296e-05 -2.71138688e-03  3.04484296e-05  5.00000000e+00 
 3.04780709e-05  2.71019028e+00  3.04780709e-05 -2.70909885e-03  3.04780709e-05  5.00000000e+00 
 3.05077122e-05  2.71017507e+00  3.05077122e-05 -2.71115565e-03  3.05077122e-05  5.00000000e+00 
 3.05373536e-05  2.71018883e+00  3.05373536e-05 -2.70930860e-03  3.05373536e-05  5.00000000e+00 
 3.05669949e-05  2.71017641e+00  3.05669949e-05 -2.71096622e-03  3.05669949e-05  5.00000000e+00 
 3.05966362e-05  2.71018772e+00  3.05966362e-05 -2.70948031e-03  3.05966362e-05  5.00000000e+00 
 3.06262776e-05  2.71017749e+00  3.06262776e-05 -2.71081056e-03  3.06262776e-05  5.00000000e+00 
 3.06559189e-05  2.71018681e+00  3.06559189e-05 -2.70962147e-03  3.06559189e-05  5.00000000e+00 
 3.06855603e-05  2.71017838e+00  3.06855603e-05 -2.71068260e-03  3.06855603e-05  5.00000000e+00 
 3.07152016e-05  2.71018605e+00  3.07152016e-05 -2.70973748e-03  3.07152016e-05  5.00000000e+00 
 3.07448429e-05  2.71017910e+00  3.07448429e-05 -2.71057746e-03  3.07448429e-05  5.00000000e+00 
 3.07744843e-05  2.71018542e+00  3.07744843e-05 -2.70983277e-03  3.07744843e-05  5.00000000e+00 
 3.08041256e-05  2.71017969e+00  3.08041256e-05 -2.71049111e-03  3.08041256e-05  5.00000000e+00 
 3.08337670e-05  2.71018490e+00  3.08337670e-05 -2.70991101e-03  3.08337670e-05  5.00000000e+00 
 3.08634083e-05  2.71018018e+00  3.08634083e-05 -2.71042025e-03  3.08634083e-05  5.00000000e+00 
 3.08930496e-05  2.71018446e+00  3.08930496e-05 -2.70997519e-03  3.08930496e-05  5.00000000e+00 
 3.09226910e-05  2.71018058e+00  3.09226910e-05 -2.71036214e-03  3.09226910e-05  5.00000000e+00 
 3.09523323e-05  2.71018411e+00  3.09523323e-05 -2.71002780e-03  3.09523323e-05  5.00000000e+00 
 3.09819736e-05  2.71018091e+00  3.09819736e-05 -2.71031452e-03  3.09819736e-05  5.00000000e+00 
 3.10116150e-05  2.71018381e+00  3.10116150e-05 -2.71007088e-03  3.10116150e-05  5.00000000e+00 
 3.10412563e-05  2.71018118e+00  3.10412563e-05 -2.71027556e-03  3.10412563e-05  5.00000000e+00 
 3.10708977e-05  2.71018357e+00  3.10708977e-05 -2.71010611e-03  3.10708977e-05  5.00000000e+00 
 3.11005390e-05  2.71018140e+00  3.11005390e-05 -2.71024371e-03  3.11005390e-05  5.00000000e+00 
 3.11301803e-05  2.71018337e+00  3.11301803e-05 -2.71013488e-03  3.11301803e-05  5.00000000e+00 
 3.11598217e-05  2.71018159e+00  3.11598217e-05 -2.71021773e-03  3.11598217e-05  5.00000000e+00 
 3.11894630e-05  2.71018321e+00  3.11894630e-05 -2.71015833e-03  3.11894630e-05  5.00000000e+00 
 3.12191043e-05  2.71018174e+00  3.12191043e-05 -2.71019657e-03  3.12191043e-05  5.00000000e+00 
 3.12487457e-05  2.71018307e+00  3.12487457e-05 -2.71017741e-03  3.12487457e-05  5.00000000e+00 
 3.12783870e-05  2.71018186e+00  3.12783870e-05 -2.71017939e-03  3.12783870e-05  5.00000000e+00 
 3.13080284e-05  2.71018296e+00  3.13080284e-05 -2.71019288e-03  3.13080284e-05  5.00000000e+00 
 3.13376697e-05  2.71018196e+00  3.13376697e-05 -2.71016547e-03  3.13376697e-05  5.00000000e+00 
 3.13673110e-05  2.71018287e+00  3.13673110e-05 -2.71020539e-03  3.13673110e-05  5.00000000e+00 
 3.13969524e-05  2.71018205e+00  3.13969524e-05 -2.71015424e-03  3.13969524e-05  5.00000000e+00 
 3.14265937e-05  2.71018279e+00  3.14265937e-05 -2.71021546e-03  3.14265937e-05  5.00000000e+00 
 3.14562350e-05  2.71018212e+00  3.14562350e-05 -2.71014522e-03  3.14562350e-05  5.00000000e+00 
 3.14858764e-05  2.71018273e+00  3.14858764e-05 -2.71022353e-03  3.14858764e-05  5.00000000e+00 
 3.15155177e-05  2.71018217e+00  3.15155177e-05 -2.71013801e-03  3.15155177e-05  5.00000000e+00 
 3.15451591e-05  2.71018267e+00  3.15451591e-05 -2.71022995e-03  3.15451591e-05  5.00000000e+00 
 3.15748004e-05  2.71018222e+00  3.15748004e-05 -2.71013231e-03  3.15748004e-05  5.00000000e+00 
 3.16044417e-05  2.71018263e+00  3.16044417e-05 -2.71023501e-03  3.16044417e-05  5.00000000e+00 
 3.16340831e-05  2.71018226e+00  3.16340831e-05 -2.71012783e-03  3.16340831e-05  5.00000000e+00 
 3.16637244e-05  2.71018260e+00  3.16637244e-05 -2.71023896e-03  3.16637244e-05  5.00000000e+00 
 3.16933657e-05  2.71018229e+00  3.16933657e-05 -2.71012435e-03  3.16933657e-05  5.00000000e+00 
 3.17230071e-05  2.71018257e+00  3.17230071e-05 -2.71024200e-03  3.17230071e-05  5.00000000e+00 
 3.17526484e-05  2.71018232e+00  3.17526484e-05 -2.71012171e-03  3.17526484e-05  5.00000000e+00 
 3.17822898e-05  2.71018254e+00  3.17822898e-05 -2.71024429e-03  3.17822898e-05  5.00000000e+00 
 3.18119311e-05  2.71018234e+00  3.18119311e-05 -2.71011974e-03  3.18119311e-05  5.00000000e+00 
 3.18415724e-05  2.71018252e+00  3.18415724e-05 -2.71024597e-03  3.18415724e-05  5.00000000e+00 
 3.18712138e-05  2.71018236e+00  3.18712138e-05 -2.71011832e-03  3.18712138e-05  5.00000000e+00 
 3.19008551e-05  2.71018251e+00  3.19008551e-05 -2.71024715e-03  3.19008551e-05  5.00000000e+00 
 3.19304964e-05  2.71018237e+00  3.19304964e-05 -2.71011736e-03  3.19304964e-05  5.00000000e+00 
 3.19601378e-05  2.71018250e+00  3.19601378e-05 -2.71024792e-03  3.19601378e-05  5.00000000e+00 
 3.19897791e-05  2.71018238e+00  3.19897791e-05 -2.71011677e-03  3.19897791e-05  5.00000000e+00 
 3.20194205e-05  2.71018248e+00  3.20194205e-05 -2.71024835e-03  3.20194205e-05  5.00000000e+00 
 3.20490618e-05  2.71018239e+00  3.20490618e-05 -2.71011648e-03  3.20490618e-05  5.00000000e+00 
 3.20787031e-05  2.71018248e+00  3.20787031e-05 -2.71024851e-03  3.20787031e-05  5.00000000e+00 
 3.21083445e-05  2.71018240e+00  3.21083445e-05 -2.71011643e-03  3.21083445e-05  5.00000000e+00 
 3.21379858e-05  2.71018247e+00  3.21379858e-05 -2.71024845e-03  3.21379858e-05  5.00000000e+00 
 3.21676271e-05  2.71018241e+00  3.21676271e-05 -2.71011659e-03  3.21676271e-05  5.00000000e+00 
 3.21972685e-05  2.71018246e+00  3.21972685e-05 -2.71024821e-03  3.21972685e-05  5.00000000e+00 
 3.22269098e-05  2.71018241e+00  3.22269098e-05 -2.71011690e-03  3.22269098e-05  5.00000000e+00 
 3.22565512e-05  2.71018246e+00  3.22565512e-05 -2.71024783e-03  3.22565512e-05  5.00000000e+00 
 3.22861925e-05  2.71018242e+00  3.22861925e-05 -2.71011735e-03  3.22861925e-05  5.00000000e+00 
 3.23158338e-05  2.71018245e+00  3.23158338e-05 -2.71024733e-03  3.23158338e-05  5.00000000e+00 
 3.23454752e-05  2.71018242e+00  3.23454752e-05 -2.71011789e-03  3.23454752e-05  5.00000000e+00 
 3.23751165e-05  2.71018245e+00  3.23751165e-05 -2.71024674e-03  3.23751165e-05  5.00000000e+00 
 3.24047579e-05  2.71018242e+00  3.24047579e-05 -2.71011853e-03  3.24047579e-05  5.00000000e+00 
 3.24343992e-05  2.71018245e+00  3.24343992e-05 -2.71024607e-03  3.24343992e-05  5.00000000e+00 
 3.24640405e-05  2.71018243e+00  3.24640405e-05 -2.71011922e-03  3.24640405e-05  5.00000000e+00 
 3.24936819e-05  2.71018244e+00  3.24936819e-05 -2.71024535e-03  3.24936819e-05  5.00000000e+00 
 3.25233232e-05  2.71018243e+00  3.25233232e-05 -2.71011997e-03  3.25233232e-05  5.00000000e+00 
 3.25529645e-05  2.71018244e+00  3.25529645e-05 -2.71024458e-03  3.25529645e-05  5.00000000e+00 
 3.25826059e-05  2.71018243e+00  3.25826059e-05 -2.71012075e-03  3.25826059e-05  5.00000000e+00 
 3.26122472e-05  2.71018244e+00  3.26122472e-05 -2.71024378e-03  3.26122472e-05  5.00000000e+00 
 3.26418886e-05  2.71018243e+00  3.26418886e-05 -2.71012157e-03  3.26418886e-05  5.00000000e+00 
 3.26715299e-05  2.71018244e+00  3.26715299e-05 -2.71024296e-03  3.26715299e-05  5.00000000e+00 
 3.27011712e-05  2.71018243e+00  3.27011712e-05 -2.71012240e-03  3.27011712e-05  5.00000000e+00 
 3.27308126e-05  2.71018244e+00  3.27308126e-05 -2.71024211e-03  3.27308126e-05  5.00000000e+00 
 3.27604539e-05  2.71018243e+00  3.27604539e-05 -2.71012325e-03  3.27604539e-05  5.00000000e+00 
 3.27900952e-05  2.71018244e+00  3.27900952e-05 -2.71024126e-03  3.27900952e-05  5.00000000e+00 
 3.28197366e-05  2.71018244e+00  3.28197366e-05 -2.71012411e-03  3.28197366e-05  5.00000000e+00 
 3.28493779e-05  2.71018244e+00  3.28493779e-05 -2.71024039e-03  3.28493779e-05  5.00000000e+00 
 3.28790193e-05  2.71018244e+00  3.28790193e-05 -2.71012498e-03  3.28790193e-05  5.00000000e+00 
 3.29086606e-05  2.71018244e+00  3.29086606e-05 -2.71023953e-03  3.29086606e-05  5.00000000e+00 
 3.29383019e-05  2.71018244e+00  3.29383019e-05 -2.71012584e-03  3.29383019e-05  5.00000000e+00 
 3.29679433e-05  2.71018244e+00  3.29679433e-05 -2.71023866e-03  3.29679433e-05  5.00000000e+00 
 3.29975846e-05  2.71018244e+00  3.29975846e-05 -2.71012671e-03  3.29975846e-05  5.00000000e+00 
 3.30272259e-05  2.71018244e+00  3.30272259e-05 -2.71023780e-03  3.30272259e-05  5.00000000e+00 
 3.30568673e-05  2.71018244e+00  3.30568673e-05 -2.71012757e-03  3.30568673e-05  5.00000000e+00 
 3.30865086e-05  2.71018244e+00  3.30865086e-05 -2.71023694e-03  3.30865086e-05  5.00000000e+00 
 3.31161500e-05  2.71018244e+00  3.31161500e-05 -2.71012843e-03  3.31161500e-05  5.00000000e+00 
 3.31457913e-05  2.71018244e+00  3.31457913e-05 -2.71023608e-03  3.31457913e-05  5.00000000e+00 
 3.31754326e-05  2.71018244e+00  3.31754326e-05 -2.71012928e-03  3.31754326e-05  5.00000000e+00 
 3.32050740e-05  2.71018243e+00  3.32050740e-05 -2.71023524e-03  3.32050740e-05  5.00000000e+00 
 3.32347153e-05  2.71018244e+00  3.32347153e-05 -2.71013012e-03  3.32347153e-05  5.00000000e+00 
 3.32643566e-05  2.71018243e+00  3.32643566e-05 -2.71023440e-03  3.32643566e-05  5.00000000e+00 
 3.32939980e-05  2.71018244e+00  3.32939980e-05 -2.71013095e-03  3.32939980e-05  5.00000000e+00 
 3.33236393e-05  2.71018243e+00  3.33236393e-05 -2.71023357e-03  3.33236393e-05  5.00000000e+00 
 3.33532807e-05  2.71018244e+00  3.33532807e-05 -2.71013178e-03  3.33532807e-05  5.00000000e+00 
 3.33829220e-05  2.71018243e+00  3.33829220e-05 -2.71023275e-03  3.33829220e-05  5.00000000e+00 
 3.34125633e-05  2.71018244e+00  3.34125633e-05 -2.71013259e-03  3.34125633e-05  5.00000000e+00 
 3.34422047e-05  2.71018243e+00  3.34422047e-05 -2.71023194e-03  3.34422047e-05  5.00000000e+00 
 3.34718460e-05  2.71018244e+00  3.34718460e-05 -2.71013340e-03  3.34718460e-05  5.00000000e+00 
 3.35014873e-05  2.71018243e+00  3.35014873e-05 -2.71023114e-03  3.35014873e-05  5.00000000e+00 
 3.35311287e-05  2.71018244e+00  3.35311287e-05 -2.71013419e-03  3.35311287e-05  5.00000000e+00 
 3.35607700e-05  2.71018243e+00  3.35607700e-05 -2.71023036e-03  3.35607700e-05  5.00000000e+00 
 3.35904114e-05  2.71018244e+00  3.35904114e-05 -2.71013497e-03  3.35904114e-05  5.00000000e+00 
 3.36200527e-05  2.71018243e+00  3.36200527e-05 -2.71022958e-03  3.36200527e-05  5.00000000e+00 
 3.36496940e-05  2.71018244e+00  3.36496940e-05 -2.71013574e-03  3.36496940e-05  5.00000000e+00 
 3.36793354e-05  2.71018243e+00  3.36793354e-05 -2.71022882e-03  3.36793354e-05  5.00000000e+00 
 3.37089767e-05  2.71018244e+00  3.37089767e-05 -2.71013650e-03  3.37089767e-05  5.00000000e+00 
 3.37386180e-05  2.71018243e+00  3.37386180e-05 -2.71022806e-03  3.37386180e-05  5.00000000e+00 
 3.37682594e-05  2.71018244e+00  3.37682594e-05 -2.71013725e-03  3.37682594e-05  5.00000000e+00 
 3.37979007e-05  2.71018243e+00  3.37979007e-05 -2.71022732e-03  3.37979007e-05  5.00000000e+00 
 3.38275421e-05  2.71018244e+00  3.38275421e-05 -2.71013798e-03  3.38275421e-05  5.00000000e+00 
 3.38571834e-05  2.71018243e+00  3.38571834e-05 -2.71022659e-03  3.38571834e-05  5.00000000e+00 
 3.38868247e-05  2.71018244e+00  3.38868247e-05 -2.71013871e-03  3.38868247e-05  5.00000000e+00 
 3.39164661e-05  2.71018243e+00  3.39164661e-05 -2.71022587e-03  3.39164661e-05  5.00000000e+00 
 3.39461074e-05  2.71018244e+00  3.39461074e-05 -2.71013942e-03  3.39461074e-05  5.00000000e+00 
 3.39757488e-05  2.71018243e+00  3.39757488e-05 -2.71022516e-03  3.39757488e-05  5.00000000e+00 
 3.40053901e-05  2.71018244e+00  3.40053901e-05 -2.71014012e-03  3.40053901e-05  5.00000000e+00 
 3.40350314e-05  2.71018243e+00  3.40350314e-05 -2.71022447e-03  3.40350314e-05  5.00000000e+00 
 3.40646728e-05  2.71018244e+00  3.40646728e-05 -2.71014082e-03  3.40646728e-05  5.00000000e+00 
 3.40943141e-05  2.71018243e+00  3.40943141e-05 -2.71022378e-03  3.40943141e-05  5.00000000e+00 
 3.41239554e-05  2.71018244e+00  3.41239554e-05 -2.71014150e-03  3.41239554e-05  5.00000000e+00 
 3.41535968e-05  2.71018243e+00  3.41535968e-05 -2.71022311e-03  3.41535968e-05  5.00000000e+00 
 3.41832381e-05  2.71018244e+00  3.41832381e-05 -2.71014216e-03  3.41832381e-05  5.00000000e+00 
 3.42128795e-05  2.71018243e+00  3.42128795e-05 -2.71022244e-03  3.42128795e-05  5.00000000e+00 
 3.42425208e-05  2.71018244e+00  3.42425208e-05 -2.71014282e-03  3.42425208e-05  5.00000000e+00 
 3.42721621e-05  2.71018243e+00  3.42721621e-05 -2.71022179e-03  3.42721621e-05  5.00000000e+00 
 3.43018035e-05  2.71018244e+00  3.43018035e-05 -2.71014347e-03  3.43018035e-05  5.00000000e+00 
 3.43314448e-05  2.71018243e+00  3.43314448e-05 -2.71022115e-03  3.43314448e-05  5.00000000e+00 
 3.43610861e-05  2.71018244e+00  3.43610861e-05 -2.71014411e-03  3.43610861e-05  5.00000000e+00 
 3.43907275e-05  2.71018243e+00  3.43907275e-05 -2.71022051e-03  3.43907275e-05  5.00000000e+00 
 3.44203688e-05  2.71018244e+00  3.44203688e-05 -2.71014474e-03  3.44203688e-05  5.00000000e+00 
 3.44500102e-05  2.71018243e+00  3.44500102e-05 -2.71021989e-03  3.44500102e-05  5.00000000e+00 
 3.44796515e-05  2.71018244e+00  3.44796515e-05 -2.71014535e-03  3.44796515e-05  5.00000000e+00 
 3.45092928e-05  2.71018243e+00  3.45092928e-05 -2.71021928e-03  3.45092928e-05  5.00000000e+00 
 3.45389342e-05  2.71018244e+00  3.45389342e-05 -2.71014596e-03  3.45389342e-05  5.00000000e+00 
 3.45685755e-05  2.71018243e+00  3.45685755e-05 -2.71021868e-03  3.45685755e-05  5.00000000e+00 
 3.45982168e-05  2.71018244e+00  3.45982168e-05 -2.71014656e-03  3.45982168e-05  5.00000000e+00 
 3.46278582e-05  2.71018243e+00  3.46278582e-05 -2.71021809e-03  3.46278582e-05  5.00000000e+00 
 3.46574995e-05  2.71018244e+00  3.46574995e-05 -2.71014714e-03  3.46574995e-05  5.00000000e+00 
 3.46871409e-05  2.71018243e+00  3.46871409e-05 -2.71021750e-03  3.46871409e-05  5.00000000e+00 
 3.47167822e-05  2.71018244e+00  3.47167822e-05 -2.71014772e-03  3.47167822e-05  5.00000000e+00 
 3.47464235e-05  2.71018244e+00  3.47464235e-05 -2.71021693e-03  3.47464235e-05  5.00000000e+00 
 3.47760649e-05  2.71018244e+00  3.47760649e-05 -2.71014829e-03  3.47760649e-05  5.00000000e+00 
 3.48057062e-05  2.71018244e+00  3.48057062e-05 -2.71021637e-03  3.48057062e-05  5.00000000e+00 
 3.48353475e-05  2.71018244e+00  3.48353475e-05 -2.71014885e-03  3.48353475e-05  5.00000000e+00 
 3.48649889e-05  2.71018244e+00  3.48649889e-05 -2.71021581e-03  3.48649889e-05  5.00000000e+00 
 3.48946302e-05  2.71018244e+00  3.48946302e-05 -2.71014940e-03  3.48946302e-05  5.00000000e+00 
 3.49242716e-05  2.71018244e+00  3.49242716e-05 -2.71021527e-03  3.49242716e-05  5.00000000e+00 
 3.49539129e-05  2.71018244e+00  3.49539129e-05 -2.71014994e-03  3.49539129e-05  5.00000000e+00 
 3.49835542e-05  2.71018244e+00  3.49835542e-05 -2.71021473e-03  3.49835542e-05  5.00000000e+00 
 3.50131956e-05  2.71018244e+00  3.50131956e-05 -2.71015047e-03  3.50131956e-05  5.00000000e+00 
 3.50428369e-05  2.71018244e+00  3.50428369e-05 -2.71021420e-03  3.50428369e-05  5.00000000e+00 
 3.50724782e-05  2.71018244e+00  3.50724782e-05 -2.71015099e-03  3.50724782e-05  5.00000000e+00 
 3.51021196e-05  2.71018244e+00  3.51021196e-05 -2.71021369e-03  3.51021196e-05  5.00000000e+00 
 3.51317609e-05  2.71018244e+00  3.51317609e-05 -2.71015151e-03  3.51317609e-05  5.00000000e+00 
 3.51614023e-05  2.71018244e+00  3.51614023e-05 -2.71021318e-03  3.51614023e-05  5.00000000e+00 
 3.51910436e-05  2.71018244e+00  3.51910436e-05 -2.71015201e-03  3.51910436e-05  5.00000000e+00 
 3.52206849e-05  2.71018244e+00  3.52206849e-05 -2.71021267e-03  3.52206849e-05  5.00000000e+00 
 3.52503263e-05  2.71018244e+00  3.52503263e-05 -2.71015251e-03  3.52503263e-05  5.00000000e+00 
 3.52799676e-05  2.71018244e+00  3.52799676e-05 -2.71021218e-03  3.52799676e-05  5.00000000e+00 
 3.53096089e-05  2.71018244e+00  3.53096089e-05 -2.71015300e-03  3.53096089e-05  5.00000000e+00 
 3.53392503e-05  2.71018244e+00  3.53392503e-05 -2.71021169e-03  3.53392503e-05  5.00000000e+00 
 3.53688916e-05  2.71018244e+00  3.53688916e-05 -2.71015348e-03  3.53688916e-05  5.00000000e+00 
 3.53985330e-05  2.71018244e+00  3.53985330e-05 -2.71021122e-03  3.53985330e-05  5.00000000e+00 
 3.54281743e-05  2.71018244e+00  3.54281743e-05 -2.71015396e-03  3.54281743e-05  5.00000000e+00 
 3.54578156e-05  2.71018244e+00  3.54578156e-05 -2.71021075e-03  3.54578156e-05  5.00000000e+00 
 3.54874570e-05  2.71018244e+00  3.54874570e-05 -2.71015442e-03  3.54874570e-05  5.00000000e+00 
 3.55170983e-05  2.71018244e+00  3.55170983e-05 -2.71021028e-03  3.55170983e-05  5.00000000e+00 
 3.55467397e-05  2.71018244e+00  3.55467397e-05 -2.71015488e-03  3.55467397e-05  5.00000000e+00 
 3.55763810e-05  2.71018244e+00  3.55763810e-05 -2.71020983e-03  3.55763810e-05  5.00000000e+00 
 3.56060223e-05  2.71018244e+00  3.56060223e-05 -2.71015533e-03  3.56060223e-05  5.00000000e+00 
 3.56356637e-05  2.71018244e+00  3.56356637e-05 -2.71020938e-03  3.56356637e-05  5.00000000e+00 
 3.56653050e-05  2.71018244e+00  3.56653050e-05 -2.71015578e-03  3.56653050e-05  5.00000000e+00 
 3.56949463e-05  2.71018244e+00  3.56949463e-05 -2.71020894e-03  3.56949463e-05  5.00000000e+00 
 3.57245877e-05  2.71018244e+00  3.57245877e-05 -2.71015621e-03  3.57245877e-05  5.00000000e+00 
 3.57542290e-05  2.71018244e+00  3.57542290e-05 -2.71020851e-03  3.57542290e-05  5.00000000e+00 
 3.57838704e-05  2.71018244e+00  3.57838704e-05 -2.71015664e-03  3.57838704e-05  5.00000000e+00 
 3.58135117e-05  2.71018244e+00  3.58135117e-05 -2.71020808e-03  3.58135117e-05  5.00000000e+00 
 3.58431530e-05  2.71018244e+00  3.58431530e-05 -2.71015706e-03  3.58431530e-05  5.00000000e+00 
 3.58727944e-05  2.71018244e+00  3.58727944e-05 -2.71020767e-03  3.58727944e-05  5.00000000e+00 
 3.59024357e-05  2.71018244e+00  3.59024357e-05 -2.71015748e-03  3.59024357e-05  5.00000000e+00 
 3.59320770e-05  2.71018244e+00  3.59320770e-05 -2.71020725e-03  3.59320770e-05  5.00000000e+00 
 3.59617184e-05  2.71018244e+00  3.59617184e-05 -2.71015789e-03  3.59617184e-05  5.00000000e+00 
 3.59913597e-05  2.71018244e+00  3.59913597e-05 -2.71020685e-03  3.59913597e-05  5.00000000e+00 
 3.60210011e-05  2.71018244e+00  3.60210011e-05 -2.71015829e-03  3.60210011e-05  5.00000000e+00 
 3.60506424e-05  2.71018244e+00  3.60506424e-05 -2.71020645e-03  3.60506424e-05  5.00000000e+00 
 3.60802837e-05  2.71018244e+00  3.60802837e-05 -2.71015868e-03  3.60802837e-05  5.00000000e+00 
 3.61099251e-05  2.71018244e+00  3.61099251e-05 -2.71020606e-03  3.61099251e-05  5.00000000e+00 
 3.61395664e-05  2.71018244e+00  3.61395664e-05 -2.71015907e-03  3.61395664e-05  5.00000000e+00 
 3.61692077e-05  2.71018244e+00  3.61692077e-05 -2.71020567e-03  3.61692077e-05  5.00000000e+00 
 3.61988491e-05  2.71018244e+00  3.61988491e-05 -2.71015946e-03  3.61988491e-05  5.00000000e+00 
 3.62284904e-05  2.71018244e+00  3.62284904e-05 -2.71020529e-03  3.62284904e-05  5.00000000e+00 
 3.62581318e-05  2.71018244e+00  3.62581318e-05 -2.71015983e-03  3.62581318e-05  5.00000000e+00 
 3.62877731e-05  2.71018244e+00  3.62877731e-05 -2.71020492e-03  3.62877731e-05  5.00000000e+00 
 3.63174144e-05  2.71018244e+00  3.63174144e-05 -2.71016020e-03  3.63174144e-05  5.00000000e+00 
 3.63470558e-05  2.71018244e+00  3.63470558e-05 -2.71020455e-03  3.63470558e-05  5.00000000e+00 
 3.63766971e-05  2.71018244e+00  3.63766971e-05 -2.71016056e-03  3.63766971e-05  5.00000000e+00 
 3.64063384e-05  2.71018244e+00  3.64063384e-05 -2.71020419e-03  3.64063384e-05  5.00000000e+00 
 3.64359798e-05  2.71018244e+00  3.64359798e-05 -2.71016092e-03  3.64359798e-05  5.00000000e+00 
 3.64656211e-05  2.71018244e+00  3.64656211e-05 -2.71020384e-03  3.64656211e-05  5.00000000e+00 
 3.64952625e-05  2.71018244e+00  3.64952625e-05 -2.71016127e-03  3.64952625e-05  5.00000000e+00 
 3.65249038e-05  2.71018244e+00  3.65249038e-05 -2.71020349e-03  3.65249038e-05  5.00000000e+00 
 3.65545451e-05  2.71018244e+00  3.65545451e-05 -2.71016162e-03  3.65545451e-05  5.00000000e+00 
 3.65841865e-05  2.71018244e+00  3.65841865e-05 -2.71020315e-03  3.65841865e-05  5.00000000e+00 
 3.66138278e-05  2.71018244e+00  3.66138278e-05 -2.71016196e-03  3.66138278e-05  5.00000000e+00 
 3.66434691e-05  2.71018244e+00  3.66434691e-05 -2.71020281e-03  3.66434691e-05  5.00000000e+00 
 3.66731105e-05  2.71018244e+00  3.66731105e-05 -2.71016230e-03  3.66731105e-05  5.00000000e+00 
 3.67027518e-05  2.71018244e+00  3.67027518e-05 -2.71020248e-03  3.67027518e-05  5.00000000e+00 
 3.67323932e-05  2.71018244e+00  3.67323932e-05 -2.71016262e-03  3.67323932e-05  5.00000000e+00 
 3.67620345e-05  2.71018244e+00  3.67620345e-05 -2.71020215e-03  3.67620345e-05  5.00000000e+00 
 3.67916758e-05  2.71018244e+00  3.67916758e-05 -2.71016295e-03  3.67916758e-05  5.00000000e+00 
 3.68213172e-05  2.71018244e+00  3.68213172e-05 -2.71020183e-03  3.68213172e-05  5.00000000e+00 
 3.68509585e-05  2.71018244e+00  3.68509585e-05 -2.71016327e-03  3.68509585e-05  5.00000000e+00 
 3.68805998e-05  2.71018244e+00  3.68805998e-05 -2.71020151e-03  3.68805998e-05  5.00000000e+00 
 3.69102412e-05  2.71018244e+00  3.69102412e-05 -2.71016358e-03  3.69102412e-05  5.00000000e+00 
 3.69398825e-05  2.71018244e+00  3.69398825e-05 -2.71020120e-03  3.69398825e-05  5.00000000e+00 
 3.69695239e-05  2.71018244e+00  3.69695239e-05 -2.71016389e-03  3.69695239e-05  5.00000000e+00 
 3.69991652e-05  2.71018244e+00  3.69991652e-05 -2.71020090e-03  3.69991652e-05  5.00000000e+00 
 3.70288065e-05  2.71018244e+00  3.70288065e-05 -2.71016419e-03  3.70288065e-05  5.00000000e+00 
 3.70584479e-05  2.71018244e+00  3.70584479e-05 -2.71020060e-03  3.70584479e-05  5.00000000e+00 
 3.70880892e-05  2.71018244e+00  3.70880892e-05 -2.71016449e-03  3.70880892e-05  5.00000000e+00 
 3.71177306e-05  2.71018244e+00  3.71177306e-05 -2.71020030e-03  3.71177306e-05  5.00000000e+00 
 3.71473719e-05  2.71018244e+00  3.71473719e-05 -2.71016478e-03  3.71473719e-05  5.00000000e+00 
 3.71770132e-05  2.71018244e+00  3.71770132e-05 -2.71020001e-03  3.71770132e-05  5.00000000e+00 
 3.72066546e-05  2.71018244e+00  3.72066546e-05 -2.71016507e-03  3.72066546e-05  5.00000000e+00 
 3.72362959e-05  2.71018244e+00  3.72362959e-05 -2.71019972e-03  3.72362959e-05  5.00000000e+00 
 3.72659372e-05  2.71018244e+00  3.72659372e-05 -2.71016536e-03  3.72659372e-05  5.00000000e+00 
 3.72955786e-05  2.71018244e+00  3.72955786e-05 -2.71019944e-03  3.72955786e-05  5.00000000e+00 
 3.73252199e-05  2.71018244e+00  3.73252199e-05 -2.71016563e-03  3.73252199e-05  5.00000000e+00 
 3.73548613e-05  2.71018244e+00  3.73548613e-05 -2.71019917e-03  3.73548613e-05  5.00000000e+00 
 3.73845026e-05  2.71018244e+00  3.73845026e-05 -2.71016591e-03  3.73845026e-05  5.00000000e+00 
 3.74141439e-05  2.71018244e+00  3.74141439e-05 -2.71019889e-03  3.74141439e-05  5.00000000e+00 
 3.74437853e-05  2.71018244e+00  3.74437853e-05 -2.71016618e-03  3.74437853e-05  5.00000000e+00 
 3.74734266e-05  2.71018244e+00  3.74734266e-05 -2.71019863e-03  3.74734266e-05  5.00000000e+00 
 3.75030679e-05  2.71018244e+00  3.75030679e-05 -2.71016644e-03  3.75030679e-05  5.00000000e+00 
 3.75327093e-05  2.71018244e+00  3.75327093e-05 -2.71019836e-03  3.75327093e-05  5.00000000e+00 
 3.75623506e-05  2.71018244e+00  3.75623506e-05 -2.71016671e-03  3.75623506e-05  5.00000000e+00 
 3.75919920e-05  2.71018244e+00  3.75919920e-05 -2.71019810e-03  3.75919920e-05  5.00000000e+00 
 3.76216333e-05  2.71018244e+00  3.76216333e-05 -2.71016696e-03  3.76216333e-05  5.00000000e+00 
 3.76512746e-05  2.71018244e+00  3.76512746e-05 -2.71019785e-03  3.76512746e-05  5.00000000e+00 
 3.76809160e-05  2.71018244e+00  3.76809160e-05 -2.71016722e-03  3.76809160e-05  5.00000000e+00 
 3.77105573e-05  2.71018244e+00  3.77105573e-05 -2.71019760e-03  3.77105573e-05  5.00000000e+00 
 3.77401986e-05  2.71018244e+00  3.77401986e-05 -2.71016746e-03  3.77401986e-05  5.00000000e+00 
 3.77698400e-05  2.71018244e+00  3.77698400e-05 -2.71019735e-03  3.77698400e-05  5.00000000e+00 
 3.77994813e-05  2.71018244e+00  3.77994813e-05 -2.71016771e-03  3.77994813e-05  5.00000000e+00 
 3.78291227e-05  2.71018244e+00  3.78291227e-05 -2.71019711e-03  3.78291227e-05  5.00000000e+00 
 3.78587640e-05  2.71018244e+00  3.78587640e-05 -2.71016795e-03  3.78587640e-05  5.00000000e+00 
 3.78884053e-05  2.71018244e+00  3.78884053e-05 -2.71019687e-03  3.78884053e-05  5.00000000e+00 
 3.79180467e-05  2.71018244e+00  3.79180467e-05 -2.71016819e-03  3.79180467e-05  5.00000000e+00 
 3.79476880e-05  2.71018244e+00  3.79476880e-05 -2.71019664e-03  3.79476880e-05  5.00000000e+00 
 3.79773293e-05  2.71018244e+00  3.79773293e-05 -2.71016842e-03  3.79773293e-05  5.00000000e+00 
 3.80069707e-05  2.71018244e+00  3.80069707e-05 -2.71019640e-03  3.80069707e-05  5.00000000e+00 
 3.80366120e-05  2.71018244e+00  3.80366120e-05 -2.71016865e-03  3.80366120e-05  5.00000000e+00 
 3.80662534e-05  2.71018244e+00  3.80662534e-05 -2.71019618e-03  3.80662534e-05  5.00000000e+00 
 3.80958947e-05  2.71018244e+00  3.80958947e-05 -2.71016887e-03  3.80958947e-05  5.00000000e+00 
 3.81255360e-05  2.71018244e+00  3.81255360e-05 -2.71019595e-03  3.81255360e-05  5.00000000e+00 
 3.81551774e-05  2.71018244e+00  3.81551774e-05 -2.71016909e-03  3.81551774e-05  5.00000000e+00 
 3.81848187e-05  2.71018244e+00  3.81848187e-05 -2.71019573e-03  3.81848187e-05  5.00000000e+00 
 3.82144600e-05  2.71018244e+00  3.82144600e-05 -2.71016931e-03  3.82144600e-05  5.00000000e+00 
 3.82441014e-05  2.71018244e+00  3.82441014e-05 -2.71019552e-03  3.82441014e-05  5.00000000e+00 
 3.82737427e-05  2.71018244e+00  3.82737427e-05 -2.71016953e-03  3.82737427e-05  5.00000000e+00 
 3.83033841e-05  2.71018244e+00  3.83033841e-05 -2.71019531e-03  3.83033841e-05  5.00000000e+00 
 3.83330254e-05  2.71018244e+00  3.83330254e-05 -2.71016974e-03  3.83330254e-05  5.00000000e+00 
 3.83626667e-05  2.71018244e+00  3.83626667e-05 -2.71019510e-03  3.83626667e-05  5.00000000e+00 
 3.83923081e-05  2.71018244e+00  3.83923081e-05 -2.71016994e-03  3.83923081e-05  5.00000000e+00 
 3.84219494e-05  2.71018244e+00  3.84219494e-05 -2.71019489e-03  3.84219494e-05  5.00000000e+00 
 3.84515907e-05  2.71018244e+00  3.84515907e-05 -2.71017015e-03  3.84515907e-05  5.00000000e+00 
 3.84812321e-05  2.71018244e+00  3.84812321e-05 -2.71019469e-03  3.84812321e-05  5.00000000e+00 
 3.85108734e-05  2.71018244e+00  3.85108734e-05 -2.71017035e-03  3.85108734e-05  5.00000000e+00 
 3.85405148e-05  2.71018244e+00  3.85405148e-05 -2.71019449e-03  3.85405148e-05  5.00000000e+00 
 3.85701561e-05  2.71018244e+00  3.85701561e-05 -2.71017055e-03  3.85701561e-05  5.00000000e+00 
 3.85997974e-05  2.71018244e+00  3.85997974e-05 -2.71019430e-03  3.85997974e-05  5.00000000e+00 
 3.86294388e-05  2.71018244e+00  3.86294388e-05 -2.71017074e-03  3.86294388e-05  5.00000000e+00 
 3.86590801e-05  2.71018244e+00  3.86590801e-05 -2.71019410e-03  3.86590801e-05  5.00000000e+00 
 3.86887215e-05  2.71018244e+00  3.86887215e-05 -2.71017093e-03  3.86887215e-05  5.00000000e+00 
 3.87183628e-05  2.71018244e+00  3.87183628e-05 -2.71019391e-03  3.87183628e-05  5.00000000e+00 
 3.87480041e-05  2.71018244e+00  3.87480041e-05 -2.71017112e-03  3.87480041e-05  5.00000000e+00 
 3.87776455e-05  2.71018244e+00  3.87776455e-05 -2.71019373e-03  3.87776455e-05  5.00000000e+00 
 3.88072868e-05  2.71018244e+00  3.88072868e-05 -2.71017130e-03  3.88072868e-05  5.00000000e+00 
 3.88369281e-05  2.71018244e+00  3.88369281e-05 -2.71019354e-03  3.88369281e-05  5.00000000e+00 
 3.88665695e-05  2.71018244e+00  3.88665695e-05 -2.71017148e-03  3.88665695e-05  5.00000000e+00 
 3.88962108e-05  2.71018244e+00  3.88962108e-05 -2.71019336e-03  3.88962108e-05  5.00000000e+00 
 3.89258522e-05  2.71018244e+00  3.89258522e-05 -2.71017166e-03  3.89258522e-05  5.00000000e+00 
 3.89554935e-05  2.71018244e+00  3.89554935e-05 -2.71019319e-03  3.89554935e-05  5.00000000e+00 
 3.89851348e-05  2.71018244e+00  3.89851348e-05 -2.71017184e-03  3.89851348e-05  5.00000000e+00 
 3.90147762e-05  2.71018244e+00  3.90147762e-05 -2.71019301e-03  3.90147762e-05  5.00000000e+00 
 3.90444175e-05  2.71018244e+00  3.90444175e-05 -2.71017201e-03  3.90444175e-05  5.00000000e+00 
 3.90740588e-05  2.71018244e+00  3.90740588e-05 -2.71019284e-03  3.90740588e-05  5.00000000e+00 
 3.91037002e-05  2.71018244e+00  3.91037002e-05 -2.71017218e-03  3.91037002e-05  5.00000000e+00 
 3.91333415e-05  2.71018244e+00  3.91333415e-05 -2.71019267e-03  3.91333415e-05  5.00000000e+00 
 3.91629829e-05  2.71018244e+00  3.91629829e-05 -2.71017235e-03  3.91629829e-05  5.00000000e+00 
 3.91926242e-05  2.71018244e+00  3.91926242e-05 -2.71019251e-03  3.91926242e-05  5.00000000e+00 
 3.92222655e-05  2.71018244e+00  3.92222655e-05 -2.71017251e-03  3.92222655e-05  5.00000000e+00 
 3.92519069e-05  2.71018244e+00  3.92519069e-05 -2.71019234e-03  3.92519069e-05  5.00000000e+00 
 3.92815482e-05  2.71018244e+00  3.92815482e-05 -2.71017267e-03  3.92815482e-05  5.00000000e+00 
 3.93111895e-05  2.71018244e+00  3.93111895e-05 -2.71019218e-03  3.93111895e-05  5.00000000e+00 
 3.93408309e-05  2.71018244e+00  3.93408309e-05 -2.71017283e-03  3.93408309e-05  5.00000000e+00 
 3.93704722e-05  2.71018244e+00  3.93704722e-05 -2.71019203e-03  3.93704722e-05  5.00000000e+00 
 3.94001136e-05  2.71018244e+00  3.94001136e-05 -2.71017299e-03  3.94001136e-05  5.00000000e+00 
 3.94297549e-05  2.71018244e+00  3.94297549e-05 -2.71019187e-03  3.94297549e-05  5.00000000e+00 
 3.94593962e-05  2.71018244e+00  3.94593962e-05 -2.71017314e-03  3.94593962e-05  5.00000000e+00 
 3.94890376e-05  2.71018244e+00  3.94890376e-05 -2.71019172e-03  3.94890376e-05  5.00000000e+00 
 3.95186789e-05  2.71018244e+00  3.95186789e-05 -2.71017330e-03  3.95186789e-05  5.00000000e+00 
 3.95483202e-05  2.71018244e+00  3.95483202e-05 -2.71019157e-03  3.95483202e-05  5.00000000e+00 
 3.95779616e-05  2.71018244e+00  3.95779616e-05 -2.71017344e-03  3.95779616e-05  5.00000000e+00 
 3.96076029e-05  2.71018244e+00  3.96076029e-05 -2.71019142e-03  3.96076029e-05  5.00000000e+00 
 3.96372443e-05  2.71018244e+00  3.96372443e-05 -2.71017359e-03  3.96372443e-05  5.00000000e+00 
 3.96668856e-05  2.71018244e+00  3.96668856e-05 -2.71019128e-03  3.96668856e-05  5.00000000e+00 
 3.96965269e-05  2.71018244e+00  3.96965269e-05 -2.71017373e-03  3.96965269e-05  5.00000000e+00 
 3.97261683e-05  2.71018244e+00  3.97261683e-05 -2.71019113e-03  3.97261683e-05  5.00000000e+00 
 3.97558096e-05  2.71018244e+00  3.97558096e-05 -2.71017388e-03  3.97558096e-05  5.00000000e+00 
 3.97854509e-05  2.71018244e+00  3.97854509e-05 -2.71019099e-03  3.97854509e-05  5.00000000e+00 
 3.98150923e-05  2.71018244e+00  3.98150923e-05 -2.71017402e-03  3.98150923e-05  5.00000000e+00 
 3.98447336e-05  2.71018244e+00  3.98447336e-05 -2.71019085e-03  3.98447336e-05  5.00000000e+00 
 3.98743750e-05  2.71018244e+00  3.98743750e-05 -2.71017415e-03  3.98743750e-05  5.00000000e+00 
 3.99040163e-05  2.71018244e+00  3.99040163e-05 -2.71019072e-03  3.99040163e-05  5.00000000e+00 
 3.99336576e-05  2.71018244e+00  3.99336576e-05 -2.71017429e-03  3.99336576e-05  5.00000000e+00 
 3.99632990e-05  2.71018244e+00  3.99632990e-05 -2.71019058e-03  3.99632990e-05  5.00000000e+00 
 3.99929403e-05  2.71018244e+00  3.99929403e-05 -2.71017442e-03  3.99929403e-05  5.00000000e+00 
 4.00225816e-05  2.71018244e+00  4.00225816e-05 -2.71019045e-03  4.00225816e-05  5.00000000e+00 
 4.00522230e-05  2.71018244e+00  4.00522230e-05 -2.71017455e-03  4.00522230e-05  5.00000000e+00 
 4.00818643e-05  2.71018244e+00  4.00818643e-05 -2.71019032e-03  4.00818643e-05  5.00000000e+00 
 4.01115057e-05  2.71018244e+00  4.01115057e-05 -2.71017468e-03  4.01115057e-05  5.00000000e+00 
 4.01411470e-05  2.71018244e+00  4.01411470e-05 -2.71019020e-03  4.01411470e-05  5.00000000e+00 
 4.01707883e-05  2.71018244e+00  4.01707883e-05 -2.71017480e-03  4.01707883e-05  5.00000000e+00 
 4.02004297e-05  2.71018244e+00  4.02004297e-05 -2.71019007e-03  4.02004297e-05  5.00000000e+00 
 4.02300710e-05  2.71018244e+00  4.02300710e-05 -2.71017493e-03  4.02300710e-05  5.00000000e+00 
 4.02597124e-05  2.71018244e+00  4.02597124e-05 -2.71018995e-03  4.02597124e-05  5.00000000e+00 
 4.02893537e-05  2.71018244e+00  4.02893537e-05 -2.71017505e-03  4.02893537e-05  5.00000000e+00 
 4.03189950e-05  2.71018244e+00  4.03189950e-05 -2.71018983e-03  4.03189950e-05  5.00000000e+00 
 4.03486364e-05  2.71018244e+00  4.03486364e-05 -2.71017517e-03  4.03486364e-05  5.00000000e+00 
 4.03782777e-05  2.71018244e+00  4.03782777e-05 -2.71018971e-03  4.03782777e-05  5.00000000e+00 
 4.04079190e-05  2.71018244e+00  4.04079190e-05 -2.71017529e-03  4.04079190e-05  5.00000000e+00 
 4.04375604e-05  2.71018244e+00  4.04375604e-05 -2.71018959e-03  4.04375604e-05  5.00000000e+00 
 4.04672017e-05  2.71018244e+00  4.04672017e-05 -2.71017541e-03  4.04672017e-05  5.00000000e+00 
 4.04968431e-05  2.71018244e+00  4.04968431e-05 -2.71018948e-03  4.04968431e-05  5.00000000e+00 
 4.05264844e-05  2.71018244e+00  4.05264844e-05 -2.71017552e-03  4.05264844e-05  5.00000000e+00 
 4.05561257e-05  2.71018244e+00  4.05561257e-05 -2.71018936e-03  4.05561257e-05  5.00000000e+00 
 4.05857671e-05  2.71018244e+00  4.05857671e-05 -2.71017563e-03  4.05857671e-05  5.00000000e+00 
 4.06154084e-05  2.71018244e+00  4.06154084e-05 -2.71018925e-03  4.06154084e-05  5.00000000e+00 
 4.06450497e-05  2.71018244e+00  4.06450497e-05 -2.71017574e-03  4.06450497e-05  5.00000000e+00 
 4.06746911e-05  2.71018244e+00  4.06746911e-05 -2.71018914e-03  4.06746911e-05  5.00000000e+00 
 4.07043324e-05  2.71018244e+00  4.07043324e-05 -2.71017585e-03  4.07043324e-05  5.00000000e+00 
 4.07339738e-05  2.71018244e+00  4.07339738e-05 -2.71018903e-03  4.07339738e-05  5.00000000e+00 
 4.07636151e-05  2.71018244e+00  4.07636151e-05 -2.71017596e-03  4.07636151e-05  5.00000000e+00 
 4.07932564e-05  2.71018244e+00  4.07932564e-05 -2.71018893e-03  4.07932564e-05  5.00000000e+00 
 4.08228978e-05  2.71018244e+00  4.08228978e-05 -2.71017606e-03  4.08228978e-05  5.00000000e+00 
 4.08525391e-05  2.71018244e+00  4.08525391e-05 -2.71018882e-03  4.08525391e-05  5.00000000e+00 
 4.08821804e-05  2.71018244e+00  4.08821804e-05 -2.71017617e-03  4.08821804e-05  5.00000000e+00 
 4.09118218e-05  2.71018244e+00  4.09118218e-05 -2.71018872e-03  4.09118218e-05  5.00000000e+00 
 4.09414631e-05  2.71018244e+00  4.09414631e-05 -2.71017627e-03  4.09414631e-05  5.00000000e+00 
 4.09711045e-05  2.71018244e+00  4.09711045e-05 -2.71018862e-03  4.09711045e-05  5.00000000e+00 
 4.10007458e-05  2.71018244e+00  4.10007458e-05 -2.71017637e-03  4.10007458e-05  5.00000000e+00 
 4.10303871e-05  2.71018244e+00  4.10303871e-05 -2.71018852e-03  4.10303871e-05  5.00000000e+00 
 4.10600285e-05  2.71018244e+00  4.10600285e-05 -2.71017647e-03  4.10600285e-05  5.00000000e+00 
 4.10896698e-05  2.71018244e+00  4.10896698e-05 -2.71018842e-03  4.10896698e-05  5.00000000e+00 
 4.11193111e-05  2.71018244e+00  4.11193111e-05 -2.71017656e-03  4.11193111e-05  5.00000000e+00 
 4.11489525e-05  2.71018244e+00  4.11489525e-05 -2.71018833e-03  4.11489525e-05  5.00000000e+00 
 4.11785938e-05  2.71018244e+00  4.11785938e-05 -2.71017666e-03  4.11785938e-05  5.00000000e+00 
 4.12082352e-05  2.71018244e+00  4.12082352e-05 -2.71018823e-03  4.12082352e-05  5.00000000e+00 
 4.12378765e-05  2.71018244e+00  4.12378765e-05 -2.71017675e-03  4.12378765e-05  5.00000000e+00 
 4.12675178e-05  2.71018244e+00  4.12675178e-05 -2.71018814e-03  4.12675178e-05  5.00000000e+00 
 4.12971592e-05  2.71018244e+00  4.12971592e-05 -2.71017684e-03  4.12971592e-05  5.00000000e+00 
 4.13268005e-05  2.71018244e+00  4.13268005e-05 -2.71018805e-03  4.13268005e-05  5.00000000e+00 
 4.13564418e-05  2.71018244e+00  4.13564418e-05 -2.71017694e-03  4.13564418e-05  5.00000000e+00 
 4.13860832e-05  2.71018244e+00  4.13860832e-05 -2.71018796e-03  4.13860832e-05  5.00000000e+00 
 4.14157245e-05  2.71018244e+00  4.14157245e-05 -2.71017702e-03  4.14157245e-05  5.00000000e+00 
 4.14453659e-05  2.71018244e+00  4.14453659e-05 -2.71018787e-03  4.14453659e-05  5.00000000e+00 
 4.14750072e-05  2.71018244e+00  4.14750072e-05 -2.71017711e-03  4.14750072e-05  5.00000000e+00 
 4.15046485e-05  2.71018244e+00  4.15046485e-05 -2.71018778e-03  4.15046485e-05  5.00000000e+00 
 4.15342899e-05  2.71018244e+00  4.15342899e-05 -2.71017720e-03  4.15342899e-05  5.00000000e+00 
 4.15639312e-05  2.71018244e+00  4.15639312e-05 -2.71018770e-03  4.15639312e-05  5.00000000e+00 
 4.15935725e-05  2.71018244e+00  4.15935725e-05 -2.71017728e-03  4.15935725e-05  5.00000000e+00 
 4.16232139e-05  2.71018244e+00  4.16232139e-05 -2.71018761e-03  4.16232139e-05  5.00000000e+00 
 4.16528552e-05  2.71018244e+00  4.16528552e-05 -2.71017737e-03  4.16528552e-05  5.00000000e+00 
 4.16824966e-05  2.71018244e+00  4.16824966e-05 -2.71018753e-03  4.16824966e-05  5.00000000e+00 
 4.17121379e-05  2.71018244e+00  4.17121379e-05 -2.71017745e-03  4.17121379e-05  5.00000000e+00 
 4.17417792e-05  2.71018244e+00  4.17417792e-05 -2.71018745e-03  4.17417792e-05  5.00000000e+00 
 4.17714206e-05  2.71018244e+00  4.17714206e-05 -2.71017753e-03  4.17714206e-05  5.00000000e+00 
 4.18010619e-05  2.71018244e+00  4.18010619e-05 -2.71018737e-03  4.18010619e-05  5.00000000e+00 
 4.18307033e-05  2.71018244e+00  4.18307033e-05 -2.71017761e-03  4.18307033e-05  5.00000000e+00 
 4.18603446e-05  2.71018244e+00  4.18603446e-05 -2.71018729e-03  4.18603446e-05  5.00000000e+00 
 4.18899859e-05  2.71018244e+00  4.18899859e-05 -2.71017769e-03  4.18899859e-05  5.00000000e+00 
 4.19196273e-05  2.71018244e+00  4.19196273e-05 -2.71018721e-03  4.19196273e-05  5.00000000e+00 
 4.19492686e-05  2.71018244e+00  4.19492686e-05 -2.71017776e-03  4.19492686e-05  5.00000000e+00 
 4.19789099e-05  2.71018244e+00  4.19789099e-05 -2.71018714e-03  4.19789099e-05  5.00000000e+00 
 4.20085513e-05  2.71018244e+00  4.20085513e-05 -2.71017784e-03  4.20085513e-05  5.00000000e+00 
 4.20381926e-05  2.71018244e+00  4.20381926e-05 -2.71018706e-03  4.20381926e-05  5.00000000e+00 
 4.20678340e-05  2.71018244e+00  4.20678340e-05 -2.71017791e-03  4.20678340e-05  5.00000000e+00 
 4.20974753e-05  2.71018244e+00  4.20974753e-05 -2.71018699e-03  4.20974753e-05  5.00000000e+00 
 4.21271166e-05  2.71018244e+00  4.21271166e-05 -2.71017799e-03  4.21271166e-05  5.00000000e+00 
 4.21567580e-05  2.71018244e+00  4.21567580e-05 -2.71018692e-03  4.21567580e-05  5.00000000e+00 
 4.21863993e-05  2.71018244e+00  4.21863993e-05 -2.71017806e-03  4.21863993e-05  5.00000000e+00 
 4.22160406e-05  2.71018244e+00  4.22160406e-05 -2.71018684e-03  4.22160406e-05  5.00000000e+00 
 4.22456820e-05  2.71018244e+00  4.22456820e-05 -2.71017813e-03  4.22456820e-05  5.00000000e+00 
 4.22753233e-05  2.71018244e+00  4.22753233e-05 -2.71018677e-03  4.22753233e-05  5.00000000e+00 
 4.23049647e-05  2.71018244e+00  4.23049647e-05 -2.71017820e-03  4.23049647e-05  5.00000000e+00 
 4.23346060e-05  2.71018244e+00  4.23346060e-05 -2.71018670e-03  4.23346060e-05  5.00000000e+00 
 4.23642473e-05  2.71018244e+00  4.23642473e-05 -2.71017827e-03  4.23642473e-05  5.00000000e+00 
 4.23938887e-05  2.71018244e+00  4.23938887e-05 -2.71018664e-03  4.23938887e-05  5.00000000e+00 
 4.24235300e-05  2.71018244e+00  4.24235300e-05 -2.71017833e-03  4.24235300e-05  5.00000000e+00 
 4.24531713e-05  2.71018244e+00  4.24531713e-05 -2.71018657e-03  4.24531713e-05  5.00000000e+00 
 4.24828127e-05  2.71018244e+00  4.24828127e-05 -2.71017840e-03  4.24828127e-05  5.00000000e+00 
 4.25124540e-05  2.71018244e+00  4.25124540e-05 -2.71018650e-03  4.25124540e-05  5.00000000e+00 
 4.25420954e-05  2.71018244e+00  4.25420954e-05 -2.71017847e-03  4.25420954e-05  5.00000000e+00 
 4.25717367e-05  2.71018244e+00  4.25717367e-05 -2.71018644e-03  4.25717367e-05  5.00000000e+00 
 4.26013780e-05  2.71018244e+00  4.26013780e-05 -2.71017853e-03  4.26013780e-05  5.00000000e+00 
 4.26310194e-05  2.71018244e+00  4.26310194e-05 -2.71018638e-03  4.26310194e-05  5.00000000e+00 
 4.26606607e-05  2.71018244e+00  4.26606607e-05 -2.71017859e-03  4.26606607e-05  5.00000000e+00 
 4.26903020e-05  2.71018244e+00  4.26903020e-05 -2.71018631e-03  4.26903020e-05  5.00000000e+00 
 4.27199434e-05  2.71018244e+00  4.27199434e-05 -2.71017866e-03  4.27199434e-05  5.00000000e+00 
 4.27495847e-05  2.71018244e+00  4.27495847e-05 -2.71018625e-03  4.27495847e-05  5.00000000e+00 
 4.27792261e-05  2.71018244e+00  4.27792261e-05 -2.71017872e-03  4.27792261e-05  5.00000000e+00 
 4.28088674e-05  2.71018244e+00  4.28088674e-05 -2.71018619e-03  4.28088674e-05  5.00000000e+00 
 4.28385087e-05  2.71018244e+00  4.28385087e-05 -2.71017878e-03  4.28385087e-05  5.00000000e+00 
 4.28681501e-05  2.71018244e+00  4.28681501e-05 -2.71018613e-03  4.28681501e-05  5.00000000e+00 
 4.28977914e-05  2.71018244e+00  4.28977914e-05 -2.71017883e-03  4.28977914e-05  5.00000000e+00 
 4.29274327e-05  2.71018244e+00  4.29274327e-05 -2.71018607e-03  4.29274327e-05  5.00000000e+00 
 4.29570741e-05  2.71018244e+00  4.29570741e-05 -2.71017889e-03  4.29570741e-05  5.00000000e+00 
 4.29867154e-05  2.71018244e+00  4.29867154e-05 -2.71018602e-03  4.29867154e-05  5.00000000e+00 
 4.30163568e-05  2.71018244e+00  4.30163568e-05 -2.71017895e-03  4.30163568e-05  5.00000000e+00 
 4.30459981e-05  2.71018244e+00  4.30459981e-05 -2.71018596e-03  4.30459981e-05  5.00000000e+00 
 4.30756394e-05  2.71018244e+00  4.30756394e-05 -2.71017901e-03  4.30756394e-05  5.00000000e+00 
 4.31052808e-05  2.71018244e+00  4.31052808e-05 -2.71018590e-03  4.31052808e-05  5.00000000e+00 
 4.31349221e-05  2.71018244e+00  4.31349221e-05 -2.71017906e-03  4.31349221e-05  5.00000000e+00 
 4.31645634e-05  2.71018244e+00  4.31645634e-05 -2.71018585e-03  4.31645634e-05  5.00000000e+00 
 4.31942048e-05  2.71018244e+00  4.31942048e-05 -2.71017912e-03  4.31942048e-05  5.00000000e+00 
 4.32238461e-05  2.71018244e+00  4.32238461e-05 -2.71018580e-03  4.32238461e-05  5.00000000e+00 
 4.32534875e-05  2.71018244e+00  4.32534875e-05 -2.71017917e-03  4.32534875e-05  5.00000000e+00 
 4.32831288e-05  2.71018244e+00  4.32831288e-05 -2.71018574e-03  4.32831288e-05  5.00000000e+00 
 4.33127701e-05  2.71018244e+00  4.33127701e-05 -2.71017922e-03  4.33127701e-05  5.00000000e+00 
 4.33424115e-05  2.71018244e+00  4.33424115e-05 -2.71018569e-03  4.33424115e-05  5.00000000e+00 
 4.33720528e-05  2.71018244e+00  4.33720528e-05 -2.71017927e-03  4.33720528e-05  5.00000000e+00 
 4.34016942e-05  2.71018244e+00  4.34016942e-05 -2.71018564e-03  4.34016942e-05  5.00000000e+00 
 4.34313355e-05  2.71018244e+00  4.34313355e-05 -2.71017932e-03  4.34313355e-05  5.00000000e+00 
 4.34609768e-05  2.71018244e+00  4.34609768e-05 -2.71018559e-03  4.34609768e-05  5.00000000e+00 
 4.34906182e-05  2.71018244e+00  4.34906182e-05 -2.71017937e-03  4.34906182e-05  5.00000000e+00 
 4.35202595e-05  2.71018244e+00  4.35202595e-05 -2.71018554e-03  4.35202595e-05  5.00000000e+00 
 4.35499008e-05  2.71018244e+00  4.35499008e-05 -2.71017942e-03  4.35499008e-05  5.00000000e+00 
 4.35795422e-05  2.71018244e+00  4.35795422e-05 -2.71018549e-03  4.35795422e-05  5.00000000e+00 
 4.36091835e-05  2.71018244e+00  4.36091835e-05 -2.71017947e-03  4.36091835e-05  5.00000000e+00 
 4.36388249e-05  2.71018244e+00  4.36388249e-05 -2.71018544e-03  4.36388249e-05  5.00000000e+00 
 4.36684662e-05  2.71018244e+00  4.36684662e-05 -2.71017952e-03  4.36684662e-05  5.00000000e+00 
 4.36981075e-05  2.71018244e+00  4.36981075e-05 -2.71018540e-03  4.36981075e-05  5.00000000e+00 
 4.37277489e-05  2.71018244e+00  4.37277489e-05 -2.71017957e-03  4.37277489e-05  5.00000000e+00 
 4.37573902e-05  2.71018244e+00  4.37573902e-05 -2.71018535e-03  4.37573902e-05  5.00000000e+00 
 4.37870315e-05  2.71018244e+00  4.37870315e-05 -2.71017961e-03  4.37870315e-05  5.00000000e+00 
 4.38166729e-05  2.71018244e+00  4.38166729e-05 -2.71018530e-03  4.38166729e-05  5.00000000e+00 
 4.38463142e-05  2.71018244e+00  4.38463142e-05 -2.71017966e-03  4.38463142e-05  5.00000000e+00 
 4.38759556e-05  2.71018244e+00  4.38759556e-05 -2.71018526e-03  4.38759556e-05  5.00000000e+00 
 4.39055969e-05  2.71018244e+00  4.39055969e-05 -2.71017970e-03  4.39055969e-05  5.00000000e+00 
 4.39352382e-05  2.71018244e+00  4.39352382e-05 -2.71018521e-03  4.39352382e-05  5.00000000e+00 
 4.39648796e-05  2.71018244e+00  4.39648796e-05 -2.71017975e-03  4.39648796e-05  5.00000000e+00 
 4.39945209e-05  2.71018244e+00  4.39945209e-05 -2.71018517e-03  4.39945209e-05  5.00000000e+00 
 4.40241622e-05  2.71018244e+00  4.40241622e-05 -2.71017979e-03  4.40241622e-05  5.00000000e+00 
 4.40538036e-05  2.71018244e+00  4.40538036e-05 -2.71018513e-03  4.40538036e-05  5.00000000e+00 
 4.40834449e-05  2.71018244e+00  4.40834449e-05 -2.71017983e-03  4.40834449e-05  5.00000000e+00 
 4.41130863e-05  2.71018244e+00  4.41130863e-05 -2.71018509e-03  4.41130863e-05  5.00000000e+00 
 4.41427276e-05  2.71018244e+00  4.41427276e-05 -2.71017987e-03  4.41427276e-05  5.00000000e+00 
 4.41723689e-05  2.71018244e+00  4.41723689e-05 -2.71018505e-03  4.41723689e-05  5.00000000e+00 
 4.42020103e-05  2.71018244e+00  4.42020103e-05 -2.71017991e-03  4.42020103e-05  5.00000000e+00 
 4.42316516e-05  2.71018244e+00  4.42316516e-05 -2.71018500e-03  4.42316516e-05  5.00000000e+00 
 4.42612929e-05  2.71018244e+00  4.42612929e-05 -2.71017995e-03  4.42612929e-05  5.00000000e+00 
 4.42909343e-05  2.71018244e+00  4.42909343e-05 -2.71018496e-03  4.42909343e-05  5.00000000e+00 
 4.43205756e-05  2.71018244e+00  4.43205756e-05 -2.71017999e-03  4.43205756e-05  5.00000000e+00 
 4.43502170e-05  2.71018244e+00  4.43502170e-05 -2.71018493e-03  4.43502170e-05  5.00000000e+00 
 4.43798583e-05  2.71018244e+00  4.43798583e-05 -2.71018003e-03  4.43798583e-05  5.00000000e+00 
 4.44094996e-05  2.71018244e+00  4.44094996e-05 -2.71018489e-03  4.44094996e-05  5.00000000e+00 
 4.44357531e-05  2.71018244e+00  4.44357531e-05 -2.71018007e-03  4.44357531e-05  5.00000000e+00 
 4.44620066e-05  2.71018244e+00  4.44620066e-05 -2.71018484e-03  4.44620066e-05  5.00000000e+00 
 4.44649707e-05  2.70563760e+00  4.44649707e-05 -2.55383718e-03  4.44649707e-05  4.95000000e+00 
 4.44708990e-05  2.68727044e+00  4.44708990e-05 -2.22259959e-03  4.44708990e-05  4.85000000e+00 
 4.44827555e-05  2.61023333e+00  4.44827555e-05 -1.77595491e-03  4.44827555e-05  4.65000000e+00 
 4.44983999e-05  2.46728360e+00  4.44983999e-05 -1.47183886e-03  4.44983999e-05  4.38610556e+00 
 4.45196768e-05  2.24655545e+00  4.45196768e-05 -1.16379852e-03  4.45196768e-05  4.02720040e+00 
 4.45430618e-05  1.99157491e+00  4.45430618e-05 -8.89412033e-04  4.45430618e-05  3.63273471e+00 
 4.45727031e-05  1.66386568e+00  4.45727031e-05 -5.50284878e-04  4.45727031e-05  3.13273471e+00 
 4.46023444e-05  1.34141371e+00  4.46023444e-05 -2.74402492e-04  4.46023444e-05  2.63273471e+00 
 4.46319858e-05  1.04156845e+00  4.46319858e-05 -8.08062101e-05  4.46319858e-05  2.13273471e+00 
 4.46616271e-05  7.85054158e-01  4.46616271e-05 -1.10983056e-05  4.46616271e-05  1.63273471e+00 
 4.46912684e-05  5.84277097e-01  4.46912684e-05 -8.93480186e-07  4.46912684e-05  1.13273471e+00 
 4.47209098e-05  4.33785314e-01  4.47209098e-05 -4.48422624e-07  4.47209098e-05  6.32734706e-01 
 4.47396649e-05  3.59508817e-01  4.47396649e-05 -4.17447445e-07  4.47396649e-05  3.16367353e-01 
 4.47584200e-05  2.97955924e-01  4.47584200e-05 -4.37665502e-07  4.47584200e-05  4.08562073e-14 
 4.47613841e-05  2.89420373e-01  4.47613841e-05 -3.42414922e-11  4.47613841e-05  0.00000000e+00 
 4.47652877e-05  2.78397236e-01  4.47652877e-05 -3.65188992e-11  4.47652877e-05  0.00000000e+00 
 4.47688727e-05  2.68644032e-01  4.47688727e-05 -3.89455036e-11  4.47688727e-05  0.00000000e+00 
 4.47726953e-05  2.58620730e-01  4.47726953e-05 -4.19582445e-11  4.47726953e-05  0.00000000e+00 
 4.47762998e-05  2.49512615e-01  4.47762998e-05 -4.52373944e-11  4.47762998e-05  0.00000000e+00 
 4.47798355e-05  2.40890237e-01  4.47798355e-05 -4.88841271e-11  4.47798355e-05  0.00000000e+00 
 4.47832182e-05  2.32920624e-01  4.47832182e-05 -5.28753633e-11  4.47832182e-05  0.00000000e+00 
 4.47866073e-05  2.25199719e-01  4.47866073e-05 -5.72858257e-11  4.47866073e-05  0.00000000e+00 
 4.47900626e-05  2.17592580e-01  4.47900626e-05 -6.24255914e-11  4.47900626e-05  0.00000000e+00 
 4.47943033e-05  2.08605233e-01  4.47943033e-05 -6.93895414e-11  4.47943033e-05  0.00000000e+00 
 4.48001244e-05  1.96870186e-01  4.48001244e-05 -8.07066664e-11  4.48001244e-05  0.00000000e+00 
 4.48114273e-05  1.75920359e-01  4.48114273e-05 -1.08147704e-10  4.48114273e-05  0.00000000e+00 
 4.48340331e-05  1.40375263e-01  4.48340331e-05 -1.91007505e-10  4.48340331e-05  0.00000000e+00 
 4.48636744e-05  1.04321546e-01  4.48636744e-05 -3.61225637e-10  4.48636744e-05  0.00000000e+00 
 4.48933158e-05  7.75313041e-02  4.48933158e-05 -5.98751289e-10  4.48933158e-05  0.00000000e+00 
 4.49229571e-05  5.76216671e-02  4.49229571e-05 -8.79457612e-10  4.49229571e-05  0.00000000e+00 
 4.49525985e-05  4.28264555e-02  4.49525985e-05 -1.18007234e-09  4.49525985e-05  0.00000000e+00 
 4.49822398e-05  3.18299106e-02  4.49822398e-05 -1.46774553e-09  4.49822398e-05  0.00000000e+00 
 4.50118811e-05  2.36581321e-02  4.50118811e-05 -1.73077459e-09  4.50118811e-05  0.00000000e+00 
 4.50415225e-05  1.75838241e-02  4.50415225e-05 -1.95729912e-09  4.50415225e-05  0.00000000e+00 
 4.50711638e-05  1.30701447e-02  4.50711638e-05 -2.14822374e-09  4.50711638e-05  0.00000000e+00 
 4.51008051e-05  9.71455582e-03  4.51008051e-05 -2.29774661e-09  4.51008051e-05  0.00000000e+00 
 4.51304465e-05  7.22142484e-03  4.51304465e-05 -2.42153208e-09  4.51304465e-05  0.00000000e+00 
 4.51600878e-05  5.36758453e-03  4.51600878e-05 -2.51126322e-09  4.51600878e-05  0.00000000e+00 
 4.51897292e-05  3.99055891e-03  4.51897292e-05 -2.58741398e-09  4.51897292e-05  0.00000000e+00 
 4.52193705e-05  2.96628711e-03  4.52193705e-05 -2.63838857e-09  4.52193705e-05  0.00000000e+00 
 4.52490118e-05  2.20578697e-03  4.52490118e-05 -2.68391571e-09  4.52490118e-05  0.00000000e+00 
 4.52786532e-05  1.63978528e-03  4.52786532e-05 -2.71146434e-09  4.52786532e-05  0.00000000e+00 
 4.53082945e-05  1.21984589e-03  4.53082945e-05 -2.73873004e-09  4.53082945e-05  0.00000000e+00 
 4.53379358e-05  9.07011316e-04  4.53379358e-05 -2.75277592e-09  4.53379358e-05  0.00000000e+00 
 4.53675772e-05  6.75188329e-04  4.53675772e-05 -2.76943446e-09  4.53675772e-05  0.00000000e+00 
 4.53972185e-05  5.02221350e-04  4.53972185e-05 -2.77593818e-09  4.53972185e-05  0.00000000e+00 
 4.54268599e-05  3.74302260e-04  4.54268599e-05 -2.78647892e-09  4.54268599e-05  0.00000000e+00 
 4.54565012e-05  2.78615498e-04  4.54565012e-05 -2.78888857e-09  4.54565012e-05  0.00000000e+00 
 4.54861425e-05  2.08079455e-04  4.54861425e-05 -2.79586983e-09  4.54861425e-05  0.00000000e+00 
 4.55157839e-05  1.55099286e-04  4.55157839e-05 -2.79614199e-09  4.55157839e-05  0.00000000e+00 
 4.55454252e-05  1.16246810e-04  4.55454252e-05 -2.80099809e-09  4.55454252e-05  0.00000000e+00 
 4.55750665e-05  8.68747165e-05  4.55750665e-05 -2.80023260e-09  4.55750665e-05  0.00000000e+00 
 4.56047079e-05  6.55084392e-05  4.56047079e-05 -2.80375956e-09  4.56047079e-05  0.00000000e+00 
 4.56343492e-05  4.91945305e-05  4.56343492e-05 -2.80257244e-09  4.56343492e-05  0.00000000e+00 
 4.56639906e-05  3.74711182e-05  4.56639906e-05 -2.80520874e-09  4.56639906e-05  0.00000000e+00 
 4.56936319e-05  2.83878394e-05  4.56936319e-05 -2.80394489e-09  4.56936319e-05  0.00000000e+00 
 4.57232732e-05  2.19741211e-05  4.57232732e-05 -2.80593058e-09  4.57232732e-05  0.00000000e+00 
 4.57529146e-05  1.69025450e-05  4.57529146e-05 -2.80478359e-09  4.57529146e-05  0.00000000e+00 
 4.57825559e-05  1.34045074e-05  4.57825559e-05 -2.80624924e-09  4.57825559e-05  0.00000000e+00 
 4.58121972e-05  1.05666826e-05  4.58121972e-05 -2.80532808e-09  4.58121972e-05  0.00000000e+00 
 4.58418386e-05  8.66162047e-06  4.58418386e-05 -2.80634431e-09  4.58418386e-05  0.00000000e+00 
 4.58714799e-05  7.07553782e-06  4.58714799e-05 -2.80571041e-09  4.58714799e-05  0.00000000e+00 
 4.59011213e-05  6.03263801e-06  4.59011213e-05 -2.80631544e-09  4.59011213e-05  0.00000000e+00 
 4.59267218e-05  5.25746426e-06  4.59267218e-05 -2.80601175e-09  4.59267218e-05  0.00000000e+00 
 4.59407941e-05  4.94750479e-06  4.59407941e-05 -2.80608136e-09  4.59407941e-05  0.00000000e+00 
 4.59505009e-05  4.78313727e-06  4.59505009e-05 -2.80650777e-09  4.59505009e-05  0.00000000e+00 
 4.59587324e-05  4.52799585e-06  4.59587324e-05 -2.80550785e-09  4.59587324e-05  0.00000000e+00 
 4.59667093e-05  4.56051360e-06  4.59667093e-05 -2.80716072e-09  4.59667093e-05  0.00000000e+00 
 4.59742311e-05  4.19824896e-06  4.59742311e-05 -2.80488280e-09  4.59742311e-05  0.00000000e+00 
 4.59821284e-05  4.38949828e-06  4.59821284e-05 -2.80777375e-09  4.59821284e-05  0.00000000e+00 
 4.59908078e-05  3.90400987e-06  4.59908078e-05 -2.80437382e-09  4.59908078e-05  0.00000000e+00 
 4.60008966e-05  4.19171376e-06  4.60008966e-05 -2.80819988e-09  4.60008966e-05  0.00000000e+00 
 4.60136552e-05  3.60044276e-06  4.60136552e-05 -2.80406983e-09  4.60136552e-05  0.00000000e+00 
 4.60310997e-05  3.90657424e-06  4.60310997e-05 -2.80842799e-09  4.60310997e-05  0.00000000e+00 
 4.60574486e-05  3.21231174e-06  4.60574486e-05 -2.80394334e-09  4.60574486e-05  0.00000000e+00 
 4.60870899e-05  3.53921659e-06  4.60870899e-05 -2.80854941e-09  4.60870899e-05  0.00000000e+00 
 4.61167312e-05  2.89866357e-06  4.61167312e-05 -2.80388049e-09  4.61167312e-05  0.00000000e+00 
 4.61463726e-05  3.32299154e-06  4.61463726e-05 -2.80864461e-09  4.61463726e-05  0.00000000e+00 
 4.61760139e-05  2.72211596e-06  4.61760139e-05 -2.80381317e-09  4.61760139e-05  0.00000000e+00 
 4.62056553e-05  3.20655452e-06  4.62056553e-05 -2.80872106e-09  4.62056553e-05  0.00000000e+00 
 4.62352966e-05  2.62184717e-06  4.62352966e-05 -2.80375291e-09  4.62352966e-05  0.00000000e+00 
 4.62649379e-05  3.14466394e-06  4.62649379e-05 -2.80878297e-09  4.62649379e-05  0.00000000e+00 
 4.62945793e-05  2.56429919e-06  4.62945793e-05 -2.80370196e-09  4.62945793e-05  0.00000000e+00 
 4.63242206e-05  3.11232006e-06  4.63242206e-05 -2.80883153e-09  4.63242206e-05  0.00000000e+00 
 4.63538619e-05  2.53094392e-06  4.63538619e-05 -2.80366165e-09  4.63538619e-05  0.00000000e+00 
 4.63835033e-05  3.09570419e-06  4.63835033e-05 -2.80886732e-09  4.63835033e-05  0.00000000e+00 
 4.64131446e-05  2.51155336e-06  4.64131446e-05 -2.80363279e-09  4.64131446e-05  0.00000000e+00 
 4.64427860e-05  3.08717699e-06  4.64427860e-05 -2.80889064e-09  4.64427860e-05  0.00000000e+00 
 4.64724273e-05  2.50048185e-06  4.64724273e-05 -2.80361582e-09  4.64724273e-05  0.00000000e+00 
 4.65020686e-05  3.08251544e-06  4.65020686e-05 -2.80890164e-09  4.65020686e-05  0.00000000e+00 
 4.65317100e-05  2.49461233e-06  4.65317100e-05 -2.80361104e-09  4.65317100e-05  0.00000000e+00 
 4.65613513e-05  3.07938646e-06  4.65613513e-05 -2.80890041e-09  4.65613513e-05  0.00000000e+00 
 4.65909927e-05  2.49222179e-06  4.65909927e-05 -2.80361855e-09  4.65909927e-05  0.00000000e+00 
 4.66206340e-05  3.07650382e-06  4.66206340e-05 -2.80888703e-09  4.66206340e-05  0.00000000e+00 
 4.66502753e-05  2.49235452e-06  4.66502753e-05 -2.80363838e-09  4.66502753e-05  0.00000000e+00 
 4.66799167e-05  3.07316224e-06  4.66799167e-05 -2.80886160e-09  4.66799167e-05  0.00000000e+00 
 4.67095580e-05  2.49447590e-06  4.67095580e-05 -2.80367048e-09  4.67095580e-05  0.00000000e+00 
 4.67391993e-05  3.06898012e-06  4.67391993e-05 -2.80882426e-09  4.67391993e-05  0.00000000e+00 
 4.67688407e-05  2.49828118e-06  4.67688407e-05 -2.80371470e-09  4.67688407e-05  0.00000000e+00 
 4.67984820e-05  3.06375731e-06  4.67984820e-05 -2.80877518e-09  4.67984820e-05  0.00000000e+00 
 4.68281234e-05  2.50358991e-06  4.68281234e-05 -2.80377085e-09  4.68281234e-05  0.00000000e+00 
 4.68577647e-05  3.05739653e-06  4.68577647e-05 -2.80871460e-09  4.68577647e-05  0.00000000e+00 
 4.68874060e-05  2.51028763e-06  4.68874060e-05 -2.80383866e-09  4.68874060e-05  0.00000000e+00 
 4.69170474e-05  3.04985987e-06  4.69170474e-05 -2.80864278e-09  4.69170474e-05  0.00000000e+00 
 4.69466887e-05  2.51829379e-06  4.69466887e-05 -2.80391782e-09  4.69466887e-05  0.00000000e+00 
 4.69763300e-05  3.04114471e-06  4.69763300e-05 -2.80856004e-09  4.69763300e-05  0.00000000e+00 
 4.70059714e-05  2.52754404e-06  4.70059714e-05 -2.80400795e-09  4.70059714e-05  0.00000000e+00 
 4.70356127e-05  3.03127033e-06  4.70356127e-05 -2.80846675e-09  4.70356127e-05  0.00000000e+00 
 4.70652541e-05  2.53798060e-06  4.70652541e-05 -2.80410864e-09  4.70652541e-05  0.00000000e+00 
 4.70948954e-05  3.02027041e-06  4.70948954e-05 -2.80836332e-09  4.70948954e-05  0.00000000e+00 
 4.71245367e-05  2.54954701e-06  4.71245367e-05 -2.80421939e-09  4.71245367e-05  0.00000000e+00 
 4.71541781e-05  3.00818881e-06  4.71541781e-05 -2.80825021e-09  4.71541781e-05  0.00000000e+00 
 4.71838194e-05  2.56218535e-06  4.71838194e-05 -2.80433969e-09  4.71838194e-05  0.00000000e+00 
 4.72134607e-05  2.99507710e-06  4.72134607e-05 -2.80812792e-09  4.72134607e-05  0.00000000e+00 
 4.72431021e-05  2.57583485e-06  4.72431021e-05 -2.80446898e-09  4.72431021e-05  0.00000000e+00 
 4.72727434e-05  2.98099309e-06  4.72727434e-05 -2.80799700e-09  4.72727434e-05  0.00000000e+00 
 4.73023848e-05  2.59043123e-06  4.73023848e-05 -2.80460663e-09  4.73023848e-05  0.00000000e+00 
 4.73320261e-05  2.96599986e-06  4.73320261e-05 -2.80785801e-09  4.73320261e-05  0.00000000e+00 
 4.73616674e-05  2.60590649e-06  4.73616674e-05 -2.80475201e-09  4.73616674e-05  0.00000000e+00 
 4.73913088e-05  2.95016514e-06  4.73913088e-05 -2.80771159e-09  4.73913088e-05  0.00000000e+00 
 4.74209501e-05  2.62218894e-06  4.74209501e-05 -2.80490443e-09  4.74209501e-05  0.00000000e+00 
 4.74505914e-05  2.93356073e-06  4.74505914e-05 -2.80755839e-09  4.74505914e-05  0.00000000e+00 
 4.74802328e-05  2.63920339e-06  4.74802328e-05 -2.80506317e-09  4.74802328e-05  0.00000000e+00 
 4.75098741e-05  2.91626214e-06  4.75098741e-05 -2.80739909e-09  4.75098741e-05  0.00000000e+00 
 4.75395155e-05  2.65687142e-06  4.75395155e-05 -2.80522749e-09  4.75395155e-05  0.00000000e+00 
 4.75691568e-05  2.89834814e-06  4.75691568e-05 -2.80723439e-09  4.75691568e-05  0.00000000e+00 
 4.75987981e-05  2.67511169e-06  4.75987981e-05 -2.80539662e-09  4.75987981e-05  0.00000000e+00 
 4.76284395e-05  2.87990035e-06  4.76284395e-05 -2.80706506e-09  4.76284395e-05  0.00000000e+00 
 4.76580808e-05  2.69384027e-06  4.76580808e-05 -2.80556978e-09  4.76580808e-05  0.00000000e+00 
 4.76877221e-05  2.86100292e-06  4.76877221e-05 -2.80689183e-09  4.76877221e-05  0.00000000e+00 
 4.77173635e-05  2.71297106e-06  4.77173635e-05 -2.80574616e-09  4.77173635e-05  0.00000000e+00 
 4.77470048e-05  2.84174207e-06  4.77470048e-05 -2.80671551e-09  4.77470048e-05  0.00000000e+00 
 4.77766462e-05  2.73241615e-06  4.77766462e-05 -2.80592494e-09  4.77766462e-05  0.00000000e+00 
 4.78062875e-05  2.82220576e-06  4.78062875e-05 -2.80653687e-09  4.78062875e-05  0.00000000e+00 
 4.78359288e-05  2.75208623e-06  4.78359288e-05 -2.80610530e-09  4.78359288e-05  0.00000000e+00 
 4.78616456e-05  2.80097200e-06  4.78616456e-05 -2.80634298e-09  4.78616456e-05  0.00000000e+00 
 4.78759777e-05  2.78399196e-06  4.78759777e-05 -2.80639687e-09  4.78759777e-05  0.00000000e+00 
 4.78856832e-05  2.75025990e-06  4.78856832e-05 -2.80588100e-09  4.78856832e-05  0.00000000e+00 
 4.78939369e-05  2.84926872e-06  4.78939369e-05 -2.80698989e-09  4.78939369e-05  0.00000000e+00 
 4.79019362e-05  2.68006992e-06  4.79019362e-05 -2.80524439e-09  4.79019362e-05  0.00000000e+00 
 4.79094477e-05  2.92002246e-06  4.79094477e-05 -2.80762625e-09  4.79094477e-05  0.00000000e+00 
 4.79173398e-05  2.61275706e-06  4.79173398e-05 -2.80463671e-09  4.79173398e-05  0.00000000e+00 
 4.79259970e-05  2.97812679e-06  4.79259970e-05 -2.80814114e-09  4.79259970e-05  0.00000000e+00 
 4.79360429e-05  2.56543344e-06  4.79360429e-05 -2.80421123e-09  4.79360429e-05  0.00000000e+00 
 4.79487303e-05  3.01368433e-06  4.79487303e-05 -2.80844980e-09  4.79487303e-05  0.00000000e+00 
 4.79660383e-05  2.54036816e-06  4.79660383e-05 -2.80398507e-09  4.79660383e-05  0.00000000e+00 
 4.79921216e-05  3.02977137e-06  4.79921216e-05 -2.80858414e-09  4.79921216e-05  0.00000000e+00 
 4.80217629e-05  2.52891254e-06  4.80217629e-05 -2.80388709e-09  4.80217629e-05  0.00000000e+00 
 4.80514043e-05  3.03977598e-06  4.80514043e-05 -2.80867767e-09  4.80514043e-05  0.00000000e+00 
 4.80810456e-05  2.51948418e-06  4.80810456e-05 -2.80380643e-09  4.80810456e-05  0.00000000e+00 
 4.81106870e-05  3.04862714e-06  4.81106870e-05 -2.80875260e-09  4.81106870e-05  0.00000000e+00 
 4.81403283e-05  2.51124614e-06  4.81403283e-05 -2.80373496e-09  4.81403283e-05  0.00000000e+00 
 4.81699696e-05  3.05624347e-06  4.81699696e-05 -2.80881635e-09  4.81699696e-05  0.00000000e+00 
 4.81996110e-05  2.50423842e-06  4.81996110e-05 -2.80367504e-09  4.81996110e-05  0.00000000e+00 
 4.82292523e-05  3.06259716e-06  4.82292523e-05 -2.80886865e-09  4.82292523e-05  0.00000000e+00 
 4.82588937e-05  2.49849847e-06  4.82588937e-05 -2.80362696e-09  4.82588937e-05  0.00000000e+00 
 4.82885350e-05  3.06766316e-06  4.82885350e-05 -2.80890927e-09  4.82885350e-05  0.00000000e+00 
 4.83181763e-05  2.49405561e-06  4.83181763e-05 -2.80359095e-09  4.83181763e-05  0.00000000e+00 
 4.83478177e-05  3.07142060e-06  4.83478177e-05 -2.80893803e-09  4.83478177e-05  0.00000000e+00 
 4.83774590e-05  2.49093199e-06  4.83774590e-05 -2.80356718e-09  4.83774590e-05  0.00000000e+00 
 4.84071003e-05  3.07385364e-06  4.84071003e-05 -2.80895482e-09  4.84071003e-05  0.00000000e+00 
 4.84367417e-05  2.48914296e-06  4.84367417e-05 -2.80355577e-09  4.84367417e-05  0.00000000e+00 
 4.84663830e-05  3.07495198e-06  4.84663830e-05 -2.80895955e-09  4.84663830e-05  0.00000000e+00 
 4.84960244e-05  2.48869735e-06  4.84960244e-05 -2.80355678e-09  4.84960244e-05  0.00000000e+00 
 4.85256657e-05  3.07471107e-06  4.85256657e-05 -2.80895222e-09  4.85256657e-05  0.00000000e+00 
 4.85553070e-05  2.48959759e-06  4.85553070e-05 -2.80357020e-09  4.85553070e-05  0.00000000e+00 
 4.85849484e-05  3.07313233e-06  4.85849484e-05 -2.80893285e-09  4.85849484e-05  0.00000000e+00 
 4.86145897e-05  2.49183976e-06  4.86145897e-05 -2.80359598e-09  4.86145897e-05  0.00000000e+00 
 4.86442310e-05  3.07022313e-06  4.86442310e-05 -2.80890153e-09  4.86442310e-05  0.00000000e+00 
 4.86738724e-05  2.49541369e-06  4.86738724e-05 -2.80363398e-09  4.86738724e-05  0.00000000e+00 
 4.87035137e-05  3.06599686e-06  4.87035137e-05 -2.80885841e-09  4.87035137e-05  0.00000000e+00 
 4.87331551e-05  2.50030303e-06  4.87331551e-05 -2.80368404e-09  4.87331551e-05  0.00000000e+00 
 4.87627964e-05  3.06047286e-06  4.87627964e-05 -2.80880367e-09  4.87627964e-05  0.00000000e+00 
 4.87924377e-05  2.50648533e-06  4.87924377e-05 -2.80374591e-09  4.87924377e-05  0.00000000e+00 
 4.88220791e-05  3.05367635e-06  4.88220791e-05 -2.80873755e-09  4.88220791e-05  0.00000000e+00 
 4.88517204e-05  2.51393216e-06  4.88517204e-05 -2.80381930e-09  4.88517204e-05  0.00000000e+00 
 4.88813617e-05  3.04563831e-06  4.88813617e-05 -2.80866035e-09  4.88813617e-05  0.00000000e+00 
 4.89110031e-05  2.52260925e-06  4.89110031e-05 -2.80390386e-09  4.89110031e-05  0.00000000e+00 
 4.89406444e-05  3.03639538e-06  4.89406444e-05 -2.80857241e-09  4.89406444e-05  0.00000000e+00 
 4.89702858e-05  2.53247663e-06  4.89702858e-05 -2.80399920e-09  4.89702858e-05  0.00000000e+00 
 4.89999271e-05  3.02598965e-06  4.89999271e-05 -2.80847412e-09  4.89999271e-05  0.00000000e+00 
 4.90295684e-05  2.54348887e-06  4.90295684e-05 -2.80410486e-09  4.90295684e-05  0.00000000e+00 
 4.90592098e-05  3.01446851e-06  4.90592098e-05 -2.80836591e-09  4.90592098e-05  0.00000000e+00 
 4.90888511e-05  2.55559524e-06  4.90888511e-05 -2.80422034e-09  4.90888511e-05  0.00000000e+00 
 4.91184924e-05  3.00188441e-06  4.91184924e-05 -2.80824825e-09  4.91184924e-05  0.00000000e+00 
 4.91481338e-05  2.56873996e-06  4.91481338e-05 -2.80434510e-09  4.91481338e-05  0.00000000e+00 
 4.91777751e-05  2.98829466e-06  4.91777751e-05 -2.80812168e-09  4.91777751e-05  0.00000000e+00 
 4.92074165e-05  2.58286249e-06  4.92074165e-05 -2.80447855e-09  4.92074165e-05  0.00000000e+00 
 4.92370578e-05  2.97376115e-06  4.92370578e-05 -2.80798675e-09  4.92370578e-05  0.00000000e+00 
 4.92666991e-05  2.59789778e-06  4.92666991e-05 -2.80462005e-09  4.92666991e-05  0.00000000e+00 
 4.92963405e-05  2.95835007e-06  4.92963405e-05 -2.80784406e-09  4.92963405e-05  0.00000000e+00 
 4.93259818e-05  2.61377661e-06  4.93259818e-05 -2.80476895e-09  4.93259818e-05  0.00000000e+00 
 4.93556231e-05  2.94213162e-06  4.93556231e-05 -2.80769425e-09  4.93556231e-05  0.00000000e+00 
 4.93852645e-05  2.63042588e-06  4.93852645e-05 -2.80492454e-09  4.93852645e-05  0.00000000e+00 
 4.94149058e-05  2.92517970e-06  4.94149058e-05 -2.80753799e-09  4.94149058e-05  0.00000000e+00 
 4.94445472e-05  2.64776894e-06  4.94445472e-05 -2.80508609e-09  4.94445472e-05  0.00000000e+00 
 4.94741885e-05  2.90757159e-06  4.94741885e-05 -2.80737597e-09  4.94741885e-05  0.00000000e+00 
 4.95038298e-05  2.66572602e-06  4.95038298e-05 -2.80525285e-09  4.95038298e-05  0.00000000e+00 
 4.95334712e-05  2.88938757e-06  4.95334712e-05 -2.80720892e-09  4.95334712e-05  0.00000000e+00 
 4.95631125e-05  2.68421452e-06  4.95631125e-05 -2.80542404e-09  4.95631125e-05  0.00000000e+00 
 4.95927538e-05  2.87071058e-06  4.95927538e-05 -2.80703760e-09  4.95927538e-05  0.00000000e+00 
 4.96223952e-05  2.70314944e-06  4.96223952e-05 -2.80559886e-09  4.96223952e-05  0.00000000e+00 
 4.96520365e-05  2.85162584e-06  4.96520365e-05 -2.80686277e-09  4.96520365e-05  0.00000000e+00 
 4.96816779e-05  2.72244376e-06  4.96816779e-05 -2.80577651e-09  4.96816779e-05  0.00000000e+00 
 4.97113192e-05  2.83222049e-06  4.97113192e-05 -2.80668523e-09  4.97113192e-05  0.00000000e+00 
 4.97409605e-05  2.74200886e-06  4.97409605e-05 -2.80595615e-09  4.97409605e-05  0.00000000e+00 
 4.97706019e-05  2.81258314e-06  4.97706019e-05 -2.80650577e-09  4.97706019e-05  0.00000000e+00 
 4.97964171e-05  2.76322106e-06  4.97964171e-05 -2.80615040e-09  4.97964171e-05  0.00000000e+00 
 4.98109703e-05  2.78105241e-06  4.98109703e-05 -2.80621812e-09  4.98109703e-05  0.00000000e+00 
 4.98206687e-05  2.81365362e-06  4.98206687e-05 -2.80661011e-09  4.98206687e-05  0.00000000e+00 
 4.98289383e-05  2.71581525e-06  4.98289383e-05 -2.80562506e-09  4.98289383e-05  0.00000000e+00 
 4.98369536e-05  2.88373614e-06  4.98369536e-05 -2.80724397e-09  4.98369536e-05  0.00000000e+00 
 4.98444532e-05  2.64499992e-06  4.98444532e-05 -2.80498440e-09  4.98444532e-05  0.00000000e+00 
 4.98523383e-05  2.95115638e-06  4.98523383e-05 -2.80784634e-09  4.98523383e-05  0.00000000e+00 
 4.98609739e-05  2.58662668e-06  4.98609739e-05 -2.80445844e-09  4.98609739e-05  0.00000000e+00 
 4.98709807e-05  2.99854575e-06  4.98709807e-05 -2.80826269e-09  4.98709807e-05  0.00000000e+00 
 4.98836057e-05  2.55065282e-06  4.98836057e-05 -2.80413491e-09  4.98836057e-05  0.00000000e+00 
 4.99007970e-05  3.02352228e-06  4.99007970e-05 -2.80847633e-09  4.99007970e-05  0.00000000e+00 
 4.99266585e-05  2.53415294e-06  4.99266585e-05 -2.80398434e-09  4.99266585e-05  0.00000000e+00 
 4.99562998e-05  3.03484838e-06  4.99562998e-05 -2.80857661e-09  4.99562998e-05  0.00000000e+00 
 4.99859411e-05  2.52410293e-06  4.99859411e-05 -2.80390367e-09  4.99859411e-05  0.00000000e+00 
 5.00155825e-05  3.04430305e-06  5.00155825e-05 -2.80865927e-09  5.00155825e-05  0.00000000e+00 
 5.00452238e-05  2.51526267e-06  5.00452238e-05 -2.80382651e-09  5.00452238e-05  0.00000000e+00 
 5.00748652e-05  3.05254484e-06  5.00748652e-05 -2.80872868e-09  5.00748652e-05  0.00000000e+00 
 5.01045065e-05  2.50763022e-06  5.01045065e-05 -2.80376073e-09  5.01045065e-05  0.00000000e+00 
 5.01341478e-05  3.05953783e-06  5.01341478e-05 -2.80878678e-09  5.01341478e-05  0.00000000e+00 
 5.01637892e-05  2.50124765e-06  5.01637892e-05 -2.80370665e-09  5.01637892e-05  0.00000000e+00 
 5.01934305e-05  3.06525535e-06  5.01934305e-05 -2.80883331e-09  5.01934305e-05  0.00000000e+00 
 5.02230718e-05  2.49614824e-06  5.02230718e-05 -2.80366454e-09  5.02230718e-05  0.00000000e+00 
 5.02527132e-05  3.06967431e-06  5.02527132e-05 -2.80886806e-09  5.02527132e-05  0.00000000e+00 
 5.02823545e-05  2.49235768e-06  5.02823545e-05 -2.80363458e-09  5.02823545e-05  0.00000000e+00 
 5.03119959e-05  3.07277626e-06  5.03119959e-05 -2.80889090e-09  5.03119959e-05  0.00000000e+00 
 5.03416372e-05  2.48989472e-06  5.03416372e-05 -2.80361694e-09  5.03416372e-05  0.00000000e+00 
 5.03712785e-05  3.07454806e-06  5.03712785e-05 -2.80890171e-09  5.03712785e-05  0.00000000e+00 
 5.04009199e-05  2.48877146e-06  5.04009199e-05 -2.80361169e-09  5.04009199e-05  0.00000000e+00 
 5.04305612e-05  3.07498225e-06  5.04305612e-05 -2.80890046e-09  5.04305612e-05  0.00000000e+00 
 5.04602025e-05  2.48899353e-06  5.04602025e-05 -2.80361886e-09  5.04602025e-05  0.00000000e+00 
 5.04898439e-05  3.07407723e-06  5.04898439e-05 -2.80888715e-09  5.04898439e-05  0.00000000e+00 
 5.05194852e-05  2.49056021e-06  5.05194852e-05 -2.80363842e-09  5.05194852e-05  0.00000000e+00 
 5.05491266e-05  3.07183736e-06  5.05491266e-05 -2.80886184e-09  5.05491266e-05  0.00000000e+00 
 5.05787679e-05  2.49346447e-06  5.05787679e-05 -2.80367028e-09  5.05787679e-05  0.00000000e+00 
 5.06084092e-05  3.06827301e-06  5.06084092e-05 -2.80882465e-09  5.06084092e-05  0.00000000e+00 
 5.06380506e-05  2.49769307e-06  5.06380506e-05 -2.80371428e-09  5.06380506e-05  0.00000000e+00 
 5.06676919e-05  3.06340052e-06  5.06676919e-05 -2.80877574e-09  5.06676919e-05  0.00000000e+00 
 5.06973333e-05  2.50322662e-06  5.06973333e-05 -2.80377023e-09  5.06973333e-05  0.00000000e+00 
 5.07269746e-05  3.05724216e-06  5.07269746e-05 -2.80871533e-09  5.07269746e-05  0.00000000e+00 
 5.07566159e-05  2.51003969e-06  5.07566159e-05 -2.80383785e-09  5.07566159e-05  0.00000000e+00 
 5.07862573e-05  3.04982602e-06  5.07862573e-05 -2.80864368e-09  5.07862573e-05  0.00000000e+00 
 5.08158986e-05  2.51810094e-06  5.08158986e-05 -2.80391682e-09  5.08158986e-05  0.00000000e+00 
 5.08455399e-05  3.04118590e-06  5.08455399e-05 -2.80856111e-09  5.08455399e-05  0.00000000e+00 
 5.08751813e-05  2.52737324e-06  5.08751813e-05 -2.80400678e-09  5.08751813e-05  0.00000000e+00 
 5.09048226e-05  3.03136117e-06  5.09048226e-05 -2.80846799e-09  5.09048226e-05  0.00000000e+00 
 5.09344640e-05  2.53781391e-06  5.09344640e-05 -2.80410729e-09  5.09344640e-05  0.00000000e+00 
 5.09641053e-05  3.02039657e-06  5.09641053e-05 -2.80836472e-09  5.09641053e-05  0.00000000e+00 
 5.09937466e-05  2.54937484e-06  5.09937466e-05 -2.80421788e-09  5.09937466e-05  0.00000000e+00 
 5.10233880e-05  3.00834201e-06  5.10233880e-05 -2.80825177e-09  5.10233880e-05  0.00000000e+00 
 5.10530293e-05  2.56200278e-06  5.10530293e-05 -2.80433803e-09  5.10530293e-05  0.00000000e+00 
 5.10826706e-05  2.99525241e-06  5.10826706e-05 -2.80812963e-09  5.10826706e-05  0.00000000e+00 
 5.11123120e-05  2.57563957e-06  5.11123120e-05 -2.80446717e-09  5.11123120e-05  0.00000000e+00 
 5.11419533e-05  2.98118735e-06  5.11419533e-05 -2.80799885e-09  5.11419533e-05  0.00000000e+00 
 5.11715947e-05  2.59022239e-06  5.11715947e-05 -2.80460468e-09  5.11715947e-05  0.00000000e+00 
 5.12012360e-05  2.96621090e-06  5.12012360e-05 -2.80786000e-09  5.12012360e-05  0.00000000e+00 
 5.12308773e-05  2.60568408e-06  5.12308773e-05 -2.80474993e-09  5.12308773e-05  0.00000000e+00 
 5.12605187e-05  2.95039127e-06  5.12605187e-05 -2.80771370e-09  5.12605187e-05  0.00000000e+00 
 5.12901600e-05  2.62195345e-06  5.12901600e-05 -2.80490222e-09  5.12901600e-05  0.00000000e+00 
 5.13198013e-05  2.93380054e-06  5.13198013e-05 -2.80756062e-09  5.13198013e-05  0.00000000e+00 
 5.13494427e-05  2.63895563e-06  5.13494427e-05 -2.80506085e-09  5.13494427e-05  0.00000000e+00 
 5.13790840e-05  2.91651431e-06  5.13790840e-05 -2.80740142e-09  5.13790840e-05  0.00000000e+00 
 5.14087254e-05  2.65661235e-06  5.14087254e-05 -2.80522508e-09  5.14087254e-05  0.00000000e+00 
 5.14383667e-05  2.89861139e-06  5.14383667e-05 -2.80723682e-09  5.14383667e-05  0.00000000e+00 
 5.14680080e-05  2.67484242e-06  5.14680080e-05 -2.80539412e-09  5.14680080e-05  0.00000000e+00 
 5.14976494e-05  2.88017343e-06  5.14976494e-05 -2.80706757e-09  5.14976494e-05  0.00000000e+00 
 5.15272907e-05  2.69356199e-06  5.15272907e-05 -2.80556720e-09  5.15272907e-05  0.00000000e+00 
 5.15569320e-05  2.86128454e-06  5.15569320e-05 -2.80689442e-09  5.15569320e-05  0.00000000e+00 
 5.15865734e-05  2.71268502e-06  5.15865734e-05 -2.80574352e-09  5.15865734e-05  0.00000000e+00 
 5.16162147e-05  2.84203093e-06  5.16162147e-05 -2.80671816e-09  5.16162147e-05  0.00000000e+00 
 5.16458561e-05  2.73212364e-06  5.16458561e-05 -2.80592225e-09  5.16458561e-05  0.00000000e+00 
 5.16754974e-05  2.82250053e-06  5.16754974e-05 -2.80653958e-09  5.16754974e-05  0.00000000e+00 
 5.17051387e-05  2.75178860e-06  5.17051387e-05 -2.80610256e-09  5.17051387e-05  0.00000000e+00 
 5.17309883e-05  2.80133027e-06  5.17309883e-05 -2.80634626e-09  5.17309883e-05  0.00000000e+00 
 5.17456191e-05  2.78321176e-06  5.17456191e-05 -2.80638975e-09  5.17456191e-05  0.00000000e+00 
 5.17553136e-05  2.75100447e-06  5.17553136e-05 -2.80588778e-09  5.17553136e-05  0.00000000e+00 
 5.17635882e-05  2.84844716e-06  5.17635882e-05 -2.80698245e-09  5.17635882e-05  0.00000000e+00 
 5.17716084e-05  2.68095481e-06  5.17716084e-05 -2.80525241e-09  5.17716084e-05  0.00000000e+00 
 5.17791032e-05  2.91926084e-06  5.17791032e-05 -2.80761945e-09  5.17791032e-05  0.00000000e+00 
 5.17869853e-05  2.61342867e-06  5.17869853e-05 -2.80464277e-09  5.17869853e-05  0.00000000e+00 
 5.17956127e-05  2.97759799e-06  5.17956127e-05 -2.80813649e-09  5.17956127e-05  0.00000000e+00 
 5.18056053e-05  2.56581410e-06  5.18056053e-05 -2.80421467e-09  5.18056053e-05  0.00000000e+00 
 5.18182079e-05  3.01343187e-06  5.18182079e-05 -2.80844763e-09  5.18182079e-05  0.00000000e+00 
 5.18353583e-05  2.54051920e-06  5.18353583e-05 -2.80398648e-09  5.18353583e-05  0.00000000e+00 
 5.18611429e-05  3.02969906e-06  5.18611429e-05 -2.80858358e-09  5.18611429e-05  0.00000000e+00 
 5.18907843e-05  2.52898439e-06  5.18907843e-05 -2.80388754e-09  5.18907843e-05  0.00000000e+00 
 5.19204256e-05  3.03970547e-06  5.19204256e-05 -2.80867706e-09  5.19204256e-05  0.00000000e+00 
 5.19500669e-05  2.51955200e-06  5.19500669e-05 -2.80380704e-09  5.19500669e-05  0.00000000e+00 
 5.19797083e-05  3.04856081e-06  5.19797083e-05 -2.80875202e-09  5.19797083e-05  0.00000000e+00 
 5.20093496e-05  2.51131014e-06  5.20093496e-05 -2.80373553e-09  5.20093496e-05  0.00000000e+00 
 5.20389909e-05  3.05618147e-06  5.20389909e-05 -2.80881581e-09  5.20389909e-05  0.00000000e+00 
 5.20686323e-05  2.50429822e-06  5.20686323e-05 -2.80367557e-09  5.20686323e-05  0.00000000e+00 
 5.20982736e-05  3.06253971e-06  5.20982736e-05 -2.80886815e-09  5.20982736e-05  0.00000000e+00 
 5.21279150e-05  2.49855373e-06  5.21279150e-05 -2.80362745e-09  5.21279150e-05  0.00000000e+00 
 5.21575563e-05  3.06761048e-06  5.21575563e-05 -2.80890881e-09  5.21575563e-05  0.00000000e+00 
 5.21871976e-05  2.49410605e-06  5.21871976e-05 -2.80359139e-09  5.21871976e-05  0.00000000e+00 
 5.22168390e-05  3.07137291e-06  5.22168390e-05 -2.80893762e-09  5.22168390e-05  0.00000000e+00 
 5.22464803e-05  2.49097736e-06  5.22464803e-05 -2.80356758e-09  5.22464803e-05  0.00000000e+00 
 5.22761216e-05  3.07381115e-06  5.22761216e-05 -2.80895446e-09  5.22761216e-05  0.00000000e+00 
 5.23057630e-05  2.48918304e-06  5.23057630e-05 -2.80355612e-09  5.23057630e-05  0.00000000e+00 
 5.23354043e-05  3.07491486e-06  5.23354043e-05 -2.80895924e-09  5.23354043e-05  0.00000000e+00 
 5.23650457e-05  2.48873195e-06  5.23650457e-05 -2.80355708e-09  5.23650457e-05  0.00000000e+00 
 5.23946870e-05  3.07467951e-06  5.23946870e-05 -2.80895196e-09  5.23946870e-05  0.00000000e+00 
 5.24243283e-05  2.48962655e-06  5.24243283e-05 -2.80357045e-09  5.24243283e-05  0.00000000e+00 
 5.24539697e-05  3.07310645e-06  5.24539697e-05 -2.80893264e-09  5.24539697e-05  0.00000000e+00 
 5.24836110e-05  2.49186294e-06  5.24836110e-05 -2.80359617e-09  5.24836110e-05  0.00000000e+00 
 5.25132523e-05  3.07020305e-06  5.25132523e-05 -2.80890138e-09  5.25132523e-05  0.00000000e+00 
 5.25428937e-05  2.49543099e-06  5.25428937e-05 -2.80363412e-09  5.25428937e-05  0.00000000e+00 
 5.25725350e-05  3.06598268e-06  5.25725350e-05 -2.80885831e-09  5.25725350e-05  0.00000000e+00 
 5.26021764e-05  2.50031437e-06  5.26021764e-05 -2.80368412e-09  5.26021764e-05  0.00000000e+00 
 5.26318177e-05  3.06046464e-06  5.26318177e-05 -2.80880362e-09  5.26318177e-05  0.00000000e+00 
 5.26614590e-05  2.50649065e-06  5.26614590e-05 -2.80374593e-09  5.26614590e-05  0.00000000e+00 
 5.26911004e-05  3.05367412e-06  5.26911004e-05 -2.80873756e-09  5.26911004e-05  0.00000000e+00 
 5.27207417e-05  2.51393145e-06  5.27207417e-05 -2.80381927e-09  5.27207417e-05  0.00000000e+00 
 5.27503830e-05  3.04564210e-06  5.27503830e-05 -2.80866041e-09  5.27503830e-05  0.00000000e+00 
 5.27800244e-05  2.52260250e-06  5.27800244e-05 -2.80390378e-09  5.27800244e-05  0.00000000e+00 
 5.28096657e-05  3.03640516e-06  5.28096657e-05 -2.80857252e-09  5.28096657e-05  0.00000000e+00 
 5.28393071e-05  2.53246388e-06  5.28393071e-05 -2.80399906e-09  5.28393071e-05  0.00000000e+00 
 5.28689484e-05  3.02600537e-06  5.28689484e-05 -2.80847428e-09  5.28689484e-05  0.00000000e+00 
 5.28985897e-05  2.54347018e-06  5.28985897e-05 -2.80410467e-09  5.28985897e-05  0.00000000e+00 
 5.29282311e-05  3.01449010e-06  5.29282311e-05 -2.80836612e-09  5.29282311e-05  0.00000000e+00 
 5.29578724e-05  2.55557068e-06  5.29578724e-05 -2.80422010e-09  5.29578724e-05  0.00000000e+00 
 5.29875137e-05  3.00191179e-06  5.29875137e-05 -2.80824852e-09  5.29875137e-05  0.00000000e+00 
 5.30171551e-05  2.56870966e-06  5.30171551e-05 -2.80434480e-09  5.30171551e-05  0.00000000e+00 
 5.30467964e-05  2.98832769e-06  5.30467964e-05 -2.80812200e-09  5.30467964e-05  0.00000000e+00 
 5.30764378e-05  2.58282659e-06  5.30764378e-05 -2.80447820e-09  5.30764378e-05  0.00000000e+00 
 5.31060791e-05  2.97379968e-06  5.31060791e-05 -2.80798712e-09  5.31060791e-05  0.00000000e+00 
 5.31357204e-05  2.59785645e-06  5.31357204e-05 -2.80461965e-09  5.31357204e-05  0.00000000e+00 
 5.31653618e-05  2.95839393e-06  5.31653618e-05 -2.80784448e-09  5.31653618e-05  0.00000000e+00 
 5.31950031e-05  2.61373003e-06  5.31950031e-05 -2.80476850e-09  5.31950031e-05  0.00000000e+00 
 5.32246444e-05  2.94218061e-06  5.32246444e-05 -2.80769471e-09  5.32246444e-05  0.00000000e+00 
 5.32542858e-05  2.63037426e-06  5.32542858e-05 -2.80492404e-09  5.32542858e-05  0.00000000e+00 
 5.32839271e-05  2.92523360e-06  5.32839271e-05 -2.80753849e-09  5.32839271e-05  0.00000000e+00 
 5.33135685e-05  2.64771253e-06  5.33135685e-05 -2.80508555e-09  5.33135685e-05  0.00000000e+00 
 5.33432098e-05  2.90763016e-06  5.33432098e-05 -2.80737652e-09  5.33432098e-05  0.00000000e+00 
 5.33728511e-05  2.66566508e-06  5.33728511e-05 -2.80525227e-09  5.33728511e-05  0.00000000e+00 
 5.34024925e-05  2.88945053e-06  5.34024925e-05 -2.80720951e-09  5.34024925e-05  0.00000000e+00 
 5.34321338e-05  2.68414932e-06  5.34321338e-05 -2.80542343e-09  5.34321338e-05  0.00000000e+00 
 5.34617752e-05  2.87077765e-06  5.34617752e-05 -2.80703822e-09  5.34617752e-05  0.00000000e+00 
 5.34914165e-05  2.70308029e-06  5.34914165e-05 -2.80559822e-09  5.34914165e-05  0.00000000e+00 
 5.35210578e-05  2.85169672e-06  5.35210578e-05 -2.80686343e-09  5.35210578e-05  0.00000000e+00 
 5.35506992e-05  2.72237098e-06  5.35506992e-05 -2.80577583e-09  5.35506992e-05  0.00000000e+00 
 5.35803405e-05  2.83229484e-06  5.35803405e-05 -2.80668592e-09  5.35803405e-05  0.00000000e+00 
 5.36099818e-05  2.74193279e-06  5.36099818e-05 -2.80595544e-09  5.36099818e-05  0.00000000e+00 
 5.36396232e-05  2.81266064e-06  5.36396232e-05 -2.80650649e-09  5.36396232e-05  0.00000000e+00 
 5.36654742e-05  2.76312612e-06  5.36654742e-05 -2.80614952e-09  5.36654742e-05  0.00000000e+00 
 5.36801080e-05  2.78126116e-06  5.36801080e-05 -2.80622003e-09  5.36801080e-05  0.00000000e+00 
 5.36898023e-05  2.81345502e-06  5.36898023e-05 -2.80660829e-09  5.36898023e-05  0.00000000e+00 
 5.36980771e-05  2.71603571e-06  5.36980771e-05 -2.80562707e-09  5.36980771e-05  0.00000000e+00 
 5.37060975e-05  2.88349753e-06  5.37060975e-05 -2.80724181e-09  5.37060975e-05  0.00000000e+00 
 5.37135921e-05  2.64520669e-06  5.37135921e-05 -2.80498628e-09  5.37135921e-05  0.00000000e+00 
 5.37214741e-05  2.95097235e-06  5.37214741e-05 -2.80784470e-09  5.37214741e-05  0.00000000e+00 
 5.37301012e-05  2.58677488e-06  5.37301012e-05 -2.80445978e-09  5.37301012e-05  0.00000000e+00 
 5.37400932e-05  2.99843659e-06  5.37400932e-05 -2.80826173e-09  5.37400932e-05  0.00000000e+00 
 5.37526949e-05  2.55073073e-06  5.37526949e-05 -2.80413563e-09  5.37526949e-05  0.00000000e+00 
 5.37698437e-05  3.02347185e-06  5.37698437e-05 -2.80847590e-09  5.37698437e-05  0.00000000e+00 
 5.37956252e-05  2.53418485e-06  5.37956252e-05 -2.80398465e-09  5.37956252e-05  0.00000000e+00 
 5.38252665e-05  3.03481631e-06  5.38252665e-05 -2.80857627e-09  5.38252665e-05  0.00000000e+00 
 5.38549079e-05  2.52413540e-06  5.38549079e-05 -2.80390398e-09  5.38549079e-05  0.00000000e+00 
 5.38845492e-05  3.04426994e-06  5.38845492e-05 -2.80865896e-09  5.38845492e-05  0.00000000e+00 
 5.39141906e-05  2.51529613e-06  5.39141906e-05 -2.80382682e-09  5.39141906e-05  0.00000000e+00 
 5.39438319e-05  3.05251099e-06  5.39438319e-05 -2.80872837e-09  5.39438319e-05  0.00000000e+00 
 5.39734732e-05  2.50766446e-06  5.39734732e-05 -2.80376105e-09  5.39734732e-05  0.00000000e+00 
 5.40031146e-05  3.05950336e-06  5.40031146e-05 -2.80878647e-09  5.40031146e-05  0.00000000e+00 
 5.40327559e-05  2.50128249e-06  5.40327559e-05 -2.80370698e-09  5.40327559e-05  0.00000000e+00 
 5.40623973e-05  3.06522040e-06  5.40623973e-05 -2.80883299e-09  5.40623973e-05  0.00000000e+00 
 5.40920386e-05  2.49618352e-06  5.40920386e-05 -2.80366486e-09  5.40920386e-05  0.00000000e+00 
 5.41216799e-05  3.06963903e-06  5.41216799e-05 -2.80886775e-09  5.41216799e-05  0.00000000e+00 
 5.41513213e-05  2.49239323e-06  5.41513213e-05 -2.80363491e-09  5.41513213e-05  0.00000000e+00 
 5.41809626e-05  3.07274081e-06  5.41809626e-05 -2.80889058e-09  5.41809626e-05  0.00000000e+00 
 5.42106039e-05  2.48993037e-06  5.42106039e-05 -2.80361727e-09  5.42106039e-05  0.00000000e+00 
 5.42402453e-05  3.07451261e-06  5.42402453e-05 -2.80890139e-09  5.42402453e-05  0.00000000e+00 
 5.42698866e-05  2.48880705e-06  5.42698866e-05 -2.80361202e-09  5.42698866e-05  0.00000000e+00 
 5.42995280e-05  3.07494696e-06  5.42995280e-05 -2.80890014e-09  5.42995280e-05  0.00000000e+00 
 5.43291693e-05  2.48902889e-06  5.43291693e-05 -2.80361918e-09  5.43291693e-05  0.00000000e+00 
 5.43588106e-05  3.07404225e-06  5.43588106e-05 -2.80888683e-09  5.43588106e-05  0.00000000e+00 
 5.43884520e-05  2.49059518e-06  5.43884520e-05 -2.80363874e-09  5.43884520e-05  0.00000000e+00 
 5.44180933e-05  3.07180285e-06  5.44180933e-05 -2.80886153e-09  5.44180933e-05  0.00000000e+00 
 5.44477346e-05  2.49349889e-06  5.44477346e-05 -2.80367059e-09  5.44477346e-05  0.00000000e+00 
 5.44773760e-05  3.06823913e-06  5.44773760e-05 -2.80882435e-09  5.44773760e-05  0.00000000e+00 
 5.45070173e-05  2.49772678e-06  5.45070173e-05 -2.80371459e-09  5.45070173e-05  0.00000000e+00 
 5.45366587e-05  3.06336742e-06  5.45366587e-05 -2.80877544e-09  5.45366587e-05  0.00000000e+00 
 5.45663000e-05  2.50325946e-06  5.45663000e-05 -2.80377053e-09  5.45663000e-05  0.00000000e+00 
 5.45959413e-05  3.05721000e-06  5.45959413e-05 -2.80871504e-09  5.45959413e-05  0.00000000e+00 
 5.46255827e-05  2.51007152e-06  5.46255827e-05 -2.80383814e-09  5.46255827e-05  0.00000000e+00 
 5.46552240e-05  3.04979494e-06  5.46552240e-05 -2.80864340e-09  5.46552240e-05  0.00000000e+00 
 5.46848653e-05  2.51813160e-06  5.46848653e-05 -2.80391710e-09  5.46848653e-05  0.00000000e+00 
 5.47145067e-05  3.04115605e-06  5.47145067e-05 -2.80856084e-09  5.47145067e-05  0.00000000e+00 
 5.47441480e-05  2.52740260e-06  5.47441480e-05 -2.80400705e-09  5.47441480e-05  0.00000000e+00 
 5.47737894e-05  3.03133268e-06  5.47737894e-05 -2.80846773e-09  5.47737894e-05  0.00000000e+00 
 5.48034307e-05  2.53784183e-06  5.48034307e-05 -2.80410754e-09  5.48034307e-05  0.00000000e+00 
 5.48330720e-05  3.02036956e-06  5.48330720e-05 -2.80836448e-09  5.48330720e-05  0.00000000e+00 
 5.48627134e-05  2.54940120e-06  5.48627134e-05 -2.80421812e-09  5.48627134e-05  0.00000000e+00 
 5.48923547e-05  3.00831662e-06  5.48923547e-05 -2.80825154e-09  5.48923547e-05  0.00000000e+00 
 5.49219960e-05  2.56202746e-06  5.49219960e-05 -2.80433825e-09  5.49219960e-05  0.00000000e+00 
 5.49516374e-05  2.99522875e-06  5.49516374e-05 -2.80812942e-09  5.49516374e-05  0.00000000e+00 
 5.49812787e-05  2.57566244e-06  5.49812787e-05 -2.80446737e-09  5.49812787e-05  0.00000000e+00 
 5.50109201e-05  2.98116553e-06  5.50109201e-05 -2.80799866e-09  5.50109201e-05  0.00000000e+00 
 5.50405614e-05  2.59024335e-06  5.50405614e-05 -2.80460487e-09  5.50405614e-05  0.00000000e+00 
 5.50702027e-05  2.96619102e-06  5.50702027e-05 -2.80785983e-09  5.50702027e-05  0.00000000e+00 
 5.50998441e-05  2.60570305e-06  5.50998441e-05 -2.80475009e-09  5.50998441e-05  0.00000000e+00 
 5.51294854e-05  2.95037342e-06  5.51294854e-05 -2.80771355e-09  5.51294854e-05  0.00000000e+00 
 5.51591267e-05  2.62197034e-06  5.51591267e-05 -2.80490237e-09  5.51591267e-05  0.00000000e+00 
 5.51887681e-05  2.93378480e-06  5.51887681e-05 -2.80756048e-09  5.51887681e-05  0.00000000e+00 
 5.52184094e-05  2.63897035e-06  5.52184094e-05 -2.80506098e-09  5.52184094e-05  0.00000000e+00 
 5.52480508e-05  2.91650076e-06  5.52480508e-05 -2.80740130e-09  5.52480508e-05  0.00000000e+00 
 5.52776921e-05  2.65662485e-06  5.52776921e-05 -2.80522518e-09  5.52776921e-05  0.00000000e+00 
 5.53073334e-05  2.89860009e-06  5.53073334e-05 -2.80723673e-09  5.53073334e-05  0.00000000e+00 
 5.53369748e-05  2.67485262e-06  5.53369748e-05 -2.80539421e-09  5.53369748e-05  0.00000000e+00 
 5.53666161e-05  2.88016443e-06  5.53666161e-05 -2.80706750e-09  5.53666161e-05  0.00000000e+00 
 5.53962574e-05  2.69356986e-06  5.53962574e-05 -2.80556727e-09  5.53962574e-05  0.00000000e+00 
 5.54258988e-05  2.86127788e-06  5.54258988e-05 -2.80689437e-09  5.54258988e-05  0.00000000e+00 
 5.54555401e-05  2.71269052e-06  5.54555401e-05 -2.80574356e-09  5.54555401e-05  0.00000000e+00 
 5.54851815e-05  2.84202665e-06  5.54851815e-05 -2.80671813e-09  5.54851815e-05  0.00000000e+00 
 5.55148228e-05  2.73212676e-06  5.55148228e-05 -2.80592227e-09  5.55148228e-05  0.00000000e+00 
 5.55444641e-05  2.82249863e-06  5.55444641e-05 -2.80653957e-09  5.55444641e-05  0.00000000e+00 
 5.55741055e-05  2.75178931e-06  5.55741055e-05 -2.80610256e-09  5.55741055e-05  0.00000000e+00 
 5.55999564e-05  2.80133153e-06  5.55999564e-05 -2.80634628e-09  5.55999564e-05  0.00000000e+00 
 5.56145901e-05  2.78320402e-06  5.56145901e-05 -2.80638967e-09  5.56145901e-05  0.00000000e+00 
 5.56242844e-05  2.75101533e-06  5.56242844e-05 -2.80588789e-09  5.56242844e-05  0.00000000e+00 
 5.56325592e-05  2.84843145e-06  5.56325592e-05 -2.80698229e-09  5.56325592e-05  0.00000000e+00 
 5.56405796e-05  2.68097525e-06  5.56405796e-05 -2.80525260e-09  5.56405796e-05  0.00000000e+00 
 5.56480742e-05  2.91923745e-06  5.56480742e-05 -2.80761923e-09  5.56480742e-05  0.00000000e+00 
 5.56559562e-05  2.61345495e-06  5.56559562e-05 -2.80464301e-09  5.56559562e-05  0.00000000e+00 
 5.56645833e-05  2.97756998e-06  5.56645833e-05 -2.80813623e-09  5.56645833e-05  0.00000000e+00 
 5.56745753e-05  2.56584320e-06  5.56745753e-05 -2.80421494e-09  5.56745753e-05  0.00000000e+00 
 5.56871771e-05  3.01340229e-06  5.56871771e-05 -2.80844736e-09  5.56871771e-05  0.00000000e+00 
 5.57043260e-05  2.54054913e-06  5.57043260e-05 -2.80398677e-09  5.57043260e-05  0.00000000e+00 
 5.57301076e-05  3.02966926e-06  5.57301076e-05 -2.80858330e-09  5.57301076e-05  0.00000000e+00 
 5.57597489e-05  2.52901498e-06  5.57597489e-05 -2.80388783e-09  5.57597489e-05  0.00000000e+00 
 5.57893903e-05  3.03967445e-06  5.57893903e-05 -2.80867677e-09  5.57893903e-05  0.00000000e+00 
 5.58190316e-05  2.51958373e-06  5.58190316e-05 -2.80380734e-09  5.58190316e-05  0.00000000e+00 
 5.58486730e-05  3.04852871e-06  5.58486730e-05 -2.80875172e-09  5.58486730e-05  0.00000000e+00 
 5.58783143e-05  2.51134288e-06  5.58783143e-05 -2.80373584e-09  5.58783143e-05  0.00000000e+00 
 5.59079556e-05  3.05614844e-06  5.59079556e-05 -2.80881551e-09  5.59079556e-05  0.00000000e+00 
 5.59375970e-05  2.50433182e-06  5.59375970e-05 -2.80367588e-09  5.59375970e-05  0.00000000e+00 
 5.59672383e-05  3.06250591e-06  5.59672383e-05 -2.80886784e-09  5.59672383e-05  0.00000000e+00 
 5.59968796e-05  2.49858803e-06  5.59968796e-05 -2.80362777e-09  5.59968796e-05  0.00000000e+00 
 5.60265210e-05  3.06757606e-06  5.60265210e-05 -2.80890850e-09  5.60265210e-05  0.00000000e+00 
 5.60561623e-05  2.49414090e-06  5.60561623e-05 -2.80359171e-09  5.60561623e-05  0.00000000e+00 
 5.60858037e-05  3.07133803e-06  5.60858037e-05 -2.80893731e-09  5.60858037e-05  0.00000000e+00 
 5.61154450e-05  2.49101259e-06  5.61154450e-05 -2.80356790e-09  5.61154450e-05  0.00000000e+00 
 5.61450863e-05  3.07377597e-06  5.61450863e-05 -2.80895414e-09  5.61450863e-05  0.00000000e+00 
 5.61747277e-05  2.48921850e-06  5.61747277e-05 -2.80355645e-09  5.61747277e-05  0.00000000e+00 
 5.62043690e-05  3.07487954e-06  5.62043690e-05 -2.80895892e-09  5.62043690e-05  0.00000000e+00 
 5.62340103e-05  2.48876748e-06  5.62340103e-05 -2.80355741e-09  5.62340103e-05  0.00000000e+00 
 5.62636517e-05  3.07464420e-06  5.62636517e-05 -2.80895164e-09  5.62636517e-05  0.00000000e+00 
 5.62932930e-05  2.48966198e-06  5.62932930e-05 -2.80357078e-09  5.62932930e-05  0.00000000e+00 
 5.63229344e-05  3.07307133e-06  5.63229344e-05 -2.80893232e-09  5.63229344e-05  0.00000000e+00 
 5.63525757e-05  2.49189811e-06  5.63525757e-05 -2.80359649e-09  5.63525757e-05  0.00000000e+00 
 5.63822170e-05  3.07016827e-06  5.63822170e-05 -2.80890106e-09  5.63822170e-05  0.00000000e+00 
 5.64118584e-05  2.49546573e-06  5.64118584e-05 -2.80363444e-09  5.64118584e-05  0.00000000e+00 
 5.64414997e-05  3.06594840e-06  5.64414997e-05 -2.80885800e-09  5.64414997e-05  0.00000000e+00 
 5.64711411e-05  2.50034853e-06  5.64711411e-05 -2.80368443e-09  5.64711411e-05  0.00000000e+00 
 5.65007824e-05  3.06043102e-06  5.65007824e-05 -2.80880332e-09  5.65007824e-05  0.00000000e+00 
 5.65304237e-05  2.50652408e-06  5.65304237e-05 -2.80374624e-09  5.65304237e-05  0.00000000e+00 
 5.65600651e-05  3.05364132e-06  5.65600651e-05 -2.80873726e-09  5.65600651e-05  0.00000000e+00 
 5.65897064e-05  2.51396397e-06  5.65897064e-05 -2.80381957e-09  5.65897064e-05  0.00000000e+00 
 5.66193477e-05  3.04561025e-06  5.66193477e-05 -2.80866013e-09  5.66193477e-05  0.00000000e+00 
 5.66489891e-05  2.52263398e-06  5.66489891e-05 -2.80390406e-09  5.66489891e-05  0.00000000e+00 
 5.66786304e-05  3.03637442e-06  5.66786304e-05 -2.80857225e-09  5.66786304e-05  0.00000000e+00 
 5.67082718e-05  2.53249418e-06  5.67082718e-05 -2.80399934e-09  5.67082718e-05  0.00000000e+00 
 5.67379131e-05  3.02597588e-06  5.67379131e-05 -2.80847402e-09  5.67379131e-05  0.00000000e+00 
 5.67675544e-05  2.54349915e-06  5.67675544e-05 -2.80410493e-09  5.67675544e-05  0.00000000e+00 
 5.67971958e-05  3.01446200e-06  5.67971958e-05 -2.80836587e-09  5.67971958e-05  0.00000000e+00 
 5.68268371e-05  2.55559819e-06  5.68268371e-05 -2.80422034e-09  5.68268371e-05  0.00000000e+00 
 5.68564784e-05  3.00188519e-06  5.68564784e-05 -2.80824829e-09  5.68564784e-05  0.00000000e+00 
 5.68861198e-05  2.56873559e-06  5.68861198e-05 -2.80434503e-09  5.68861198e-05  0.00000000e+00 
 5.69157611e-05  2.98830273e-06  5.69157611e-05 -2.80812178e-09  5.69157611e-05  0.00000000e+00 
 5.69454025e-05  2.58285081e-06  5.69454025e-05 -2.80447841e-09  5.69454025e-05  0.00000000e+00 
 5.69750438e-05  2.97377647e-06  5.69750438e-05 -2.80798691e-09  5.69750438e-05  0.00000000e+00 
 5.70046851e-05  2.59787886e-06  5.70046851e-05 -2.80461985e-09  5.70046851e-05  0.00000000e+00 
 5.70343265e-05  2.95837257e-06  5.70343265e-05 -2.80784429e-09  5.70343265e-05  0.00000000e+00 
 5.70639678e-05  2.61375052e-06  5.70639678e-05 -2.80476868e-09  5.70639678e-05  0.00000000e+00 
 5.70936091e-05  2.94216120e-06  5.70936091e-05 -2.80769455e-09  5.70936091e-05  0.00000000e+00 
 5.71232505e-05  2.63039274e-06  5.71232505e-05 -2.80492420e-09  5.71232505e-05  0.00000000e+00 
 5.71528918e-05  2.92521624e-06  5.71528918e-05 -2.80753834e-09  5.71528918e-05  0.00000000e+00 
 5.71825332e-05  2.64772892e-06  5.71825332e-05 -2.80508569e-09  5.71825332e-05  0.00000000e+00 
 5.72121745e-05  2.90761491e-06  5.72121745e-05 -2.80737639e-09  5.72121745e-05  0.00000000e+00 
 5.72418158e-05  2.66567929e-06  5.72418158e-05 -2.80525240e-09  5.72418158e-05  0.00000000e+00 
 5.72714572e-05  2.88943747e-06  5.72714572e-05 -2.80720940e-09  5.72714572e-05  0.00000000e+00 
 5.73010985e-05  2.68416131e-06  5.73010985e-05 -2.80542353e-09  5.73010985e-05  0.00000000e+00 
 5.73307398e-05  2.87076684e-06  5.73307398e-05 -2.80703813e-09  5.73307398e-05  0.00000000e+00 
 5.73603812e-05  2.70308999e-06  5.73603812e-05 -2.80559830e-09  5.73603812e-05  0.00000000e+00 
 5.73900225e-05  2.85168821e-06  5.73900225e-05 -2.80686336e-09  5.73900225e-05  0.00000000e+00 
 5.74196639e-05  2.72237835e-06  5.74196639e-05 -2.80577589e-09  5.74196639e-05  0.00000000e+00 
 5.74493052e-05  2.83228868e-06  5.74493052e-05 -2.80668587e-09  5.74493052e-05  0.00000000e+00 
 5.74789465e-05  2.74193779e-06  5.74789465e-05 -2.80595548e-09  5.74789465e-05  0.00000000e+00 
 5.75085879e-05  2.81265685e-06  5.75085879e-05 -2.80650647e-09  5.75085879e-05  0.00000000e+00 
 5.75344388e-05  2.76312858e-06  5.75344388e-05 -2.80614953e-09  5.75344388e-05  0.00000000e+00 
 5.75490726e-05  2.78126098e-06  5.75490726e-05 -2.80622004e-09  5.75490726e-05  0.00000000e+00 
 5.75587668e-05  2.81345154e-06  5.75587668e-05 -2.80660825e-09  5.75587668e-05  0.00000000e+00 
 5.75670417e-05  2.71604341e-06  5.75670417e-05 -2.80562715e-09  5.75670417e-05  0.00000000e+00 
 5.75750620e-05  2.88348562e-06  5.75750620e-05 -2.80724169e-09  5.75750620e-05  0.00000000e+00 
 5.75825566e-05  2.64522299e-06  5.75825566e-05 -2.80498644e-09  5.75825566e-05  0.00000000e+00 
 5.75904386e-05  2.95095219e-06  5.75904386e-05 -2.80784451e-09  5.75904386e-05  0.00000000e+00 
 5.75990657e-05  2.58679834e-06  5.75990657e-05 -2.80446000e-09  5.75990657e-05  0.00000000e+00 
 5.76090578e-05  2.99841059e-06  5.76090578e-05 -2.80826149e-09  5.76090578e-05  0.00000000e+00 
 5.76216595e-05  2.55075867e-06  5.76216595e-05 -2.80413589e-09  5.76216595e-05  0.00000000e+00 
 5.76388084e-05  3.02344274e-06  5.76388084e-05 -2.80847563e-09  5.76388084e-05  0.00000000e+00 
 5.76645900e-05  2.53421488e-06  5.76645900e-05 -2.80398494e-09  5.76645900e-05  0.00000000e+00 
 5.76942313e-05  3.03478582e-06  5.76942313e-05 -2.80857599e-09  5.76942313e-05  0.00000000e+00 
 5.77238727e-05  2.52416665e-06  5.77238727e-05 -2.80390427e-09  5.77238727e-05  0.00000000e+00 
 5.77535140e-05  3.04423831e-06  5.77535140e-05 -2.80865867e-09  5.77535140e-05  0.00000000e+00 
 5.77831553e-05  2.51532844e-06  5.77831553e-05 -2.80382712e-09  5.77831553e-05  0.00000000e+00 
 5.78127967e-05  3.05247836e-06  5.78127967e-05 -2.80872808e-09  5.78127967e-05  0.00000000e+00 
 5.78424380e-05  2.50769770e-06  5.78424380e-05 -2.80376136e-09  5.78424380e-05  0.00000000e+00 
 5.78720794e-05  3.05946988e-06  5.78720794e-05 -2.80878616e-09  5.78720794e-05  0.00000000e+00 
 5.79017207e-05  2.50131650e-06  5.79017207e-05 -2.80370729e-09  5.79017207e-05  0.00000000e+00 
 5.79313620e-05  3.06518624e-06  5.79313620e-05 -2.80883268e-09  5.79313620e-05  0.00000000e+00 
 5.79610034e-05  2.49621814e-06  5.79610034e-05 -2.80366519e-09  5.79610034e-05  0.00000000e+00 
 5.79906447e-05  3.06960434e-06  5.79906447e-05 -2.80886743e-09  5.79906447e-05  0.00000000e+00 
 5.80202860e-05  2.49242832e-06  5.80202860e-05 -2.80363524e-09  5.80202860e-05  0.00000000e+00 
 5.80499274e-05  3.07270575e-06  5.80499274e-05 -2.80889026e-09  5.80499274e-05  0.00000000e+00 
 5.80795687e-05  2.48996576e-06  5.80795687e-05 -2.80361760e-09  5.80795687e-05  0.00000000e+00 
 5.81092101e-05  3.07447733e-06  5.81092101e-05 -2.80890107e-09  5.81092101e-05  0.00000000e+00 
 5.81388514e-05  2.48884256e-06  5.81388514e-05 -2.80361234e-09  5.81388514e-05  0.00000000e+00 
 5.81684927e-05  3.07491163e-06  5.81684927e-05 -2.80889982e-09  5.81684927e-05  0.00000000e+00 
 5.81981341e-05  2.48906438e-06  5.81981341e-05 -2.80361951e-09  5.81981341e-05  0.00000000e+00 
 5.82277754e-05  3.07400703e-06  5.82277754e-05 -2.80888652e-09  5.82277754e-05  0.00000000e+00 
 5.82574167e-05  2.49063048e-06  5.82574167e-05 -2.80363906e-09  5.82574167e-05  0.00000000e+00 
 5.82870581e-05  3.07176791e-06  5.82870581e-05 -2.80886122e-09  5.82870581e-05  0.00000000e+00 
 5.83166994e-05  2.49353384e-06  5.83166994e-05 -2.80367091e-09  5.83166994e-05  0.00000000e+00 
 5.83463408e-05  3.06820461e-06  5.83463408e-05 -2.80882404e-09  5.83463408e-05  0.00000000e+00 
 5.83759821e-05  2.49776121e-06  5.83759821e-05 -2.80371490e-09  5.83759821e-05  0.00000000e+00 
 5.84056234e-05  3.06333350e-06  5.84056234e-05 -2.80877514e-09  5.84056234e-05  0.00000000e+00 
 5.84352648e-05  2.50329323e-06  5.84352648e-05 -2.80377084e-09  5.84352648e-05  0.00000000e+00 
 5.84649061e-05  3.05717682e-06  5.84649061e-05 -2.80871474e-09  5.84649061e-05  0.00000000e+00 
 5.84945474e-05  2.51010446e-06  5.84945474e-05 -2.80383844e-09  5.84945474e-05  0.00000000e+00 
 5.85241888e-05  3.04976266e-06  5.85241888e-05 -2.80864311e-09  5.85241888e-05  0.00000000e+00 
 5.85538301e-05  2.51816356e-06  5.85538301e-05 -2.80391739e-09  5.85538301e-05  0.00000000e+00 
 5.85834715e-05  3.04112481e-06  5.85834715e-05 -2.80856057e-09  5.85834715e-05  0.00000000e+00 
 5.86131128e-05  2.52743344e-06  5.86131128e-05 -2.80400733e-09  5.86131128e-05  0.00000000e+00 
 5.86427541e-05  3.03130262e-06  5.86427541e-05 -2.80846747e-09  5.86427541e-05  0.00000000e+00 
 5.86723955e-05  2.53787140e-06  5.86723955e-05 -2.80410781e-09  5.86723955e-05  0.00000000e+00 
 5.87020368e-05  3.02034083e-06  5.87020368e-05 -2.80836423e-09  5.87020368e-05  0.00000000e+00 
 5.87316782e-05  2.54942937e-06  5.87316782e-05 -2.80421837e-09  5.87316782e-05  0.00000000e+00 
 5.87613195e-05  3.00828935e-06  5.87613195e-05 -2.80825130e-09  5.87613195e-05  0.00000000e+00 
 5.87909608e-05  2.56205410e-06  5.87909608e-05 -2.80433849e-09  5.87909608e-05  0.00000000e+00 
 5.88206022e-05  2.99520305e-06  5.88206022e-05 -2.80812920e-09  5.88206022e-05  0.00000000e+00 
 5.88502435e-05  2.57568743e-06  5.88502435e-05 -2.80446759e-09  5.88502435e-05  0.00000000e+00 
 5.88798848e-05  2.98114153e-06  5.88798848e-05 -2.80799844e-09  5.88798848e-05  0.00000000e+00 
 5.89095262e-05  2.59026658e-06  5.89095262e-05 -2.80460507e-09  5.89095262e-05  0.00000000e+00 
 5.89391675e-05  2.96616883e-06  5.89391675e-05 -2.80785963e-09  5.89391675e-05  0.00000000e+00 
 5.89688089e-05  2.60572440e-06  5.89688089e-05 -2.80475028e-09  5.89688089e-05  0.00000000e+00 
 5.89984502e-05  2.95035314e-06  5.89984502e-05 -2.80771337e-09  5.89984502e-05  0.00000000e+00 
 5.90280915e-05  2.62198972e-06  5.90280915e-05 -2.80490254e-09  5.90280915e-05  0.00000000e+00 
 5.90577329e-05  2.93376652e-06  5.90577329e-05 -2.80756032e-09  5.90577329e-05  0.00000000e+00 
 5.90873742e-05  2.63898767e-06  5.90873742e-05 -2.80506113e-09  5.90873742e-05  0.00000000e+00 
 5.91170155e-05  2.91648456e-06  5.91170155e-05 -2.80740117e-09  5.91170155e-05  0.00000000e+00 
 5.91466569e-05  2.65664003e-06  5.91466569e-05 -2.80522531e-09  5.91466569e-05  0.00000000e+00 
 5.91762982e-05  2.89858606e-06  5.91762982e-05 -2.80723661e-09  5.91762982e-05  0.00000000e+00 
 5.92059396e-05  2.67486560e-06  5.92059396e-05 -2.80539432e-09  5.92059396e-05  0.00000000e+00 
 5.92355809e-05  2.88015262e-06  5.92355809e-05 -2.80706740e-09  5.92355809e-05  0.00000000e+00 
 5.92591282e-05  2.69602820e-06  5.92591282e-05 -2.80559037e-09  5.92591282e-05  0.00000000e+00 
 5.92826755e-05  2.85631022e-06  5.92826755e-05 -2.80684887e-09  5.92826755e-05  0.00000000e+00 
 5.92830879e-05  7.20595246e-06  5.92830879e-05  4.23342340e-07  5.92830879e-05  6.95753985e-03 
 5.92839129e-05  2.02346192e-05  5.92839129e-05  4.22736446e-07  5.92839129e-05  2.08726195e-02 
 5.92855627e-05  4.50380926e-05  5.92855627e-05  4.20850097e-07  5.92855627e-05  4.87027789e-02 
 5.92863348e-05  5.33327606e-05  5.92863348e-05  4.19772134e-07  5.92863348e-05  6.17262970e-02 
 5.92870788e-05  6.57999661e-05  5.92870788e-05  4.18293685e-07  5.92870788e-05  7.42767855e-02 
 5.92875972e-05  7.47117647e-05  5.92875972e-05  4.17135897e-07  5.92875972e-05  8.30218096e-02 
 5.92879999e-05  7.89042548e-05  5.92879999e-05  4.16132910e-07  5.92879999e-05  8.98147897e-02 
 5.92883410e-05  8.21009675e-05  5.92883410e-05  4.15297998e-07  5.92883410e-05  9.55683658e-02 
 5.92886737e-05  8.70816725e-05  5.92886737e-05  4.14249251e-07  5.92886737e-05  1.01179525e-01 
 5.92889729e-05  9.30087228e-05  5.92889729e-05  4.13241618e-07  5.92889729e-05  1.06226399e-01 
 5.92893569e-05  9.98418813e-05  5.92893569e-05  4.11750713e-07  5.92893569e-05  1.12703927e-01 
 5.92896315e-05  1.03058792e-04  5.92896315e-05  4.10750472e-07  5.92896315e-05  1.17335822e-01 
 5.92898661e-05  1.04984965e-04  5.92898661e-05  4.09805094e-07  5.92898661e-05  1.21294381e-01 
 5.92901437e-05  1.07724284e-04  5.92901437e-05  4.08687546e-07  5.92901437e-05  1.25975672e-01 
 5.92904392e-05  1.12294073e-04  5.92904392e-05  4.07212580e-07  5.92904392e-05  1.30961795e-01 
 5.92907711e-05  1.18848861e-04  5.92907711e-05  4.05404585e-07  5.92907711e-05  1.36559672e-01 
 5.92911283e-05  1.25091705e-04  5.92911283e-05  4.03230049e-07  5.92911283e-05  1.42584325e-01 
 5.92914018e-05  1.28215467e-04  5.92914018e-05  4.01635812e-07  5.92914018e-05  1.47197795e-01 
 5.92916457e-05  1.30209182e-04  5.92916457e-05  4.00109085e-07  5.92916457e-05  1.51312601e-01 
 5.92919211e-05  1.33009513e-04  5.92919211e-05  3.98321634e-07  5.92919211e-05  1.55958535e-01 
 5.92922164e-05  1.37690235e-04  5.92922164e-05  3.96005752e-07  5.92922164e-05  1.60939002e-01 
 5.92925551e-05  1.44397194e-04  5.92925551e-05  3.93059602e-07  5.92925551e-05  1.66652588e-01 
 5.92929145e-05  1.50522985e-04  5.92929145e-05  3.89642980e-07  5.92929145e-05  1.72714711e-01 
 5.92931865e-05  1.53503100e-04  5.92931865e-05  3.87129018e-07  5.92931865e-05  1.77303644e-01 
 5.92934460e-05  1.55633486e-04  5.92934460e-05  3.84589142e-07  5.92934460e-05  1.81679943e-01 
 5.92937192e-05  1.58584605e-04  5.92937192e-05  3.81732304e-07  5.92937192e-05  1.86288382e-01 
 5.92940132e-05  1.63462977e-04  5.92940132e-05  3.78072978e-07  5.92940132e-05  1.91248564e-01 
 5.92944018e-05  1.71101654e-04  5.92944018e-05  3.72663039e-07  5.92944018e-05  1.97803751e-01 
 5.92947540e-05  1.76685874e-04  5.92947540e-05  3.67412336e-07  5.92947540e-05  2.03744560e-01 
 5.92950191e-05  1.79327664e-04  5.92950191e-05  3.63539495e-07  5.92950191e-05  2.08216952e-01 
 5.92953223e-05  1.81969345e-04  5.92953223e-05  3.58802377e-07  5.92953223e-05  2.13330252e-01 
 5.92956251e-05  1.85921591e-04  5.92956251e-05  3.53501463e-07  5.92956251e-05  2.18438624e-01 
 5.92959150e-05  1.91354744e-04  5.92959150e-05  3.47520157e-07  5.92959150e-05  2.23328356e-01 
 5.92963072e-05  1.98900584e-04  5.92963072e-05  3.38684913e-07  5.92963072e-05  2.29943846e-01 
 5.92967480e-05  2.04709372e-04  5.92967480e-05  3.28357856e-07  5.92967480e-05  2.37380632e-01 
 5.92970298e-05  2.07138491e-04  5.92970298e-05  3.21670555e-07  5.92970298e-05  2.42133195e-01 
 5.92973445e-05  2.10710935e-04  5.92973445e-05  3.13277341e-07  5.92973445e-05  2.47441410e-01 
 5.92976422e-05  2.15892004e-04  5.92976422e-05  3.04093927e-07  5.92976422e-05  2.52463934e-01 
 5.92980078e-05  2.23255567e-04  5.92980078e-05  2.91237225e-07  5.92980078e-05  2.58630731e-01 
 5.92983846e-05  2.29257712e-04  5.92983846e-05  2.77460696e-07  5.92983846e-05  2.64987108e-01 
 5.92986523e-05  2.31967728e-04  5.92986523e-05  2.67598315e-07  5.92986523e-05  2.69502226e-01 
 5.92990084e-05  2.35512352e-04  5.92990084e-05  2.53664882e-07  5.92990084e-05  2.75508881e-01 
 5.92993511e-05  2.40829449e-04  5.92993511e-05  2.37893793e-07  5.92993511e-05  2.81289257e-01 
 5.92996830e-05  2.47645918e-04  5.92996830e-05  2.20223866e-07  5.92996830e-05  2.86887939e-01 
 5.93000767e-05  2.54918364e-04  5.93000767e-05  1.97635039e-07  5.93000767e-05  2.93529271e-01 
 5.93003582e-05  2.58427886e-04  5.93003582e-05  1.81477376e-07  5.93003582e-05  2.98278880e-01 
 5.93006419e-05  2.61189247e-04  5.93006419e-05  1.64698859e-07  5.93006419e-05  3.03064459e-01 
 5.93009403e-05  2.64999768e-04  5.93009403e-05  1.45167204e-07  5.93009403e-05  3.08097215e-01 
 5.93012517e-05  2.70882437e-04  5.93012517e-05  1.21306712e-07  5.93012517e-05  3.13350108e-01 
 5.93016651e-05  2.79659655e-04  5.93016651e-05  8.55633866e-08  5.93016651e-05  3.20324068e-01 
 5.93020643e-05  2.86230944e-04  5.93020643e-05  4.95111583e-08  5.93020643e-05  3.27057420e-01 
 5.93023387e-05  2.89335181e-04  5.93023387e-05  2.46251435e-08  5.93023387e-05  3.31686199e-01 
 5.93027076e-05  2.94106772e-04  5.93027076e-05 -1.21254968e-08  5.93027076e-05  3.37908341e-01 
 5.93031057e-05  3.01917956e-04  5.93031057e-05 -5.93713627e-08  5.93031057e-05  3.44623938e-01 
 5.93035450e-05  3.11866728e-04  5.93035450e-05 -1.19609544e-07  5.93035450e-05  3.52034063e-01 
 5.93039669e-05  3.19374286e-04  5.93039669e-05 -1.79848576e-07  5.93039669e-05  3.59151242e-01 
 5.93042829e-05  3.23578234e-04  5.93042829e-05 -2.25870658e-07  5.93042829e-05  3.64480549e-01 
 5.93046565e-05  3.29683136e-04  5.93046565e-05 -2.86726298e-07  5.93046565e-05  3.70783218e-01 
 5.93050077e-05  3.37817801e-04  5.93050077e-05 -3.54641127e-07  5.93050077e-05  3.76707405e-01 
 5.93054829e-05  3.49663634e-04  5.93054829e-05 -4.58336571e-07  5.93054829e-05  3.84724075e-01 
 5.93059441e-05  3.58791310e-04  5.93059441e-05 -5.62950412e-07  5.93059441e-05  3.92503017e-01 
 5.93063482e-05  3.65868424e-04  5.93063482e-05 -6.59750452e-07  5.93063482e-05  3.99320049e-01 
 5.93067662e-05  3.75705729e-04  5.93067662e-05 -7.77691608e-07  5.93067662e-05  4.06370896e-01 
 5.93071561e-05  3.87246865e-04  5.93071561e-05 -9.07422607e-07  5.93071561e-05  4.12947206e-01 
 5.93076455e-05  4.00751048e-04  5.93076455e-05 -1.08216095e-06  5.93076455e-05  4.21202310e-01 
 5.93080216e-05  4.09394187e-04  5.93080216e-05 -1.21918294e-06  5.93080216e-05  4.27546296e-01 
 5.93085150e-05  4.22325734e-04  5.93085150e-05 -1.42206342e-06  5.93085150e-05  4.35870013e-01 
 5.93090287e-05  4.40113394e-04  5.93090287e-05 -1.68092373e-06  5.93090287e-05  4.44535357e-01 
 5.93095932e-05  4.60590569e-04  5.93095932e-05 -2.00289656e-06  5.93095932e-05  4.54057565e-01 
 5.93101274e-05  4.78338724e-04  5.93101274e-05 -2.32253897e-06  5.93101274e-05  4.63069025e-01 
 5.93107282e-05  5.01644493e-04  5.93107282e-05 -2.74333288e-06  5.93107282e-05  4.73203158e-01 
 5.93113545e-05  5.32091383e-04  5.93113545e-05 -3.28822580e-06  5.93113545e-05  4.83767098e-01 
 5.93120429e-05  5.66866290e-04  5.93120429e-05 -3.95774085e-06  5.93120429e-05  4.95379470e-01 
 5.93127977e-05  6.08167944e-04  5.93127977e-05 -4.78932593e-06  5.93127977e-05  5.08111334e-01 
 5.93135624e-05  6.60936301e-04  5.93135624e-05 -5.86691760e-06  5.93135624e-05  5.21010914e-01 
 5.93150178e-05  7.83957548e-04  5.93150178e-05 -8.47583884e-06  5.93150178e-05  5.45561232e-01 
 5.93163299e-05  9.28395562e-04  5.93163299e-05 -1.16200075e-05  5.93163299e-05  5.67693869e-01 
 5.93179259e-05  1.17512346e-03  5.93179259e-05 -1.71876457e-05  5.93179259e-05  5.94615509e-01 
 5.93208811e-05  1.93896475e-03  5.93208811e-05 -3.39756168e-05  5.93208811e-05  6.44465688e-01 
 5.93253690e-05  4.68500964e-03  5.93253690e-05 -9.15085690e-05  5.93253690e-05  7.20168710e-01 
 5.93308493e-05  1.37065671e-02  5.93308493e-05 -2.53948210e-04  5.93308493e-05  8.12612733e-01 
 5.93377951e-05  4.19831497e-02  5.93377951e-05 -6.16500134e-04  5.93377951e-05  9.29777068e-01 
 5.93474893e-05  1.17620598e-01  5.93474893e-05 -1.10823827e-03  5.93474893e-05  1.09330051e+00 
 5.93579730e-05  2.27795475e-01  5.93579730e-05 -1.34673809e-03  5.93579730e-05  1.27014338e+00 
 5.93731156e-05  3.95776983e-01  5.93731156e-05 -1.50368449e-03  5.93731156e-05  1.52557369e+00 
 5.93913171e-05  5.99231244e-01  5.93913171e-05 -1.73430512e-03  5.93913171e-05  1.83260250e+00 
 5.94164068e-05  8.83830315e-01  5.94164068e-05 -2.02421948e-03  5.94164068e-05  2.25582550e+00 
 5.94460482e-05  1.22071182e+00  5.94460482e-05 -2.35947657e-03  5.94460482e-05  2.75582550e+00 
 5.94756895e-05  1.55405460e+00  5.94756895e-05 -2.66983861e-03  5.94756895e-05  3.25582550e+00 
 5.95053309e-05  1.87778323e+00  5.95053309e-05 -2.95090920e-03  5.95053309e-05  3.75582550e+00 
 5.95349722e-05  2.18629971e+00  5.95349722e-05 -3.19860003e-03  5.95349722e-05  4.25582550e+00 
 5.95570305e-05  2.40304140e+00  5.95570305e-05 -3.35890470e-03  5.95570305e-05  4.62791275e+00 
 5.95790889e-05  2.60736249e+00  5.95790889e-05 -3.50636772e-03  5.95790889e-05  5.00000000e+00 
 5.95820530e-05  2.62928579e+00  5.95820530e-05 -3.37141868e-03  5.95820530e-05  5.00000000e+00 
 5.95879813e-05  2.66396494e+00  5.95879813e-05 -3.09697301e-03  5.95879813e-05  5.00000000e+00 
 5.95998378e-05  2.69640395e+00  5.95998378e-05 -2.81335568e-03  5.95998378e-05  5.00000000e+00 
 5.96183918e-05  2.70884706e+00  5.96183918e-05 -2.72657863e-03  5.96183918e-05  5.00000000e+00 
 5.96451458e-05  2.71033197e+00  5.96451458e-05 -2.70380231e-03  5.96451458e-05  5.00000000e+00 
 5.96747871e-05  2.71012756e+00  5.96747871e-05 -2.71523184e-03  5.96747871e-05  5.00000000e+00 
 5.97044284e-05  2.71020750e+00  5.97044284e-05 -2.70568123e-03  5.97044284e-05  5.00000000e+00 
 5.97340698e-05  2.71015177e+00  5.97340698e-05 -2.71426767e-03  5.97340698e-05  5.00000000e+00 
 5.97637111e-05  2.71020543e+00  5.97637111e-05 -2.70648293e-03  5.97637111e-05  5.00000000e+00 
 5.97933525e-05  2.71015756e+00  5.97933525e-05 -2.71352889e-03  5.97933525e-05  5.00000000e+00 
 5.98229938e-05  2.71020175e+00  5.98229938e-05 -2.70715422e-03  5.98229938e-05  5.00000000e+00 
 5.98526351e-05  2.71016223e+00  5.98526351e-05 -2.71292004e-03  5.98526351e-05  5.00000000e+00 
 5.98822765e-05  2.71019858e+00  5.98822765e-05 -2.70770708e-03  5.98822765e-05  5.00000000e+00 
 5.99119178e-05  2.71016599e+00  5.99119178e-05 -2.71241868e-03  5.99119178e-05  5.00000000e+00 
 5.99415591e-05  2.71019590e+00  5.99415591e-05 -2.70816223e-03  5.99415591e-05  5.00000000e+00 
 5.99712005e-05  2.71016902e+00  5.99712005e-05 -2.71200591e-03  5.99712005e-05  5.00000000e+00 
 6.00008418e-05  2.71019364e+00  6.00008418e-05 -2.70853689e-03  6.00008418e-05  5.00000000e+00 
 6.00304832e-05  2.71017147e+00  6.00304832e-05 -2.71166614e-03  6.00304832e-05  5.00000000e+00 
 6.00601245e-05  2.71019174e+00  6.00601245e-05 -2.70884524e-03  6.00601245e-05  5.00000000e+00 
 6.00897658e-05  2.71017347e+00  6.00897658e-05 -2.71138650e-03  6.00897658e-05  5.00000000e+00 
 6.01194072e-05  2.71019015e+00  6.01194072e-05 -2.70909897e-03  6.01194072e-05  5.00000000e+00 
 6.01490485e-05  2.71017509e+00  6.01490485e-05 -2.71115641e-03  6.01490485e-05  5.00000000e+00 
 6.01786898e-05  2.71018882e+00  6.01786898e-05 -2.70930771e-03  6.01786898e-05  5.00000000e+00 
 6.02083312e-05  2.71017641e+00  6.02083312e-05 -2.71096714e-03  6.02083312e-05  5.00000000e+00 
 6.02379725e-05  2.71018772e+00  6.02379725e-05 -2.70947939e-03  6.02379725e-05  5.00000000e+00 
 6.02676139e-05  2.71017749e+00  6.02676139e-05 -2.71081148e-03  6.02676139e-05  5.00000000e+00 
 6.02972552e-05  2.71018681e+00  6.02972552e-05 -2.70962054e-03  6.02972552e-05  5.00000000e+00 
 6.03268965e-05  2.71017838e+00  6.03268965e-05 -2.71068353e-03  6.03268965e-05  5.00000000e+00 
 6.03565379e-05  2.71018605e+00  6.03565379e-05 -2.70973654e-03  6.03565379e-05  5.00000000e+00 
 6.03861792e-05  2.71017910e+00  6.03861792e-05 -2.71057839e-03  6.03861792e-05  5.00000000e+00 
 6.04158205e-05  2.71018542e+00  6.04158205e-05 -2.70983184e-03  6.04158205e-05  5.00000000e+00 
 6.04454619e-05  2.71017969e+00  6.04454619e-05 -2.71049205e-03  6.04454619e-05  5.00000000e+00 
 6.04751032e-05  2.71018490e+00  6.04751032e-05 -2.70991007e-03  6.04751032e-05  5.00000000e+00 
 6.05047446e-05  2.71018018e+00  6.05047446e-05 -2.71042118e-03  6.05047446e-05  5.00000000e+00 
 6.05343859e-05  2.71018446e+00  6.05343859e-05 -2.70997426e-03  6.05343859e-05  5.00000000e+00 
 6.05640272e-05  2.71018058e+00  6.05640272e-05 -2.71036306e-03  6.05640272e-05  5.00000000e+00 
 6.05936686e-05  2.71018411e+00  6.05936686e-05 -2.71002687e-03  6.05936686e-05  5.00000000e+00 
 6.06233099e-05  2.71018091e+00  6.06233099e-05 -2.71031544e-03  6.06233099e-05  5.00000000e+00 
 6.06529512e-05  2.71018381e+00  6.06529512e-05 -2.71006996e-03  6.06529512e-05  5.00000000e+00 
 6.06825926e-05  2.71018118e+00  6.06825926e-05 -2.71027647e-03  6.06825926e-05  5.00000000e+00 
 6.07122339e-05  2.71018357e+00  6.07122339e-05 -2.71010520e-03  6.07122339e-05  5.00000000e+00 
 6.07418753e-05  2.71018140e+00  6.07418753e-05 -2.71024462e-03  6.07418753e-05  5.00000000e+00 
 6.07715166e-05  2.71018337e+00  6.07715166e-05 -2.71013398e-03  6.07715166e-05  5.00000000e+00 
 6.08011579e-05  2.71018159e+00  6.08011579e-05 -2.71021862e-03  6.08011579e-05  5.00000000e+00 
 6.08307993e-05  2.71018321e+00  6.08307993e-05 -2.71015745e-03  6.08307993e-05  5.00000000e+00 
 6.08604406e-05  2.71018174e+00  6.08604406e-05 -2.71019745e-03  6.08604406e-05  5.00000000e+00 
 6.08900820e-05  2.71018307e+00  6.08900820e-05 -2.71017653e-03  6.08900820e-05  5.00000000e+00 
 6.09197233e-05  2.71018186e+00  6.09197233e-05 -2.71018025e-03  6.09197233e-05  5.00000000e+00 
 6.09493646e-05  2.71018296e+00  6.09493646e-05 -2.71019202e-03  6.09493646e-05  5.00000000e+00 
 6.09790060e-05  2.71018196e+00  6.09790060e-05 -2.71016632e-03  6.09790060e-05  5.00000000e+00 
 6.10086473e-05  2.71018287e+00  6.10086473e-05 -2.71020454e-03  6.10086473e-05  5.00000000e+00 
 6.10382886e-05  2.71018205e+00  6.10382886e-05 -2.71015508e-03  6.10382886e-05  5.00000000e+00 
 6.10679300e-05  2.71018279e+00  6.10679300e-05 -2.71021462e-03  6.10679300e-05  5.00000000e+00 
 6.10975713e-05  2.71018212e+00  6.10975713e-05 -2.71014605e-03  6.10975713e-05  5.00000000e+00 
 6.11272127e-05  2.71018273e+00  6.11272127e-05 -2.71022270e-03  6.11272127e-05  5.00000000e+00 
 6.11568540e-05  2.71018217e+00  6.11568540e-05 -2.71013884e-03  6.11568540e-05  5.00000000e+00 
 6.11864953e-05  2.71018267e+00  6.11864953e-05 -2.71022913e-03  6.11864953e-05  5.00000000e+00 
 6.12161367e-05  2.71018222e+00  6.12161367e-05 -2.71013312e-03  6.12161367e-05  5.00000000e+00 
 6.12457780e-05  2.71018263e+00  6.12457780e-05 -2.71023421e-03  6.12457780e-05  5.00000000e+00 
 6.12754193e-05  2.71018226e+00  6.12754193e-05 -2.71012862e-03  6.12754193e-05  5.00000000e+00 
 6.13050607e-05  2.71018260e+00  6.13050607e-05 -2.71023817e-03  6.13050607e-05  5.00000000e+00 
 6.13347020e-05  2.71018229e+00  6.13347020e-05 -2.71012514e-03  6.13347020e-05  5.00000000e+00 
 6.13643434e-05  2.71018257e+00  6.13643434e-05 -2.71024122e-03  6.13643434e-05  5.00000000e+00 
 6.13939847e-05  2.71018232e+00  6.13939847e-05 -2.71012248e-03  6.13939847e-05  5.00000000e+00 
 6.14236260e-05  2.71018254e+00  6.14236260e-05 -2.71024353e-03  6.14236260e-05  5.00000000e+00 
 6.14532674e-05  2.71018234e+00  6.14532674e-05 -2.71012050e-03  6.14532674e-05  5.00000000e+00 
 6.14829087e-05  2.71018252e+00  6.14829087e-05 -2.71024522e-03  6.14829087e-05  5.00000000e+00 
 6.15125500e-05  2.71018236e+00  6.15125500e-05 -2.71011907e-03  6.15125500e-05  5.00000000e+00 
 6.15421914e-05  2.71018251e+00  6.15421914e-05 -2.71024641e-03  6.15421914e-05  5.00000000e+00 
 6.15718327e-05  2.71018237e+00  6.15718327e-05 -2.71011809e-03  6.15718327e-05  5.00000000e+00 
 6.16014741e-05  2.71018250e+00  6.16014741e-05 -2.71024719e-03  6.16014741e-05  5.00000000e+00 
 6.16311154e-05  2.71018238e+00  6.16311154e-05 -2.71011749e-03  6.16311154e-05  5.00000000e+00 
 6.16607567e-05  2.71018248e+00  6.16607567e-05 -2.71024763e-03  6.16607567e-05  5.00000000e+00 
 6.16903981e-05  2.71018239e+00  6.16903981e-05 -2.71011719e-03  6.16903981e-05  5.00000000e+00 
 6.17200394e-05  2.71018248e+00  6.17200394e-05 -2.71024780e-03  6.17200394e-05  5.00000000e+00 
 6.17496807e-05  2.71018240e+00  6.17496807e-05 -2.71011713e-03  6.17496807e-05  5.00000000e+00 
 6.17793221e-05  2.71018247e+00  6.17793221e-05 -2.71024775e-03  6.17793221e-05  5.00000000e+00 
 6.18089634e-05  2.71018241e+00  6.18089634e-05 -2.71011728e-03  6.18089634e-05  5.00000000e+00 
 6.18386048e-05  2.71018246e+00  6.18386048e-05 -2.71024753e-03  6.18386048e-05  5.00000000e+00 
 6.18682461e-05  2.71018241e+00  6.18682461e-05 -2.71011758e-03  6.18682461e-05  5.00000000e+00 
 6.18978874e-05  2.71018246e+00  6.18978874e-05 -2.71024715e-03  6.18978874e-05  5.00000000e+00 
 6.19275288e-05  2.71018242e+00  6.19275288e-05 -2.71011801e-03  6.19275288e-05  5.00000000e+00 
 6.19571701e-05  2.71018245e+00  6.19571701e-05 -2.71024667e-03  6.19571701e-05  5.00000000e+00 
 6.19868114e-05  2.71018242e+00  6.19868114e-05 -2.71011855e-03  6.19868114e-05  5.00000000e+00 
 6.20164528e-05  2.71018245e+00  6.20164528e-05 -2.71024609e-03  6.20164528e-05  5.00000000e+00 
 6.20460941e-05  2.71018242e+00  6.20460941e-05 -2.71011917e-03  6.20460941e-05  5.00000000e+00 
 6.20757355e-05  2.71018245e+00  6.20757355e-05 -2.71024543e-03  6.20757355e-05  5.00000000e+00 
 6.21053768e-05  2.71018243e+00  6.21053768e-05 -2.71011986e-03  6.21053768e-05  5.00000000e+00 
 6.21350181e-05  2.71018244e+00  6.21350181e-05 -2.71024472e-03  6.21350181e-05  5.00000000e+00 
 6.21646595e-05  2.71018243e+00  6.21646595e-05 -2.71012059e-03  6.21646595e-05  5.00000000e+00 
 6.21943008e-05  2.71018244e+00  6.21943008e-05 -2.71024396e-03  6.21943008e-05  5.00000000e+00 
 6.22239421e-05  2.71018243e+00  6.22239421e-05 -2.71012137e-03  6.22239421e-05  5.00000000e+00 
 6.22535835e-05  2.71018244e+00  6.22535835e-05 -2.71024317e-03  6.22535835e-05  5.00000000e+00 
 6.22832248e-05  2.71018243e+00  6.22832248e-05 -2.71012217e-03  6.22832248e-05  5.00000000e+00 
 6.23128662e-05  2.71018244e+00  6.23128662e-05 -2.71024236e-03  6.23128662e-05  5.00000000e+00 
 6.23425075e-05  2.71018243e+00  6.23425075e-05 -2.71012300e-03  6.23425075e-05  5.00000000e+00 
 6.23721488e-05  2.71018244e+00  6.23721488e-05 -2.71024152e-03  6.23721488e-05  5.00000000e+00 
 6.24017902e-05  2.71018243e+00  6.24017902e-05 -2.71012384e-03  6.24017902e-05  5.00000000e+00 
 6.24314315e-05  2.71018244e+00  6.24314315e-05 -2.71024068e-03  6.24314315e-05  5.00000000e+00 
 6.24610729e-05  2.71018244e+00  6.24610729e-05 -2.71012469e-03  6.24610729e-05  5.00000000e+00 
 6.24907142e-05  2.71018244e+00  6.24907142e-05 -2.71023982e-03  6.24907142e-05  5.00000000e+00 
 6.25203555e-05  2.71018244e+00  6.25203555e-05 -2.71012554e-03  6.25203555e-05  5.00000000e+00 
 6.25499969e-05  2.71018244e+00  6.25499969e-05 -2.71023897e-03  6.25499969e-05  5.00000000e+00 
 6.25796382e-05  2.71018244e+00  6.25796382e-05 -2.71012640e-03  6.25796382e-05  5.00000000e+00 
 6.26092795e-05  2.71018244e+00  6.26092795e-05 -2.71023811e-03  6.26092795e-05  5.00000000e+00 
 6.26389209e-05  2.71018244e+00  6.26389209e-05 -2.71012726e-03  6.26389209e-05  5.00000000e+00 
 6.26685622e-05  2.71018244e+00  6.26685622e-05 -2.71023725e-03  6.26685622e-05  5.00000000e+00 
 6.26982036e-05  2.71018244e+00  6.26982036e-05 -2.71012811e-03  6.26982036e-05  5.00000000e+00 
 6.27278449e-05  2.71018244e+00  6.27278449e-05 -2.71023640e-03  6.27278449e-05  5.00000000e+00 
 6.27574862e-05  2.71018244e+00  6.27574862e-05 -2.71012896e-03  6.27574862e-05  5.00000000e+00 
 6.27871276e-05  2.71018244e+00  6.27871276e-05 -2.71023556e-03  6.27871276e-05  5.00000000e+00 
 6.28167689e-05  2.71018244e+00  6.28167689e-05 -2.71012980e-03  6.28167689e-05  5.00000000e+00 
 6.28464102e-05  2.71018244e+00  6.28464102e-05 -2.71023472e-03  6.28464102e-05  5.00000000e+00 
 6.28760516e-05  2.71018244e+00  6.28760516e-05 -2.71013063e-03  6.28760516e-05  5.00000000e+00 
 6.29056929e-05  2.71018243e+00  6.29056929e-05 -2.71023389e-03  6.29056929e-05  5.00000000e+00 
 6.29353343e-05  2.71018244e+00  6.29353343e-05 -2.71013146e-03  6.29353343e-05  5.00000000e+00 
 6.29649756e-05  2.71018243e+00  6.29649756e-05 -2.71023307e-03  6.29649756e-05  5.00000000e+00 
 6.29946169e-05  2.71018244e+00  6.29946169e-05 -2.71013227e-03  6.29946169e-05  5.00000000e+00 
 6.30242583e-05  2.71018243e+00  6.30242583e-05 -2.71023226e-03  6.30242583e-05  5.00000000e+00 
 6.30538996e-05  2.71018244e+00  6.30538996e-05 -2.71013308e-03  6.30538996e-05  5.00000000e+00 
 6.30835409e-05  2.71018243e+00  6.30835409e-05 -2.71023146e-03  6.30835409e-05  5.00000000e+00 
 6.31131823e-05  2.71018244e+00  6.31131823e-05 -2.71013388e-03  6.31131823e-05  5.00000000e+00 
 6.31428236e-05  2.71018243e+00  6.31428236e-05 -2.71023067e-03  6.31428236e-05  5.00000000e+00 
 6.31724650e-05  2.71018244e+00  6.31724650e-05 -2.71013466e-03  6.31724650e-05  5.00000000e+00 
 6.32021063e-05  2.71018243e+00  6.32021063e-05 -2.71022989e-03  6.32021063e-05  5.00000000e+00 
 6.32317476e-05  2.71018244e+00  6.32317476e-05 -2.71013543e-03  6.32317476e-05  5.00000000e+00 
 6.32613890e-05  2.71018243e+00  6.32613890e-05 -2.71022912e-03  6.32613890e-05  5.00000000e+00 
 6.32910303e-05  2.71018244e+00  6.32910303e-05 -2.71013620e-03  6.32910303e-05  5.00000000e+00 
 6.33206716e-05  2.71018243e+00  6.33206716e-05 -2.71022836e-03  6.33206716e-05  5.00000000e+00 
 6.33503130e-05  2.71018244e+00  6.33503130e-05 -2.71013695e-03  6.33503130e-05  5.00000000e+00 
 6.33799543e-05  2.71018243e+00  6.33799543e-05 -2.71022762e-03  6.33799543e-05  5.00000000e+00 
 6.34095957e-05  2.71018244e+00  6.34095957e-05 -2.71013769e-03  6.34095957e-05  5.00000000e+00 
 6.34392370e-05  2.71018243e+00  6.34392370e-05 -2.71022688e-03  6.34392370e-05  5.00000000e+00 
 6.34688783e-05  2.71018244e+00  6.34688783e-05 -2.71013842e-03  6.34688783e-05  5.00000000e+00 
 6.34985197e-05  2.71018243e+00  6.34985197e-05 -2.71022616e-03  6.34985197e-05  5.00000000e+00 
 6.35281610e-05  2.71018244e+00  6.35281610e-05 -2.71013914e-03  6.35281610e-05  5.00000000e+00 
 6.35578023e-05  2.71018243e+00  6.35578023e-05 -2.71022545e-03  6.35578023e-05  5.00000000e+00 
 6.35874437e-05  2.71018244e+00  6.35874437e-05 -2.71013984e-03  6.35874437e-05  5.00000000e+00 
 6.36170850e-05  2.71018243e+00  6.36170850e-05 -2.71022475e-03  6.36170850e-05  5.00000000e+00 
 6.36467264e-05  2.71018244e+00  6.36467264e-05 -2.71014054e-03  6.36467264e-05  5.00000000e+00 
 6.36763677e-05  2.71018243e+00  6.36763677e-05 -2.71022406e-03  6.36763677e-05  5.00000000e+00 
 6.37060090e-05  2.71018244e+00  6.37060090e-05 -2.71014122e-03  6.37060090e-05  5.00000000e+00 
 6.37356504e-05  2.71018243e+00  6.37356504e-05 -2.71022338e-03  6.37356504e-05  5.00000000e+00 
 6.37652917e-05  2.71018244e+00  6.37652917e-05 -2.71014190e-03  6.37652917e-05  5.00000000e+00 
 6.37949331e-05  2.71018243e+00  6.37949331e-05 -2.71022271e-03  6.37949331e-05  5.00000000e+00 
 6.38245744e-05  2.71018244e+00  6.38245744e-05 -2.71014256e-03  6.38245744e-05  5.00000000e+00 
 6.38542157e-05  2.71018243e+00  6.38542157e-05 -2.71022205e-03  6.38542157e-05  5.00000000e+00 
 6.38838571e-05  2.71018244e+00  6.38838571e-05 -2.71014321e-03  6.38838571e-05  5.00000000e+00 
 6.39134984e-05  2.71018243e+00  6.39134984e-05 -2.71022141e-03  6.39134984e-05  5.00000000e+00 
 6.39431397e-05  2.71018244e+00  6.39431397e-05 -2.71014385e-03  6.39431397e-05  5.00000000e+00 
 6.39727811e-05  2.71018243e+00  6.39727811e-05 -2.71022077e-03  6.39727811e-05  5.00000000e+00 
 6.40024224e-05  2.71018244e+00  6.40024224e-05 -2.71014448e-03  6.40024224e-05  5.00000000e+00 
 6.40320638e-05  2.71018243e+00  6.40320638e-05 -2.71022014e-03  6.40320638e-05  5.00000000e+00 
 6.40617051e-05  2.71018244e+00  6.40617051e-05 -2.71014510e-03  6.40617051e-05  5.00000000e+00 
 6.40913464e-05  2.71018243e+00  6.40913464e-05 -2.71021953e-03  6.40913464e-05  5.00000000e+00 
 6.41209878e-05  2.71018244e+00  6.41209878e-05 -2.71014571e-03  6.41209878e-05  5.00000000e+00 
 6.41506291e-05  2.71018243e+00  6.41506291e-05 -2.71021892e-03  6.41506291e-05  5.00000000e+00 
 6.41802704e-05  2.71018244e+00  6.41802704e-05 -2.71014632e-03  6.41802704e-05  5.00000000e+00 
 6.42099118e-05  2.71018243e+00  6.42099118e-05 -2.71021833e-03  6.42099118e-05  5.00000000e+00 
 6.42395531e-05  2.71018244e+00  6.42395531e-05 -2.71014691e-03  6.42395531e-05  5.00000000e+00 
 6.42691945e-05  2.71018243e+00  6.42691945e-05 -2.71021774e-03  6.42691945e-05  5.00000000e+00 
 6.42988358e-05  2.71018244e+00  6.42988358e-05 -2.71014749e-03  6.42988358e-05  5.00000000e+00 
 6.43284771e-05  2.71018243e+00  6.43284771e-05 -2.71021716e-03  6.43284771e-05  5.00000000e+00 
 6.43581185e-05  2.71018244e+00  6.43581185e-05 -2.71014806e-03  6.43581185e-05  5.00000000e+00 
 6.43877598e-05  2.71018244e+00  6.43877598e-05 -2.71021660e-03  6.43877598e-05  5.00000000e+00 
 6.44174011e-05  2.71018244e+00  6.44174011e-05 -2.71014862e-03  6.44174011e-05  5.00000000e+00 
 6.44470425e-05  2.71018244e+00  6.44470425e-05 -2.71021604e-03  6.44470425e-05  5.00000000e+00 
 6.44766838e-05  2.71018244e+00  6.44766838e-05 -2.71014918e-03  6.44766838e-05  5.00000000e+00 
 6.45063252e-05  2.71018244e+00  6.45063252e-05 -2.71021549e-03  6.45063252e-05  5.00000000e+00 
 6.45359665e-05  2.71018244e+00  6.45359665e-05 -2.71014972e-03  6.45359665e-05  5.00000000e+00 
 6.45656078e-05  2.71018244e+00  6.45656078e-05 -2.71021495e-03  6.45656078e-05  5.00000000e+00 
 6.45952492e-05  2.71018244e+00  6.45952492e-05 -2.71015026e-03  6.45952492e-05  5.00000000e+00 
 6.46248905e-05  2.71018244e+00  6.46248905e-05 -2.71021442e-03  6.46248905e-05  5.00000000e+00 
 6.46545318e-05  2.71018244e+00  6.46545318e-05 -2.71015078e-03  6.46545318e-05  5.00000000e+00 
 6.46841732e-05  2.71018244e+00  6.46841732e-05 -2.71021390e-03  6.46841732e-05  5.00000000e+00 
 6.47138145e-05  2.71018244e+00  6.47138145e-05 -2.71015130e-03  6.47138145e-05  5.00000000e+00 
 6.47434559e-05  2.71018244e+00  6.47434559e-05 -2.71021338e-03  6.47434559e-05  5.00000000e+00 
 6.47730972e-05  2.71018244e+00  6.47730972e-05 -2.71015181e-03  6.47730972e-05  5.00000000e+00 
 6.48027385e-05  2.71018244e+00  6.48027385e-05 -2.71021288e-03  6.48027385e-05  5.00000000e+00 
 6.48323799e-05  2.71018244e+00  6.48323799e-05 -2.71015231e-03  6.48323799e-05  5.00000000e+00 
 6.48620212e-05  2.71018244e+00  6.48620212e-05 -2.71021238e-03  6.48620212e-05  5.00000000e+00 
 6.48916625e-05  2.71018244e+00  6.48916625e-05 -2.71015280e-03  6.48916625e-05  5.00000000e+00 
 6.49213039e-05  2.71018244e+00  6.49213039e-05 -2.71021189e-03  6.49213039e-05  5.00000000e+00 
 6.49509452e-05  2.71018244e+00  6.49509452e-05 -2.71015329e-03  6.49509452e-05  5.00000000e+00 
 6.49805866e-05  2.71018244e+00  6.49805866e-05 -2.71021141e-03  6.49805866e-05  5.00000000e+00 
 6.50102279e-05  2.71018244e+00  6.50102279e-05 -2.71015377e-03  6.50102279e-05  5.00000000e+00 
 6.50398692e-05  2.71018244e+00  6.50398692e-05 -2.71021094e-03  6.50398692e-05  5.00000000e+00 
 6.50695106e-05  2.71018244e+00  6.50695106e-05 -2.71015424e-03  6.50695106e-05  5.00000000e+00 
 6.50991519e-05  2.71018244e+00  6.50991519e-05 -2.71021047e-03  6.50991519e-05  5.00000000e+00 
 6.51287932e-05  2.71018244e+00  6.51287932e-05 -2.71015470e-03  6.51287932e-05  5.00000000e+00 
 6.51584346e-05  2.71018244e+00  6.51584346e-05 -2.71021001e-03  6.51584346e-05  5.00000000e+00 
 6.51880759e-05  2.71018244e+00  6.51880759e-05 -2.71015515e-03  6.51880759e-05  5.00000000e+00 
 6.52177173e-05  2.71018244e+00  6.52177173e-05 -2.71020956e-03  6.52177173e-05  5.00000000e+00 
 6.52473586e-05  2.71018244e+00  6.52473586e-05 -2.71015560e-03  6.52473586e-05  5.00000000e+00 
 6.52769999e-05  2.71018244e+00  6.52769999e-05 -2.71020912e-03  6.52769999e-05  5.00000000e+00 
 6.53066413e-05  2.71018244e+00  6.53066413e-05 -2.71015604e-03  6.53066413e-05  5.00000000e+00 
 6.53362826e-05  2.71018244e+00  6.53362826e-05 -2.71020868e-03  6.53362826e-05  5.00000000e+00 
 6.53659240e-05  2.71018244e+00  6.53659240e-05 -2.71015647e-03  6.53659240e-05  5.00000000e+00 
 6.53955653e-05  2.71018244e+00  6.53955653e-05 -2.71020826e-03  6.53955653e-05  5.00000000e+00 
 6.54252066e-05  2.71018244e+00  6.54252066e-05 -2.71015689e-03  6.54252066e-05  5.00000000e+00 
 6.54548480e-05  2.71018244e+00  6.54548480e-05 -2.71020783e-03  6.54548480e-05  5.00000000e+00 
 6.54844893e-05  2.71018244e+00  6.54844893e-05 -2.71015731e-03  6.54844893e-05  5.00000000e+00 
 6.55141306e-05  2.71018244e+00  6.55141306e-05 -2.71020742e-03  6.55141306e-05  5.00000000e+00 
 6.55437720e-05  2.71018244e+00  6.55437720e-05 -2.71015772e-03  6.55437720e-05  5.00000000e+00 
 6.55734133e-05  2.71018244e+00  6.55734133e-05 -2.71020701e-03  6.55734133e-05  5.00000000e+00 
 6.56030547e-05  2.71018244e+00  6.56030547e-05 -2.71015813e-03  6.56030547e-05  5.00000000e+00 
 6.56326960e-05  2.71018244e+00  6.56326960e-05 -2.71020661e-03  6.56326960e-05  5.00000000e+00 
 6.56623373e-05  2.71018244e+00  6.56623373e-05 -2.71015852e-03  6.56623373e-05  5.00000000e+00 
 6.56919787e-05  2.71018244e+00  6.56919787e-05 -2.71020622e-03  6.56919787e-05  5.00000000e+00 
 6.57216200e-05  2.71018244e+00  6.57216200e-05 -2.71015892e-03  6.57216200e-05  5.00000000e+00 
 6.57512613e-05  2.71018244e+00  6.57512613e-05 -2.71020583e-03  6.57512613e-05  5.00000000e+00 
 6.57809027e-05  2.71018244e+00  6.57809027e-05 -2.71015930e-03  6.57809027e-05  5.00000000e+00 
 6.58105440e-05  2.71018244e+00  6.58105440e-05 -2.71020545e-03  6.58105440e-05  5.00000000e+00 
 6.58401854e-05  2.71018244e+00  6.58401854e-05 -2.71015968e-03  6.58401854e-05  5.00000000e+00 
 6.58698267e-05  2.71018244e+00  6.58698267e-05 -2.71020507e-03  6.58698267e-05  5.00000000e+00 
 6.58994680e-05  2.71018244e+00  6.58994680e-05 -2.71016005e-03  6.58994680e-05  5.00000000e+00 
 6.59291094e-05  2.71018244e+00  6.59291094e-05 -2.71020470e-03  6.59291094e-05  5.00000000e+00 
 6.59587507e-05  2.71018244e+00  6.59587507e-05 -2.71016042e-03  6.59587507e-05  5.00000000e+00 
 6.59883920e-05  2.71018244e+00  6.59883920e-05 -2.71020434e-03  6.59883920e-05  5.00000000e+00 
 6.60180334e-05  2.71018244e+00  6.60180334e-05 -2.71016078e-03  6.60180334e-05  5.00000000e+00 
 6.60476747e-05  2.71018244e+00  6.60476747e-05 -2.71020398e-03  6.60476747e-05  5.00000000e+00 
 6.60773161e-05  2.71018244e+00  6.60773161e-05 -2.71016113e-03  6.60773161e-05  5.00000000e+00 
 6.61069574e-05  2.71018244e+00  6.61069574e-05 -2.71020363e-03  6.61069574e-05  5.00000000e+00 
 6.61365987e-05  2.71018244e+00  6.61365987e-05 -2.71016148e-03  6.61365987e-05  5.00000000e+00 
 6.61662401e-05  2.71018244e+00  6.61662401e-05 -2.71020329e-03  6.61662401e-05  5.00000000e+00 
 6.61958814e-05  2.71018244e+00  6.61958814e-05 -2.71016182e-03  6.61958814e-05  5.00000000e+00 
 6.62255227e-05  2.71018244e+00  6.62255227e-05 -2.71020295e-03  6.62255227e-05  5.00000000e+00 
 6.62551641e-05  2.71018244e+00  6.62551641e-05 -2.71016216e-03  6.62551641e-05  5.00000000e+00 
 6.62848054e-05  2.71018244e+00  6.62848054e-05 -2.71020261e-03  6.62848054e-05  5.00000000e+00 
 6.63144468e-05  2.71018244e+00  6.63144468e-05 -2.71016249e-03  6.63144468e-05  5.00000000e+00 
 6.63440881e-05  2.71018244e+00  6.63440881e-05 -2.71020228e-03  6.63440881e-05  5.00000000e+00 
 6.63737294e-05  2.71018244e+00  6.63737294e-05 -2.71016282e-03  6.63737294e-05  5.00000000e+00 
 6.64033708e-05  2.71018244e+00  6.64033708e-05 -2.71020196e-03  6.64033708e-05  5.00000000e+00 
 6.64330121e-05  2.71018244e+00  6.64330121e-05 -2.71016314e-03  6.64330121e-05  5.00000000e+00 
 6.64626534e-05  2.71018244e+00  6.64626534e-05 -2.71020164e-03  6.64626534e-05  5.00000000e+00 
 6.64922948e-05  2.71018244e+00  6.64922948e-05 -2.71016345e-03  6.64922948e-05  5.00000000e+00 
 6.65219361e-05  2.71018244e+00  6.65219361e-05 -2.71020133e-03  6.65219361e-05  5.00000000e+00 
 6.65515775e-05  2.71018244e+00  6.65515775e-05 -2.71016376e-03  6.65515775e-05  5.00000000e+00 
 6.65812188e-05  2.71018244e+00  6.65812188e-05 -2.71020102e-03  6.65812188e-05  5.00000000e+00 
 6.66108601e-05  2.71018244e+00  6.66108601e-05 -2.71016407e-03  6.66108601e-05  5.00000000e+00 
 6.66405015e-05  2.71018244e+00  6.66405015e-05 -2.71020072e-03  6.66405015e-05  5.00000000e+00 
 6.66701428e-05  2.71018244e+00  6.66701428e-05 -2.71016437e-03  6.66701428e-05  5.00000000e+00 
 6.66997841e-05  2.71018244e+00  6.66997841e-05 -2.71020042e-03  6.66997841e-05  5.00000000e+00 
 6.67294255e-05  2.71018244e+00  6.67294255e-05 -2.71016466e-03  6.67294255e-05  5.00000000e+00 
 6.67590668e-05  2.71018244e+00  6.67590668e-05 -2.71020013e-03  6.67590668e-05  5.00000000e+00 
 6.67887082e-05  2.71018244e+00  6.67887082e-05 -2.71016496e-03  6.67887082e-05  5.00000000e+00 
 6.68183495e-05  2.71018244e+00  6.68183495e-05 -2.71019984e-03  6.68183495e-05  5.00000000e+00 
 6.68479908e-05  2.71018244e+00  6.68479908e-05 -2.71016524e-03  6.68479908e-05  5.00000000e+00 
 6.68776322e-05  2.71018244e+00  6.68776322e-05 -2.71019956e-03  6.68776322e-05  5.00000000e+00 
 6.69072735e-05  2.71018244e+00  6.69072735e-05 -2.71016552e-03  6.69072735e-05  5.00000000e+00 
 6.69369149e-05  2.71018244e+00  6.69369149e-05 -2.71019928e-03  6.69369149e-05  5.00000000e+00 
 6.69665562e-05  2.71018244e+00  6.69665562e-05 -2.71016580e-03  6.69665562e-05  5.00000000e+00 
 6.69961975e-05  2.71018244e+00  6.69961975e-05 -2.71019900e-03  6.69961975e-05  5.00000000e+00 
 6.70258389e-05  2.71018244e+00  6.70258389e-05 -2.71016607e-03  6.70258389e-05  5.00000000e+00 
 6.70554802e-05  2.71018244e+00  6.70554802e-05 -2.71019873e-03  6.70554802e-05  5.00000000e+00 
 6.70851215e-05  2.71018244e+00  6.70851215e-05 -2.71016634e-03  6.70851215e-05  5.00000000e+00 
 6.71147629e-05  2.71018244e+00  6.71147629e-05 -2.71019847e-03  6.71147629e-05  5.00000000e+00 
 6.71444042e-05  2.71018244e+00  6.71444042e-05 -2.71016660e-03  6.71444042e-05  5.00000000e+00 
 6.71740456e-05  2.71018244e+00  6.71740456e-05 -2.71019821e-03  6.71740456e-05  5.00000000e+00 
 6.72036869e-05  2.71018244e+00  6.72036869e-05 -2.71016686e-03  6.72036869e-05  5.00000000e+00 
 6.72333282e-05  2.71018244e+00  6.72333282e-05 -2.71019795e-03  6.72333282e-05  5.00000000e+00 
 6.72629696e-05  2.71018244e+00  6.72629696e-05 -2.71016711e-03  6.72629696e-05  5.00000000e+00 
 6.72926109e-05  2.71018244e+00  6.72926109e-05 -2.71019770e-03  6.72926109e-05  5.00000000e+00 
 6.73222522e-05  2.71018244e+00  6.73222522e-05 -2.71016736e-03  6.73222522e-05  5.00000000e+00 
 6.73518936e-05  2.71018244e+00  6.73518936e-05 -2.71019745e-03  6.73518936e-05  5.00000000e+00 
 6.73815349e-05  2.71018244e+00  6.73815349e-05 -2.71016761e-03  6.73815349e-05  5.00000000e+00 
 6.74111763e-05  2.71018244e+00  6.74111763e-05 -2.71019721e-03  6.74111763e-05  5.00000000e+00 
 6.74408176e-05  2.71018244e+00  6.74408176e-05 -2.71016785e-03  6.74408176e-05  5.00000000e+00 
 6.74704589e-05  2.71018244e+00  6.74704589e-05 -2.71019697e-03  6.74704589e-05  5.00000000e+00 
 6.75001003e-05  2.71018244e+00  6.75001003e-05 -2.71016809e-03  6.75001003e-05  5.00000000e+00 
 6.75297416e-05  2.71018244e+00  6.75297416e-05 -2.71019673e-03  6.75297416e-05  5.00000000e+00 
 6.75593829e-05  2.71018244e+00  6.75593829e-05 -2.71016832e-03  6.75593829e-05  5.00000000e+00 
 6.75890243e-05  2.71018244e+00  6.75890243e-05 -2.71019650e-03  6.75890243e-05  5.00000000e+00 
 6.76186656e-05  2.71018244e+00  6.76186656e-05 -2.71016856e-03  6.76186656e-05  5.00000000e+00 
 6.76483070e-05  2.71018244e+00  6.76483070e-05 -2.71019627e-03  6.76483070e-05  5.00000000e+00 
 6.76779483e-05  2.71018244e+00  6.76779483e-05 -2.71016878e-03  6.76779483e-05  5.00000000e+00 
 6.77075896e-05  2.71018244e+00  6.77075896e-05 -2.71019604e-03  6.77075896e-05  5.00000000e+00 
 6.77372310e-05  2.71018244e+00  6.77372310e-05 -2.71016900e-03  6.77372310e-05  5.00000000e+00 
 6.77668723e-05  2.71018244e+00  6.77668723e-05 -2.71019582e-03  6.77668723e-05  5.00000000e+00 
 6.77965136e-05  2.71018244e+00  6.77965136e-05 -2.71016922e-03  6.77965136e-05  5.00000000e+00 
 6.78261550e-05  2.71018244e+00  6.78261550e-05 -2.71019561e-03  6.78261550e-05  5.00000000e+00 
 6.78557963e-05  2.71018244e+00  6.78557963e-05 -2.71016944e-03  6.78557963e-05  5.00000000e+00 
 6.78854377e-05  2.71018244e+00  6.78854377e-05 -2.71019539e-03  6.78854377e-05  5.00000000e+00 
 6.79150790e-05  2.71018244e+00  6.79150790e-05 -2.71016965e-03  6.79150790e-05  5.00000000e+00 
 6.79447203e-05  2.71018244e+00  6.79447203e-05 -2.71019518e-03  6.79447203e-05  5.00000000e+00 
 6.79743617e-05  2.71018244e+00  6.79743617e-05 -2.71016986e-03  6.79743617e-05  5.00000000e+00 
 6.80040030e-05  2.71018244e+00  6.80040030e-05 -2.71019497e-03  6.80040030e-05  5.00000000e+00 
 6.80336443e-05  2.71018244e+00  6.80336443e-05 -2.71017007e-03  6.80336443e-05  5.00000000e+00 
 6.80632857e-05  2.71018244e+00  6.80632857e-05 -2.71019477e-03  6.80632857e-05  5.00000000e+00 
 6.80929270e-05  2.71018244e+00  6.80929270e-05 -2.71017027e-03  6.80929270e-05  5.00000000e+00 
 6.81225684e-05  2.71018244e+00  6.81225684e-05 -2.71019457e-03  6.81225684e-05  5.00000000e+00 
 6.81522097e-05  2.71018244e+00  6.81522097e-05 -2.71017047e-03  6.81522097e-05  5.00000000e+00 
 6.81818510e-05  2.71018244e+00  6.81818510e-05 -2.71019437e-03  6.81818510e-05  5.00000000e+00 
 6.82114924e-05  2.71018244e+00  6.82114924e-05 -2.71017066e-03  6.82114924e-05  5.00000000e+00 
 6.82411337e-05  2.71018244e+00  6.82411337e-05 -2.71019418e-03  6.82411337e-05  5.00000000e+00 
 6.82707750e-05  2.71018244e+00  6.82707750e-05 -2.71017085e-03  6.82707750e-05  5.00000000e+00 
 6.83004164e-05  2.71018244e+00  6.83004164e-05 -2.71019399e-03  6.83004164e-05  5.00000000e+00 
 6.83300577e-05  2.71018244e+00  6.83300577e-05 -2.71017104e-03  6.83300577e-05  5.00000000e+00 
 6.83596991e-05  2.71018244e+00  6.83596991e-05 -2.71019380e-03  6.83596991e-05  5.00000000e+00 
 6.83893404e-05  2.71018244e+00  6.83893404e-05 -2.71017123e-03  6.83893404e-05  5.00000000e+00 
 6.84189817e-05  2.71018244e+00  6.84189817e-05 -2.71019362e-03  6.84189817e-05  5.00000000e+00 
 6.84486231e-05  2.71018244e+00  6.84486231e-05 -2.71017141e-03  6.84486231e-05  5.00000000e+00 
 6.84782644e-05  2.71018244e+00  6.84782644e-05 -2.71019344e-03  6.84782644e-05  5.00000000e+00 
 6.85079058e-05  2.71018244e+00  6.85079058e-05 -2.71017159e-03  6.85079058e-05  5.00000000e+00 
 6.85375471e-05  2.71018244e+00  6.85375471e-05 -2.71019326e-03  6.85375471e-05  5.00000000e+00 
 6.85671884e-05  2.71018244e+00  6.85671884e-05 -2.71017177e-03  6.85671884e-05  5.00000000e+00 
 6.85968298e-05  2.71018244e+00  6.85968298e-05 -2.71019308e-03  6.85968298e-05  5.00000000e+00 
 6.86264711e-05  2.71018244e+00  6.86264711e-05 -2.71017194e-03  6.86264711e-05  5.00000000e+00 
 6.86561124e-05  2.71018244e+00  6.86561124e-05 -2.71019291e-03  6.86561124e-05  5.00000000e+00 
 6.86857538e-05  2.71018244e+00  6.86857538e-05 -2.71017211e-03  6.86857538e-05  5.00000000e+00 
 6.87153951e-05  2.71018244e+00  6.87153951e-05 -2.71019274e-03  6.87153951e-05  5.00000000e+00 
 6.87450365e-05  2.71018244e+00  6.87450365e-05 -2.71017228e-03  6.87450365e-05  5.00000000e+00 
 6.87746778e-05  2.71018244e+00  6.87746778e-05 -2.71019257e-03  6.87746778e-05  5.00000000e+00 
 6.88043191e-05  2.71018244e+00  6.88043191e-05 -2.71017245e-03  6.88043191e-05  5.00000000e+00 
 6.88339605e-05  2.71018244e+00  6.88339605e-05 -2.71019241e-03  6.88339605e-05  5.00000000e+00 
 6.88636018e-05  2.71018244e+00  6.88636018e-05 -2.71017261e-03  6.88636018e-05  5.00000000e+00 
 6.88932431e-05  2.71018244e+00  6.88932431e-05 -2.71019225e-03  6.88932431e-05  5.00000000e+00 
 6.89228845e-05  2.71018244e+00  6.89228845e-05 -2.71017277e-03  6.89228845e-05  5.00000000e+00 
 6.89525258e-05  2.71018244e+00  6.89525258e-05 -2.71019209e-03  6.89525258e-05  5.00000000e+00 
 6.89821672e-05  2.71018244e+00  6.89821672e-05 -2.71017293e-03  6.89821672e-05  5.00000000e+00 
 6.90118085e-05  2.71018244e+00  6.90118085e-05 -2.71019193e-03  6.90118085e-05  5.00000000e+00 
 6.90414498e-05  2.71018244e+00  6.90414498e-05 -2.71017308e-03  6.90414498e-05  5.00000000e+00 
 6.90710912e-05  2.71018244e+00  6.90710912e-05 -2.71019178e-03  6.90710912e-05  5.00000000e+00 
 6.91007325e-05  2.71018244e+00  6.91007325e-05 -2.71017323e-03  6.91007325e-05  5.00000000e+00 
 6.91303738e-05  2.71018244e+00  6.91303738e-05 -2.71019163e-03  6.91303738e-05  5.00000000e+00 
 6.91600152e-05  2.71018244e+00  6.91600152e-05 -2.71017338e-03  6.91600152e-05  5.00000000e+00 
 6.91896565e-05  2.71018244e+00  6.91896565e-05 -2.71019148e-03  6.91896565e-05  5.00000000e+00 
 6.92192979e-05  2.71018244e+00  6.92192979e-05 -2.71017353e-03  6.92192979e-05  5.00000000e+00 
 6.92489392e-05  2.71018244e+00  6.92489392e-05 -2.71019133e-03  6.92489392e-05  5.00000000e+00 
 6.92785805e-05  2.71018244e+00  6.92785805e-05 -2.71017368e-03  6.92785805e-05  5.00000000e+00 
 6.93082219e-05  2.71018244e+00  6.93082219e-05 -2.71019119e-03  6.93082219e-05  5.00000000e+00 
 6.93378632e-05  2.71018244e+00  6.93378632e-05 -2.71017382e-03  6.93378632e-05  5.00000000e+00 
 6.93675045e-05  2.71018244e+00  6.93675045e-05 -2.71019105e-03  6.93675045e-05  5.00000000e+00 
 6.93971459e-05  2.71018244e+00  6.93971459e-05 -2.71017396e-03  6.93971459e-05  5.00000000e+00 
 6.94267872e-05  2.71018244e+00  6.94267872e-05 -2.71019091e-03  6.94267872e-05  5.00000000e+00 
 6.94564286e-05  2.71018244e+00  6.94564286e-05 -2.71017410e-03  6.94564286e-05  5.00000000e+00 
 6.94860699e-05  2.71018244e+00  6.94860699e-05 -2.71019077e-03  6.94860699e-05  5.00000000e+00 
 6.95157112e-05  2.71018244e+00  6.95157112e-05 -2.71017423e-03  6.95157112e-05  5.00000000e+00 
 6.95453526e-05  2.71018244e+00  6.95453526e-05 -2.71019064e-03  6.95453526e-05  5.00000000e+00 
 6.95749939e-05  2.71018244e+00  6.95749939e-05 -2.71017437e-03  6.95749939e-05  5.00000000e+00 
 6.96046352e-05  2.71018244e+00  6.96046352e-05 -2.71019051e-03  6.96046352e-05  5.00000000e+00 
 6.96342766e-05  2.71018244e+00  6.96342766e-05 -2.71017450e-03  6.96342766e-05  5.00000000e+00 
 6.96639179e-05  2.71018244e+00  6.96639179e-05 -2.71019038e-03  6.96639179e-05  5.00000000e+00 
 6.96935593e-05  2.71018244e+00  6.96935593e-05 -2.71017463e-03  6.96935593e-05  5.00000000e+00 
 6.97232006e-05  2.71018244e+00  6.97232006e-05 -2.71019025e-03  6.97232006e-05  5.00000000e+00 
 6.97528419e-05  2.71018244e+00  6.97528419e-05 -2.71017475e-03  6.97528419e-05  5.00000000e+00 
 6.97824833e-05  2.71018244e+00  6.97824833e-05 -2.71019012e-03  6.97824833e-05  5.00000000e+00 
 6.98121246e-05  2.71018244e+00  6.98121246e-05 -2.71017488e-03  6.98121246e-05  5.00000000e+00 
 6.98417659e-05  2.71018244e+00  6.98417659e-05 -2.71019000e-03  6.98417659e-05  5.00000000e+00 
 6.98714073e-05  2.71018244e+00  6.98714073e-05 -2.71017500e-03  6.98714073e-05  5.00000000e+00 
 6.99010486e-05  2.71018244e+00  6.99010486e-05 -2.71018988e-03  6.99010486e-05  5.00000000e+00 
 6.99306900e-05  2.71018244e+00  6.99306900e-05 -2.71017512e-03  6.99306900e-05  5.00000000e+00 
 6.99603313e-05  2.71018244e+00  6.99603313e-05 -2.71018976e-03  6.99603313e-05  5.00000000e+00 
 6.99899726e-05  2.71018244e+00  6.99899726e-05 -2.71017524e-03  6.99899726e-05  5.00000000e+00 
 7.00196140e-05  2.71018244e+00  7.00196140e-05 -2.71018964e-03  7.00196140e-05  5.00000000e+00 
 7.00492553e-05  2.71018244e+00  7.00492553e-05 -2.71017536e-03  7.00492553e-05  5.00000000e+00 
 7.00788967e-05  2.71018244e+00  7.00788967e-05 -2.71018952e-03  7.00788967e-05  5.00000000e+00 
 7.01085380e-05  2.71018244e+00  7.01085380e-05 -2.71017547e-03  7.01085380e-05  5.00000000e+00 
 7.01381793e-05  2.71018244e+00  7.01381793e-05 -2.71018941e-03  7.01381793e-05  5.00000000e+00 
 7.01678207e-05  2.71018244e+00  7.01678207e-05 -2.71017559e-03  7.01678207e-05  5.00000000e+00 
 7.01974620e-05  2.71018244e+00  7.01974620e-05 -2.71018930e-03  7.01974620e-05  5.00000000e+00 
 7.02271033e-05  2.71018244e+00  7.02271033e-05 -2.71017570e-03  7.02271033e-05  5.00000000e+00 
 7.02567447e-05  2.71018244e+00  7.02567447e-05 -2.71018919e-03  7.02567447e-05  5.00000000e+00 
 7.02863860e-05  2.71018244e+00  7.02863860e-05 -2.71017581e-03  7.02863860e-05  5.00000000e+00 
 7.03160274e-05  2.71018244e+00  7.03160274e-05 -2.71018908e-03  7.03160274e-05  5.00000000e+00 
 7.03456687e-05  2.71018244e+00  7.03456687e-05 -2.71017591e-03  7.03456687e-05  5.00000000e+00 
 7.03753100e-05  2.71018244e+00  7.03753100e-05 -2.71018897e-03  7.03753100e-05  5.00000000e+00 
 7.04049514e-05  2.71018244e+00  7.04049514e-05 -2.71017602e-03  7.04049514e-05  5.00000000e+00 
 7.04345927e-05  2.71018244e+00  7.04345927e-05 -2.71018887e-03  7.04345927e-05  5.00000000e+00 
 7.04642340e-05  2.71018244e+00  7.04642340e-05 -2.71017612e-03  7.04642340e-05  5.00000000e+00 
 7.04938754e-05  2.71018244e+00  7.04938754e-05 -2.71018876e-03  7.04938754e-05  5.00000000e+00 
 7.05235167e-05  2.71018244e+00  7.05235167e-05 -2.71017623e-03  7.05235167e-05  5.00000000e+00 
 7.05531581e-05  2.71018244e+00  7.05531581e-05 -2.71018866e-03  7.05531581e-05  5.00000000e+00 
 7.05827994e-05  2.71018244e+00  7.05827994e-05 -2.71017633e-03  7.05827994e-05  5.00000000e+00 
 7.06124407e-05  2.71018244e+00  7.06124407e-05 -2.71018856e-03  7.06124407e-05  5.00000000e+00 
 7.06420821e-05  2.71018244e+00  7.06420821e-05 -2.71017643e-03  7.06420821e-05  5.00000000e+00 
 7.06717234e-05  2.71018244e+00  7.06717234e-05 -2.71018846e-03  7.06717234e-05  5.00000000e+00 
 7.07013647e-05  2.71018244e+00  7.07013647e-05 -2.71017652e-03  7.07013647e-05  5.00000000e+00 
 7.07310061e-05  2.71018244e+00  7.07310061e-05 -2.71018837e-03  7.07310061e-05  5.00000000e+00 
 7.07606474e-05  2.71018244e+00  7.07606474e-05 -2.71017662e-03  7.07606474e-05  5.00000000e+00 
 7.07902888e-05  2.71018244e+00  7.07902888e-05 -2.71018827e-03  7.07902888e-05  5.00000000e+00 
 7.08199301e-05  2.71018244e+00  7.08199301e-05 -2.71017671e-03  7.08199301e-05  5.00000000e+00 
 7.08495714e-05  2.71018244e+00  7.08495714e-05 -2.71018818e-03  7.08495714e-05  5.00000000e+00 
 7.08792128e-05  2.71018244e+00  7.08792128e-05 -2.71017681e-03  7.08792128e-05  5.00000000e+00 
 7.09088541e-05  2.71018244e+00  7.09088541e-05 -2.71018808e-03  7.09088541e-05  5.00000000e+00 
 7.09384954e-05  2.71018244e+00  7.09384954e-05 -2.71017690e-03  7.09384954e-05  5.00000000e+00 
 7.09681368e-05  2.71018244e+00  7.09681368e-05 -2.71018799e-03  7.09681368e-05  5.00000000e+00 
 7.09977781e-05  2.71018244e+00  7.09977781e-05 -2.71017699e-03  7.09977781e-05  5.00000000e+00 
 7.10274195e-05  2.71018244e+00  7.10274195e-05 -2.71018791e-03  7.10274195e-05  5.00000000e+00 
 7.10570608e-05  2.71018244e+00  7.10570608e-05 -2.71017708e-03  7.10570608e-05  5.00000000e+00 
 7.10867021e-05  2.71018244e+00  7.10867021e-05 -2.71018782e-03  7.10867021e-05  5.00000000e+00 
 7.11163435e-05  2.71018244e+00  7.11163435e-05 -2.71017716e-03  7.11163435e-05  5.00000000e+00 
 7.11459848e-05  2.71018244e+00  7.11459848e-05 -2.71018773e-03  7.11459848e-05  5.00000000e+00 
 7.11756261e-05  2.71018244e+00  7.11756261e-05 -2.71017725e-03  7.11756261e-05  5.00000000e+00 
 7.12052675e-05  2.71018244e+00  7.12052675e-05 -2.71018765e-03  7.12052675e-05  5.00000000e+00 
 7.12349088e-05  2.71018244e+00  7.12349088e-05 -2.71017733e-03  7.12349088e-05  5.00000000e+00 
 7.12645502e-05  2.71018244e+00  7.12645502e-05 -2.71018756e-03  7.12645502e-05  5.00000000e+00 
 7.12941915e-05  2.71018244e+00  7.12941915e-05 -2.71017742e-03  7.12941915e-05  5.00000000e+00 
 7.13238328e-05  2.71018244e+00  7.13238328e-05 -2.71018748e-03  7.13238328e-05  5.00000000e+00 
 7.13534742e-05  2.71018244e+00  7.13534742e-05 -2.71017750e-03  7.13534742e-05  5.00000000e+00 
 7.13831155e-05  2.71018244e+00  7.13831155e-05 -2.71018740e-03  7.13831155e-05  5.00000000e+00 
 7.14127568e-05  2.71018244e+00  7.14127568e-05 -2.71017758e-03  7.14127568e-05  5.00000000e+00 
 7.14423982e-05  2.71018244e+00  7.14423982e-05 -2.71018732e-03  7.14423982e-05  5.00000000e+00 
 7.14720395e-05  2.71018244e+00  7.14720395e-05 -2.71017766e-03  7.14720395e-05  5.00000000e+00 
 7.15016809e-05  2.71018244e+00  7.15016809e-05 -2.71018724e-03  7.15016809e-05  5.00000000e+00 
 7.15313222e-05  2.71018244e+00  7.15313222e-05 -2.71017773e-03  7.15313222e-05  5.00000000e+00 
 7.15609635e-05  2.71018244e+00  7.15609635e-05 -2.71018717e-03  7.15609635e-05  5.00000000e+00 
 7.15906049e-05  2.71018244e+00  7.15906049e-05 -2.71017781e-03  7.15906049e-05  5.00000000e+00 
 7.16202462e-05  2.71018244e+00  7.16202462e-05 -2.71018709e-03  7.16202462e-05  5.00000000e+00 
 7.16498876e-05  2.71018244e+00  7.16498876e-05 -2.71017788e-03  7.16498876e-05  5.00000000e+00 
 7.16795289e-05  2.71018244e+00  7.16795289e-05 -2.71018702e-03  7.16795289e-05  5.00000000e+00 
 7.17091702e-05  2.71018244e+00  7.17091702e-05 -2.71017796e-03  7.17091702e-05  5.00000000e+00 
 7.17388116e-05  2.71018244e+00  7.17388116e-05 -2.71018694e-03  7.17388116e-05  5.00000000e+00 
 7.17684529e-05  2.71018244e+00  7.17684529e-05 -2.71017803e-03  7.17684529e-05  5.00000000e+00 
 7.17980942e-05  2.71018244e+00  7.17980942e-05 -2.71018687e-03  7.17980942e-05  5.00000000e+00 
 7.18277356e-05  2.71018244e+00  7.18277356e-05 -2.71017810e-03  7.18277356e-05  5.00000000e+00 
 7.18573769e-05  2.71018244e+00  7.18573769e-05 -2.71018680e-03  7.18573769e-05  5.00000000e+00 
 7.18870183e-05  2.71018244e+00  7.18870183e-05 -2.71017817e-03  7.18870183e-05  5.00000000e+00 
 7.19166596e-05  2.71018244e+00  7.19166596e-05 -2.71018673e-03  7.19166596e-05  5.00000000e+00 
 7.19463009e-05  2.71018244e+00  7.19463009e-05 -2.71017824e-03  7.19463009e-05  5.00000000e+00 
 7.19759423e-05  2.71018244e+00  7.19759423e-05 -2.71018666e-03  7.19759423e-05  5.00000000e+00 
 7.20055836e-05  2.71018244e+00  7.20055836e-05 -2.71017831e-03  7.20055836e-05  5.00000000e+00 
 7.20352249e-05  2.71018244e+00  7.20352249e-05 -2.71018660e-03  7.20352249e-05  5.00000000e+00 
 7.20648663e-05  2.71018244e+00  7.20648663e-05 -2.71017837e-03  7.20648663e-05  5.00000000e+00 
 7.20945076e-05  2.71018244e+00  7.20945076e-05 -2.71018653e-03  7.20945076e-05  5.00000000e+00 
 7.21241490e-05  2.71018244e+00  7.21241490e-05 -2.71017844e-03  7.21241490e-05  5.00000000e+00 
 7.21537903e-05  2.71018244e+00  7.21537903e-05 -2.71018647e-03  7.21537903e-05  5.00000000e+00 
 7.21834316e-05  2.71018244e+00  7.21834316e-05 -2.71017850e-03  7.21834316e-05  5.00000000e+00 
 7.22130730e-05  2.71018244e+00  7.22130730e-05 -2.71018640e-03  7.22130730e-05  5.00000000e+00 
 7.22427143e-05  2.71018244e+00  7.22427143e-05 -2.71017857e-03  7.22427143e-05  5.00000000e+00 
 7.22723556e-05  2.71018244e+00  7.22723556e-05 -2.71018634e-03  7.22723556e-05  5.00000000e+00 
 7.23019970e-05  2.71018244e+00  7.23019970e-05 -2.71017863e-03  7.23019970e-05  5.00000000e+00 
 7.23316383e-05  2.71018244e+00  7.23316383e-05 -2.71018628e-03  7.23316383e-05  5.00000000e+00 
 7.23612797e-05  2.71018244e+00  7.23612797e-05 -2.71017869e-03  7.23612797e-05  5.00000000e+00 
 7.23909210e-05  2.71018244e+00  7.23909210e-05 -2.71018622e-03  7.23909210e-05  5.00000000e+00 
 7.24205623e-05  2.71018244e+00  7.24205623e-05 -2.71017875e-03  7.24205623e-05  5.00000000e+00 
 7.24502037e-05  2.71018244e+00  7.24502037e-05 -2.71018616e-03  7.24502037e-05  5.00000000e+00 
 7.24798450e-05  2.71018244e+00  7.24798450e-05 -2.71017881e-03  7.24798450e-05  5.00000000e+00 
 7.25094863e-05  2.71018244e+00  7.25094863e-05 -2.71018610e-03  7.25094863e-05  5.00000000e+00 
 7.25391277e-05  2.71018244e+00  7.25391277e-05 -2.71017887e-03  7.25391277e-05  5.00000000e+00 
 7.25687690e-05  2.71018244e+00  7.25687690e-05 -2.71018604e-03  7.25687690e-05  5.00000000e+00 
 7.25984104e-05  2.71018244e+00  7.25984104e-05 -2.71017893e-03  7.25984104e-05  5.00000000e+00 
 7.26280517e-05  2.71018244e+00  7.26280517e-05 -2.71018598e-03  7.26280517e-05  5.00000000e+00 
 7.26576930e-05  2.71018244e+00  7.26576930e-05 -2.71017898e-03  7.26576930e-05  5.00000000e+00 
 7.26873344e-05  2.71018244e+00  7.26873344e-05 -2.71018593e-03  7.26873344e-05  5.00000000e+00 
 7.27169757e-05  2.71018244e+00  7.27169757e-05 -2.71017904e-03  7.27169757e-05  5.00000000e+00 
 7.27466170e-05  2.71018244e+00  7.27466170e-05 -2.71018587e-03  7.27466170e-05  5.00000000e+00 
 7.27762584e-05  2.71018244e+00  7.27762584e-05 -2.71017909e-03  7.27762584e-05  5.00000000e+00 
 7.28058997e-05  2.71018244e+00  7.28058997e-05 -2.71018582e-03  7.28058997e-05  5.00000000e+00 
 7.28355411e-05  2.71018244e+00  7.28355411e-05 -2.71017915e-03  7.28355411e-05  5.00000000e+00 
 7.28651824e-05  2.71018244e+00  7.28651824e-05 -2.71018576e-03  7.28651824e-05  5.00000000e+00 
 7.28948237e-05  2.71018244e+00  7.28948237e-05 -2.71017920e-03  7.28948237e-05  5.00000000e+00 
 7.29244651e-05  2.71018244e+00  7.29244651e-05 -2.71018571e-03  7.29244651e-05  5.00000000e+00 
 7.29541064e-05  2.71018244e+00  7.29541064e-05 -2.71017925e-03  7.29541064e-05  5.00000000e+00 
 7.29837477e-05  2.71018244e+00  7.29837477e-05 -2.71018566e-03  7.29837477e-05  5.00000000e+00 
 7.30133891e-05  2.71018244e+00  7.30133891e-05 -2.71017930e-03  7.30133891e-05  5.00000000e+00 
 7.30430304e-05  2.71018244e+00  7.30430304e-05 -2.71018561e-03  7.30430304e-05  5.00000000e+00 
 7.30726718e-05  2.71018244e+00  7.30726718e-05 -2.71017935e-03  7.30726718e-05  5.00000000e+00 
 7.31023131e-05  2.71018244e+00  7.31023131e-05 -2.71018556e-03  7.31023131e-05  5.00000000e+00 
 7.31319544e-05  2.71018244e+00  7.31319544e-05 -2.71017940e-03  7.31319544e-05  5.00000000e+00 
 7.31615958e-05  2.71018244e+00  7.31615958e-05 -2.71018551e-03  7.31615958e-05  5.00000000e+00 
 7.31912371e-05  2.71018244e+00  7.31912371e-05 -2.71017945e-03  7.31912371e-05  5.00000000e+00 
 7.32208785e-05  2.71018244e+00  7.32208785e-05 -2.71018546e-03  7.32208785e-05  5.00000000e+00 
 7.32505198e-05  2.71018244e+00  7.32505198e-05 -2.71017950e-03  7.32505198e-05  5.00000000e+00 
 7.32801611e-05  2.71018244e+00  7.32801611e-05 -2.71018542e-03  7.32801611e-05  5.00000000e+00 
 7.33098025e-05  2.71018244e+00  7.33098025e-05 -2.71017955e-03  7.33098025e-05  5.00000000e+00 
 7.33394438e-05  2.71018244e+00  7.33394438e-05 -2.71018537e-03  7.33394438e-05  5.00000000e+00 
 7.33690851e-05  2.71018244e+00  7.33690851e-05 -2.71017959e-03  7.33690851e-05  5.00000000e+00 
 7.33987265e-05  2.71018244e+00  7.33987265e-05 -2.71018532e-03  7.33987265e-05  5.00000000e+00 
 7.34283678e-05  2.71018244e+00  7.34283678e-05 -2.71017964e-03  7.34283678e-05  5.00000000e+00 
 7.34580092e-05  2.71018244e+00  7.34580092e-05 -2.71018528e-03  7.34580092e-05  5.00000000e+00 
 7.34876505e-05  2.71018244e+00  7.34876505e-05 -2.71017968e-03  7.34876505e-05  5.00000000e+00 
 7.35172918e-05  2.71018244e+00  7.35172918e-05 -2.71018523e-03  7.35172918e-05  5.00000000e+00 
 7.35469332e-05  2.71018244e+00  7.35469332e-05 -2.71017973e-03  7.35469332e-05  5.00000000e+00 
 7.35765745e-05  2.71018244e+00  7.35765745e-05 -2.71018519e-03  7.35765745e-05  5.00000000e+00 
 7.36062158e-05  2.71018244e+00  7.36062158e-05 -2.71017977e-03  7.36062158e-05  5.00000000e+00 
 7.36358572e-05  2.71018244e+00  7.36358572e-05 -2.71018515e-03  7.36358572e-05  5.00000000e+00 
 7.36654985e-05  2.71018244e+00  7.36654985e-05 -2.71017981e-03  7.36654985e-05  5.00000000e+00 
 7.36951399e-05  2.71018244e+00  7.36951399e-05 -2.71018510e-03  7.36951399e-05  5.00000000e+00 
 7.37247812e-05  2.71018244e+00  7.37247812e-05 -2.71017986e-03  7.37247812e-05  5.00000000e+00 
 7.37544225e-05  2.71018244e+00  7.37544225e-05 -2.71018506e-03  7.37544225e-05  5.00000000e+00 
 7.37840639e-05  2.71018244e+00  7.37840639e-05 -2.71017990e-03  7.37840639e-05  5.00000000e+00 
 7.38137052e-05  2.71018244e+00  7.38137052e-05 -2.71018502e-03  7.38137052e-05  5.00000000e+00 
 7.38433465e-05  2.71018244e+00  7.38433465e-05 -2.71017994e-03  7.38433465e-05  5.00000000e+00 
 7.38729879e-05  2.71018244e+00  7.38729879e-05 -2.71018498e-03  7.38729879e-05  5.00000000e+00 
 7.39026292e-05  2.71018244e+00  7.39026292e-05 -2.71017998e-03  7.39026292e-05  5.00000000e+00 
 7.39322706e-05  2.71018244e+00  7.39322706e-05 -2.71018494e-03  7.39322706e-05  5.00000000e+00 
 7.39619119e-05  2.71018244e+00  7.39619119e-05 -2.71018002e-03  7.39619119e-05  5.00000000e+00 
 7.39915532e-05  2.71018244e+00  7.39915532e-05 -2.71018490e-03  7.39915532e-05  5.00000000e+00 
 7.40211946e-05  2.71018244e+00  7.40211946e-05 -2.71018005e-03  7.40211946e-05  5.00000000e+00 
 7.40508359e-05  2.71018244e+00  7.40508359e-05 -2.71018486e-03  7.40508359e-05  5.00000000e+00 
 7.40770901e-05  2.71018244e+00  7.40770901e-05 -2.71018010e-03  7.40770901e-05  5.00000000e+00 
 7.41033443e-05  2.71018244e+00  7.41033443e-05 -2.71018482e-03  7.41033443e-05  5.00000000e+00 
 7.41063085e-05  2.70563760e+00  7.41063085e-05 -2.55383718e-03  7.41063085e-05  4.95000000e+00 
 7.41122367e-05  2.68727044e+00  7.41122367e-05 -2.22259959e-03  7.41122367e-05  4.85000000e+00 
 7.41240933e-05  2.61023333e+00  7.41240933e-05 -1.77595491e-03  7.41240933e-05  4.65000000e+00 
 7.41397377e-05  2.46728360e+00  7.41397377e-05 -1.47183887e-03  7.41397377e-05  4.38610557e+00 
 7.41610145e-05  2.24655546e+00  7.41610145e-05 -1.16379853e-03  7.41610145e-05  4.02720041e+00 
 7.41843995e-05  1.99157492e+00  7.41843995e-05 -8.89412042e-04  7.41843995e-05  3.63273472e+00 
 7.42140408e-05  1.66386569e+00  7.42140408e-05 -5.50284885e-04  7.42140408e-05  3.13273472e+00 
 7.42436822e-05  1.34141372e+00  7.42436822e-05 -2.74402499e-04  7.42436822e-05  2.63273472e+00 
 7.42733235e-05  1.04156845e+00  7.42733235e-05 -8.08062132e-05  7.42733235e-05  2.13273472e+00 
 7.43029648e-05  7.85054164e-01  7.43029648e-05 -1.10983063e-05  7.43029648e-05  1.63273472e+00 
 7.43326062e-05  5.84277101e-01  7.43326062e-05 -8.93480207e-07  7.43326062e-05  1.13273472e+00 
 7.43622475e-05  4.33785317e-01  7.43622475e-05 -4.48422647e-07  7.43622475e-05  6.32734719e-01 
 7.43810026e-05  3.59508819e-01  7.43810026e-05 -4.17447423e-07  7.43810026e-05  3.16367359e-01 
 7.43997577e-05  2.97955924e-01  7.43997577e-05 -4.37665524e-07  7.43997577e-05  0.00000000e+00 
 7.44027219e-05  2.89420373e-01  7.44027219e-05 -3.42414918e-11  7.44027219e-05  0.00000000e+00 
 7.44066254e-05  2.78397236e-01  7.44066254e-05 -3.65188996e-11  7.44066254e-05  0.00000000e+00 
 7.44102104e-05  2.68644033e-01  7.44102104e-05 -3.89455029e-11  7.44102104e-05  0.00000000e+00 
 7.44140331e-05  2.58620733e-01  7.44140331e-05 -4.19582440e-11  7.44140331e-05  0.00000000e+00 
 7.44176376e-05  2.49512618e-01  7.44176376e-05 -4.52373926e-11  7.44176376e-05  0.00000000e+00 
 7.44211732e-05  2.40890242e-01  7.44211732e-05 -4.88841250e-11  7.44211732e-05  0.00000000e+00 
 7.44245559e-05  2.32920631e-01  7.44245559e-05 -5.28753591e-11  7.44245559e-05  0.00000000e+00 
 7.44279450e-05  2.25199728e-01  7.44279450e-05 -5.72858201e-11  7.44279450e-05  0.00000000e+00 
 7.44314003e-05  2.17592590e-01  7.44314003e-05 -6.24255839e-11  7.44314003e-05  0.00000000e+00 
 7.44356411e-05  2.08605245e-01  7.44356411e-05 -6.93895314e-11  7.44356411e-05  0.00000000e+00 
 7.44414621e-05  1.96870197e-01  7.44414621e-05 -8.07066540e-11  7.44414621e-05  0.00000000e+00 
 7.44527650e-05  1.75920359e-01  7.44527650e-05 -1.08147704e-10  7.44527650e-05  0.00000000e+00 
 7.44753709e-05  1.40375246e-01  7.44753709e-05 -1.91007559e-10  7.44753709e-05  0.00000000e+00 
 7.45050122e-05  1.04321533e-01  7.45050122e-05 -3.61225720e-10  7.45050122e-05  0.00000000e+00 
 7.45346535e-05  7.75312948e-02  7.45346535e-05 -5.98751396e-10  7.45346535e-05  0.00000000e+00 
 7.45642949e-05  5.76216601e-02  7.45642949e-05 -8.79457731e-10  7.45642949e-05  0.00000000e+00 
 7.45939362e-05  4.28264504e-02  7.45939362e-05 -1.18007246e-09  7.45939362e-05  0.00000000e+00 
 7.46235775e-05  3.18299068e-02  7.46235775e-05 -1.46774565e-09  7.46235775e-05  0.00000000e+00 
 7.46532189e-05  2.36581293e-02  7.46532189e-05 -1.73077470e-09  7.46532189e-05  0.00000000e+00 
 7.46828602e-05  1.75838220e-02  7.46828602e-05 -1.95729921e-09  7.46828602e-05  0.00000000e+00 
 7.47125016e-05  1.30701431e-02  7.47125016e-05 -2.14822381e-09  7.47125016e-05  0.00000000e+00 
 7.47421429e-05  9.71455466e-03  7.47421429e-05 -2.29774666e-09  7.47421429e-05  0.00000000e+00 
 7.47717842e-05  7.22142397e-03  7.47717842e-05 -2.42153212e-09  7.47717842e-05  0.00000000e+00 
 7.48014256e-05  5.36758389e-03  7.48014256e-05 -2.51126325e-09  7.48014256e-05  0.00000000e+00 
 7.48310669e-05  3.99055843e-03  7.48310669e-05 -2.58741401e-09  7.48310669e-05  0.00000000e+00 
 7.48607082e-05  2.96628675e-03  7.48607082e-05 -2.63838859e-09  7.48607082e-05  0.00000000e+00 
 7.48903496e-05  2.20578671e-03  7.48903496e-05 -2.68391573e-09  7.48903496e-05  0.00000000e+00 
 7.49199909e-05  1.63978508e-03  7.49199909e-05 -2.71146436e-09  7.49199909e-05  0.00000000e+00 
 7.49496323e-05  1.21984574e-03  7.49496323e-05 -2.73873005e-09  7.49496323e-05  0.00000000e+00 
 7.49792736e-05  9.07011207e-04  7.49792736e-05 -2.75277593e-09  7.49792736e-05  0.00000000e+00 
 7.50089149e-05  6.75188248e-04  7.50089149e-05 -2.76943447e-09  7.50089149e-05  0.00000000e+00 
 7.50385563e-05  5.02221290e-04  7.50385563e-05 -2.77593818e-09  7.50385563e-05  0.00000000e+00 
 7.50681976e-05  3.74302216e-04  7.50681976e-05 -2.78647892e-09  7.50681976e-05  0.00000000e+00 
 7.50978389e-05  2.78615465e-04  7.50978389e-05 -2.78888857e-09  7.50978389e-05  0.00000000e+00 
 7.51274803e-05  2.08079431e-04  7.51274803e-05 -2.79586983e-09  7.51274803e-05  0.00000000e+00 
 7.51571216e-05  1.55099267e-04  7.51571216e-05 -2.79614199e-09  7.51571216e-05  0.00000000e+00 
 7.51867630e-05  1.16246797e-04  7.51867630e-05 -2.80099809e-09  7.51867630e-05  0.00000000e+00 
 7.52164043e-05  8.68747065e-05  7.52164043e-05 -2.80023260e-09  7.52164043e-05  0.00000000e+00 
 7.52460456e-05  6.55084316e-05  7.52460456e-05 -2.80375956e-09  7.52460456e-05  0.00000000e+00 
 7.52756870e-05  4.91945249e-05  7.52756870e-05 -2.80257244e-09  7.52756870e-05  0.00000000e+00 
 7.53053283e-05  3.74711140e-05  7.53053283e-05 -2.80520874e-09  7.53053283e-05  0.00000000e+00 
 7.53349696e-05  2.83878364e-05  7.53349696e-05 -2.80394489e-09  7.53349696e-05  0.00000000e+00 
 7.53646110e-05  2.19741187e-05  7.53646110e-05 -2.80593058e-09  7.53646110e-05  0.00000000e+00 
 7.53942523e-05  1.69025433e-05  7.53942523e-05 -2.80478359e-09  7.53942523e-05  0.00000000e+00 
 7.54238937e-05  1.34045060e-05  7.54238937e-05 -2.80624924e-09  7.54238937e-05  0.00000000e+00 
 7.54535350e-05  1.05666817e-05  7.54535350e-05 -2.80532808e-09  7.54535350e-05  0.00000000e+00 
 7.54831763e-05  8.66161970e-06  7.54831763e-05 -2.80634431e-09  7.54831763e-05  0.00000000e+00 
 7.55128177e-05  7.07553737e-06  7.55128177e-05 -2.80571041e-09  7.55128177e-05  0.00000000e+00 
 7.55424590e-05  6.03263755e-06  7.55424590e-05 -2.80631544e-09  7.55424590e-05  0.00000000e+00 
 7.55680595e-05  5.25746498e-06  7.55680595e-05 -2.80601175e-09  7.55680595e-05  0.00000000e+00 
 7.55821317e-05  4.94750689e-06  7.55821317e-05 -2.80608136e-09  7.55821317e-05  0.00000000e+00 
 7.55918386e-05  4.78313963e-06  7.55918386e-05 -2.80650777e-09  7.55918386e-05  0.00000000e+00 
 7.56000700e-05  4.52799768e-06  7.56000700e-05 -2.80550785e-09  7.56000700e-05  0.00000000e+00 
 7.56080469e-05  4.56051597e-06  7.56080469e-05 -2.80716072e-09  7.56080469e-05  0.00000000e+00 
 7.56155687e-05  4.19825056e-06  7.56155687e-05 -2.80488279e-09  7.56155687e-05  0.00000000e+00 
 7.56234660e-05  4.38950027e-06  7.56234660e-05 -2.80777375e-09  7.56234660e-05  0.00000000e+00 
 7.56321455e-05  3.90401113e-06  7.56321455e-05 -2.80437382e-09  7.56321455e-05  0.00000000e+00 
 7.56422342e-05  4.19171515e-06  7.56422342e-05 -2.80819989e-09  7.56422342e-05  0.00000000e+00 
 7.56549929e-05  3.60044341e-06  7.56549929e-05 -2.80406983e-09  7.56549929e-05  0.00000000e+00 
 7.56724374e-05  3.90657468e-06  7.56724374e-05 -2.80842799e-09  7.56724374e-05  0.00000000e+00 
 7.56987864e-05  3.21231129e-06  7.56987864e-05 -2.80394334e-09  7.56987864e-05  0.00000000e+00 
 7.57284277e-05  3.53921644e-06  7.57284277e-05 -2.80854941e-09  7.57284277e-05  0.00000000e+00 
 7.57580690e-05  2.89866327e-06  7.57580690e-05 -2.80388049e-09  7.57580690e-05  0.00000000e+00 
 7.57877104e-05  3.32299150e-06  7.57877104e-05 -2.80864461e-09  7.57877104e-05  0.00000000e+00 
 7.58173517e-05  2.72211575e-06  7.58173517e-05 -2.80381317e-09  7.58173517e-05  0.00000000e+00 
 7.58469930e-05  3.20655455e-06  7.58469930e-05 -2.80872106e-09  7.58469930e-05  0.00000000e+00 
 7.58766344e-05  2.62184701e-06  7.58766344e-05 -2.80375291e-09  7.58766344e-05  0.00000000e+00 
 7.59062757e-05  3.14466400e-06  7.59062757e-05 -2.80878297e-09  7.59062757e-05  0.00000000e+00 
 7.59359171e-05  2.56429906e-06  7.59359171e-05 -2.80370196e-09  7.59359171e-05  0.00000000e+00 
 7.59655584e-05  3.11232013e-06  7.59655584e-05 -2.80883153e-09  7.59655584e-05  0.00000000e+00 
 7.59951997e-05  2.53094381e-06  7.59951997e-05 -2.80366165e-09  7.59951997e-05  0.00000000e+00 
 7.60248411e-05  3.09570427e-06  7.60248411e-05 -2.80886732e-09  7.60248411e-05  0.00000000e+00 
 7.60544824e-05  2.51155326e-06  7.60544824e-05 -2.80363278e-09  7.60544824e-05  0.00000000e+00 
 7.60841238e-05  3.08717707e-06  7.60841238e-05 -2.80889064e-09  7.60841238e-05  0.00000000e+00 
 7.61137651e-05  2.50048176e-06  7.61137651e-05 -2.80361582e-09  7.61137651e-05  0.00000000e+00 
 7.61434064e-05  3.08251551e-06  7.61434064e-05 -2.80890164e-09  7.61434064e-05  0.00000000e+00 
 7.61730478e-05  2.49461226e-06  7.61730478e-05 -2.80361104e-09  7.61730478e-05  0.00000000e+00 
 7.62026891e-05  3.07938653e-06  7.62026891e-05 -2.80890041e-09  7.62026891e-05  0.00000000e+00 
 7.62323304e-05  2.49222173e-06  7.62323304e-05 -2.80361855e-09  7.62323304e-05  0.00000000e+00 
 7.62619718e-05  3.07650388e-06  7.62619718e-05 -2.80888703e-09  7.62619718e-05  0.00000000e+00 
 7.62916131e-05  2.49235446e-06  7.62916131e-05 -2.80363838e-09  7.62916131e-05  0.00000000e+00 
 7.63212545e-05  3.07316229e-06  7.63212545e-05 -2.80886160e-09  7.63212545e-05  0.00000000e+00 
 7.63508958e-05  2.49447584e-06  7.63508958e-05 -2.80367048e-09  7.63508958e-05  0.00000000e+00 
 7.63805371e-05  3.06898017e-06  7.63805371e-05 -2.80882426e-09  7.63805371e-05  0.00000000e+00 
 7.64101785e-05  2.49828113e-06  7.64101785e-05 -2.80371470e-09  7.64101785e-05  0.00000000e+00 
 7.64398198e-05  3.06375735e-06  7.64398198e-05 -2.80877518e-09  7.64398198e-05  0.00000000e+00 
 7.64694611e-05  2.50358987e-06  7.64694611e-05 -2.80377085e-09  7.64694611e-05  0.00000000e+00 
 7.64991025e-05  3.05739657e-06  7.64991025e-05 -2.80871460e-09  7.64991025e-05  0.00000000e+00 
 7.65287438e-05  2.51028760e-06  7.65287438e-05 -2.80383866e-09  7.65287438e-05  0.00000000e+00 
 7.65583852e-05  3.04985990e-06  7.65583852e-05 -2.80864278e-09  7.65583852e-05  0.00000000e+00 
 7.65880265e-05  2.51829377e-06  7.65880265e-05 -2.80391782e-09  7.65880265e-05  0.00000000e+00 
 7.66176678e-05  3.04114473e-06  7.66176678e-05 -2.80856004e-09  7.66176678e-05  0.00000000e+00 
 7.66473092e-05  2.52754402e-06  7.66473092e-05 -2.80400795e-09  7.66473092e-05  0.00000000e+00 
 7.66769505e-05  3.03127034e-06  7.66769505e-05 -2.80846675e-09  7.66769505e-05  0.00000000e+00 
 7.67065918e-05  2.53798059e-06  7.67065918e-05 -2.80410864e-09  7.67065918e-05  0.00000000e+00 
 7.67362332e-05  3.02027041e-06  7.67362332e-05 -2.80836332e-09  7.67362332e-05  0.00000000e+00 
 7.67658745e-05  2.54954701e-06  7.67658745e-05 -2.80421939e-09  7.67658745e-05  0.00000000e+00 
 7.67955159e-05  3.00818881e-06  7.67955159e-05 -2.80825021e-09  7.67955159e-05  0.00000000e+00 
 7.68251572e-05  2.56218536e-06  7.68251572e-05 -2.80433970e-09  7.68251572e-05  0.00000000e+00 
 7.68547985e-05  2.99507709e-06  7.68547985e-05 -2.80812792e-09  7.68547985e-05  0.00000000e+00 
 7.68844399e-05  2.57583487e-06  7.68844399e-05 -2.80446898e-09  7.68844399e-05  0.00000000e+00 
 7.69140812e-05  2.98099307e-06  7.69140812e-05 -2.80799700e-09  7.69140812e-05  0.00000000e+00 
 7.69437225e-05  2.59043126e-06  7.69437225e-05 -2.80460663e-09  7.69437225e-05  0.00000000e+00 
 7.69733639e-05  2.96599984e-06  7.69733639e-05 -2.80785801e-09  7.69733639e-05  0.00000000e+00 
 7.70030052e-05  2.60590652e-06  7.70030052e-05 -2.80475201e-09  7.70030052e-05  0.00000000e+00 
 7.70326466e-05  2.95016510e-06  7.70326466e-05 -2.80771159e-09  7.70326466e-05  0.00000000e+00 
 7.70622879e-05  2.62218898e-06  7.70622879e-05 -2.80490443e-09  7.70622879e-05  0.00000000e+00 
 7.70919292e-05  2.93356069e-06  7.70919292e-05 -2.80755839e-09  7.70919292e-05  0.00000000e+00 
 7.71215706e-05  2.63920344e-06  7.71215706e-05 -2.80506317e-09  7.71215706e-05  0.00000000e+00 
 7.71512119e-05  2.91626209e-06  7.71512119e-05 -2.80739908e-09  7.71512119e-05  0.00000000e+00 
 7.71808532e-05  2.65687148e-06  7.71808532e-05 -2.80522749e-09  7.71808532e-05  0.00000000e+00 
 7.72104946e-05  2.89834808e-06  7.72104946e-05 -2.80723439e-09  7.72104946e-05  0.00000000e+00 
 7.72401359e-05  2.67511175e-06  7.72401359e-05 -2.80539662e-09  7.72401359e-05  0.00000000e+00 
 7.72697773e-05  2.87990029e-06  7.72697773e-05 -2.80706506e-09  7.72697773e-05  0.00000000e+00 
 7.72994186e-05  2.69384034e-06  7.72994186e-05 -2.80556978e-09  7.72994186e-05  0.00000000e+00 
 7.73290599e-05  2.86100285e-06  7.73290599e-05 -2.80689183e-09  7.73290599e-05  0.00000000e+00 
 7.73587013e-05  2.71297113e-06  7.73587013e-05 -2.80574616e-09  7.73587013e-05  0.00000000e+00 
 7.73883426e-05  2.84174200e-06  7.73883426e-05 -2.80671550e-09  7.73883426e-05  0.00000000e+00 
 7.74179839e-05  2.73241623e-06  7.74179839e-05 -2.80592494e-09  7.74179839e-05  0.00000000e+00 
 7.74476253e-05  2.82220568e-06  7.74476253e-05 -2.80653687e-09  7.74476253e-05  0.00000000e+00 
 7.74772666e-05  2.75208632e-06  7.74772666e-05 -2.80610530e-09  7.74772666e-05  0.00000000e+00 
 7.75029833e-05  2.80097190e-06  7.75029833e-05 -2.80634298e-09  7.75029833e-05  0.00000000e+00 
 7.75173153e-05  2.78399220e-06  7.75173153e-05 -2.80639688e-09  7.75173153e-05  0.00000000e+00 
 7.75270209e-05  2.75025966e-06  7.75270209e-05 -2.80588100e-09  7.75270209e-05  0.00000000e+00 
 7.75352745e-05  2.84926900e-06  7.75352745e-05 -2.80698989e-09  7.75352745e-05  0.00000000e+00 
 7.75432739e-05  2.68006961e-06  7.75432739e-05 -2.80524439e-09  7.75432739e-05  0.00000000e+00 
 7.75507853e-05  2.92002274e-06  7.75507853e-05 -2.80762626e-09  7.75507853e-05  0.00000000e+00 
 7.75586775e-05  2.61275680e-06  7.75586775e-05 -2.80463671e-09  7.75586775e-05  0.00000000e+00 
 7.75673347e-05  2.97812701e-06  7.75673347e-05 -2.80814114e-09  7.75673347e-05  0.00000000e+00 
 7.75773805e-05  2.56543326e-06  7.75773805e-05 -2.80421122e-09  7.75773805e-05  0.00000000e+00 
 7.75900680e-05  3.01368447e-06  7.75900680e-05 -2.80844980e-09  7.75900680e-05  0.00000000e+00 
 7.76073760e-05  2.54036804e-06  7.76073760e-05 -2.80398507e-09  7.76073760e-05  0.00000000e+00 
 7.76334595e-05  3.02977146e-06  7.76334595e-05 -2.80858414e-09  7.76334595e-05  0.00000000e+00 
 7.76631008e-05  2.52891245e-06  7.76631008e-05 -2.80388709e-09  7.76631008e-05  0.00000000e+00 
 7.76927421e-05  3.03977607e-06  7.76927421e-05 -2.80867767e-09  7.76927421e-05  0.00000000e+00 
 7.77223835e-05  2.51948410e-06  7.77223835e-05 -2.80380643e-09  7.77223835e-05  0.00000000e+00 
 7.77520248e-05  3.04862723e-06  7.77520248e-05 -2.80875260e-09  7.77520248e-05  0.00000000e+00 
 7.77816661e-05  2.51124605e-06  7.77816661e-05 -2.80373495e-09  7.77816661e-05  0.00000000e+00 
 7.78113075e-05  3.05624356e-06  7.78113075e-05 -2.80881635e-09  7.78113075e-05  0.00000000e+00 
 7.78409488e-05  2.50423834e-06  7.78409488e-05 -2.80367503e-09  7.78409488e-05  0.00000000e+00 
 7.78705902e-05  3.06259725e-06  7.78705902e-05 -2.80886865e-09  7.78705902e-05  0.00000000e+00 
 7.79002315e-05  2.49849838e-06  7.79002315e-05 -2.80362695e-09  7.79002315e-05  0.00000000e+00 
 7.79298728e-05  3.06766324e-06  7.79298728e-05 -2.80890927e-09  7.79298728e-05  0.00000000e+00 
 7.79595142e-05  2.49405553e-06  7.79595142e-05 -2.80359094e-09  7.79595142e-05  0.00000000e+00 
 7.79891555e-05  3.07142068e-06  7.79891555e-05 -2.80893803e-09  7.79891555e-05  0.00000000e+00 
 7.80187968e-05  2.49093191e-06  7.80187968e-05 -2.80356718e-09  7.80187968e-05  0.00000000e+00 
 7.80484382e-05  3.07385372e-06  7.80484382e-05 -2.80895482e-09  7.80484382e-05  0.00000000e+00 
 7.80780795e-05  2.48914288e-06  7.80780795e-05 -2.80355577e-09  7.80780795e-05  0.00000000e+00 
 7.81077209e-05  3.07495205e-06  7.81077209e-05 -2.80895955e-09  7.81077209e-05  0.00000000e+00 
 7.81373622e-05  2.48869728e-06  7.81373622e-05 -2.80355678e-09  7.81373622e-05  0.00000000e+00 
 7.81670035e-05  3.07471114e-06  7.81670035e-05 -2.80895222e-09  7.81670035e-05  0.00000000e+00 
 7.81966449e-05  2.48959752e-06  7.81966449e-05 -2.80357020e-09  7.81966449e-05  0.00000000e+00 
 7.82262862e-05  3.07313239e-06  7.82262862e-05 -2.80893285e-09  7.82262862e-05  0.00000000e+00 
 7.82559275e-05  2.49183969e-06  7.82559275e-05 -2.80359598e-09  7.82559275e-05  0.00000000e+00 
 7.82855689e-05  3.07022319e-06  7.82855689e-05 -2.80890154e-09  7.82855689e-05  0.00000000e+00 
 7.83152102e-05  2.49541363e-06  7.83152102e-05 -2.80363398e-09  7.83152102e-05  0.00000000e+00 
 7.83448516e-05  3.06599691e-06  7.83448516e-05 -2.80885841e-09  7.83448516e-05  0.00000000e+00 
 7.83744929e-05  2.50030297e-06  7.83744929e-05 -2.80368404e-09  7.83744929e-05  0.00000000e+00 
 7.84041342e-05  3.06047291e-06  7.84041342e-05 -2.80880367e-09  7.84041342e-05  0.00000000e+00 
 7.84337756e-05  2.50648528e-06  7.84337756e-05 -2.80374591e-09  7.84337756e-05  0.00000000e+00 
 7.84634169e-05  3.05367639e-06  7.84634169e-05 -2.80873755e-09  7.84634169e-05  0.00000000e+00 
 7.84930582e-05  2.51393212e-06  7.84930582e-05 -2.80381930e-09  7.84930582e-05  0.00000000e+00 
 7.85226996e-05  3.04563835e-06  7.85226996e-05 -2.80866036e-09  7.85226996e-05  0.00000000e+00 
 7.85523409e-05  2.52260921e-06  7.85523409e-05 -2.80390386e-09  7.85523409e-05  0.00000000e+00 
 7.85819823e-05  3.03639542e-06  7.85819823e-05 -2.80857241e-09  7.85819823e-05  0.00000000e+00 
 7.86116236e-05  2.53247660e-06  7.86116236e-05 -2.80399920e-09  7.86116236e-05  0.00000000e+00 
 7.86412649e-05  3.02598968e-06  7.86412649e-05 -2.80847412e-09  7.86412649e-05  0.00000000e+00 
 7.86709063e-05  2.54348884e-06  7.86709063e-05 -2.80410486e-09  7.86709063e-05  0.00000000e+00 
 7.87005476e-05  3.01446853e-06  7.87005476e-05 -2.80836591e-09  7.87005476e-05  0.00000000e+00 
 7.87301889e-05  2.55559521e-06  7.87301889e-05 -2.80422034e-09  7.87301889e-05  0.00000000e+00 
 7.87598303e-05  3.00188443e-06  7.87598303e-05 -2.80824825e-09  7.87598303e-05  0.00000000e+00 
 7.87894716e-05  2.56873994e-06  7.87894716e-05 -2.80434510e-09  7.87894716e-05  0.00000000e+00 
 7.88191130e-05  2.98829468e-06  7.88191130e-05 -2.80812168e-09  7.88191130e-05  0.00000000e+00 
 7.88487543e-05  2.58286248e-06  7.88487543e-05 -2.80447855e-09  7.88487543e-05  0.00000000e+00 
 7.88783956e-05  2.97376116e-06  7.88783956e-05 -2.80798675e-09  7.88783956e-05  0.00000000e+00 
 7.89080370e-05  2.59789778e-06  7.89080370e-05 -2.80462005e-09  7.89080370e-05  0.00000000e+00 
 7.89376783e-05  2.95835007e-06  7.89376783e-05 -2.80784406e-09  7.89376783e-05  0.00000000e+00 
 7.89673197e-05  2.61377662e-06  7.89673197e-05 -2.80476895e-09  7.89673197e-05  0.00000000e+00 
 7.89969610e-05  2.94213161e-06  7.89969610e-05 -2.80769425e-09  7.89969610e-05  0.00000000e+00 
 7.90266023e-05  2.63042588e-06  7.90266023e-05 -2.80492454e-09  7.90266023e-05  0.00000000e+00 
 7.90562437e-05  2.92517969e-06  7.90562437e-05 -2.80753799e-09  7.90562437e-05  0.00000000e+00 
 7.90858850e-05  2.64776896e-06  7.90858850e-05 -2.80508609e-09  7.90858850e-05  0.00000000e+00 
 7.91155263e-05  2.90757157e-06  7.91155263e-05 -2.80737597e-09  7.91155263e-05  0.00000000e+00 
 7.91451677e-05  2.66572604e-06  7.91451677e-05 -2.80525285e-09  7.91451677e-05  0.00000000e+00 
 7.91748090e-05  2.88938755e-06  7.91748090e-05 -2.80720892e-09  7.91748090e-05  0.00000000e+00 
 7.92044504e-05  2.68421454e-06  7.92044504e-05 -2.80542404e-09  7.92044504e-05  0.00000000e+00 
 7.92340917e-05  2.87071055e-06  7.92340917e-05 -2.80703760e-09  7.92340917e-05  0.00000000e+00 
 7.92637330e-05  2.70314947e-06  7.92637330e-05 -2.80559886e-09  7.92637330e-05  0.00000000e+00 
 7.92933744e-05  2.85162581e-06  7.92933744e-05 -2.80686277e-09  7.92933744e-05  0.00000000e+00 
 7.93230157e-05  2.72244380e-06  7.93230157e-05 -2.80577651e-09  7.93230157e-05  0.00000000e+00 
 7.93526570e-05  2.83222045e-06  7.93526570e-05 -2.80668523e-09  7.93526570e-05  0.00000000e+00 
 7.93822984e-05  2.74200891e-06  7.93822984e-05 -2.80595615e-09  7.93822984e-05  0.00000000e+00 
 7.94119397e-05  2.81258310e-06  7.94119397e-05 -2.80650577e-09  7.94119397e-05  0.00000000e+00 
 7.94377549e-05  2.76322112e-06  7.94377549e-05 -2.80615040e-09  7.94377549e-05  0.00000000e+00 
 7.94523081e-05  2.78105227e-06  7.94523081e-05 -2.80621812e-09  7.94523081e-05  0.00000000e+00 
 7.94620064e-05  2.81365375e-06  7.94620064e-05 -2.80661011e-09  7.94620064e-05  0.00000000e+00 
 7.94702761e-05  2.71581509e-06  7.94702761e-05 -2.80562506e-09  7.94702761e-05  0.00000000e+00 
 7.94782913e-05  2.88373631e-06  7.94782913e-05 -2.80724397e-09  7.94782913e-05  0.00000000e+00 
 7.94857910e-05  2.64499975e-06  7.94857910e-05 -2.80498440e-09  7.94857910e-05  0.00000000e+00 
 7.94936761e-05  2.95115653e-06  7.94936761e-05 -2.80784635e-09  7.94936761e-05  0.00000000e+00 
 7.95023117e-05  2.58662655e-06  7.95023117e-05 -2.80445843e-09  7.95023117e-05  0.00000000e+00 
 7.95123185e-05  2.99854586e-06  7.95123185e-05 -2.80826269e-09  7.95123185e-05  0.00000000e+00 
 7.95249435e-05  2.55065272e-06  7.95249435e-05 -2.80413491e-09  7.95249435e-05  0.00000000e+00 
 7.95421348e-05  3.02352235e-06  7.95421348e-05 -2.80847634e-09  7.95421348e-05  0.00000000e+00 
 7.95679963e-05  2.53415288e-06  7.95679963e-05 -2.80398433e-09  7.95679963e-05  0.00000000e+00 
 7.95976377e-05  3.03484844e-06  7.95976377e-05 -2.80857662e-09  7.95976377e-05  0.00000000e+00 
 7.96272790e-05  2.52410286e-06  7.96272790e-05 -2.80390367e-09  7.96272790e-05  0.00000000e+00 
 7.96569204e-05  3.04430312e-06  7.96569204e-05 -2.80865927e-09  7.96569204e-05  0.00000000e+00 
 7.96865617e-05  2.51526261e-06  7.96865617e-05 -2.80382651e-09  7.96865617e-05  0.00000000e+00 
 7.97162030e-05  3.05254491e-06  7.97162030e-05 -2.80872868e-09  7.97162030e-05  0.00000000e+00 
 7.97458444e-05  2.50763015e-06  7.97458444e-05 -2.80376073e-09  7.97458444e-05  0.00000000e+00 
 7.97754857e-05  3.05953790e-06  7.97754857e-05 -2.80878678e-09  7.97754857e-05  0.00000000e+00 
 7.98051270e-05  2.50124758e-06  7.98051270e-05 -2.80370665e-09  7.98051270e-05  0.00000000e+00 
 7.98347684e-05  3.06525542e-06  7.98347684e-05 -2.80883331e-09  7.98347684e-05  0.00000000e+00 
 7.98644097e-05  2.49614817e-06  7.98644097e-05 -2.80366454e-09  7.98644097e-05  0.00000000e+00 
 7.98940511e-05  3.06967438e-06  7.98940511e-05 -2.80886807e-09  7.98940511e-05  0.00000000e+00 
 7.99236924e-05  2.49235761e-06  7.99236924e-05 -2.80363458e-09  7.99236924e-05  0.00000000e+00 
 7.99533337e-05  3.07277633e-06  7.99533337e-05 -2.80889090e-09  7.99533337e-05  0.00000000e+00 
 7.99829751e-05  2.48989465e-06  7.99829751e-05 -2.80361694e-09  7.99829751e-05  0.00000000e+00 
 8.00126164e-05  3.07454813e-06  8.00126164e-05 -2.80890171e-09  8.00126164e-05  0.00000000e+00 
 8.00422578e-05  2.48877139e-06  8.00422578e-05 -2.80361169e-09  8.00422578e-05  0.00000000e+00 
 8.00718991e-05  3.07498233e-06  8.00718991e-05 -2.80890046e-09  8.00718991e-05  0.00000000e+00 
 8.01015404e-05  2.48899346e-06  8.01015404e-05 -2.80361886e-09  8.01015404e-05  0.00000000e+00 
 8.01311818e-05  3.07407730e-06  8.01311818e-05 -2.80888715e-09  8.01311818e-05  0.00000000e+00 
 8.01608231e-05  2.49056014e-06  8.01608231e-05 -2.80363842e-09  8.01608231e-05  0.00000000e+00 
 8.01904644e-05  3.07183743e-06  8.01904644e-05 -2.80886184e-09  8.01904644e-05  0.00000000e+00 
 8.02201058e-05  2.49346440e-06  8.02201058e-05 -2.80367028e-09  8.02201058e-05  0.00000000e+00 
 8.02497471e-05  3.06827308e-06  8.02497471e-05 -2.80882465e-09  8.02497471e-05  0.00000000e+00 
 8.02793885e-05  2.49769300e-06  8.02793885e-05 -2.80371428e-09  8.02793885e-05  0.00000000e+00 
 8.03090298e-05  3.06340059e-06  8.03090298e-05 -2.80877574e-09  8.03090298e-05  0.00000000e+00 
 8.03386711e-05  2.50322656e-06  8.03386711e-05 -2.80377023e-09  8.03386711e-05  0.00000000e+00 
 8.03683125e-05  3.05724223e-06  8.03683125e-05 -2.80871533e-09  8.03683125e-05  0.00000000e+00 
 8.03979538e-05  2.51003963e-06  8.03979538e-05 -2.80383785e-09  8.03979538e-05  0.00000000e+00 
 8.04275951e-05  3.04982608e-06  8.04275951e-05 -2.80864368e-09  8.04275951e-05  0.00000000e+00 
 8.04572365e-05  2.51810088e-06  8.04572365e-05 -2.80391682e-09  8.04572365e-05  0.00000000e+00 
 8.04868778e-05  3.04118596e-06  8.04868778e-05 -2.80856111e-09  8.04868778e-05  0.00000000e+00 
 8.05165192e-05  2.52737318e-06  8.05165192e-05 -2.80400678e-09  8.05165192e-05  0.00000000e+00 
 8.05461605e-05  3.03136123e-06  8.05461605e-05 -2.80846799e-09  8.05461605e-05  0.00000000e+00 
 8.05758018e-05  2.53781385e-06  8.05758018e-05 -2.80410729e-09  8.05758018e-05  0.00000000e+00 
 8.06054432e-05  3.02039662e-06  8.06054432e-05 -2.80836472e-09  8.06054432e-05  0.00000000e+00 
 8.06350845e-05  2.54937479e-06  8.06350845e-05 -2.80421788e-09  8.06350845e-05  0.00000000e+00 
 8.06647258e-05  3.00834207e-06  8.06647258e-05 -2.80825177e-09  8.06647258e-05  0.00000000e+00 
 8.06943672e-05  2.56200273e-06  8.06943672e-05 -2.80433803e-09  8.06943672e-05  0.00000000e+00 
 8.07240085e-05  2.99525246e-06  8.07240085e-05 -2.80812963e-09  8.07240085e-05  0.00000000e+00 
 8.07536499e-05  2.57563952e-06  8.07536499e-05 -2.80446717e-09  8.07536499e-05  0.00000000e+00 
 8.07832912e-05  2.98118740e-06  8.07832912e-05 -2.80799885e-09  8.07832912e-05  0.00000000e+00 
 8.08129325e-05  2.59022234e-06  8.08129325e-05 -2.80460468e-09  8.08129325e-05  0.00000000e+00 
 8.08425739e-05  2.96621094e-06  8.08425739e-05 -2.80786000e-09  8.08425739e-05  0.00000000e+00 
 8.08722152e-05  2.60568404e-06  8.08722152e-05 -2.80474993e-09  8.08722152e-05  0.00000000e+00 
 8.09018565e-05  2.95039130e-06  8.09018565e-05 -2.80771370e-09  8.09018565e-05  0.00000000e+00 
 8.09314979e-05  2.62195342e-06  8.09314979e-05 -2.80490222e-09  8.09314979e-05  0.00000000e+00 
 8.09611392e-05  2.93380057e-06  8.09611392e-05 -2.80756062e-09  8.09611392e-05  0.00000000e+00 
 8.09907806e-05  2.63895560e-06  8.09907806e-05 -2.80506085e-09  8.09907806e-05  0.00000000e+00 
 8.10204219e-05  2.91651434e-06  8.10204219e-05 -2.80740142e-09  8.10204219e-05  0.00000000e+00 
 8.10500632e-05  2.65661233e-06  8.10500632e-05 -2.80522508e-09  8.10500632e-05  0.00000000e+00 
 8.10797046e-05  2.89861142e-06  8.10797046e-05 -2.80723682e-09  8.10797046e-05  0.00000000e+00 
 8.11093459e-05  2.67484240e-06  8.11093459e-05 -2.80539412e-09  8.11093459e-05  0.00000000e+00 
 8.11389872e-05  2.88017345e-06  8.11389872e-05 -2.80706757e-09  8.11389872e-05  0.00000000e+00 
 8.11686286e-05  2.69356197e-06  8.11686286e-05 -2.80556720e-09  8.11686286e-05  0.00000000e+00 
 8.11982699e-05  2.86128455e-06  8.11982699e-05 -2.80689442e-09  8.11982699e-05  0.00000000e+00 
 8.12279113e-05  2.71268501e-06  8.12279113e-05 -2.80574352e-09  8.12279113e-05  0.00000000e+00 
 8.12575526e-05  2.84203094e-06  8.12575526e-05 -2.80671816e-09  8.12575526e-05  0.00000000e+00 
 8.12871939e-05  2.73212364e-06  8.12871939e-05 -2.80592225e-09  8.12871939e-05  0.00000000e+00 
 8.13168353e-05  2.82250053e-06  8.13168353e-05 -2.80653958e-09  8.13168353e-05  0.00000000e+00 
 8.13464766e-05  2.75178860e-06  8.13464766e-05 -2.80610256e-09  8.13464766e-05  0.00000000e+00 
 8.13723262e-05  2.80133026e-06  8.13723262e-05 -2.80634626e-09  8.13723262e-05  0.00000000e+00 
 8.13869570e-05  2.78321178e-06  8.13869570e-05 -2.80638975e-09  8.13869570e-05  0.00000000e+00 
 8.13966514e-05  2.75100445e-06  8.13966514e-05 -2.80588778e-09  8.13966514e-05  0.00000000e+00 
 8.14049261e-05  2.84844719e-06  8.14049261e-05 -2.80698245e-09  8.14049261e-05  0.00000000e+00 
 8.14129462e-05  2.68095477e-06  8.14129462e-05 -2.80525241e-09  8.14129462e-05  0.00000000e+00 
 8.14204410e-05  2.91926089e-06  8.14204410e-05 -2.80761945e-09  8.14204410e-05  0.00000000e+00 
 8.14283231e-05  2.61342862e-06  8.14283231e-05 -2.80464277e-09  8.14283231e-05  0.00000000e+00 
 8.14369506e-05  2.97759804e-06  8.14369506e-05 -2.80813649e-09  8.14369506e-05  0.00000000e+00 
 8.14469432e-05  2.56581404e-06  8.14469432e-05 -2.80421467e-09  8.14469432e-05  0.00000000e+00 
 8.14595458e-05  3.01343193e-06  8.14595458e-05 -2.80844763e-09  8.14595458e-05  0.00000000e+00 
 8.14766962e-05  2.54051914e-06  8.14766962e-05 -2.80398648e-09  8.14766962e-05  0.00000000e+00 
 8.15024808e-05  3.02969912e-06  8.15024808e-05 -2.80858358e-09  8.15024808e-05  0.00000000e+00 
 8.15321221e-05  2.52898433e-06  8.15321221e-05 -2.80388754e-09  8.15321221e-05  0.00000000e+00 
 8.15617635e-05  3.03970554e-06  8.15617635e-05 -2.80867706e-09  8.15617635e-05  0.00000000e+00 
 8.15914048e-05  2.51955194e-06  8.15914048e-05 -2.80380704e-09  8.15914048e-05  0.00000000e+00 
 8.16210461e-05  3.04856087e-06  8.16210461e-05 -2.80875202e-09  8.16210461e-05  0.00000000e+00 
 8.16506875e-05  2.51131008e-06  8.16506875e-05 -2.80373553e-09  8.16506875e-05  0.00000000e+00 
 8.16803288e-05  3.05618154e-06  8.16803288e-05 -2.80881581e-09  8.16803288e-05  0.00000000e+00 
 8.17099702e-05  2.50429815e-06  8.17099702e-05 -2.80367557e-09  8.17099702e-05  0.00000000e+00 
 8.17396115e-05  3.06253978e-06  8.17396115e-05 -2.80886815e-09  8.17396115e-05  0.00000000e+00 
 8.17692528e-05  2.49855366e-06  8.17692528e-05 -2.80362745e-09  8.17692528e-05  0.00000000e+00 
 8.17988942e-05  3.06761055e-06  8.17988942e-05 -2.80890881e-09  8.17988942e-05  0.00000000e+00 
 8.18285355e-05  2.49410598e-06  8.18285355e-05 -2.80359139e-09  8.18285355e-05  0.00000000e+00 
 8.18581768e-05  3.07137298e-06  8.18581768e-05 -2.80893762e-09  8.18581768e-05  0.00000000e+00 
 8.18878182e-05  2.49097728e-06  8.18878182e-05 -2.80356758e-09  8.18878182e-05  0.00000000e+00 
 8.19174595e-05  3.07381122e-06  8.19174595e-05 -2.80895446e-09  8.19174595e-05  0.00000000e+00 
 8.19471009e-05  2.48918297e-06  8.19471009e-05 -2.80355612e-09  8.19471009e-05  0.00000000e+00 
 8.19767422e-05  3.07491494e-06  8.19767422e-05 -2.80895924e-09  8.19767422e-05  0.00000000e+00 
 8.20063835e-05  2.48873188e-06  8.20063835e-05 -2.80355708e-09  8.20063835e-05  0.00000000e+00 
 8.20360249e-05  3.07467958e-06  8.20360249e-05 -2.80895196e-09  8.20360249e-05  0.00000000e+00 
 8.20656662e-05  2.48962648e-06  8.20656662e-05 -2.80357045e-09  8.20656662e-05  0.00000000e+00 
 8.20953075e-05  3.07310652e-06  8.20953075e-05 -2.80893264e-09  8.20953075e-05  0.00000000e+00 
 8.21249489e-05  2.49186287e-06  8.21249489e-05 -2.80359617e-09  8.21249489e-05  0.00000000e+00 
 8.21545902e-05  3.07020312e-06  8.21545902e-05 -2.80890138e-09  8.21545902e-05  0.00000000e+00 
 8.21842316e-05  2.49543092e-06  8.21842316e-05 -2.80363412e-09  8.21842316e-05  0.00000000e+00 
 8.22138729e-05  3.06598275e-06  8.22138729e-05 -2.80885831e-09  8.22138729e-05  0.00000000e+00 
 8.22435142e-05  2.50031430e-06  8.22435142e-05 -2.80368412e-09  8.22435142e-05  0.00000000e+00 
 8.22731556e-05  3.06046471e-06  8.22731556e-05 -2.80880362e-09  8.22731556e-05  0.00000000e+00 
 8.23027969e-05  2.50649059e-06  8.23027969e-05 -2.80374593e-09  8.23027969e-05  0.00000000e+00 
 8.23324383e-05  3.05367419e-06  8.23324383e-05 -2.80873756e-09  8.23324383e-05  0.00000000e+00 
 8.23620796e-05  2.51393138e-06  8.23620796e-05 -2.80381927e-09  8.23620796e-05  0.00000000e+00 
 8.23917209e-05  3.04564216e-06  8.23917209e-05 -2.80866041e-09  8.23917209e-05  0.00000000e+00 
 8.24213623e-05  2.52260243e-06  8.24213623e-05 -2.80390378e-09  8.24213623e-05  0.00000000e+00 
 8.24510036e-05  3.03640522e-06  8.24510036e-05 -2.80857253e-09  8.24510036e-05  0.00000000e+00 
 8.24806449e-05  2.53246382e-06  8.24806449e-05 -2.80399906e-09  8.24806449e-05  0.00000000e+00 
 8.25102863e-05  3.02600543e-06  8.25102863e-05 -2.80847428e-09  8.25102863e-05  0.00000000e+00 
 8.25399276e-05  2.54347012e-06  8.25399276e-05 -2.80410467e-09  8.25399276e-05  0.00000000e+00 
 8.25695690e-05  3.01449016e-06  8.25695690e-05 -2.80836612e-09  8.25695690e-05  0.00000000e+00 
 8.25992103e-05  2.55557063e-06  8.25992103e-05 -2.80422010e-09  8.25992103e-05  0.00000000e+00 
 8.26288516e-05  3.00191184e-06  8.26288516e-05 -2.80824852e-09  8.26288516e-05  0.00000000e+00 
 8.26584930e-05  2.56870961e-06  8.26584930e-05 -2.80434480e-09  8.26584930e-05  0.00000000e+00 
 8.26881343e-05  2.98832774e-06  8.26881343e-05 -2.80812200e-09  8.26881343e-05  0.00000000e+00 
 8.27177756e-05  2.58282654e-06  8.27177756e-05 -2.80447820e-09  8.27177756e-05  0.00000000e+00 
 8.27474170e-05  2.97379973e-06  8.27474170e-05 -2.80798712e-09  8.27474170e-05  0.00000000e+00 
 8.27770583e-05  2.59785640e-06  8.27770583e-05 -2.80461965e-09  8.27770583e-05  0.00000000e+00 
 8.28066997e-05  2.95839397e-06  8.28066997e-05 -2.80784448e-09  8.28066997e-05  0.00000000e+00 
 8.28363410e-05  2.61372999e-06  8.28363410e-05 -2.80476850e-09  8.28363410e-05  0.00000000e+00 
 8.28659823e-05  2.94218065e-06  8.28659823e-05 -2.80769471e-09  8.28659823e-05  0.00000000e+00 
 8.28956237e-05  2.63037422e-06  8.28956237e-05 -2.80492404e-09  8.28956237e-05  0.00000000e+00 
 8.29252650e-05  2.92523364e-06  8.29252650e-05 -2.80753849e-09  8.29252650e-05  0.00000000e+00 
 8.29549063e-05  2.64771250e-06  8.29549063e-05 -2.80508555e-09  8.29549063e-05  0.00000000e+00 
 8.29845477e-05  2.90763019e-06  8.29845477e-05 -2.80737652e-09  8.29845477e-05  0.00000000e+00 
 8.30141890e-05  2.66566505e-06  8.30141890e-05 -2.80525227e-09  8.30141890e-05  0.00000000e+00 
 8.30438304e-05  2.88945056e-06  8.30438304e-05 -2.80720951e-09  8.30438304e-05  0.00000000e+00 
 8.30734717e-05  2.68414930e-06  8.30734717e-05 -2.80542343e-09  8.30734717e-05  0.00000000e+00 
 8.31031130e-05  2.87077767e-06  8.31031130e-05 -2.80703822e-09  8.31031130e-05  0.00000000e+00 
 8.31327544e-05  2.70308027e-06  8.31327544e-05 -2.80559821e-09  8.31327544e-05  0.00000000e+00 
 8.31623957e-05  2.85169673e-06  8.31623957e-05 -2.80686343e-09  8.31623957e-05  0.00000000e+00 
 8.31920370e-05  2.72237097e-06  8.31920370e-05 -2.80577583e-09  8.31920370e-05  0.00000000e+00 
 8.32216784e-05  2.83229486e-06  8.32216784e-05 -2.80668592e-09  8.32216784e-05  0.00000000e+00 
 8.32513197e-05  2.74193278e-06  8.32513197e-05 -2.80595544e-09  8.32513197e-05  0.00000000e+00 
 8.32809611e-05  2.81266065e-06  8.32809611e-05 -2.80650649e-09  8.32809611e-05  0.00000000e+00 
 8.33068120e-05  2.76312611e-06  8.33068120e-05 -2.80614952e-09  8.33068120e-05  0.00000000e+00 
 8.33214459e-05  2.78126116e-06  8.33214459e-05 -2.80622003e-09  8.33214459e-05  0.00000000e+00 
 8.33311402e-05  2.81345503e-06  8.33311402e-05 -2.80660829e-09  8.33311402e-05  0.00000000e+00 
 8.33394150e-05  2.71603570e-06  8.33394150e-05 -2.80562707e-09  8.33394150e-05  0.00000000e+00 
 8.33474354e-05  2.88349756e-06  8.33474354e-05 -2.80724181e-09  8.33474354e-05  0.00000000e+00 
 8.33549300e-05  2.64520666e-06  8.33549300e-05 -2.80498628e-09  8.33549300e-05  0.00000000e+00 
 8.33628120e-05  2.95097239e-06  8.33628120e-05 -2.80784470e-09  8.33628120e-05  0.00000000e+00 
 8.33714390e-05  2.58677483e-06  8.33714390e-05 -2.80445978e-09  8.33714390e-05  0.00000000e+00 
 8.33814311e-05  2.99843664e-06  8.33814311e-05 -2.80826173e-09  8.33814311e-05  0.00000000e+00 
 8.33940328e-05  2.55073067e-06  8.33940328e-05 -2.80413563e-09  8.33940328e-05  0.00000000e+00 
 8.34111816e-05  3.02347190e-06  8.34111816e-05 -2.80847590e-09  8.34111816e-05  0.00000000e+00 
 8.34369631e-05  2.53418479e-06  8.34369631e-05 -2.80398465e-09  8.34369631e-05  0.00000000e+00 
 8.34666044e-05  3.03481637e-06  8.34666044e-05 -2.80857627e-09  8.34666044e-05  0.00000000e+00 
 8.34962458e-05  2.52413534e-06  8.34962458e-05 -2.80390397e-09  8.34962458e-05  0.00000000e+00 
 8.35258871e-05  3.04427001e-06  8.35258871e-05 -2.80865896e-09  8.35258871e-05  0.00000000e+00 
 8.35555284e-05  2.51529606e-06  8.35555284e-05 -2.80382682e-09  8.35555284e-05  0.00000000e+00 
 8.35851698e-05  3.05251105e-06  8.35851698e-05 -2.80872837e-09  8.35851698e-05  0.00000000e+00 
 8.36148111e-05  2.50766439e-06  8.36148111e-05 -2.80376105e-09  8.36148111e-05  0.00000000e+00 
 8.36444525e-05  3.05950342e-06  8.36444525e-05 -2.80878647e-09  8.36444525e-05  0.00000000e+00 
 8.36740938e-05  2.50128242e-06  8.36740938e-05 -2.80370698e-09  8.36740938e-05  0.00000000e+00 
 8.37037351e-05  3.06522047e-06  8.37037351e-05 -2.80883299e-09  8.37037351e-05  0.00000000e+00 
 8.37333765e-05  2.49618345e-06  8.37333765e-05 -2.80366486e-09  8.37333765e-05  0.00000000e+00 
 8.37630178e-05  3.06963910e-06  8.37630178e-05 -2.80886775e-09  8.37630178e-05  0.00000000e+00 
 8.37926591e-05  2.49239316e-06  8.37926591e-05 -2.80363491e-09  8.37926591e-05  0.00000000e+00 
 8.38223005e-05  3.07274089e-06  8.38223005e-05 -2.80889058e-09  8.38223005e-05  0.00000000e+00 
 8.38519418e-05  2.48993030e-06  8.38519418e-05 -2.80361727e-09  8.38519418e-05  0.00000000e+00 
 8.38815832e-05  3.07451268e-06  8.38815832e-05 -2.80890139e-09  8.38815832e-05  0.00000000e+00 
 8.39112245e-05  2.48880697e-06  8.39112245e-05 -2.80361202e-09  8.39112245e-05  0.00000000e+00 
 8.39408658e-05  3.07494703e-06  8.39408658e-05 -2.80890014e-09  8.39408658e-05  0.00000000e+00 
 8.39705072e-05  2.48902882e-06  8.39705072e-05 -2.80361918e-09  8.39705072e-05  0.00000000e+00 
 8.40001485e-05  3.07404232e-06  8.40001485e-05 -2.80888684e-09  8.40001485e-05  0.00000000e+00 
 8.40297898e-05  2.49059510e-06  8.40297898e-05 -2.80363874e-09  8.40297898e-05  0.00000000e+00 
 8.40594312e-05  3.07180292e-06  8.40594312e-05 -2.80886153e-09  8.40594312e-05  0.00000000e+00 
 8.40890725e-05  2.49349882e-06  8.40890725e-05 -2.80367059e-09  8.40890725e-05  0.00000000e+00 
 8.41187139e-05  3.06823920e-06  8.41187139e-05 -2.80882435e-09  8.41187139e-05  0.00000000e+00 
 8.41483552e-05  2.49772671e-06  8.41483552e-05 -2.80371459e-09  8.41483552e-05  0.00000000e+00 
 8.41779965e-05  3.06336749e-06  8.41779965e-05 -2.80877544e-09  8.41779965e-05  0.00000000e+00 
 8.42076379e-05  2.50325940e-06  8.42076379e-05 -2.80377053e-09  8.42076379e-05  0.00000000e+00 
 8.42372792e-05  3.05721006e-06  8.42372792e-05 -2.80871504e-09  8.42372792e-05  0.00000000e+00 
 8.42669205e-05  2.51007145e-06  8.42669205e-05 -2.80383814e-09  8.42669205e-05  0.00000000e+00 
 8.42965619e-05  3.04979501e-06  8.42965619e-05 -2.80864340e-09  8.42965619e-05  0.00000000e+00 
 8.43262032e-05  2.51813154e-06  8.43262032e-05 -2.80391710e-09  8.43262032e-05  0.00000000e+00 
 8.43558446e-05  3.04115611e-06  8.43558446e-05 -2.80856084e-09  8.43558446e-05  0.00000000e+00 
 8.43854859e-05  2.52740254e-06  8.43854859e-05 -2.80400705e-09  8.43854859e-05  0.00000000e+00 
 8.44151272e-05  3.03133274e-06  8.44151272e-05 -2.80846773e-09  8.44151272e-05  0.00000000e+00 
 8.44447686e-05  2.53784177e-06  8.44447686e-05 -2.80410754e-09  8.44447686e-05  0.00000000e+00 
 8.44744099e-05  3.02036962e-06  8.44744099e-05 -2.80836448e-09  8.44744099e-05  0.00000000e+00 
 8.45040513e-05  2.54940114e-06  8.45040513e-05 -2.80421812e-09  8.45040513e-05  0.00000000e+00 
 8.45336926e-05  3.00831668e-06  8.45336926e-05 -2.80825154e-09  8.45336926e-05  0.00000000e+00 
 8.45633339e-05  2.56202740e-06  8.45633339e-05 -2.80433825e-09  8.45633339e-05  0.00000000e+00 
 8.45929753e-05  2.99522880e-06  8.45929753e-05 -2.80812942e-09  8.45929753e-05  0.00000000e+00 
 8.46226166e-05  2.57566239e-06  8.46226166e-05 -2.80446737e-09  8.46226166e-05  0.00000000e+00 
 8.46522579e-05  2.98116558e-06  8.46522579e-05 -2.80799866e-09  8.46522579e-05  0.00000000e+00 
 8.46818993e-05  2.59024331e-06  8.46818993e-05 -2.80460487e-09  8.46818993e-05  0.00000000e+00 
 8.47115406e-05  2.96619106e-06  8.47115406e-05 -2.80785983e-09  8.47115406e-05  0.00000000e+00 
 8.47411820e-05  2.60570300e-06  8.47411820e-05 -2.80475009e-09  8.47411820e-05  0.00000000e+00 
 8.47708233e-05  2.95037346e-06  8.47708233e-05 -2.80771355e-09  8.47708233e-05  0.00000000e+00 
 8.48004646e-05  2.62197030e-06  8.48004646e-05 -2.80490237e-09  8.48004646e-05  0.00000000e+00 
 8.48301060e-05  2.93378484e-06  8.48301060e-05 -2.80756048e-09  8.48301060e-05  0.00000000e+00 
 8.48597473e-05  2.63897031e-06  8.48597473e-05 -2.80506098e-09  8.48597473e-05  0.00000000e+00 
 8.48893886e-05  2.91650079e-06  8.48893886e-05 -2.80740131e-09  8.48893886e-05  0.00000000e+00 
 8.49190300e-05  2.65662481e-06  8.49190300e-05 -2.80522518e-09  8.49190300e-05  0.00000000e+00 
 8.49486713e-05  2.89860012e-06  8.49486713e-05 -2.80723673e-09  8.49486713e-05  0.00000000e+00 
 8.49783127e-05  2.67485260e-06  8.49783127e-05 -2.80539421e-09  8.49783127e-05  0.00000000e+00 
 8.50079540e-05  2.88016445e-06  8.50079540e-05 -2.80706750e-09  8.50079540e-05  0.00000000e+00 
 8.50375953e-05  2.69356984e-06  8.50375953e-05 -2.80556727e-09  8.50375953e-05  0.00000000e+00 
 8.50672367e-05  2.86127790e-06  8.50672367e-05 -2.80689437e-09  8.50672367e-05  0.00000000e+00 
 8.50968780e-05  2.71269050e-06  8.50968780e-05 -2.80574356e-09  8.50968780e-05  0.00000000e+00 
 8.51265193e-05  2.84202666e-06  8.51265193e-05 -2.80671813e-09  8.51265193e-05  0.00000000e+00 
 8.51561607e-05  2.73212674e-06  8.51561607e-05 -2.80592227e-09  8.51561607e-05  0.00000000e+00 
 8.51858020e-05  2.82249864e-06  8.51858020e-05 -2.80653957e-09  8.51858020e-05  0.00000000e+00 
 8.52154434e-05  2.75178930e-06  8.52154434e-05 -2.80610256e-09  8.52154434e-05  0.00000000e+00 
 8.52412943e-05  2.80133153e-06  8.52412943e-05 -2.80634628e-09  8.52412943e-05  0.00000000e+00 
 8.52559280e-05  2.78320402e-06  8.52559280e-05 -2.80638967e-09  8.52559280e-05  0.00000000e+00 
 8.52656223e-05  2.75101533e-06  8.52656223e-05 -2.80588789e-09  8.52656223e-05  0.00000000e+00 
 8.52738971e-05  2.84843146e-06  8.52738971e-05 -2.80698229e-09  8.52738971e-05  0.00000000e+00 
 8.52819175e-05  2.68097523e-06  8.52819175e-05 -2.80525260e-09  8.52819175e-05  0.00000000e+00 
 8.52894121e-05  2.91923748e-06  8.52894121e-05 -2.80761923e-09  8.52894121e-05  0.00000000e+00 
 8.52972941e-05  2.61345491e-06  8.52972941e-05 -2.80464301e-09  8.52972941e-05  0.00000000e+00 
 8.53059212e-05  2.97757003e-06  8.53059212e-05 -2.80813623e-09  8.53059212e-05  0.00000000e+00 
 8.53159132e-05  2.56584315e-06  8.53159132e-05 -2.80421494e-09  8.53159132e-05  0.00000000e+00 
 8.53285150e-05  3.01340234e-06  8.53285150e-05 -2.80844736e-09  8.53285150e-05  0.00000000e+00 
 8.53456638e-05  2.54054907e-06  8.53456638e-05 -2.80398677e-09  8.53456638e-05  0.00000000e+00 
 8.53714455e-05  3.02966932e-06  8.53714455e-05 -2.80858330e-09  8.53714455e-05  0.00000000e+00 
 8.54010868e-05  2.52901492e-06  8.54010868e-05 -2.80388783e-09  8.54010868e-05  0.00000000e+00 
 8.54307282e-05  3.03967451e-06  8.54307282e-05 -2.80867677e-09  8.54307282e-05  0.00000000e+00 
 8.54603695e-05  2.51958367e-06  8.54603695e-05 -2.80380734e-09  8.54603695e-05  0.00000000e+00 
 8.54900108e-05  3.04852877e-06  8.54900108e-05 -2.80875172e-09  8.54900108e-05  0.00000000e+00 
 8.55196522e-05  2.51134281e-06  8.55196522e-05 -2.80373584e-09  8.55196522e-05  0.00000000e+00 
 8.55492935e-05  3.05614851e-06  8.55492935e-05 -2.80881551e-09  8.55492935e-05  0.00000000e+00 
 8.55789349e-05  2.50433175e-06  8.55789349e-05 -2.80367588e-09  8.55789349e-05  0.00000000e+00 
 8.56085762e-05  3.06250598e-06  8.56085762e-05 -2.80886784e-09  8.56085762e-05  0.00000000e+00 
 8.56382175e-05  2.49858796e-06  8.56382175e-05 -2.80362777e-09  8.56382175e-05  0.00000000e+00 
 8.56678589e-05  3.06757613e-06  8.56678589e-05 -2.80890850e-09  8.56678589e-05  0.00000000e+00 
 8.56975002e-05  2.49414083e-06  8.56975002e-05 -2.80359171e-09  8.56975002e-05  0.00000000e+00 
 8.57271415e-05  3.07133810e-06  8.57271415e-05 -2.80893731e-09  8.57271415e-05  0.00000000e+00 
 8.57567829e-05  2.49101252e-06  8.57567829e-05 -2.80356790e-09  8.57567829e-05  0.00000000e+00 
 8.57864242e-05  3.07377604e-06  8.57864242e-05 -2.80895414e-09  8.57864242e-05  0.00000000e+00 
 8.58160656e-05  2.48921843e-06  8.58160656e-05 -2.80355645e-09  8.58160656e-05  0.00000000e+00 
 8.58457069e-05  3.07487961e-06  8.58457069e-05 -2.80895892e-09  8.58457069e-05  0.00000000e+00 
 8.58753482e-05  2.48876741e-06  8.58753482e-05 -2.80355741e-09  8.58753482e-05  0.00000000e+00 
 8.59049896e-05  3.07464428e-06  8.59049896e-05 -2.80895164e-09  8.59049896e-05  0.00000000e+00 
 8.59346309e-05  2.48966190e-06  8.59346309e-05 -2.80357078e-09  8.59346309e-05  0.00000000e+00 
 8.59642722e-05  3.07307140e-06  8.59642722e-05 -2.80893233e-09  8.59642722e-05  0.00000000e+00 
 8.59939136e-05  2.49189804e-06  8.59939136e-05 -2.80359649e-09  8.59939136e-05  0.00000000e+00 
 8.60235549e-05  3.07016835e-06  8.60235549e-05 -2.80890107e-09  8.60235549e-05  0.00000000e+00 
 8.60531963e-05  2.49546566e-06  8.60531963e-05 -2.80363444e-09  8.60531963e-05  0.00000000e+00 
 8.60828376e-05  3.06594847e-06  8.60828376e-05 -2.80885800e-09  8.60828376e-05  0.00000000e+00 
 8.61124789e-05  2.50034846e-06  8.61124789e-05 -2.80368443e-09  8.61124789e-05  0.00000000e+00 
 8.61421203e-05  3.06043109e-06  8.61421203e-05 -2.80880332e-09  8.61421203e-05  0.00000000e+00 
 8.61717616e-05  2.50652401e-06  8.61717616e-05 -2.80374624e-09  8.61717616e-05  0.00000000e+00 
 8.62014029e-05  3.05364139e-06  8.62014029e-05 -2.80873727e-09  8.62014029e-05  0.00000000e+00 
 8.62310443e-05  2.51396391e-06  8.62310443e-05 -2.80381956e-09  8.62310443e-05  0.00000000e+00 
 8.62606856e-05  3.04561032e-06  8.62606856e-05 -2.80866013e-09  8.62606856e-05  0.00000000e+00 
 8.62903270e-05  2.52263392e-06  8.62903270e-05 -2.80390406e-09  8.62903270e-05  0.00000000e+00 
 8.63199683e-05  3.03637448e-06  8.63199683e-05 -2.80857225e-09  8.63199683e-05  0.00000000e+00 
 8.63496096e-05  2.53249412e-06  8.63496096e-05 -2.80399934e-09  8.63496096e-05  0.00000000e+00 
 8.63792510e-05  3.02597594e-06  8.63792510e-05 -2.80847402e-09  8.63792510e-05  0.00000000e+00 
 8.64088923e-05  2.54349909e-06  8.64088923e-05 -2.80410493e-09  8.64088923e-05  0.00000000e+00 
 8.64385336e-05  3.01446206e-06  8.64385336e-05 -2.80836587e-09  8.64385336e-05  0.00000000e+00 
 8.64681750e-05  2.55559814e-06  8.64681750e-05 -2.80422034e-09  8.64681750e-05  0.00000000e+00 
 8.64978163e-05  3.00188524e-06  8.64978163e-05 -2.80824829e-09  8.64978163e-05  0.00000000e+00 
 8.65274577e-05  2.56873553e-06  8.65274577e-05 -2.80434503e-09  8.65274577e-05  0.00000000e+00 
 8.65570990e-05  2.98830278e-06  8.65570990e-05 -2.80812178e-09  8.65570990e-05  0.00000000e+00 
 8.65867403e-05  2.58285076e-06  8.65867403e-05 -2.80447841e-09  8.65867403e-05  0.00000000e+00 
 8.66163817e-05  2.97377652e-06  8.66163817e-05 -2.80798692e-09  8.66163817e-05  0.00000000e+00 
 8.66460230e-05  2.59787881e-06  8.66460230e-05 -2.80461985e-09  8.66460230e-05  0.00000000e+00 
 8.66756644e-05  2.95837261e-06  8.66756644e-05 -2.80784429e-09  8.66756644e-05  0.00000000e+00 
 8.67053057e-05  2.61375048e-06  8.67053057e-05 -2.80476868e-09  8.67053057e-05  0.00000000e+00 
 8.67349470e-05  2.94216124e-06  8.67349470e-05 -2.80769455e-09  8.67349470e-05  0.00000000e+00 
 8.67645884e-05  2.63039270e-06  8.67645884e-05 -2.80492420e-09  8.67645884e-05  0.00000000e+00 
 8.67942297e-05  2.92521627e-06  8.67942297e-05 -2.80753834e-09  8.67942297e-05  0.00000000e+00 
 8.68238710e-05  2.64772889e-06  8.68238710e-05 -2.80508569e-09  8.68238710e-05  0.00000000e+00 
 8.68535124e-05  2.90761494e-06  8.68535124e-05 -2.80737639e-09  8.68535124e-05  0.00000000e+00 
 8.68831537e-05  2.66567927e-06  8.68831537e-05 -2.80525239e-09  8.68831537e-05  0.00000000e+00 
 8.69127951e-05  2.88943750e-06  8.69127951e-05 -2.80720940e-09  8.69127951e-05  0.00000000e+00 
 8.69424364e-05  2.68416128e-06  8.69424364e-05 -2.80542353e-09  8.69424364e-05  0.00000000e+00 
 8.69720777e-05  2.87076686e-06  8.69720777e-05 -2.80703813e-09  8.69720777e-05  0.00000000e+00 
 8.70017191e-05  2.70308997e-06  8.70017191e-05 -2.80559829e-09  8.70017191e-05  0.00000000e+00 
 8.70313604e-05  2.85168823e-06  8.70313604e-05 -2.80686336e-09  8.70313604e-05  0.00000000e+00 
 8.70610017e-05  2.72237833e-06  8.70610017e-05 -2.80577589e-09  8.70610017e-05  0.00000000e+00 
 8.70906431e-05  2.83228869e-06  8.70906431e-05 -2.80668587e-09  8.70906431e-05  0.00000000e+00 
 8.71202844e-05  2.74193778e-06  8.71202844e-05 -2.80595548e-09  8.71202844e-05  0.00000000e+00 
 8.71499258e-05  2.81265686e-06  8.71499258e-05 -2.80650647e-09  8.71499258e-05  0.00000000e+00 
 8.71757767e-05  2.76312857e-06  8.71757767e-05 -2.80614953e-09  8.71757767e-05  0.00000000e+00 
 8.71904104e-05  2.78126098e-06  8.71904104e-05 -2.80622004e-09  8.71904104e-05  0.00000000e+00 
 8.72001047e-05  2.81345155e-06  8.72001047e-05 -2.80660825e-09  8.72001047e-05  0.00000000e+00 
 8.72083795e-05  2.71604339e-06  8.72083795e-05 -2.80562715e-09  8.72083795e-05  0.00000000e+00 
 8.72163999e-05  2.88348565e-06  8.72163999e-05 -2.80724169e-09  8.72163999e-05  0.00000000e+00 
 8.72238945e-05  2.64522295e-06  8.72238945e-05 -2.80498644e-09  8.72238945e-05  0.00000000e+00 
 8.72317765e-05  2.95095223e-06  8.72317765e-05 -2.80784451e-09  8.72317765e-05  0.00000000e+00 
 8.72404036e-05  2.58679829e-06  8.72404036e-05 -2.80446000e-09  8.72404036e-05  0.00000000e+00 
 8.72503956e-05  2.99841064e-06  8.72503956e-05 -2.80826149e-09  8.72503956e-05  0.00000000e+00 
 8.72629974e-05  2.55075861e-06  8.72629974e-05 -2.80413589e-09  8.72629974e-05  0.00000000e+00 
 8.72801462e-05  3.02344280e-06  8.72801462e-05 -2.80847563e-09  8.72801462e-05  0.00000000e+00 
 8.73059279e-05  2.53421482e-06  8.73059279e-05 -2.80398493e-09  8.73059279e-05  0.00000000e+00 
 8.73355692e-05  3.03478588e-06  8.73355692e-05 -2.80857599e-09  8.73355692e-05  0.00000000e+00 
 8.73652105e-05  2.52416659e-06  8.73652105e-05 -2.80390427e-09  8.73652105e-05  0.00000000e+00 
 8.73948519e-05  3.04423837e-06  8.73948519e-05 -2.80865868e-09  8.73948519e-05  0.00000000e+00 
 8.74244932e-05  2.51532837e-06  8.74244932e-05 -2.80382712e-09  8.74244932e-05  0.00000000e+00 
 8.74541346e-05  3.05247842e-06  8.74541346e-05 -2.80872808e-09  8.74541346e-05  0.00000000e+00 
 8.74837759e-05  2.50769763e-06  8.74837759e-05 -2.80376136e-09  8.74837759e-05  0.00000000e+00 
 8.75134172e-05  3.05946995e-06  8.75134172e-05 -2.80878616e-09  8.75134172e-05  0.00000000e+00 
 8.75430586e-05  2.50131643e-06  8.75430586e-05 -2.80370729e-09  8.75430586e-05  0.00000000e+00 
 8.75726999e-05  3.06518631e-06  8.75726999e-05 -2.80883268e-09  8.75726999e-05  0.00000000e+00 
 8.76023413e-05  2.49621807e-06  8.76023413e-05 -2.80366518e-09  8.76023413e-05  0.00000000e+00 
 8.76319826e-05  3.06960441e-06  8.76319826e-05 -2.80886743e-09  8.76319826e-05  0.00000000e+00 
 8.76616239e-05  2.49242824e-06  8.76616239e-05 -2.80363524e-09  8.76616239e-05  0.00000000e+00 
 8.76912653e-05  3.07270582e-06  8.76912653e-05 -2.80889026e-09  8.76912653e-05  0.00000000e+00 
 8.77209066e-05  2.48996568e-06  8.77209066e-05 -2.80361760e-09  8.77209066e-05  0.00000000e+00 
 8.77505479e-05  3.07447741e-06  8.77505479e-05 -2.80890107e-09  8.77505479e-05  0.00000000e+00 
 8.77801893e-05  2.48884249e-06  8.77801893e-05 -2.80361234e-09  8.77801893e-05  0.00000000e+00 
 8.78098306e-05  3.07491170e-06  8.78098306e-05 -2.80889982e-09  8.78098306e-05  0.00000000e+00 
 8.78394720e-05  2.48906431e-06  8.78394720e-05 -2.80361951e-09  8.78394720e-05  0.00000000e+00 
 8.78691133e-05  3.07400710e-06  8.78691133e-05 -2.80888652e-09  8.78691133e-05  0.00000000e+00 
 8.78987546e-05  2.49063040e-06  8.78987546e-05 -2.80363906e-09  8.78987546e-05  0.00000000e+00 
 8.79283960e-05  3.07176798e-06  8.79283960e-05 -2.80886122e-09  8.79283960e-05  0.00000000e+00 
 8.79580373e-05  2.49353376e-06  8.79580373e-05 -2.80367091e-09  8.79580373e-05  0.00000000e+00 
 8.79876786e-05  3.06820469e-06  8.79876786e-05 -2.80882404e-09  8.79876786e-05  0.00000000e+00 
 8.80173200e-05  2.49776114e-06  8.80173200e-05 -2.80371490e-09  8.80173200e-05  0.00000000e+00 
 8.80469613e-05  3.06333357e-06  8.80469613e-05 -2.80877514e-09  8.80469613e-05  0.00000000e+00 
 8.80766027e-05  2.50329316e-06  8.80766027e-05 -2.80377083e-09  8.80766027e-05  0.00000000e+00 
 8.81062440e-05  3.05717688e-06  8.81062440e-05 -2.80871474e-09  8.81062440e-05  0.00000000e+00 
 8.81358853e-05  2.51010439e-06  8.81358853e-05 -2.80383844e-09  8.81358853e-05  0.00000000e+00 
 8.81655267e-05  3.04976272e-06  8.81655267e-05 -2.80864311e-09  8.81655267e-05  0.00000000e+00 
 8.81951680e-05  2.51816350e-06  8.81951680e-05 -2.80391739e-09  8.81951680e-05  0.00000000e+00 
 8.82248093e-05  3.04112487e-06  8.82248093e-05 -2.80856057e-09  8.82248093e-05  0.00000000e+00 
 8.82544507e-05  2.52743338e-06  8.82544507e-05 -2.80400733e-09  8.82544507e-05  0.00000000e+00 
 8.82840920e-05  3.03130268e-06  8.82840920e-05 -2.80846747e-09  8.82840920e-05  0.00000000e+00 
 8.83137334e-05  2.53787134e-06  8.83137334e-05 -2.80410781e-09  8.83137334e-05  0.00000000e+00 
 8.83433747e-05  3.02034089e-06  8.83433747e-05 -2.80836423e-09  8.83433747e-05  0.00000000e+00 
 8.83730160e-05  2.54942931e-06  8.83730160e-05 -2.80421837e-09  8.83730160e-05  0.00000000e+00 
 8.84026574e-05  3.00828940e-06  8.84026574e-05 -2.80825130e-09  8.84026574e-05  0.00000000e+00 
 8.84322987e-05  2.56205404e-06  8.84322987e-05 -2.80433849e-09  8.84322987e-05  0.00000000e+00 
 8.84619400e-05  2.99520310e-06  8.84619400e-05 -2.80812920e-09  8.84619400e-05  0.00000000e+00 
 8.84915814e-05  2.57568738e-06  8.84915814e-05 -2.80446759e-09  8.84915814e-05  0.00000000e+00 
 8.85212227e-05  2.98114158e-06  8.85212227e-05 -2.80799845e-09  8.85212227e-05  0.00000000e+00 
 8.85508641e-05  2.59026653e-06  8.85508641e-05 -2.80460507e-09  8.85508641e-05  0.00000000e+00 
 8.85805054e-05  2.96616887e-06  8.85805054e-05 -2.80785963e-09  8.85805054e-05  0.00000000e+00 
 8.86101467e-05  2.60572436e-06  8.86101467e-05 -2.80475028e-09  8.86101467e-05  0.00000000e+00 
 8.86397881e-05  2.95035318e-06  8.86397881e-05 -2.80771338e-09  8.86397881e-05  0.00000000e+00 
 8.86694294e-05  2.62198968e-06  8.86694294e-05 -2.80490254e-09  8.86694294e-05  0.00000000e+00 
 8.86990707e-05  2.93376655e-06  8.86990707e-05 -2.80756033e-09  8.86990707e-05  0.00000000e+00 
 8.87287121e-05  2.63898763e-06  8.87287121e-05 -2.80506113e-09  8.87287121e-05  0.00000000e+00 
 8.87583534e-05  2.91648460e-06  8.87583534e-05 -2.80740117e-09  8.87583534e-05  0.00000000e+00 
 8.87879948e-05  2.65664000e-06  8.87879948e-05 -2.80522531e-09  8.87879948e-05  0.00000000e+00 
 8.88176361e-05  2.89858608e-06  8.88176361e-05 -2.80723661e-09  8.88176361e-05  0.00000000e+00 
 8.88472774e-05  2.67486557e-06  8.88472774e-05 -2.80539432e-09  8.88472774e-05  0.00000000e+00 
 8.88769188e-05  2.88015264e-06  8.88769188e-05 -2.80706740e-09  8.88769188e-05  0.00000000e+00 
 8.89004660e-05  2.69602821e-06  8.89004660e-05 -2.80559037e-09  8.89004660e-05  0.00000000e+00 
 8.89240132e-05  2.85631016e-06  8.89240132e-05 -2.80684887e-09  8.89240132e-05  0.00000000e+00 
 8.89244257e-05  7.20593567e-06  8.89244257e-05  4.23342340e-07  8.89244257e-05  6.95752183e-03 
 8.89252506e-05  2.02345674e-05  8.89252506e-05  4.22736449e-07  8.89252506e-05  2.08725655e-02 
 8.89269004e-05  4.50379943e-05  8.89269004e-05  4.20850107e-07  8.89269004e-05  4.87026528e-02 
 8.89276725e-05  5.33326246e-05  8.89276725e-05  4.19772150e-07  8.89276725e-05  6.17261360e-02 
 8.89284165e-05  6.57997796e-05  8.89284165e-05  4.18293710e-07  8.89284165e-05  7.42765853e-02 
 8.89289350e-05  7.47115410e-05  8.89289350e-05  4.17135936e-07  8.89289350e-05  8.30215364e-02 
 8.89293377e-05  7.89040735e-05  8.89293377e-05  4.16132948e-07  8.89293377e-05  8.98145465e-02 
 8.89296787e-05  8.21007297e-05  8.89296787e-05  4.15298048e-07  8.89296787e-05  9.55680673e-02 
 8.89300114e-05  8.70813411e-05  8.89300114e-05  4.14249317e-07  8.89300114e-05  1.01179177e-01 
 8.89303106e-05  9.30083034e-05  8.89303106e-05  4.13241704e-07  8.89303106e-05  1.06225986e-01 
 8.89306946e-05  9.98415427e-05  8.89306946e-05  4.11750803e-07  8.89306946e-05  1.12703527e-01 
 8.89309692e-05  1.03058501e-04  8.89309692e-05  4.10750569e-07  8.89309692e-05  1.17335404e-01 
 8.89312038e-05  1.04984636e-04  8.89312038e-05  4.09805219e-07  8.89312038e-05  1.21293869e-01 
 8.89314814e-05  1.07723923e-04  8.89314814e-05  4.08687668e-07  8.89314814e-05  1.25975215e-01 
 8.89317770e-05  1.12293654e-04  8.89317770e-05  4.07212710e-07  8.89317770e-05  1.30961366e-01 
 8.89321088e-05  1.18848355e-04  8.89321088e-05  4.05404750e-07  8.89321088e-05  1.36559181e-01 
 8.89324660e-05  1.25091295e-04  8.89324660e-05  4.03230222e-07  8.89324660e-05  1.42583836e-01 
 8.89327395e-05  1.28215152e-04  8.89327395e-05  4.01635982e-07  8.89327395e-05  1.47197331e-01 
 8.89329834e-05  1.30208812e-04  8.89329834e-05  4.00109308e-07  8.89329834e-05  1.51312020e-01 
 8.89332588e-05  1.33009094e-04  8.89332588e-05  3.98321858e-07  8.89332588e-05  1.55958009e-01 
 8.89335541e-05  1.37689740e-04  8.89335541e-05  3.96005990e-07  8.89335541e-05  1.60938506e-01 
 8.89338928e-05  1.44396589e-04  8.89338928e-05  3.93059912e-07  8.89338928e-05  1.66652007e-01 
 8.89342522e-05  1.50522499e-04  8.89342522e-05  3.89643311e-07  8.89342522e-05  1.72714119e-01 
 8.89345242e-05  1.53502731e-04  8.89345242e-05  3.87129342e-07  8.89345242e-05  1.77303080e-01 
 8.89347836e-05  1.55633016e-04  8.89347836e-05  3.84589593e-07  8.89347836e-05  1.81679201e-01 
 8.89350568e-05  1.58584030e-04  8.89350568e-05  3.81732777e-07  8.89350568e-05  1.86287683e-01 
 8.89353509e-05  1.63462285e-04  8.89353509e-05  3.78073490e-07  8.89353509e-05  1.91247895e-01 
 8.89357395e-05  1.71101071e-04  8.89357395e-05  3.72663526e-07  8.89357395e-05  1.97803178e-01 
 8.89360917e-05  1.76685245e-04  8.89360917e-05  3.67413058e-07  8.89360917e-05  2.03743741e-01 
 8.89363568e-05  1.79327155e-04  8.89363568e-05  3.63540244e-07  8.89363568e-05  2.08216128e-01 
 8.89366599e-05  1.81968516e-04  8.89366599e-05  3.58803592e-07  8.89366599e-05  2.13329020e-01 
 8.89369627e-05  1.85920100e-04  8.89369627e-05  3.53503256e-07  8.89369627e-05  2.18437031e-01 
 8.89372526e-05  1.91352424e-04  8.89372526e-05  3.47522775e-07  8.89372526e-05  2.23326288e-01 
 8.89376448e-05  1.98898794e-04  8.89376448e-05  3.38687414e-07  8.89376448e-05  2.29942017e-01 
 8.89380856e-05  2.04707085e-04  8.89380856e-05  3.28362841e-07  8.89380856e-05  2.37377107e-01 
 8.89383672e-05  2.07135432e-04  8.89383672e-05  3.21677983e-07  8.89383672e-05  2.42128233e-01 
 8.89386819e-05  2.10707175e-04  8.89386819e-05  3.13284815e-07  8.89386819e-05  2.47437018e-01 
 8.89389797e-05  2.15887443e-04  8.89389797e-05  3.04101990e-07  8.89389797e-05  2.52459770e-01 
 8.89393452e-05  2.23248996e-04  8.89393452e-05  2.91250270e-07  8.89393452e-05  2.58624601e-01 
 8.89397219e-05  2.29252134e-04  8.89397219e-05  2.77476578e-07  8.89397219e-05  2.64979860e-01 
 8.89399896e-05  2.31963335e-04  8.89399896e-05  2.67614148e-07  8.89399896e-05  2.69495200e-01 
 8.89403458e-05  2.35508300e-04  8.89403458e-05  2.53678273e-07  8.89403458e-05  2.75503566e-01 
 8.89406882e-05  2.40818693e-04  8.89406882e-05  2.37923426e-07  8.89406882e-05  2.81279137e-01 
 8.89410199e-05  2.47629351e-04  8.89410199e-05  2.20270446e-07  8.89410199e-05  2.86873689e-01 
 8.89414136e-05  2.54906070e-04  8.89414136e-05  1.97681515e-07  8.89414136e-05  2.93515699e-01 
 8.89416951e-05  2.58417350e-04  8.89416951e-05  1.81530937e-07  8.89416951e-05  2.98263469e-01 
 8.89419784e-05  2.61174391e-04  8.89419784e-05  1.64779514e-07  8.89419784e-05  3.03042624e-01 
 8.89422766e-05  2.64976514e-04  8.89422766e-05  1.45271263e-07  8.89422766e-05  3.08072375e-01 
 8.89425881e-05  2.70854613e-04  8.89425881e-05  1.21417844e-07  8.89425881e-05  3.13326954e-01 
 8.89430016e-05  2.79634999e-04  8.89430016e-05  8.56772366e-08  8.89430016e-05  3.20302526e-01 
 8.89434001e-05  2.86203314e-04  8.89434001e-05  4.96938280e-08  8.89434001e-05  3.27023616e-01 
 8.89436738e-05  2.89303237e-04  8.89436738e-05  2.48739173e-08  8.89436738e-05  3.31641805e-01 
 8.89440434e-05  2.94075118e-04  8.89440434e-05 -1.19129490e-08  8.89440434e-05  3.37875169e-01 
 8.89444438e-05  3.01923274e-04  8.89444438e-05 -5.94085240e-08  8.89444438e-05  3.44629142e-01 
 8.89448827e-05  3.11866030e-04  8.89448827e-05 -1.19608140e-07  8.89448827e-05  3.52034067e-01 
 8.89453052e-05  3.19383771e-04  8.89453052e-05 -1.79929237e-07  8.89453052e-05  3.59160368e-01 
 8.89456213e-05  3.23590240e-04  8.89456213e-05 -2.25982875e-07  8.89456213e-05  3.64492553e-01 
 8.89459950e-05  3.29698050e-04  8.89459950e-05 -2.86860679e-07  8.89459950e-05  3.70795987e-01 
 8.89463461e-05  3.37832737e-04  8.89463461e-05 -3.54774886e-07  8.89463461e-05  3.76718739e-01 
 8.89468214e-05  3.49678584e-04  8.89468214e-05 -4.58488201e-07  8.89468214e-05  3.84735603e-01 
 8.89472827e-05  3.58808893e-04  8.89472827e-05 -5.63161048e-07  8.89472827e-05  3.92517968e-01 
 8.89476871e-05  3.65893131e-04  8.89476871e-05 -6.60055735e-07  8.89476871e-05  3.99339707e-01 
 8.89481053e-05  3.75740578e-04  8.89481053e-05 -7.78099717e-07  8.89481053e-05  4.06393536e-01 
 8.89484953e-05  3.87288642e-04  8.89484953e-05 -9.07931518e-07  8.89484953e-05  4.12972414e-01 
 8.89489847e-05  4.00789716e-04  8.89489847e-05 -1.08271255e-06  8.89489847e-05  4.21227809e-01 
 8.89493610e-05  4.09437049e-04  8.89493610e-05 -1.21984639e-06  8.89493610e-05  4.27575208e-01 
 8.89498540e-05  4.22363947e-04  8.89498540e-05 -1.42263432e-06  8.89498540e-05  4.35891244e-01 
 8.89503667e-05  4.40120770e-04  8.89503667e-05 -1.68103674e-06  8.89503667e-05  4.44538914e-01 
 8.89509311e-05  4.60596454e-04  8.89509311e-05 -2.00299714e-06  8.89509311e-05  4.54060461e-01 
 8.89514649e-05  4.78329451e-04  8.89514649e-05 -2.32237332e-06  8.89514649e-05  4.63064666e-01 
 8.89520654e-05  5.01621501e-04  8.89520654e-05 -2.74292464e-06  8.89520654e-05  4.73194307e-01 
 8.89526916e-05  5.32058780e-04  8.89526916e-05 -3.28762197e-06  8.89526916e-05  4.83756043e-01 
 8.89533798e-05  5.66823847e-04  8.89533798e-05 -3.95690348e-06  8.89533798e-05  4.95365691e-01 
 8.89541342e-05  6.08094354e-04  8.89541342e-05 -4.78784550e-06  8.89541342e-05  5.08091187e-01 
 8.89548987e-05  6.60830468e-04  8.89548987e-05 -5.86472240e-06  8.89548987e-05  5.20986876e-01 
 8.89562089e-05  7.69811885e-04  8.89562089e-05 -8.17481607e-06  8.89562089e-05  5.43086783e-01 
 8.89574830e-05  9.04990284e-04  8.89574830e-05 -1.11085989e-05  8.89574830e-05  5.64580116e-01 
 8.89589569e-05  1.12092119e-03  8.89589569e-05 -1.59742209e-05  8.89589569e-05  5.89441718e-01 
 8.89617772e-05  1.79004336e-03  8.89617772e-05 -3.07166511e-05  8.89617772e-05  6.37016056e-01 
 8.89667535e-05  4.77590648e-03  8.89667535e-05 -9.23353279e-05  8.89667535e-05  7.20958187e-01 
 8.89719109e-05  1.30129818e-02  8.89719109e-05 -2.42667178e-04  8.89719109e-05  8.07954614e-01 
 8.89791864e-05  4.23299192e-02  8.89791864e-05 -6.19091420e-04  8.89791864e-05  9.30680089e-01 
 8.89885402e-05  1.15005299e-01  8.89885402e-05 -1.09677623e-03  8.89885402e-05  1.08846258e+00 
 8.89991912e-05  2.26446098e-01  8.89991912e-05 -1.34495099e-03  8.89991912e-05  1.26812739e+00 
 8.90139795e-05  3.90504091e-01  8.90139795e-05 -1.49894627e-03  8.90139795e-05  1.51758176e+00 
 8.90324764e-05  5.97228329e-01  8.90324764e-05 -1.73144166e-03  8.90324764e-05  1.82959320e+00 
 8.90569446e-05  8.74725741e-01  8.90569446e-05 -2.01557363e-03  8.90569446e-05  2.24233039e+00 
 8.90865859e-05  1.21165214e+00  8.90865859e-05 -2.35028290e-03  8.90865859e-05  2.74233039e+00 
 8.91162272e-05  1.54514810e+00  8.91162272e-05 -2.66211795e-03  8.91162272e-05  3.24233039e+00 
 8.91458686e-05  1.86922678e+00  8.91458686e-05 -2.94355177e-03  8.91458686e-05  3.74233039e+00 
 8.91755099e-05  2.17821620e+00  8.91755099e-05 -3.19253117e-03  8.91755099e-05  4.24233039e+00 
 8.91979683e-05  2.39922013e+00  8.91979683e-05 -3.35604229e-03  8.91979683e-05  4.62116520e+00 
 8.92204266e-05  2.60735795e+00  8.92204266e-05 -3.50640270e-03  8.92204266e-05  5.00000000e+00 
 8.92233907e-05  2.62928206e+00  8.92233907e-05 -3.37144358e-03  8.92233907e-05  5.00000000e+00 
 8.92293190e-05  2.66396278e+00  8.92293190e-05 -3.09699512e-03  8.92293190e-05  5.00000000e+00 
 8.92411755e-05  2.69640338e+00  8.92411755e-05 -2.81335780e-03  8.92411755e-05  5.00000000e+00 
 8.92597250e-05  2.70884534e+00  8.92597250e-05 -2.72659395e-03  8.92597250e-05  5.00000000e+00 
 8.92864857e-05  2.71033230e+00  8.92864857e-05 -2.70379825e-03  8.92864857e-05  5.00000000e+00 
 8.93161270e-05  2.71012750e+00  8.93161270e-05 -2.71523346e-03  8.93161270e-05  5.00000000e+00 
 8.93457683e-05  2.71020751e+00  8.93457683e-05 -2.70568013e-03  8.93457683e-05  5.00000000e+00 
 8.93754097e-05  2.71015175e+00  8.93754097e-05 -2.71426852e-03  8.93754097e-05  5.00000000e+00 
 8.94050510e-05  2.71020544e+00  8.94050510e-05 -2.70648229e-03  8.94050510e-05  5.00000000e+00 
 8.94346923e-05  2.71015755e+00  8.94346923e-05 -2.71352934e-03  8.94346923e-05  5.00000000e+00 
 8.94643337e-05  2.71020176e+00  8.94643337e-05 -2.70715395e-03  8.94643337e-05  5.00000000e+00 
 8.94939750e-05  2.71016222e+00  8.94939750e-05 -2.71292016e-03  8.94939750e-05  5.00000000e+00 
 8.95236164e-05  2.71019859e+00  8.95236164e-05 -2.70770711e-03  8.95236164e-05  5.00000000e+00 
 8.95532577e-05  2.71016598e+00  8.95532577e-05 -2.71241852e-03  8.95532577e-05  5.00000000e+00 
 8.95828990e-05  2.71019591e+00  8.95828990e-05 -2.70816250e-03  8.95828990e-05  5.00000000e+00 
 8.96125404e-05  2.71016901e+00  8.96125404e-05 -2.71200554e-03  8.96125404e-05  5.00000000e+00 
 8.96421817e-05  2.71019364e+00  8.96421817e-05 -2.70853736e-03  8.96421817e-05  5.00000000e+00 
 8.96718230e-05  2.71017147e+00  8.96718230e-05 -2.71166559e-03  8.96718230e-05  5.00000000e+00 
 8.97014644e-05  2.71019174e+00  8.97014644e-05 -2.70884586e-03  8.97014644e-05  5.00000000e+00 
 8.97311057e-05  2.71017359e+00  8.97311057e-05 -2.71138683e-03  8.97311057e-05  5.00000000e+00 
 8.97607471e-05  2.71019028e+00  8.97607471e-05 -2.70909893e-03  8.97607471e-05  5.00000000e+00 
 8.97903884e-05  2.71017507e+00  8.97903884e-05 -2.71115555e-03  8.97903884e-05  5.00000000e+00 
 8.98200297e-05  2.71018883e+00  8.98200297e-05 -2.70930871e-03  8.98200297e-05  5.00000000e+00 
 8.98496711e-05  2.71017641e+00  8.98496711e-05 -2.71096609e-03  8.98496711e-05  5.00000000e+00 
 8.98793124e-05  2.71018772e+00  8.98793124e-05 -2.70948045e-03  8.98793124e-05  5.00000000e+00 
 8.99089538e-05  2.71017749e+00  8.99089538e-05 -2.71081040e-03  8.99089538e-05  5.00000000e+00 
 8.99385951e-05  2.71018681e+00  8.99385951e-05 -2.70962164e-03  8.99385951e-05  5.00000000e+00 
 8.99682364e-05  2.71017837e+00  8.99682364e-05 -2.71068242e-03  8.99682364e-05  5.00000000e+00 
 8.99978778e-05  2.71018605e+00  8.99978778e-05 -2.70973767e-03  8.99978778e-05  5.00000000e+00 
 9.00275191e-05  2.71017910e+00  9.00275191e-05 -2.71057726e-03  9.00275191e-05  5.00000000e+00 
 9.00571604e-05  2.71018542e+00  9.00571604e-05 -2.70983298e-03  9.00571604e-05  5.00000000e+00 
 9.00868018e-05  2.71017969e+00  9.00868018e-05 -2.71049090e-03  9.00868018e-05  5.00000000e+00 
 9.01164431e-05  2.71018490e+00  9.01164431e-05 -2.70991122e-03  9.01164431e-05  5.00000000e+00 
 9.01460845e-05  2.71018018e+00  9.01460845e-05 -2.71042003e-03  9.01460845e-05  5.00000000e+00 
 9.01757258e-05  2.71018447e+00  9.01757258e-05 -2.70997541e-03  9.01757258e-05  5.00000000e+00 
 9.02053671e-05  2.71018058e+00  9.02053671e-05 -2.71036191e-03  9.02053671e-05  5.00000000e+00 
 9.02350085e-05  2.71018411e+00  9.02350085e-05 -2.71002803e-03  9.02350085e-05  5.00000000e+00 
 9.02646498e-05  2.71018091e+00  9.02646498e-05 -2.71031429e-03  9.02646498e-05  5.00000000e+00 
 9.02942911e-05  2.71018382e+00  9.02942911e-05 -2.71007111e-03  9.02942911e-05  5.00000000e+00 
 9.03239325e-05  2.71018118e+00  9.03239325e-05 -2.71027532e-03  9.03239325e-05  5.00000000e+00 
 9.03535738e-05  2.71018357e+00  9.03535738e-05 -2.71010634e-03  9.03535738e-05  5.00000000e+00 
 9.03832152e-05  2.71018140e+00  9.03832152e-05 -2.71024348e-03  9.03832152e-05  5.00000000e+00 
 9.04128565e-05  2.71018337e+00  9.04128565e-05 -2.71013512e-03  9.04128565e-05  5.00000000e+00 
 9.04424978e-05  2.71018159e+00  9.04424978e-05 -2.71021749e-03  9.04424978e-05  5.00000000e+00 
 9.04721392e-05  2.71018321e+00  9.04721392e-05 -2.71015857e-03  9.04721392e-05  5.00000000e+00 
 9.05017805e-05  2.71018174e+00  9.05017805e-05 -2.71019633e-03  9.05017805e-05  5.00000000e+00 
 9.05314218e-05  2.71018307e+00  9.05314218e-05 -2.71017765e-03  9.05314218e-05  5.00000000e+00 
 9.05610632e-05  2.71018186e+00  9.05610632e-05 -2.71017915e-03  9.05610632e-05  5.00000000e+00 
 9.05907045e-05  2.71018296e+00  9.05907045e-05 -2.71019312e-03  9.05907045e-05  5.00000000e+00 
 9.06203459e-05  2.71018196e+00  9.06203459e-05 -2.71016523e-03  9.06203459e-05  5.00000000e+00 
 9.06499872e-05  2.71018287e+00  9.06499872e-05 -2.71020563e-03  9.06499872e-05  5.00000000e+00 
 9.06796285e-05  2.71018205e+00  9.06796285e-05 -2.71015400e-03  9.06796285e-05  5.00000000e+00 
 9.07092699e-05  2.71018279e+00  9.07092699e-05 -2.71021570e-03  9.07092699e-05  5.00000000e+00 
 9.07389112e-05  2.71018212e+00  9.07389112e-05 -2.71014498e-03  9.07389112e-05  5.00000000e+00 
 9.07685525e-05  2.71018273e+00  9.07685525e-05 -2.71022376e-03  9.07685525e-05  5.00000000e+00 
 9.07981939e-05  2.71018217e+00  9.07981939e-05 -2.71013778e-03  9.07981939e-05  5.00000000e+00 
 9.08278352e-05  2.71018267e+00  9.08278352e-05 -2.71023018e-03  9.08278352e-05  5.00000000e+00 
 9.08574766e-05  2.71018222e+00  9.08574766e-05 -2.71013208e-03  9.08574766e-05  5.00000000e+00 
 9.08871179e-05  2.71018263e+00  9.08871179e-05 -2.71023524e-03  9.08871179e-05  5.00000000e+00 
 9.09167592e-05  2.71018226e+00  9.09167592e-05 -2.71012760e-03  9.09167592e-05  5.00000000e+00 
 9.09464006e-05  2.71018260e+00  9.09464006e-05 -2.71023919e-03  9.09464006e-05  5.00000000e+00 
 9.09760419e-05  2.71018229e+00  9.09760419e-05 -2.71012413e-03  9.09760419e-05  5.00000000e+00 
 9.10056832e-05  2.71018257e+00  9.10056832e-05 -2.71024222e-03  9.10056832e-05  5.00000000e+00 
 9.10353246e-05  2.71018232e+00  9.10353246e-05 -2.71012148e-03  9.10353246e-05  5.00000000e+00 
 9.10649659e-05  2.71018254e+00  9.10649659e-05 -2.71024451e-03  9.10649659e-05  5.00000000e+00 
 9.10946073e-05  2.71018234e+00  9.10946073e-05 -2.71011952e-03  9.10946073e-05  5.00000000e+00 
 9.11242486e-05  2.71018252e+00  9.11242486e-05 -2.71024619e-03  9.11242486e-05  5.00000000e+00 
 9.11538899e-05  2.71018236e+00  9.11538899e-05 -2.71011811e-03  9.11538899e-05  5.00000000e+00 
 9.11835313e-05  2.71018251e+00  9.11835313e-05 -2.71024736e-03  9.11835313e-05  5.00000000e+00 
 9.12131726e-05  2.71018237e+00  9.12131726e-05 -2.71011715e-03  9.12131726e-05  5.00000000e+00 
 9.12428139e-05  2.71018250e+00  9.12428139e-05 -2.71024813e-03  9.12428139e-05  5.00000000e+00 
 9.12724553e-05  2.71018238e+00  9.12724553e-05 -2.71011656e-03  9.12724553e-05  5.00000000e+00 
 9.13020966e-05  2.71018248e+00  9.13020966e-05 -2.71024856e-03  9.13020966e-05  5.00000000e+00 
 9.13317380e-05  2.71018239e+00  9.13317380e-05 -2.71011627e-03  9.13317380e-05  5.00000000e+00 
 9.13613793e-05  2.71018248e+00  9.13613793e-05 -2.71024871e-03  9.13613793e-05  5.00000000e+00 
 9.13910206e-05  2.71018240e+00  9.13910206e-05 -2.71011623e-03  9.13910206e-05  5.00000000e+00 
 9.14206620e-05  2.71018247e+00  9.14206620e-05 -2.71024865e-03  9.14206620e-05  5.00000000e+00 
 9.14503033e-05  2.71018241e+00  9.14503033e-05 -2.71011639e-03  9.14503033e-05  5.00000000e+00 
 9.14799447e-05  2.71018246e+00  9.14799447e-05 -2.71024841e-03  9.14799447e-05  5.00000000e+00 
 9.15095860e-05  2.71018241e+00  9.15095860e-05 -2.71011671e-03  9.15095860e-05  5.00000000e+00 
 9.15392273e-05  2.71018246e+00  9.15392273e-05 -2.71024802e-03  9.15392273e-05  5.00000000e+00 
 9.15688687e-05  2.71018242e+00  9.15688687e-05 -2.71011715e-03  9.15688687e-05  5.00000000e+00 
 9.15985100e-05  2.71018245e+00  9.15985100e-05 -2.71024752e-03  9.15985100e-05  5.00000000e+00 
 9.16281513e-05  2.71018242e+00  9.16281513e-05 -2.71011770e-03  9.16281513e-05  5.00000000e+00 
 9.16577927e-05  2.71018245e+00  9.16577927e-05 -2.71024693e-03  9.16577927e-05  5.00000000e+00 
 9.16874340e-05  2.71018242e+00  9.16874340e-05 -2.71011834e-03  9.16874340e-05  5.00000000e+00 
 9.17170754e-05  2.71018245e+00  9.17170754e-05 -2.71024626e-03  9.17170754e-05  5.00000000e+00 
 9.17467167e-05  2.71018243e+00  9.17467167e-05 -2.71011904e-03  9.17467167e-05  5.00000000e+00 
 9.17763580e-05  2.71018244e+00  9.17763580e-05 -2.71024553e-03  9.17763580e-05  5.00000000e+00 
 9.18059994e-05  2.71018243e+00  9.18059994e-05 -2.71011979e-03  9.18059994e-05  5.00000000e+00 
 9.18356407e-05  2.71018244e+00  9.18356407e-05 -2.71024476e-03  9.18356407e-05  5.00000000e+00 
 9.18652820e-05  2.71018243e+00  9.18652820e-05 -2.71012057e-03  9.18652820e-05  5.00000000e+00 
 9.18949234e-05  2.71018244e+00  9.18949234e-05 -2.71024396e-03  9.18949234e-05  5.00000000e+00 
 9.19245647e-05  2.71018243e+00  9.19245647e-05 -2.71012139e-03  9.19245647e-05  5.00000000e+00 
 9.19542061e-05  2.71018244e+00  9.19542061e-05 -2.71024313e-03  9.19542061e-05  5.00000000e+00 
 9.19838474e-05  2.71018243e+00  9.19838474e-05 -2.71012223e-03  9.19838474e-05  5.00000000e+00 
 9.20134887e-05  2.71018244e+00  9.20134887e-05 -2.71024228e-03  9.20134887e-05  5.00000000e+00 
 9.20431301e-05  2.71018243e+00  9.20431301e-05 -2.71012308e-03  9.20431301e-05  5.00000000e+00 
 9.20727714e-05  2.71018244e+00  9.20727714e-05 -2.71024143e-03  9.20727714e-05  5.00000000e+00 
 9.21024127e-05  2.71018244e+00  9.21024127e-05 -2.71012394e-03  9.21024127e-05  5.00000000e+00 
 9.21320541e-05  2.71018244e+00  9.21320541e-05 -2.71024056e-03  9.21320541e-05  5.00000000e+00 
 9.21616954e-05  2.71018244e+00  9.21616954e-05 -2.71012481e-03  9.21616954e-05  5.00000000e+00 
 9.21913368e-05  2.71018244e+00  9.21913368e-05 -2.71023969e-03  9.21913368e-05  5.00000000e+00 
 9.22209781e-05  2.71018244e+00  9.22209781e-05 -2.71012568e-03  9.22209781e-05  5.00000000e+00 
 9.22506194e-05  2.71018244e+00  9.22506194e-05 -2.71023882e-03  9.22506194e-05  5.00000000e+00 
 9.22802608e-05  2.71018244e+00  9.22802608e-05 -2.71012655e-03  9.22802608e-05  5.00000000e+00 
 9.23099021e-05  2.71018244e+00  9.23099021e-05 -2.71023796e-03  9.23099021e-05  5.00000000e+00 
 9.23395434e-05  2.71018244e+00  9.23395434e-05 -2.71012741e-03  9.23395434e-05  5.00000000e+00 
 9.23691848e-05  2.71018244e+00  9.23691848e-05 -2.71023709e-03  9.23691848e-05  5.00000000e+00 
 9.23988261e-05  2.71018244e+00  9.23988261e-05 -2.71012827e-03  9.23988261e-05  5.00000000e+00 
 9.24284675e-05  2.71018244e+00  9.24284675e-05 -2.71023624e-03  9.24284675e-05  5.00000000e+00 
 9.24581088e-05  2.71018244e+00  9.24581088e-05 -2.71012913e-03  9.24581088e-05  5.00000000e+00 
 9.24877501e-05  2.71018243e+00  9.24877501e-05 -2.71023539e-03  9.24877501e-05  5.00000000e+00 
 9.25173915e-05  2.71018244e+00  9.25173915e-05 -2.71012997e-03  9.25173915e-05  5.00000000e+00 
 9.25470328e-05  2.71018243e+00  9.25470328e-05 -2.71023455e-03  9.25470328e-05  5.00000000e+00 
 9.25766741e-05  2.71018244e+00  9.25766741e-05 -2.71013081e-03  9.25766741e-05  5.00000000e+00 
 9.26063155e-05  2.71018243e+00  9.26063155e-05 -2.71023371e-03  9.26063155e-05  5.00000000e+00 
 9.26359568e-05  2.71018244e+00  9.26359568e-05 -2.71013163e-03  9.26359568e-05  5.00000000e+00 
 9.26655982e-05  2.71018243e+00  9.26655982e-05 -2.71023289e-03  9.26655982e-05  5.00000000e+00 
 9.26952395e-05  2.71018244e+00  9.26952395e-05 -2.71013245e-03  9.26952395e-05  5.00000000e+00 
 9.27248808e-05  2.71018243e+00  9.27248808e-05 -2.71023208e-03  9.27248808e-05  5.00000000e+00 
 9.27545222e-05  2.71018244e+00  9.27545222e-05 -2.71013326e-03  9.27545222e-05  5.00000000e+00 
 9.27841635e-05  2.71018243e+00  9.27841635e-05 -2.71023128e-03  9.27841635e-05  5.00000000e+00 
 9.28138048e-05  2.71018244e+00  9.28138048e-05 -2.71013405e-03  9.28138048e-05  5.00000000e+00 
 9.28434462e-05  2.71018243e+00  9.28434462e-05 -2.71023049e-03  9.28434462e-05  5.00000000e+00 
 9.28730875e-05  2.71018244e+00  9.28730875e-05 -2.71013484e-03  9.28730875e-05  5.00000000e+00 
 9.29027289e-05  2.71018243e+00  9.29027289e-05 -2.71022971e-03  9.29027289e-05  5.00000000e+00 
 9.29323702e-05  2.71018244e+00  9.29323702e-05 -2.71013561e-03  9.29323702e-05  5.00000000e+00 
 9.29620115e-05  2.71018243e+00  9.29620115e-05 -2.71022895e-03  9.29620115e-05  5.00000000e+00 
 9.29916529e-05  2.71018244e+00  9.29916529e-05 -2.71013637e-03  9.29916529e-05  5.00000000e+00 
 9.30212942e-05  2.71018243e+00  9.30212942e-05 -2.71022819e-03  9.30212942e-05  5.00000000e+00 
 9.30509356e-05  2.71018244e+00  9.30509356e-05 -2.71013712e-03  9.30509356e-05  5.00000000e+00 
 9.30805769e-05  2.71018243e+00  9.30805769e-05 -2.71022745e-03  9.30805769e-05  5.00000000e+00 
 9.31102182e-05  2.71018244e+00  9.31102182e-05 -2.71013786e-03  9.31102182e-05  5.00000000e+00 
 9.31398596e-05  2.71018243e+00  9.31398596e-05 -2.71022672e-03  9.31398596e-05  5.00000000e+00 
 9.31695009e-05  2.71018244e+00  9.31695009e-05 -2.71013858e-03  9.31695009e-05  5.00000000e+00 
 9.31991422e-05  2.71018243e+00  9.31991422e-05 -2.71022599e-03  9.31991422e-05  5.00000000e+00 
 9.32287836e-05  2.71018244e+00  9.32287836e-05 -2.71013930e-03  9.32287836e-05  5.00000000e+00 
 9.32584249e-05  2.71018243e+00  9.32584249e-05 -2.71022528e-03  9.32584249e-05  5.00000000e+00 
 9.32880663e-05  2.71018244e+00  9.32880663e-05 -2.71014000e-03  9.32880663e-05  5.00000000e+00 
 9.33177076e-05  2.71018243e+00  9.33177076e-05 -2.71022459e-03  9.33177076e-05  5.00000000e+00 
 9.33473489e-05  2.71018244e+00  9.33473489e-05 -2.71014070e-03  9.33473489e-05  5.00000000e+00 
 9.33769903e-05  2.71018243e+00  9.33769903e-05 -2.71022390e-03  9.33769903e-05  5.00000000e+00 
 9.34066316e-05  2.71018244e+00  9.34066316e-05 -2.71014138e-03  9.34066316e-05  5.00000000e+00 
 9.34362729e-05  2.71018243e+00  9.34362729e-05 -2.71022322e-03  9.34362729e-05  5.00000000e+00 
 9.34659143e-05  2.71018244e+00  9.34659143e-05 -2.71014205e-03  9.34659143e-05  5.00000000e+00 
 9.34955556e-05  2.71018243e+00  9.34955556e-05 -2.71022256e-03  9.34955556e-05  5.00000000e+00 
 9.35251970e-05  2.71018244e+00  9.35251970e-05 -2.71014271e-03  9.35251970e-05  5.00000000e+00 
 9.35548383e-05  2.71018243e+00  9.35548383e-05 -2.71022190e-03  9.35548383e-05  5.00000000e+00 
 9.35844796e-05  2.71018244e+00  9.35844796e-05 -2.71014336e-03  9.35844796e-05  5.00000000e+00 
 9.36141210e-05  2.71018243e+00  9.36141210e-05 -2.71022126e-03  9.36141210e-05  5.00000000e+00 
 9.36437623e-05  2.71018244e+00  9.36437623e-05 -2.71014400e-03  9.36437623e-05  5.00000000e+00 
 9.36734036e-05  2.71018243e+00  9.36734036e-05 -2.71022062e-03  9.36734036e-05  5.00000000e+00 
 9.37030450e-05  2.71018244e+00  9.37030450e-05 -2.71014463e-03  9.37030450e-05  5.00000000e+00 
 9.37326863e-05  2.71018243e+00  9.37326863e-05 -2.71022000e-03  9.37326863e-05  5.00000000e+00 
 9.37623277e-05  2.71018244e+00  9.37623277e-05 -2.71014525e-03  9.37623277e-05  5.00000000e+00 
 9.37919690e-05  2.71018243e+00  9.37919690e-05 -2.71021939e-03  9.37919690e-05  5.00000000e+00 
 9.38216103e-05  2.71018244e+00  9.38216103e-05 -2.71014586e-03  9.38216103e-05  5.00000000e+00 
 9.38512517e-05  2.71018243e+00  9.38512517e-05 -2.71021878e-03  9.38512517e-05  5.00000000e+00 
 9.38808930e-05  2.71018244e+00  9.38808930e-05 -2.71014645e-03  9.38808930e-05  5.00000000e+00 
 9.39105343e-05  2.71018243e+00  9.39105343e-05 -2.71021819e-03  9.39105343e-05  5.00000000e+00 
 9.39401757e-05  2.71018244e+00  9.39401757e-05 -2.71014704e-03  9.39401757e-05  5.00000000e+00 
 9.39698170e-05  2.71018243e+00  9.39698170e-05 -2.71021760e-03  9.39698170e-05  5.00000000e+00 
 9.39994584e-05  2.71018244e+00  9.39994584e-05 -2.71014762e-03  9.39994584e-05  5.00000000e+00 
 9.40290997e-05  2.71018243e+00  9.40290997e-05 -2.71021703e-03  9.40290997e-05  5.00000000e+00 
 9.40587410e-05  2.71018244e+00  9.40587410e-05 -2.71014819e-03  9.40587410e-05  5.00000000e+00 
 9.40883824e-05  2.71018244e+00  9.40883824e-05 -2.71021646e-03  9.40883824e-05  5.00000000e+00 
 9.41180237e-05  2.71018244e+00  9.41180237e-05 -2.71014875e-03  9.41180237e-05  5.00000000e+00 
 9.41476650e-05  2.71018244e+00  9.41476650e-05 -2.71021591e-03  9.41476650e-05  5.00000000e+00 
 9.41773064e-05  2.71018244e+00  9.41773064e-05 -2.71014930e-03  9.41773064e-05  5.00000000e+00 
 9.42069477e-05  2.71018244e+00  9.42069477e-05 -2.71021536e-03  9.42069477e-05  5.00000000e+00 
 9.42365891e-05  2.71018244e+00  9.42365891e-05 -2.71014985e-03  9.42365891e-05  5.00000000e+00 
 9.42662304e-05  2.71018244e+00  9.42662304e-05 -2.71021482e-03  9.42662304e-05  5.00000000e+00 
 9.42958717e-05  2.71018244e+00  9.42958717e-05 -2.71015038e-03  9.42958717e-05  5.00000000e+00 
 9.43255131e-05  2.71018244e+00  9.43255131e-05 -2.71021429e-03  9.43255131e-05  5.00000000e+00 
 9.43551544e-05  2.71018244e+00  9.43551544e-05 -2.71015090e-03  9.43551544e-05  5.00000000e+00 
 9.43847957e-05  2.71018244e+00  9.43847957e-05 -2.71021377e-03  9.43847957e-05  5.00000000e+00 
 9.44144371e-05  2.71018244e+00  9.44144371e-05 -2.71015142e-03  9.44144371e-05  5.00000000e+00 
 9.44440784e-05  2.71018244e+00  9.44440784e-05 -2.71021326e-03  9.44440784e-05  5.00000000e+00 
 9.44737198e-05  2.71018244e+00  9.44737198e-05 -2.71015193e-03  9.44737198e-05  5.00000000e+00 
 9.45033611e-05  2.71018244e+00  9.45033611e-05 -2.71021276e-03  9.45033611e-05  5.00000000e+00 
 9.45330024e-05  2.71018244e+00  9.45330024e-05 -2.71015243e-03  9.45330024e-05  5.00000000e+00 
 9.45626438e-05  2.71018244e+00  9.45626438e-05 -2.71021226e-03  9.45626438e-05  5.00000000e+00 
 9.45922851e-05  2.71018244e+00  9.45922851e-05 -2.71015292e-03  9.45922851e-05  5.00000000e+00 
 9.46219265e-05  2.71018244e+00  9.46219265e-05 -2.71021178e-03  9.46219265e-05  5.00000000e+00 
 9.46515678e-05  2.71018244e+00  9.46515678e-05 -2.71015340e-03  9.46515678e-05  5.00000000e+00 
 9.46812091e-05  2.71018244e+00  9.46812091e-05 -2.71021130e-03  9.46812091e-05  5.00000000e+00 
 9.47108505e-05  2.71018244e+00  9.47108505e-05 -2.71015388e-03  9.47108505e-05  5.00000000e+00 
 9.47404918e-05  2.71018244e+00  9.47404918e-05 -2.71021083e-03  9.47404918e-05  5.00000000e+00 
 9.47701331e-05  2.71018244e+00  9.47701331e-05 -2.71015434e-03  9.47701331e-05  5.00000000e+00 
 9.47997745e-05  2.71018244e+00  9.47997745e-05 -2.71021036e-03  9.47997745e-05  5.00000000e+00 
 9.48294158e-05  2.71018244e+00  9.48294158e-05 -2.71015480e-03  9.48294158e-05  5.00000000e+00 
 9.48590572e-05  2.71018244e+00  9.48590572e-05 -2.71020991e-03  9.48590572e-05  5.00000000e+00 
 9.48886985e-05  2.71018244e+00  9.48886985e-05 -2.71015526e-03  9.48886985e-05  5.00000000e+00 
 9.49183398e-05  2.71018244e+00  9.49183398e-05 -2.71020946e-03  9.49183398e-05  5.00000000e+00 
 9.49479812e-05  2.71018244e+00  9.49479812e-05 -2.71015570e-03  9.49479812e-05  5.00000000e+00 
 9.49776225e-05  2.71018244e+00  9.49776225e-05 -2.71020902e-03  9.49776225e-05  5.00000000e+00 
 9.50072638e-05  2.71018244e+00  9.50072638e-05 -2.71015614e-03  9.50072638e-05  5.00000000e+00 
 9.50369052e-05  2.71018244e+00  9.50369052e-05 -2.71020858e-03  9.50369052e-05  5.00000000e+00 
 9.50665465e-05  2.71018244e+00  9.50665465e-05 -2.71015657e-03  9.50665465e-05  5.00000000e+00 
 9.50961879e-05  2.71018244e+00  9.50961879e-05 -2.71020816e-03  9.50961879e-05  5.00000000e+00 
 9.51258292e-05  2.71018244e+00  9.51258292e-05 -2.71015699e-03  9.51258292e-05  5.00000000e+00 
 9.51554705e-05  2.71018244e+00  9.51554705e-05 -2.71020774e-03  9.51554705e-05  5.00000000e+00 
 9.51851119e-05  2.71018244e+00  9.51851119e-05 -2.71015741e-03  9.51851119e-05  5.00000000e+00 
 9.52147532e-05  2.71018244e+00  9.52147532e-05 -2.71020732e-03  9.52147532e-05  5.00000000e+00 
 9.52443945e-05  2.71018244e+00  9.52443945e-05 -2.71015782e-03  9.52443945e-05  5.00000000e+00 
 9.52740359e-05  2.71018244e+00  9.52740359e-05 -2.71020692e-03  9.52740359e-05  5.00000000e+00 
 9.53036772e-05  2.71018244e+00  9.53036772e-05 -2.71015822e-03  9.53036772e-05  5.00000000e+00 
 9.53333186e-05  2.71018244e+00  9.53333186e-05 -2.71020652e-03  9.53333186e-05  5.00000000e+00 
 9.53629599e-05  2.71018244e+00  9.53629599e-05 -2.71015862e-03  9.53629599e-05  5.00000000e+00 
 9.53926012e-05  2.71018244e+00  9.53926012e-05 -2.71020613e-03  9.53926012e-05  5.00000000e+00 
 9.54222426e-05  2.71018244e+00  9.54222426e-05 -2.71015901e-03  9.54222426e-05  5.00000000e+00 
 9.54518839e-05  2.71018244e+00  9.54518839e-05 -2.71020574e-03  9.54518839e-05  5.00000000e+00 
 9.54815252e-05  2.71018244e+00  9.54815252e-05 -2.71015939e-03  9.54815252e-05  5.00000000e+00 
 9.55111666e-05  2.71018244e+00  9.55111666e-05 -2.71020536e-03  9.55111666e-05  5.00000000e+00 
 9.55408079e-05  2.71018244e+00  9.55408079e-05 -2.71015977e-03  9.55408079e-05  5.00000000e+00 
 9.55704493e-05  2.71018244e+00  9.55704493e-05 -2.71020498e-03  9.55704493e-05  5.00000000e+00 
 9.56000906e-05  2.71018244e+00  9.56000906e-05 -2.71016014e-03  9.56000906e-05  5.00000000e+00 
 9.56297319e-05  2.71018244e+00  9.56297319e-05 -2.71020462e-03  9.56297319e-05  5.00000000e+00 
 9.56593733e-05  2.71018244e+00  9.56593733e-05 -2.71016050e-03  9.56593733e-05  5.00000000e+00 
 9.56890146e-05  2.71018244e+00  9.56890146e-05 -2.71020426e-03  9.56890146e-05  5.00000000e+00 
 9.57186559e-05  2.71018244e+00  9.57186559e-05 -2.71016086e-03  9.57186559e-05  5.00000000e+00 
 9.57482973e-05  2.71018244e+00  9.57482973e-05 -2.71020390e-03  9.57482973e-05  5.00000000e+00 
 9.57779386e-05  2.71018244e+00  9.57779386e-05 -2.71016121e-03  9.57779386e-05  5.00000000e+00 
 9.58075800e-05  2.71018244e+00  9.58075800e-05 -2.71020355e-03  9.58075800e-05  5.00000000e+00 
 9.58372213e-05  2.71018244e+00  9.58372213e-05 -2.71016156e-03  9.58372213e-05  5.00000000e+00 
 9.58668626e-05  2.71018244e+00  9.58668626e-05 -2.71020321e-03  9.58668626e-05  5.00000000e+00 
 9.58965040e-05  2.71018244e+00  9.58965040e-05 -2.71016190e-03  9.58965040e-05  5.00000000e+00 
 9.59261453e-05  2.71018244e+00  9.59261453e-05 -2.71020287e-03  9.59261453e-05  5.00000000e+00 
 9.59557866e-05  2.71018244e+00  9.59557866e-05 -2.71016224e-03  9.59557866e-05  5.00000000e+00 
 9.59854280e-05  2.71018244e+00  9.59854280e-05 -2.71020253e-03  9.59854280e-05  5.00000000e+00 
 9.60150693e-05  2.71018244e+00  9.60150693e-05 -2.71016257e-03  9.60150693e-05  5.00000000e+00 
 9.60447107e-05  2.71018244e+00  9.60447107e-05 -2.71020221e-03  9.60447107e-05  5.00000000e+00 
 9.60743520e-05  2.71018244e+00  9.60743520e-05 -2.71016289e-03  9.60743520e-05  5.00000000e+00 
 9.61039933e-05  2.71018244e+00  9.61039933e-05 -2.71020188e-03  9.61039933e-05  5.00000000e+00 
 9.61336347e-05  2.71018244e+00  9.61336347e-05 -2.71016321e-03  9.61336347e-05  5.00000000e+00 
 9.61632760e-05  2.71018244e+00  9.61632760e-05 -2.71020157e-03  9.61632760e-05  5.00000000e+00 
 9.61929174e-05  2.71018244e+00  9.61929174e-05 -2.71016353e-03  9.61929174e-05  5.00000000e+00 
 9.62225587e-05  2.71018244e+00  9.62225587e-05 -2.71020126e-03  9.62225587e-05  5.00000000e+00 
 9.62522000e-05  2.71018244e+00  9.62522000e-05 -2.71016384e-03  9.62522000e-05  5.00000000e+00 
 9.62818414e-05  2.71018244e+00  9.62818414e-05 -2.71020095e-03  9.62818414e-05  5.00000000e+00 
 9.63114827e-05  2.71018244e+00  9.63114827e-05 -2.71016414e-03  9.63114827e-05  5.00000000e+00 
 9.63411240e-05  2.71018244e+00  9.63411240e-05 -2.71020065e-03  9.63411240e-05  5.00000000e+00 
 9.63707654e-05  2.71018244e+00  9.63707654e-05 -2.71016444e-03  9.63707654e-05  5.00000000e+00 
 9.64004067e-05  2.71018244e+00  9.64004067e-05 -2.71020035e-03  9.64004067e-05  5.00000000e+00 
 9.64300481e-05  2.71018244e+00  9.64300481e-05 -2.71016473e-03  9.64300481e-05  5.00000000e+00 
 9.64596894e-05  2.71018244e+00  9.64596894e-05 -2.71020006e-03  9.64596894e-05  5.00000000e+00 
 9.64893307e-05  2.71018244e+00  9.64893307e-05 -2.71016502e-03  9.64893307e-05  5.00000000e+00 
 9.65189721e-05  2.71018244e+00  9.65189721e-05 -2.71019977e-03  9.65189721e-05  5.00000000e+00 
 9.65486134e-05  2.71018244e+00  9.65486134e-05 -2.71016531e-03  9.65486134e-05  5.00000000e+00 
 9.65782547e-05  2.71018244e+00  9.65782547e-05 -2.71019949e-03  9.65782547e-05  5.00000000e+00 
 9.66078961e-05  2.71018244e+00  9.66078961e-05 -2.71016559e-03  9.66078961e-05  5.00000000e+00 
 9.66375374e-05  2.71018244e+00  9.66375374e-05 -2.71019921e-03  9.66375374e-05  5.00000000e+00 
 9.66671788e-05  2.71018244e+00  9.66671788e-05 -2.71016586e-03  9.66671788e-05  5.00000000e+00 
 9.66968201e-05  2.71018244e+00  9.66968201e-05 -2.71019894e-03  9.66968201e-05  5.00000000e+00 
 9.67264614e-05  2.71018244e+00  9.67264614e-05 -2.71016613e-03  9.67264614e-05  5.00000000e+00 
 9.67561028e-05  2.71018244e+00  9.67561028e-05 -2.71019867e-03  9.67561028e-05  5.00000000e+00 
 9.67857441e-05  2.71018244e+00  9.67857441e-05 -2.71016640e-03  9.67857441e-05  5.00000000e+00 
 9.68153854e-05  2.71018244e+00  9.68153854e-05 -2.71019841e-03  9.68153854e-05  5.00000000e+00 
 9.68450268e-05  2.71018244e+00  9.68450268e-05 -2.71016666e-03  9.68450268e-05  5.00000000e+00 
 9.68746681e-05  2.71018244e+00  9.68746681e-05 -2.71019815e-03  9.68746681e-05  5.00000000e+00 
 9.69043095e-05  2.71018244e+00  9.69043095e-05 -2.71016692e-03  9.69043095e-05  5.00000000e+00 
 9.69339508e-05  2.71018244e+00  9.69339508e-05 -2.71019789e-03  9.69339508e-05  5.00000000e+00 
 9.69635921e-05  2.71018244e+00  9.69635921e-05 -2.71016717e-03  9.69635921e-05  5.00000000e+00 
 9.69932335e-05  2.71018244e+00  9.69932335e-05 -2.71019764e-03  9.69932335e-05  5.00000000e+00 
 9.70228748e-05  2.71018244e+00  9.70228748e-05 -2.71016742e-03  9.70228748e-05  5.00000000e+00 
 9.70525161e-05  2.71018244e+00  9.70525161e-05 -2.71019739e-03  9.70525161e-05  5.00000000e+00 
 9.70821575e-05  2.71018244e+00  9.70821575e-05 -2.71016767e-03  9.70821575e-05  5.00000000e+00 
 9.71117988e-05  2.71018244e+00  9.71117988e-05 -2.71019715e-03  9.71117988e-05  5.00000000e+00 
 9.71414402e-05  2.71018244e+00  9.71414402e-05 -2.71016791e-03  9.71414402e-05  5.00000000e+00 
 9.71710815e-05  2.71018244e+00  9.71710815e-05 -2.71019691e-03  9.71710815e-05  5.00000000e+00 
 9.72007228e-05  2.71018244e+00  9.72007228e-05 -2.71016815e-03  9.72007228e-05  5.00000000e+00 
 9.72303642e-05  2.71018244e+00  9.72303642e-05 -2.71019668e-03  9.72303642e-05  5.00000000e+00 
 9.72600055e-05  2.71018244e+00  9.72600055e-05 -2.71016838e-03  9.72600055e-05  5.00000000e+00 
 9.72896468e-05  2.71018244e+00  9.72896468e-05 -2.71019644e-03  9.72896468e-05  5.00000000e+00 
 9.73192882e-05  2.71018244e+00  9.73192882e-05 -2.71016861e-03  9.73192882e-05  5.00000000e+00 
 9.73489295e-05  2.71018244e+00  9.73489295e-05 -2.71019622e-03  9.73489295e-05  5.00000000e+00 
 9.73785709e-05  2.71018244e+00  9.73785709e-05 -2.71016883e-03  9.73785709e-05  5.00000000e+00 
 9.74082122e-05  2.71018244e+00  9.74082122e-05 -2.71019599e-03  9.74082122e-05  5.00000000e+00 
 9.74378535e-05  2.71018244e+00  9.74378535e-05 -2.71016906e-03  9.74378535e-05  5.00000000e+00 
 9.74674949e-05  2.71018244e+00  9.74674949e-05 -2.71019577e-03  9.74674949e-05  5.00000000e+00 
 9.74971362e-05  2.71018244e+00  9.74971362e-05 -2.71016927e-03  9.74971362e-05  5.00000000e+00 
 9.75267775e-05  2.71018244e+00  9.75267775e-05 -2.71019556e-03  9.75267775e-05  5.00000000e+00 
 9.75564189e-05  2.71018244e+00  9.75564189e-05 -2.71016949e-03  9.75564189e-05  5.00000000e+00 
 9.75860602e-05  2.71018244e+00  9.75860602e-05 -2.71019534e-03  9.75860602e-05  5.00000000e+00 
 9.76157016e-05  2.71018244e+00  9.76157016e-05 -2.71016970e-03  9.76157016e-05  5.00000000e+00 
 9.76453429e-05  2.71018244e+00  9.76453429e-05 -2.71019513e-03  9.76453429e-05  5.00000000e+00 
 9.76749842e-05  2.71018244e+00  9.76749842e-05 -2.71016991e-03  9.76749842e-05  5.00000000e+00 
 9.77046256e-05  2.71018244e+00  9.77046256e-05 -2.71019493e-03  9.77046256e-05  5.00000000e+00 
 9.77342669e-05  2.71018244e+00  9.77342669e-05 -2.71017011e-03  9.77342669e-05  5.00000000e+00 
 9.77639083e-05  2.71018244e+00  9.77639083e-05 -2.71019472e-03  9.77639083e-05  5.00000000e+00 
 9.77935496e-05  2.71018244e+00  9.77935496e-05 -2.71017031e-03  9.77935496e-05  5.00000000e+00 
 9.78231909e-05  2.71018244e+00  9.78231909e-05 -2.71019452e-03  9.78231909e-05  5.00000000e+00 
 9.78528323e-05  2.71018244e+00  9.78528323e-05 -2.71017051e-03  9.78528323e-05  5.00000000e+00 
 9.78824736e-05  2.71018244e+00  9.78824736e-05 -2.71019433e-03  9.78824736e-05  5.00000000e+00 
 9.79121149e-05  2.71018244e+00  9.79121149e-05 -2.71017071e-03  9.79121149e-05  5.00000000e+00 
 9.79417563e-05  2.71018244e+00  9.79417563e-05 -2.71019414e-03  9.79417563e-05  5.00000000e+00 
 9.79713976e-05  2.71018244e+00  9.79713976e-05 -2.71017090e-03  9.79713976e-05  5.00000000e+00 
 9.80010390e-05  2.71018244e+00  9.80010390e-05 -2.71019395e-03  9.80010390e-05  5.00000000e+00 
 9.80306803e-05  2.71018244e+00  9.80306803e-05 -2.71017109e-03  9.80306803e-05  5.00000000e+00 
 9.80603216e-05  2.71018244e+00  9.80603216e-05 -2.71019376e-03  9.80603216e-05  5.00000000e+00 
 9.80899630e-05  2.71018244e+00  9.80899630e-05 -2.71017127e-03  9.80899630e-05  5.00000000e+00 
 9.81196043e-05  2.71018244e+00  9.81196043e-05 -2.71019358e-03  9.81196043e-05  5.00000000e+00 
 9.81492456e-05  2.71018244e+00  9.81492456e-05 -2.71017145e-03  9.81492456e-05  5.00000000e+00 
 9.81788870e-05  2.71018244e+00  9.81788870e-05 -2.71019339e-03  9.81788870e-05  5.00000000e+00 
 9.82085283e-05  2.71018244e+00  9.82085283e-05 -2.71017163e-03  9.82085283e-05  5.00000000e+00 
 9.82381697e-05  2.71018244e+00  9.82381697e-05 -2.71019322e-03  9.82381697e-05  5.00000000e+00 
 9.82678110e-05  2.71018244e+00  9.82678110e-05 -2.71017181e-03  9.82678110e-05  5.00000000e+00 
 9.82974523e-05  2.71018244e+00  9.82974523e-05 -2.71019304e-03  9.82974523e-05  5.00000000e+00 
 9.83270937e-05  2.71018244e+00  9.83270937e-05 -2.71017198e-03  9.83270937e-05  5.00000000e+00 
 9.83567350e-05  2.71018244e+00  9.83567350e-05 -2.71019287e-03  9.83567350e-05  5.00000000e+00 
 9.83863763e-05  2.71018244e+00  9.83863763e-05 -2.71017215e-03  9.83863763e-05  5.00000000e+00 
 9.84160177e-05  2.71018244e+00  9.84160177e-05 -2.71019270e-03  9.84160177e-05  5.00000000e+00 
 9.84456590e-05  2.71018244e+00  9.84456590e-05 -2.71017232e-03  9.84456590e-05  5.00000000e+00 
 9.84753004e-05  2.71018244e+00  9.84753004e-05 -2.71019254e-03  9.84753004e-05  5.00000000e+00 
 9.85049417e-05  2.71018244e+00  9.85049417e-05 -2.71017248e-03  9.85049417e-05  5.00000000e+00 
 9.85345830e-05  2.71018244e+00  9.85345830e-05 -2.71019237e-03  9.85345830e-05  5.00000000e+00 
 9.85642244e-05  2.71018244e+00  9.85642244e-05 -2.71017265e-03  9.85642244e-05  5.00000000e+00 
 9.85938657e-05  2.71018244e+00  9.85938657e-05 -2.71019221e-03  9.85938657e-05  5.00000000e+00 
 9.86235070e-05  2.71018244e+00  9.86235070e-05 -2.71017281e-03  9.86235070e-05  5.00000000e+00 
 9.86531484e-05  2.71018244e+00  9.86531484e-05 -2.71019205e-03  9.86531484e-05  5.00000000e+00 
 9.86827897e-05  2.71018244e+00  9.86827897e-05 -2.71017296e-03  9.86827897e-05  5.00000000e+00 
 9.87124311e-05  2.71018244e+00  9.87124311e-05 -2.71019190e-03  9.87124311e-05  5.00000000e+00 
 9.87420724e-05  2.71018244e+00  9.87420724e-05 -2.71017312e-03  9.87420724e-05  5.00000000e+00 
 9.87717137e-05  2.71018244e+00  9.87717137e-05 -2.71019174e-03  9.87717137e-05  5.00000000e+00 
 9.88013551e-05  2.71018244e+00  9.88013551e-05 -2.71017327e-03  9.88013551e-05  5.00000000e+00 
 9.88309964e-05  2.71018244e+00  9.88309964e-05 -2.71019159e-03  9.88309964e-05  5.00000000e+00 
 9.88606377e-05  2.71018244e+00  9.88606377e-05 -2.71017342e-03  9.88606377e-05  5.00000000e+00 
 9.88902791e-05  2.71018244e+00  9.88902791e-05 -2.71019145e-03  9.88902791e-05  5.00000000e+00 
 9.89199204e-05  2.71018244e+00  9.89199204e-05 -2.71017357e-03  9.89199204e-05  5.00000000e+00 
 9.89495618e-05  2.71018244e+00  9.89495618e-05 -2.71019130e-03  9.89495618e-05  5.00000000e+00 
 9.89792031e-05  2.71018244e+00  9.89792031e-05 -2.71017371e-03  9.89792031e-05  5.00000000e+00 
 9.90088444e-05  2.71018244e+00  9.90088444e-05 -2.71019116e-03  9.90088444e-05  5.00000000e+00 
 9.90384858e-05  2.71018244e+00  9.90384858e-05 -2.71017385e-03  9.90384858e-05  5.00000000e+00 
 9.90681271e-05  2.71018244e+00  9.90681271e-05 -2.71019102e-03  9.90681271e-05  5.00000000e+00 
 9.90977685e-05  2.71018244e+00  9.90977685e-05 -2.71017399e-03  9.90977685e-05  5.00000000e+00 
 9.91274098e-05  2.71018244e+00  9.91274098e-05 -2.71019088e-03  9.91274098e-05  5.00000000e+00 
 9.91570511e-05  2.71018244e+00  9.91570511e-05 -2.71017413e-03  9.91570511e-05  5.00000000e+00 
 9.91866925e-05  2.71018244e+00  9.91866925e-05 -2.71019074e-03  9.91866925e-05  5.00000000e+00 
 9.92163338e-05  2.71018244e+00  9.92163338e-05 -2.71017426e-03  9.92163338e-05  5.00000000e+00 
 9.92459751e-05  2.71018244e+00  9.92459751e-05 -2.71019061e-03  9.92459751e-05  5.00000000e+00 
 9.92756165e-05  2.71018244e+00  9.92756165e-05 -2.71017440e-03  9.92756165e-05  5.00000000e+00 
 9.93052578e-05  2.71018244e+00  9.93052578e-05 -2.71019048e-03  9.93052578e-05  5.00000000e+00 
 9.93348992e-05  2.71018244e+00  9.93348992e-05 -2.71017453e-03  9.93348992e-05  5.00000000e+00 
 9.93645405e-05  2.71018244e+00  9.93645405e-05 -2.71019035e-03  9.93645405e-05  5.00000000e+00 
 9.93941818e-05  2.71018244e+00  9.93941818e-05 -2.71017466e-03  9.93941818e-05  5.00000000e+00 
 9.94238232e-05  2.71018244e+00  9.94238232e-05 -2.71019022e-03  9.94238232e-05  5.00000000e+00 
 9.94534645e-05  2.71018244e+00  9.94534645e-05 -2.71017478e-03  9.94534645e-05  5.00000000e+00 
 9.94831058e-05  2.71018244e+00  9.94831058e-05 -2.71019009e-03  9.94831058e-05  5.00000000e+00 
 9.95127472e-05  2.71018244e+00  9.95127472e-05 -2.71017491e-03  9.95127472e-05  5.00000000e+00 
 9.95423885e-05  2.71018244e+00  9.95423885e-05 -2.71018997e-03  9.95423885e-05  5.00000000e+00 
 9.95720299e-05  2.71018244e+00  9.95720299e-05 -2.71017503e-03  9.95720299e-05  5.00000000e+00 
 9.96016712e-05  2.71018244e+00  9.96016712e-05 -2.71018985e-03  9.96016712e-05  5.00000000e+00 
 9.96313125e-05  2.71018244e+00  9.96313125e-05 -2.71017515e-03  9.96313125e-05  5.00000000e+00 
 9.96609539e-05  2.71018244e+00  9.96609539e-05 -2.71018973e-03  9.96609539e-05  5.00000000e+00 
 9.96905952e-05  2.71018244e+00  9.96905952e-05 -2.71017527e-03  9.96905952e-05  5.00000000e+00 
 9.97202365e-05  2.71018244e+00  9.97202365e-05 -2.71018961e-03  9.97202365e-05  5.00000000e+00 
 9.97498779e-05  2.71018244e+00  9.97498779e-05 -2.71017539e-03  9.97498779e-05  5.00000000e+00 
 9.97795192e-05  2.71018244e+00  9.97795192e-05 -2.71018950e-03  9.97795192e-05  5.00000000e+00 
 9.98091606e-05  2.71018244e+00  9.98091606e-05 -2.71017550e-03  9.98091606e-05  5.00000000e+00 
 9.98388019e-05  2.71018244e+00  9.98388019e-05 -2.71018938e-03  9.98388019e-05  5.00000000e+00 
 9.98684432e-05  2.71018244e+00  9.98684432e-05 -2.71017561e-03  9.98684432e-05  5.00000000e+00 
 9.98980846e-05  2.71018244e+00  9.98980846e-05 -2.71018927e-03  9.98980846e-05  5.00000000e+00 
 9.99277259e-05  2.71018244e+00  9.99277259e-05 -2.71017572e-03  9.99277259e-05  5.00000000e+00 
 9.99573672e-05  2.71018244e+00  9.99573672e-05 -2.71018916e-03  9.99573672e-05  5.00000000e+00 
 9.99786836e-05  2.71018244e+00  9.99786836e-05 -2.71017585e-03  9.99786836e-05  5.00000000e+00 
 1.00000000e-04  2.71018244e+00  1.00000000e-04 -2.71018901e-03  1.00000000e-04  5.00000000e+00 
