 0.00000000e+00  5.90192003e-10  0.00000000e+00 -2.46101920e-11  0.00000000e+00  0.00000000e+00 
 4.95763454e-10  7.09811403e-07  4.95763454e-10  1.46349986e-07  4.95763454e-10  5.00000000e-03 
 5.10645901e-10  7.31727961e-07  5.10645901e-10  1.46349981e-07  5.10645901e-10  5.15009625e-03 
 5.40410796e-10  7.76728190e-07  5.40410796e-10  1.46349977e-07  5.40410796e-10  5.45028876e-03 
 5.99940585e-10  8.71688674e-07  5.99940585e-10  1.46349970e-07  5.99940585e-10  6.05067377e-03 
 7.19000164e-10  1.05897362e-06  7.19000164e-10  1.46349954e-07  7.19000164e-10  7.25144379e-03 
 8.41644787e-10  1.22955847e-06  8.41644787e-10  1.46349939e-07  8.41644787e-10  8.48837061e-03 
 1.00803287e-09  1.45402877e-06  1.00803287e-09  1.46349919e-07  1.00803287e-09  1.01664701e-02 
 1.15990800e-09  1.68622205e-06  1.15990800e-09  1.46349898e-07  1.15990800e-09  1.16981999e-02 
 1.35690267e-09  1.98223866e-06  1.35690267e-09  1.46349869e-07  1.35690267e-09  1.36849808e-02 
 1.53346889e-09  2.21757300e-06  1.53346889e-09  1.46349844e-07  1.53346889e-09  1.54657314e-02 
 1.71758220e-09  2.48385334e-06  1.71758220e-09  1.46349816e-07  1.71758220e-09  1.73225980e-02 
 1.88383123e-09  2.74110352e-06  1.88383123e-09  1.46349788e-07  1.88383123e-09  1.89992951e-02 
 2.07219584e-09  2.99934793e-06  2.07219584e-09  1.46349757e-07  2.07219584e-09  2.08990379e-02 
 2.27652392e-09  3.28086778e-06  2.27652392e-09  1.46349722e-07  2.27652392e-09  2.29597795e-02 
 2.47734483e-09  3.58835373e-06  2.47734483e-09  1.46349683e-07  2.47734483e-09  2.49851498e-02 
 2.68183946e-09  3.87423657e-06  2.68183946e-09  1.46349643e-07  2.68183946e-09  2.70475712e-02 
 2.86559227e-09  4.11969950e-06  2.86559227e-09  1.46349607e-07  2.86559227e-09  2.89008019e-02 
 3.05832086e-09  4.41070330e-06  3.05832086e-09  1.46349564e-07  3.05832086e-09  3.08445574e-02 
 3.30528327e-09  4.76273041e-06  3.30528327e-09  1.46349508e-07  3.30528327e-09  3.33352857e-02 
 3.49702251e-09  5.01493618e-06  3.49702251e-09  1.46349464e-07  3.49702251e-09  3.52690631e-02 
 3.70089111e-09  5.31734453e-06  3.70089111e-09  1.46349411e-07  3.70089111e-09  3.73251707e-02 
 3.94440617e-09  5.66655375e-06  3.94440617e-09  1.46349345e-07  3.94440617e-09  3.97811309e-02 
 4.14196274e-09  5.92388866e-06  4.14196274e-09  1.46349292e-07  4.14196274e-09  4.17735788e-02 
 4.34758862e-09  6.22415069e-06  4.34758862e-09  1.46349230e-07  4.34758862e-09  4.38474093e-02 
 4.56516783e-09  6.53899697e-06  4.56516783e-09  1.46349161e-07  4.56516783e-09  4.60417946e-02 
 4.78178860e-09  6.82027364e-06  4.78178860e-09  1.46349092e-07  4.78178860e-09  4.82265137e-02 
 4.97714234e-09  7.10048130e-06  4.97714234e-09  1.46349024e-07  4.97714234e-09  5.01967450e-02 
 5.17117875e-09  7.38497512e-06  5.17117875e-09  1.46348951e-07  5.17117875e-09  5.21536905e-02 
 5.37543496e-09  7.64920924e-06  5.37543496e-09  1.46348876e-07  5.37543496e-09  5.42137073e-02 
 5.58419762e-09  7.93923597e-06  5.58419762e-09  1.46348792e-07  5.58419762e-09  5.63191737e-02 
 5.76775147e-09  8.21136476e-06  5.76775147e-09  1.46348711e-07  5.76775147e-09  5.81703978e-02 
 5.97091989e-09  8.47679902e-06  5.97091989e-09  1.46348624e-07  5.97091989e-09  6.02194438e-02 
 6.20816848e-09  8.79728143e-06  6.20816848e-09  1.46348514e-07  6.20816848e-09  6.26122038e-02 
 6.41475982e-09  9.10155774e-06  6.41475982e-09  1.46348408e-07  6.41475982e-09  6.46957714e-02 
 6.62834974e-09  9.38144414e-06  6.62834974e-09  1.46348299e-07  6.62834974e-09  6.68499229e-02 
 6.85637231e-09  9.68454367e-06  6.85637231e-09  1.46348176e-07  6.85637231e-09  6.91496343e-02 
 7.07697207e-09  1.00068403e-05  7.07697207e-09  1.46348043e-07  7.07697207e-09  7.13744832e-02 
 7.28894218e-09  1.02842742e-05  7.28894218e-09  1.46347915e-07  7.28894218e-09  7.35122982e-02 
 7.50386360e-09  1.05653311e-05  7.50386360e-09  1.46347779e-07  7.50386360e-09  7.56798785e-02 
 7.71683170e-09  1.08751580e-05  7.71683170e-09  1.46347628e-07  7.71683170e-09  7.78277587e-02 
 7.93089262e-09  1.11568962e-05  7.93089262e-09  1.46347475e-07  7.93089262e-09  7.99866605e-02 
 8.12849395e-09  1.14095183e-05  8.12849395e-09  1.46347330e-07  8.12849395e-09  8.19795598e-02 
 8.33138587e-09  1.17024809e-05  8.33138587e-09  1.46347163e-07  8.33138587e-09  8.40258171e-02 
 8.56237600e-09  1.20104505e-05  8.56237600e-09  1.46346968e-07  8.56237600e-09  8.63554577e-02 
 8.75105767e-09  1.22464384e-05  8.75105767e-09  1.46346807e-07  8.75105767e-09  8.82583982e-02 
 8.95276966e-09  1.25334398e-05  8.95276966e-09  1.46346614e-07  8.95276966e-09  9.02927554e-02 
 9.23501570e-09  1.29121233e-05  9.23501570e-09  1.46346334e-07  9.23501570e-09  9.31393351e-02 
 9.44598460e-09  1.31748466e-05  9.44598460e-09  1.46346120e-07  9.44598460e-09  9.52670524e-02 
 9.66598975e-09  1.34850635e-05  9.66598975e-09  1.46345869e-07  9.66598975e-09  9.74859045e-02 
 9.96428219e-09  1.38803053e-05  9.96428219e-09  1.46345516e-07  9.96428219e-09  1.00494319e-01 
 1.01878336e-08  1.41589021e-05  1.01878336e-08  1.46345243e-07  1.01878336e-08  1.02748937e-01 
 1.04197525e-08  1.44848275e-05  1.04197525e-08  1.46344924e-07  1.04197525e-08  1.05087945e-01 
 1.07315811e-08  1.48898221e-05  1.07315811e-08  1.46344480e-07  1.07315811e-08  1.08232878e-01 
 1.09688968e-08  1.51879751e-05  1.09688968e-08  1.46344126e-07  1.09688968e-08  1.10626315e-01 
 1.12156548e-08  1.55329483e-05  1.12156548e-08  1.46343712e-07  1.12156548e-08  1.13114981e-01 
 1.14828678e-08  1.58707719e-05  1.14828678e-08  1.46343256e-07  1.14828678e-08  1.15809946e-01 
 1.17257286e-08  1.61781540e-05  1.17257286e-08  1.46342815e-07  1.17257286e-08  1.18259308e-01 
 1.19696328e-08  1.65167836e-05  1.19696328e-08  1.46342321e-07  1.19696328e-08  1.20719193e-01 
 1.22028122e-08  1.68050656e-05  1.22028122e-08  1.46341846e-07  1.22028122e-08  1.23070913e-01 
 1.24531439e-08  1.71225951e-05  1.24531439e-08  1.46341300e-07  1.24531439e-08  1.25595622e-01 
 1.26951765e-08  1.74557756e-05  1.26951765e-08  1.46340713e-07  1.26951765e-08  1.28036631e-01 
 1.29161469e-08  1.77245288e-05  1.29161469e-08  1.46340177e-07  1.29161469e-08  1.30265218e-01 
 1.31817676e-08  1.80619085e-05  1.31817676e-08  1.46339481e-07  1.31817676e-08  1.32944124e-01 
 1.34027632e-08  1.83646764e-05  1.34027632e-08  1.46338840e-07  1.34027632e-08  1.35172965e-01 
 1.36308919e-08  1.86393250e-05  1.36308919e-08  1.46338180e-07  1.36308919e-08  1.37473746e-01 
 1.39145782e-08  1.89999252e-05  1.39145782e-08  1.46337286e-07  1.39145782e-08  1.40334852e-01 
 1.41429715e-08  1.93086024e-05  1.41429715e-08  1.46336493e-07  1.41429715e-08  1.42638303e-01 
 1.43800536e-08  1.95900772e-05  1.43800536e-08  1.46335671e-07  1.43800536e-08  1.45029384e-01 
 1.46866891e-08  1.99823428e-05  1.46866891e-08  1.46334496e-07  1.46866891e-08  1.48121942e-01 
 1.49263855e-08  2.02992335e-05  1.49263855e-08  1.46333492e-07  1.49263855e-08  1.50539389e-01 
 1.51785294e-08  2.05948595e-05  1.51785294e-08  1.46332430e-07  1.51785294e-08  1.53082375e-01 
 1.54353840e-08  2.09275407e-05  1.54353840e-08  1.46331226e-07  1.54353840e-08  1.55672871e-01 
 1.56697034e-08  2.12316374e-05  1.56697034e-08  1.46330051e-07  1.56697034e-08  1.58036088e-01 
 1.58853998e-08  2.14800375e-05  1.58853998e-08  1.46328969e-07  1.58853998e-08  1.60211484e-01 
 1.61084992e-08  2.17682631e-05  1.61084992e-08  1.46327725e-07  1.61084992e-08  1.62461544e-01 
 1.63227161e-08  2.20467777e-05  1.63227161e-08  1.46326454e-07  1.63227161e-08  1.64622019e-01 
 1.65432352e-08  2.22994420e-05  1.65432352e-08  1.46325150e-07  1.65432352e-08  1.66846054e-01 
 1.67491771e-08  2.25616299e-05  1.67491771e-08  1.46323807e-07  1.67491771e-08  1.68923072e-01 
 1.69445792e-08  2.28183515e-05  1.69445792e-08  1.46322441e-07  1.69445792e-08  1.70893791e-01 
 1.71529675e-08  2.30562850e-05  1.71529675e-08  1.46321001e-07  1.71529675e-08  1.72995482e-01 
 1.73697490e-08  2.33243201e-05  1.73697490e-08  1.46319371e-07  1.73697490e-08  1.75181822e-01 
 1.75581032e-08  2.35740242e-05  1.75581032e-08  1.46317827e-07  1.75581032e-08  1.77081459e-01 
 1.77653444e-08  2.38124190e-05  1.77653444e-08  1.46316149e-07  1.77653444e-08  1.79171581e-01 
 1.80157532e-08  2.41146052e-05  1.80157532e-08  1.46313964e-07  1.80157532e-08  1.81697068e-01 
 1.82262047e-08  2.43914956e-05  1.82262047e-08  1.46311934e-07  1.82262047e-08  1.83819568e-01 
 1.84453146e-08  2.46432361e-05  1.84453146e-08  1.46309832e-07  1.84453146e-08  1.86029390e-01 
 1.87001399e-08  2.49481664e-05  1.87001399e-08  1.46307199e-07  1.87001399e-08  1.88599419e-01 
 1.89173411e-08  2.52316973e-05  1.89173411e-08  1.46304717e-07  1.89173411e-08  1.90789993e-01 
 1.91410854e-08  2.54868468e-05  1.91410854e-08  1.46302166e-07  1.91410854e-08  1.93046556e-01 
 1.94032072e-08  2.57992912e-05  1.94032072e-08  1.46298940e-07  1.94032072e-08  1.95690173e-01 
 1.96237425e-08  2.60846570e-05  1.96237425e-08  1.46295940e-07  1.96237425e-08  1.97914371e-01 
 1.98512589e-08  2.63413627e-05  1.98512589e-08  1.46292852e-07  1.98512589e-08  2.00208978e-01 
 2.01300627e-08  2.66738291e-05  2.01300627e-08  1.46288737e-07  2.01300627e-08  2.03020842e-01 
 2.03566069e-08  2.69632932e-05  2.03566069e-08  1.46285052e-07  2.03566069e-08  2.05305643e-01 
 2.05915201e-08  2.72246962e-05  2.05915201e-08  1.46281235e-07  2.05915201e-08  2.07674849e-01 
 2.09071816e-08  2.76036396e-05  2.09071816e-08  1.46275574e-07  2.09071816e-08  2.10858439e-01 
 2.11505333e-08  2.79071736e-05  2.11505333e-08  1.46270797e-07  2.11505333e-08  2.13312752e-01 
 2.14050725e-08  2.81866371e-05  2.14050725e-08  1.46265762e-07  2.14050725e-08  2.15879895e-01 
 2.16704475e-08  2.85102482e-05  2.16704475e-08  1.46259917e-07  2.16704475e-08  2.18556323e-01 
 2.19097153e-08  2.88021281e-05  2.19097153e-08  1.46254278e-07  2.19097153e-08  2.20969447e-01 
 2.21286487e-08  2.90381242e-05  2.21286487e-08  1.46249098e-07  2.21286487e-08  2.23177490e-01 
 2.23550329e-08  2.93146242e-05  2.23550329e-08  1.46243140e-07  2.23550329e-08  2.25460678e-01 
 2.25772411e-08  2.95852233e-05  2.25772411e-08  1.46236935e-07  2.25772411e-08  2.27701749e-01 
 2.28028826e-08  2.98271865e-05  2.28028826e-08  1.46230623e-07  2.28028826e-08  2.29977446e-01 
 2.30062357e-08  3.00731487e-05  2.30062357e-08  1.46224326e-07  2.30062357e-08  2.32028355e-01 
 2.32092776e-08  3.03226440e-05  2.32092776e-08  1.46217637e-07  2.32092776e-08  2.34076124e-01 
 2.34205008e-08  3.05473909e-05  2.34205008e-08  1.46210737e-07  2.34205008e-08  2.36206407e-01 
 2.36251461e-08  3.07879866e-05  2.36251461e-08  1.46203422e-07  2.36251461e-08  2.38270347e-01 
 2.38098548e-08  3.10186678e-05  2.38098548e-08  1.46196281e-07  2.38098548e-08  2.40133219e-01 
 2.40137618e-08  3.12371917e-05  2.40137618e-08  1.46188509e-07  2.40137618e-08  2.42189714e-01 
 2.42592534e-08  3.15167515e-05  2.42592534e-08  1.46178398e-07  2.42592534e-08  2.44665608e-01 
 2.44639698e-08  3.17713795e-05  2.44639698e-08  1.46169112e-07  2.44639698e-08  2.46730266e-01 
 2.46806373e-08  3.20042633e-05  2.46806373e-08  1.46159346e-07  2.46806373e-08  2.48915457e-01 
 2.49359162e-08  3.22917054e-05  2.49359162e-08  1.46146951e-07  2.49359162e-08  2.51490061e-01 
 2.51521486e-08  3.25584426e-05  2.51521486e-08  1.46135348e-07  2.51521486e-08  2.53670863e-01 
 2.53754746e-08  3.27969868e-05  2.53754746e-08  1.46123397e-07  2.53754746e-08  2.55923207e-01 
 2.56393082e-08  3.30930048e-05  2.56393082e-08  1.46108144e-07  2.56393082e-08  2.58584089e-01 
 2.58602416e-08  3.33630697e-05  2.58602416e-08  1.46094041e-07  2.58602416e-08  2.60812303e-01 
 2.60883837e-08  3.36041678e-05  2.60883837e-08  1.46079506e-07  2.60883837e-08  2.63113219e-01 
 2.63717681e-08  3.39227711e-05  2.63717681e-08  1.46059839e-07  2.63717681e-08  2.65971280e-01 
 2.66002337e-08  3.41981771e-05  2.66002337e-08  1.46042390e-07  2.66002337e-08  2.68275460e-01 
 2.68373674e-08  3.44452051e-05  2.68373674e-08  1.46024280e-07  2.68373674e-08  2.70667061e-01 
 2.71447974e-08  3.47938712e-05  2.71447974e-08  1.45998355e-07  2.71447974e-08  2.73767632e-01 
 2.73851211e-08  3.50768365e-05  2.73851211e-08  1.45976242e-07  2.73851211e-08  2.76191406e-01 
 2.76378245e-08  3.53368007e-05  2.76378245e-08  1.45952820e-07  2.76378245e-08  2.78740035e-01 
 2.78953388e-08  3.56335255e-05  2.78953388e-08  1.45926274e-07  2.78953388e-08  2.81337184e-01 
 2.81308794e-08  3.59054037e-05  2.81308794e-08  1.45900330e-07  2.81308794e-08  2.83712718e-01 
 2.83471919e-08  3.61238230e-05  2.83471919e-08  1.45876441e-07  2.83471919e-08  2.85894328e-01 
 2.85708513e-08  3.63813581e-05  2.85708513e-08  1.45849030e-07  2.85708513e-08  2.88150035e-01 
 2.87871858e-08  3.66316880e-05  2.87871858e-08  1.45820846e-07  2.87871858e-08  2.90331867e-01 
 2.90090759e-08  3.68548021e-05  2.90090759e-08  1.45791976e-07  2.90090759e-08  2.92569729e-01 
 2.92145767e-08  3.70882537e-05  2.92145767e-08  1.45762485e-07  2.92145767e-08  2.94642298e-01 
 2.94122850e-08  3.73198635e-05  2.94122850e-08  1.45732151e-07  2.94122850e-08  2.96636277e-01 
 2.96217029e-08  3.75296647e-05  2.96217029e-08  1.45700359e-07  2.96217029e-08  2.98748352e-01 
 2.98353335e-08  3.77650732e-05  2.98353335e-08  1.45665015e-07  2.98353335e-08  3.00902913e-01 
 3.00228854e-08  3.79877134e-05  3.00228854e-08  1.45631291e-07  3.00228854e-08  3.02794459e-01 
 3.02296558e-08  3.81969083e-05  3.02296558e-08  1.45594572e-07  3.02296558e-08  3.04879833e-01 
 3.04978708e-08  3.84854174e-05  3.04978708e-08  1.45543023e-07  3.04978708e-08  3.07584903e-01 
 3.07157371e-08  3.87412631e-05  3.07157371e-08  1.45496840e-07  3.07157371e-08  3.09782184e-01 
 3.09418867e-08  3.89692122e-05  3.09418867e-08  1.45449045e-07  3.09418867e-08  3.12063005e-01 
 3.12281222e-08  3.92778871e-05  3.12281222e-08  1.45383108e-07  3.12281222e-08  3.14949821e-01 
 3.14575377e-08  3.95434790e-05  3.14575377e-08  1.45324997e-07  3.14575377e-08  3.17263581e-01 
 3.16958510e-08  3.97806283e-05  3.16958510e-08  1.45264609e-07  3.16958510e-08  3.19667078e-01 
 3.19999557e-08  4.01122580e-05  3.19999557e-08  1.45179511e-07  3.19999557e-08  3.22734113e-01 
 3.22397929e-08  4.03836799e-05  3.22397929e-08  1.45106419e-07  3.22397929e-08  3.25152980e-01 
 3.24924727e-08  4.06324617e-05  3.24924727e-08  1.45028832e-07  3.24924727e-08  3.27701370e-01 
 3.27466697e-08  4.09146651e-05  3.27466697e-08  1.44942069e-07  3.27466697e-08  3.30265063e-01 
 3.29824912e-08  4.11766975e-05  3.29824912e-08  1.44856174e-07  3.29824912e-08  3.32643430e-01 
 3.31984599e-08  4.13857045e-05  3.31984599e-08  1.44777295e-07  3.31984599e-08  3.34821573e-01 
 3.34217125e-08  4.16336566e-05  3.34217125e-08  1.44686852e-07  3.34217125e-08  3.37073177e-01 
 3.36390620e-08  4.18762142e-05  3.36390620e-08  1.44593315e-07  3.36390620e-08  3.39265246e-01 
 3.38616666e-08  4.20912418e-05  3.38616666e-08  1.44497594e-07  3.38616666e-08  3.41510314e-01 
 3.40677738e-08  4.23175531e-05  3.40677738e-08  1.44399853e-07  3.40677738e-08  3.43588999e-01 
 3.42675587e-08  4.25435749e-05  3.42675587e-08  1.44298670e-07  3.42675587e-08  3.45603921e-01 
 3.44784707e-08  4.27468949e-05  3.44784707e-08  1.44192882e-07  3.44784707e-08  3.47731065e-01 
 3.46918375e-08  4.29748027e-05  3.46918375e-08  1.44076163e-07  3.46918375e-08  3.49882966e-01 
 3.48807207e-08  4.31918641e-05  3.48807207e-08  1.43964092e-07  3.48807207e-08  3.51787939e-01 
 3.50887444e-08  4.33946675e-05  3.50887444e-08  1.43842171e-07  3.50887444e-08  3.53885952e-01 
 3.53498832e-08  4.36673320e-05  3.53498832e-08  1.43676487e-07  3.53498832e-08  3.56519655e-01 
 3.55644109e-08  4.39123717e-05  3.55644109e-08  1.43526732e-07  3.55644109e-08  3.58683265e-01 
 3.57894157e-08  4.41320213e-05  3.57894157e-08  1.43370290e-07  3.57894157e-08  3.60952541e-01 
 3.60763962e-08  4.44329318e-05  3.60763962e-08  1.43152912e-07  3.60763962e-08  3.63846870e-01 
 3.63071582e-08  4.46933473e-05  3.63071582e-08  1.42960840e-07  3.63071582e-08  3.66174210e-01 
 3.65469189e-08  4.49254609e-05  3.65469189e-08  1.42761123e-07  3.65469189e-08  3.68592306e-01 
 3.68525121e-08  4.52512675e-05  3.68525121e-08  1.42480035e-07  3.68525121e-08  3.71674352e-01 
 3.70955516e-08  4.55200798e-05  3.70955516e-08  1.42236856e-07  3.70955516e-08  3.74125516e-01 
 3.73514454e-08  4.57666485e-05  3.73514454e-08  1.41978524e-07  3.73514454e-08  3.76706321e-01 
 3.76065297e-08  4.60455082e-05  3.76065297e-08  1.41692130e-07  3.76065297e-08  3.79278963e-01 
 3.78499908e-08  4.63103887e-05  3.78499908e-08  1.41401142e-07  3.78499908e-08  3.81734378e-01 
 3.80696174e-08  4.65198462e-05  3.80696174e-08  1.41137024e-07  3.80696174e-08  3.83949413e-01 
 3.82964204e-08  4.67701030e-05  3.82964204e-08  1.40833893e-07  3.82964204e-08  3.86236824e-01 
 3.85291860e-08  4.70241527e-05  3.85291860e-08  1.40505085e-07  3.85291860e-08  3.88584371e-01 
 3.87375898e-08  4.72224972e-05  3.87375898e-08  1.40210283e-07  3.87375898e-08  3.90686218e-01 
 3.89524790e-08  4.74588645e-05  3.89524790e-08  1.39873756e-07  3.89524790e-08  3.92853474e-01 
 3.91674595e-08  4.76974781e-05  3.91674595e-08  1.39516538e-07  3.91674595e-08  3.95021650e-01 
 3.93874941e-08  4.79086585e-05  3.93874941e-08  1.39151917e-07  3.93874941e-08  3.97240799e-01 
 3.95961568e-08  4.81362740e-05  3.95961568e-08  1.38771480e-07  3.95961568e-08  3.99345257e-01 
 3.97975446e-08  4.83643428e-05  3.97975446e-08  1.38378723e-07  3.97975446e-08  4.01376344e-01 
 4.00113932e-08  4.85714448e-05  4.00113932e-08  1.37965485e-07  4.00113932e-08  4.03533105e-01 
 4.02337481e-08  4.88102884e-05  4.02337481e-08  1.37496943e-07  4.02337481e-08  4.05775655e-01 
 4.04313063e-08  4.90380509e-05  4.04313063e-08  1.37045698e-07  4.04313063e-08  4.07768120e-01 
 4.06472222e-08  4.92507877e-05  4.06472222e-08  1.36557374e-07  4.06472222e-08  4.09945729e-01 
 4.09108706e-08  4.95327937e-05  4.09108706e-08  1.35909107e-07  4.09108706e-08  4.12604744e-01 
 4.11306926e-08  4.97869721e-05  4.11306926e-08  1.35317667e-07  4.11306926e-08  4.14821749e-01 
 4.13636852e-08  5.00192715e-05  4.13636852e-08  1.34692516e-07  4.13636852e-08  4.17171585e-01 
 4.16666343e-08  5.03504801e-05  4.16666343e-08  1.33799380e-07  4.16666343e-08  4.20226965e-01 
 4.19113846e-08  5.06318083e-05  4.19113846e-08  1.33012587e-07  4.19113846e-08  4.22695383e-01 
 4.21684189e-08  5.08911785e-05  4.21684189e-08  1.32179936e-07  4.21684189e-08  4.25287691e-01 
 4.24435168e-08  5.12041499e-05  4.24435168e-08  1.31190141e-07  4.24435168e-08  4.28062178e-01 
 4.27000358e-08  5.14972384e-05  4.27000358e-08  1.30203691e-07  4.27000358e-08  4.30649289e-01 
 4.29640400e-08  5.17696712e-05  4.29640400e-08  1.29169787e-07  4.29640400e-08  4.33311891e-01 
 4.32037628e-08  5.20540582e-05  4.32037628e-08  1.28121237e-07  4.32037628e-08  4.35729605e-01 
 4.34930190e-08  5.23838974e-05  4.34930190e-08  1.26794320e-07  4.34930190e-08  4.38646885e-01 
 4.37324035e-08  5.26379022e-05  4.37324035e-08  1.25664436e-07  4.37324035e-08  4.41061187e-01 
 4.39781415e-08  5.29394652e-05  4.39781415e-08  1.24366399e-07  4.39781415e-08  4.43539567e-01 
 4.43484303e-08  5.33640946e-05  4.43484303e-08  1.22323490e-07  4.43484303e-08  4.47274097e-01 
 4.46386506e-08  5.36946331e-05  4.46386506e-08  1.20611249e-07  4.46386506e-08  4.50201101e-01 
 4.49357304e-08  5.40707746e-05  4.49357304e-08  1.18654148e-07  4.49357304e-08  4.53197286e-01 
 4.52487968e-08  5.44306531e-05  4.52487968e-08  1.16536512e-07  4.52487968e-08  4.56354703e-01 
 4.56573448e-08  5.49391356e-05  4.56573448e-08  1.13455871e-07  4.56573448e-08  4.60475096e-01 
 4.59955404e-08  5.53733062e-05  4.59955404e-08  1.10650290e-07  4.59955404e-08  4.63885952e-01 
 4.63393515e-08  5.57922652e-05  4.63393515e-08  1.07662694e-07  4.63393515e-08  4.67353444e-01 
 4.66783779e-08  5.62569946e-05  4.66783779e-08  1.04329811e-07  4.66783779e-08  4.70772679e-01 
 4.71818130e-08  5.69206114e-05  4.71818130e-08  9.90269104e-08  4.71818130e-08  4.75850051e-01 
 4.76322493e-08  5.75489342e-05  4.76322493e-08  9.36820771e-08  4.76322493e-08  4.80392906e-01 
 4.80853891e-08  5.82138769e-05  4.80853891e-08  8.76523493e-08  4.80853891e-08  4.84963027e-01 
 4.85145402e-08  5.88355304e-05  4.85145402e-08  8.14993365e-08  4.85145402e-08  4.89291212e-01 
 4.89582888e-08  5.95499278e-05  4.89582888e-08  7.42122680e-08  4.89582888e-08  4.93766618e-01 
 4.95634872e-08  6.05229590e-05  4.95634872e-08  6.33152265e-08  4.95634872e-08  4.99870319e-01 
 5.03259780e-08  6.18816032e-05  5.03259780e-08  4.70048904e-08  5.03259780e-08  5.07560385e-01 
 5.10668696e-08  6.33031024e-05  5.10668696e-08  2.83529029e-08  5.10668696e-08  5.15032615e-01 
 5.18140128e-08  6.48808738e-05  5.18140128e-08  6.12728426e-09  5.18140128e-08  5.22567894e-01 
 5.26036804e-08  6.67477073e-05  5.26036804e-08 -2.19514550e-08  5.26036804e-08  5.30532051e-01 
 5.33809214e-08  6.87778704e-05  5.33809214e-08 -5.43728865e-08  5.33809214e-08  5.38370880e-01 
 5.43016405e-08  7.15687701e-05  5.43016405e-08 -1.01375664e-07  5.43016405e-08  5.47656751e-01 
 5.53836392e-08  7.53848917e-05  5.53836392e-08 -1.68909319e-07  5.53836392e-08  5.58569200e-01 
 5.69244702e-08  8.23111030e-05  5.69244702e-08 -2.97856189e-07  5.69244702e-08  5.74109182e-01 
 5.99705470e-08  1.03734515e-04  5.99705470e-08 -7.08360615e-07  5.99705470e-08  6.04830252e-01 
 6.60627005e-08  2.18675677e-04  6.60627005e-08 -2.79248756e-06  6.60627005e-08  6.66272392e-01 
 7.21602653e-08  5.71076373e-04  7.21602653e-08 -8.93305397e-06  7.21602653e-08  7.27769108e-01 
 8.01062400e-08  2.18097934e-03  8.01062400e-08 -3.35725494e-05  8.01062400e-08  8.07907877e-01 
 8.88044296e-08  7.85505312e-03  8.88044296e-08 -1.05813127e-04  8.88044296e-08  8.95633077e-01 
 9.94234525e-08  2.58898017e-02  9.94234525e-08 -2.66382780e-04  9.94234525e-08  1.00273075e+00 
 1.13769372e-07  7.43393978e-02  1.13769372e-07 -5.08403560e-04  1.13769372e-07  1.14741588e+00 
 1.32659389e-07  1.68828584e-01  1.32659389e-07 -7.34684372e-04  1.32659389e-07  1.33793030e+00 
 1.58359397e-07  3.20073241e-01  1.58359397e-07 -9.30940495e-04  1.58359397e-07  1.59712657e+00 
 2.04400027e-07  6.06813165e-01  2.04400027e-07 -1.24131785e-03  2.04400027e-07  2.06146727e+00 
 2.53623113e-07  9.22746276e-01  2.53623113e-07 -1.57170808e-03  2.53623113e-07  2.55790449e+00 
 3.03199458e-07  1.24673692e+00  3.03199458e-07 -1.90459790e-03  3.03199458e-07  3.05790449e+00 
 3.52775804e-07  1.57338747e+00  3.52775804e-07 -2.23306860e-03  3.52775804e-07  3.55790449e+00 
 4.02352149e-07  1.90022914e+00  4.02352149e-07 -2.55884157e-03  4.02352149e-07  4.05790449e+00 
 4.49057802e-07  2.20686216e+00  4.49057802e-07 -2.86102669e-03  4.49057802e-07  4.52895224e+00 
 4.95763454e-07  2.51123962e+00  4.95763454e-07 -3.16016844e-03  4.95763454e-07  5.00000000e+00 
 5.00721089e-07  2.53489037e+00  5.00721089e-07 -3.01242814e-03  5.00721089e-07  5.00000000e+00 
 5.10636358e-07  2.56828681e+00  5.10636358e-07 -2.76520978e-03  5.10636358e-07  5.00000000e+00 
 5.30466896e-07  2.58919022e+00  5.30466896e-07 -2.60336596e-03  5.30466896e-07  5.00000000e+00 
 5.60210482e-07  2.59151047e+00  5.60210482e-07 -2.59294866e-03  5.60210482e-07  5.00000000e+00 
 5.92992205e-07  2.59129952e+00  5.92992205e-07 -2.58857897e-03  5.92992205e-07  5.00000000e+00 
 6.42568550e-07  2.59130304e+00  6.42568550e-07 -2.59403404e-03  6.42568550e-07  5.00000000e+00 
 6.92144896e-07  2.59132547e+00  6.92144896e-07 -2.58868872e-03  6.92144896e-07  5.00000000e+00 
 7.41721241e-07  2.59129522e+00  7.41721241e-07 -2.59380648e-03  7.41721241e-07  5.00000000e+00 
 7.91297587e-07  2.59132725e+00  7.91297587e-07 -2.58894862e-03  7.91297587e-07  5.00000000e+00 
 8.40873932e-07  2.59129605e+00  8.40873932e-07 -2.59354569e-03  8.40873932e-07  5.00000000e+00 
 8.90450278e-07  2.59132610e+00  8.90450278e-07 -2.58920076e-03  8.90450278e-07  5.00000000e+00 
 9.40026623e-07  2.59129776e+00  9.40026623e-07 -2.59330598e-03  9.40026623e-07  5.00000000e+00 
 9.89602968e-07  2.59132473e+00  9.89602968e-07 -2.58942809e-03  9.89602968e-07  5.00000000e+00 
 1.03917931e-06  2.59129938e+00  1.03917931e-06 -2.59309127e-03  1.03917931e-06  5.00000000e+00 
 1.08875566e-06  2.59132346e+00  1.08875566e-06 -2.58963118e-03  1.08875566e-06  5.00000000e+00 
 1.13833200e-06  2.59130083e+00  1.13833200e-06 -2.59289961e-03  1.13833200e-06  5.00000000e+00 
 1.18790835e-06  2.59132231e+00  1.18790835e-06 -2.58981239e-03  1.18790835e-06  5.00000000e+00 
 1.23748470e-06  2.59130211e+00  1.23748470e-06 -2.59272859e-03  1.23748470e-06  5.00000000e+00 
 1.28706104e-06  2.59132127e+00  1.28706104e-06 -2.58997406e-03  1.28706104e-06  5.00000000e+00 
 1.33663739e-06  2.59130325e+00  1.33663739e-06 -2.59257600e-03  1.33663739e-06  5.00000000e+00 
 1.38621373e-06  2.59132034e+00  1.38621373e-06 -2.59011829e-03  1.38621373e-06  5.00000000e+00 
 1.43579008e-06  2.59130425e+00  1.43579008e-06 -2.59243986e-03  1.43579008e-06  5.00000000e+00 
 1.48536642e-06  2.59131949e+00  1.48536642e-06 -2.59024697e-03  1.48536642e-06  5.00000000e+00 
 1.53494277e-06  2.59130514e+00  1.53494277e-06 -2.59231840e-03  1.53494277e-06  5.00000000e+00 
 1.58451911e-06  2.59131874e+00  1.58451911e-06 -2.59036176e-03  1.58451911e-06  5.00000000e+00 
 1.63409546e-06  2.59130593e+00  1.63409546e-06 -2.59221003e-03  1.63409546e-06  5.00000000e+00 
 1.68367180e-06  2.59131806e+00  1.68367180e-06 -2.59046418e-03  1.68367180e-06  5.00000000e+00 
 1.73324815e-06  2.59130663e+00  1.73324815e-06 -2.59211334e-03  1.73324815e-06  5.00000000e+00 
 1.78282449e-06  2.59131745e+00  1.78282449e-06 -2.59055555e-03  1.78282449e-06  5.00000000e+00 
 1.83240084e-06  2.59130726e+00  1.83240084e-06 -2.59202707e-03  1.83240084e-06  5.00000000e+00 
 1.88197719e-06  2.59131691e+00  1.88197719e-06 -2.59063706e-03  1.88197719e-06  5.00000000e+00 
 1.93155353e-06  2.59130781e+00  1.93155353e-06 -2.59195011e-03  1.93155353e-06  5.00000000e+00 
 1.98112988e-06  2.59131642e+00  1.98112988e-06 -2.59070979e-03  1.98112988e-06  5.00000000e+00 
 2.03070622e-06  2.59130830e+00  2.03070622e-06 -2.59188144e-03  2.03070622e-06  5.00000000e+00 
 2.08028257e-06  2.59131598e+00  2.08028257e-06 -2.59077467e-03  2.08028257e-06  5.00000000e+00 
 2.12985891e-06  2.59130874e+00  2.12985891e-06 -2.59182018e-03  2.12985891e-06  5.00000000e+00 
 2.17943526e-06  2.59131559e+00  2.17943526e-06 -2.59083255e-03  2.17943526e-06  5.00000000e+00 
 2.22901160e-06  2.59130913e+00  2.22901160e-06 -2.59176552e-03  2.22901160e-06  5.00000000e+00 
 2.27858795e-06  2.59131524e+00  2.27858795e-06 -2.59088419e-03  2.27858795e-06  5.00000000e+00 
 2.32816429e-06  2.59130948e+00  2.32816429e-06 -2.59171675e-03  2.32816429e-06  5.00000000e+00 
 2.37774064e-06  2.59131493e+00  2.37774064e-06 -2.59093027e-03  2.37774064e-06  5.00000000e+00 
 2.42731699e-06  2.59130979e+00  2.42731699e-06 -2.59167324e-03  2.42731699e-06  5.00000000e+00 
 2.47689333e-06  2.59131465e+00  2.47689333e-06 -2.59097137e-03  2.47689333e-06  5.00000000e+00 
 2.52646968e-06  2.59131006e+00  2.52646968e-06 -2.59163442e-03  2.52646968e-06  5.00000000e+00 
 2.57604602e-06  2.59131440e+00  2.57604602e-06 -2.59100805e-03  2.57604602e-06  5.00000000e+00 
 2.62562237e-06  2.59131030e+00  2.62562237e-06 -2.59159979e-03  2.62562237e-06  5.00000000e+00 
 2.67519871e-06  2.59131418e+00  2.67519871e-06 -2.59104076e-03  2.67519871e-06  5.00000000e+00 
 2.72477506e-06  2.59131052e+00  2.72477506e-06 -2.59156889e-03  2.72477506e-06  5.00000000e+00 
 2.77435140e-06  2.59131398e+00  2.77435140e-06 -2.59106995e-03  2.77435140e-06  5.00000000e+00 
 2.82392775e-06  2.59131072e+00  2.82392775e-06 -2.59154132e-03  2.82392775e-06  5.00000000e+00 
 2.87350409e-06  2.59131380e+00  2.87350409e-06 -2.59109600e-03  2.87350409e-06  5.00000000e+00 
 2.92308044e-06  2.59131089e+00  2.92308044e-06 -2.59151673e-03  2.92308044e-06  5.00000000e+00 
 2.97265678e-06  2.59131364e+00  2.97265678e-06 -2.59111923e-03  2.97265678e-06  5.00000000e+00 
 3.02223313e-06  2.59131104e+00  3.02223313e-06 -2.59149478e-03  3.02223313e-06  5.00000000e+00 
 3.07180948e-06  2.59131350e+00  3.07180948e-06 -2.59113996e-03  3.07180948e-06  5.00000000e+00 
 3.12138582e-06  2.59131118e+00  3.12138582e-06 -2.59147520e-03  3.12138582e-06  5.00000000e+00 
 3.17096217e-06  2.59131337e+00  3.17096217e-06 -2.59115845e-03  3.17096217e-06  5.00000000e+00 
 3.22053851e-06  2.59131130e+00  3.22053851e-06 -2.59145774e-03  3.22053851e-06  5.00000000e+00 
 3.27011486e-06  2.59131325e+00  3.27011486e-06 -2.59117495e-03  3.27011486e-06  5.00000000e+00 
 3.31969120e-06  2.59131141e+00  3.31969120e-06 -2.59144215e-03  3.31969120e-06  5.00000000e+00 
 3.36926755e-06  2.59131315e+00  3.36926755e-06 -2.59118967e-03  3.36926755e-06  5.00000000e+00 
 3.41884389e-06  2.59131151e+00  3.41884389e-06 -2.59142825e-03  3.41884389e-06  5.00000000e+00 
 3.46842024e-06  2.59131306e+00  3.46842024e-06 -2.59120281e-03  3.46842024e-06  5.00000000e+00 
 3.51799658e-06  2.59131159e+00  3.51799658e-06 -2.59141585e-03  3.51799658e-06  5.00000000e+00 
 3.56757293e-06  2.59131298e+00  3.56757293e-06 -2.59121453e-03  3.56757293e-06  5.00000000e+00 
 3.61714928e-06  2.59131167e+00  3.61714928e-06 -2.59140478e-03  3.61714928e-06  5.00000000e+00 
 3.66672562e-06  2.59131291e+00  3.66672562e-06 -2.59122498e-03  3.66672562e-06  5.00000000e+00 
 3.71630197e-06  2.59131174e+00  3.71630197e-06 -2.59139490e-03  3.71630197e-06  5.00000000e+00 
 3.76587831e-06  2.59131284e+00  3.76587831e-06 -2.59123431e-03  3.76587831e-06  5.00000000e+00 
 3.81545466e-06  2.59131180e+00  3.81545466e-06 -2.59138609e-03  3.81545466e-06  5.00000000e+00 
 3.86503100e-06  2.59131279e+00  3.86503100e-06 -2.59124263e-03  3.86503100e-06  5.00000000e+00 
 3.91460735e-06  2.59131186e+00  3.91460735e-06 -2.59137823e-03  3.91460735e-06  5.00000000e+00 
 3.96418369e-06  2.59131274e+00  3.96418369e-06 -2.59125005e-03  3.96418369e-06  5.00000000e+00 
 4.01376004e-06  2.59131191e+00  4.01376004e-06 -2.59137122e-03  4.01376004e-06  5.00000000e+00 
 4.06333638e-06  2.59131269e+00  4.06333638e-06 -2.59125668e-03  4.06333638e-06  5.00000000e+00 
 4.11291273e-06  2.59131195e+00  4.11291273e-06 -2.59136496e-03  4.11291273e-06  5.00000000e+00 
 4.16248907e-06  2.59131265e+00  4.16248907e-06 -2.59126259e-03  4.16248907e-06  5.00000000e+00 
 4.21206542e-06  2.59131199e+00  4.21206542e-06 -2.59135938e-03  4.21206542e-06  5.00000000e+00 
 4.26164177e-06  2.59131261e+00  4.26164177e-06 -2.59126786e-03  4.26164177e-06  5.00000000e+00 
 4.31121811e-06  2.59131202e+00  4.31121811e-06 -2.59135440e-03  4.31121811e-06  5.00000000e+00 
 4.36079446e-06  2.59131258e+00  4.36079446e-06 -2.59127257e-03  4.36079446e-06  5.00000000e+00 
 4.41037080e-06  2.59131205e+00  4.41037080e-06 -2.59134996e-03  4.41037080e-06  5.00000000e+00 
 4.45994715e-06  2.59131255e+00  4.45994715e-06 -2.59127676e-03  4.45994715e-06  5.00000000e+00 
 4.50952349e-06  2.59131208e+00  4.50952349e-06 -2.59134599e-03  4.50952349e-06  5.00000000e+00 
 4.55909984e-06  2.59131252e+00  4.55909984e-06 -2.59128051e-03  4.55909984e-06  5.00000000e+00 
 4.60867618e-06  2.59131211e+00  4.60867618e-06 -2.59134245e-03  4.60867618e-06  5.00000000e+00 
 4.65825253e-06  2.59131250e+00  4.65825253e-06 -2.59128385e-03  4.65825253e-06  5.00000000e+00 
 4.70782887e-06  2.59131213e+00  4.70782887e-06 -2.59133930e-03  4.70782887e-06  5.00000000e+00 
 4.75740522e-06  2.59131248e+00  4.75740522e-06 -2.59128683e-03  4.75740522e-06  5.00000000e+00 
 4.80698157e-06  2.59131215e+00  4.80698157e-06 -2.59133648e-03  4.80698157e-06  5.00000000e+00 
 4.85655791e-06  2.59131246e+00  4.85655791e-06 -2.59128949e-03  4.85655791e-06  5.00000000e+00 
 4.90613426e-06  2.59131217e+00  4.90613426e-06 -2.59133397e-03  4.90613426e-06  5.00000000e+00 
 4.95571060e-06  2.59131245e+00  4.95571060e-06 -2.59129187e-03  4.95571060e-06  5.00000000e+00 
 5.00528695e-06  2.59131218e+00  5.00528695e-06 -2.59133173e-03  5.00528695e-06  5.00000000e+00 
 5.05486329e-06  2.59131243e+00  5.05486329e-06 -2.59129398e-03  5.05486329e-06  5.00000000e+00 
 5.10443964e-06  2.59131219e+00  5.10443964e-06 -2.59132973e-03  5.10443964e-06  5.00000000e+00 
 5.15401598e-06  2.59131242e+00  5.15401598e-06 -2.59129587e-03  5.15401598e-06  5.00000000e+00 
 5.20359233e-06  2.59131221e+00  5.20359233e-06 -2.59132794e-03  5.20359233e-06  5.00000000e+00 
 5.25316867e-06  2.59131241e+00  5.25316867e-06 -2.59129756e-03  5.25316867e-06  5.00000000e+00 
 5.30274502e-06  2.59131222e+00  5.30274502e-06 -2.59132635e-03  5.30274502e-06  5.00000000e+00 
 5.35232136e-06  2.59131240e+00  5.35232136e-06 -2.59129906e-03  5.35232136e-06  5.00000000e+00 
 5.40189771e-06  2.59131223e+00  5.40189771e-06 -2.59132493e-03  5.40189771e-06  5.00000000e+00 
 5.45147406e-06  2.59131239e+00  5.45147406e-06 -2.59130041e-03  5.45147406e-06  5.00000000e+00 
 5.50105040e-06  2.59131224e+00  5.50105040e-06 -2.59132366e-03  5.50105040e-06  5.00000000e+00 
 5.55062675e-06  2.59131238e+00  5.55062675e-06 -2.59130160e-03  5.55062675e-06  5.00000000e+00 
 5.60020309e-06  2.59131224e+00  5.60020309e-06 -2.59132253e-03  5.60020309e-06  5.00000000e+00 
 5.64977944e-06  2.59131237e+00  5.64977944e-06 -2.59130267e-03  5.64977944e-06  5.00000000e+00 
 5.69935578e-06  2.59131225e+00  5.69935578e-06 -2.59132152e-03  5.69935578e-06  5.00000000e+00 
 5.74893213e-06  2.59131236e+00  5.74893213e-06 -2.59130363e-03  5.74893213e-06  5.00000000e+00 
 5.79850847e-06  2.59131226e+00  5.79850847e-06 -2.59132062e-03  5.79850847e-06  5.00000000e+00 
 5.84808482e-06  2.59131236e+00  5.84808482e-06 -2.59130448e-03  5.84808482e-06  5.00000000e+00 
 5.89766116e-06  2.59131226e+00  5.89766116e-06 -2.59131982e-03  5.89766116e-06  5.00000000e+00 
 5.94723751e-06  2.59131235e+00  5.94723751e-06 -2.59130524e-03  5.94723751e-06  5.00000000e+00 
 5.99681386e-06  2.59131227e+00  5.99681386e-06 -2.59131910e-03  5.99681386e-06  5.00000000e+00 
 6.04639020e-06  2.59131235e+00  6.04639020e-06 -2.59130591e-03  6.04639020e-06  5.00000000e+00 
 6.09596655e-06  2.59131227e+00  6.09596655e-06 -2.59131846e-03  6.09596655e-06  5.00000000e+00 
 6.14554289e-06  2.59131234e+00  6.14554289e-06 -2.59130652e-03  6.14554289e-06  5.00000000e+00 
 6.19511924e-06  2.59131228e+00  6.19511924e-06 -2.59131789e-03  6.19511924e-06  5.00000000e+00 
 6.24469558e-06  2.59131234e+00  6.24469558e-06 -2.59130706e-03  6.24469558e-06  5.00000000e+00 
 6.29427193e-06  2.59131228e+00  6.29427193e-06 -2.59131738e-03  6.29427193e-06  5.00000000e+00 
 6.34384827e-06  2.59131234e+00  6.34384827e-06 -2.59130754e-03  6.34384827e-06  5.00000000e+00 
 6.39342462e-06  2.59131228e+00  6.39342462e-06 -2.59131692e-03  6.39342462e-06  5.00000000e+00 
 6.44300096e-06  2.59131233e+00  6.44300096e-06 -2.59130797e-03  6.44300096e-06  5.00000000e+00 
 6.49257731e-06  2.59131229e+00  6.49257731e-06 -2.59131651e-03  6.49257731e-06  5.00000000e+00 
 6.54215365e-06  2.59131233e+00  6.54215365e-06 -2.59130836e-03  6.54215365e-06  5.00000000e+00 
 6.59173000e-06  2.59131229e+00  6.59173000e-06 -2.59131615e-03  6.59173000e-06  5.00000000e+00 
 6.64130635e-06  2.59131233e+00  6.64130635e-06 -2.59130870e-03  6.64130635e-06  5.00000000e+00 
 6.69088269e-06  2.59131229e+00  6.69088269e-06 -2.59131583e-03  6.69088269e-06  5.00000000e+00 
 6.74045904e-06  2.59131233e+00  6.74045904e-06 -2.59130900e-03  6.74045904e-06  5.00000000e+00 
 6.79003538e-06  2.59131229e+00  6.79003538e-06 -2.59131554e-03  6.79003538e-06  5.00000000e+00 
 6.83961173e-06  2.59131233e+00  6.83961173e-06 -2.59130928e-03  6.83961173e-06  5.00000000e+00 
 6.88918807e-06  2.59131229e+00  6.88918807e-06 -2.59131528e-03  6.88918807e-06  5.00000000e+00 
 6.93876442e-06  2.59131232e+00  6.93876442e-06 -2.59130952e-03  6.93876442e-06  5.00000000e+00 
 6.98834076e-06  2.59131230e+00  6.98834076e-06 -2.59131505e-03  6.98834076e-06  5.00000000e+00 
 7.03791711e-06  2.59131232e+00  7.03791711e-06 -2.59130974e-03  7.03791711e-06  5.00000000e+00 
 7.08749345e-06  2.59131230e+00  7.08749345e-06 -2.59131484e-03  7.08749345e-06  5.00000000e+00 
 7.13706980e-06  2.59131232e+00  7.13706980e-06 -2.59130993e-03  7.13706980e-06  5.00000000e+00 
 7.18664615e-06  2.59131230e+00  7.18664615e-06 -2.59131466e-03  7.18664615e-06  5.00000000e+00 
 7.23622249e-06  2.59131232e+00  7.23622249e-06 -2.59131011e-03  7.23622249e-06  5.00000000e+00 
 7.28579884e-06  2.59131230e+00  7.28579884e-06 -2.59131450e-03  7.28579884e-06  5.00000000e+00 
 7.33537518e-06  2.59131232e+00  7.33537518e-06 -2.59131026e-03  7.33537518e-06  5.00000000e+00 
 7.38495153e-06  2.59131230e+00  7.38495153e-06 -2.59131435e-03  7.38495153e-06  5.00000000e+00 
 7.43452787e-06  2.59131232e+00  7.43452787e-06 -2.59131040e-03  7.43452787e-06  5.00000000e+00 
 7.48410422e-06  2.59131230e+00  7.48410422e-06 -2.59131422e-03  7.48410422e-06  5.00000000e+00 
 7.53368056e-06  2.59131232e+00  7.53368056e-06 -2.59131052e-03  7.53368056e-06  5.00000000e+00 
 7.58325691e-06  2.59131230e+00  7.58325691e-06 -2.59131410e-03  7.58325691e-06  5.00000000e+00 
 7.63283325e-06  2.59131232e+00  7.63283325e-06 -2.59131064e-03  7.63283325e-06  5.00000000e+00 
 7.68240960e-06  2.59131230e+00  7.68240960e-06 -2.59131400e-03  7.68240960e-06  5.00000000e+00 
 7.73198594e-06  2.59131232e+00  7.73198594e-06 -2.59131073e-03  7.73198594e-06  5.00000000e+00 
 7.78156229e-06  2.59131230e+00  7.78156229e-06 -2.59131390e-03  7.78156229e-06  5.00000000e+00 
 7.83113864e-06  2.59131231e+00  7.83113864e-06 -2.59131082e-03  7.83113864e-06  5.00000000e+00 
 7.88071498e-06  2.59131230e+00  7.88071498e-06 -2.59131382e-03  7.88071498e-06  5.00000000e+00 
 7.93029133e-06  2.59131231e+00  7.93029133e-06 -2.59131090e-03  7.93029133e-06  5.00000000e+00 
 7.97986767e-06  2.59131231e+00  7.97986767e-06 -2.59131374e-03  7.97986767e-06  5.00000000e+00 
 8.02944402e-06  2.59131231e+00  8.02944402e-06 -2.59131097e-03  8.02944402e-06  5.00000000e+00 
 8.07902036e-06  2.59131231e+00  8.07902036e-06 -2.59131368e-03  8.07902036e-06  5.00000000e+00 
 8.12859671e-06  2.59131231e+00  8.12859671e-06 -2.59131104e-03  8.12859671e-06  5.00000000e+00 
 8.17817305e-06  2.59131231e+00  8.17817305e-06 -2.59131362e-03  8.17817305e-06  5.00000000e+00 
 8.22774940e-06  2.59131231e+00  8.22774940e-06 -2.59131109e-03  8.22774940e-06  5.00000000e+00 
 8.27732574e-06  2.59131231e+00  8.27732574e-06 -2.59131356e-03  8.27732574e-06  5.00000000e+00 
 8.32690209e-06  2.59131231e+00  8.32690209e-06 -2.59131114e-03  8.32690209e-06  5.00000000e+00 
 8.37647844e-06  2.59131231e+00  8.37647844e-06 -2.59131352e-03  8.37647844e-06  5.00000000e+00 
 8.42605478e-06  2.59131231e+00  8.42605478e-06 -2.59131119e-03  8.42605478e-06  5.00000000e+00 
 8.47563113e-06  2.59131231e+00  8.47563113e-06 -2.59131347e-03  8.47563113e-06  5.00000000e+00 
 8.52520747e-06  2.59131231e+00  8.52520747e-06 -2.59131123e-03  8.52520747e-06  5.00000000e+00 
 8.57478382e-06  2.59131231e+00  8.57478382e-06 -2.59131343e-03  8.57478382e-06  5.00000000e+00 
 8.62436016e-06  2.59131231e+00  8.62436016e-06 -2.59131127e-03  8.62436016e-06  5.00000000e+00 
 8.67393651e-06  2.59131231e+00  8.67393651e-06 -2.59131340e-03  8.67393651e-06  5.00000000e+00 
 8.72351285e-06  2.59131231e+00  8.72351285e-06 -2.59131130e-03  8.72351285e-06  5.00000000e+00 
 8.77308920e-06  2.59131231e+00  8.77308920e-06 -2.59131337e-03  8.77308920e-06  5.00000000e+00 
 8.82266554e-06  2.59131231e+00  8.82266554e-06 -2.59131133e-03  8.82266554e-06  5.00000000e+00 
 8.87224189e-06  2.59131231e+00  8.87224189e-06 -2.59131334e-03  8.87224189e-06  5.00000000e+00 
 8.92181823e-06  2.59131231e+00  8.92181823e-06 -2.59131135e-03  8.92181823e-06  5.00000000e+00 
 8.97139458e-06  2.59131231e+00  8.97139458e-06 -2.59131332e-03  8.97139458e-06  5.00000000e+00 
 9.02097093e-06  2.59131231e+00  9.02097093e-06 -2.59131138e-03  9.02097093e-06  5.00000000e+00 
 9.07054727e-06  2.59131231e+00  9.07054727e-06 -2.59131329e-03  9.07054727e-06  5.00000000e+00 
 9.12012362e-06  2.59131231e+00  9.12012362e-06 -2.59131140e-03  9.12012362e-06  5.00000000e+00 
 9.16969996e-06  2.59131231e+00  9.16969996e-06 -2.59131327e-03  9.16969996e-06  5.00000000e+00 
 9.21927631e-06  2.59131231e+00  9.21927631e-06 -2.59131142e-03  9.21927631e-06  5.00000000e+00 
 9.26885265e-06  2.59131231e+00  9.26885265e-06 -2.59131326e-03  9.26885265e-06  5.00000000e+00 
 9.31842900e-06  2.59131231e+00  9.31842900e-06 -2.59131144e-03  9.31842900e-06  5.00000000e+00 
 9.36800534e-06  2.59131231e+00  9.36800534e-06 -2.59131324e-03  9.36800534e-06  5.00000000e+00 
 9.41758169e-06  2.59131231e+00  9.41758169e-06 -2.59131145e-03  9.41758169e-06  5.00000000e+00 
 9.46715803e-06  2.59131231e+00  9.46715803e-06 -2.59131322e-03  9.46715803e-06  5.00000000e+00 
 9.51673438e-06  2.59131231e+00  9.51673438e-06 -2.59131147e-03  9.51673438e-06  5.00000000e+00 
 9.56631073e-06  2.59131231e+00  9.56631073e-06 -2.59131321e-03  9.56631073e-06  5.00000000e+00 
 9.61588707e-06  2.59131231e+00  9.61588707e-06 -2.59131148e-03  9.61588707e-06  5.00000000e+00 
 9.66546342e-06  2.59131231e+00  9.66546342e-06 -2.59131320e-03  9.66546342e-06  5.00000000e+00 
 9.71503976e-06  2.59131231e+00  9.71503976e-06 -2.59131149e-03  9.71503976e-06  5.00000000e+00 
 9.76461611e-06  2.59131231e+00  9.76461611e-06 -2.59131319e-03  9.76461611e-06  5.00000000e+00 
 9.81419245e-06  2.59131231e+00  9.81419245e-06 -2.59131150e-03  9.81419245e-06  5.00000000e+00 
 9.86376880e-06  2.59131231e+00  9.86376880e-06 -2.59131318e-03  9.86376880e-06  5.00000000e+00 
 9.91334514e-06  2.59131231e+00  9.91334514e-06 -2.59131151e-03  9.91334514e-06  5.00000000e+00 
 9.96292149e-06  2.59131231e+00  9.96292149e-06 -2.59131317e-03  9.96292149e-06  5.00000000e+00 
 1.00124978e-05  2.59131231e+00  1.00124978e-05 -2.59131152e-03  1.00124978e-05  5.00000000e+00 
 1.00620742e-05  2.59131231e+00  1.00620742e-05 -2.59131316e-03  1.00620742e-05  5.00000000e+00 
 1.01116505e-05  2.59131231e+00  1.01116505e-05 -2.59131153e-03  1.01116505e-05  5.00000000e+00 
 1.01612269e-05  2.59131231e+00  1.01612269e-05 -2.59131315e-03  1.01612269e-05  5.00000000e+00 
 1.02108032e-05  2.59131231e+00  1.02108032e-05 -2.59131153e-03  1.02108032e-05  5.00000000e+00 
 1.02603796e-05  2.59131231e+00  1.02603796e-05 -2.59131315e-03  1.02603796e-05  5.00000000e+00 
 1.03099559e-05  2.59131231e+00  1.03099559e-05 -2.59131154e-03  1.03099559e-05  5.00000000e+00 
 1.03595323e-05  2.59131231e+00  1.03595323e-05 -2.59131314e-03  1.03595323e-05  5.00000000e+00 
 1.04091086e-05  2.59131231e+00  1.04091086e-05 -2.59131155e-03  1.04091086e-05  5.00000000e+00 
 1.04586849e-05  2.59131231e+00  1.04586849e-05 -2.59131313e-03  1.04586849e-05  5.00000000e+00 
 1.05082613e-05  2.59131231e+00  1.05082613e-05 -2.59131155e-03  1.05082613e-05  5.00000000e+00 
 1.05578376e-05  2.59131231e+00  1.05578376e-05 -2.59131313e-03  1.05578376e-05  5.00000000e+00 
 1.06074140e-05  2.59131231e+00  1.06074140e-05 -2.59131156e-03  1.06074140e-05  5.00000000e+00 
 1.06569903e-05  2.59131231e+00  1.06569903e-05 -2.59131312e-03  1.06569903e-05  5.00000000e+00 
 1.07065667e-05  2.59131231e+00  1.07065667e-05 -2.59131156e-03  1.07065667e-05  5.00000000e+00 
 1.07561430e-05  2.59131231e+00  1.07561430e-05 -2.59131312e-03  1.07561430e-05  5.00000000e+00 
 1.08057194e-05  2.59131231e+00  1.08057194e-05 -2.59131157e-03  1.08057194e-05  5.00000000e+00 
 1.08552957e-05  2.59131231e+00  1.08552957e-05 -2.59131311e-03  1.08552957e-05  5.00000000e+00 
 1.09048721e-05  2.59131231e+00  1.09048721e-05 -2.59131157e-03  1.09048721e-05  5.00000000e+00 
 1.09544484e-05  2.59131231e+00  1.09544484e-05 -2.59131311e-03  1.09544484e-05  5.00000000e+00 
 1.10040247e-05  2.59131231e+00  1.10040247e-05 -2.59131157e-03  1.10040247e-05  5.00000000e+00 
 1.10536011e-05  2.59131231e+00  1.10536011e-05 -2.59131311e-03  1.10536011e-05  5.00000000e+00 
 1.11031774e-05  2.59131231e+00  1.11031774e-05 -2.59131158e-03  1.11031774e-05  5.00000000e+00 
 1.11527538e-05  2.59131231e+00  1.11527538e-05 -2.59131310e-03  1.11527538e-05  5.00000000e+00 
 1.12023301e-05  2.59131231e+00  1.12023301e-05 -2.59131158e-03  1.12023301e-05  5.00000000e+00 
 1.12519065e-05  2.59131231e+00  1.12519065e-05 -2.59131310e-03  1.12519065e-05  5.00000000e+00 
 1.13014828e-05  2.59131231e+00  1.13014828e-05 -2.59131159e-03  1.13014828e-05  5.00000000e+00 
 1.13510592e-05  2.59131231e+00  1.13510592e-05 -2.59131310e-03  1.13510592e-05  5.00000000e+00 
 1.14006355e-05  2.59131231e+00  1.14006355e-05 -2.59131159e-03  1.14006355e-05  5.00000000e+00 
 1.14502119e-05  2.59131231e+00  1.14502119e-05 -2.59131309e-03  1.14502119e-05  5.00000000e+00 
 1.14997882e-05  2.59131231e+00  1.14997882e-05 -2.59131159e-03  1.14997882e-05  5.00000000e+00 
 1.15493645e-05  2.59131231e+00  1.15493645e-05 -2.59131309e-03  1.15493645e-05  5.00000000e+00 
 1.15989409e-05  2.59131231e+00  1.15989409e-05 -2.59131159e-03  1.15989409e-05  5.00000000e+00 
 1.16485172e-05  2.59131231e+00  1.16485172e-05 -2.59131309e-03  1.16485172e-05  5.00000000e+00 
 1.16980936e-05  2.59131231e+00  1.16980936e-05 -2.59131160e-03  1.16980936e-05  5.00000000e+00 
 1.17476699e-05  2.59131231e+00  1.17476699e-05 -2.59131308e-03  1.17476699e-05  5.00000000e+00 
 1.17972463e-05  2.59131231e+00  1.17972463e-05 -2.59131160e-03  1.17972463e-05  5.00000000e+00 
 1.18468226e-05  2.59131231e+00  1.18468226e-05 -2.59131308e-03  1.18468226e-05  5.00000000e+00 
 1.18963990e-05  2.59131231e+00  1.18963990e-05 -2.59131160e-03  1.18963990e-05  5.00000000e+00 
 1.19459753e-05  2.59131231e+00  1.19459753e-05 -2.59131308e-03  1.19459753e-05  5.00000000e+00 
 1.19955517e-05  2.59131231e+00  1.19955517e-05 -2.59131160e-03  1.19955517e-05  5.00000000e+00 
 1.20451280e-05  2.59131231e+00  1.20451280e-05 -2.59131308e-03  1.20451280e-05  5.00000000e+00 
 1.20947043e-05  2.59131231e+00  1.20947043e-05 -2.59131161e-03  1.20947043e-05  5.00000000e+00 
 1.21442807e-05  2.59131231e+00  1.21442807e-05 -2.59131308e-03  1.21442807e-05  5.00000000e+00 
 1.21938570e-05  2.59131231e+00  1.21938570e-05 -2.59131161e-03  1.21938570e-05  5.00000000e+00 
 1.22434334e-05  2.59131231e+00  1.22434334e-05 -2.59131307e-03  1.22434334e-05  5.00000000e+00 
 1.22930097e-05  2.59131231e+00  1.22930097e-05 -2.59131161e-03  1.22930097e-05  5.00000000e+00 
 1.23425861e-05  2.59131231e+00  1.23425861e-05 -2.59131307e-03  1.23425861e-05  5.00000000e+00 
 1.23921624e-05  2.59131231e+00  1.23921624e-05 -2.59131161e-03  1.23921624e-05  5.00000000e+00 
 1.24417388e-05  2.59131231e+00  1.24417388e-05 -2.59131307e-03  1.24417388e-05  5.00000000e+00 
 1.24913151e-05  2.59131231e+00  1.24913151e-05 -2.59131161e-03  1.24913151e-05  5.00000000e+00 
 1.25408914e-05  2.59131231e+00  1.25408914e-05 -2.59131307e-03  1.25408914e-05  5.00000000e+00 
 1.25904678e-05  2.59131231e+00  1.25904678e-05 -2.59131162e-03  1.25904678e-05  5.00000000e+00 
 1.26400441e-05  2.59131231e+00  1.26400441e-05 -2.59131307e-03  1.26400441e-05  5.00000000e+00 
 1.26896205e-05  2.59131231e+00  1.26896205e-05 -2.59131162e-03  1.26896205e-05  5.00000000e+00 
 1.27391968e-05  2.59131231e+00  1.27391968e-05 -2.59131306e-03  1.27391968e-05  5.00000000e+00 
 1.27887732e-05  2.59131231e+00  1.27887732e-05 -2.59131162e-03  1.27887732e-05  5.00000000e+00 
 1.28383495e-05  2.59131231e+00  1.28383495e-05 -2.59131306e-03  1.28383495e-05  5.00000000e+00 
 1.28879259e-05  2.59131231e+00  1.28879259e-05 -2.59131162e-03  1.28879259e-05  5.00000000e+00 
 1.29375022e-05  2.59131231e+00  1.29375022e-05 -2.59131306e-03  1.29375022e-05  5.00000000e+00 
 1.29870786e-05  2.59131231e+00  1.29870786e-05 -2.59131162e-03  1.29870786e-05  5.00000000e+00 
 1.30366549e-05  2.59131231e+00  1.30366549e-05 -2.59131306e-03  1.30366549e-05  5.00000000e+00 
 1.30862312e-05  2.59131231e+00  1.30862312e-05 -2.59131163e-03  1.30862312e-05  5.00000000e+00 
 1.31358076e-05  2.59131231e+00  1.31358076e-05 -2.59131306e-03  1.31358076e-05  5.00000000e+00 
 1.31853839e-05  2.59131231e+00  1.31853839e-05 -2.59131163e-03  1.31853839e-05  5.00000000e+00 
 1.32349603e-05  2.59131231e+00  1.32349603e-05 -2.59131305e-03  1.32349603e-05  5.00000000e+00 
 1.32845366e-05  2.59131231e+00  1.32845366e-05 -2.59131163e-03  1.32845366e-05  5.00000000e+00 
 1.33341130e-05  2.59131231e+00  1.33341130e-05 -2.59131305e-03  1.33341130e-05  5.00000000e+00 
 1.33836893e-05  2.59131231e+00  1.33836893e-05 -2.59131163e-03  1.33836893e-05  5.00000000e+00 
 1.34332657e-05  2.59131231e+00  1.34332657e-05 -2.59131305e-03  1.34332657e-05  5.00000000e+00 
 1.34828420e-05  2.59131231e+00  1.34828420e-05 -2.59131163e-03  1.34828420e-05  5.00000000e+00 
 1.35324184e-05  2.59131231e+00  1.35324184e-05 -2.59131305e-03  1.35324184e-05  5.00000000e+00 
 1.35819947e-05  2.59131231e+00  1.35819947e-05 -2.59131163e-03  1.35819947e-05  5.00000000e+00 
 1.36315710e-05  2.59131231e+00  1.36315710e-05 -2.59131305e-03  1.36315710e-05  5.00000000e+00 
 1.36811474e-05  2.59131231e+00  1.36811474e-05 -2.59131164e-03  1.36811474e-05  5.00000000e+00 
 1.37307237e-05  2.59131231e+00  1.37307237e-05 -2.59131305e-03  1.37307237e-05  5.00000000e+00 
 1.37803001e-05  2.59131231e+00  1.37803001e-05 -2.59131164e-03  1.37803001e-05  5.00000000e+00 
 1.38298764e-05  2.59131231e+00  1.38298764e-05 -2.59131304e-03  1.38298764e-05  5.00000000e+00 
 1.38794528e-05  2.59131231e+00  1.38794528e-05 -2.59131164e-03  1.38794528e-05  5.00000000e+00 
 1.39290291e-05  2.59131231e+00  1.39290291e-05 -2.59131304e-03  1.39290291e-05  5.00000000e+00 
 1.39786055e-05  2.59131231e+00  1.39786055e-05 -2.59131164e-03  1.39786055e-05  5.00000000e+00 
 1.40281818e-05  2.59131231e+00  1.40281818e-05 -2.59131304e-03  1.40281818e-05  5.00000000e+00 
 1.40777582e-05  2.59131231e+00  1.40777582e-05 -2.59131164e-03  1.40777582e-05  5.00000000e+00 
 1.41273345e-05  2.59131231e+00  1.41273345e-05 -2.59131304e-03  1.41273345e-05  5.00000000e+00 
 1.41769108e-05  2.59131231e+00  1.41769108e-05 -2.59131164e-03  1.41769108e-05  5.00000000e+00 
 1.42264872e-05  2.59131231e+00  1.42264872e-05 -2.59131304e-03  1.42264872e-05  5.00000000e+00 
 1.42760635e-05  2.59131231e+00  1.42760635e-05 -2.59131164e-03  1.42760635e-05  5.00000000e+00 
 1.43256399e-05  2.59131231e+00  1.43256399e-05 -2.59131304e-03  1.43256399e-05  5.00000000e+00 
 1.43752162e-05  2.59131231e+00  1.43752162e-05 -2.59131165e-03  1.43752162e-05  5.00000000e+00 
 1.44247926e-05  2.59131231e+00  1.44247926e-05 -2.59131304e-03  1.44247926e-05  5.00000000e+00 
 1.44743689e-05  2.59131231e+00  1.44743689e-05 -2.59131165e-03  1.44743689e-05  5.00000000e+00 
 1.45239453e-05  2.59131231e+00  1.45239453e-05 -2.59131303e-03  1.45239453e-05  5.00000000e+00 
 1.45735216e-05  2.59131231e+00  1.45735216e-05 -2.59131165e-03  1.45735216e-05  5.00000000e+00 
 1.46230980e-05  2.59131231e+00  1.46230980e-05 -2.59131303e-03  1.46230980e-05  5.00000000e+00 
 1.46726743e-05  2.59131231e+00  1.46726743e-05 -2.59131165e-03  1.46726743e-05  5.00000000e+00 
 1.47222506e-05  2.59131231e+00  1.47222506e-05 -2.59131303e-03  1.47222506e-05  5.00000000e+00 
 1.47718270e-05  2.59131231e+00  1.47718270e-05 -2.59131165e-03  1.47718270e-05  5.00000000e+00 
 1.48214033e-05  2.59131231e+00  1.48214033e-05 -2.59131303e-03  1.48214033e-05  5.00000000e+00 
 1.48709797e-05  2.59131231e+00  1.48709797e-05 -2.59131165e-03  1.48709797e-05  5.00000000e+00 
 1.49205560e-05  2.59131231e+00  1.49205560e-05 -2.59131303e-03  1.49205560e-05  5.00000000e+00 
 1.49701324e-05  2.59131231e+00  1.49701324e-05 -2.59131166e-03  1.49701324e-05  5.00000000e+00 
 1.50197087e-05  2.59131231e+00  1.50197087e-05 -2.59131303e-03  1.50197087e-05  5.00000000e+00 
 1.50692851e-05  2.59131231e+00  1.50692851e-05 -2.59131166e-03  1.50692851e-05  5.00000000e+00 
 1.51188614e-05  2.59131231e+00  1.51188614e-05 -2.59131302e-03  1.51188614e-05  5.00000000e+00 
 1.51684378e-05  2.59131231e+00  1.51684378e-05 -2.59131166e-03  1.51684378e-05  5.00000000e+00 
 1.52180141e-05  2.59131231e+00  1.52180141e-05 -2.59131302e-03  1.52180141e-05  5.00000000e+00 
 1.52675904e-05  2.59131231e+00  1.52675904e-05 -2.59131166e-03  1.52675904e-05  5.00000000e+00 
 1.53171668e-05  2.59131231e+00  1.53171668e-05 -2.59131302e-03  1.53171668e-05  5.00000000e+00 
 1.53667431e-05  2.59131231e+00  1.53667431e-05 -2.59131166e-03  1.53667431e-05  5.00000000e+00 
 1.54163195e-05  2.59131231e+00  1.54163195e-05 -2.59131302e-03  1.54163195e-05  5.00000000e+00 
 1.54658958e-05  2.59131231e+00  1.54658958e-05 -2.59131166e-03  1.54658958e-05  5.00000000e+00 
 1.55154722e-05  2.59131231e+00  1.55154722e-05 -2.59131302e-03  1.55154722e-05  5.00000000e+00 
 1.55650485e-05  2.59131231e+00  1.55650485e-05 -2.59131166e-03  1.55650485e-05  5.00000000e+00 
 1.56146249e-05  2.59131231e+00  1.56146249e-05 -2.59131302e-03  1.56146249e-05  5.00000000e+00 
 1.56642012e-05  2.59131231e+00  1.56642012e-05 -2.59131167e-03  1.56642012e-05  5.00000000e+00 
 1.57137776e-05  2.59131231e+00  1.57137776e-05 -2.59131302e-03  1.57137776e-05  5.00000000e+00 
 1.57633539e-05  2.59131231e+00  1.57633539e-05 -2.59131167e-03  1.57633539e-05  5.00000000e+00 
 1.58129302e-05  2.59131231e+00  1.58129302e-05 -2.59131301e-03  1.58129302e-05  5.00000000e+00 
 1.58625066e-05  2.59131231e+00  1.58625066e-05 -2.59131167e-03  1.58625066e-05  5.00000000e+00 
 1.59120829e-05  2.59131231e+00  1.59120829e-05 -2.59131301e-03  1.59120829e-05  5.00000000e+00 
 1.59616593e-05  2.59131231e+00  1.59616593e-05 -2.59131167e-03  1.59616593e-05  5.00000000e+00 
 1.60112356e-05  2.59131231e+00  1.60112356e-05 -2.59131301e-03  1.60112356e-05  5.00000000e+00 
 1.60608120e-05  2.59131231e+00  1.60608120e-05 -2.59131167e-03  1.60608120e-05  5.00000000e+00 
 1.61103883e-05  2.59131231e+00  1.61103883e-05 -2.59131301e-03  1.61103883e-05  5.00000000e+00 
 1.61599647e-05  2.59131231e+00  1.61599647e-05 -2.59131167e-03  1.61599647e-05  5.00000000e+00 
 1.62095410e-05  2.59131231e+00  1.62095410e-05 -2.59131301e-03  1.62095410e-05  5.00000000e+00 
 1.62591174e-05  2.59131231e+00  1.62591174e-05 -2.59131168e-03  1.62591174e-05  5.00000000e+00 
 1.63086937e-05  2.59131231e+00  1.63086937e-05 -2.59131301e-03  1.63086937e-05  5.00000000e+00 
 1.63582700e-05  2.59131231e+00  1.63582700e-05 -2.59131168e-03  1.63582700e-05  5.00000000e+00 
 1.64078464e-05  2.59131231e+00  1.64078464e-05 -2.59131301e-03  1.64078464e-05  5.00000000e+00 
 1.64574227e-05  2.59131231e+00  1.64574227e-05 -2.59131168e-03  1.64574227e-05  5.00000000e+00 
 1.65069991e-05  2.59131231e+00  1.65069991e-05 -2.59131300e-03  1.65069991e-05  5.00000000e+00 
 1.65565754e-05  2.59131231e+00  1.65565754e-05 -2.59131168e-03  1.65565754e-05  5.00000000e+00 
 1.66061518e-05  2.59131231e+00  1.66061518e-05 -2.59131300e-03  1.66061518e-05  5.00000000e+00 
 1.66557281e-05  2.59131231e+00  1.66557281e-05 -2.59131168e-03  1.66557281e-05  5.00000000e+00 
 1.67053045e-05  2.59131231e+00  1.67053045e-05 -2.59131300e-03  1.67053045e-05  5.00000000e+00 
 1.67548808e-05  2.59131231e+00  1.67548808e-05 -2.59131168e-03  1.67548808e-05  5.00000000e+00 
 1.68044572e-05  2.59131231e+00  1.68044572e-05 -2.59131300e-03  1.68044572e-05  5.00000000e+00 
 1.68540335e-05  2.59131231e+00  1.68540335e-05 -2.59131168e-03  1.68540335e-05  5.00000000e+00 
 1.69036098e-05  2.59131231e+00  1.69036098e-05 -2.59131300e-03  1.69036098e-05  5.00000000e+00 
 1.69531862e-05  2.59131231e+00  1.69531862e-05 -2.59131169e-03  1.69531862e-05  5.00000000e+00 
 1.70027625e-05  2.59131231e+00  1.70027625e-05 -2.59131300e-03  1.70027625e-05  5.00000000e+00 
 1.70523389e-05  2.59131231e+00  1.70523389e-05 -2.59131169e-03  1.70523389e-05  5.00000000e+00 
 1.71019152e-05  2.59131231e+00  1.71019152e-05 -2.59131300e-03  1.71019152e-05  5.00000000e+00 
 1.71514916e-05  2.59131231e+00  1.71514916e-05 -2.59131169e-03  1.71514916e-05  5.00000000e+00 
 1.72010679e-05  2.59131231e+00  1.72010679e-05 -2.59131299e-03  1.72010679e-05  5.00000000e+00 
 1.72506443e-05  2.59131231e+00  1.72506443e-05 -2.59131169e-03  1.72506443e-05  5.00000000e+00 
 1.73002206e-05  2.59131231e+00  1.73002206e-05 -2.59131299e-03  1.73002206e-05  5.00000000e+00 
 1.73497970e-05  2.59131231e+00  1.73497970e-05 -2.59131169e-03  1.73497970e-05  5.00000000e+00 
 1.73993733e-05  2.59131231e+00  1.73993733e-05 -2.59131299e-03  1.73993733e-05  5.00000000e+00 
 1.74489496e-05  2.59131231e+00  1.74489496e-05 -2.59131169e-03  1.74489496e-05  5.00000000e+00 
 1.74985260e-05  2.59131231e+00  1.74985260e-05 -2.59131299e-03  1.74985260e-05  5.00000000e+00 
 1.75481023e-05  2.59131231e+00  1.75481023e-05 -2.59131169e-03  1.75481023e-05  5.00000000e+00 
 1.75976787e-05  2.59131231e+00  1.75976787e-05 -2.59131299e-03  1.75976787e-05  5.00000000e+00 
 1.76472550e-05  2.59131231e+00  1.76472550e-05 -2.59131170e-03  1.76472550e-05  5.00000000e+00 
 1.76968314e-05  2.59131231e+00  1.76968314e-05 -2.59131299e-03  1.76968314e-05  5.00000000e+00 
 1.77464077e-05  2.59131231e+00  1.77464077e-05 -2.59131170e-03  1.77464077e-05  5.00000000e+00 
 1.77959841e-05  2.59131231e+00  1.77959841e-05 -2.59131299e-03  1.77959841e-05  5.00000000e+00 
 1.78455604e-05  2.59131231e+00  1.78455604e-05 -2.59131170e-03  1.78455604e-05  5.00000000e+00 
 1.78951368e-05  2.59131231e+00  1.78951368e-05 -2.59131298e-03  1.78951368e-05  5.00000000e+00 
 1.79447131e-05  2.59131231e+00  1.79447131e-05 -2.59131170e-03  1.79447131e-05  5.00000000e+00 
 1.79942894e-05  2.59131231e+00  1.79942894e-05 -2.59131298e-03  1.79942894e-05  5.00000000e+00 
 1.80438658e-05  2.59131231e+00  1.80438658e-05 -2.59131170e-03  1.80438658e-05  5.00000000e+00 
 1.80934421e-05  2.59131231e+00  1.80934421e-05 -2.59131298e-03  1.80934421e-05  5.00000000e+00 
 1.81430185e-05  2.59131231e+00  1.81430185e-05 -2.59131170e-03  1.81430185e-05  5.00000000e+00 
 1.81925948e-05  2.59131231e+00  1.81925948e-05 -2.59131298e-03  1.81925948e-05  5.00000000e+00 
 1.82421712e-05  2.59131231e+00  1.82421712e-05 -2.59131170e-03  1.82421712e-05  5.00000000e+00 
 1.82917475e-05  2.59131231e+00  1.82917475e-05 -2.59131298e-03  1.82917475e-05  5.00000000e+00 
 1.83413239e-05  2.59131231e+00  1.83413239e-05 -2.59131170e-03  1.83413239e-05  5.00000000e+00 
 1.83909002e-05  2.59131231e+00  1.83909002e-05 -2.59131298e-03  1.83909002e-05  5.00000000e+00 
 1.84404766e-05  2.59131231e+00  1.84404766e-05 -2.59131171e-03  1.84404766e-05  5.00000000e+00 
 1.84900529e-05  2.59131231e+00  1.84900529e-05 -2.59131298e-03  1.84900529e-05  5.00000000e+00 
 1.85396292e-05  2.59131231e+00  1.85396292e-05 -2.59131171e-03  1.85396292e-05  5.00000000e+00 
 1.85892056e-05  2.59131231e+00  1.85892056e-05 -2.59131297e-03  1.85892056e-05  5.00000000e+00 
 1.86387819e-05  2.59131231e+00  1.86387819e-05 -2.59131171e-03  1.86387819e-05  5.00000000e+00 
 1.86883583e-05  2.59131231e+00  1.86883583e-05 -2.59131297e-03  1.86883583e-05  5.00000000e+00 
 1.87379346e-05  2.59131231e+00  1.87379346e-05 -2.59131171e-03  1.87379346e-05  5.00000000e+00 
 1.87875110e-05  2.59131231e+00  1.87875110e-05 -2.59131297e-03  1.87875110e-05  5.00000000e+00 
 1.88370873e-05  2.59131231e+00  1.88370873e-05 -2.59131171e-03  1.88370873e-05  5.00000000e+00 
 1.88866637e-05  2.59131231e+00  1.88866637e-05 -2.59131297e-03  1.88866637e-05  5.00000000e+00 
 1.89362400e-05  2.59131231e+00  1.89362400e-05 -2.59131171e-03  1.89362400e-05  5.00000000e+00 
 1.89858164e-05  2.59131231e+00  1.89858164e-05 -2.59131297e-03  1.89858164e-05  5.00000000e+00 
 1.90353927e-05  2.59131231e+00  1.90353927e-05 -2.59131171e-03  1.90353927e-05  5.00000000e+00 
 1.90849690e-05  2.59131231e+00  1.90849690e-05 -2.59131297e-03  1.90849690e-05  5.00000000e+00 
 1.91345454e-05  2.59131231e+00  1.91345454e-05 -2.59131172e-03  1.91345454e-05  5.00000000e+00 
 1.91841217e-05  2.59131231e+00  1.91841217e-05 -2.59131297e-03  1.91841217e-05  5.00000000e+00 
 1.92336981e-05  2.59131231e+00  1.92336981e-05 -2.59131172e-03  1.92336981e-05  5.00000000e+00 
 1.92832744e-05  2.59131231e+00  1.92832744e-05 -2.59131296e-03  1.92832744e-05  5.00000000e+00 
 1.93328508e-05  2.59131231e+00  1.93328508e-05 -2.59131172e-03  1.93328508e-05  5.00000000e+00 
 1.93824271e-05  2.59131231e+00  1.93824271e-05 -2.59131296e-03  1.93824271e-05  5.00000000e+00 
 1.94320035e-05  2.59131231e+00  1.94320035e-05 -2.59131172e-03  1.94320035e-05  5.00000000e+00 
 1.94815798e-05  2.59131231e+00  1.94815798e-05 -2.59131296e-03  1.94815798e-05  5.00000000e+00 
 1.95311562e-05  2.59131231e+00  1.95311562e-05 -2.59131172e-03  1.95311562e-05  5.00000000e+00 
 1.95807325e-05  2.59131231e+00  1.95807325e-05 -2.59131296e-03  1.95807325e-05  5.00000000e+00 
 1.96303088e-05  2.59131231e+00  1.96303088e-05 -2.59131172e-03  1.96303088e-05  5.00000000e+00 
 1.96798852e-05  2.59131231e+00  1.96798852e-05 -2.59131296e-03  1.96798852e-05  5.00000000e+00 
 1.97294615e-05  2.59131231e+00  1.97294615e-05 -2.59131172e-03  1.97294615e-05  5.00000000e+00 
 1.97790379e-05  2.59131231e+00  1.97790379e-05 -2.59131296e-03  1.97790379e-05  5.00000000e+00 
 1.98286142e-05  2.59131231e+00  1.98286142e-05 -2.59131173e-03  1.98286142e-05  5.00000000e+00 
 1.98781906e-05  2.59131231e+00  1.98781906e-05 -2.59131296e-03  1.98781906e-05  5.00000000e+00 
 1.99277669e-05  2.59131231e+00  1.99277669e-05 -2.59131173e-03  1.99277669e-05  5.00000000e+00 
 1.99773433e-05  2.59131231e+00  1.99773433e-05 -2.59131296e-03  1.99773433e-05  5.00000000e+00 
 2.00269196e-05  2.59131231e+00  2.00269196e-05 -2.59131173e-03  2.00269196e-05  5.00000000e+00 
 2.00764960e-05  2.59131231e+00  2.00764960e-05 -2.59131295e-03  2.00764960e-05  5.00000000e+00 
 2.01260723e-05  2.59131231e+00  2.01260723e-05 -2.59131173e-03  2.01260723e-05  5.00000000e+00 
 2.01756486e-05  2.59131231e+00  2.01756486e-05 -2.59131295e-03  2.01756486e-05  5.00000000e+00 
 2.02252250e-05  2.59131231e+00  2.02252250e-05 -2.59131173e-03  2.02252250e-05  5.00000000e+00 
 2.02748013e-05  2.59131231e+00  2.02748013e-05 -2.59131295e-03  2.02748013e-05  5.00000000e+00 
 2.03243777e-05  2.59131231e+00  2.03243777e-05 -2.59131173e-03  2.03243777e-05  5.00000000e+00 
 2.03739540e-05  2.59131231e+00  2.03739540e-05 -2.59131295e-03  2.03739540e-05  5.00000000e+00 
 2.04235304e-05  2.59131231e+00  2.04235304e-05 -2.59131173e-03  2.04235304e-05  5.00000000e+00 
 2.04731067e-05  2.59131231e+00  2.04731067e-05 -2.59131295e-03  2.04731067e-05  5.00000000e+00 
 2.05226831e-05  2.59131231e+00  2.05226831e-05 -2.59131173e-03  2.05226831e-05  5.00000000e+00 
 2.05722594e-05  2.59131231e+00  2.05722594e-05 -2.59131295e-03  2.05722594e-05  5.00000000e+00 
 2.06218358e-05  2.59131231e+00  2.06218358e-05 -2.59131174e-03  2.06218358e-05  5.00000000e+00 
 2.06714121e-05  2.59131231e+00  2.06714121e-05 -2.59131295e-03  2.06714121e-05  5.00000000e+00 
 2.07209884e-05  2.59131231e+00  2.07209884e-05 -2.59131174e-03  2.07209884e-05  5.00000000e+00 
 2.07705648e-05  2.59131231e+00  2.07705648e-05 -2.59131294e-03  2.07705648e-05  5.00000000e+00 
 2.08201411e-05  2.59131231e+00  2.08201411e-05 -2.59131174e-03  2.08201411e-05  5.00000000e+00 
 2.08697175e-05  2.59131231e+00  2.08697175e-05 -2.59131294e-03  2.08697175e-05  5.00000000e+00 
 2.09192938e-05  2.59131231e+00  2.09192938e-05 -2.59131174e-03  2.09192938e-05  5.00000000e+00 
 2.09688702e-05  2.59131231e+00  2.09688702e-05 -2.59131294e-03  2.09688702e-05  5.00000000e+00 
 2.10184465e-05  2.59131231e+00  2.10184465e-05 -2.59131174e-03  2.10184465e-05  5.00000000e+00 
 2.10680229e-05  2.59131231e+00  2.10680229e-05 -2.59131294e-03  2.10680229e-05  5.00000000e+00 
 2.11175992e-05  2.59131231e+00  2.11175992e-05 -2.59131174e-03  2.11175992e-05  5.00000000e+00 
 2.11671756e-05  2.59131231e+00  2.11671756e-05 -2.59131294e-03  2.11671756e-05  5.00000000e+00 
 2.12167519e-05  2.59131231e+00  2.12167519e-05 -2.59131174e-03  2.12167519e-05  5.00000000e+00 
 2.12663282e-05  2.59131231e+00  2.12663282e-05 -2.59131294e-03  2.12663282e-05  5.00000000e+00 
 2.13159046e-05  2.59131231e+00  2.13159046e-05 -2.59131175e-03  2.13159046e-05  5.00000000e+00 
 2.13654809e-05  2.59131231e+00  2.13654809e-05 -2.59131294e-03  2.13654809e-05  5.00000000e+00 
 2.14150573e-05  2.59131231e+00  2.14150573e-05 -2.59131175e-03  2.14150573e-05  5.00000000e+00 
 2.14646336e-05  2.59131231e+00  2.14646336e-05 -2.59131294e-03  2.14646336e-05  5.00000000e+00 
 2.15142100e-05  2.59131231e+00  2.15142100e-05 -2.59131175e-03  2.15142100e-05  5.00000000e+00 
 2.15637863e-05  2.59131231e+00  2.15637863e-05 -2.59131293e-03  2.15637863e-05  5.00000000e+00 
 2.16133627e-05  2.59131231e+00  2.16133627e-05 -2.59131175e-03  2.16133627e-05  5.00000000e+00 
 2.16629390e-05  2.59131231e+00  2.16629390e-05 -2.59131293e-03  2.16629390e-05  5.00000000e+00 
 2.17125154e-05  2.59131231e+00  2.17125154e-05 -2.59131175e-03  2.17125154e-05  5.00000000e+00 
 2.17620917e-05  2.59131231e+00  2.17620917e-05 -2.59131293e-03  2.17620917e-05  5.00000000e+00 
 2.18116680e-05  2.59131231e+00  2.18116680e-05 -2.59131175e-03  2.18116680e-05  5.00000000e+00 
 2.18612444e-05  2.59131231e+00  2.18612444e-05 -2.59131293e-03  2.18612444e-05  5.00000000e+00 
 2.19108207e-05  2.59131231e+00  2.19108207e-05 -2.59131175e-03  2.19108207e-05  5.00000000e+00 
 2.19603971e-05  2.59131231e+00  2.19603971e-05 -2.59131293e-03  2.19603971e-05  5.00000000e+00 
 2.20099734e-05  2.59131231e+00  2.20099734e-05 -2.59131175e-03  2.20099734e-05  5.00000000e+00 
 2.20595498e-05  2.59131231e+00  2.20595498e-05 -2.59131293e-03  2.20595498e-05  5.00000000e+00 
 2.21091261e-05  2.59131231e+00  2.21091261e-05 -2.59131176e-03  2.21091261e-05  5.00000000e+00 
 2.21587025e-05  2.59131231e+00  2.21587025e-05 -2.59131293e-03  2.21587025e-05  5.00000000e+00 
 2.22082788e-05  2.59131231e+00  2.22082788e-05 -2.59131176e-03  2.22082788e-05  5.00000000e+00 
 2.22578552e-05  2.59131231e+00  2.22578552e-05 -2.59131293e-03  2.22578552e-05  5.00000000e+00 
 2.23074315e-05  2.59131231e+00  2.23074315e-05 -2.59131176e-03  2.23074315e-05  5.00000000e+00 
 2.23570078e-05  2.59131231e+00  2.23570078e-05 -2.59131292e-03  2.23570078e-05  5.00000000e+00 
 2.24065842e-05  2.59131231e+00  2.24065842e-05 -2.59131176e-03  2.24065842e-05  5.00000000e+00 
 2.24561605e-05  2.59131231e+00  2.24561605e-05 -2.59131292e-03  2.24561605e-05  5.00000000e+00 
 2.25057369e-05  2.59131231e+00  2.25057369e-05 -2.59131176e-03  2.25057369e-05  5.00000000e+00 
 2.25553132e-05  2.59131231e+00  2.25553132e-05 -2.59131292e-03  2.25553132e-05  5.00000000e+00 
 2.26048896e-05  2.59131231e+00  2.26048896e-05 -2.59131176e-03  2.26048896e-05  5.00000000e+00 
 2.26544659e-05  2.59131231e+00  2.26544659e-05 -2.59131292e-03  2.26544659e-05  5.00000000e+00 
 2.27040423e-05  2.59131231e+00  2.27040423e-05 -2.59131176e-03  2.27040423e-05  5.00000000e+00 
 2.27536186e-05  2.59131231e+00  2.27536186e-05 -2.59131292e-03  2.27536186e-05  5.00000000e+00 
 2.28031950e-05  2.59131231e+00  2.28031950e-05 -2.59131176e-03  2.28031950e-05  5.00000000e+00 
 2.28527713e-05  2.59131231e+00  2.28527713e-05 -2.59131292e-03  2.28527713e-05  5.00000000e+00 
 2.29023476e-05  2.59131231e+00  2.29023476e-05 -2.59131177e-03  2.29023476e-05  5.00000000e+00 
 2.29519240e-05  2.59131231e+00  2.29519240e-05 -2.59131292e-03  2.29519240e-05  5.00000000e+00 
 2.30015003e-05  2.59131231e+00  2.30015003e-05 -2.59131177e-03  2.30015003e-05  5.00000000e+00 
 2.30510767e-05  2.59131231e+00  2.30510767e-05 -2.59131292e-03  2.30510767e-05  5.00000000e+00 
 2.31006530e-05  2.59131231e+00  2.31006530e-05 -2.59131177e-03  2.31006530e-05  5.00000000e+00 
 2.31502294e-05  2.59131231e+00  2.31502294e-05 -2.59131291e-03  2.31502294e-05  5.00000000e+00 
 2.31998057e-05  2.59131231e+00  2.31998057e-05 -2.59131177e-03  2.31998057e-05  5.00000000e+00 
 2.32493821e-05  2.59131231e+00  2.32493821e-05 -2.59131291e-03  2.32493821e-05  5.00000000e+00 
 2.32989584e-05  2.59131231e+00  2.32989584e-05 -2.59131177e-03  2.32989584e-05  5.00000000e+00 
 2.33485348e-05  2.59131231e+00  2.33485348e-05 -2.59131291e-03  2.33485348e-05  5.00000000e+00 
 2.33981111e-05  2.59131231e+00  2.33981111e-05 -2.59131177e-03  2.33981111e-05  5.00000000e+00 
 2.34476874e-05  2.59131231e+00  2.34476874e-05 -2.59131291e-03  2.34476874e-05  5.00000000e+00 
 2.34972638e-05  2.59131231e+00  2.34972638e-05 -2.59131177e-03  2.34972638e-05  5.00000000e+00 
 2.35468401e-05  2.59131231e+00  2.35468401e-05 -2.59131291e-03  2.35468401e-05  5.00000000e+00 
 2.35964165e-05  2.59131231e+00  2.35964165e-05 -2.59131177e-03  2.35964165e-05  5.00000000e+00 
 2.36459928e-05  2.59131231e+00  2.36459928e-05 -2.59131291e-03  2.36459928e-05  5.00000000e+00 
 2.36955692e-05  2.59131231e+00  2.36955692e-05 -2.59131178e-03  2.36955692e-05  5.00000000e+00 
 2.37451455e-05  2.59131231e+00  2.37451455e-05 -2.59131291e-03  2.37451455e-05  5.00000000e+00 
 2.37947219e-05  2.59131231e+00  2.37947219e-05 -2.59131178e-03  2.37947219e-05  5.00000000e+00 
 2.38442982e-05  2.59131231e+00  2.38442982e-05 -2.59131291e-03  2.38442982e-05  5.00000000e+00 
 2.38938745e-05  2.59131231e+00  2.38938745e-05 -2.59131178e-03  2.38938745e-05  5.00000000e+00 
 2.39434509e-05  2.59131231e+00  2.39434509e-05 -2.59131290e-03  2.39434509e-05  5.00000000e+00 
 2.39930272e-05  2.59131231e+00  2.39930272e-05 -2.59131178e-03  2.39930272e-05  5.00000000e+00 
 2.40426036e-05  2.59131231e+00  2.40426036e-05 -2.59131290e-03  2.40426036e-05  5.00000000e+00 
 2.40921799e-05  2.59131231e+00  2.40921799e-05 -2.59131178e-03  2.40921799e-05  5.00000000e+00 
 2.41417563e-05  2.59131231e+00  2.41417563e-05 -2.59131290e-03  2.41417563e-05  5.00000000e+00 
 2.41913326e-05  2.59131231e+00  2.41913326e-05 -2.59131178e-03  2.41913326e-05  5.00000000e+00 
 2.42409090e-05  2.59131231e+00  2.42409090e-05 -2.59131290e-03  2.42409090e-05  5.00000000e+00 
 2.42904853e-05  2.59131231e+00  2.42904853e-05 -2.59131178e-03  2.42904853e-05  5.00000000e+00 
 2.43400617e-05  2.59131231e+00  2.43400617e-05 -2.59131290e-03  2.43400617e-05  5.00000000e+00 
 2.43896380e-05  2.59131231e+00  2.43896380e-05 -2.59131178e-03  2.43896380e-05  5.00000000e+00 
 2.44392143e-05  2.59131231e+00  2.44392143e-05 -2.59131290e-03  2.44392143e-05  5.00000000e+00 
 2.44887907e-05  2.59131231e+00  2.44887907e-05 -2.59131179e-03  2.44887907e-05  5.00000000e+00 
 2.45383670e-05  2.59131231e+00  2.45383670e-05 -2.59131290e-03  2.45383670e-05  5.00000000e+00 
 2.45879434e-05  2.59131231e+00  2.45879434e-05 -2.59131179e-03  2.45879434e-05  5.00000000e+00 
 2.46375197e-05  2.59131231e+00  2.46375197e-05 -2.59131290e-03  2.46375197e-05  5.00000000e+00 
 2.46870961e-05  2.59131231e+00  2.46870961e-05 -2.59131179e-03  2.46870961e-05  5.00000000e+00 
 2.47366724e-05  2.59131231e+00  2.47366724e-05 -2.59131289e-03  2.47366724e-05  5.00000000e+00 
 2.47624226e-05  2.59131231e+00  2.47624226e-05 -2.59131179e-03  2.47624226e-05  5.00000000e+00 
 2.47881727e-05  2.59131231e+00  2.47881727e-05 -2.59131289e-03  2.47881727e-05  5.00000000e+00 
 2.47931303e-05  2.58309119e+00  2.47931303e-05 -2.41790584e-03  2.47931303e-05  4.95000000e+00 
 2.48030456e-05  2.55320631e+00  2.48030456e-05 -2.11673802e-03  2.48030456e-05  4.85000000e+00 
 2.48228761e-05  2.44737823e+00  2.48228761e-05 -1.81712274e-03  2.48228761e-05  4.65000000e+00 
 2.48493013e-05  2.27731865e+00  2.48493013e-05 -1.62077473e-03  2.48493013e-05  4.38349028e+00 
 2.48798345e-05  2.07595086e+00  2.48798345e-05 -1.41375672e-03  2.48798345e-05  4.07554870e+00 
 2.49270059e-05  1.76485452e+00  2.49270059e-05 -1.10829049e-03  2.49270059e-05  3.59980441e+00 
 2.49765822e-05  1.44013180e+00  2.49765822e-05 -7.86952538e-04  2.49765822e-05  3.09980441e+00 
 2.50261586e-05  1.12141476e+00  2.50261586e-05 -4.89079819e-04  2.50261586e-05  2.59980441e+00 
 2.50757349e-05  8.16656807e-01  2.50757349e-05 -2.19836180e-04  2.50757349e-05  2.09980441e+00 
 2.51253112e-05  5.44113642e-01  2.51253112e-05 -4.17983790e-05  2.51253112e-05  1.59980441e+00 
 2.51748876e-05  3.36387181e-01  2.51748876e-05 -9.74017994e-07  2.51748876e-05  1.09980441e+00 
 2.52244639e-05  2.02907157e-01  2.52244639e-05 -1.87839217e-07  2.52244639e-05  5.99804406e-01 
 2.52542001e-05  1.50362026e-01  2.52542001e-05 -1.05503113e-07  2.52542001e-05  2.99902203e-01 
 2.52839362e-05  1.11414662e-01  2.52839362e-05 -1.87293590e-07  2.52839362e-05  0.00000000e+00 
 2.52888938e-05  1.06154066e-01  2.52888938e-05 -2.40281366e-11  2.52888938e-05  0.00000000e+00 
 2.52942074e-05  1.00661755e-01  2.52942074e-05 -2.40301505e-11  2.52942074e-05  0.00000000e+00 
 2.52979276e-05  9.69868762e-02  2.52979276e-05 -2.40317679e-11  2.52979276e-05  0.00000000e+00 
 2.53015176e-05  9.35679600e-02  2.53015176e-05 -2.40335070e-11  2.53015176e-05  0.00000000e+00 
 2.53083519e-05  8.73871643e-02  2.53083519e-05 -2.40373223e-11  2.53083519e-05  0.00000000e+00 
 2.53154506e-05  8.13989452e-02  2.53154506e-05 -2.40420520e-11  2.53154506e-05  0.00000000e+00 
 2.53256409e-05  7.35095371e-02  2.53256409e-05 -2.40502965e-11  2.53256409e-05  0.00000000e+00 
 2.53410126e-05  6.30206301e-02  2.53410126e-05 -2.40662026e-11  2.53410126e-05  0.00000000e+00 
 2.53633551e-05  5.03600657e-02  2.53633551e-05 -2.40966722e-11  2.53633551e-05  0.00000000e+00 
 2.54026259e-05  3.38351829e-02  2.54026259e-05 -2.41656725e-11  2.54026259e-05  0.00000000e+00 
 2.54522023e-05  2.03976926e-02  2.54522023e-05 -2.42644092e-11  2.54522023e-05  0.00000000e+00 
 2.55017786e-05  1.22968439e-02  2.55017786e-05 -2.43694030e-11  2.55017786e-05  0.00000000e+00 
 2.55513550e-05  7.41320678e-03  2.55513550e-05 -2.44532330e-11  2.55513550e-05  0.00000000e+00 
 2.56009313e-05  4.46908744e-03  2.56009313e-05 -2.45110909e-11  2.56009313e-05  0.00000000e+00 
 2.56505077e-05  2.69420822e-03  2.56505077e-05 -2.45486013e-11  2.56505077e-05  0.00000000e+00 
 2.57000840e-05  1.62421763e-03  2.57000840e-05 -2.45725058e-11  2.57000840e-05  0.00000000e+00 
 2.57496604e-05  9.79165542e-04  2.57496604e-05 -2.45871383e-11  2.57496604e-05  0.00000000e+00 
 2.57992367e-05  5.90296299e-04  2.57992367e-05 -2.45962958e-11  2.57992367e-05  0.00000000e+00 
 2.58488130e-05  3.55861407e-04  2.58488130e-05 -2.46016940e-11  2.58488130e-05  0.00000000e+00 
 2.58983894e-05  2.14534519e-04  2.58983894e-05 -2.46051434e-11  2.58983894e-05  0.00000000e+00 
 2.59479657e-05  1.29331753e-04  2.59479657e-05 -2.46070595e-11  2.59479657e-05  0.00000000e+00 
 2.59975421e-05  7.79700404e-05  2.59975421e-05 -2.46083850e-11  2.59975421e-05  0.00000000e+00 
 2.60471184e-05  4.70032807e-05  2.60471184e-05 -2.46090206e-11  2.60471184e-05  0.00000000e+00 
 2.60966948e-05  2.83379009e-05  2.60966948e-05 -2.46095656e-11  2.60966948e-05  0.00000000e+00 
 2.61462711e-05  1.70823648e-05  2.61462711e-05 -2.46097357e-11  2.61462711e-05  0.00000000e+00 
 2.61958475e-05  1.02998951e-05  2.61958475e-05 -2.46099941e-11  2.61958475e-05  0.00000000e+00 
 2.62454238e-05  6.20811653e-06  2.62454238e-05 -2.46099969e-11  2.62454238e-05  0.00000000e+00 
 2.62950002e-05  3.74425938e-06  2.62950002e-05 -2.46101487e-11  2.62950002e-05  0.00000000e+00 
 2.63445765e-05  2.25606741e-06  2.63445765e-05 -2.46100930e-11  2.63445765e-05  0.00000000e+00 
 2.63941528e-05  1.36170277e-06  2.63941528e-05 -2.46102038e-11  2.63941528e-05  0.00000000e+00 
 2.64437292e-05  8.19778202e-07  2.64437292e-05 -2.46101290e-11  2.64437292e-05  0.00000000e+00 
 2.64933055e-05  4.95783307e-07  2.64933055e-05 -2.46102227e-11  2.64933055e-05  0.00000000e+00 
 2.65428819e-05  2.97800764e-07  2.65428819e-05 -2.46101432e-11  2.65428819e-05  0.00000000e+00 
 2.65924582e-05  1.81060709e-07  2.65924582e-05 -2.46102285e-11  2.65924582e-05  0.00000000e+00 
 2.66420346e-05  1.08115012e-07  2.66420346e-05 -2.46101495e-11  2.66420346e-05  0.00000000e+00 
 2.66916109e-05  6.66615183e-08  2.66916109e-05 -2.46102294e-11  2.66916109e-05  0.00000000e+00 
 2.67411873e-05  3.91952814e-08  2.67411873e-05 -2.46101529e-11  2.67411873e-05  0.00000000e+00 
 2.67907636e-05  2.50665325e-08  2.67907636e-05 -2.46102287e-11  2.67907636e-05  0.00000000e+00 
 2.68403400e-05  1.41660365e-08  2.68403400e-05 -2.46101552e-11  2.68403400e-05  0.00000000e+00 
 2.68899163e-05  9.93098920e-09  2.68899163e-05 -2.46102273e-11  2.68899163e-05  0.00000000e+00 
 2.69394926e-05  5.08812056e-09  2.69394926e-05 -2.46101572e-11  2.69394926e-05  0.00000000e+00 
 2.69890690e-05  4.41164611e-09  2.69890690e-05 -2.46102257e-11  2.69890690e-05  0.00000000e+00 
 2.70386453e-05  1.80750317e-09  2.70386453e-05 -2.46101590e-11  2.70386453e-05  0.00000000e+00 
 2.70882217e-05  2.38710505e-09  2.70882217e-05 -2.46102240e-11  2.70882217e-05  0.00000000e+00 
 2.71377980e-05  6.33866218e-10  2.71377980e-05 -2.46101608e-11  2.71377980e-05  0.00000000e+00 
 2.71873744e-05  1.63264626e-09  2.71873744e-05 -2.46102223e-11  2.71873744e-05  0.00000000e+00 
 2.72369507e-05  2.26021955e-10  2.72369507e-05 -2.46101626e-11  2.72369507e-05  0.00000000e+00 
 2.72865271e-05  1.33973392e-09  2.72865271e-05 -2.46102205e-11  2.72865271e-05  0.00000000e+00 
 2.73361034e-05  9.65355631e-11  2.73361034e-05 -2.46101643e-11  2.73361034e-05  0.00000000e+00 
 2.73856798e-05  1.21452108e-09  2.73856798e-05 -2.46102188e-11  2.73856798e-05  0.00000000e+00 
 2.74352561e-05  6.82547219e-11  2.74352561e-05 -2.46101661e-11  2.74352561e-05  0.00000000e+00 
 2.74848324e-05  1.15021599e-09  2.74848324e-05 -2.46102171e-11  2.74848324e-05  0.00000000e+00 
 2.75344088e-05  7.67941960e-11  2.75344088e-05 -2.46101678e-11  2.75344088e-05  0.00000000e+00 
 2.75839851e-05  1.10800906e-09  2.75839851e-05 -2.46102153e-11  2.75839851e-05  0.00000000e+00 
 2.76335615e-05  9.87520941e-11  2.76335615e-05 -2.46101695e-11  2.76335615e-05  0.00000000e+00 
 2.76831378e-05  1.07379774e-09  2.76831378e-05 -2.46102136e-11  2.76831378e-05  0.00000000e+00 
 2.77327142e-05  1.25621249e-10  2.77327142e-05 -2.46101712e-11  2.77327142e-05  0.00000000e+00 
 2.77822905e-05  1.04245881e-09  2.77822905e-05 -2.46102119e-11  2.77822905e-05  0.00000000e+00 
 2.78318669e-05  1.54307723e-10  2.78318669e-05 -2.46101730e-11  2.78318669e-05  0.00000000e+00 
 2.78814432e-05  1.01213247e-09  2.78814432e-05 -2.46102102e-11  2.78814432e-05  0.00000000e+00 
 2.79310196e-05  1.83684936e-10  2.79310196e-05 -2.46101747e-11  2.79310196e-05  0.00000000e+00 
 2.79805959e-05  9.82144948e-10  2.79805959e-05 -2.46102084e-11  2.79805959e-05  0.00000000e+00 
 2.80301722e-05  2.13341303e-10  2.80301722e-05 -2.46101764e-11  2.80301722e-05  0.00000000e+00 
 2.80797486e-05  9.52253526e-10  2.80797486e-05 -2.46102067e-11  2.80797486e-05  0.00000000e+00 
 2.81293249e-05  2.43125087e-10  2.81293249e-05 -2.46101781e-11  2.81293249e-05  0.00000000e+00 
 2.81789013e-05  9.22372140e-10  2.81789013e-05 -2.46102050e-11  2.81789013e-05  0.00000000e+00 
 2.82284776e-05  2.72978988e-10  2.82284776e-05 -2.46101798e-11  2.82284776e-05  0.00000000e+00 
 2.82780540e-05  8.92471670e-10  2.82780540e-05 -2.46102033e-11  2.82780540e-05  0.00000000e+00 
 2.83276303e-05  3.02880025e-10  2.83276303e-05 -2.46101815e-11  2.83276303e-05  0.00000000e+00 
 2.83772067e-05  8.62543689e-10  2.83772067e-05 -2.46102016e-11  2.83772067e-05  0.00000000e+00 
 2.84267830e-05  3.32817691e-10  2.84267830e-05 -2.46101832e-11  2.84267830e-05  0.00000000e+00 
 2.84763594e-05  8.32587296e-10  2.84763594e-05 -2.46101999e-11  2.84763594e-05  0.00000000e+00 
 2.85259357e-05  3.62786002e-10  2.85259357e-05 -2.46101849e-11  2.85259357e-05  0.00000000e+00 
 2.85755120e-05  8.02604325e-10  2.85755120e-05 -2.46101982e-11  2.85755120e-05  0.00000000e+00 
 2.86250884e-05  3.92780619e-10  2.86250884e-05 -2.46101866e-11  2.86250884e-05  0.00000000e+00 
 2.86746647e-05  7.72597605e-10  2.86746647e-05 -2.46101965e-11  2.86746647e-05  0.00000000e+00 
 2.87242411e-05  4.22797803e-10  2.87242411e-05 -2.46101883e-11  2.87242411e-05  0.00000000e+00 
 2.87738174e-05  7.42570331e-10  2.87738174e-05 -2.46101949e-11  2.87738174e-05  0.00000000e+00 
 2.88233938e-05  4.52834027e-10  2.88233938e-05 -2.46101900e-11  2.88233938e-05  0.00000000e+00 
 2.88729701e-05  7.12525834e-10  2.88729701e-05 -2.46101932e-11  2.88729701e-05  0.00000000e+00 
 2.89225465e-05  4.82885846e-10  2.89225465e-05 -2.46101917e-11  2.89225465e-05  0.00000000e+00 
 2.89721228e-05  6.82467488e-10  2.89721228e-05 -2.46101915e-11  2.89721228e-05  0.00000000e+00 
 2.90216992e-05  5.12949832e-10  2.90216992e-05 -2.46101933e-11  2.90216992e-05  0.00000000e+00 
 2.90712755e-05  6.52398690e-10  2.90712755e-05 -2.46101899e-11  2.90712755e-05  0.00000000e+00 
 2.91208518e-05  5.43022576e-10  2.91208518e-05 -2.46101950e-11  2.91208518e-05  0.00000000e+00 
 2.91704282e-05  6.22322844e-10  2.91704282e-05 -2.46101882e-11  2.91704282e-05  0.00000000e+00 
 2.92200045e-05  5.73100665e-10  2.92200045e-05 -2.46101966e-11  2.92200045e-05  0.00000000e+00 
 2.92695809e-05  5.92243357e-10  2.92695809e-05 -2.46101865e-11  2.92695809e-05  0.00000000e+00 
 2.93191572e-05  6.03180690e-10  2.93191572e-05 -2.46101983e-11  2.93191572e-05  0.00000000e+00 
 2.93687336e-05  5.62163637e-10  2.93687336e-05 -2.46101849e-11  2.93687336e-05  0.00000000e+00 
 2.94183099e-05  6.33259245e-10  2.94183099e-05 -2.46101999e-11  2.94183099e-05  0.00000000e+00 
 2.94678863e-05  5.32087098e-10  2.94678863e-05 -2.46101833e-11  2.94678863e-05  0.00000000e+00 
 2.95174626e-05  6.63332922e-10  2.95174626e-05 -2.46102016e-11  2.95174626e-05  0.00000000e+00 
 2.95670389e-05  5.02017141e-10  2.95670389e-05 -2.46101816e-11  2.95670389e-05  0.00000000e+00 
 2.96166153e-05  6.93398308e-10  2.96166153e-05 -2.46102032e-11  2.96166153e-05  0.00000000e+00 
 2.96661916e-05  4.71957179e-10  2.96661916e-05 -2.46101800e-11  2.96661916e-05  0.00000000e+00 
 2.97157680e-05  7.23451999e-10  2.97157680e-05 -2.46102048e-11  2.97157680e-05  0.00000000e+00 
 2.97653443e-05  4.41910615e-10  2.97653443e-05 -2.46101784e-11  2.97653443e-05  0.00000000e+00 
 2.98149207e-05  7.53490588e-10  2.98149207e-05 -2.46102064e-11  2.98149207e-05  0.00000000e+00 
 2.98644970e-05  4.11880854e-10  2.98644970e-05 -2.46101768e-11  2.98644970e-05  0.00000000e+00 
 2.99140734e-05  7.83510670e-10  2.99140734e-05 -2.46102080e-11  2.99140734e-05  0.00000000e+00 
 2.99636497e-05  3.81871301e-10  2.99636497e-05 -2.46101752e-11  2.99636497e-05  0.00000000e+00 
 3.00132261e-05  8.13508844e-10  3.00132261e-05 -2.46102096e-11  3.00132261e-05  0.00000000e+00 
 3.00628024e-05  3.51885356e-10  3.00628024e-05 -2.46101736e-11  3.00628024e-05  0.00000000e+00 
 3.01123787e-05  8.43481710e-10  3.01123787e-05 -2.46102112e-11  3.01123787e-05  0.00000000e+00 
 3.01619551e-05  3.21926416e-10  3.01619551e-05 -2.46101720e-11  3.01619551e-05  0.00000000e+00 
 3.02115314e-05  8.73425872e-10  3.02115314e-05 -2.46102128e-11  3.02115314e-05  0.00000000e+00 
 3.02611078e-05  2.91997879e-10  3.02611078e-05 -2.46101704e-11  3.02611078e-05  0.00000000e+00 
 3.03106841e-05  9.03337936e-10  3.03106841e-05 -2.46102144e-11  3.03106841e-05  0.00000000e+00 
 3.03602605e-05  2.62103134e-10  3.03602605e-05 -2.46101688e-11  3.03602605e-05  0.00000000e+00 
 3.04098368e-05  9.33214512e-10  3.04098368e-05 -2.46102159e-11  3.04098368e-05  0.00000000e+00 
 3.04594132e-05  2.32245571e-10  3.04594132e-05 -2.46101673e-11  3.04594132e-05  0.00000000e+00 
 3.05089895e-05  9.63052217e-10  3.05089895e-05 -2.46102175e-11  3.05089895e-05  0.00000000e+00 
 3.05585659e-05  2.02428572e-10  3.05585659e-05 -2.46101657e-11  3.05585659e-05  0.00000000e+00 
 3.06081422e-05  9.92847666e-10  3.06081422e-05 -2.46102191e-11  3.06081422e-05  0.00000000e+00 
 3.06577185e-05  1.72655516e-10  3.06577185e-05 -2.46101642e-11  3.06577185e-05  0.00000000e+00 
 3.07072949e-05  1.02259748e-09  3.07072949e-05 -2.46102206e-11  3.07072949e-05  0.00000000e+00 
 3.07568712e-05  1.42929778e-10  3.07568712e-05 -2.46101626e-11  3.07568712e-05  0.00000000e+00 
 3.08064476e-05  1.05229830e-09  3.08064476e-05 -2.46102221e-11  3.08064476e-05  0.00000000e+00 
 3.08560239e-05  1.13254727e-10  3.08560239e-05 -2.46101611e-11  3.08560239e-05  0.00000000e+00 
 3.09056003e-05  1.08194674e-09  3.09056003e-05 -2.46102236e-11  3.09056003e-05  0.00000000e+00 
 3.09551766e-05  8.36337248e-11  3.09551766e-05 -2.46101596e-11  3.09551766e-05  0.00000000e+00 
 3.10047530e-05  1.11153946e-09  3.10047530e-05 -2.46102251e-11  3.10047530e-05  0.00000000e+00 
 3.10543293e-05  5.40701270e-11  3.10543293e-05 -2.46101581e-11  3.10543293e-05  0.00000000e+00 
 3.11039057e-05  1.14107310e-09  3.11039057e-05 -2.46102267e-11  3.11039057e-05  0.00000000e+00 
 3.11534820e-05  2.45672868e-11  3.11534820e-05 -2.46101566e-11  3.11534820e-05  0.00000000e+00 
 3.12030583e-05  1.17054430e-09  3.12030583e-05 -2.46102281e-11  3.12030583e-05  0.00000000e+00 
 3.12526347e-05 -4.87145219e-12  3.12526347e-05 -2.46101551e-11  3.12526347e-05  0.00000000e+00 
 3.13022110e-05  1.19994974e-09  3.13022110e-05 -2.46102296e-11  3.13022110e-05  0.00000000e+00 
 3.13517874e-05 -3.42427584e-11  3.13517874e-05 -2.46101536e-11  3.13517874e-05  0.00000000e+00 
 3.14013637e-05  1.22928608e-09  3.14013637e-05 -2.46102311e-11  3.14013637e-05  0.00000000e+00 
 3.14509401e-05 -6.35433007e-11  3.14509401e-05 -2.46101521e-11  3.14509401e-05  0.00000000e+00 
 3.15005164e-05  1.25854999e-09  3.15005164e-05 -2.46102326e-11  3.15005164e-05  0.00000000e+00 
 3.15500928e-05 -9.27697549e-11  3.15500928e-05 -2.46101507e-11  3.15500928e-05  0.00000000e+00 
 3.15996691e-05  1.28773816e-09  3.15996691e-05 -2.46102340e-11  3.15996691e-05  0.00000000e+00 
 3.16492455e-05 -1.21918815e-10  3.16492455e-05 -2.46101492e-11  3.16492455e-05  0.00000000e+00 
 3.16988218e-05  1.31684727e-09  3.16988218e-05 -2.46102354e-11  3.16988218e-05  0.00000000e+00 
 3.17483981e-05 -1.50987175e-10  3.17483981e-05 -2.46101478e-11  3.17483981e-05  0.00000000e+00 
 3.17979745e-05  1.34587404e-09  3.17979745e-05 -2.46102369e-11  3.17979745e-05  0.00000000e+00 
 3.18475508e-05 -1.79971539e-10  3.18475508e-05 -2.46101464e-11  3.18475508e-05  0.00000000e+00 
 3.18971272e-05  1.37481518e-09  3.18971272e-05 -2.46102383e-11  3.18971272e-05  0.00000000e+00 
 3.19467035e-05 -2.08868623e-10  3.19467035e-05 -2.46101450e-11  3.19467035e-05  0.00000000e+00 
 3.19962799e-05  1.40366739e-09  3.19962799e-05 -2.46102397e-11  3.19962799e-05  0.00000000e+00 
 3.20458562e-05 -2.37675152e-10  3.20458562e-05 -2.46101436e-11  3.20458562e-05  0.00000000e+00 
 3.20954326e-05  1.43242742e-09  3.20954326e-05 -2.46102411e-11  3.20954326e-05  0.00000000e+00 
 3.21450089e-05 -2.66387866e-10  3.21450089e-05 -2.46101422e-11  3.21450089e-05  0.00000000e+00 
 3.21945853e-05  1.46109200e-09  3.21945853e-05 -2.46102425e-11  3.21945853e-05  0.00000000e+00 
 3.22441616e-05 -2.95003507e-10  3.22441616e-05 -2.46101408e-11  3.22441616e-05  0.00000000e+00 
 3.22937379e-05  1.48965788e-09  3.22937379e-05 -2.46102439e-11  3.22937379e-05  0.00000000e+00 
 3.23433143e-05 -3.23518831e-10  3.23433143e-05 -2.46101394e-11  3.23433143e-05  0.00000000e+00 
 3.23928906e-05  1.51812183e-09  3.23928906e-05 -2.46102452e-11  3.23928906e-05  0.00000000e+00 
 3.24424670e-05 -3.51930610e-10  3.24424670e-05 -2.46101381e-11  3.24424670e-05  0.00000000e+00 
 3.24920433e-05  1.54648062e-09  3.24920433e-05 -2.46102466e-11  3.24920433e-05  0.00000000e+00 
 3.25416197e-05 -3.80235623e-10  3.25416197e-05 -2.46101367e-11  3.25416197e-05  0.00000000e+00 
 3.25911960e-05  1.57473104e-09  3.25911960e-05 -2.46102479e-11  3.25911960e-05  0.00000000e+00 
 3.26407724e-05 -4.08430659e-10  3.26407724e-05 -2.46101354e-11  3.26407724e-05  0.00000000e+00 
 3.26903487e-05  1.60286989e-09  3.26903487e-05 -2.46102492e-11  3.26903487e-05  0.00000000e+00 
 3.27399251e-05 -4.36512528e-10  3.27399251e-05 -2.46101340e-11  3.27399251e-05  0.00000000e+00 
 3.27895014e-05  1.63089398e-09  3.27895014e-05 -2.46102505e-11  3.27895014e-05  0.00000000e+00 
 3.28390777e-05 -4.64478044e-10  3.28390777e-05 -2.46101327e-11  3.28390777e-05  0.00000000e+00 
 3.28886541e-05  1.65880013e-09  3.28886541e-05 -2.46102518e-11  3.28886541e-05  0.00000000e+00 
 3.29382304e-05 -4.92324039e-10  3.29382304e-05 -2.46101314e-11  3.29382304e-05  0.00000000e+00 
 3.29878068e-05  1.68658517e-09  3.29878068e-05 -2.46102531e-11  3.29878068e-05  0.00000000e+00 
 3.30373831e-05 -5.20047359e-10  3.30373831e-05 -2.46101302e-11  3.30373831e-05  0.00000000e+00 
 3.30869595e-05  1.71424597e-09  3.30869595e-05 -2.46102544e-11  3.30869595e-05  0.00000000e+00 
 3.31365358e-05 -5.47644859e-10  3.31365358e-05 -2.46101289e-11  3.31365358e-05  0.00000000e+00 
 3.31861122e-05  1.74177938e-09  3.31861122e-05 -2.46102557e-11  3.31861122e-05  0.00000000e+00 
 3.32356885e-05 -5.75113414e-10  3.32356885e-05 -2.46101276e-11  3.32356885e-05  0.00000000e+00 
 3.32852649e-05  1.76918229e-09  3.32852649e-05 -2.46102569e-11  3.32852649e-05  0.00000000e+00 
 3.33348412e-05 -6.02449910e-10  3.33348412e-05 -2.46101264e-11  3.33348412e-05  0.00000000e+00 
 3.33844175e-05  1.79645159e-09  3.33844175e-05 -2.46102581e-11  3.33844175e-05  0.00000000e+00 
 3.34339939e-05 -6.29651248e-10  3.34339939e-05 -2.46101251e-11  3.34339939e-05  0.00000000e+00 
 3.34835702e-05  1.82358419e-09  3.34835702e-05 -2.46102594e-11  3.34835702e-05  0.00000000e+00 
 3.35331466e-05 -6.56714348e-10  3.35331466e-05 -2.46101239e-11  3.35331466e-05  0.00000000e+00 
 3.35827229e-05  1.85057702e-09  3.35827229e-05 -2.46102606e-11  3.35827229e-05  0.00000000e+00 
 3.36322993e-05 -6.83636140e-10  3.36322993e-05 -2.46101227e-11  3.36322993e-05  0.00000000e+00 
 3.36818756e-05  1.87742701e-09  3.36818756e-05 -2.46102618e-11  3.36818756e-05  0.00000000e+00 
 3.37314520e-05 -7.10413577e-10  3.37314520e-05 -2.46101215e-11  3.37314520e-05  0.00000000e+00 
 3.37810283e-05  1.90413112e-09  3.37810283e-05 -2.46102630e-11  3.37810283e-05  0.00000000e+00 
 3.38306047e-05 -7.37043621e-10  3.38306047e-05 -2.46101203e-11  3.38306047e-05  0.00000000e+00 
 3.38801810e-05  1.93068633e-09  3.38801810e-05 -2.46102641e-11  3.38801810e-05  0.00000000e+00 
 3.39297573e-05 -7.63523256e-10  3.39297573e-05 -2.46101192e-11  3.39297573e-05  0.00000000e+00 
 3.39793337e-05  1.95708963e-09  3.39793337e-05 -2.46102653e-11  3.39793337e-05  0.00000000e+00 
 3.40289100e-05 -7.89849482e-10  3.40289100e-05 -2.46101180e-11  3.40289100e-05  0.00000000e+00 
 3.40784864e-05  1.98333802e-09  3.40784864e-05 -2.46102664e-11  3.40784864e-05  0.00000000e+00 
 3.41280627e-05 -8.16019312e-10  3.41280627e-05 -2.46101169e-11  3.41280627e-05  0.00000000e+00 
 3.41776391e-05  2.00942854e-09  3.41776391e-05 -2.46102675e-11  3.41776391e-05  0.00000000e+00 
 3.42272154e-05 -8.42029783e-10  3.42272154e-05 -2.46101158e-11  3.42272154e-05  0.00000000e+00 
 3.42767918e-05  2.03535822e-09  3.42767918e-05 -2.46102686e-11  3.42767918e-05  0.00000000e+00 
 3.43263681e-05 -8.67877948e-10  3.43263681e-05 -2.46101147e-11  3.43263681e-05  0.00000000e+00 
 3.43759445e-05  2.06112412e-09  3.43759445e-05 -2.46102697e-11  3.43759445e-05  0.00000000e+00 
 3.44255208e-05 -8.93560875e-10  3.44255208e-05 -2.46101136e-11  3.44255208e-05  0.00000000e+00 
 3.44750971e-05  2.08672333e-09  3.44750971e-05 -2.46102708e-11  3.44750971e-05  0.00000000e+00 
 3.45246735e-05 -9.19075658e-10  3.45246735e-05 -2.46101125e-11  3.45246735e-05  0.00000000e+00 
 3.45742498e-05  2.11215295e-09  3.45742498e-05 -2.46102719e-11  3.45742498e-05  0.00000000e+00 
 3.46238262e-05 -9.44419400e-10  3.46238262e-05 -2.46101114e-11  3.46238262e-05  0.00000000e+00 
 3.46734025e-05  2.13741009e-09  3.46734025e-05 -2.46102729e-11  3.46734025e-05  0.00000000e+00 
 3.47229789e-05 -9.69589232e-10  3.47229789e-05 -2.46101104e-11  3.47229789e-05  0.00000000e+00 
 3.47725552e-05  2.16249189e-09  3.47725552e-05 -2.46102740e-11  3.47725552e-05  0.00000000e+00 
 3.48221316e-05 -9.94582300e-10  3.48221316e-05 -2.46101094e-11  3.48221316e-05  0.00000000e+00 
 3.48717079e-05  2.18739551e-09  3.48717079e-05 -2.46102750e-11  3.48717079e-05  0.00000000e+00 
 3.49212843e-05 -1.01939577e-09  3.49212843e-05 -2.46101083e-11  3.49212843e-05  0.00000000e+00 
 3.49708606e-05  2.21211812e-09  3.49708606e-05 -2.46102760e-11  3.49708606e-05  0.00000000e+00 
 3.50204369e-05 -1.04402684e-09  3.50204369e-05 -2.46101073e-11  3.50204369e-05  0.00000000e+00 
 3.50700133e-05  2.23665693e-09  3.50700133e-05 -2.46102770e-11  3.50700133e-05  0.00000000e+00 
 3.51195896e-05 -1.06847271e-09  3.51195896e-05 -2.46101063e-11  3.51195896e-05  0.00000000e+00 
 3.51691660e-05  2.26100915e-09  3.51691660e-05 -2.46102779e-11  3.51691660e-05  0.00000000e+00 
 3.52187423e-05 -1.09273061e-09  3.52187423e-05 -2.46101054e-11  3.52187423e-05  0.00000000e+00 
 3.52683187e-05  2.28517203e-09  3.52683187e-05 -2.46102789e-11  3.52683187e-05  0.00000000e+00 
 3.53178950e-05 -1.11679779e-09  3.53178950e-05 -2.46101044e-11  3.53178950e-05  0.00000000e+00 
 3.53674714e-05  2.30914282e-09  3.53674714e-05 -2.46102798e-11  3.53674714e-05  0.00000000e+00 
 3.54170477e-05 -1.14067152e-09  3.54170477e-05 -2.46101035e-11  3.54170477e-05  0.00000000e+00 
 3.54666241e-05  2.33291881e-09  3.54666241e-05 -2.46102808e-11  3.54666241e-05  0.00000000e+00 
 3.55162004e-05 -1.16434911e-09  3.55162004e-05 -2.46101026e-11  3.55162004e-05  0.00000000e+00 
 3.55657767e-05  2.35649730e-09  3.55657767e-05 -2.46102817e-11  3.55657767e-05  0.00000000e+00 
 3.56153531e-05 -1.18782786e-09  3.56153531e-05 -2.46101017e-11  3.56153531e-05  0.00000000e+00 
 3.56649294e-05  2.37987563e-09  3.56649294e-05 -2.46102826e-11  3.56649294e-05  0.00000000e+00 
 3.57145058e-05 -1.21110511e-09  3.57145058e-05 -2.46101008e-11  3.57145058e-05  0.00000000e+00 
 3.57640821e-05  2.40305114e-09  3.57640821e-05 -2.46102835e-11  3.57640821e-05  0.00000000e+00 
 3.58136585e-05 -1.23417824e-09  3.58136585e-05 -2.46100999e-11  3.58136585e-05  0.00000000e+00 
 3.58632348e-05  2.42602121e-09  3.58632348e-05 -2.46102843e-11  3.58632348e-05  0.00000000e+00 
 3.59128112e-05 -1.25704461e-09  3.59128112e-05 -2.46100990e-11  3.59128112e-05  0.00000000e+00 
 3.59623875e-05  2.44878323e-09  3.59623875e-05 -2.46102852e-11  3.59623875e-05  0.00000000e+00 
 3.60119639e-05 -1.27970165e-09  3.60119639e-05 -2.46100982e-11  3.60119639e-05  0.00000000e+00 
 3.60615402e-05  2.47133463e-09  3.60615402e-05 -2.46102860e-11  3.60615402e-05  0.00000000e+00 
 3.61111165e-05 -1.30214677e-09  3.61111165e-05 -2.46100973e-11  3.61111165e-05  0.00000000e+00 
 3.61606929e-05  2.49367284e-09  3.61606929e-05 -2.46102868e-11  3.61606929e-05  0.00000000e+00 
 3.62102692e-05 -1.32437745e-09  3.62102692e-05 -2.46100965e-11  3.62102692e-05  0.00000000e+00 
 3.62598456e-05  2.51579534e-09  3.62598456e-05 -2.46102876e-11  3.62598456e-05  0.00000000e+00 
 3.63094219e-05 -1.34639116e-09  3.63094219e-05 -2.46100957e-11  3.63094219e-05  0.00000000e+00 
 3.63589983e-05  2.53769962e-09  3.63589983e-05 -2.46102884e-11  3.63589983e-05  0.00000000e+00 
 3.64085746e-05 -1.36818541e-09  3.64085746e-05 -2.46100950e-11  3.64085746e-05  0.00000000e+00 
 3.64581510e-05  2.55938320e-09  3.64581510e-05 -2.46102891e-11  3.64581510e-05  0.00000000e+00 
 3.65077273e-05 -1.38975772e-09  3.65077273e-05 -2.46100942e-11  3.65077273e-05  0.00000000e+00 
 3.65573037e-05  2.58084362e-09  3.65573037e-05 -2.46102899e-11  3.65573037e-05  0.00000000e+00 
 3.66068800e-05 -1.41110565e-09  3.66068800e-05 -2.46100935e-11  3.66068800e-05  0.00000000e+00 
 3.66564563e-05  2.60207845e-09  3.66564563e-05 -2.46102906e-11  3.66564563e-05  0.00000000e+00 
 3.67060327e-05 -1.43222679e-09  3.67060327e-05 -2.46100927e-11  3.67060327e-05  0.00000000e+00 
 3.67556090e-05  2.62308528e-09  3.67556090e-05 -2.46102913e-11  3.67556090e-05  0.00000000e+00 
 3.68051854e-05 -1.45311873e-09  3.68051854e-05 -2.46100920e-11  3.68051854e-05  0.00000000e+00 
 3.68547617e-05  2.64386173e-09  3.68547617e-05 -2.46102920e-11  3.68547617e-05  0.00000000e+00 
 3.69043381e-05 -1.47377912e-09  3.69043381e-05 -2.46100913e-11  3.69043381e-05  0.00000000e+00 
 3.69539144e-05  2.66440545e-09  3.69539144e-05 -2.46102927e-11  3.69539144e-05  0.00000000e+00 
 3.70034908e-05 -1.49420560e-09  3.70034908e-05 -2.46100906e-11  3.70034908e-05  0.00000000e+00 
 3.70530671e-05  2.68471411e-09  3.70530671e-05 -2.46102934e-11  3.70530671e-05  0.00000000e+00 
 3.71026435e-05 -1.51439587e-09  3.71026435e-05 -2.46100900e-11  3.71026435e-05  0.00000000e+00 
 3.71522198e-05  2.70478540e-09  3.71522198e-05 -2.46102940e-11  3.71522198e-05  0.00000000e+00 
 3.72017961e-05 -1.53434763e-09  3.72017961e-05 -2.46100894e-11  3.72017961e-05  0.00000000e+00 
 3.72513725e-05  2.72461706e-09  3.72513725e-05 -2.46102946e-11  3.72513725e-05  0.00000000e+00 
 3.73009488e-05 -1.55405863e-09  3.73009488e-05 -2.46100887e-11  3.73009488e-05  0.00000000e+00 
 3.73505252e-05  2.74420683e-09  3.73505252e-05 -2.46102952e-11  3.73505252e-05  0.00000000e+00 
 3.74001015e-05 -1.57352664e-09  3.74001015e-05 -2.46100881e-11  3.74001015e-05  0.00000000e+00 
 3.74496779e-05  2.76355250e-09  3.74496779e-05 -2.46102958e-11  3.74496779e-05  0.00000000e+00 
 3.74992542e-05 -1.59274943e-09  3.74992542e-05 -2.46100875e-11  3.74992542e-05  0.00000000e+00 
 3.75488306e-05  2.78265187e-09  3.75488306e-05 -2.46102964e-11  3.75488306e-05  0.00000000e+00 
 3.75984069e-05 -1.61172485e-09  3.75984069e-05 -2.46100870e-11  3.75984069e-05  0.00000000e+00 
 3.76479833e-05  2.80150278e-09  3.76479833e-05 -2.46102970e-11  3.76479833e-05  0.00000000e+00 
 3.76975596e-05 -1.63045073e-09  3.76975596e-05 -2.46100864e-11  3.76975596e-05  0.00000000e+00 
 3.77471359e-05  2.82010309e-09  3.77471359e-05 -2.46102975e-11  3.77471359e-05  0.00000000e+00 
 3.77967123e-05 -1.64892496e-09  3.77967123e-05 -2.46100859e-11  3.77967123e-05  0.00000000e+00 
 3.78462886e-05  2.83845069e-09  3.78462886e-05 -2.46102980e-11  3.78462886e-05  0.00000000e+00 
 3.78958650e-05 -1.66714544e-09  3.78958650e-05 -2.46100854e-11  3.78958650e-05  0.00000000e+00 
 3.79454413e-05  2.85654351e-09  3.79454413e-05 -2.46102985e-11  3.79454413e-05  0.00000000e+00 
 3.79950177e-05 -1.68511010e-09  3.79950177e-05 -2.46100849e-11  3.79950177e-05  0.00000000e+00 
 3.80445940e-05  2.87437950e-09  3.80445940e-05 -2.46102990e-11  3.80445940e-05  0.00000000e+00 
 3.80941704e-05 -1.70281691e-09  3.80941704e-05 -2.46100844e-11  3.80941704e-05  0.00000000e+00 
 3.81437467e-05  2.89195663e-09  3.81437467e-05 -2.46102995e-11  3.81437467e-05  0.00000000e+00 
 3.81933231e-05 -1.72026387e-09  3.81933231e-05 -2.46100839e-11  3.81933231e-05  0.00000000e+00 
 3.82428994e-05  2.90927291e-09  3.82428994e-05 -2.46102999e-11  3.82428994e-05  0.00000000e+00 
 3.82924757e-05 -1.73744900e-09  3.82924757e-05 -2.46100835e-11  3.82924757e-05  0.00000000e+00 
 3.83420521e-05  2.92632637e-09  3.83420521e-05 -2.46103003e-11  3.83420521e-05  0.00000000e+00 
 3.83916284e-05 -1.75437034e-09  3.83916284e-05 -2.46100831e-11  3.83916284e-05  0.00000000e+00 
 3.84412048e-05  2.94311510e-09  3.84412048e-05 -2.46103007e-11  3.84412048e-05  0.00000000e+00 
 3.84907811e-05 -1.77102599e-09  3.84907811e-05 -2.46100827e-11  3.84907811e-05  0.00000000e+00 
 3.85403575e-05  2.95963718e-09  3.85403575e-05 -2.46103011e-11  3.85403575e-05  0.00000000e+00 
 3.85899338e-05 -1.78741404e-09  3.85899338e-05 -2.46100823e-11  3.85899338e-05  0.00000000e+00 
 3.86395102e-05  2.97589074e-09  3.86395102e-05 -2.46103015e-11  3.86395102e-05  0.00000000e+00 
 3.86890865e-05 -1.80353266e-09  3.86890865e-05 -2.46100819e-11  3.86890865e-05  0.00000000e+00 
 3.87386629e-05  2.99187394e-09  3.87386629e-05 -2.46103019e-11  3.87386629e-05  0.00000000e+00 
 3.87882392e-05 -1.81938001e-09  3.87882392e-05 -2.46100815e-11  3.87882392e-05  0.00000000e+00 
 3.88378155e-05  3.00758497e-09  3.88378155e-05 -2.46103022e-11  3.88378155e-05  0.00000000e+00 
 3.88873919e-05 -1.83495429e-09  3.88873919e-05 -2.46100812e-11  3.88873919e-05  0.00000000e+00 
 3.89369682e-05  3.02302205e-09  3.89369682e-05 -2.46103025e-11  3.89369682e-05  0.00000000e+00 
 3.89865446e-05 -1.85025373e-09  3.89865446e-05 -2.46100809e-11  3.89865446e-05  0.00000000e+00 
 3.90361209e-05  3.03818342e-09  3.90361209e-05 -2.46103028e-11  3.90361209e-05  0.00000000e+00 
 3.90856973e-05 -1.86527662e-09  3.90856973e-05 -2.46100806e-11  3.90856973e-05  0.00000000e+00 
 3.91352736e-05  3.05306738e-09  3.91352736e-05 -2.46103031e-11  3.91352736e-05  0.00000000e+00 
 3.91848500e-05 -1.88002123e-09  3.91848500e-05 -2.46100803e-11  3.91848500e-05  0.00000000e+00 
 3.92344263e-05  3.06767223e-09  3.92344263e-05 -2.46103034e-11  3.92344263e-05  0.00000000e+00 
 3.92840027e-05 -1.89448591e-09  3.92840027e-05 -2.46100800e-11  3.92840027e-05  0.00000000e+00 
 3.93335790e-05  3.08199632e-09  3.93335790e-05 -2.46103036e-11  3.93335790e-05  0.00000000e+00 
 3.93831553e-05 -1.90866901e-09  3.93831553e-05 -2.46100798e-11  3.93831553e-05  0.00000000e+00 
 3.94327317e-05  3.09603802e-09  3.94327317e-05 -2.46103039e-11  3.94327317e-05  0.00000000e+00 
 3.94823080e-05 -1.92256893e-09  3.94823080e-05 -2.46100796e-11  3.94823080e-05  0.00000000e+00 
 3.95318844e-05  3.10979575e-09  3.95318844e-05 -2.46103041e-11  3.95318844e-05  0.00000000e+00 
 3.95814607e-05 -1.93618409e-09  3.95814607e-05 -2.46100794e-11  3.95814607e-05  0.00000000e+00 
 3.96310371e-05  3.12326794e-09  3.96310371e-05 -2.46103043e-11  3.96310371e-05  0.00000000e+00 
 3.96806134e-05 -1.94951294e-09  3.96806134e-05 -2.46100792e-11  3.96806134e-05  0.00000000e+00 
 3.97301898e-05  3.13645307e-09  3.97301898e-05 -2.46103044e-11  3.97301898e-05  0.00000000e+00 
 3.97797661e-05 -1.96255399e-09  3.97797661e-05 -2.46100790e-11  3.97797661e-05  0.00000000e+00 
 3.98293425e-05  3.14934964e-09  3.98293425e-05 -2.46103046e-11  3.98293425e-05  0.00000000e+00 
 3.98789188e-05 -1.97530574e-09  3.98789188e-05 -2.46100789e-11  3.98789188e-05  0.00000000e+00 
 3.99284951e-05  3.16195620e-09  3.99284951e-05 -2.46103047e-11  3.99284951e-05  0.00000000e+00 
 3.99780715e-05 -1.98776675e-09  3.99780715e-05 -2.46100787e-11  3.99780715e-05  0.00000000e+00 
 4.00276478e-05  3.17427130e-09  4.00276478e-05 -2.46103048e-11  4.00276478e-05  0.00000000e+00 
 4.00772242e-05 -1.99993562e-09  4.00772242e-05 -2.46100786e-11  4.00772242e-05  0.00000000e+00 
 4.01268005e-05  3.18629357e-09  4.01268005e-05 -2.46103049e-11  4.01268005e-05  0.00000000e+00 
 4.01763769e-05 -2.01181095e-09  4.01763769e-05 -2.46100785e-11  4.01763769e-05  0.00000000e+00 
 4.02259532e-05  3.19802163e-09  4.02259532e-05 -2.46103050e-11  4.02259532e-05  0.00000000e+00 
 4.02755296e-05 -2.02339142e-09  4.02755296e-05 -2.46100785e-11  4.02755296e-05  0.00000000e+00 
 4.03251059e-05  3.20945416e-09  4.03251059e-05 -2.46103051e-11  4.03251059e-05  0.00000000e+00 
 4.03746823e-05 -2.03467570e-09  4.03746823e-05 -2.46100784e-11  4.03746823e-05  0.00000000e+00 
 4.04242586e-05  3.22058986e-09  4.04242586e-05 -2.46103051e-11  4.04242586e-05  0.00000000e+00 
 4.04738349e-05 -2.04566252e-09  4.04738349e-05 -2.46100784e-11  4.04738349e-05  0.00000000e+00 
 4.05234113e-05  3.23142747e-09  4.05234113e-05 -2.46103051e-11  4.05234113e-05  0.00000000e+00 
 4.05729876e-05 -2.05635062e-09  4.05729876e-05 -2.46100783e-11  4.05729876e-05  0.00000000e+00 
 4.06225640e-05  3.24196576e-09  4.06225640e-05 -2.46103051e-11  4.06225640e-05  0.00000000e+00 
 4.06721403e-05 -2.06673881e-09  4.06721403e-05 -2.46100783e-11  4.06721403e-05  0.00000000e+00 
 4.07217167e-05  3.25220354e-09  4.07217167e-05 -2.46103051e-11  4.07217167e-05  0.00000000e+00 
 4.07712930e-05 -2.07682589e-09  4.07712930e-05 -2.46100784e-11  4.07712930e-05  0.00000000e+00 
 4.08208694e-05  3.26213964e-09  4.08208694e-05 -2.46103051e-11  4.08208694e-05  0.00000000e+00 
 4.08704457e-05 -2.08661074e-09  4.08704457e-05 -2.46100784e-11  4.08704457e-05  0.00000000e+00 
 4.09200220e-05  3.27177295e-09  4.09200220e-05 -2.46103051e-11  4.09200220e-05  0.00000000e+00 
 4.09695984e-05 -2.09609224e-09  4.09695984e-05 -2.46100785e-11  4.09695984e-05  0.00000000e+00 
 4.10191747e-05  3.28110236e-09  4.10191747e-05 -2.46103050e-11  4.10191747e-05  0.00000000e+00 
 4.10687511e-05 -2.10526931e-09  4.10687511e-05 -2.46100785e-11  4.10687511e-05  0.00000000e+00 
 4.11183274e-05  3.29012682e-09  4.11183274e-05 -2.46103049e-11  4.11183274e-05  0.00000000e+00 
 4.11679038e-05 -2.11414092e-09  4.11679038e-05 -2.46100786e-11  4.11679038e-05  0.00000000e+00 
 4.12174801e-05  3.29884532e-09  4.12174801e-05 -2.46103048e-11  4.12174801e-05  0.00000000e+00 
 4.12670565e-05 -2.12270605e-09  4.12670565e-05 -2.46100787e-11  4.12670565e-05  0.00000000e+00 
 4.13166328e-05  3.30725685e-09  4.13166328e-05 -2.46103047e-11  4.13166328e-05  0.00000000e+00 
 4.13662092e-05 -2.13096375e-09  4.13662092e-05 -2.46100789e-11  4.13662092e-05  0.00000000e+00 
 4.14157855e-05  3.31536047e-09  4.14157855e-05 -2.46103045e-11  4.14157855e-05  0.00000000e+00 
 4.14653618e-05 -2.13891307e-09  4.14653618e-05 -2.46100790e-11  4.14653618e-05  0.00000000e+00 
 4.15149382e-05  3.32315526e-09  4.15149382e-05 -2.46103043e-11  4.15149382e-05  0.00000000e+00 
 4.15645145e-05 -2.14655312e-09  4.15645145e-05 -2.46100792e-11  4.15645145e-05  0.00000000e+00 
 4.16140909e-05  3.33064034e-09  4.16140909e-05 -2.46103042e-11  4.16140909e-05  0.00000000e+00 
 4.16636672e-05 -2.15388302e-09  4.16636672e-05 -2.46100794e-11  4.16636672e-05  0.00000000e+00 
 4.17132436e-05  3.33781485e-09  4.17132436e-05 -2.46103040e-11  4.17132436e-05  0.00000000e+00 
 4.17628199e-05 -2.16090195e-09  4.17628199e-05 -2.46100796e-11  4.17628199e-05  0.00000000e+00 
 4.18123963e-05  3.34467799e-09  4.18123963e-05 -2.46103037e-11  4.18123963e-05  0.00000000e+00 
 4.18619726e-05 -2.16760911e-09  4.18619726e-05 -2.46100798e-11  4.18619726e-05  0.00000000e+00 
 4.19115490e-05  3.35122897e-09  4.19115490e-05 -2.46103035e-11  4.19115490e-05  0.00000000e+00 
 4.19611253e-05 -2.17400374e-09  4.19611253e-05 -2.46100801e-11  4.19611253e-05  0.00000000e+00 
 4.20107016e-05  3.35746706e-09  4.20107016e-05 -2.46103033e-11  4.20107016e-05  0.00000000e+00 
 4.20602780e-05 -2.18008511e-09  4.20602780e-05 -2.46100803e-11  4.20602780e-05  0.00000000e+00 
 4.21098543e-05  3.36339154e-09  4.21098543e-05 -2.46103030e-11  4.21098543e-05  0.00000000e+00 
 4.21594307e-05 -2.18585255e-09  4.21594307e-05 -2.46100806e-11  4.21594307e-05  0.00000000e+00 
 4.22090070e-05  3.36900176e-09  4.22090070e-05 -2.46103027e-11  4.22090070e-05  0.00000000e+00 
 4.22585834e-05 -2.19130538e-09  4.22585834e-05 -2.46100809e-11  4.22585834e-05  0.00000000e+00 
 4.23081597e-05  3.37429706e-09  4.23081597e-05 -2.46103024e-11  4.23081597e-05  0.00000000e+00 
 4.23577361e-05 -2.19644300e-09  4.23577361e-05 -2.46100812e-11  4.23577361e-05  0.00000000e+00 
 4.24073124e-05  3.37927685e-09  4.24073124e-05 -2.46103020e-11  4.24073124e-05  0.00000000e+00 
 4.24568888e-05 -2.20126483e-09  4.24568888e-05 -2.46100816e-11  4.24568888e-05  0.00000000e+00 
 4.25064651e-05  3.38394057e-09  4.25064651e-05 -2.46103017e-11  4.25064651e-05  0.00000000e+00 
 4.25560414e-05 -2.20577031e-09  4.25560414e-05 -2.46100819e-11  4.25560414e-05  0.00000000e+00 
 4.26056178e-05  3.38828768e-09  4.26056178e-05 -2.46103013e-11  4.26056178e-05  0.00000000e+00 
 4.26551941e-05 -2.20995894e-09  4.26551941e-05 -2.46100823e-11  4.26551941e-05  0.00000000e+00 
 4.27047705e-05  3.39231770e-09  4.27047705e-05 -2.46103010e-11  4.27047705e-05  0.00000000e+00 
 4.27543468e-05 -2.21383024e-09  4.27543468e-05 -2.46100827e-11  4.27543468e-05  0.00000000e+00 
 4.28039232e-05  3.39603017e-09  4.28039232e-05 -2.46103005e-11  4.28039232e-05  0.00000000e+00 
 4.28534995e-05 -2.21738377e-09  4.28534995e-05 -2.46100831e-11  4.28534995e-05  0.00000000e+00 
 4.29030759e-05  3.39942467e-09  4.29030759e-05 -2.46103001e-11  4.29030759e-05  0.00000000e+00 
 4.29526522e-05 -2.22061914e-09  4.29526522e-05 -2.46100835e-11  4.29526522e-05  0.00000000e+00 
 4.30022286e-05  3.40250080e-09  4.30022286e-05 -2.46102997e-11  4.30022286e-05  0.00000000e+00 
 4.30518049e-05 -2.22353597e-09  4.30518049e-05 -2.46100840e-11  4.30518049e-05  0.00000000e+00 
 4.31013812e-05  3.40525823e-09  4.31013812e-05 -2.46102992e-11  4.31013812e-05  0.00000000e+00 
 4.31509576e-05 -2.22613393e-09  4.31509576e-05 -2.46100844e-11  4.31509576e-05  0.00000000e+00 
 4.32005339e-05  3.40769665e-09  4.32005339e-05 -2.46102988e-11  4.32005339e-05  0.00000000e+00 
 4.32501103e-05 -2.22841272e-09  4.32501103e-05 -2.46100849e-11  4.32501103e-05  0.00000000e+00 
 4.32996866e-05  3.40981576e-09  4.32996866e-05 -2.46102983e-11  4.32996866e-05  0.00000000e+00 
 4.33492630e-05 -2.23037210e-09  4.33492630e-05 -2.46100854e-11  4.33492630e-05  0.00000000e+00 
 4.33988393e-05  3.41161535e-09  4.33988393e-05 -2.46102978e-11  4.33988393e-05  0.00000000e+00 
 4.34484157e-05 -2.23201184e-09  4.34484157e-05 -2.46100859e-11  4.34484157e-05  0.00000000e+00 
 4.34979920e-05  3.41309519e-09  4.34979920e-05 -2.46102972e-11  4.34979920e-05  0.00000000e+00 
 4.35475684e-05 -2.23333175e-09  4.35475684e-05 -2.46100865e-11  4.35475684e-05  0.00000000e+00 
 4.35971447e-05  3.41425513e-09  4.35971447e-05 -2.46102967e-11  4.35971447e-05  0.00000000e+00 
 4.36467210e-05 -2.23433168e-09  4.36467210e-05 -2.46100870e-11  4.36467210e-05  0.00000000e+00 
 4.36962974e-05  3.41509503e-09  4.36962974e-05 -2.46102961e-11  4.36962974e-05  0.00000000e+00 
 4.37458737e-05 -2.23501153e-09  4.37458737e-05 -2.46100876e-11  4.37458737e-05  0.00000000e+00 
 4.37954501e-05  3.41561479e-09  4.37954501e-05 -2.46102956e-11  4.37954501e-05  0.00000000e+00 
 4.38450264e-05 -2.23537120e-09  4.38450264e-05 -2.46100882e-11  4.38450264e-05  0.00000000e+00 
 4.38946028e-05  3.41581437e-09  4.38946028e-05 -2.46102950e-11  4.38946028e-05  0.00000000e+00 
 4.39441791e-05 -2.23541067e-09  4.39441791e-05 -2.46100888e-11  4.39441791e-05  0.00000000e+00 
 4.39937555e-05  3.41569372e-09  4.39937555e-05 -2.46102943e-11  4.39937555e-05  0.00000000e+00 
 4.40433318e-05 -2.23512992e-09  4.40433318e-05 -2.46100894e-11  4.40433318e-05  0.00000000e+00 
 4.40929082e-05  3.41525288e-09  4.40929082e-05 -2.46102937e-11  4.40929082e-05  0.00000000e+00 
 4.41424845e-05 -2.23452900e-09  4.41424845e-05 -2.46100900e-11  4.41424845e-05  0.00000000e+00 
 4.41920608e-05  3.41449189e-09  4.41920608e-05 -2.46102931e-11  4.41920608e-05  0.00000000e+00 
 4.42416372e-05 -2.23360796e-09  4.42416372e-05 -2.46100907e-11  4.42416372e-05  0.00000000e+00 
 4.42912135e-05  3.41341083e-09  4.42912135e-05 -2.46102924e-11  4.42912135e-05  0.00000000e+00 
 4.43407899e-05 -2.23236691e-09  4.43407899e-05 -2.46100914e-11  4.43407899e-05  0.00000000e+00 
 4.43903662e-05  3.41200983e-09  4.43903662e-05 -2.46102917e-11  4.43903662e-05  0.00000000e+00 
 4.44399426e-05 -2.23080599e-09  4.44399426e-05 -2.46100921e-11  4.44399426e-05  0.00000000e+00 
 4.44895189e-05  3.41028904e-09  4.44895189e-05 -2.46102910e-11  4.44895189e-05  0.00000000e+00 
 4.45390953e-05 -2.22892539e-09  4.45390953e-05 -2.46100928e-11  4.45390953e-05  0.00000000e+00 
 4.45886716e-05  3.40824867e-09  4.45886716e-05 -2.46102903e-11  4.45886716e-05  0.00000000e+00 
 4.46382480e-05 -2.22672530e-09  4.46382480e-05 -2.46100935e-11  4.46382480e-05  0.00000000e+00 
 4.46878243e-05  3.40588894e-09  4.46878243e-05 -2.46102896e-11  4.46878243e-05  0.00000000e+00 
 4.47374006e-05 -2.22420599e-09  4.47374006e-05 -2.46100942e-11  4.47374006e-05  0.00000000e+00 
 4.47869770e-05  3.40321012e-09  4.47869770e-05 -2.46102888e-11  4.47869770e-05  0.00000000e+00 
 4.48365533e-05 -2.22136773e-09  4.48365533e-05 -2.46100950e-11  4.48365533e-05  0.00000000e+00 
 4.48861297e-05  3.40021251e-09  4.48861297e-05 -2.46102880e-11  4.48861297e-05  0.00000000e+00 
 4.49357060e-05 -2.21821086e-09  4.49357060e-05 -2.46100958e-11  4.49357060e-05  0.00000000e+00 
 4.49852824e-05  3.39689646e-09  4.49852824e-05 -2.46102872e-11  4.49852824e-05  0.00000000e+00 
 4.50348587e-05 -2.21473572e-09  4.50348587e-05 -2.46100966e-11  4.50348587e-05  0.00000000e+00 
 4.50844351e-05  3.39326233e-09  4.50844351e-05 -2.46102864e-11  4.50844351e-05  0.00000000e+00 
 4.51340114e-05 -2.21094271e-09  4.51340114e-05 -2.46100974e-11  4.51340114e-05  0.00000000e+00 
 4.51835878e-05  3.38931055e-09  4.51835878e-05 -2.46102856e-11  4.51835878e-05  0.00000000e+00 
 4.52331641e-05 -2.20683226e-09  4.52331641e-05 -2.46100982e-11  4.52331641e-05  0.00000000e+00 
 4.52827404e-05  3.38504155e-09  4.52827404e-05 -2.46102848e-11  4.52827404e-05  0.00000000e+00 
 4.53323168e-05 -2.20240483e-09  4.53323168e-05 -2.46100991e-11  4.53323168e-05  0.00000000e+00 
 4.53818931e-05  3.38045583e-09  4.53818931e-05 -2.46102839e-11  4.53818931e-05  0.00000000e+00 
 4.54314695e-05 -2.19766094e-09  4.54314695e-05 -2.46100999e-11  4.54314695e-05  0.00000000e+00 
 4.54810458e-05  3.37555390e-09  4.54810458e-05 -2.46102831e-11  4.54810458e-05  0.00000000e+00 
 4.55306222e-05 -2.19260111e-09  4.55306222e-05 -2.46101008e-11  4.55306222e-05  0.00000000e+00 
 4.55801985e-05  3.37033631e-09  4.55801985e-05 -2.46102822e-11  4.55801985e-05  0.00000000e+00 
 4.56297749e-05 -2.18722591e-09  4.56297749e-05 -2.46101017e-11  4.56297749e-05  0.00000000e+00 
 4.56793512e-05  3.36480367e-09  4.56793512e-05 -2.46102813e-11  4.56793512e-05  0.00000000e+00 
 4.57289276e-05 -2.18153597e-09  4.57289276e-05 -2.46101026e-11  4.57289276e-05  0.00000000e+00 
 4.57785039e-05  3.35895659e-09  4.57785039e-05 -2.46102804e-11  4.57785039e-05  0.00000000e+00 
 4.58280802e-05 -2.17553192e-09  4.58280802e-05 -2.46101035e-11  4.58280802e-05  0.00000000e+00 
 4.58776566e-05  3.35279574e-09  4.58776566e-05 -2.46102794e-11  4.58776566e-05  0.00000000e+00 
 4.59272329e-05 -2.16921444e-09  4.59272329e-05 -2.46101045e-11  4.59272329e-05  0.00000000e+00 
 4.59768093e-05  3.34632182e-09  4.59768093e-05 -2.46102785e-11  4.59768093e-05  0.00000000e+00 
 4.60263856e-05 -2.16258425e-09  4.60263856e-05 -2.46101054e-11  4.60263856e-05  0.00000000e+00 
 4.60759620e-05  3.33953556e-09  4.60759620e-05 -2.46102775e-11  4.60759620e-05  0.00000000e+00 
 4.61255383e-05 -2.15564210e-09  4.61255383e-05 -2.46101064e-11  4.61255383e-05  0.00000000e+00 
 4.61751147e-05  3.33243772e-09  4.61751147e-05 -2.46102765e-11  4.61751147e-05  0.00000000e+00 
 4.62246910e-05 -2.14838878e-09  4.62246910e-05 -2.46101074e-11  4.62246910e-05  0.00000000e+00 
 4.62742674e-05  3.32502912e-09  4.62742674e-05 -2.46102755e-11  4.62742674e-05  0.00000000e+00 
 4.63238437e-05 -2.14082511e-09  4.63238437e-05 -2.46101084e-11  4.63238437e-05  0.00000000e+00 
 4.63734200e-05  3.31731060e-09  4.63734200e-05 -2.46102745e-11  4.63734200e-05  0.00000000e+00 
 4.64229964e-05 -2.13295194e-09  4.64229964e-05 -2.46101094e-11  4.64229964e-05  0.00000000e+00 
 4.64725727e-05  3.30928302e-09  4.64725727e-05 -2.46102735e-11  4.64725727e-05  0.00000000e+00 
 4.65221491e-05 -2.12477018e-09  4.65221491e-05 -2.46101105e-11  4.65221491e-05  0.00000000e+00 
 4.65717254e-05  3.30094730e-09  4.65717254e-05 -2.46102725e-11  4.65717254e-05  0.00000000e+00 
 4.66213018e-05 -2.11628073e-09  4.66213018e-05 -2.46101115e-11  4.66213018e-05  0.00000000e+00 
 4.66708781e-05  3.29230439e-09  4.66708781e-05 -2.46102714e-11  4.66708781e-05  0.00000000e+00 
 4.67204545e-05 -2.10748458e-09  4.67204545e-05 -2.46101126e-11  4.67204545e-05  0.00000000e+00 
 4.67700308e-05  3.28335525e-09  4.67700308e-05 -2.46102703e-11  4.67700308e-05  0.00000000e+00 
 4.68196072e-05 -2.09838271e-09  4.68196072e-05 -2.46101137e-11  4.68196072e-05  0.00000000e+00 
 4.68691835e-05  3.27410091e-09  4.68691835e-05 -2.46102693e-11  4.68691835e-05  0.00000000e+00 
 4.69187598e-05 -2.08897616e-09  4.69187598e-05 -2.46101148e-11  4.69187598e-05  0.00000000e+00 
 4.69683362e-05  3.26454242e-09  4.69683362e-05 -2.46102682e-11  4.69683362e-05  0.00000000e+00 
 4.70179125e-05 -2.07926599e-09  4.70179125e-05 -2.46101159e-11  4.70179125e-05  0.00000000e+00 
 4.70674889e-05  3.25468085e-09  4.70674889e-05 -2.46102670e-11  4.70674889e-05  0.00000000e+00 
 4.71170652e-05 -2.06925330e-09  4.71170652e-05 -2.46101170e-11  4.71170652e-05  0.00000000e+00 
 4.71666416e-05  3.24451733e-09  4.71666416e-05 -2.46102659e-11  4.71666416e-05  0.00000000e+00 
 4.72162179e-05 -2.05893922e-09  4.72162179e-05 -2.46101181e-11  4.72162179e-05  0.00000000e+00 
 4.72657943e-05  3.23405301e-09  4.72657943e-05 -2.46102648e-11  4.72657943e-05  0.00000000e+00 
 4.73153706e-05 -2.04832494e-09  4.73153706e-05 -2.46101193e-11  4.73153706e-05  0.00000000e+00 
 4.73649470e-05  3.22328907e-09  4.73649470e-05 -2.46102636e-11  4.73649470e-05  0.00000000e+00 
 4.74145233e-05 -2.03741164e-09  4.74145233e-05 -2.46101205e-11  4.74145233e-05  0.00000000e+00 
 4.74640996e-05  3.21222674e-09  4.74640996e-05 -2.46102625e-11  4.74640996e-05  0.00000000e+00 
 4.75136760e-05 -2.02620057e-09  4.75136760e-05 -2.46101216e-11  4.75136760e-05  0.00000000e+00 
 4.75632523e-05  3.20086726e-09  4.75632523e-05 -2.46102613e-11  4.75632523e-05  0.00000000e+00 
 4.76128287e-05 -2.01469300e-09  4.76128287e-05 -2.46101228e-11  4.76128287e-05  0.00000000e+00 
 4.76624050e-05  3.18921192e-09  4.76624050e-05 -2.46102601e-11  4.76624050e-05  0.00000000e+00 
 4.77119814e-05 -2.00289023e-09  4.77119814e-05 -2.46101240e-11  4.77119814e-05  0.00000000e+00 
 4.77615577e-05  3.17726205e-09  4.77615577e-05 -2.46102589e-11  4.77615577e-05  0.00000000e+00 
 4.78111341e-05 -1.99079359e-09  4.78111341e-05 -2.46101253e-11  4.78111341e-05  0.00000000e+00 
 4.78607104e-05  3.16501900e-09  4.78607104e-05 -2.46102576e-11  4.78607104e-05  0.00000000e+00 
 4.79102868e-05 -1.97840446e-09  4.79102868e-05 -2.46101265e-11  4.79102868e-05  0.00000000e+00 
 4.79598631e-05  3.15248416e-09  4.79598631e-05 -2.46102564e-11  4.79598631e-05  0.00000000e+00 
 4.80094394e-05 -1.96572424e-09  4.80094394e-05 -2.46101278e-11  4.80094394e-05  0.00000000e+00 
 4.80590158e-05  3.13965894e-09  4.80590158e-05 -2.46102551e-11  4.80590158e-05  0.00000000e+00 
 4.81085921e-05 -1.95275438e-09  4.81085921e-05 -2.46101290e-11  4.81085921e-05  0.00000000e+00 
 4.81581685e-05  3.12654481e-09  4.81581685e-05 -2.46102539e-11  4.81581685e-05  0.00000000e+00 
 4.82077448e-05 -1.93949633e-09  4.82077448e-05 -2.46101303e-11  4.82077448e-05  0.00000000e+00 
 4.82573212e-05  3.11314324e-09  4.82573212e-05 -2.46102526e-11  4.82573212e-05  0.00000000e+00 
 4.83068975e-05 -1.92595161e-09  4.83068975e-05 -2.46101316e-11  4.83068975e-05  0.00000000e+00 
 4.83564739e-05  3.09945575e-09  4.83564739e-05 -2.46102513e-11  4.83564739e-05  0.00000000e+00 
 4.84060502e-05 -1.91212174e-09  4.84060502e-05 -2.46101329e-11  4.84060502e-05  0.00000000e+00 
 4.84556266e-05  3.08548391e-09  4.84556266e-05 -2.46102500e-11  4.84556266e-05  0.00000000e+00 
 4.85052029e-05 -1.89800830e-09  4.85052029e-05 -2.46101342e-11  4.85052029e-05  0.00000000e+00 
 4.85547792e-05  3.07122928e-09  4.85547792e-05 -2.46102487e-11  4.85547792e-05  0.00000000e+00 
 4.86043556e-05 -1.88361288e-09  4.86043556e-05 -2.46101355e-11  4.86043556e-05  0.00000000e+00 
 4.86539319e-05  3.05669349e-09  4.86539319e-05 -2.46102474e-11  4.86539319e-05  0.00000000e+00 
 4.87035083e-05 -1.86893712e-09  4.87035083e-05 -2.46101369e-11  4.87035083e-05  0.00000000e+00 
 4.87530846e-05  3.04187818e-09  4.87530846e-05 -2.46102460e-11  4.87530846e-05  0.00000000e+00 
 4.88026610e-05 -1.85398267e-09  4.88026610e-05 -2.46101382e-11  4.88026610e-05  0.00000000e+00 
 4.88522373e-05  3.02678503e-09  4.88522373e-05 -2.46102447e-11  4.88522373e-05  0.00000000e+00 
 4.89018137e-05 -1.83875124e-09  4.89018137e-05 -2.46101396e-11  4.89018137e-05  0.00000000e+00 
 4.89513900e-05  3.01141576e-09  4.89513900e-05 -2.46102433e-11  4.89513900e-05  0.00000000e+00 
 4.90009664e-05 -1.82324455e-09  4.90009664e-05 -2.46101410e-11  4.90009664e-05  0.00000000e+00 
 4.90505427e-05  2.99577209e-09  4.90505427e-05 -2.46102419e-11  4.90505427e-05  0.00000000e+00 
 4.91001190e-05 -1.80746435e-09  4.91001190e-05 -2.46101423e-11  4.91001190e-05  0.00000000e+00 
 4.91496954e-05  2.97985582e-09  4.91496954e-05 -2.46102405e-11  4.91496954e-05  0.00000000e+00 
 4.91992717e-05 -1.79141244e-09  4.91992717e-05 -2.46101437e-11  4.91992717e-05  0.00000000e+00 
 4.92488481e-05  2.96366873e-09  4.92488481e-05 -2.46102391e-11  4.92488481e-05  0.00000000e+00 
 4.92984244e-05 -1.77509063e-09  4.92984244e-05 -2.46101451e-11  4.92984244e-05  0.00000000e+00 
 4.93480008e-05  2.94721267e-09  4.93480008e-05 -2.46102377e-11  4.93480008e-05  0.00000000e+00 
 4.93975771e-05 -1.75850077e-09  4.93975771e-05 -2.46101466e-11  4.93975771e-05  0.00000000e+00 
 4.94471535e-05  2.93048951e-09  4.94471535e-05 -2.46102363e-11  4.94471535e-05  0.00000000e+00 
 4.94967298e-05 -1.74164475e-09  4.94967298e-05 -2.46101480e-11  4.94967298e-05  0.00000000e+00 
 4.95365376e-05  2.91139856e-09  4.95365376e-05 -2.46102348e-11  4.95365376e-05  0.00000000e+00 
 4.95763454e-05 -1.72028314e-09  4.95763454e-05 -2.46101498e-11  4.95763454e-05  0.00000000e+00 
 4.95769177e-05  8.21999415e-07  4.95769177e-05  1.46349978e-07  4.95769177e-05  5.77168264e-03 
 4.95780622e-05  2.49948430e-06  4.95780622e-05  1.46349815e-07  4.95780622e-05  1.73150479e-02 
 4.95786835e-05  3.37118136e-06  4.95786835e-05  1.46349710e-07  4.95786835e-05  2.35802153e-02 
 4.95792979e-05  4.25955611e-06  4.95792979e-05  1.46349587e-07  4.95792979e-05  2.97773761e-02 
 4.95798395e-05  5.02310100e-06  4.95798395e-05  1.46349463e-07  4.95798395e-05  3.52391550e-02 
 4.95802995e-05  5.66416635e-06  4.95802995e-05  1.46349345e-07  4.95802995e-05  3.98783818e-02 
 4.95807141e-05  6.26337680e-06  4.95807141e-05  1.46349222e-07  4.95807141e-05  4.40602249e-02 
 4.95811372e-05  6.83321523e-06  4.95811372e-05  1.46349089e-07  4.95811372e-05  4.83269826e-02 
 4.95815786e-05  7.46571642e-06  4.95815786e-05  1.46348929e-07  4.95815786e-05  5.27791895e-02 
 4.95820973e-05  8.17435198e-06  4.95820973e-05  1.46348720e-07  4.95820973e-05  5.80103866e-02 
 4.95825219e-05  8.75772515e-06  4.95825219e-05  1.46348529e-07  4.95825219e-05  6.22922450e-02 
 4.95829032e-05  9.29532776e-06  4.95829032e-05  1.46348334e-07  4.95829032e-05  6.61383202e-02 
 4.95832908e-05  9.80451210e-06  4.95832908e-05  1.46348125e-07  4.95832908e-05  7.00473487e-02 
 4.95836581e-05  1.03236297e-05  4.95836581e-05  1.46347898e-07  4.95836581e-05  7.37513025e-02 
 4.95841645e-05  1.10004866e-05  4.95841645e-05  1.46347558e-07  4.95841645e-05  7.88589179e-02 
 4.95845649e-05  1.15393725e-05  4.95845649e-05  1.46347256e-07  4.95845649e-05  8.28972873e-02 
 4.95849692e-05  1.20972114e-05  4.95849692e-05  1.46346913e-07  4.95849692e-05  8.69743119e-02 
 4.95853364e-05  1.25684727e-05  4.95853364e-05  1.46346583e-07  4.95853364e-05  9.06780335e-02 
 4.95857112e-05  1.30874843e-05  4.95857112e-05  1.46346198e-07  4.95857112e-05  9.44581481e-02 
 4.95862199e-05  1.37534708e-05  4.95862199e-05  1.46345628e-07  4.95862199e-05  9.95889808e-02 
 4.95866235e-05  1.42855680e-05  4.95866235e-05  1.46345121e-07  4.95866235e-05  1.03659114e-01 
 4.95870308e-05  1.48362440e-05  4.95870308e-05  1.46344544e-07  4.95870308e-05  1.07766796e-01 
 4.95874000e-05  1.53001504e-05  4.95874000e-05  1.46343989e-07  4.95874000e-05  1.11490856e-01 
 4.95877766e-05  1.58114232e-05  4.95877766e-05  1.46343343e-07  4.95877766e-05  1.15288899e-01 
 4.95882974e-05  1.64787780e-05  4.95882974e-05  1.46342367e-07  4.95882974e-05  1.20540753e-01 
 4.95887101e-05  1.70124297e-05  4.95887101e-05  1.46341495e-07  4.95887101e-05  1.24703017e-01 
 4.95891264e-05  1.75629966e-05  4.95891264e-05  1.46340505e-07  4.95891264e-05  1.28902182e-01 
 4.95895026e-05  1.80260037e-05  4.95895026e-05  1.46339551e-07  4.95895026e-05  1.32696164e-01 
 4.95898804e-05  1.85292465e-05  4.95898804e-05  1.46338456e-07  4.95898804e-05  1.36506755e-01 
 4.95904485e-05  1.92410196e-05  4.95904485e-05  1.46336651e-07  4.95904485e-05  1.42235877e-01 
 4.95908983e-05  1.98130448e-05  4.95908983e-05  1.46335017e-07  4.95908983e-05  1.46772170e-01 
 4.95913042e-05  2.03362268e-05  4.95913042e-05  1.46333360e-07  4.95913042e-05  1.50865988e-01 
 4.95916680e-05  2.07742375e-05  4.95916680e-05  1.46331776e-07  4.95916680e-05  1.54535037e-01 
 4.95920403e-05  2.12610357e-05  4.95920403e-05  1.46329928e-07  4.95920403e-05  1.58289771e-01 
 4.95925711e-05  2.19094349e-05  4.95925711e-05  1.46327060e-07  4.95925711e-05  1.63642980e-01 
 4.95930165e-05  2.24658136e-05  4.95930165e-05  1.46324316e-07  4.95930165e-05  1.68135858e-01 
 4.95934114e-05  2.29634332e-05  4.95934114e-05  1.46321593e-07  4.95934114e-05  1.72118310e-01 
 4.95937638e-05  2.33784298e-05  4.95937638e-05  1.46319006e-07  4.95937638e-05  1.75672669e-01 
 4.95941244e-05  2.38413591e-05  4.95941244e-05  1.46315996e-07  4.95941244e-05  1.79309473e-01 
 4.95946141e-05  2.44262272e-05  4.95946141e-05  1.46311581e-07  4.95946141e-05  1.84248238e-01 
 4.95950335e-05  2.49389719e-05  4.95950335e-05  1.46307306e-07  4.95950335e-05  1.88478206e-01 
 4.95954042e-05  2.53990419e-05  4.95954042e-05  1.46303093e-07  4.95954042e-05  1.92216849e-01 
 4.95957805e-05  2.58335371e-05  4.95957805e-05  1.46298545e-07  4.95957805e-05  1.96011777e-01 
 4.95961199e-05  2.62616120e-05  4.95961199e-05  1.46293881e-07  4.95961199e-05  1.99434754e-01 
 4.95966770e-05  2.69163092e-05  4.95966770e-05  1.46285551e-07  4.95966770e-05  2.05053136e-01 
 4.95971148e-05  2.74401994e-05  4.95971148e-05  1.46278088e-07  4.95971148e-05  2.09468650e-01 
 4.95975123e-05  2.79227297e-05  4.95975123e-05  1.46270496e-07  4.95975123e-05  2.13477502e-01 
 4.95978683e-05  2.83242327e-05  4.95978683e-05  1.46263258e-07  4.95978683e-05  2.17068307e-01 
 4.95982328e-05  2.87738627e-05  4.95982328e-05  1.46254831e-07  4.95982328e-05  2.20744432e-01 
 4.95987646e-05  2.93846185e-05  4.95987646e-05  1.46241451e-07  4.95987646e-05  2.26107351e-01 
 4.95992019e-05  2.98979054e-05  4.95992019e-05  1.46228932e-07  4.95992019e-05  2.30518168e-01 
 4.95995926e-05  3.03626367e-05  4.95995926e-05  1.46216422e-07  4.95995926e-05  2.34458423e-01 
 4.95999441e-05  3.07505518e-05  4.95999441e-05  1.46204459e-07  4.95999441e-05  2.38003702e-01 
 4.96003037e-05  3.11858911e-05  4.96003037e-05  1.46190553e-07  4.96003037e-05  2.41630288e-01 
 4.96008221e-05  3.17691045e-05  4.96008221e-05  1.46168794e-07  4.96008221e-05  2.46858617e-01 
 4.96012493e-05  3.22601990e-05  4.96012493e-05  1.46148465e-07  4.96012493e-05  2.51166640e-01 
 4.96016313e-05  3.27068742e-05  4.96016313e-05  1.46128151e-07  4.96016313e-05  2.55019965e-01 
 4.96019788e-05  3.30820106e-05  4.96019788e-05  1.46108569e-07  4.96019788e-05  2.58524660e-01 
 4.96023340e-05  3.35039150e-05  4.96023340e-05  1.46085850e-07  4.96023340e-05  2.62106616e-01 
 4.96028801e-05  3.41076953e-05  4.96028801e-05  1.46047781e-07  4.96028801e-05  2.67614479e-01 
 4.96033130e-05  3.45951383e-05  4.96033130e-05  1.46013481e-07  4.96033130e-05  2.71980183e-01 
 4.96037053e-05  3.50452149e-05  4.96037053e-05  1.45978674e-07  4.96037053e-05  2.75936447e-01 
 4.96040610e-05  3.54218568e-05  4.96040610e-05  1.45945135e-07  4.96040610e-05  2.79524017e-01 
 4.96044247e-05  3.58457031e-05  4.96044247e-05  1.45906163e-07  4.96044247e-05  2.83192092e-01 
 4.96049845e-05  3.64524206e-05  4.96049845e-05  1.45840609e-07  4.96049845e-05  2.88838075e-01 
 4.96054317e-05  3.69473576e-05  4.96054317e-05  1.45780835e-07  4.96054317e-05  2.93348660e-01 
 4.96058351e-05  3.74003539e-05  4.96058351e-05  1.45720397e-07  4.96058351e-05  2.97417241e-01 
 4.96061958e-05  3.77755586e-05  4.96061958e-05  1.45662754e-07  4.96061958e-05  3.01055187e-01 
 4.96065650e-05  3.81984275e-05  4.96065650e-05  1.45595672e-07  4.96065650e-05  3.04777976e-01 
 4.96070817e-05  3.87460914e-05  4.96070817e-05  1.45493733e-07  4.96070817e-05  3.09989495e-01 
 4.96075209e-05  3.92246613e-05  4.96075209e-05  1.45395276e-07  4.96075209e-05  3.14419019e-01 
 4.96079100e-05  3.96541387e-05  4.96079100e-05  1.45297880e-07  4.96079100e-05  3.18342992e-01 
 4.96082603e-05  4.00117447e-05  4.96082603e-05  1.45204686e-07  4.96082603e-05  3.21875771e-01 
 4.96086183e-05  4.04161209e-05  4.96086183e-05  1.45096575e-07  4.96086183e-05  3.25486795e-01 
 4.96091179e-05  4.09374020e-05  4.96091179e-05  1.44933468e-07  4.96091179e-05  3.30525895e-01 
 4.96095395e-05  4.13890503e-05  4.96095395e-05  1.44777969e-07  4.96095395e-05  3.34777052e-01 
 4.96099154e-05  4.17999998e-05  4.96099154e-05  1.44623368e-07  4.96099154e-05  3.38568582e-01 
 4.96102967e-05  4.21848411e-05  4.96102967e-05  1.44456431e-07  4.96102967e-05  3.42414268e-01 
 4.96106422e-05  4.25705723e-05  4.96106422e-05  1.44284613e-07  4.96106422e-05  3.45898330e-01 
 4.96112090e-05  4.31567169e-05  4.96112090e-05  1.43977482e-07  4.96112090e-05  3.51615494e-01 
 4.96116605e-05  4.36354106e-05  4.96116605e-05  1.43698123e-07  4.96116605e-05  3.56168856e-01 
 4.96121162e-05  4.41244001e-05  4.96121162e-05  1.43380793e-07  4.96121162e-05  3.60764851e-01 
 4.96125265e-05  4.45372910e-05  4.96125265e-05  1.43070934e-07  4.96125265e-05  3.64902704e-01 
 4.96129165e-05  4.49681016e-05  4.96129165e-05  1.42734514e-07  4.96129165e-05  3.68836219e-01 
 4.96134308e-05  4.54910545e-05  4.96134308e-05  1.42253431e-07  4.96134308e-05  3.74023467e-01 
 4.96139474e-05  4.60413551e-05  4.96139474e-05  1.41696955e-07  4.96139474e-05  3.79232801e-01 
 4.96143908e-05  4.65101777e-05  4.96143908e-05  1.41160604e-07  4.96143908e-05  3.83705412e-01 
 4.96147805e-05  4.69048858e-05  4.96147805e-05  1.40648365e-07  4.96147805e-05  3.87635642e-01 
 4.96151767e-05  4.73427934e-05  4.96151767e-05  1.40056316e-07  4.96151767e-05  3.91631422e-01 
 4.96155844e-05  4.77535322e-05  4.96155844e-05  1.39407429e-07  4.96155844e-05  3.95742750e-01 
 4.96161515e-05  4.83646639e-05  4.96161515e-05  1.38368504e-07  4.96161515e-05  4.01462264e-01 
 4.96166127e-05  4.88534830e-05  4.96166127e-05  1.37417601e-07  4.96166127e-05  4.06113599e-01 
 4.96170304e-05  4.92880375e-05  4.96170304e-05  1.36470222e-07  4.96170304e-05  4.10326137e-01 
 4.96174521e-05  4.97598676e-05  4.96174521e-05  1.35383216e-07  4.96174521e-05  4.14579214e-01 
 4.96178506e-05  5.01690621e-05  4.96178506e-05  1.34287846e-07  4.96178506e-05  4.18599114e-01 
 4.96183983e-05  5.07808275e-05  4.96183983e-05  1.32553837e-07  4.96183983e-05  4.24122943e-01 
 4.96189132e-05  5.13402425e-05  4.96189132e-05  1.30726708e-07  4.96189132e-05  4.29315383e-01 
 4.96193753e-05  5.18502632e-05  4.96193753e-05  1.28884632e-07  4.96193753e-05  4.33976351e-01 
 4.96198403e-05  5.23894312e-05  4.96198403e-05  1.26780751e-07  4.96198403e-05  4.38666012e-01 
 4.96202615e-05  5.28501795e-05  4.96202615e-05  1.24724629e-07  4.96202615e-05  4.42913739e-01 
 4.96207267e-05  5.34108241e-05  4.96207267e-05  1.22118770e-07  4.96207267e-05  4.47605243e-01 
 4.96215189e-05  5.43400580e-05  4.96215189e-05  1.17070367e-07  4.96215189e-05  4.55595508e-01 
 4.96222257e-05  5.52227895e-05  4.96222257e-05  1.11641732e-07  4.96222257e-05  4.62723553e-01 
 4.96229344e-05  5.61329390e-05  4.96229344e-05  1.05239751e-07  4.96229344e-05  4.69870900e-01 
 4.96236135e-05  5.70397525e-05  4.96236135e-05  9.80545626e-08  4.96236135e-05  4.76720441e-01 
 4.96242568e-05  5.79625236e-05  4.96242568e-05  9.00213570e-08  4.96242568e-05  4.83208462e-01 
 4.96249052e-05  5.89085960e-05  4.96249052e-05  8.07954227e-08  4.96249052e-05  4.89747918e-01 
 4.96256044e-05  6.00384626e-05  4.96256044e-05  6.89257105e-08  4.96256044e-05  4.96799519e-01 
 4.96265027e-05  6.15628698e-05  4.96265027e-05  5.09508457e-08  4.96265027e-05  5.05858798e-01 
 4.96282794e-05  6.51895565e-05  4.96282794e-05  2.04032868e-09  4.96282794e-05  5.23777788e-01 
 4.96308004e-05  7.21841008e-05  4.96308004e-05 -1.09701079e-07  4.96308004e-05  5.49203598e-01 
 4.96342415e-05  8.83515515e-05  4.96342415e-05 -4.02636627e-07  4.96342415e-05  5.83908827e-01 
 4.96385441e-05  1.31048605e-04  4.96385441e-05 -1.21282618e-06  4.96385441e-05  6.27302197e-01 
 4.96454350e-05  3.51533476e-04  4.96454350e-05 -5.06608719e-06  4.96454350e-05  6.96800233e-01 
 4.96520139e-05  1.03593369e-03  4.96520139e-05 -1.64605039e-05  4.96520139e-05  7.63150934e-01 
 4.96603656e-05  4.00834595e-03  4.96603656e-05 -5.88473690e-05  4.96603656e-05  8.47382117e-01 
 4.96697545e-05  1.38656092e-02  4.96697545e-05 -1.67777211e-04  4.96697545e-05  9.42073501e-01 
 4.96816677e-05  4.25912843e-02  4.96816677e-05 -3.69826850e-04  4.96816677e-05  1.06222335e+00 
 4.97006213e-05  1.23564646e-01  4.97006213e-05 -6.50091671e-04  4.97006213e-05  1.25337917e+00 
 4.97196484e-05  2.30038118e-01  4.97196484e-05 -8.22343152e-04  4.97196484e-05  1.44527594e+00 
 4.97577026e-05  4.61754823e-01  4.97577026e-05 -1.08703527e-03  4.97577026e-05  1.82906948e+00 
 4.97976783e-05  7.14666008e-01  4.97976783e-05 -1.35449494e-03  4.97976783e-05  2.23224251e+00 
 4.98472546e-05  1.03518800e+00  4.98472546e-05 -1.68819161e-03  4.98472546e-05  2.73224251e+00 
 4.98968310e-05  1.36050945e+00  4.98968310e-05 -2.01969426e-03  4.98968310e-05  3.23224251e+00 
 4.99464073e-05  1.68740897e+00  4.99464073e-05 -2.34676482e-03  4.99464073e-05  3.73224251e+00 
 4.99959836e-05  2.01392825e+00  4.99959836e-05 -2.67155723e-03  4.99959836e-05  4.23224251e+00 
 5.00340463e-05  2.26338521e+00  5.00340463e-05 -2.91625418e-03  5.00340463e-05  4.61612125e+00 
 5.00721089e-05  2.51124018e+00  5.00721089e-05 -3.16042982e-03  5.00721089e-05  5.00000000e+00 
 5.00770665e-05  2.53489197e+00  5.00770665e-05 -3.01245138e-03  5.00770665e-05  5.00000000e+00 
 5.00869818e-05  2.56828773e+00  5.00869818e-05 -2.76517535e-03  5.00869818e-05  5.00000000e+00 
 5.01068123e-05  2.58918994e+00  5.01068123e-05 -2.60338892e-03  5.01068123e-05  5.00000000e+00 
 5.01365439e-05  2.59151020e+00  5.01365439e-05 -2.59293152e-03  5.01365439e-05  5.00000000e+00 
 5.01693156e-05  2.59129948e+00  5.01693156e-05 -2.58859677e-03  5.01693156e-05  5.00000000e+00 
 5.02188919e-05  2.59130313e+00  5.02188919e-05 -2.59401688e-03  5.02188919e-05  5.00000000e+00 
 5.02684682e-05  2.59132538e+00  5.02684682e-05 -2.58870515e-03  5.02684682e-05  5.00000000e+00 
 5.03180446e-05  2.59129534e+00  5.03180446e-05 -2.59379091e-03  5.03180446e-05  5.00000000e+00 
 5.03676209e-05  2.59132716e+00  5.03676209e-05 -2.58896336e-03  5.03676209e-05  5.00000000e+00 
 5.04171973e-05  2.59129616e+00  5.04171973e-05 -2.59353178e-03  5.04171973e-05  5.00000000e+00 
 5.04667736e-05  2.59132602e+00  5.04667736e-05 -2.58921391e-03  5.04667736e-05  5.00000000e+00 
 5.05163500e-05  2.59129785e+00  5.05163500e-05 -2.59329357e-03  5.05163500e-05  5.00000000e+00 
 5.05659263e-05  2.59132466e+00  5.05659263e-05 -2.58943982e-03  5.05659263e-05  5.00000000e+00 
 5.06155027e-05  2.59129946e+00  5.06155027e-05 -2.59308021e-03  5.06155027e-05  5.00000000e+00 
 5.06650790e-05  2.59132339e+00  5.06650790e-05 -2.58964163e-03  5.06650790e-05  5.00000000e+00 
 5.07146554e-05  2.59130090e+00  5.07146554e-05 -2.59288975e-03  5.07146554e-05  5.00000000e+00 
 5.07642317e-05  2.59132225e+00  5.07642317e-05 -2.58982171e-03  5.07642317e-05  5.00000000e+00 
 5.08138080e-05  2.59130218e+00  5.08138080e-05 -2.59271980e-03  5.08138080e-05  5.00000000e+00 
 5.08633844e-05  2.59132122e+00  5.08633844e-05 -2.58998236e-03  5.08633844e-05  5.00000000e+00 
 5.09129607e-05  2.59130330e+00  5.09129607e-05 -2.59256817e-03  5.09129607e-05  5.00000000e+00 
 5.09625371e-05  2.59132029e+00  5.09625371e-05 -2.59012569e-03  5.09625371e-05  5.00000000e+00 
 5.10121134e-05  2.59130430e+00  5.10121134e-05 -2.59243289e-03  5.10121134e-05  5.00000000e+00 
 5.10616898e-05  2.59131945e+00  5.10616898e-05 -2.59025355e-03  5.10616898e-05  5.00000000e+00 
 5.11112661e-05  2.59130519e+00  5.11112661e-05 -2.59231218e-03  5.11112661e-05  5.00000000e+00 
 5.11608425e-05  2.59131870e+00  5.11608425e-05 -2.59036763e-03  5.11608425e-05  5.00000000e+00 
 5.12104188e-05  2.59130597e+00  5.12104188e-05 -2.59220449e-03  5.12104188e-05  5.00000000e+00 
 5.12599952e-05  2.59131803e+00  5.12599952e-05 -2.59046940e-03  5.12599952e-05  5.00000000e+00 
 5.13095715e-05  2.59130667e+00  5.13095715e-05 -2.59210841e-03  5.13095715e-05  5.00000000e+00 
 5.13591478e-05  2.59131742e+00  5.13591478e-05 -2.59056020e-03  5.13591478e-05  5.00000000e+00 
 5.14087242e-05  2.59130729e+00  5.14087242e-05 -2.59202269e-03  5.14087242e-05  5.00000000e+00 
 5.14583005e-05  2.59131688e+00  5.14583005e-05 -2.59064120e-03  5.14583005e-05  5.00000000e+00 
 5.15078769e-05  2.59130784e+00  5.15078769e-05 -2.59194620e-03  5.15078769e-05  5.00000000e+00 
 5.15574532e-05  2.59131640e+00  5.15574532e-05 -2.59071347e-03  5.15574532e-05  5.00000000e+00 
 5.16070296e-05  2.59130833e+00  5.16070296e-05 -2.59187797e-03  5.16070296e-05  5.00000000e+00 
 5.16566059e-05  2.59131596e+00  5.16566059e-05 -2.59077794e-03  5.16566059e-05  5.00000000e+00 
 5.17061823e-05  2.59130876e+00  5.17061823e-05 -2.59181709e-03  5.17061823e-05  5.00000000e+00 
 5.17557586e-05  2.59131557e+00  5.17557586e-05 -2.59083547e-03  5.17557586e-05  5.00000000e+00 
 5.18053350e-05  2.59130915e+00  5.18053350e-05 -2.59176277e-03  5.18053350e-05  5.00000000e+00 
 5.18549113e-05  2.59131523e+00  5.18549113e-05 -2.59088678e-03  5.18549113e-05  5.00000000e+00 
 5.19044876e-05  2.59130949e+00  5.19044876e-05 -2.59171431e-03  5.19044876e-05  5.00000000e+00 
 5.19540640e-05  2.59131491e+00  5.19540640e-05 -2.59093257e-03  5.19540640e-05  5.00000000e+00 
 5.20036403e-05  2.59130980e+00  5.20036403e-05 -2.59167107e-03  5.20036403e-05  5.00000000e+00 
 5.20532167e-05  2.59131464e+00  5.20532167e-05 -2.59097342e-03  5.20532167e-05  5.00000000e+00 
 5.21027930e-05  2.59131007e+00  5.21027930e-05 -2.59163250e-03  5.21027930e-05  5.00000000e+00 
 5.21523694e-05  2.59131439e+00  5.21523694e-05 -2.59100986e-03  5.21523694e-05  5.00000000e+00 
 5.22019457e-05  2.59131032e+00  5.22019457e-05 -2.59159808e-03  5.22019457e-05  5.00000000e+00 
 5.22515221e-05  2.59131416e+00  5.22515221e-05 -2.59104237e-03  5.22515221e-05  5.00000000e+00 
 5.23010984e-05  2.59131053e+00  5.23010984e-05 -2.59156738e-03  5.23010984e-05  5.00000000e+00 
 5.23506748e-05  2.59131397e+00  5.23506748e-05 -2.59107138e-03  5.23506748e-05  5.00000000e+00 
 5.24002511e-05  2.59131073e+00  5.24002511e-05 -2.59153998e-03  5.24002511e-05  5.00000000e+00 
 5.24498274e-05  2.59131379e+00  5.24498274e-05 -2.59109726e-03  5.24498274e-05  5.00000000e+00 
 5.24994038e-05  2.59131090e+00  5.24994038e-05 -2.59151554e-03  5.24994038e-05  5.00000000e+00 
 5.25489801e-05  2.59131363e+00  5.25489801e-05 -2.59112035e-03  5.25489801e-05  5.00000000e+00 
 5.25985565e-05  2.59131105e+00  5.25985565e-05 -2.59149373e-03  5.25985565e-05  5.00000000e+00 
 5.26481328e-05  2.59131349e+00  5.26481328e-05 -2.59114095e-03  5.26481328e-05  5.00000000e+00 
 5.26977092e-05  2.59131119e+00  5.26977092e-05 -2.59147428e-03  5.26977092e-05  5.00000000e+00 
 5.27472855e-05  2.59131336e+00  5.27472855e-05 -2.59115932e-03  5.27472855e-05  5.00000000e+00 
 5.27968619e-05  2.59131131e+00  5.27968619e-05 -2.59145692e-03  5.27968619e-05  5.00000000e+00 
 5.28464382e-05  2.59131325e+00  5.28464382e-05 -2.59117572e-03  5.28464382e-05  5.00000000e+00 
 5.28960146e-05  2.59131142e+00  5.28960146e-05 -2.59144143e-03  5.28960146e-05  5.00000000e+00 
 5.29455909e-05  2.59131315e+00  5.29455909e-05 -2.59119035e-03  5.29455909e-05  5.00000000e+00 
 5.29951672e-05  2.59131151e+00  5.29951672e-05 -2.59142762e-03  5.29951672e-05  5.00000000e+00 
 5.30447436e-05  2.59131306e+00  5.30447436e-05 -2.59120340e-03  5.30447436e-05  5.00000000e+00 
 5.30943199e-05  2.59131160e+00  5.30943199e-05 -2.59141529e-03  5.30943199e-05  5.00000000e+00 
 5.31438963e-05  2.59131298e+00  5.31438963e-05 -2.59121505e-03  5.31438963e-05  5.00000000e+00 
 5.31934726e-05  2.59131168e+00  5.31934726e-05 -2.59140429e-03  5.31934726e-05  5.00000000e+00 
 5.32430490e-05  2.59131290e+00  5.32430490e-05 -2.59122543e-03  5.32430490e-05  5.00000000e+00 
 5.32926253e-05  2.59131174e+00  5.32926253e-05 -2.59139448e-03  5.32926253e-05  5.00000000e+00 
 5.33422017e-05  2.59131284e+00  5.33422017e-05 -2.59123470e-03  5.33422017e-05  5.00000000e+00 
 5.33917780e-05  2.59131181e+00  5.33917780e-05 -2.59138572e-03  5.33917780e-05  5.00000000e+00 
 5.34413544e-05  2.59131278e+00  5.34413544e-05 -2.59124297e-03  5.34413544e-05  5.00000000e+00 
 5.34909307e-05  2.59131186e+00  5.34909307e-05 -2.59137791e-03  5.34909307e-05  5.00000000e+00 
 5.35405070e-05  2.59131273e+00  5.35405070e-05 -2.59125035e-03  5.35405070e-05  5.00000000e+00 
 5.35900834e-05  2.59131191e+00  5.35900834e-05 -2.59137094e-03  5.35900834e-05  5.00000000e+00 
 5.36396597e-05  2.59131269e+00  5.36396597e-05 -2.59125693e-03  5.36396597e-05  5.00000000e+00 
 5.36892361e-05  2.59131195e+00  5.36892361e-05 -2.59136473e-03  5.36892361e-05  5.00000000e+00 
 5.37388124e-05  2.59131265e+00  5.37388124e-05 -2.59126281e-03  5.37388124e-05  5.00000000e+00 
 5.37883888e-05  2.59131199e+00  5.37883888e-05 -2.59135918e-03  5.37883888e-05  5.00000000e+00 
 5.38379651e-05  2.59131261e+00  5.38379651e-05 -2.59126805e-03  5.38379651e-05  5.00000000e+00 
 5.38875415e-05  2.59131202e+00  5.38875415e-05 -2.59135423e-03  5.38875415e-05  5.00000000e+00 
 5.39371178e-05  2.59131258e+00  5.39371178e-05 -2.59127272e-03  5.39371178e-05  5.00000000e+00 
 5.39866942e-05  2.59131206e+00  5.39866942e-05 -2.59134981e-03  5.39866942e-05  5.00000000e+00 
 5.40362705e-05  2.59131255e+00  5.40362705e-05 -2.59127689e-03  5.40362705e-05  5.00000000e+00 
 5.40858468e-05  2.59131208e+00  5.40858468e-05 -2.59134587e-03  5.40858468e-05  5.00000000e+00 
 5.41354232e-05  2.59131252e+00  5.41354232e-05 -2.59128062e-03  5.41354232e-05  5.00000000e+00 
 5.41849995e-05  2.59131211e+00  5.41849995e-05 -2.59134236e-03  5.41849995e-05  5.00000000e+00 
 5.42345759e-05  2.59131250e+00  5.42345759e-05 -2.59128394e-03  5.42345759e-05  5.00000000e+00 
 5.42841522e-05  2.59131213e+00  5.42841522e-05 -2.59133922e-03  5.42841522e-05  5.00000000e+00 
 5.43337286e-05  2.59131248e+00  5.43337286e-05 -2.59128690e-03  5.43337286e-05  5.00000000e+00 
 5.43833049e-05  2.59131215e+00  5.43833049e-05 -2.59133642e-03  5.43833049e-05  5.00000000e+00 
 5.44328813e-05  2.59131246e+00  5.44328813e-05 -2.59128954e-03  5.44328813e-05  5.00000000e+00 
 5.44824576e-05  2.59131217e+00  5.44824576e-05 -2.59133393e-03  5.44824576e-05  5.00000000e+00 
 5.45320340e-05  2.59131244e+00  5.45320340e-05 -2.59129190e-03  5.45320340e-05  5.00000000e+00 
 5.45816103e-05  2.59131218e+00  5.45816103e-05 -2.59133170e-03  5.45816103e-05  5.00000000e+00 
 5.46311866e-05  2.59131243e+00  5.46311866e-05 -2.59129401e-03  5.46311866e-05  5.00000000e+00 
 5.46807630e-05  2.59131220e+00  5.46807630e-05 -2.59132971e-03  5.46807630e-05  5.00000000e+00 
 5.47303393e-05  2.59131242e+00  5.47303393e-05 -2.59129588e-03  5.47303393e-05  5.00000000e+00 
 5.47799157e-05  2.59131221e+00  5.47799157e-05 -2.59132794e-03  5.47799157e-05  5.00000000e+00 
 5.48294920e-05  2.59131241e+00  5.48294920e-05 -2.59129756e-03  5.48294920e-05  5.00000000e+00 
 5.48790684e-05  2.59131222e+00  5.48790684e-05 -2.59132635e-03  5.48790684e-05  5.00000000e+00 
 5.49286447e-05  2.59131240e+00  5.49286447e-05 -2.59129906e-03  5.49286447e-05  5.00000000e+00 
 5.49782211e-05  2.59131223e+00  5.49782211e-05 -2.59132494e-03  5.49782211e-05  5.00000000e+00 
 5.50277974e-05  2.59131239e+00  5.50277974e-05 -2.59130039e-03  5.50277974e-05  5.00000000e+00 
 5.50773738e-05  2.59131224e+00  5.50773738e-05 -2.59132368e-03  5.50773738e-05  5.00000000e+00 
 5.51269501e-05  2.59131238e+00  5.51269501e-05 -2.59130158e-03  5.51269501e-05  5.00000000e+00 
 5.51765264e-05  2.59131224e+00  5.51765264e-05 -2.59132256e-03  5.51765264e-05  5.00000000e+00 
 5.52261028e-05  2.59131237e+00  5.52261028e-05 -2.59130264e-03  5.52261028e-05  5.00000000e+00 
 5.52756791e-05  2.59131225e+00  5.52756791e-05 -2.59132155e-03  5.52756791e-05  5.00000000e+00 
 5.53252555e-05  2.59131236e+00  5.53252555e-05 -2.59130359e-03  5.53252555e-05  5.00000000e+00 
 5.53748318e-05  2.59131226e+00  5.53748318e-05 -2.59132066e-03  5.53748318e-05  5.00000000e+00 
 5.54244082e-05  2.59131236e+00  5.54244082e-05 -2.59130444e-03  5.54244082e-05  5.00000000e+00 
 5.54739845e-05  2.59131226e+00  5.54739845e-05 -2.59131986e-03  5.54739845e-05  5.00000000e+00 
 5.55235609e-05  2.59131235e+00  5.55235609e-05 -2.59130519e-03  5.55235609e-05  5.00000000e+00 
 5.55731372e-05  2.59131227e+00  5.55731372e-05 -2.59131914e-03  5.55731372e-05  5.00000000e+00 
 5.56227136e-05  2.59131235e+00  5.56227136e-05 -2.59130587e-03  5.56227136e-05  5.00000000e+00 
 5.56722899e-05  2.59131227e+00  5.56722899e-05 -2.59131851e-03  5.56722899e-05  5.00000000e+00 
 5.57218662e-05  2.59131234e+00  5.57218662e-05 -2.59130647e-03  5.57218662e-05  5.00000000e+00 
 5.57714426e-05  2.59131228e+00  5.57714426e-05 -2.59131794e-03  5.57714426e-05  5.00000000e+00 
 5.58210189e-05  2.59131234e+00  5.58210189e-05 -2.59130700e-03  5.58210189e-05  5.00000000e+00 
 5.58705953e-05  2.59131228e+00  5.58705953e-05 -2.59131743e-03  5.58705953e-05  5.00000000e+00 
 5.59201716e-05  2.59131234e+00  5.59201716e-05 -2.59130748e-03  5.59201716e-05  5.00000000e+00 
 5.59697480e-05  2.59131228e+00  5.59697480e-05 -2.59131698e-03  5.59697480e-05  5.00000000e+00 
 5.60193243e-05  2.59131233e+00  5.60193243e-05 -2.59130791e-03  5.60193243e-05  5.00000000e+00 
 5.60689007e-05  2.59131229e+00  5.60689007e-05 -2.59131658e-03  5.60689007e-05  5.00000000e+00 
 5.61184770e-05  2.59131233e+00  5.61184770e-05 -2.59130829e-03  5.61184770e-05  5.00000000e+00 
 5.61680534e-05  2.59131229e+00  5.61680534e-05 -2.59131622e-03  5.61680534e-05  5.00000000e+00 
 5.62176297e-05  2.59131233e+00  5.62176297e-05 -2.59130863e-03  5.62176297e-05  5.00000000e+00 
 5.62672060e-05  2.59131229e+00  5.62672060e-05 -2.59131589e-03  5.62672060e-05  5.00000000e+00 
 5.63167824e-05  2.59131233e+00  5.63167824e-05 -2.59130894e-03  5.63167824e-05  5.00000000e+00 
 5.63663587e-05  2.59131229e+00  5.63663587e-05 -2.59131561e-03  5.63663587e-05  5.00000000e+00 
 5.64159351e-05  2.59131232e+00  5.64159351e-05 -2.59130921e-03  5.64159351e-05  5.00000000e+00 
 5.64655114e-05  2.59131229e+00  5.64655114e-05 -2.59131535e-03  5.64655114e-05  5.00000000e+00 
 5.65150878e-05  2.59131232e+00  5.65150878e-05 -2.59130945e-03  5.65150878e-05  5.00000000e+00 
 5.65646641e-05  2.59131230e+00  5.65646641e-05 -2.59131512e-03  5.65646641e-05  5.00000000e+00 
 5.66142405e-05  2.59131232e+00  5.66142405e-05 -2.59130967e-03  5.66142405e-05  5.00000000e+00 
 5.66638168e-05  2.59131230e+00  5.66638168e-05 -2.59131492e-03  5.66638168e-05  5.00000000e+00 
 5.67133932e-05  2.59131232e+00  5.67133932e-05 -2.59130986e-03  5.67133932e-05  5.00000000e+00 
 5.67629695e-05  2.59131230e+00  5.67629695e-05 -2.59131473e-03  5.67629695e-05  5.00000000e+00 
 5.68125458e-05  2.59131232e+00  5.68125458e-05 -2.59131003e-03  5.68125458e-05  5.00000000e+00 
 5.68621222e-05  2.59131230e+00  5.68621222e-05 -2.59131457e-03  5.68621222e-05  5.00000000e+00 
 5.69116985e-05  2.59131232e+00  5.69116985e-05 -2.59131019e-03  5.69116985e-05  5.00000000e+00 
 5.69612749e-05  2.59131230e+00  5.69612749e-05 -2.59131442e-03  5.69612749e-05  5.00000000e+00 
 5.70108512e-05  2.59131232e+00  5.70108512e-05 -2.59131033e-03  5.70108512e-05  5.00000000e+00 
 5.70604276e-05  2.59131230e+00  5.70604276e-05 -2.59131429e-03  5.70604276e-05  5.00000000e+00 
 5.71100039e-05  2.59131232e+00  5.71100039e-05 -2.59131045e-03  5.71100039e-05  5.00000000e+00 
 5.71595803e-05  2.59131230e+00  5.71595803e-05 -2.59131418e-03  5.71595803e-05  5.00000000e+00 
 5.72091566e-05  2.59131232e+00  5.72091566e-05 -2.59131056e-03  5.72091566e-05  5.00000000e+00 
 5.72587330e-05  2.59131230e+00  5.72587330e-05 -2.59131407e-03  5.72587330e-05  5.00000000e+00 
 5.73083093e-05  2.59131231e+00  5.73083093e-05 -2.59131066e-03  5.73083093e-05  5.00000000e+00 
 5.73578856e-05  2.59131230e+00  5.73578856e-05 -2.59131398e-03  5.73578856e-05  5.00000000e+00 
 5.74074620e-05  2.59131231e+00  5.74074620e-05 -2.59131075e-03  5.74074620e-05  5.00000000e+00 
 5.74570383e-05  2.59131230e+00  5.74570383e-05 -2.59131390e-03  5.74570383e-05  5.00000000e+00 
 5.75066147e-05  2.59131231e+00  5.75066147e-05 -2.59131082e-03  5.75066147e-05  5.00000000e+00 
 5.75561910e-05  2.59131231e+00  5.75561910e-05 -2.59131382e-03  5.75561910e-05  5.00000000e+00 
 5.76057674e-05  2.59131231e+00  5.76057674e-05 -2.59131089e-03  5.76057674e-05  5.00000000e+00 
 5.76553437e-05  2.59131231e+00  5.76553437e-05 -2.59131376e-03  5.76553437e-05  5.00000000e+00 
 5.77049201e-05  2.59131231e+00  5.77049201e-05 -2.59131096e-03  5.77049201e-05  5.00000000e+00 
 5.77544964e-05  2.59131231e+00  5.77544964e-05 -2.59131370e-03  5.77544964e-05  5.00000000e+00 
 5.78040728e-05  2.59131231e+00  5.78040728e-05 -2.59131101e-03  5.78040728e-05  5.00000000e+00 
 5.78536491e-05  2.59131231e+00  5.78536491e-05 -2.59131364e-03  5.78536491e-05  5.00000000e+00 
 5.79032254e-05  2.59131231e+00  5.79032254e-05 -2.59131107e-03  5.79032254e-05  5.00000000e+00 
 5.79528018e-05  2.59131231e+00  5.79528018e-05 -2.59131359e-03  5.79528018e-05  5.00000000e+00 
 5.80023781e-05  2.59131231e+00  5.80023781e-05 -2.59131111e-03  5.80023781e-05  5.00000000e+00 
 5.80519545e-05  2.59131231e+00  5.80519545e-05 -2.59131355e-03  5.80519545e-05  5.00000000e+00 
 5.81015308e-05  2.59131231e+00  5.81015308e-05 -2.59131115e-03  5.81015308e-05  5.00000000e+00 
 5.81511072e-05  2.59131231e+00  5.81511072e-05 -2.59131351e-03  5.81511072e-05  5.00000000e+00 
 5.82006835e-05  2.59131231e+00  5.82006835e-05 -2.59131119e-03  5.82006835e-05  5.00000000e+00 
 5.82502599e-05  2.59131231e+00  5.82502599e-05 -2.59131348e-03  5.82502599e-05  5.00000000e+00 
 5.82998362e-05  2.59131231e+00  5.82998362e-05 -2.59131122e-03  5.82998362e-05  5.00000000e+00 
 5.83494126e-05  2.59131231e+00  5.83494126e-05 -2.59131345e-03  5.83494126e-05  5.00000000e+00 
 5.83989889e-05  2.59131231e+00  5.83989889e-05 -2.59131125e-03  5.83989889e-05  5.00000000e+00 
 5.84485652e-05  2.59131231e+00  5.84485652e-05 -2.59131342e-03  5.84485652e-05  5.00000000e+00 
 5.84981416e-05  2.59131231e+00  5.84981416e-05 -2.59131128e-03  5.84981416e-05  5.00000000e+00 
 5.85477179e-05  2.59131231e+00  5.85477179e-05 -2.59131339e-03  5.85477179e-05  5.00000000e+00 
 5.85972943e-05  2.59131231e+00  5.85972943e-05 -2.59131130e-03  5.85972943e-05  5.00000000e+00 
 5.86468706e-05  2.59131231e+00  5.86468706e-05 -2.59131337e-03  5.86468706e-05  5.00000000e+00 
 5.86964470e-05  2.59131231e+00  5.86964470e-05 -2.59131132e-03  5.86964470e-05  5.00000000e+00 
 5.87460233e-05  2.59131231e+00  5.87460233e-05 -2.59131335e-03  5.87460233e-05  5.00000000e+00 
 5.87955997e-05  2.59131231e+00  5.87955997e-05 -2.59131134e-03  5.87955997e-05  5.00000000e+00 
 5.88451760e-05  2.59131231e+00  5.88451760e-05 -2.59131333e-03  5.88451760e-05  5.00000000e+00 
 5.88947524e-05  2.59131231e+00  5.88947524e-05 -2.59131136e-03  5.88947524e-05  5.00000000e+00 
 5.89443287e-05  2.59131231e+00  5.89443287e-05 -2.59131332e-03  5.89443287e-05  5.00000000e+00 
 5.89939050e-05  2.59131231e+00  5.89939050e-05 -2.59131137e-03  5.89939050e-05  5.00000000e+00 
 5.90434814e-05  2.59131231e+00  5.90434814e-05 -2.59131330e-03  5.90434814e-05  5.00000000e+00 
 5.90930577e-05  2.59131231e+00  5.90930577e-05 -2.59131139e-03  5.90930577e-05  5.00000000e+00 
 5.91426341e-05  2.59131231e+00  5.91426341e-05 -2.59131329e-03  5.91426341e-05  5.00000000e+00 
 5.91922104e-05  2.59131231e+00  5.91922104e-05 -2.59131140e-03  5.91922104e-05  5.00000000e+00 
 5.92417868e-05  2.59131231e+00  5.92417868e-05 -2.59131328e-03  5.92417868e-05  5.00000000e+00 
 5.92913631e-05  2.59131231e+00  5.92913631e-05 -2.59131141e-03  5.92913631e-05  5.00000000e+00 
 5.93409395e-05  2.59131231e+00  5.93409395e-05 -2.59131326e-03  5.93409395e-05  5.00000000e+00 
 5.93905158e-05  2.59131231e+00  5.93905158e-05 -2.59131142e-03  5.93905158e-05  5.00000000e+00 
 5.94400922e-05  2.59131231e+00  5.94400922e-05 -2.59131325e-03  5.94400922e-05  5.00000000e+00 
 5.94896685e-05  2.59131231e+00  5.94896685e-05 -2.59131143e-03  5.94896685e-05  5.00000000e+00 
 5.95392448e-05  2.59131231e+00  5.95392448e-05 -2.59131325e-03  5.95392448e-05  5.00000000e+00 
 5.95888212e-05  2.59131231e+00  5.95888212e-05 -2.59131144e-03  5.95888212e-05  5.00000000e+00 
 5.96383975e-05  2.59131231e+00  5.96383975e-05 -2.59131324e-03  5.96383975e-05  5.00000000e+00 
 5.96879739e-05  2.59131231e+00  5.96879739e-05 -2.59131145e-03  5.96879739e-05  5.00000000e+00 
 5.97375502e-05  2.59131231e+00  5.97375502e-05 -2.59131323e-03  5.97375502e-05  5.00000000e+00 
 5.97871266e-05  2.59131231e+00  5.97871266e-05 -2.59131146e-03  5.97871266e-05  5.00000000e+00 
 5.98367029e-05  2.59131231e+00  5.98367029e-05 -2.59131322e-03  5.98367029e-05  5.00000000e+00 
 5.98862793e-05  2.59131231e+00  5.98862793e-05 -2.59131146e-03  5.98862793e-05  5.00000000e+00 
 5.99358556e-05  2.59131231e+00  5.99358556e-05 -2.59131322e-03  5.99358556e-05  5.00000000e+00 
 5.99854320e-05  2.59131231e+00  5.99854320e-05 -2.59131147e-03  5.99854320e-05  5.00000000e+00 
 6.00350083e-05  2.59131231e+00  6.00350083e-05 -2.59131321e-03  6.00350083e-05  5.00000000e+00 
 6.00845846e-05  2.59131231e+00  6.00845846e-05 -2.59131148e-03  6.00845846e-05  5.00000000e+00 
 6.01341610e-05  2.59131231e+00  6.01341610e-05 -2.59131320e-03  6.01341610e-05  5.00000000e+00 
 6.01837373e-05  2.59131231e+00  6.01837373e-05 -2.59131148e-03  6.01837373e-05  5.00000000e+00 
 6.02333137e-05  2.59131231e+00  6.02333137e-05 -2.59131320e-03  6.02333137e-05  5.00000000e+00 
 6.02828900e-05  2.59131231e+00  6.02828900e-05 -2.59131149e-03  6.02828900e-05  5.00000000e+00 
 6.03324664e-05  2.59131231e+00  6.03324664e-05 -2.59131319e-03  6.03324664e-05  5.00000000e+00 
 6.03820427e-05  2.59131231e+00  6.03820427e-05 -2.59131149e-03  6.03820427e-05  5.00000000e+00 
 6.04316191e-05  2.59131231e+00  6.04316191e-05 -2.59131319e-03  6.04316191e-05  5.00000000e+00 
 6.04811954e-05  2.59131231e+00  6.04811954e-05 -2.59131150e-03  6.04811954e-05  5.00000000e+00 
 6.05307718e-05  2.59131231e+00  6.05307718e-05 -2.59131319e-03  6.05307718e-05  5.00000000e+00 
 6.05803481e-05  2.59131231e+00  6.05803481e-05 -2.59131150e-03  6.05803481e-05  5.00000000e+00 
 6.06299244e-05  2.59131231e+00  6.06299244e-05 -2.59131318e-03  6.06299244e-05  5.00000000e+00 
 6.06795008e-05  2.59131231e+00  6.06795008e-05 -2.59131150e-03  6.06795008e-05  5.00000000e+00 
 6.07290771e-05  2.59131231e+00  6.07290771e-05 -2.59131318e-03  6.07290771e-05  5.00000000e+00 
 6.07786535e-05  2.59131231e+00  6.07786535e-05 -2.59131151e-03  6.07786535e-05  5.00000000e+00 
 6.08282298e-05  2.59131231e+00  6.08282298e-05 -2.59131317e-03  6.08282298e-05  5.00000000e+00 
 6.08778062e-05  2.59131231e+00  6.08778062e-05 -2.59131151e-03  6.08778062e-05  5.00000000e+00 
 6.09273825e-05  2.59131231e+00  6.09273825e-05 -2.59131317e-03  6.09273825e-05  5.00000000e+00 
 6.09769589e-05  2.59131231e+00  6.09769589e-05 -2.59131151e-03  6.09769589e-05  5.00000000e+00 
 6.10265352e-05  2.59131231e+00  6.10265352e-05 -2.59131317e-03  6.10265352e-05  5.00000000e+00 
 6.10761115e-05  2.59131231e+00  6.10761115e-05 -2.59131152e-03  6.10761115e-05  5.00000000e+00 
 6.11256879e-05  2.59131231e+00  6.11256879e-05 -2.59131317e-03  6.11256879e-05  5.00000000e+00 
 6.11752642e-05  2.59131231e+00  6.11752642e-05 -2.59131152e-03  6.11752642e-05  5.00000000e+00 
 6.12248406e-05  2.59131231e+00  6.12248406e-05 -2.59131316e-03  6.12248406e-05  5.00000000e+00 
 6.12744169e-05  2.59131231e+00  6.12744169e-05 -2.59131152e-03  6.12744169e-05  5.00000000e+00 
 6.13239933e-05  2.59131231e+00  6.13239933e-05 -2.59131316e-03  6.13239933e-05  5.00000000e+00 
 6.13735696e-05  2.59131231e+00  6.13735696e-05 -2.59131152e-03  6.13735696e-05  5.00000000e+00 
 6.14231460e-05  2.59131231e+00  6.14231460e-05 -2.59131316e-03  6.14231460e-05  5.00000000e+00 
 6.14727223e-05  2.59131231e+00  6.14727223e-05 -2.59131153e-03  6.14727223e-05  5.00000000e+00 
 6.15222987e-05  2.59131231e+00  6.15222987e-05 -2.59131315e-03  6.15222987e-05  5.00000000e+00 
 6.15718750e-05  2.59131231e+00  6.15718750e-05 -2.59131153e-03  6.15718750e-05  5.00000000e+00 
 6.16214513e-05  2.59131231e+00  6.16214513e-05 -2.59131315e-03  6.16214513e-05  5.00000000e+00 
 6.16710277e-05  2.59131231e+00  6.16710277e-05 -2.59131153e-03  6.16710277e-05  5.00000000e+00 
 6.17206040e-05  2.59131231e+00  6.17206040e-05 -2.59131315e-03  6.17206040e-05  5.00000000e+00 
 6.17701804e-05  2.59131231e+00  6.17701804e-05 -2.59131153e-03  6.17701804e-05  5.00000000e+00 
 6.18197567e-05  2.59131231e+00  6.18197567e-05 -2.59131315e-03  6.18197567e-05  5.00000000e+00 
 6.18693331e-05  2.59131231e+00  6.18693331e-05 -2.59131154e-03  6.18693331e-05  5.00000000e+00 
 6.19189094e-05  2.59131231e+00  6.19189094e-05 -2.59131315e-03  6.19189094e-05  5.00000000e+00 
 6.19684858e-05  2.59131231e+00  6.19684858e-05 -2.59131154e-03  6.19684858e-05  5.00000000e+00 
 6.20180621e-05  2.59131231e+00  6.20180621e-05 -2.59131314e-03  6.20180621e-05  5.00000000e+00 
 6.20676385e-05  2.59131231e+00  6.20676385e-05 -2.59131154e-03  6.20676385e-05  5.00000000e+00 
 6.21172148e-05  2.59131231e+00  6.21172148e-05 -2.59131314e-03  6.21172148e-05  5.00000000e+00 
 6.21667911e-05  2.59131231e+00  6.21667911e-05 -2.59131154e-03  6.21667911e-05  5.00000000e+00 
 6.22163675e-05  2.59131231e+00  6.22163675e-05 -2.59131314e-03  6.22163675e-05  5.00000000e+00 
 6.22659438e-05  2.59131231e+00  6.22659438e-05 -2.59131154e-03  6.22659438e-05  5.00000000e+00 
 6.23155202e-05  2.59131231e+00  6.23155202e-05 -2.59131314e-03  6.23155202e-05  5.00000000e+00 
 6.23650965e-05  2.59131231e+00  6.23650965e-05 -2.59131155e-03  6.23650965e-05  5.00000000e+00 
 6.24146729e-05  2.59131231e+00  6.24146729e-05 -2.59131313e-03  6.24146729e-05  5.00000000e+00 
 6.24642492e-05  2.59131231e+00  6.24642492e-05 -2.59131155e-03  6.24642492e-05  5.00000000e+00 
 6.25138256e-05  2.59131231e+00  6.25138256e-05 -2.59131313e-03  6.25138256e-05  5.00000000e+00 
 6.25634019e-05  2.59131231e+00  6.25634019e-05 -2.59131155e-03  6.25634019e-05  5.00000000e+00 
 6.26129783e-05  2.59131231e+00  6.26129783e-05 -2.59131313e-03  6.26129783e-05  5.00000000e+00 
 6.26625546e-05  2.59131231e+00  6.26625546e-05 -2.59131155e-03  6.26625546e-05  5.00000000e+00 
 6.27121309e-05  2.59131231e+00  6.27121309e-05 -2.59131313e-03  6.27121309e-05  5.00000000e+00 
 6.27617073e-05  2.59131231e+00  6.27617073e-05 -2.59131155e-03  6.27617073e-05  5.00000000e+00 
 6.28112836e-05  2.59131231e+00  6.28112836e-05 -2.59131313e-03  6.28112836e-05  5.00000000e+00 
 6.28608600e-05  2.59131231e+00  6.28608600e-05 -2.59131156e-03  6.28608600e-05  5.00000000e+00 
 6.29104363e-05  2.59131231e+00  6.29104363e-05 -2.59131313e-03  6.29104363e-05  5.00000000e+00 
 6.29600127e-05  2.59131231e+00  6.29600127e-05 -2.59131156e-03  6.29600127e-05  5.00000000e+00 
 6.30095890e-05  2.59131231e+00  6.30095890e-05 -2.59131312e-03  6.30095890e-05  5.00000000e+00 
 6.30591654e-05  2.59131231e+00  6.30591654e-05 -2.59131156e-03  6.30591654e-05  5.00000000e+00 
 6.31087417e-05  2.59131231e+00  6.31087417e-05 -2.59131312e-03  6.31087417e-05  5.00000000e+00 
 6.31583181e-05  2.59131231e+00  6.31583181e-05 -2.59131156e-03  6.31583181e-05  5.00000000e+00 
 6.32078944e-05  2.59131231e+00  6.32078944e-05 -2.59131312e-03  6.32078944e-05  5.00000000e+00 
 6.32574707e-05  2.59131231e+00  6.32574707e-05 -2.59131156e-03  6.32574707e-05  5.00000000e+00 
 6.33070471e-05  2.59131231e+00  6.33070471e-05 -2.59131312e-03  6.33070471e-05  5.00000000e+00 
 6.33566234e-05  2.59131231e+00  6.33566234e-05 -2.59131157e-03  6.33566234e-05  5.00000000e+00 
 6.34061998e-05  2.59131231e+00  6.34061998e-05 -2.59131312e-03  6.34061998e-05  5.00000000e+00 
 6.34557761e-05  2.59131231e+00  6.34557761e-05 -2.59131157e-03  6.34557761e-05  5.00000000e+00 
 6.35053525e-05  2.59131231e+00  6.35053525e-05 -2.59131311e-03  6.35053525e-05  5.00000000e+00 
 6.35549288e-05  2.59131231e+00  6.35549288e-05 -2.59131157e-03  6.35549288e-05  5.00000000e+00 
 6.36045052e-05  2.59131231e+00  6.36045052e-05 -2.59131311e-03  6.36045052e-05  5.00000000e+00 
 6.36540815e-05  2.59131231e+00  6.36540815e-05 -2.59131157e-03  6.36540815e-05  5.00000000e+00 
 6.37036579e-05  2.59131231e+00  6.37036579e-05 -2.59131311e-03  6.37036579e-05  5.00000000e+00 
 6.37532342e-05  2.59131231e+00  6.37532342e-05 -2.59131157e-03  6.37532342e-05  5.00000000e+00 
 6.38028105e-05  2.59131231e+00  6.38028105e-05 -2.59131311e-03  6.38028105e-05  5.00000000e+00 
 6.38523869e-05  2.59131231e+00  6.38523869e-05 -2.59131157e-03  6.38523869e-05  5.00000000e+00 
 6.39019632e-05  2.59131231e+00  6.39019632e-05 -2.59131311e-03  6.39019632e-05  5.00000000e+00 
 6.39515396e-05  2.59131231e+00  6.39515396e-05 -2.59131158e-03  6.39515396e-05  5.00000000e+00 
 6.40011159e-05  2.59131231e+00  6.40011159e-05 -2.59131311e-03  6.40011159e-05  5.00000000e+00 
 6.40506923e-05  2.59131231e+00  6.40506923e-05 -2.59131158e-03  6.40506923e-05  5.00000000e+00 
 6.41002686e-05  2.59131231e+00  6.41002686e-05 -2.59131310e-03  6.41002686e-05  5.00000000e+00 
 6.41498450e-05  2.59131231e+00  6.41498450e-05 -2.59131158e-03  6.41498450e-05  5.00000000e+00 
 6.41994213e-05  2.59131231e+00  6.41994213e-05 -2.59131310e-03  6.41994213e-05  5.00000000e+00 
 6.42489977e-05  2.59131231e+00  6.42489977e-05 -2.59131158e-03  6.42489977e-05  5.00000000e+00 
 6.42985740e-05  2.59131231e+00  6.42985740e-05 -2.59131310e-03  6.42985740e-05  5.00000000e+00 
 6.43481503e-05  2.59131231e+00  6.43481503e-05 -2.59131158e-03  6.43481503e-05  5.00000000e+00 
 6.43977267e-05  2.59131231e+00  6.43977267e-05 -2.59131310e-03  6.43977267e-05  5.00000000e+00 
 6.44473030e-05  2.59131231e+00  6.44473030e-05 -2.59131158e-03  6.44473030e-05  5.00000000e+00 
 6.44968794e-05  2.59131231e+00  6.44968794e-05 -2.59131310e-03  6.44968794e-05  5.00000000e+00 
 6.45464557e-05  2.59131231e+00  6.45464557e-05 -2.59131159e-03  6.45464557e-05  5.00000000e+00 
 6.45960321e-05  2.59131231e+00  6.45960321e-05 -2.59131310e-03  6.45960321e-05  5.00000000e+00 
 6.46456084e-05  2.59131231e+00  6.46456084e-05 -2.59131159e-03  6.46456084e-05  5.00000000e+00 
 6.46951848e-05  2.59131231e+00  6.46951848e-05 -2.59131309e-03  6.46951848e-05  5.00000000e+00 
 6.47447611e-05  2.59131231e+00  6.47447611e-05 -2.59131159e-03  6.47447611e-05  5.00000000e+00 
 6.47943375e-05  2.59131231e+00  6.47943375e-05 -2.59131309e-03  6.47943375e-05  5.00000000e+00 
 6.48439138e-05  2.59131231e+00  6.48439138e-05 -2.59131159e-03  6.48439138e-05  5.00000000e+00 
 6.48934901e-05  2.59131231e+00  6.48934901e-05 -2.59131309e-03  6.48934901e-05  5.00000000e+00 
 6.49430665e-05  2.59131231e+00  6.49430665e-05 -2.59131159e-03  6.49430665e-05  5.00000000e+00 
 6.49926428e-05  2.59131231e+00  6.49926428e-05 -2.59131309e-03  6.49926428e-05  5.00000000e+00 
 6.50422192e-05  2.59131231e+00  6.50422192e-05 -2.59131159e-03  6.50422192e-05  5.00000000e+00 
 6.50917955e-05  2.59131231e+00  6.50917955e-05 -2.59131309e-03  6.50917955e-05  5.00000000e+00 
 6.51413719e-05  2.59131231e+00  6.51413719e-05 -2.59131160e-03  6.51413719e-05  5.00000000e+00 
 6.51909482e-05  2.59131231e+00  6.51909482e-05 -2.59131309e-03  6.51909482e-05  5.00000000e+00 
 6.52405246e-05  2.59131231e+00  6.52405246e-05 -2.59131160e-03  6.52405246e-05  5.00000000e+00 
 6.52901009e-05  2.59131231e+00  6.52901009e-05 -2.59131308e-03  6.52901009e-05  5.00000000e+00 
 6.53396773e-05  2.59131231e+00  6.53396773e-05 -2.59131160e-03  6.53396773e-05  5.00000000e+00 
 6.53892536e-05  2.59131231e+00  6.53892536e-05 -2.59131308e-03  6.53892536e-05  5.00000000e+00 
 6.54388299e-05  2.59131231e+00  6.54388299e-05 -2.59131160e-03  6.54388299e-05  5.00000000e+00 
 6.54884063e-05  2.59131231e+00  6.54884063e-05 -2.59131308e-03  6.54884063e-05  5.00000000e+00 
 6.55379826e-05  2.59131231e+00  6.55379826e-05 -2.59131160e-03  6.55379826e-05  5.00000000e+00 
 6.55875590e-05  2.59131231e+00  6.55875590e-05 -2.59131308e-03  6.55875590e-05  5.00000000e+00 
 6.56371353e-05  2.59131231e+00  6.56371353e-05 -2.59131160e-03  6.56371353e-05  5.00000000e+00 
 6.56867117e-05  2.59131231e+00  6.56867117e-05 -2.59131308e-03  6.56867117e-05  5.00000000e+00 
 6.57362880e-05  2.59131231e+00  6.57362880e-05 -2.59131161e-03  6.57362880e-05  5.00000000e+00 
 6.57858644e-05  2.59131231e+00  6.57858644e-05 -2.59131308e-03  6.57858644e-05  5.00000000e+00 
 6.58354407e-05  2.59131231e+00  6.58354407e-05 -2.59131161e-03  6.58354407e-05  5.00000000e+00 
 6.58850171e-05  2.59131231e+00  6.58850171e-05 -2.59131307e-03  6.58850171e-05  5.00000000e+00 
 6.59345934e-05  2.59131231e+00  6.59345934e-05 -2.59131161e-03  6.59345934e-05  5.00000000e+00 
 6.59841697e-05  2.59131231e+00  6.59841697e-05 -2.59131307e-03  6.59841697e-05  5.00000000e+00 
 6.60337461e-05  2.59131231e+00  6.60337461e-05 -2.59131161e-03  6.60337461e-05  5.00000000e+00 
 6.60833224e-05  2.59131231e+00  6.60833224e-05 -2.59131307e-03  6.60833224e-05  5.00000000e+00 
 6.61328988e-05  2.59131231e+00  6.61328988e-05 -2.59131161e-03  6.61328988e-05  5.00000000e+00 
 6.61824751e-05  2.59131231e+00  6.61824751e-05 -2.59131307e-03  6.61824751e-05  5.00000000e+00 
 6.62320515e-05  2.59131231e+00  6.62320515e-05 -2.59131161e-03  6.62320515e-05  5.00000000e+00 
 6.62816278e-05  2.59131231e+00  6.62816278e-05 -2.59131307e-03  6.62816278e-05  5.00000000e+00 
 6.63312042e-05  2.59131231e+00  6.63312042e-05 -2.59131162e-03  6.63312042e-05  5.00000000e+00 
 6.63807805e-05  2.59131231e+00  6.63807805e-05 -2.59131307e-03  6.63807805e-05  5.00000000e+00 
 6.64303569e-05  2.59131231e+00  6.64303569e-05 -2.59131162e-03  6.64303569e-05  5.00000000e+00 
 6.64799332e-05  2.59131231e+00  6.64799332e-05 -2.59131307e-03  6.64799332e-05  5.00000000e+00 
 6.65295095e-05  2.59131231e+00  6.65295095e-05 -2.59131162e-03  6.65295095e-05  5.00000000e+00 
 6.65790859e-05  2.59131231e+00  6.65790859e-05 -2.59131306e-03  6.65790859e-05  5.00000000e+00 
 6.66286622e-05  2.59131231e+00  6.66286622e-05 -2.59131162e-03  6.66286622e-05  5.00000000e+00 
 6.66782386e-05  2.59131231e+00  6.66782386e-05 -2.59131306e-03  6.66782386e-05  5.00000000e+00 
 6.67278149e-05  2.59131231e+00  6.67278149e-05 -2.59131162e-03  6.67278149e-05  5.00000000e+00 
 6.67773913e-05  2.59131231e+00  6.67773913e-05 -2.59131306e-03  6.67773913e-05  5.00000000e+00 
 6.68269676e-05  2.59131231e+00  6.68269676e-05 -2.59131162e-03  6.68269676e-05  5.00000000e+00 
 6.68765440e-05  2.59131231e+00  6.68765440e-05 -2.59131306e-03  6.68765440e-05  5.00000000e+00 
 6.69261203e-05  2.59131231e+00  6.69261203e-05 -2.59131162e-03  6.69261203e-05  5.00000000e+00 
 6.69756967e-05  2.59131231e+00  6.69756967e-05 -2.59131306e-03  6.69756967e-05  5.00000000e+00 
 6.70252730e-05  2.59131231e+00  6.70252730e-05 -2.59131163e-03  6.70252730e-05  5.00000000e+00 
 6.70748493e-05  2.59131231e+00  6.70748493e-05 -2.59131306e-03  6.70748493e-05  5.00000000e+00 
 6.71244257e-05  2.59131231e+00  6.71244257e-05 -2.59131163e-03  6.71244257e-05  5.00000000e+00 
 6.71740020e-05  2.59131231e+00  6.71740020e-05 -2.59131305e-03  6.71740020e-05  5.00000000e+00 
 6.72235784e-05  2.59131231e+00  6.72235784e-05 -2.59131163e-03  6.72235784e-05  5.00000000e+00 
 6.72731547e-05  2.59131231e+00  6.72731547e-05 -2.59131305e-03  6.72731547e-05  5.00000000e+00 
 6.73227311e-05  2.59131231e+00  6.73227311e-05 -2.59131163e-03  6.73227311e-05  5.00000000e+00 
 6.73723074e-05  2.59131231e+00  6.73723074e-05 -2.59131305e-03  6.73723074e-05  5.00000000e+00 
 6.74218838e-05  2.59131231e+00  6.74218838e-05 -2.59131163e-03  6.74218838e-05  5.00000000e+00 
 6.74714601e-05  2.59131231e+00  6.74714601e-05 -2.59131305e-03  6.74714601e-05  5.00000000e+00 
 6.75210365e-05  2.59131231e+00  6.75210365e-05 -2.59131163e-03  6.75210365e-05  5.00000000e+00 
 6.75706128e-05  2.59131231e+00  6.75706128e-05 -2.59131305e-03  6.75706128e-05  5.00000000e+00 
 6.76201891e-05  2.59131231e+00  6.76201891e-05 -2.59131164e-03  6.76201891e-05  5.00000000e+00 
 6.76697655e-05  2.59131231e+00  6.76697655e-05 -2.59131305e-03  6.76697655e-05  5.00000000e+00 
 6.77193418e-05  2.59131231e+00  6.77193418e-05 -2.59131164e-03  6.77193418e-05  5.00000000e+00 
 6.77689182e-05  2.59131231e+00  6.77689182e-05 -2.59131304e-03  6.77689182e-05  5.00000000e+00 
 6.78184945e-05  2.59131231e+00  6.78184945e-05 -2.59131164e-03  6.78184945e-05  5.00000000e+00 
 6.78680709e-05  2.59131231e+00  6.78680709e-05 -2.59131304e-03  6.78680709e-05  5.00000000e+00 
 6.79176472e-05  2.59131231e+00  6.79176472e-05 -2.59131164e-03  6.79176472e-05  5.00000000e+00 
 6.79672236e-05  2.59131231e+00  6.79672236e-05 -2.59131304e-03  6.79672236e-05  5.00000000e+00 
 6.80167999e-05  2.59131231e+00  6.80167999e-05 -2.59131164e-03  6.80167999e-05  5.00000000e+00 
 6.80663763e-05  2.59131231e+00  6.80663763e-05 -2.59131304e-03  6.80663763e-05  5.00000000e+00 
 6.81159526e-05  2.59131231e+00  6.81159526e-05 -2.59131164e-03  6.81159526e-05  5.00000000e+00 
 6.81655289e-05  2.59131231e+00  6.81655289e-05 -2.59131304e-03  6.81655289e-05  5.00000000e+00 
 6.82151053e-05  2.59131231e+00  6.82151053e-05 -2.59131164e-03  6.82151053e-05  5.00000000e+00 
 6.82646816e-05  2.59131231e+00  6.82646816e-05 -2.59131304e-03  6.82646816e-05  5.00000000e+00 
 6.83142580e-05  2.59131231e+00  6.83142580e-05 -2.59131165e-03  6.83142580e-05  5.00000000e+00 
 6.83638343e-05  2.59131231e+00  6.83638343e-05 -2.59131304e-03  6.83638343e-05  5.00000000e+00 
 6.84134107e-05  2.59131231e+00  6.84134107e-05 -2.59131165e-03  6.84134107e-05  5.00000000e+00 
 6.84629870e-05  2.59131231e+00  6.84629870e-05 -2.59131303e-03  6.84629870e-05  5.00000000e+00 
 6.85125634e-05  2.59131231e+00  6.85125634e-05 -2.59131165e-03  6.85125634e-05  5.00000000e+00 
 6.85621397e-05  2.59131231e+00  6.85621397e-05 -2.59131303e-03  6.85621397e-05  5.00000000e+00 
 6.86117161e-05  2.59131231e+00  6.86117161e-05 -2.59131165e-03  6.86117161e-05  5.00000000e+00 
 6.86612924e-05  2.59131231e+00  6.86612924e-05 -2.59131303e-03  6.86612924e-05  5.00000000e+00 
 6.87108687e-05  2.59131231e+00  6.87108687e-05 -2.59131165e-03  6.87108687e-05  5.00000000e+00 
 6.87604451e-05  2.59131231e+00  6.87604451e-05 -2.59131303e-03  6.87604451e-05  5.00000000e+00 
 6.88100214e-05  2.59131231e+00  6.88100214e-05 -2.59131165e-03  6.88100214e-05  5.00000000e+00 
 6.88595978e-05  2.59131231e+00  6.88595978e-05 -2.59131303e-03  6.88595978e-05  5.00000000e+00 
 6.89091741e-05  2.59131231e+00  6.89091741e-05 -2.59131166e-03  6.89091741e-05  5.00000000e+00 
 6.89587505e-05  2.59131231e+00  6.89587505e-05 -2.59131303e-03  6.89587505e-05  5.00000000e+00 
 6.90083268e-05  2.59131231e+00  6.90083268e-05 -2.59131166e-03  6.90083268e-05  5.00000000e+00 
 6.90579032e-05  2.59131231e+00  6.90579032e-05 -2.59131303e-03  6.90579032e-05  5.00000000e+00 
 6.91074795e-05  2.59131231e+00  6.91074795e-05 -2.59131166e-03  6.91074795e-05  5.00000000e+00 
 6.91570559e-05  2.59131231e+00  6.91570559e-05 -2.59131302e-03  6.91570559e-05  5.00000000e+00 
 6.92066322e-05  2.59131231e+00  6.92066322e-05 -2.59131166e-03  6.92066322e-05  5.00000000e+00 
 6.92562085e-05  2.59131231e+00  6.92562085e-05 -2.59131302e-03  6.92562085e-05  5.00000000e+00 
 6.93057849e-05  2.59131231e+00  6.93057849e-05 -2.59131166e-03  6.93057849e-05  5.00000000e+00 
 6.93553612e-05  2.59131231e+00  6.93553612e-05 -2.59131302e-03  6.93553612e-05  5.00000000e+00 
 6.94049376e-05  2.59131231e+00  6.94049376e-05 -2.59131166e-03  6.94049376e-05  5.00000000e+00 
 6.94545139e-05  2.59131231e+00  6.94545139e-05 -2.59131302e-03  6.94545139e-05  5.00000000e+00 
 6.95040903e-05  2.59131231e+00  6.95040903e-05 -2.59131166e-03  6.95040903e-05  5.00000000e+00 
 6.95536666e-05  2.59131231e+00  6.95536666e-05 -2.59131302e-03  6.95536666e-05  5.00000000e+00 
 6.96032430e-05  2.59131231e+00  6.96032430e-05 -2.59131167e-03  6.96032430e-05  5.00000000e+00 
 6.96528193e-05  2.59131231e+00  6.96528193e-05 -2.59131302e-03  6.96528193e-05  5.00000000e+00 
 6.97023957e-05  2.59131231e+00  6.97023957e-05 -2.59131167e-03  6.97023957e-05  5.00000000e+00 
 6.97519720e-05  2.59131231e+00  6.97519720e-05 -2.59131301e-03  6.97519720e-05  5.00000000e+00 
 6.98015483e-05  2.59131231e+00  6.98015483e-05 -2.59131167e-03  6.98015483e-05  5.00000000e+00 
 6.98511247e-05  2.59131231e+00  6.98511247e-05 -2.59131301e-03  6.98511247e-05  5.00000000e+00 
 6.99007010e-05  2.59131231e+00  6.99007010e-05 -2.59131167e-03  6.99007010e-05  5.00000000e+00 
 6.99502774e-05  2.59131231e+00  6.99502774e-05 -2.59131301e-03  6.99502774e-05  5.00000000e+00 
 6.99998537e-05  2.59131231e+00  6.99998537e-05 -2.59131167e-03  6.99998537e-05  5.00000000e+00 
 7.00494301e-05  2.59131231e+00  7.00494301e-05 -2.59131301e-03  7.00494301e-05  5.00000000e+00 
 7.00990064e-05  2.59131231e+00  7.00990064e-05 -2.59131167e-03  7.00990064e-05  5.00000000e+00 
 7.01485828e-05  2.59131231e+00  7.01485828e-05 -2.59131301e-03  7.01485828e-05  5.00000000e+00 
 7.01981591e-05  2.59131231e+00  7.01981591e-05 -2.59131167e-03  7.01981591e-05  5.00000000e+00 
 7.02477355e-05  2.59131231e+00  7.02477355e-05 -2.59131301e-03  7.02477355e-05  5.00000000e+00 
 7.02973118e-05  2.59131231e+00  7.02973118e-05 -2.59131168e-03  7.02973118e-05  5.00000000e+00 
 7.03468881e-05  2.59131231e+00  7.03468881e-05 -2.59131301e-03  7.03468881e-05  5.00000000e+00 
 7.03964645e-05  2.59131231e+00  7.03964645e-05 -2.59131168e-03  7.03964645e-05  5.00000000e+00 
 7.04460408e-05  2.59131231e+00  7.04460408e-05 -2.59131300e-03  7.04460408e-05  5.00000000e+00 
 7.04956172e-05  2.59131231e+00  7.04956172e-05 -2.59131168e-03  7.04956172e-05  5.00000000e+00 
 7.05451935e-05  2.59131231e+00  7.05451935e-05 -2.59131300e-03  7.05451935e-05  5.00000000e+00 
 7.05947699e-05  2.59131231e+00  7.05947699e-05 -2.59131168e-03  7.05947699e-05  5.00000000e+00 
 7.06443462e-05  2.59131231e+00  7.06443462e-05 -2.59131300e-03  7.06443462e-05  5.00000000e+00 
 7.06939226e-05  2.59131231e+00  7.06939226e-05 -2.59131168e-03  7.06939226e-05  5.00000000e+00 
 7.07434989e-05  2.59131231e+00  7.07434989e-05 -2.59131300e-03  7.07434989e-05  5.00000000e+00 
 7.07930753e-05  2.59131231e+00  7.07930753e-05 -2.59131168e-03  7.07930753e-05  5.00000000e+00 
 7.08426516e-05  2.59131231e+00  7.08426516e-05 -2.59131300e-03  7.08426516e-05  5.00000000e+00 
 7.08922279e-05  2.59131231e+00  7.08922279e-05 -2.59131168e-03  7.08922279e-05  5.00000000e+00 
 7.09418043e-05  2.59131231e+00  7.09418043e-05 -2.59131300e-03  7.09418043e-05  5.00000000e+00 
 7.09913806e-05  2.59131231e+00  7.09913806e-05 -2.59131169e-03  7.09913806e-05  5.00000000e+00 
 7.10409570e-05  2.59131231e+00  7.10409570e-05 -2.59131300e-03  7.10409570e-05  5.00000000e+00 
 7.10905333e-05  2.59131231e+00  7.10905333e-05 -2.59131169e-03  7.10905333e-05  5.00000000e+00 
 7.11401097e-05  2.59131231e+00  7.11401097e-05 -2.59131299e-03  7.11401097e-05  5.00000000e+00 
 7.11896860e-05  2.59131231e+00  7.11896860e-05 -2.59131169e-03  7.11896860e-05  5.00000000e+00 
 7.12392624e-05  2.59131231e+00  7.12392624e-05 -2.59131299e-03  7.12392624e-05  5.00000000e+00 
 7.12888387e-05  2.59131231e+00  7.12888387e-05 -2.59131169e-03  7.12888387e-05  5.00000000e+00 
 7.13384151e-05  2.59131231e+00  7.13384151e-05 -2.59131299e-03  7.13384151e-05  5.00000000e+00 
 7.13879914e-05  2.59131231e+00  7.13879914e-05 -2.59131169e-03  7.13879914e-05  5.00000000e+00 
 7.14375677e-05  2.59131231e+00  7.14375677e-05 -2.59131299e-03  7.14375677e-05  5.00000000e+00 
 7.14871441e-05  2.59131231e+00  7.14871441e-05 -2.59131169e-03  7.14871441e-05  5.00000000e+00 
 7.15367204e-05  2.59131231e+00  7.15367204e-05 -2.59131299e-03  7.15367204e-05  5.00000000e+00 
 7.15862968e-05  2.59131231e+00  7.15862968e-05 -2.59131169e-03  7.15862968e-05  5.00000000e+00 
 7.16358731e-05  2.59131231e+00  7.16358731e-05 -2.59131299e-03  7.16358731e-05  5.00000000e+00 
 7.16854495e-05  2.59131231e+00  7.16854495e-05 -2.59131170e-03  7.16854495e-05  5.00000000e+00 
 7.17350258e-05  2.59131231e+00  7.17350258e-05 -2.59131299e-03  7.17350258e-05  5.00000000e+00 
 7.17846022e-05  2.59131231e+00  7.17846022e-05 -2.59131170e-03  7.17846022e-05  5.00000000e+00 
 7.18341785e-05  2.59131231e+00  7.18341785e-05 -2.59131298e-03  7.18341785e-05  5.00000000e+00 
 7.18837549e-05  2.59131231e+00  7.18837549e-05 -2.59131170e-03  7.18837549e-05  5.00000000e+00 
 7.19333312e-05  2.59131231e+00  7.19333312e-05 -2.59131298e-03  7.19333312e-05  5.00000000e+00 
 7.19829075e-05  2.59131231e+00  7.19829075e-05 -2.59131170e-03  7.19829075e-05  5.00000000e+00 
 7.20324839e-05  2.59131231e+00  7.20324839e-05 -2.59131298e-03  7.20324839e-05  5.00000000e+00 
 7.20820602e-05  2.59131231e+00  7.20820602e-05 -2.59131170e-03  7.20820602e-05  5.00000000e+00 
 7.21316366e-05  2.59131231e+00  7.21316366e-05 -2.59131298e-03  7.21316366e-05  5.00000000e+00 
 7.21812129e-05  2.59131231e+00  7.21812129e-05 -2.59131170e-03  7.21812129e-05  5.00000000e+00 
 7.22307893e-05  2.59131231e+00  7.22307893e-05 -2.59131298e-03  7.22307893e-05  5.00000000e+00 
 7.22803656e-05  2.59131231e+00  7.22803656e-05 -2.59131170e-03  7.22803656e-05  5.00000000e+00 
 7.23299420e-05  2.59131231e+00  7.23299420e-05 -2.59131298e-03  7.23299420e-05  5.00000000e+00 
 7.23795183e-05  2.59131231e+00  7.23795183e-05 -2.59131171e-03  7.23795183e-05  5.00000000e+00 
 7.24290946e-05  2.59131231e+00  7.24290946e-05 -2.59131298e-03  7.24290946e-05  5.00000000e+00 
 7.24786710e-05  2.59131231e+00  7.24786710e-05 -2.59131171e-03  7.24786710e-05  5.00000000e+00 
 7.25282473e-05  2.59131231e+00  7.25282473e-05 -2.59131297e-03  7.25282473e-05  5.00000000e+00 
 7.25778237e-05  2.59131231e+00  7.25778237e-05 -2.59131171e-03  7.25778237e-05  5.00000000e+00 
 7.26274000e-05  2.59131231e+00  7.26274000e-05 -2.59131297e-03  7.26274000e-05  5.00000000e+00 
 7.26769764e-05  2.59131231e+00  7.26769764e-05 -2.59131171e-03  7.26769764e-05  5.00000000e+00 
 7.27265527e-05  2.59131231e+00  7.27265527e-05 -2.59131297e-03  7.27265527e-05  5.00000000e+00 
 7.27761291e-05  2.59131231e+00  7.27761291e-05 -2.59131171e-03  7.27761291e-05  5.00000000e+00 
 7.28257054e-05  2.59131231e+00  7.28257054e-05 -2.59131297e-03  7.28257054e-05  5.00000000e+00 
 7.28752818e-05  2.59131231e+00  7.28752818e-05 -2.59131171e-03  7.28752818e-05  5.00000000e+00 
 7.29248581e-05  2.59131231e+00  7.29248581e-05 -2.59131297e-03  7.29248581e-05  5.00000000e+00 
 7.29744344e-05  2.59131231e+00  7.29744344e-05 -2.59131171e-03  7.29744344e-05  5.00000000e+00 
 7.30240108e-05  2.59131231e+00  7.30240108e-05 -2.59131297e-03  7.30240108e-05  5.00000000e+00 
 7.30735871e-05  2.59131231e+00  7.30735871e-05 -2.59131172e-03  7.30735871e-05  5.00000000e+00 
 7.31231635e-05  2.59131231e+00  7.31231635e-05 -2.59131297e-03  7.31231635e-05  5.00000000e+00 
 7.31727398e-05  2.59131231e+00  7.31727398e-05 -2.59131172e-03  7.31727398e-05  5.00000000e+00 
 7.32223162e-05  2.59131231e+00  7.32223162e-05 -2.59131297e-03  7.32223162e-05  5.00000000e+00 
 7.32718925e-05  2.59131231e+00  7.32718925e-05 -2.59131172e-03  7.32718925e-05  5.00000000e+00 
 7.33214689e-05  2.59131231e+00  7.33214689e-05 -2.59131296e-03  7.33214689e-05  5.00000000e+00 
 7.33710452e-05  2.59131231e+00  7.33710452e-05 -2.59131172e-03  7.33710452e-05  5.00000000e+00 
 7.34206216e-05  2.59131231e+00  7.34206216e-05 -2.59131296e-03  7.34206216e-05  5.00000000e+00 
 7.34701979e-05  2.59131231e+00  7.34701979e-05 -2.59131172e-03  7.34701979e-05  5.00000000e+00 
 7.35197742e-05  2.59131231e+00  7.35197742e-05 -2.59131296e-03  7.35197742e-05  5.00000000e+00 
 7.35693506e-05  2.59131231e+00  7.35693506e-05 -2.59131172e-03  7.35693506e-05  5.00000000e+00 
 7.36189269e-05  2.59131231e+00  7.36189269e-05 -2.59131296e-03  7.36189269e-05  5.00000000e+00 
 7.36685033e-05  2.59131231e+00  7.36685033e-05 -2.59131172e-03  7.36685033e-05  5.00000000e+00 
 7.37180796e-05  2.59131231e+00  7.37180796e-05 -2.59131296e-03  7.37180796e-05  5.00000000e+00 
 7.37676560e-05  2.59131231e+00  7.37676560e-05 -2.59131172e-03  7.37676560e-05  5.00000000e+00 
 7.38172323e-05  2.59131231e+00  7.38172323e-05 -2.59131296e-03  7.38172323e-05  5.00000000e+00 
 7.38668087e-05  2.59131231e+00  7.38668087e-05 -2.59131173e-03  7.38668087e-05  5.00000000e+00 
 7.39163850e-05  2.59131231e+00  7.39163850e-05 -2.59131296e-03  7.39163850e-05  5.00000000e+00 
 7.39659614e-05  2.59131231e+00  7.39659614e-05 -2.59131173e-03  7.39659614e-05  5.00000000e+00 
 7.40155377e-05  2.59131231e+00  7.40155377e-05 -2.59131295e-03  7.40155377e-05  5.00000000e+00 
 7.40651140e-05  2.59131231e+00  7.40651140e-05 -2.59131173e-03  7.40651140e-05  5.00000000e+00 
 7.41146904e-05  2.59131231e+00  7.41146904e-05 -2.59131295e-03  7.41146904e-05  5.00000000e+00 
 7.41642667e-05  2.59131231e+00  7.41642667e-05 -2.59131173e-03  7.41642667e-05  5.00000000e+00 
 7.42138431e-05  2.59131231e+00  7.42138431e-05 -2.59131295e-03  7.42138431e-05  5.00000000e+00 
 7.42634194e-05  2.59131231e+00  7.42634194e-05 -2.59131173e-03  7.42634194e-05  5.00000000e+00 
 7.43129958e-05  2.59131231e+00  7.43129958e-05 -2.59131295e-03  7.43129958e-05  5.00000000e+00 
 7.43387569e-05  2.59131231e+00  7.43387569e-05 -2.59131173e-03  7.43387569e-05  5.00000000e+00 
 7.43645181e-05  2.59131231e+00  7.43645181e-05 -2.59131295e-03  7.43645181e-05  5.00000000e+00 
 7.43694758e-05  2.58309119e+00  7.43694758e-05 -2.41790584e-03  7.43694758e-05  4.95000000e+00 
 7.43793910e-05  2.55320631e+00  7.43793910e-05 -2.11673802e-03  7.43793910e-05  4.85000000e+00 
 7.43992216e-05  2.44737823e+00  7.43992216e-05 -1.81712274e-03  7.43992216e-05  4.65000000e+00 
 7.44256467e-05  2.27731865e+00  7.44256467e-05 -1.62077473e-03  7.44256467e-05  4.38349028e+00 
 7.44561800e-05  2.07595086e+00  7.44561800e-05 -1.41375672e-03  7.44561800e-05  4.07554870e+00 
 7.45033513e-05  1.76485451e+00  7.45033513e-05 -1.10829048e-03  7.45033513e-05  3.59980440e+00 
 7.45529276e-05  1.44013180e+00  7.45529276e-05 -7.86952536e-04  7.45529276e-05  3.09980440e+00 
 7.46025040e-05  1.12141476e+00  7.46025040e-05 -4.89079817e-04  7.46025040e-05  2.59980440e+00 
 7.46520803e-05  8.16656806e-01  7.46520803e-05 -2.19836178e-04  7.46520803e-05  2.09980440e+00 
 7.47016567e-05  5.44113640e-01  7.47016567e-05 -4.17983784e-05  7.47016567e-05  1.59980440e+00 
 7.47512330e-05  3.36387180e-01  7.47512330e-05 -9.74018006e-07  7.47512330e-05  1.09980440e+00 
 7.48008094e-05  2.02907156e-01  7.48008094e-05 -1.87839181e-07  7.48008094e-05  5.99804404e-01 
 7.48305455e-05  1.50362026e-01  7.48305455e-05 -1.05503149e-07  7.48305455e-05  2.99902202e-01 
 7.48602816e-05  1.11414662e-01  7.48602816e-05 -1.87293554e-07  7.48602816e-05  0.00000000e+00 
 7.48652392e-05  1.06154066e-01  7.48652392e-05 -2.40281366e-11  7.48652392e-05  0.00000000e+00 
 7.48705528e-05  1.00661755e-01  7.48705528e-05 -2.40301505e-11  7.48705528e-05  0.00000000e+00 
 7.48742730e-05  9.69868761e-02  7.48742730e-05 -2.40317680e-11  7.48742730e-05  0.00000000e+00 
 7.48778630e-05  9.35679598e-02  7.48778630e-05 -2.40335070e-11  7.48778630e-05  0.00000000e+00 
 7.48846973e-05  8.73871651e-02  7.48846973e-05 -2.40373223e-11  7.48846973e-05  0.00000000e+00 
 7.48917960e-05  8.13989475e-02  7.48917960e-05 -2.40420520e-11  7.48917960e-05  0.00000000e+00 
 7.49019863e-05  7.35095425e-02  7.49019863e-05 -2.40502965e-11  7.49019863e-05  0.00000000e+00 
 7.49173580e-05  6.30206413e-02  7.49173580e-05 -2.40662025e-11  7.49173580e-05  0.00000000e+00 
 7.49397005e-05  5.03600854e-02  7.49397005e-05 -2.40966721e-11  7.49397005e-05  0.00000000e+00 
 7.49789713e-05  3.38352141e-02  7.49789713e-05 -2.41656724e-11  7.49789713e-05  0.00000000e+00 
 7.50285476e-05  2.03977114e-02  7.50285476e-05 -2.42644090e-11  7.50285476e-05  0.00000000e+00 
 7.50781240e-05  1.22968552e-02  7.50781240e-05 -2.43694028e-11  7.50781240e-05  0.00000000e+00 
 7.51277003e-05  7.41321362e-03  7.51277003e-05 -2.44532328e-11  7.51277003e-05  0.00000000e+00 
 7.51772766e-05  4.46909156e-03  7.51772766e-05 -2.45110908e-11  7.51772766e-05  0.00000000e+00 
 7.52268530e-05  2.69421070e-03  7.52268530e-05 -2.45486013e-11  7.52268530e-05  0.00000000e+00 
 7.52764293e-05  1.62421912e-03  7.52764293e-05 -2.45725057e-11  7.52764293e-05  0.00000000e+00 
 7.53260057e-05  9.79166445e-04  7.53260057e-05 -2.45871383e-11  7.53260057e-05  0.00000000e+00 
 7.53755820e-05  5.90296843e-04  7.53755820e-05 -2.45962958e-11  7.53755820e-05  0.00000000e+00 
 7.54251584e-05  3.55861735e-04  7.54251584e-05 -2.46016940e-11  7.54251584e-05  0.00000000e+00 
 7.54747347e-05  2.14534717e-04  7.54747347e-05 -2.46051434e-11  7.54747347e-05  0.00000000e+00 
 7.55243111e-05  1.29331872e-04  7.55243111e-05 -2.46070595e-11  7.55243111e-05  0.00000000e+00 
 7.55738874e-05  7.79701123e-05  7.55738874e-05 -2.46083850e-11  7.55738874e-05  0.00000000e+00 
 7.56234638e-05  4.70033240e-05  7.56234638e-05 -2.46090205e-11  7.56234638e-05  0.00000000e+00 
 7.56730401e-05  2.83379270e-05  7.56730401e-05 -2.46095656e-11  7.56730401e-05  0.00000000e+00 
 7.57226164e-05  1.70823806e-05  7.57226164e-05 -2.46097357e-11  7.57226164e-05  0.00000000e+00 
 7.57721928e-05  1.02999046e-05  7.57721928e-05 -2.46099941e-11  7.57721928e-05  0.00000000e+00 
 7.58217691e-05  6.20812225e-06  7.58217691e-05 -2.46099969e-11  7.58217691e-05  0.00000000e+00 
 7.58713455e-05  3.74426283e-06  7.58713455e-05 -2.46101487e-11  7.58713455e-05  0.00000000e+00 
 7.59209218e-05  2.25606949e-06  7.59209218e-05 -2.46100930e-11  7.59209218e-05  0.00000000e+00 
 7.59704982e-05  1.36170402e-06  7.59704982e-05 -2.46102038e-11  7.59704982e-05  0.00000000e+00 
 7.60200745e-05  8.19778959e-07  7.60200745e-05 -2.46101290e-11  7.60200745e-05  0.00000000e+00 
 7.60696509e-05  4.95783762e-07  7.60696509e-05 -2.46102227e-11  7.60696509e-05  0.00000000e+00 
 7.61192272e-05  2.97801040e-07  7.61192272e-05 -2.46101432e-11  7.61192272e-05  0.00000000e+00 
 7.61688035e-05  1.81060874e-07  7.61688035e-05 -2.46102285e-11  7.61688035e-05  0.00000000e+00 
 7.62183799e-05  1.08115112e-07  7.62183799e-05 -2.46101495e-11  7.62183799e-05  0.00000000e+00 
 7.62679562e-05  6.66615776e-08  7.62679562e-05 -2.46102295e-11  7.62679562e-05  0.00000000e+00 
 7.63175326e-05  3.91953186e-08  7.63175326e-05 -2.46101529e-11  7.63175326e-05  0.00000000e+00 
 7.63671089e-05  2.50665535e-08  7.63671089e-05 -2.46102287e-11  7.63671089e-05  0.00000000e+00 
 7.64166853e-05  1.41660505e-08  7.64166853e-05 -2.46101552e-11  7.64166853e-05  0.00000000e+00 
 7.64662616e-05  9.93099628e-09  7.64662616e-05 -2.46102273e-11  7.64662616e-05  0.00000000e+00 
 7.65158380e-05  5.08812621e-09  7.65158380e-05 -2.46101572e-11  7.65158380e-05  0.00000000e+00 
 7.65654143e-05  4.41164814e-09  7.65654143e-05 -2.46102257e-11  7.65654143e-05  0.00000000e+00 
 7.66149907e-05  1.80750577e-09  7.66149907e-05 -2.46101590e-11  7.66149907e-05  0.00000000e+00 
 7.66645670e-05  2.38710525e-09  7.66645670e-05 -2.46102240e-11  7.66645670e-05  0.00000000e+00 
 7.67141433e-05  6.33867697e-10  7.67141433e-05 -2.46101608e-11  7.67141433e-05  0.00000000e+00 
 7.67637197e-05  1.63264579e-09  7.67637197e-05 -2.46102223e-11  7.67637197e-05  0.00000000e+00 
 7.68132960e-05  2.26023024e-10  7.68132960e-05 -2.46101626e-11  7.68132960e-05  0.00000000e+00 
 7.68628724e-05  1.33973323e-09  7.68628724e-05 -2.46102205e-11  7.68628724e-05  0.00000000e+00 
 7.69124487e-05  9.65364789e-11  7.69124487e-05 -2.46101643e-11  7.69124487e-05  0.00000000e+00 
 7.69620251e-05  1.21452030e-09  7.69620251e-05 -2.46102188e-11  7.69620251e-05  0.00000000e+00 
 7.70116014e-05  6.82555782e-11  7.70116014e-05 -2.46101661e-11  7.70116014e-05  0.00000000e+00 
 7.70611778e-05  1.15021518e-09  7.70611778e-05 -2.46102171e-11  7.70611778e-05  0.00000000e+00 
 7.71107541e-05  7.67950266e-11  7.71107541e-05 -2.46101678e-11  7.71107541e-05  0.00000000e+00 
 7.71603305e-05  1.10800825e-09  7.71603305e-05 -2.46102153e-11  7.71603305e-05  0.00000000e+00 
 7.72099068e-05  9.87529112e-11  7.72099068e-05 -2.46101695e-11  7.72099068e-05  0.00000000e+00 
 7.72594831e-05  1.07379693e-09  7.72594831e-05 -2.46102136e-11  7.72594831e-05  0.00000000e+00 
 7.73090595e-05  1.25622055e-10  7.73090595e-05 -2.46101712e-11  7.73090595e-05  0.00000000e+00 
 7.73586358e-05  1.04245801e-09  7.73586358e-05 -2.46102119e-11  7.73586358e-05  0.00000000e+00 
 7.74082122e-05  1.54308522e-10  7.74082122e-05 -2.46101730e-11  7.74082122e-05  0.00000000e+00 
 7.74577885e-05  1.01213167e-09  7.74577885e-05 -2.46102102e-11  7.74577885e-05  0.00000000e+00 
 7.75073649e-05  1.83685730e-10  7.75073649e-05 -2.46101747e-11  7.75073649e-05  0.00000000e+00 
 7.75569412e-05  9.82144161e-10  7.75569412e-05 -2.46102084e-11  7.75569412e-05  0.00000000e+00 
 7.76065176e-05  2.13342088e-10  7.76065176e-05 -2.46101764e-11  7.76065176e-05  0.00000000e+00 
 7.76560939e-05  9.52252745e-10  7.76560939e-05 -2.46102067e-11  7.76560939e-05  0.00000000e+00 
 7.77056703e-05  2.43125865e-10  7.77056703e-05 -2.46101781e-11  7.77056703e-05  0.00000000e+00 
 7.77552466e-05  9.22371367e-10  7.77552466e-05 -2.46102050e-11  7.77552466e-05  0.00000000e+00 
 7.78048229e-05  2.72979759e-10  7.78048229e-05 -2.46101798e-11  7.78048229e-05  0.00000000e+00 
 7.78543993e-05  8.92470905e-10  7.78543993e-05 -2.46102033e-11  7.78543993e-05  0.00000000e+00 
 7.79039756e-05  3.02880789e-10  7.79039756e-05 -2.46101815e-11  7.79039756e-05  0.00000000e+00 
 7.79535520e-05  8.62542931e-10  7.79535520e-05 -2.46102016e-11  7.79535520e-05  0.00000000e+00 
 7.80031283e-05  3.32818447e-10  7.80031283e-05 -2.46101832e-11  7.80031283e-05  0.00000000e+00 
 7.80527047e-05  8.32586546e-10  7.80527047e-05 -2.46101999e-11  7.80527047e-05  0.00000000e+00 
 7.81022810e-05  3.62786749e-10  7.81022810e-05 -2.46101849e-11  7.81022810e-05  0.00000000e+00 
 7.81518574e-05  8.02603582e-10  7.81518574e-05 -2.46101982e-11  7.81518574e-05  0.00000000e+00 
 7.82014337e-05  3.92781358e-10  7.82014337e-05 -2.46101866e-11  7.82014337e-05  0.00000000e+00 
 7.82510101e-05  7.72596870e-10  7.82510101e-05 -2.46101965e-11  7.82510101e-05  0.00000000e+00 
 7.83005864e-05  4.22798535e-10  7.83005864e-05 -2.46101883e-11  7.83005864e-05  0.00000000e+00 
 7.83501627e-05  7.42569605e-10  7.83501627e-05 -2.46101949e-11  7.83501627e-05  0.00000000e+00 
 7.83997391e-05  4.52834751e-10  7.83997391e-05 -2.46101900e-11  7.83997391e-05  0.00000000e+00 
 7.84493154e-05  7.12525114e-10  7.84493154e-05 -2.46101932e-11  7.84493154e-05  0.00000000e+00 
 7.84988918e-05  4.82886561e-10  7.84988918e-05 -2.46101917e-11  7.84988918e-05  0.00000000e+00 
 7.85484681e-05  6.82466776e-10  7.85484681e-05 -2.46101915e-11  7.85484681e-05  0.00000000e+00 
 7.85980445e-05  5.12950539e-10  7.85980445e-05 -2.46101933e-11  7.85980445e-05  0.00000000e+00 
 7.86476208e-05  6.52397985e-10  7.86476208e-05 -2.46101899e-11  7.86476208e-05  0.00000000e+00 
 7.86971972e-05  5.43023275e-10  7.86971972e-05 -2.46101950e-11  7.86971972e-05  0.00000000e+00 
 7.87467735e-05  6.22322148e-10  7.87467735e-05 -2.46101882e-11  7.87467735e-05  0.00000000e+00 
 7.87963499e-05  5.73101355e-10  7.87963499e-05 -2.46101966e-11  7.87963499e-05  0.00000000e+00 
 7.88459262e-05  5.92242669e-10  7.88459262e-05 -2.46101865e-11  7.88459262e-05  0.00000000e+00 
 7.88955025e-05  6.03181373e-10  7.88955025e-05 -2.46101983e-11  7.88955025e-05  0.00000000e+00 
 7.89450789e-05  5.62162959e-10  7.89450789e-05 -2.46101849e-11  7.89450789e-05  0.00000000e+00 
 7.89946552e-05  6.33259920e-10  7.89946552e-05 -2.46101999e-11  7.89946552e-05  0.00000000e+00 
 7.90442316e-05  5.32086427e-10  7.90442316e-05 -2.46101833e-11  7.90442316e-05  0.00000000e+00 
 7.90938079e-05  6.63333587e-10  7.90938079e-05 -2.46102016e-11  7.90938079e-05  0.00000000e+00 
 7.91433843e-05  5.02016480e-10  7.91433843e-05 -2.46101816e-11  7.91433843e-05  0.00000000e+00 
 7.91929606e-05  6.93398965e-10  7.91929606e-05 -2.46102032e-11  7.91929606e-05  0.00000000e+00 
 7.92425370e-05  4.71956526e-10  7.92425370e-05 -2.46101800e-11  7.92425370e-05  0.00000000e+00 
 7.92921133e-05  7.23452648e-10  7.92921133e-05 -2.46102048e-11  7.92921133e-05  0.00000000e+00 
 7.93416897e-05  4.41909970e-10  7.93416897e-05 -2.46101784e-11  7.93416897e-05  0.00000000e+00 
 7.93912660e-05  7.53491228e-10  7.93912660e-05 -2.46102064e-11  7.93912660e-05  0.00000000e+00 
 7.94408423e-05  4.11880219e-10  7.94408423e-05 -2.46101768e-11  7.94408423e-05  0.00000000e+00 
 7.94904187e-05  7.83511300e-10  7.94904187e-05 -2.46102080e-11  7.94904187e-05  0.00000000e+00 
 7.95399950e-05  3.81870674e-10  7.95399950e-05 -2.46101752e-11  7.95399950e-05  0.00000000e+00 
 7.95895714e-05  8.13509466e-10  7.95895714e-05 -2.46102096e-11  7.95895714e-05  0.00000000e+00 
 7.96391477e-05  3.51884739e-10  7.96391477e-05 -2.46101736e-11  7.96391477e-05  0.00000000e+00 
 7.96887241e-05  8.43482324e-10  7.96887241e-05 -2.46102112e-11  7.96887241e-05  0.00000000e+00 
 7.97383004e-05  3.21925808e-10  7.97383004e-05 -2.46101720e-11  7.97383004e-05  0.00000000e+00 
 7.97878768e-05  8.73426476e-10  7.97878768e-05 -2.46102128e-11  7.97878768e-05  0.00000000e+00 
 7.98374531e-05  2.91997278e-10  7.98374531e-05 -2.46101704e-11  7.98374531e-05  0.00000000e+00 
 7.98870295e-05  9.03338530e-10  7.98870295e-05 -2.46102144e-11  7.98870295e-05  0.00000000e+00 
 7.99366058e-05  2.62102543e-10  7.99366058e-05 -2.46101688e-11  7.99366058e-05  0.00000000e+00 
 7.99861821e-05  9.33215100e-10  7.99861821e-05 -2.46102159e-11  7.99861821e-05  0.00000000e+00 
 8.00357585e-05  2.32244990e-10  8.00357585e-05 -2.46101673e-11  8.00357585e-05  0.00000000e+00 
 8.00853348e-05  9.63052795e-10  8.00853348e-05 -2.46102175e-11  8.00853348e-05  0.00000000e+00 
 8.01349112e-05  2.02428001e-10  8.01349112e-05 -2.46101657e-11  8.01349112e-05  0.00000000e+00 
 8.01844875e-05  9.92848234e-10  8.01844875e-05 -2.46102191e-11  8.01844875e-05  0.00000000e+00 
 8.02340639e-05  1.72654953e-10  8.02340639e-05 -2.46101642e-11  8.02340639e-05  0.00000000e+00 
 8.02836402e-05  1.02259804e-09  8.02836402e-05 -2.46102206e-11  8.02836402e-05  0.00000000e+00 
 8.03332166e-05  1.42929224e-10  8.03332166e-05 -2.46101626e-11  8.03332166e-05  0.00000000e+00 
 8.03827929e-05  1.05229885e-09  8.03827929e-05 -2.46102221e-11  8.03827929e-05  0.00000000e+00 
 8.04323693e-05  1.13254182e-10  8.04323693e-05 -2.46101611e-11  8.04323693e-05  0.00000000e+00 
 8.04819456e-05  1.08194728e-09  8.04819456e-05 -2.46102236e-11  8.04819456e-05  0.00000000e+00 
 8.05315219e-05  8.36331893e-11  8.05315219e-05 -2.46101596e-11  8.05315219e-05  0.00000000e+00 
 8.05810983e-05  1.11153999e-09  8.05810983e-05 -2.46102251e-11  8.05810983e-05  0.00000000e+00 
 8.06306746e-05  5.40696016e-11  8.06306746e-05 -2.46101581e-11  8.06306746e-05  0.00000000e+00 
 8.06802510e-05  1.14107362e-09  8.06802510e-05 -2.46102267e-11  8.06802510e-05  0.00000000e+00 
 8.07298273e-05  2.45667702e-11  8.07298273e-05 -2.46101566e-11  8.07298273e-05  0.00000000e+00 
 8.07794037e-05  1.17054481e-09  8.07794037e-05 -2.46102281e-11  8.07794037e-05  0.00000000e+00 
 8.08289800e-05 -4.87195967e-12  8.08289800e-05 -2.46101551e-11  8.08289800e-05  0.00000000e+00 
 8.08785564e-05  1.19995024e-09  8.08785564e-05 -2.46102296e-11  8.08785564e-05  0.00000000e+00 
 8.09281327e-05 -3.42432553e-11  8.09281327e-05 -2.46101536e-11  8.09281327e-05  0.00000000e+00 
 8.09777091e-05  1.22928657e-09  8.09777091e-05 -2.46102311e-11  8.09777091e-05  0.00000000e+00 
 8.10272854e-05 -6.35437862e-11  8.10272854e-05 -2.46101522e-11  8.10272854e-05  0.00000000e+00 
 8.10768617e-05  1.25855047e-09  8.10768617e-05 -2.46102326e-11  8.10768617e-05  0.00000000e+00 
 8.11264381e-05 -9.27702327e-11  8.11264381e-05 -2.46101507e-11  8.11264381e-05  0.00000000e+00 
 8.11760144e-05  1.28773863e-09  8.11760144e-05 -2.46102340e-11  8.11760144e-05  0.00000000e+00 
 8.12255908e-05 -1.21919281e-10  8.12255908e-05 -2.46101492e-11  8.12255908e-05  0.00000000e+00 
 8.12751671e-05  1.31684774e-09  8.12751671e-05 -2.46102354e-11  8.12751671e-05  0.00000000e+00 
 8.13247435e-05 -1.50987631e-10  8.13247435e-05 -2.46101478e-11  8.13247435e-05  0.00000000e+00 
 8.13743198e-05  1.34587450e-09  8.13743198e-05 -2.46102369e-11  8.13743198e-05  0.00000000e+00 
 8.14238962e-05 -1.79971985e-10  8.14238962e-05 -2.46101464e-11  8.14238962e-05  0.00000000e+00 
 8.14734725e-05  1.37481562e-09  8.14734725e-05 -2.46102383e-11  8.14734725e-05  0.00000000e+00 
 8.15230489e-05 -2.08869060e-10  8.15230489e-05 -2.46101450e-11  8.15230489e-05  0.00000000e+00 
 8.15726252e-05  1.40366782e-09  8.15726252e-05 -2.46102397e-11  8.15726252e-05  0.00000000e+00 
 8.16222015e-05 -2.37675580e-10  8.16222015e-05 -2.46101436e-11  8.16222015e-05  0.00000000e+00 
 8.16717779e-05  1.43242784e-09  8.16717779e-05 -2.46102411e-11  8.16717779e-05  0.00000000e+00 
 8.17213542e-05 -2.66388282e-10  8.17213542e-05 -2.46101422e-11  8.17213542e-05  0.00000000e+00 
 8.17709306e-05  1.46109241e-09  8.17709306e-05 -2.46102425e-11  8.17709306e-05  0.00000000e+00 
 8.18205069e-05 -2.95003913e-10  8.18205069e-05 -2.46101408e-11  8.18205069e-05  0.00000000e+00 
 8.18700833e-05  1.48965828e-09  8.18700833e-05 -2.46102439e-11  8.18700833e-05  0.00000000e+00 
 8.19196596e-05 -3.23519229e-10  8.19196596e-05 -2.46101394e-11  8.19196596e-05  0.00000000e+00 
 8.19692360e-05  1.51812222e-09  8.19692360e-05 -2.46102452e-11  8.19692360e-05  0.00000000e+00 
 8.20188123e-05 -3.51930997e-10  8.20188123e-05 -2.46101381e-11  8.20188123e-05  0.00000000e+00 
 8.20683887e-05  1.54648100e-09  8.20683887e-05 -2.46102466e-11  8.20683887e-05  0.00000000e+00 
 8.21179650e-05 -3.80235998e-10  8.21179650e-05 -2.46101367e-11  8.21179650e-05  0.00000000e+00 
 8.21675413e-05  1.57473142e-09  8.21675413e-05 -2.46102479e-11  8.21675413e-05  0.00000000e+00 
 8.22171177e-05 -4.08431026e-10  8.22171177e-05 -2.46101354e-11  8.22171177e-05  0.00000000e+00 
 8.22666940e-05  1.60287025e-09  8.22666940e-05 -2.46102492e-11  8.22666940e-05  0.00000000e+00 
 8.23162704e-05 -4.36512884e-10  8.23162704e-05 -2.46101340e-11  8.23162704e-05  0.00000000e+00 
 8.23658467e-05  1.63089433e-09  8.23658467e-05 -2.46102505e-11  8.23658467e-05  0.00000000e+00 
 8.24154231e-05 -4.64478390e-10  8.24154231e-05 -2.46101327e-11  8.24154231e-05  0.00000000e+00 
 8.24649994e-05  1.65880046e-09  8.24649994e-05 -2.46102518e-11  8.24649994e-05  0.00000000e+00 
 8.25145758e-05 -4.92324373e-10  8.25145758e-05 -2.46101314e-11  8.25145758e-05  0.00000000e+00 
 8.25641521e-05  1.68658550e-09  8.25641521e-05 -2.46102531e-11  8.25641521e-05  0.00000000e+00 
 8.26137285e-05 -5.20047681e-10  8.26137285e-05 -2.46101302e-11  8.26137285e-05  0.00000000e+00 
 8.26633048e-05  1.71424629e-09  8.26633048e-05 -2.46102544e-11  8.26633048e-05  0.00000000e+00 
 8.27128811e-05 -5.47645171e-10  8.27128811e-05 -2.46101289e-11  8.27128811e-05  0.00000000e+00 
 8.27624575e-05  1.74177969e-09  8.27624575e-05 -2.46102557e-11  8.27624575e-05  0.00000000e+00 
 8.28120338e-05 -5.75113715e-10  8.28120338e-05 -2.46101276e-11  8.28120338e-05  0.00000000e+00 
 8.28616102e-05  1.76918259e-09  8.28616102e-05 -2.46102569e-11  8.28616102e-05  0.00000000e+00 
 8.29111865e-05 -6.02450201e-10  8.29111865e-05 -2.46101264e-11  8.29111865e-05  0.00000000e+00 
 8.29607629e-05  1.79645188e-09  8.29607629e-05 -2.46102581e-11  8.29607629e-05  0.00000000e+00 
 8.30103392e-05 -6.29651530e-10  8.30103392e-05 -2.46101251e-11  8.30103392e-05  0.00000000e+00 
 8.30599156e-05  1.82358447e-09  8.30599156e-05 -2.46102594e-11  8.30599156e-05  0.00000000e+00 
 8.31094919e-05 -6.56714619e-10  8.31094919e-05 -2.46101239e-11  8.31094919e-05  0.00000000e+00 
 8.31590683e-05  1.85057728e-09  8.31590683e-05 -2.46102606e-11  8.31590683e-05  0.00000000e+00 
 8.32086446e-05 -6.83636401e-10  8.32086446e-05 -2.46101227e-11  8.32086446e-05  0.00000000e+00 
 8.32582209e-05  1.87742726e-09  8.32582209e-05 -2.46102618e-11  8.32582209e-05  0.00000000e+00 
 8.33077973e-05 -7.10413826e-10  8.33077973e-05 -2.46101215e-11  8.33077973e-05  0.00000000e+00 
 8.33573736e-05  1.90413136e-09  8.33573736e-05 -2.46102629e-11  8.33573736e-05  0.00000000e+00 
 8.34069500e-05 -7.37043860e-10  8.34069500e-05 -2.46101204e-11  8.34069500e-05  0.00000000e+00 
 8.34565263e-05  1.93068656e-09  8.34565263e-05 -2.46102641e-11  8.34565263e-05  0.00000000e+00 
 8.35061027e-05 -7.63523485e-10  8.35061027e-05 -2.46101192e-11  8.35061027e-05  0.00000000e+00 
 8.35556790e-05  1.95708985e-09  8.35556790e-05 -2.46102653e-11  8.35556790e-05  0.00000000e+00 
 8.36052554e-05 -7.89849698e-10  8.36052554e-05 -2.46101180e-11  8.36052554e-05  0.00000000e+00 
 8.36548317e-05  1.98333824e-09  8.36548317e-05 -2.46102664e-11  8.36548317e-05  0.00000000e+00 
 8.37044081e-05 -8.16019518e-10  8.37044081e-05 -2.46101169e-11  8.37044081e-05  0.00000000e+00 
 8.37539844e-05  2.00942874e-09  8.37539844e-05 -2.46102675e-11  8.37539844e-05  0.00000000e+00 
 8.38035607e-05 -8.42029980e-10  8.38035607e-05 -2.46101158e-11  8.38035607e-05  0.00000000e+00 
 8.38531371e-05  2.03535841e-09  8.38531371e-05 -2.46102686e-11  8.38531371e-05  0.00000000e+00 
 8.39027134e-05 -8.67878132e-10  8.39027134e-05 -2.46101147e-11  8.39027134e-05  0.00000000e+00 
 8.39522898e-05  2.06112430e-09  8.39522898e-05 -2.46102697e-11  8.39522898e-05  0.00000000e+00 
 8.40018661e-05 -8.93561049e-10  8.40018661e-05 -2.46101136e-11  8.40018661e-05  0.00000000e+00 
 8.40514425e-05  2.08672350e-09  8.40514425e-05 -2.46102708e-11  8.40514425e-05  0.00000000e+00 
 8.41010188e-05 -9.19075820e-10  8.41010188e-05 -2.46101125e-11  8.41010188e-05  0.00000000e+00 
 8.41505952e-05  2.11215311e-09  8.41505952e-05 -2.46102719e-11  8.41505952e-05  0.00000000e+00 
 8.42001715e-05 -9.44419550e-10  8.42001715e-05 -2.46101114e-11  8.42001715e-05  0.00000000e+00 
 8.42497479e-05  2.13741024e-09  8.42497479e-05 -2.46102729e-11  8.42497479e-05  0.00000000e+00 
 8.42993242e-05 -9.69589371e-10  8.42993242e-05 -2.46101104e-11  8.42993242e-05  0.00000000e+00 
 8.43489005e-05  2.16249202e-09  8.43489005e-05 -2.46102740e-11  8.43489005e-05  0.00000000e+00 
 8.43984769e-05 -9.94582429e-10  8.43984769e-05 -2.46101094e-11  8.43984769e-05  0.00000000e+00 
 8.44480532e-05  2.18739563e-09  8.44480532e-05 -2.46102750e-11  8.44480532e-05  0.00000000e+00 
 8.44976296e-05 -1.01939589e-09  8.44976296e-05 -2.46101083e-11  8.44976296e-05  0.00000000e+00 
 8.45472059e-05  2.21211823e-09  8.45472059e-05 -2.46102760e-11  8.45472059e-05  0.00000000e+00 
 8.45967823e-05 -1.04402695e-09  8.45967823e-05 -2.46101073e-11  8.45967823e-05  0.00000000e+00 
 8.46463586e-05  2.23665703e-09  8.46463586e-05 -2.46102770e-11  8.46463586e-05  0.00000000e+00 
 8.46959350e-05 -1.06847280e-09  8.46959350e-05 -2.46101063e-11  8.46959350e-05  0.00000000e+00 
 8.47455113e-05  2.26100924e-09  8.47455113e-05 -2.46102779e-11  8.47455113e-05  0.00000000e+00 
 8.47950877e-05 -1.09273069e-09  8.47950877e-05 -2.46101054e-11  8.47950877e-05  0.00000000e+00 
 8.48446640e-05  2.28517211e-09  8.48446640e-05 -2.46102789e-11  8.48446640e-05  0.00000000e+00 
 8.48942403e-05 -1.11679786e-09  8.48942403e-05 -2.46101044e-11  8.48942403e-05  0.00000000e+00 
 8.49438167e-05  2.30914289e-09  8.49438167e-05 -2.46102798e-11  8.49438167e-05  0.00000000e+00 
 8.49933930e-05 -1.14067158e-09  8.49933930e-05 -2.46101035e-11  8.49933930e-05  0.00000000e+00 
 8.50429694e-05  2.33291887e-09  8.50429694e-05 -2.46102808e-11  8.50429694e-05  0.00000000e+00 
 8.50925457e-05 -1.16434916e-09  8.50925457e-05 -2.46101026e-11  8.50925457e-05  0.00000000e+00 
 8.51421221e-05  2.35649735e-09  8.51421221e-05 -2.46102817e-11  8.51421221e-05  0.00000000e+00 
 8.51916984e-05 -1.18782790e-09  8.51916984e-05 -2.46101017e-11  8.51916984e-05  0.00000000e+00 
 8.52412748e-05  2.37987567e-09  8.52412748e-05 -2.46102826e-11  8.52412748e-05  0.00000000e+00 
 8.52908511e-05 -1.21110514e-09  8.52908511e-05 -2.46101008e-11  8.52908511e-05  0.00000000e+00 
 8.53404275e-05  2.40305117e-09  8.53404275e-05 -2.46102835e-11  8.53404275e-05  0.00000000e+00 
 8.53900038e-05 -1.23417825e-09  8.53900038e-05 -2.46100999e-11  8.53900038e-05  0.00000000e+00 
 8.54395801e-05  2.42602122e-09  8.54395801e-05 -2.46102843e-11  8.54395801e-05  0.00000000e+00 
 8.54891565e-05 -1.25704462e-09  8.54891565e-05 -2.46100990e-11  8.54891565e-05  0.00000000e+00 
 8.55387328e-05  2.44878323e-09  8.55387328e-05 -2.46102852e-11  8.55387328e-05  0.00000000e+00 
 8.55883092e-05 -1.27970164e-09  8.55883092e-05 -2.46100982e-11  8.55883092e-05  0.00000000e+00 
 8.56378855e-05  2.47133462e-09  8.56378855e-05 -2.46102860e-11  8.56378855e-05  0.00000000e+00 
 8.56874619e-05 -1.30214676e-09  8.56874619e-05 -2.46100973e-11  8.56874619e-05  0.00000000e+00 
 8.57370382e-05  2.49367282e-09  8.57370382e-05 -2.46102868e-11  8.57370382e-05  0.00000000e+00 
 8.57866146e-05 -1.32437743e-09  8.57866146e-05 -2.46100965e-11  8.57866146e-05  0.00000000e+00 
 8.58361909e-05  2.51579531e-09  8.58361909e-05 -2.46102876e-11  8.58361909e-05  0.00000000e+00 
 8.58857673e-05 -1.34639113e-09  8.58857673e-05 -2.46100957e-11  8.58857673e-05  0.00000000e+00 
 8.59353436e-05  2.53769958e-09  8.59353436e-05 -2.46102884e-11  8.59353436e-05  0.00000000e+00 
 8.59849199e-05 -1.36818536e-09  8.59849199e-05 -2.46100950e-11  8.59849199e-05  0.00000000e+00 
 8.60344963e-05  2.55938315e-09  8.60344963e-05 -2.46102891e-11  8.60344963e-05  0.00000000e+00 
 8.60840726e-05 -1.38975766e-09  8.60840726e-05 -2.46100942e-11  8.60840726e-05  0.00000000e+00 
 8.61336490e-05  2.58084356e-09  8.61336490e-05 -2.46102899e-11  8.61336490e-05  0.00000000e+00 
 8.61832253e-05 -1.41110558e-09  8.61832253e-05 -2.46100935e-11  8.61832253e-05  0.00000000e+00 
 8.62328017e-05  2.60207837e-09  8.62328017e-05 -2.46102906e-11  8.62328017e-05  0.00000000e+00 
 8.62823780e-05 -1.43222671e-09  8.62823780e-05 -2.46100927e-11  8.62823780e-05  0.00000000e+00 
 8.63319544e-05  2.62308519e-09  8.63319544e-05 -2.46102913e-11  8.63319544e-05  0.00000000e+00 
 8.63815307e-05 -1.45311864e-09  8.63815307e-05 -2.46100920e-11  8.63815307e-05  0.00000000e+00 
 8.64311071e-05  2.64386163e-09  8.64311071e-05 -2.46102920e-11  8.64311071e-05  0.00000000e+00 
 8.64806834e-05 -1.47377901e-09  8.64806834e-05 -2.46100913e-11  8.64806834e-05  0.00000000e+00 
 8.65302597e-05  2.66440534e-09  8.65302597e-05 -2.46102927e-11  8.65302597e-05  0.00000000e+00 
 8.65798361e-05 -1.49420548e-09  8.65798361e-05 -2.46100907e-11  8.65798361e-05  0.00000000e+00 
 8.66294124e-05  2.68471399e-09  8.66294124e-05 -2.46102934e-11  8.66294124e-05  0.00000000e+00 
 8.66789888e-05 -1.51439574e-09  8.66789888e-05 -2.46100900e-11  8.66789888e-05  0.00000000e+00 
 8.67285651e-05  2.70478527e-09  8.67285651e-05 -2.46102940e-11  8.67285651e-05  0.00000000e+00 
 8.67781415e-05 -1.53434750e-09  8.67781415e-05 -2.46100894e-11  8.67781415e-05  0.00000000e+00 
 8.68277178e-05  2.72461692e-09  8.68277178e-05 -2.46102946e-11  8.68277178e-05  0.00000000e+00 
 8.68772942e-05 -1.55405849e-09  8.68772942e-05 -2.46100887e-11  8.68772942e-05  0.00000000e+00 
 8.69268705e-05  2.74420668e-09  8.69268705e-05 -2.46102952e-11  8.69268705e-05  0.00000000e+00 
 8.69764469e-05 -1.57352648e-09  8.69764469e-05 -2.46100881e-11  8.69764469e-05  0.00000000e+00 
 8.70260232e-05  2.76355233e-09  8.70260232e-05 -2.46102958e-11  8.70260232e-05  0.00000000e+00 
 8.70755995e-05 -1.59274926e-09  8.70755995e-05 -2.46100875e-11  8.70755995e-05  0.00000000e+00 
 8.71251759e-05  2.78265169e-09  8.71251759e-05 -2.46102964e-11  8.71251759e-05  0.00000000e+00 
 8.71747522e-05 -1.61172467e-09  8.71747522e-05 -2.46100870e-11  8.71747522e-05  0.00000000e+00 
 8.72243286e-05  2.80150259e-09  8.72243286e-05 -2.46102970e-11  8.72243286e-05  0.00000000e+00 
 8.72739049e-05 -1.63045054e-09  8.72739049e-05 -2.46100864e-11  8.72739049e-05  0.00000000e+00 
 8.73234813e-05  2.82010289e-09  8.73234813e-05 -2.46102975e-11  8.73234813e-05  0.00000000e+00 
 8.73730576e-05 -1.64892476e-09  8.73730576e-05 -2.46100859e-11  8.73730576e-05  0.00000000e+00 
 8.74226340e-05  2.83845048e-09  8.74226340e-05 -2.46102980e-11  8.74226340e-05  0.00000000e+00 
 8.74722103e-05 -1.66714522e-09  8.74722103e-05 -2.46100854e-11  8.74722103e-05  0.00000000e+00 
 8.75217866e-05  2.85654329e-09  8.75217866e-05 -2.46102985e-11  8.75217866e-05  0.00000000e+00 
 8.75713630e-05 -1.68510988e-09  8.75713630e-05 -2.46100849e-11  8.75713630e-05  0.00000000e+00 
 8.76209393e-05  2.87437927e-09  8.76209393e-05 -2.46102990e-11  8.76209393e-05  0.00000000e+00 
 8.76705157e-05 -1.70281668e-09  8.76705157e-05 -2.46100844e-11  8.76705157e-05  0.00000000e+00 
 8.77200920e-05  2.89195639e-09  8.77200920e-05 -2.46102995e-11  8.77200920e-05  0.00000000e+00 
 8.77696684e-05 -1.72026363e-09  8.77696684e-05 -2.46100839e-11  8.77696684e-05  0.00000000e+00 
 8.78192447e-05  2.90927265e-09  8.78192447e-05 -2.46102999e-11  8.78192447e-05  0.00000000e+00 
 8.78688211e-05 -1.73744874e-09  8.78688211e-05 -2.46100835e-11  8.78688211e-05  0.00000000e+00 
 8.79183974e-05  2.92632611e-09  8.79183974e-05 -2.46103003e-11  8.79183974e-05  0.00000000e+00 
 8.79679738e-05 -1.75437008e-09  8.79679738e-05 -2.46100831e-11  8.79679738e-05  0.00000000e+00 
 8.80175501e-05  2.94311483e-09  8.80175501e-05 -2.46103007e-11  8.80175501e-05  0.00000000e+00 
 8.80671264e-05 -1.77102571e-09  8.80671264e-05 -2.46100827e-11  8.80671264e-05  0.00000000e+00 
 8.81167028e-05  2.95963690e-09  8.81167028e-05 -2.46103011e-11  8.81167028e-05  0.00000000e+00 
 8.81662791e-05 -1.78741376e-09  8.81662791e-05 -2.46100823e-11  8.81662791e-05  0.00000000e+00 
 8.82158555e-05  2.97589045e-09  8.82158555e-05 -2.46103015e-11  8.82158555e-05  0.00000000e+00 
 8.82654318e-05 -1.80353236e-09  8.82654318e-05 -2.46100819e-11  8.82654318e-05  0.00000000e+00 
 8.83150082e-05  2.99187364e-09  8.83150082e-05 -2.46103019e-11  8.83150082e-05  0.00000000e+00 
 8.83645845e-05 -1.81937970e-09  8.83645845e-05 -2.46100815e-11  8.83645845e-05  0.00000000e+00 
 8.84141609e-05  3.00758466e-09  8.84141609e-05 -2.46103022e-11  8.84141609e-05  0.00000000e+00 
 8.84637372e-05 -1.83495397e-09  8.84637372e-05 -2.46100812e-11  8.84637372e-05  0.00000000e+00 
 8.85133136e-05  3.02302172e-09  8.85133136e-05 -2.46103025e-11  8.85133136e-05  0.00000000e+00 
 8.85628899e-05 -1.85025340e-09  8.85628899e-05 -2.46100809e-11  8.85628899e-05  0.00000000e+00 
 8.86124662e-05  3.03818309e-09  8.86124662e-05 -2.46103028e-11  8.86124662e-05  0.00000000e+00 
 8.86620426e-05 -1.86527628e-09  8.86620426e-05 -2.46100806e-11  8.86620426e-05  0.00000000e+00 
 8.87116189e-05  3.05306703e-09  8.87116189e-05 -2.46103031e-11  8.87116189e-05  0.00000000e+00 
 8.87611953e-05 -1.88002088e-09  8.87611953e-05 -2.46100803e-11  8.87611953e-05  0.00000000e+00 
 8.88107716e-05  3.06767187e-09  8.88107716e-05 -2.46103034e-11  8.88107716e-05  0.00000000e+00 
 8.88603480e-05 -1.89448555e-09  8.88603480e-05 -2.46100800e-11  8.88603480e-05  0.00000000e+00 
 8.89099243e-05  3.08199595e-09  8.89099243e-05 -2.46103036e-11  8.89099243e-05  0.00000000e+00 
 8.89595007e-05 -1.90866864e-09  8.89595007e-05 -2.46100798e-11  8.89595007e-05  0.00000000e+00 
 8.90090770e-05  3.09603764e-09  8.90090770e-05 -2.46103039e-11  8.90090770e-05  0.00000000e+00 
 8.90586534e-05 -1.92256855e-09  8.90586534e-05 -2.46100796e-11  8.90586534e-05  0.00000000e+00 
 8.91082297e-05  3.10979536e-09  8.91082297e-05 -2.46103041e-11  8.91082297e-05  0.00000000e+00 
 8.91578060e-05 -1.93618370e-09  8.91578060e-05 -2.46100794e-11  8.91578060e-05  0.00000000e+00 
 8.92073824e-05  3.12326754e-09  8.92073824e-05 -2.46103043e-11  8.92073824e-05  0.00000000e+00 
 8.92569587e-05 -1.94951254e-09  8.92569587e-05 -2.46100792e-11  8.92569587e-05  0.00000000e+00 
 8.93065351e-05  3.13645266e-09  8.93065351e-05 -2.46103044e-11  8.93065351e-05  0.00000000e+00 
 8.93561114e-05 -1.96255357e-09  8.93561114e-05 -2.46100790e-11  8.93561114e-05  0.00000000e+00 
 8.94056878e-05  3.14934922e-09  8.94056878e-05 -2.46103046e-11  8.94056878e-05  0.00000000e+00 
 8.94552641e-05 -1.97530531e-09  8.94552641e-05 -2.46100789e-11  8.94552641e-05  0.00000000e+00 
 8.95048405e-05  3.16195577e-09  8.95048405e-05 -2.46103047e-11  8.95048405e-05  0.00000000e+00 
 8.95544168e-05 -1.98776632e-09  8.95544168e-05 -2.46100787e-11  8.95544168e-05  0.00000000e+00 
 8.96039932e-05  3.17427087e-09  8.96039932e-05 -2.46103048e-11  8.96039932e-05  0.00000000e+00 
 8.96535695e-05 -1.99993517e-09  8.96535695e-05 -2.46100786e-11  8.96535695e-05  0.00000000e+00 
 8.97031458e-05  3.18629312e-09  8.97031458e-05 -2.46103049e-11  8.97031458e-05  0.00000000e+00 
 8.97527222e-05 -2.01181050e-09  8.97527222e-05 -2.46100785e-11  8.97527222e-05  0.00000000e+00 
 8.98022985e-05  3.19802118e-09  8.98022985e-05 -2.46103050e-11  8.98022985e-05  0.00000000e+00 
 8.98518749e-05 -2.02339096e-09  8.98518749e-05 -2.46100785e-11  8.98518749e-05  0.00000000e+00 
 8.99014512e-05  3.20945370e-09  8.99014512e-05 -2.46103051e-11  8.99014512e-05  0.00000000e+00 
 8.99510276e-05 -2.03467523e-09  8.99510276e-05 -2.46100784e-11  8.99510276e-05  0.00000000e+00 
 9.00006039e-05  3.22058939e-09  9.00006039e-05 -2.46103051e-11  9.00006039e-05  0.00000000e+00 
 9.00501803e-05 -2.04566203e-09  9.00501803e-05 -2.46100784e-11  9.00501803e-05  0.00000000e+00 
 9.00997566e-05  3.23142699e-09  9.00997566e-05 -2.46103051e-11  9.00997566e-05  0.00000000e+00 
 9.01493330e-05 -2.05635013e-09  9.01493330e-05 -2.46100783e-11  9.01493330e-05  0.00000000e+00 
 9.01989093e-05  3.24196527e-09  9.01989093e-05 -2.46103051e-11  9.01989093e-05  0.00000000e+00 
 9.02484856e-05 -2.06673830e-09  9.02484856e-05 -2.46100783e-11  9.02484856e-05  0.00000000e+00 
 9.02980620e-05  3.25220303e-09  9.02980620e-05 -2.46103051e-11  9.02980620e-05  0.00000000e+00 
 9.03476383e-05 -2.07682538e-09  9.03476383e-05 -2.46100784e-11  9.03476383e-05  0.00000000e+00 
 9.03972147e-05  3.26213913e-09  9.03972147e-05 -2.46103051e-11  9.03972147e-05  0.00000000e+00 
 9.04467910e-05 -2.08661022e-09  9.04467910e-05 -2.46100784e-11  9.04467910e-05  0.00000000e+00 
 9.04963674e-05  3.27177242e-09  9.04963674e-05 -2.46103050e-11  9.04963674e-05  0.00000000e+00 
 9.05459437e-05 -2.09609171e-09  9.05459437e-05 -2.46100785e-11  9.05459437e-05  0.00000000e+00 
 9.05955201e-05  3.28110182e-09  9.05955201e-05 -2.46103050e-11  9.05955201e-05  0.00000000e+00 
 9.06450964e-05 -2.10526877e-09  9.06450964e-05 -2.46100785e-11  9.06450964e-05  0.00000000e+00 
 9.06946728e-05  3.29012628e-09  9.06946728e-05 -2.46103049e-11  9.06946728e-05  0.00000000e+00 
 9.07442491e-05 -2.11414037e-09  9.07442491e-05 -2.46100786e-11  9.07442491e-05  0.00000000e+00 
 9.07938254e-05  3.29884476e-09  9.07938254e-05 -2.46103048e-11  9.07938254e-05  0.00000000e+00 
 9.08434018e-05 -2.12270549e-09  9.08434018e-05 -2.46100787e-11  9.08434018e-05  0.00000000e+00 
 9.08929781e-05  3.30725628e-09  9.08929781e-05 -2.46103046e-11  9.08929781e-05  0.00000000e+00 
 9.09425545e-05 -2.13096318e-09  9.09425545e-05 -2.46100789e-11  9.09425545e-05  0.00000000e+00 
 9.09921308e-05  3.31535990e-09  9.09921308e-05 -2.46103045e-11  9.09921308e-05  0.00000000e+00 
 9.10417072e-05 -2.13891249e-09  9.10417072e-05 -2.46100790e-11  9.10417072e-05  0.00000000e+00 
 9.10912835e-05  3.32315468e-09  9.10912835e-05 -2.46103043e-11  9.10912835e-05  0.00000000e+00 
 9.11408599e-05 -2.14655253e-09  9.11408599e-05 -2.46100792e-11  9.11408599e-05  0.00000000e+00 
 9.11904362e-05  3.33063974e-09  9.11904362e-05 -2.46103042e-11  9.11904362e-05  0.00000000e+00 
 9.12400126e-05 -2.15388242e-09  9.12400126e-05 -2.46100794e-11  9.12400126e-05  0.00000000e+00 
 9.12895889e-05  3.33781425e-09  9.12895889e-05 -2.46103040e-11  9.12895889e-05  0.00000000e+00 
 9.13391652e-05 -2.16090134e-09  9.13391652e-05 -2.46100796e-11  9.13391652e-05  0.00000000e+00 
 9.13887416e-05  3.34467738e-09  9.13887416e-05 -2.46103037e-11  9.13887416e-05  0.00000000e+00 
 9.14383179e-05 -2.16760849e-09  9.14383179e-05 -2.46100798e-11  9.14383179e-05  0.00000000e+00 
 9.14878943e-05  3.35122835e-09  9.14878943e-05 -2.46103035e-11  9.14878943e-05  0.00000000e+00 
 9.15374706e-05 -2.17400311e-09  9.15374706e-05 -2.46100801e-11  9.15374706e-05  0.00000000e+00 
 9.15870470e-05  3.35746643e-09  9.15870470e-05 -2.46103033e-11  9.15870470e-05  0.00000000e+00 
 9.16366233e-05 -2.18008448e-09  9.16366233e-05 -2.46100803e-11  9.16366233e-05  0.00000000e+00 
 9.16861997e-05  3.36339091e-09  9.16861997e-05 -2.46103030e-11  9.16861997e-05  0.00000000e+00 
 9.17357760e-05 -2.18585190e-09  9.17357760e-05 -2.46100806e-11  9.17357760e-05  0.00000000e+00 
 9.17853524e-05  3.36900111e-09  9.17853524e-05 -2.46103027e-11  9.17853524e-05  0.00000000e+00 
 9.18349287e-05 -2.19130473e-09  9.18349287e-05 -2.46100809e-11  9.18349287e-05  0.00000000e+00 
 9.18845050e-05  3.37429640e-09  9.18845050e-05 -2.46103024e-11  9.18845050e-05  0.00000000e+00 
 9.19340814e-05 -2.19644235e-09  9.19340814e-05 -2.46100812e-11  9.19340814e-05  0.00000000e+00 
 9.19836577e-05  3.37927619e-09  9.19836577e-05 -2.46103020e-11  9.19836577e-05  0.00000000e+00 
 9.20332341e-05 -2.20126416e-09  9.20332341e-05 -2.46100816e-11  9.20332341e-05  0.00000000e+00 
 9.20828104e-05  3.38393990e-09  9.20828104e-05 -2.46103017e-11  9.20828104e-05  0.00000000e+00 
 9.21323868e-05 -2.20576964e-09  9.21323868e-05 -2.46100819e-11  9.21323868e-05  0.00000000e+00 
 9.21819631e-05  3.38828700e-09  9.21819631e-05 -2.46103013e-11  9.21819631e-05  0.00000000e+00 
 9.22315395e-05 -2.20995826e-09  9.22315395e-05 -2.46100823e-11  9.22315395e-05  0.00000000e+00 
 9.22811158e-05  3.39231701e-09  9.22811158e-05 -2.46103009e-11  9.22811158e-05  0.00000000e+00 
 9.23306922e-05 -2.21382955e-09  9.23306922e-05 -2.46100827e-11  9.23306922e-05  0.00000000e+00 
 9.23802685e-05  3.39602947e-09  9.23802685e-05 -2.46103005e-11  9.23802685e-05  0.00000000e+00 
 9.24298448e-05 -2.21738308e-09  9.24298448e-05 -2.46100831e-11  9.24298448e-05  0.00000000e+00 
 9.24794212e-05  3.39942396e-09  9.24794212e-05 -2.46103001e-11  9.24794212e-05  0.00000000e+00 
 9.25289975e-05 -2.22061843e-09  9.25289975e-05 -2.46100835e-11  9.25289975e-05  0.00000000e+00 
 9.25785739e-05  3.40250009e-09  9.25785739e-05 -2.46102997e-11  9.25785739e-05  0.00000000e+00 
 9.26281502e-05 -2.22353525e-09  9.26281502e-05 -2.46100840e-11  9.26281502e-05  0.00000000e+00 
 9.26777266e-05  3.40525751e-09  9.26777266e-05 -2.46102992e-11  9.26777266e-05  0.00000000e+00 
 9.27273029e-05 -2.22613320e-09  9.27273029e-05 -2.46100844e-11  9.27273029e-05  0.00000000e+00 
 9.27768793e-05  3.40769592e-09  9.27768793e-05 -2.46102988e-11  9.27768793e-05  0.00000000e+00 
 9.28264556e-05 -2.22841199e-09  9.28264556e-05 -2.46100849e-11  9.28264556e-05  0.00000000e+00 
 9.28760320e-05  3.40981503e-09  9.28760320e-05 -2.46102983e-11  9.28760320e-05  0.00000000e+00 
 9.29256083e-05 -2.23037137e-09  9.29256083e-05 -2.46100854e-11  9.29256083e-05  0.00000000e+00 
 9.29751846e-05  3.41161460e-09  9.29751846e-05 -2.46102978e-11  9.29751846e-05  0.00000000e+00 
 9.30247610e-05 -2.23201109e-09  9.30247610e-05 -2.46100859e-11  9.30247610e-05  0.00000000e+00 
 9.30743373e-05  3.41309444e-09  9.30743373e-05 -2.46102972e-11  9.30743373e-05  0.00000000e+00 
 9.31239137e-05 -2.23333100e-09  9.31239137e-05 -2.46100865e-11  9.31239137e-05  0.00000000e+00 
 9.31734900e-05  3.41425437e-09  9.31734900e-05 -2.46102967e-11  9.31734900e-05  0.00000000e+00 
 9.32230664e-05 -2.23433092e-09  9.32230664e-05 -2.46100870e-11  9.32230664e-05  0.00000000e+00 
 9.32726427e-05  3.41509426e-09  9.32726427e-05 -2.46102961e-11  9.32726427e-05  0.00000000e+00 
 9.33222191e-05 -2.23501076e-09  9.33222191e-05 -2.46100876e-11  9.33222191e-05  0.00000000e+00 
 9.33717954e-05  3.41561402e-09  9.33717954e-05 -2.46102955e-11  9.33717954e-05  0.00000000e+00 
 9.34213718e-05 -2.23537042e-09  9.34213718e-05 -2.46100882e-11  9.34213718e-05  0.00000000e+00 
 9.34709481e-05  3.41581358e-09  9.34709481e-05 -2.46102950e-11  9.34709481e-05  0.00000000e+00 
 9.35205244e-05 -2.23540988e-09  9.35205244e-05 -2.46100888e-11  9.35205244e-05  0.00000000e+00 
 9.35701008e-05  3.41569293e-09  9.35701008e-05 -2.46102943e-11  9.35701008e-05  0.00000000e+00 
 9.36196771e-05 -2.23512913e-09  9.36196771e-05 -2.46100894e-11  9.36196771e-05  0.00000000e+00 
 9.36692535e-05  3.41525208e-09  9.36692535e-05 -2.46102937e-11  9.36692535e-05  0.00000000e+00 
 9.37188298e-05 -2.23452820e-09  9.37188298e-05 -2.46100900e-11  9.37188298e-05  0.00000000e+00 
 9.37684062e-05  3.41449108e-09  9.37684062e-05 -2.46102931e-11  9.37684062e-05  0.00000000e+00 
 9.38179825e-05 -2.23360715e-09  9.38179825e-05 -2.46100907e-11  9.38179825e-05  0.00000000e+00 
 9.38675589e-05  3.41341002e-09  9.38675589e-05 -2.46102924e-11  9.38675589e-05  0.00000000e+00 
 9.39171352e-05 -2.23236609e-09  9.39171352e-05 -2.46100914e-11  9.39171352e-05  0.00000000e+00 
 9.39667116e-05  3.41200901e-09  9.39667116e-05 -2.46102917e-11  9.39667116e-05  0.00000000e+00 
 9.40162879e-05 -2.23080517e-09  9.40162879e-05 -2.46100921e-11  9.40162879e-05  0.00000000e+00 
 9.40658642e-05  3.41028822e-09  9.40658642e-05 -2.46102910e-11  9.40658642e-05  0.00000000e+00 
 9.41154406e-05 -2.22892456e-09  9.41154406e-05 -2.46100928e-11  9.41154406e-05  0.00000000e+00 
 9.41650169e-05  3.40824784e-09  9.41650169e-05 -2.46102903e-11  9.41650169e-05  0.00000000e+00 
 9.42145933e-05 -2.22672447e-09  9.42145933e-05 -2.46100935e-11  9.42145933e-05  0.00000000e+00 
 9.42641696e-05  3.40588810e-09  9.42641696e-05 -2.46102896e-11  9.42641696e-05  0.00000000e+00 
 9.43137460e-05 -2.22420515e-09  9.43137460e-05 -2.46100942e-11  9.43137460e-05  0.00000000e+00 
 9.43633223e-05  3.40320927e-09  9.43633223e-05 -2.46102888e-11  9.43633223e-05  0.00000000e+00 
 9.44128987e-05 -2.22136689e-09  9.44128987e-05 -2.46100950e-11  9.44128987e-05  0.00000000e+00 
 9.44624750e-05  3.40021166e-09  9.44624750e-05 -2.46102880e-11  9.44624750e-05  0.00000000e+00 
 9.45120514e-05 -2.21821000e-09  9.45120514e-05 -2.46100958e-11  9.45120514e-05  0.00000000e+00 
 9.45616277e-05  3.39689560e-09  9.45616277e-05 -2.46102872e-11  9.45616277e-05  0.00000000e+00 
 9.46112040e-05 -2.21473486e-09  9.46112040e-05 -2.46100966e-11  9.46112040e-05  0.00000000e+00 
 9.46607804e-05  3.39326147e-09  9.46607804e-05 -2.46102864e-11  9.46607804e-05  0.00000000e+00 
 9.47103567e-05 -2.21094184e-09  9.47103567e-05 -2.46100974e-11  9.47103567e-05  0.00000000e+00 
 9.47599331e-05  3.38930968e-09  9.47599331e-05 -2.46102856e-11  9.47599331e-05  0.00000000e+00 
 9.48095094e-05 -2.20683138e-09  9.48095094e-05 -2.46100982e-11  9.48095094e-05  0.00000000e+00 
 9.48590858e-05  3.38504068e-09  9.48590858e-05 -2.46102848e-11  9.48590858e-05  0.00000000e+00 
 9.49086621e-05 -2.20240395e-09  9.49086621e-05 -2.46100991e-11  9.49086621e-05  0.00000000e+00 
 9.49582385e-05  3.38045495e-09  9.49582385e-05 -2.46102839e-11  9.49582385e-05  0.00000000e+00 
 9.50078148e-05 -2.19766005e-09  9.50078148e-05 -2.46100999e-11  9.50078148e-05  0.00000000e+00 
 9.50573912e-05  3.37555301e-09  9.50573912e-05 -2.46102831e-11  9.50573912e-05  0.00000000e+00 
 9.51069675e-05 -2.19260022e-09  9.51069675e-05 -2.46101008e-11  9.51069675e-05  0.00000000e+00 
 9.51565438e-05  3.37033542e-09  9.51565438e-05 -2.46102822e-11  9.51565438e-05  0.00000000e+00 
 9.52061202e-05 -2.18722502e-09  9.52061202e-05 -2.46101017e-11  9.52061202e-05  0.00000000e+00 
 9.52556965e-05  3.36480277e-09  9.52556965e-05 -2.46102813e-11  9.52556965e-05  0.00000000e+00 
 9.53052729e-05 -2.18153507e-09  9.53052729e-05 -2.46101026e-11  9.53052729e-05  0.00000000e+00 
 9.53548492e-05  3.35895569e-09  9.53548492e-05 -2.46102804e-11  9.53548492e-05  0.00000000e+00 
 9.54044256e-05 -2.17553101e-09  9.54044256e-05 -2.46101035e-11  9.54044256e-05  0.00000000e+00 
 9.54540019e-05  3.35279483e-09  9.54540019e-05 -2.46102794e-11  9.54540019e-05  0.00000000e+00 
 9.55035783e-05 -2.16921353e-09  9.55035783e-05 -2.46101045e-11  9.55035783e-05  0.00000000e+00 
 9.55531546e-05  3.34632090e-09  9.55531546e-05 -2.46102785e-11  9.55531546e-05  0.00000000e+00 
 9.56027310e-05 -2.16258333e-09  9.56027310e-05 -2.46101054e-11  9.56027310e-05  0.00000000e+00 
 9.56523073e-05  3.33953464e-09  9.56523073e-05 -2.46102775e-11  9.56523073e-05  0.00000000e+00 
 9.57018836e-05 -2.15564118e-09  9.57018836e-05 -2.46101064e-11  9.57018836e-05  0.00000000e+00 
 9.57514600e-05  3.33243680e-09  9.57514600e-05 -2.46102765e-11  9.57514600e-05  0.00000000e+00 
 9.58010363e-05 -2.14838785e-09  9.58010363e-05 -2.46101074e-11  9.58010363e-05  0.00000000e+00 
 9.58506127e-05  3.32502820e-09  9.58506127e-05 -2.46102755e-11  9.58506127e-05  0.00000000e+00 
 9.59001890e-05 -2.14082418e-09  9.59001890e-05 -2.46101084e-11  9.59001890e-05  0.00000000e+00 
 9.59497654e-05  3.31730966e-09  9.59497654e-05 -2.46102745e-11  9.59497654e-05  0.00000000e+00 
 9.59993417e-05 -2.13295101e-09  9.59993417e-05 -2.46101094e-11  9.59993417e-05  0.00000000e+00 
 9.60489181e-05  3.30928208e-09  9.60489181e-05 -2.46102735e-11  9.60489181e-05  0.00000000e+00 
 9.60984944e-05 -2.12476923e-09  9.60984944e-05 -2.46101105e-11  9.60984944e-05  0.00000000e+00 
 9.61480708e-05  3.30094636e-09  9.61480708e-05 -2.46102725e-11  9.61480708e-05  0.00000000e+00 
 9.61976471e-05 -2.11627979e-09  9.61976471e-05 -2.46101115e-11  9.61976471e-05  0.00000000e+00 
 9.62472234e-05  3.29230344e-09  9.62472234e-05 -2.46102714e-11  9.62472234e-05  0.00000000e+00 
 9.62967998e-05 -2.10748363e-09  9.62967998e-05 -2.46101126e-11  9.62967998e-05  0.00000000e+00 
 9.63463761e-05  3.28335430e-09  9.63463761e-05 -2.46102703e-11  9.63463761e-05  0.00000000e+00 
 9.63959525e-05 -2.09838175e-09  9.63959525e-05 -2.46101137e-11  9.63959525e-05  0.00000000e+00 
 9.64455288e-05  3.27409995e-09  9.64455288e-05 -2.46102693e-11  9.64455288e-05  0.00000000e+00 
 9.64951052e-05 -2.08897520e-09  9.64951052e-05 -2.46101148e-11  9.64951052e-05  0.00000000e+00 
 9.65446815e-05  3.26454146e-09  9.65446815e-05 -2.46102682e-11  9.65446815e-05  0.00000000e+00 
 9.65942579e-05 -2.07926502e-09  9.65942579e-05 -2.46101159e-11  9.65942579e-05  0.00000000e+00 
 9.66438342e-05  3.25467989e-09  9.66438342e-05 -2.46102670e-11  9.66438342e-05  0.00000000e+00 
 9.66934106e-05 -2.06925233e-09  9.66934106e-05 -2.46101170e-11  9.66934106e-05  0.00000000e+00 
 9.67429869e-05  3.24451636e-09  9.67429869e-05 -2.46102659e-11  9.67429869e-05  0.00000000e+00 
 9.67925632e-05 -2.05893825e-09  9.67925632e-05 -2.46101181e-11  9.67925632e-05  0.00000000e+00 
 9.68421396e-05  3.23405204e-09  9.68421396e-05 -2.46102648e-11  9.68421396e-05  0.00000000e+00 
 9.68917159e-05 -2.04832396e-09  9.68917159e-05 -2.46101193e-11  9.68917159e-05  0.00000000e+00 
 9.69412923e-05  3.22328809e-09  9.69412923e-05 -2.46102636e-11  9.69412923e-05  0.00000000e+00 
 9.69908686e-05 -2.03741066e-09  9.69908686e-05 -2.46101205e-11  9.69908686e-05  0.00000000e+00 
 9.70404450e-05  3.21222575e-09  9.70404450e-05 -2.46102624e-11  9.70404450e-05  0.00000000e+00 
 9.70900213e-05 -2.02619959e-09  9.70900213e-05 -2.46101216e-11  9.70900213e-05  0.00000000e+00 
 9.71395977e-05  3.20086627e-09  9.71395977e-05 -2.46102613e-11  9.71395977e-05  0.00000000e+00 
 9.71891740e-05 -2.01469201e-09  9.71891740e-05 -2.46101228e-11  9.71891740e-05  0.00000000e+00 
 9.72387504e-05  3.18921093e-09  9.72387504e-05 -2.46102601e-11  9.72387504e-05  0.00000000e+00 
 9.72883267e-05 -2.00288923e-09  9.72883267e-05 -2.46101240e-11  9.72883267e-05  0.00000000e+00 
 9.73379030e-05  3.17726106e-09  9.73379030e-05 -2.46102589e-11  9.73379030e-05  0.00000000e+00 
 9.73874794e-05 -1.99079259e-09  9.73874794e-05 -2.46101253e-11  9.73874794e-05  0.00000000e+00 
 9.74370557e-05  3.16501801e-09  9.74370557e-05 -2.46102576e-11  9.74370557e-05  0.00000000e+00 
 9.74866321e-05 -1.97840346e-09  9.74866321e-05 -2.46101265e-11  9.74866321e-05  0.00000000e+00 
 9.75362084e-05  3.15248316e-09  9.75362084e-05 -2.46102564e-11  9.75362084e-05  0.00000000e+00 
 9.75857848e-05 -1.96572325e-09  9.75857848e-05 -2.46101278e-11  9.75857848e-05  0.00000000e+00 
 9.76353611e-05  3.13965794e-09  9.76353611e-05 -2.46102551e-11  9.76353611e-05  0.00000000e+00 
 9.76849375e-05 -1.95275338e-09  9.76849375e-05 -2.46101290e-11  9.76849375e-05  0.00000000e+00 
 9.77345138e-05  3.12654380e-09  9.77345138e-05 -2.46102539e-11  9.77345138e-05  0.00000000e+00 
 9.77840902e-05 -1.93949533e-09  9.77840902e-05 -2.46101303e-11  9.77840902e-05  0.00000000e+00 
 9.78336665e-05  3.11314223e-09  9.78336665e-05 -2.46102526e-11  9.78336665e-05  0.00000000e+00 
 9.78832428e-05 -1.92595060e-09  9.78832428e-05 -2.46101316e-11  9.78832428e-05  0.00000000e+00 
 9.79328192e-05  3.09945474e-09  9.79328192e-05 -2.46102513e-11  9.79328192e-05  0.00000000e+00 
 9.79823955e-05 -1.91212073e-09  9.79823955e-05 -2.46101329e-11  9.79823955e-05  0.00000000e+00 
 9.80319719e-05  3.08548289e-09  9.80319719e-05 -2.46102500e-11  9.80319719e-05  0.00000000e+00 
 9.80815482e-05 -1.89800729e-09  9.80815482e-05 -2.46101342e-11  9.80815482e-05  0.00000000e+00 
 9.81311246e-05  3.07122826e-09  9.81311246e-05 -2.46102487e-11  9.81311246e-05  0.00000000e+00 
 9.81807009e-05 -1.88361187e-09  9.81807009e-05 -2.46101355e-11  9.81807009e-05  0.00000000e+00 
 9.82302773e-05  3.05669247e-09  9.82302773e-05 -2.46102474e-11  9.82302773e-05  0.00000000e+00 
 9.82798536e-05 -1.86893610e-09  9.82798536e-05 -2.46101369e-11  9.82798536e-05  0.00000000e+00 
 9.83294300e-05  3.04187716e-09  9.83294300e-05 -2.46102460e-11  9.83294300e-05  0.00000000e+00 
 9.83790063e-05 -1.85398165e-09  9.83790063e-05 -2.46101382e-11  9.83790063e-05  0.00000000e+00 
 9.84285826e-05  3.02678401e-09  9.84285826e-05 -2.46102447e-11  9.84285826e-05  0.00000000e+00 
 9.84781590e-05 -1.83875022e-09  9.84781590e-05 -2.46101396e-11  9.84781590e-05  0.00000000e+00 
 9.85277353e-05  3.01141473e-09  9.85277353e-05 -2.46102433e-11  9.85277353e-05  0.00000000e+00 
 9.85773117e-05 -1.82324352e-09  9.85773117e-05 -2.46101410e-11  9.85773117e-05  0.00000000e+00 
 9.86268880e-05  2.99577107e-09  9.86268880e-05 -2.46102419e-11  9.86268880e-05  0.00000000e+00 
 9.86764644e-05 -1.80746332e-09  9.86764644e-05 -2.46101423e-11  9.86764644e-05  0.00000000e+00 
 9.87260407e-05  2.97985479e-09  9.87260407e-05 -2.46102405e-11  9.87260407e-05  0.00000000e+00 
 9.87756171e-05 -1.79141141e-09  9.87756171e-05 -2.46101437e-11  9.87756171e-05  0.00000000e+00 
 9.88251934e-05  2.96366770e-09  9.88251934e-05 -2.46102391e-11  9.88251934e-05  0.00000000e+00 
 9.88747697e-05 -1.77508960e-09  9.88747697e-05 -2.46101451e-11  9.88747697e-05  0.00000000e+00 
 9.89243461e-05  2.94721164e-09  9.89243461e-05 -2.46102377e-11  9.89243461e-05  0.00000000e+00 
 9.89739224e-05 -1.75849974e-09  9.89739224e-05 -2.46101466e-11  9.89739224e-05  0.00000000e+00 
 9.90234988e-05  2.93048847e-09  9.90234988e-05 -2.46102363e-11  9.90234988e-05  0.00000000e+00 
 9.90730751e-05 -1.74164372e-09  9.90730751e-05 -2.46101480e-11  9.90730751e-05  0.00000000e+00 
 9.91128830e-05  2.91139754e-09  9.91128830e-05 -2.46102348e-11  9.91128830e-05  0.00000000e+00 
 9.91526908e-05 -1.72028213e-09  9.91526908e-05 -2.46101498e-11  9.91526908e-05  0.00000000e+00 
 9.91532631e-05  8.22000349e-07  9.91532631e-05  1.46349978e-07  9.91532631e-05  5.77168908e-03 
 9.91544077e-05  2.49948704e-06  9.91544077e-05  1.46349815e-07  9.91544077e-05  1.73150672e-02 
 9.91550289e-05  3.37118500e-06  9.91550289e-05  1.46349710e-07  9.91550289e-05  2.35802410e-02 
 9.91556433e-05  4.25956059e-06  9.91556433e-05  1.46349587e-07  9.91556433e-05  2.97774079e-02 
 9.91561849e-05  5.02310677e-06  9.91561849e-05  1.46349463e-07  9.91561849e-05  3.52391964e-02 
 9.91566449e-05  5.66417346e-06  9.91566449e-05  1.46349345e-07  9.91566449e-05  3.98784325e-02 
 9.91570595e-05  6.26338485e-06  9.91570595e-05  1.46349222e-07  9.91570595e-05  4.40602830e-02 
 9.91574826e-05  6.83322428e-06  9.91574826e-05  1.46349089e-07  9.91574826e-05  4.83270481e-02 
 9.91579240e-05  7.46572546e-06  9.91579240e-05  1.46348929e-07  9.91579240e-05  5.27792550e-02 
 9.91584427e-05  8.17436532e-06  9.91584427e-05  1.46348720e-07  9.91584427e-05  5.80104847e-02 
 9.91588673e-05  8.75774223e-06  9.91588673e-05  1.46348529e-07  9.91588673e-05  6.22923694e-02 
 9.91592486e-05  9.29534743e-06  9.91592486e-05  1.46348334e-07  9.91592486e-05  6.61384657e-02 
 9.91596362e-05  9.80453458e-06  9.91596362e-05  1.46348125e-07  9.91596362e-05  7.00475150e-02 
 9.91600035e-05  1.03236525e-05  9.91600035e-05  1.46347898e-07  9.91600035e-05  7.37514705e-02 
 9.91605099e-05  1.10005268e-05  9.91605099e-05  1.46347558e-07  9.91605099e-05  7.88592202e-02 
 9.91609104e-05  1.15394268e-05  9.91609104e-05  1.46347256e-07  9.91609104e-05  8.28976897e-02 
 9.91613146e-05  1.20972778e-05  9.91613146e-05  1.46346913e-07  9.91613146e-05  8.69748137e-02 
 9.91616819e-05  1.25685493e-05  9.91616819e-05  1.46346583e-07  9.91616819e-05  9.06786121e-02 
 9.91620567e-05  1.30875623e-05  9.91620567e-05  1.46346198e-07  9.91620567e-05  9.44587335e-02 
 9.91625655e-05  1.37536193e-05  9.91625655e-05  1.46345628e-07  9.91625655e-05  9.95901211e-02 
 9.91629691e-05  1.42857723e-05  9.91629691e-05  1.46345121e-07  9.91629691e-05  1.03660660e-01 
 9.91633764e-05  1.48364966e-05  9.91633764e-05  1.46344544e-07  9.91633764e-05  1.07768744e-01 
 9.91637457e-05  1.53004432e-05  9.91637457e-05  1.46343989e-07  9.91637457e-05  1.11493113e-01 
 9.91641223e-05  1.58117210e-05  9.91641223e-05  1.46343342e-07  9.91641223e-05  1.15291181e-01 
 9.91646432e-05  1.64793711e-05  9.91646432e-05  1.46342366e-07  9.91646432e-05  1.20545404e-01 
 9.91650561e-05  1.70132562e-05  9.91650561e-05  1.46341494e-07  9.91650561e-05  1.24709402e-01 
 9.91654726e-05  1.75640258e-05  9.91654726e-05  1.46340503e-07  9.91654726e-05  1.28910293e-01 
 9.91658489e-05  1.80272071e-05  9.91658489e-05  1.46339548e-07  9.91658489e-05  1.32705633e-01 
 9.91662268e-05  1.85304897e-05  9.91662268e-05  1.46338454e-07  9.91662268e-05  1.36516489e-01 
 9.91667959e-05  1.92434841e-05  9.91667959e-05  1.46336644e-07  9.91667959e-05  1.42255604e-01 
 9.91672464e-05  1.98165580e-05  9.91672464e-05  1.46335006e-07  9.91672464e-05  1.46799913e-01 
 9.91676530e-05  2.03405012e-05  9.91676530e-05  1.46333345e-07  9.91676530e-05  1.50900438e-01 
 9.91680171e-05  2.07788489e-05  9.91680171e-05  1.46331759e-07  9.91680171e-05  1.54572064e-01 
 9.91683896e-05  2.12660175e-05  9.91683896e-05  1.46329908e-07  9.91683896e-05  1.58329675e-01 
 9.91689181e-05  2.19113808e-05  9.91689181e-05  1.46327051e-07  9.91689181e-05  1.63658981e-01 
 9.91693632e-05  2.24673421e-05  9.91693632e-05  1.46324308e-07  9.91693632e-05  1.68148091e-01 
 9.91697573e-05  2.29639838e-05  9.91697573e-05  1.46321590e-07  9.91697573e-05  1.72122886e-01 
 9.91701091e-05  2.33782825e-05  9.91701091e-05  1.46319007e-07  9.91701091e-05  1.75671460e-01 
 9.91704691e-05  2.38404622e-05  9.91704691e-05  1.46316002e-07  9.91704691e-05  1.79302144e-01 
 9.91709577e-05  2.44240638e-05  9.91709577e-05  1.46311598e-07  9.91709577e-05  1.84230165e-01 
 9.91713761e-05  2.49354772e-05  9.91713761e-05  1.46307336e-07  9.91713761e-05  1.88449504e-01 
 9.91717460e-05  2.53946377e-05  9.91717460e-05  1.46303136e-07  9.91717460e-05  1.92179839e-01 
 9.91721214e-05  2.58281300e-05  9.91721214e-05  1.46298603e-07  9.91721214e-05  1.95966543e-01 
 9.91724605e-05  2.62557581e-05  9.91724605e-05  1.46293949e-07  9.91724605e-05  1.99386045e-01 
 9.91730210e-05  2.69146527e-05  9.91730210e-05  1.46285574e-07  9.91730210e-05  2.05038777e-01 
 9.91734595e-05  2.74393039e-05  9.91734595e-05  1.46278101e-07  9.91734595e-05  2.09461373e-01 
 9.91739024e-05  2.79751831e-05  9.91739024e-05  1.46269607e-07  9.91739024e-05  2.13927917e-01 
 9.91743011e-05  2.84274302e-05  9.91743011e-05  1.46261346e-07  9.91743011e-05  2.17949108e-01 
 9.91746809e-05  2.88955722e-05  9.91746809e-05  1.46252352e-07  9.91746809e-05  2.21779850e-01 
 9.91752138e-05  2.95045117e-05  9.91752138e-05  1.46238621e-07  9.91752138e-05  2.27154322e-01 
 9.91756967e-05  3.00741717e-05  9.91756967e-05  1.46224316e-07  9.91756967e-05  2.32024385e-01 
 9.91761161e-05  3.05670873e-05  9.91761161e-05  1.46210389e-07  9.91761161e-05  2.36254547e-01 
 9.91764813e-05  3.09727255e-05  9.91764813e-05  1.46197337e-07  9.91764813e-05  2.39937664e-01 
 9.91768544e-05  3.14240532e-05  9.91768544e-05  1.46182168e-07  9.91768544e-05  2.43700632e-01 
 9.91772713e-05  3.18863218e-05  9.91772713e-05  1.46164084e-07  9.91772713e-05  2.47905597e-01 
 9.91777140e-05  3.23987127e-05  9.91777140e-05  1.46142356e-07  9.91777140e-05  2.52369790e-01 
 9.91780822e-05  3.28254172e-05  9.91780822e-05  1.46122286e-07  9.91780822e-05  2.56083402e-01 
 9.91784160e-05  3.31861299e-05  9.91784160e-05  1.46103004e-07  9.91784160e-05  2.59449671e-01 
 9.91787561e-05  3.35914674e-05  9.91787561e-05  1.46080749e-07  9.91787561e-05  2.62879831e-01 
 9.91791871e-05  3.40643605e-05  9.91791871e-05  1.46050654e-07  9.91791871e-05  2.67226604e-01 
 9.91795664e-05  3.44911873e-05  9.91795664e-05  1.46021103e-07  9.91795664e-05  2.71052182e-01 
 9.91799022e-05  3.48804498e-05  9.91799022e-05  1.45992071e-07  9.91799022e-05  2.74439385e-01 
 9.91802441e-05  3.52413193e-05  9.91802441e-05  1.45961104e-07  9.91802441e-05  2.77886880e-01 
 9.91805699e-05  3.56210796e-05  9.91805699e-05  1.45927754e-07  9.91805699e-05  2.81172719e-01 
 9.91809745e-05  3.60643377e-05  9.91809745e-05  1.45883369e-07  9.91809745e-05  2.85253738e-01 
 9.91812955e-05  3.64103817e-05  9.91812955e-05  1.45845155e-07  9.91812955e-05  2.88490663e-01 
 9.91816213e-05  3.67892051e-05  9.91816213e-05  1.45801730e-07  9.91816213e-05  2.91777254e-01 
 9.91819415e-05  3.71222106e-05  9.91819415e-05  1.45757431e-07  9.91819415e-05  2.95006209e-01 
 9.91823972e-05  3.76315022e-05  9.91823972e-05  1.45686095e-07  9.91823972e-05  2.99602007e-01 
 9.91827589e-05  3.80296508e-05  9.91827589e-05  1.45623621e-07  9.91827589e-05  3.03249744e-01 
 9.91830876e-05  3.83714670e-05  9.91830876e-05  1.45563191e-07  9.91830876e-05  3.06565281e-01 
 9.91834214e-05  3.87547967e-05  9.91834214e-05  1.45493885e-07  9.91834214e-05  3.09931885e-01 
 9.91837878e-05  3.91366390e-05  9.91837878e-05  1.45413818e-07  9.91837878e-05  3.13626609e-01 
 9.91841591e-05  3.95394754e-05  9.91841591e-05  1.45323698e-07  9.91841591e-05  3.17371592e-01 
 9.91844751e-05  3.98922317e-05  9.91844751e-05  1.45239013e-07  9.91844751e-05  3.20558350e-01 
 9.91847972e-05  4.02177457e-05  9.91847972e-05  1.45149118e-07  9.91847972e-05  3.23807614e-01 
 9.91851096e-05  4.05690646e-05  9.91851096e-05  1.45050968e-07  9.91851096e-05  3.26957973e-01 
 9.91854869e-05  4.09685361e-05  9.91854869e-05  1.44924463e-07  9.91854869e-05  3.30762913e-01 
 9.91857884e-05  4.12791969e-05  9.91857884e-05  1.44815886e-07  9.91857884e-05  3.33803581e-01 
 9.91860951e-05  4.16260898e-05  9.91860951e-05  1.44692284e-07  9.91860951e-05  3.36897289e-01 
 9.91864102e-05  4.19439879e-05  9.91864102e-05  1.44560822e-07  9.91864102e-05  3.40075118e-01 
 9.91868028e-05  4.23653158e-05  9.91868028e-05  1.44378266e-07  9.91868028e-05  3.44034249e-01 
 9.91871193e-05  4.27100244e-05  9.91871193e-05  1.44216280e-07  9.91871193e-05  3.47226936e-01 
 9.91874421e-05  4.30313245e-05  9.91874421e-05  1.44043674e-07  9.91874421e-05  3.50482531e-01 
 9.91877488e-05  4.33731871e-05  9.91877488e-05  1.43858892e-07  9.91877488e-05  3.53575546e-01 
 9.91881864e-05  4.38262207e-05  9.91881864e-05  1.43577237e-07  9.91881864e-05  3.57988734e-01 
 9.91885287e-05  4.41806470e-05  9.91885287e-05  1.43335351e-07  9.91885287e-05  3.61441027e-01 
 9.91888758e-05  4.45633390e-05  9.91888758e-05  1.43061476e-07  9.91888758e-05  3.64942231e-01 
 9.91892077e-05  4.48913923e-05  9.91892077e-05  1.42788249e-07  9.91892077e-05  3.68289485e-01 
 9.91895990e-05  4.53156471e-05  9.91895990e-05  1.42424620e-07  9.91895990e-05  3.72235757e-01 
 9.91899636e-05  4.56979774e-05  9.91899636e-05  1.42056749e-07  9.91899636e-05  3.75913159e-01 
 9.91902790e-05  4.60151843e-05  9.91902790e-05  1.41717139e-07  9.91902790e-05  3.79094286e-01 
 9.91905998e-05  4.63726668e-05  9.91905998e-05  1.41329042e-07  9.91905998e-05  3.82329630e-01 
 9.91909376e-05  4.67115460e-05  9.91909376e-05  1.40902865e-07  9.91909376e-05  3.85736389e-01 
 9.91913213e-05  4.71182911e-05  9.91913213e-05  1.40365111e-07  9.91913213e-05  3.89605574e-01 
 9.91916413e-05  4.74662939e-05  9.91916413e-05  1.39870905e-07  9.91916413e-05  3.92833273e-01 
 9.91919672e-05  4.77896808e-05  9.91919672e-05  1.39345821e-07  9.91919672e-05  3.96119732e-01 
 9.91922837e-05  4.81418989e-05  9.91922837e-05  1.38771355e-07  9.91922837e-05  3.99312537e-01 
 9.91927147e-05  4.85916394e-05  9.91927147e-05  1.37934643e-07  9.91927147e-05  4.03659237e-01 
 9.91930591e-05  4.89510597e-05  9.91930591e-05  1.37203296e-07  9.91930591e-05  4.07132180e-01 
 9.91934078e-05  4.93416717e-05  9.91934078e-05  1.36375869e-07  9.91934078e-05  4.10649384e-01 
 9.91937478e-05  4.96857828e-05  9.91937478e-05  1.35533680e-07  9.91937478e-05  4.14077914e-01 
 9.91941649e-05  5.01488877e-05  9.91941649e-05  1.34365887e-07  9.91941649e-05  4.18284416e-01 
 9.91945516e-05  5.05679225e-05  9.91945516e-05  1.33184750e-07  9.91945516e-05  4.22184780e-01 
 9.91948949e-05  5.09305393e-05  9.91948949e-05  1.32057008e-07  9.91948949e-05  4.25647608e-01 
 9.91952428e-05  5.13343533e-05  9.91952428e-05  1.30771712e-07  9.91952428e-05  4.29156078e-01 
 9.91956009e-05  5.17140433e-05  9.91956009e-05  1.29385546e-07  9.91956009e-05  4.32767314e-01 
 9.91960996e-05  5.22836835e-05  9.91960996e-05  1.27197825e-07  9.91960996e-05  4.37797029e-01 
 9.91965103e-05  5.27548549e-05  9.91965103e-05  1.25193718e-07  9.91965103e-05  4.41938931e-01 
 9.91969255e-05  5.32202945e-05  9.91969255e-05  1.22996201e-07  9.91969255e-05  4.46126634e-01 
 9.91973150e-05  5.36985656e-05  9.91973150e-05  1.20655136e-07  9.91973150e-05  4.50054852e-01 
 9.91977463e-05  5.41947125e-05  9.91977463e-05  1.17892903e-07  9.91977463e-05  4.54404877e-01 
 9.91984108e-05  5.50230389e-05  9.91984108e-05  1.12943059e-07  9.91984108e-05  4.61106825e-01 
 9.91989821e-05  5.57432662e-05  9.91989821e-05  1.08062707e-07  9.91989821e-05  4.66868765e-01 
 9.91995566e-05  5.64926212e-05  9.91995566e-05  1.02462931e-07  9.91995566e-05  4.72662363e-01 
 9.92001114e-05  5.72642341e-05  9.92001114e-05  9.62112558e-08  9.92001114e-05  4.78257856e-01 
 9.92006428e-05  5.80001460e-05  9.92006428e-05  8.95710390e-08  9.92006428e-05  4.83617730e-01 
 9.92012375e-05  5.89085538e-05  9.92012375e-05  8.08850066e-08  9.92012375e-05  4.89615531e-01 
 9.92020392e-05  6.01643919e-05  9.92020392e-05  6.74087553e-08  9.92020392e-05  4.97700863e-01 
 9.92034264e-05  6.26669921e-05  9.92034264e-05  3.70308710e-08  9.92034264e-05  5.11690899e-01 
 9.92047131e-05  6.53649850e-05  9.92047131e-05 -7.49815804e-10  9.92047131e-05  5.24667807e-01 
 9.92062004e-05  6.91881121e-05  9.92062004e-05 -6.05631953e-08  9.92062004e-05  5.39668103e-01 
 9.92079186e-05  7.48614669e-05  9.92079186e-05 -1.58347631e-07  9.92079186e-05  5.56997089e-01 
 9.92098557e-05  8.36611618e-05  9.92098557e-05 -3.21504378e-07  9.92098557e-05  5.76533675e-01 
 9.92122704e-05  1.00161713e-04  9.92122704e-05 -6.41110306e-07  9.92122704e-05  6.00887096e-01 
 9.92160838e-05  1.49155654e-04  9.92160838e-05 -1.58674000e-06  9.92160838e-05  6.39346558e-01 
 9.92204028e-05  2.71121080e-04  9.92204028e-05 -3.88008136e-06  9.92204028e-05  6.82906114e-01 
 9.92281491e-05  1.01275677e-03  9.92281491e-05 -1.58956640e-05  9.92281491e-05  7.61031358e-01 
 9.92355621e-05  3.33492707e-03  9.92355621e-05 -5.02186862e-05  9.92355621e-05  8.35794840e-01 
 9.92449746e-05  1.21519448e-02  9.92449746e-05 -1.51408120e-04  9.92449746e-05  9.30724186e-01 
 9.92562534e-05  3.70926766e-02  9.92562534e-05 -3.38955076e-04  9.92562534e-05  1.04447604e+00 
 9.92740392e-05  1.08959042e-01  9.92740392e-05 -6.14496338e-04  9.92740392e-05  1.22385398e+00 
 9.92927006e-05  2.10813009e-01  9.92927006e-05 -7.96497581e-04  9.92927006e-05  1.41206250e+00 
 9.93300234e-05  4.36627509e-01  9.93300234e-05 -1.06075894e-03  9.93300234e-05  1.78847954e+00 
 9.93700472e-05  6.89255267e-01  9.93700472e-05 -1.32729624e-03  9.93700472e-05  2.19213760e+00 
 9.94196235e-05  1.00922995e+00  9.94196235e-05 -1.66181331e-03  9.94196235e-05  2.69213760e+00 
 9.94691999e-05  1.33433767e+00  9.94691999e-05 -1.99308158e-03  9.94691999e-05  3.19213760e+00 
 9.95187762e-05  1.66117164e+00  9.95187762e-05 -2.32070523e-03  9.95187762e-05  3.69213760e+00 
 9.95683526e-05  1.98779632e+00  9.95683526e-05 -2.64567474e-03  9.95683526e-05  4.19213760e+00 
 9.96084034e-05  2.25038879e+00  9.96084034e-05 -2.90353295e-03  9.96084034e-05  4.59606880e+00 
 9.96484543e-05  2.51124028e+00  9.96484543e-05 -3.16040234e-03  9.96484543e-05  5.00000000e+00 
 9.96534119e-05  2.53489178e+00  9.96534119e-05 -3.01244531e-03  9.96534119e-05  5.00000000e+00 
 9.96633272e-05  2.56828758e+00  9.96633272e-05 -2.76518192e-03  9.96633272e-05  5.00000000e+00 
 9.96831577e-05  2.58918999e+00  9.96831577e-05 -2.60338416e-03  9.96831577e-05  5.00000000e+00 
 9.97128919e-05  2.59151026e+00  9.97128919e-05 -2.59293515e-03  9.97128919e-05  5.00000000e+00 
 9.97456657e-05  2.59129949e+00  9.97456657e-05 -2.58859300e-03  9.97456657e-05  5.00000000e+00 
 9.97952420e-05  2.59130311e+00  9.97952420e-05 -2.59402051e-03  9.97952420e-05  5.00000000e+00 
 9.98448184e-05  2.59132540e+00  9.98448184e-05 -2.58870167e-03  9.98448184e-05  5.00000000e+00 
 9.98943947e-05  2.59129531e+00  9.98943947e-05 -2.59379419e-03  9.98943947e-05  5.00000000e+00 
 9.99439711e-05  2.59132718e+00  9.99439711e-05 -2.58896026e-03  9.99439711e-05  5.00000000e+00 
 9.99719855e-05  2.59129684e+00  9.99719855e-05 -2.59344172e-03  9.99719855e-05  5.00000000e+00 
 1.00000000e-04  2.59132507e+00  1.00000000e-04 -2.58938678e-03  1.00000000e-04  5.00000000e+00 
