 0.00000000e+00  2.78080953e-05  0.00000000e+00 -2.80483214e-09  0.00000000e+00  0.00000000e+00 
 2.96413377e-10  3.02695828e-05  2.96413377e-10  4.23430515e-07  2.96413377e-10  5.00000000e-03 
 3.90771081e-10  3.13415656e-05  3.90771081e-10  4.23381115e-07  3.90771081e-10  6.59165732e-03 
 5.79486490e-10  3.40596782e-05  5.79486490e-10  4.23260330e-07  5.79486490e-10  9.77497195e-03 
 9.11322188e-10  4.07651583e-05  9.11322188e-10  4.22980716e-07  9.11322188e-10  1.53724875e-02 
 1.26015348e-09  4.78531363e-05  1.26015348e-09  4.22674418e-07  1.26015348e-09  2.12566904e-02 
 1.55083914e-09  5.17550033e-05  1.55083914e-09  4.22401649e-07  1.55083914e-09  2.61600733e-02 
 1.76103042e-09  5.33451328e-05  1.76103042e-09  4.22225403e-07  1.76103042e-09  2.97056502e-02 
 2.01223581e-09  5.51749406e-05  2.01223581e-09  4.21981482e-07  2.01223581e-09  3.39430667e-02 
 2.28899406e-09  5.86754699e-05  2.28899406e-09  4.21692212e-07  2.28899406e-09  3.86115175e-02 
 2.57231518e-09  6.42734491e-05  2.57231518e-09  4.21317081e-07  2.57231518e-09  4.33906729e-02 
 2.90953169e-09  7.15113859e-05  2.90953169e-09  4.20838665e-07  2.90953169e-09  4.90789537e-02 
 3.29291147e-09  7.72266790e-05  3.29291147e-09  4.20264535e-07  3.29291147e-09  5.55459321e-02 
 3.52167198e-09  7.90455811e-05  3.52167198e-09  4.19944257e-07  3.52167198e-09  5.94047410e-02 
 3.79673250e-09  8.11942536e-05  3.79673250e-09  4.19514433e-07  3.79673250e-09  6.40445539e-02 
 4.06673804e-09  8.48295536e-05  4.06673804e-09  4.19045702e-07  4.06673804e-09  6.85990975e-02 
 4.34552806e-09  9.04985791e-05  4.34552806e-09  4.18452270e-07  4.34552806e-09  7.33018209e-02 
 4.68586350e-09  9.78290833e-05  4.68586350e-09  4.17669564e-07  4.68586350e-09  7.90427129e-02 
 5.08763942e-09  1.03679837e-04  5.08763942e-09  4.16712516e-07  5.08763942e-09  8.58200036e-02 
 5.30858751e-09  1.05402412e-04  5.30858751e-09  4.16209853e-07  5.30858751e-09  8.95470298e-02 
 5.58572766e-09  1.07705119e-04  5.58572766e-09  4.15514945e-07  5.58572766e-09  9.42219227e-02 
 5.88052440e-09  1.12011868e-04  5.88052440e-09  4.14670831e-07  5.88052440e-09  9.91946526e-02 
 6.18026711e-09  1.18397575e-04  6.18026711e-09  4.13634569e-07  6.18026711e-09  1.04250813e-01 
 6.51940613e-09  1.25541412e-04  6.51940613e-09  4.12373994e-07  6.51940613e-09  1.09971523e-01 
 6.83012151e-09  1.29903790e-04  6.83012151e-09  4.11203209e-07  6.83012151e-09  1.15212774e-01 
 7.03828533e-09  1.31589034e-04  7.03828533e-09  4.10449901e-07  7.03828533e-09  1.18724151e-01 
 7.30327326e-09  1.33750892e-04  7.30327326e-09  4.09415336e-07  7.30327326e-09  1.23194056e-01 
 7.59880606e-09  1.37896972e-04  7.59880606e-09  4.08098575e-07  7.59880606e-09  1.28179202e-01 
 7.89725193e-09  1.44180010e-04  7.89725193e-09  4.06501836e-07  7.89725193e-09  1.33213487e-01 
 8.23922708e-09  1.51572450e-04  8.23922708e-09  4.04504621e-07  8.23922708e-09  1.38982038e-01 
 8.59915826e-09  1.56801912e-04  8.59915826e-09  4.02374104e-07  8.59915826e-09  1.45053478e-01 
 8.81284165e-09  1.58551186e-04  8.81284165e-09  4.01146635e-07  8.81284165e-09  1.48657961e-01 
 9.08885176e-09  1.60937638e-04  9.08885176e-09  3.99439345e-07  9.08885176e-09  1.53313792e-01 
 9.39425045e-09  1.65509658e-04  9.39425045e-09  3.97252709e-07  9.39425045e-09  1.58465359e-01 
 9.70137099e-09  1.72186900e-04  9.70137099e-09  3.94631273e-07  9.70137099e-09  1.63645971e-01 
 1.00442813e-08  1.79501191e-04  1.00442813e-08  3.91459215e-07  1.00442813e-08  1.69430297e-01 
 1.03510715e-08  1.83869646e-04  1.03510715e-08  3.88615307e-07  1.03510715e-08  1.74605336e-01 
 1.05573873e-08  1.85613362e-04  1.05573873e-08  3.86753723e-07  1.05573873e-08  1.78085541e-01 
 1.08274849e-08  1.87966570e-04  1.08274849e-08  3.84154188e-07  1.08274849e-08  1.82641637e-01 
 1.11401323e-08  1.92628940e-04  1.11401323e-08  3.80667171e-07  1.11401323e-08  1.87915478e-01 
 1.14512499e-08  1.99431710e-04  1.14512499e-08  3.76531636e-07  1.14512499e-08  1.93163513e-01 
 1.17967892e-08  2.06908634e-04  1.17967892e-08  3.71529418e-07  1.17967892e-08  1.98992186e-01 
 1.21154828e-08  2.11530998e-04  1.21154828e-08  3.66913666e-07  1.21154828e-08  2.04368017e-01 
 1.23221797e-08  2.13324373e-04  1.23221797e-08  3.63988904e-07  1.23221797e-08  2.07854650e-01 
 1.25982342e-08  2.15849887e-04  1.25982342e-08  3.59822786e-07  1.25982342e-08  2.12511229e-01 
 1.29217409e-08  2.20905175e-04  1.29217409e-08  3.54122037e-07  1.29217409e-08  2.17968248e-01 
 1.32414127e-08  2.28078847e-04  1.32414127e-08  3.47420700e-07  1.32414127e-08  2.23360579e-01 
 1.35892964e-08  2.35582368e-04  1.35892964e-08  3.39522877e-07  1.35892964e-08  2.29228797e-01 
 1.38807753e-08  2.39784405e-04  1.38807753e-08  3.32945104e-07  1.38807753e-08  2.34145561e-01 
 1.40861795e-08  2.41636111e-04  1.40861795e-08  3.28403287e-07  1.40861795e-08  2.37610388e-01 
 1.43597620e-08  2.44261660e-04  1.43597620e-08  3.21960024e-07  1.43597620e-08  2.42225269e-01 
 1.47080289e-08  2.49962283e-04  1.47080289e-08  3.12309799e-07  1.47080289e-08  2.48099952e-01 
 1.50793457e-08  2.58507120e-04  1.50793457e-08  2.99995317e-07  1.50793457e-08  2.54363448e-01 
 1.54161080e-08  2.65626395e-04  1.54161080e-08  2.87986815e-07  1.54161080e-08  2.60044066e-01 
 1.56868944e-08  2.69378982e-04  1.56868944e-08  2.78485582e-07  1.56868944e-08  2.64611782e-01 
 1.58976940e-08  2.71338030e-04  1.58976940e-08  2.71176952e-07  1.58976940e-08  2.68167620e-01 
 1.61637756e-08  2.74179501e-04  1.61637756e-08  2.61258004e-07  1.61637756e-08  2.72655974e-01 
 1.64761891e-08  2.79647331e-04  1.64761891e-08  2.47618968e-07  1.64761891e-08  2.77925869e-01 
 1.68054618e-08  2.87497786e-04  1.68054618e-08  2.30676665e-07  1.68054618e-08  2.83480150e-01 
 1.71551434e-08  2.95271491e-04  1.71551434e-08  2.11356597e-07  1.71551434e-08  2.89378698e-01 
 1.74246483e-08  2.99345376e-04  1.74246483e-08  1.96661060e-07  1.74246483e-08  2.93924797e-01 
 1.76411739e-08  3.01584810e-04  1.76411739e-08  1.85019581e-07  1.76411739e-08  2.97577222e-01 
 1.79182536e-08  3.04784234e-04  1.79182536e-08  1.69041681e-07  1.79182536e-08  3.02251096e-01 
 1.82515412e-08  3.10979091e-04  1.82515412e-08  1.46397065e-07  1.82515412e-08  3.07873102e-01 
 1.85927045e-08  3.19493589e-04  1.85927045e-08  1.19002600e-07  1.85927045e-08  3.13627959e-01 
 1.89524246e-08  3.27717597e-04  1.89524246e-08  8.81377210e-08  1.89524246e-08  3.19695838e-01 
 1.92244705e-08  3.31978129e-04  1.92244705e-08  6.51801015e-08  1.92244705e-08  3.24284799e-01 
 1.94650726e-08  3.34762319e-04  1.94650726e-08  4.49526458e-08  1.94650726e-08  3.28343356e-01 
 1.97430731e-08  3.38630959e-04  1.97430731e-08  1.94510443e-08  1.97430731e-08  3.33032762e-01 
 2.00463112e-08  3.45066480e-04  2.00463112e-08 -1.32831968e-08  2.00463112e-08  3.38147882e-01 
 2.03904914e-08  3.54275280e-04  2.03904914e-08 -5.65142879e-08  2.03904914e-08  3.43953630e-01 
 2.07559158e-08  3.63024639e-04  2.07559158e-08 -1.05028816e-07  2.07559158e-08  3.50117731e-01 
 2.10266106e-08  3.67580434e-04  2.10266106e-08 -1.40265429e-07  2.10266106e-08  3.54683900e-01 
 2.13057974e-08  3.71451110e-04  2.13057974e-08 -1.77076245e-07  2.13057974e-08  3.59393317e-01 
 2.15960188e-08  3.76621305e-04  2.15960188e-08 -2.19925588e-07  2.15960188e-08  3.64288868e-01 
 2.19065570e-08  3.84575690e-04  2.19065570e-08 -2.74229968e-07  2.19065570e-08  3.69527131e-01 
 2.23128607e-08  3.96391533e-04  2.23128607e-08 -3.55291321e-07  2.23128607e-08  3.76380797e-01 
 2.27076394e-08  4.05797566e-04  2.27076394e-08 -4.36232951e-07  2.27076394e-08  3.83040057e-01 
 2.29833146e-08  4.10675749e-04  2.29833146e-08 -4.91942976e-07  2.29833146e-08  3.87690238e-01 
 2.33565645e-08  4.18050870e-04  2.33565645e-08 -5.74413531e-07  2.33565645e-08  3.93986342e-01 
 2.37764276e-08  4.30036575e-04  2.37764276e-08 -6.87625098e-07  2.37764276e-08  4.01068734e-01 
 2.42214219e-08  4.44709738e-04  2.42214219e-08 -8.27545980e-07  2.42214219e-08  4.08575047e-01 
 2.46601572e-08  4.56804160e-04  2.46601572e-08 -9.69017170e-07  2.46601572e-08  4.15975781e-01 
 2.50135707e-08  4.65000150e-04  2.50135707e-08 -1.08424429e-06  2.50135707e-08  4.21937278e-01 
 2.54014402e-08  4.76094641e-04  2.54014402e-08 -1.22962617e-06  2.54014402e-08  4.28479991e-01 
 2.57745168e-08  4.90127810e-04  2.57745168e-08 -1.39870953e-06  2.57745168e-08  4.34773170e-01 
 2.62633613e-08  5.09150164e-04  2.62633613e-08 -1.64459567e-06  2.62633613e-08  4.43019163e-01 
 2.67245081e-08  5.24583937e-04  2.67245081e-08 -1.87905596e-06  2.67245081e-08  4.50797942e-01 
 2.72492608e-08  5.43130417e-04  2.72492608e-08 -2.17370017e-06  2.72492608e-08  4.59649647e-01 
 2.77758336e-08  5.67511267e-04  2.77758336e-08 -2.54392213e-06  2.77758336e-08  4.68532052e-01 
 2.84608450e-08  6.02131839e-04  2.84608450e-08 -3.10319341e-06  2.84608450e-08  4.80087054e-01 
 2.90930614e-08  6.33011582e-04  2.90930614e-08 -3.64953936e-06  2.90930614e-08  4.90751491e-01 
 2.97490643e-08  6.71152890e-04  2.97490643e-08 -4.33434130e-06  2.97490643e-08  5.01817167e-01 
 3.04357037e-08  7.20091025e-04  3.04357037e-08 -5.23692521e-06  3.04357037e-08  5.13399631e-01 
 3.11799482e-08  7.76093250e-04  3.11799482e-08 -6.31272806e-06  3.11799482e-08  5.25953796e-01 
 3.21527282e-08  8.62186028e-04  3.21527282e-08 -8.00749217e-06  3.21527282e-08  5.42362975e-01 
 3.30909878e-08  9.68119848e-04  3.30909878e-08 -1.01926173e-05  3.30909878e-08  5.58189851e-01 
 3.43805862e-08  1.14523295e-03  3.43805862e-08 -1.38567215e-05  3.43805862e-08  5.79943228e-01 
 3.66090497e-08  1.60110210e-03  3.66090497e-08 -2.34834150e-05  3.66090497e-08  6.17533696e-01 
 3.87827895e-08  2.31609583e-03  3.87827895e-08 -3.88584488e-05  3.87827895e-08  6.54201067e-01 
 4.31302692e-08  5.37018521e-03  4.31302692e-08 -9.91617703e-05  4.31302692e-08  7.27535809e-01 
 4.78302087e-08  1.33253444e-02  4.78302087e-08 -2.38990667e-04  4.78302087e-08  8.06815960e-01 
 5.49887417e-08  4.28997974e-02  5.49887417e-08 -5.93590071e-04  5.49887417e-08  9.27568488e-01 
 6.41966937e-08  1.16524442e-01  6.41966937e-08 -1.02634425e-03  6.41966937e-08  1.08289130e+00 
 7.45155088e-08  2.28797051e-01  7.45155088e-08 -1.19247135e-03  7.45155088e-08  1.25695253e+00 
 8.80642997e-08  3.86785267e-01  8.80642997e-08 -1.21012964e-03  8.80642997e-08  1.48549806e+00 
 1.04191456e-07  5.76790142e-01  1.04191456e-07 -1.25075916e-03  1.04191456e-07  1.75753633e+00 
 1.24005039e-07  8.13909427e-01  1.24005039e-07 -1.28947432e-03  1.24005039e-07  2.09175848e+00 
 1.53646377e-07  1.17327052e+00  1.53646377e-07 -1.34101664e-03  1.53646377e-07  2.59175848e+00 
 1.83287714e-07  1.53578496e+00  1.83287714e-07 -1.38232591e-03  1.83287714e-07  3.09175848e+00 
 2.12929052e-07  1.89843936e+00  2.12929052e-07 -1.41392770e-03  2.12929052e-07  3.59175848e+00 
 2.42570390e-07  2.25855161e+00  2.42570390e-07 -1.43692027e-03  2.42570390e-07  4.09175848e+00 
 2.69491884e-07  2.58124264e+00  2.69491884e-07 -1.44919037e-03  2.69491884e-07  4.54587924e+00 
 2.96413377e-07  2.89805478e+00  2.96413377e-07 -1.45672101e-03  2.96413377e-07  5.00000000e+00 
 2.99377511e-07  2.92815809e+00  2.99377511e-07 -1.31210159e-03  2.99377511e-07  5.00000000e+00 
 3.05305779e-07  2.97984144e+00  3.05305779e-07 -1.02994088e-03  3.05305779e-07  5.00000000e+00 
 3.17162314e-07  3.04623265e+00  3.17162314e-07 -6.97683074e-04  3.17162314e-07  5.00000000e+00 
 3.29857681e-07  3.08573943e+00  3.29857681e-07 -5.40536294e-04  3.29857681e-07  5.00000000e+00 
 3.46814505e-07  3.11530865e+00  3.46814505e-07 -4.29914106e-04  3.46814505e-07  5.00000000e+00 
 3.62940706e-07  3.13056632e+00  3.62940706e-07 -3.84657590e-04  3.62940706e-07  5.00000000e+00 
 3.92582044e-07  3.14472952e+00  3.92582044e-07 -3.38882507e-04  3.92582044e-07  5.00000000e+00 
 4.21740813e-07  3.15003047e+00  4.21740813e-07 -3.27076484e-04  4.21740813e-07  5.00000000e+00 
 4.51382151e-07  3.15221581e+00  4.51382151e-07 -3.17988450e-04  4.51382151e-07  5.00000000e+00 
 4.81023489e-07  3.15309665e+00  4.81023489e-07 -3.18481267e-04  4.81023489e-07  5.00000000e+00 
 5.10664827e-07  3.15346036e+00  5.10664827e-07 -3.14668710e-04  5.10664827e-07  5.00000000e+00 
 5.40306164e-07  3.15360148e+00  5.40306164e-07 -3.16965247e-04  5.40306164e-07  5.00000000e+00 
 5.69947502e-07  3.15366227e+00  5.69947502e-07 -3.14200808e-04  5.69947502e-07  5.00000000e+00 
 5.99588840e-07  3.15368750e+00  5.99588840e-07 -3.16678480e-04  5.99588840e-07  5.00000000e+00 
 6.29230178e-07  3.15370445e+00  6.29230178e-07 -3.14201415e-04  6.29230178e-07  5.00000000e+00 
 6.58871515e-07  3.15370763e+00  6.58871515e-07 -3.16536514e-04  6.58871515e-07  5.00000000e+00 
 6.88512853e-07  3.15371270e+00  6.88512853e-07 -3.14264003e-04  6.88512853e-07  5.00000000e+00 
 7.18154191e-07  3.15371095e+00  7.18154191e-07 -3.16443399e-04  7.18154191e-07  5.00000000e+00 
 7.47795528e-07  3.15371406e+00  7.47795528e-07 -3.14342531e-04  7.47795528e-07  5.00000000e+00 
 7.77436866e-07  3.15370961e+00  7.77436866e-07 -3.16348244e-04  7.77436866e-07  5.00000000e+00 
 8.07078204e-07  3.15370987e+00  8.07078204e-07 -3.14416268e-04  8.07078204e-07  5.00000000e+00 
 8.36719542e-07  3.15370634e+00  8.36719542e-07 -3.16281611e-04  8.36719542e-07  5.00000000e+00 
 8.66360879e-07  3.15370904e+00  8.66360879e-07 -3.14497405e-04  8.66360879e-07  5.00000000e+00 
 8.96002217e-07  3.15370645e+00  8.96002217e-07 -3.16208307e-04  8.96002217e-07  5.00000000e+00 
 9.25643555e-07  3.15370953e+00  9.25643555e-07 -3.14571818e-04  9.25643555e-07  5.00000000e+00 
 9.55284893e-07  3.15370706e+00  9.55284893e-07 -3.16136341e-04  9.55284893e-07  5.00000000e+00 
 9.84926230e-07  3.15371017e+00  9.84926230e-07 -3.14642635e-04  9.84926230e-07  5.00000000e+00 
 1.01456757e-06  3.15370769e+00  1.01456757e-06 -3.16067028e-04  1.01456757e-06  5.00000000e+00 
 1.04420891e-06  3.15371077e+00  1.04420891e-06 -3.14710425e-04  1.04420891e-06  5.00000000e+00 
 1.07385024e-06  3.15370826e+00  1.07385024e-06 -3.16000584e-04  1.07385024e-06  5.00000000e+00 
 1.10349158e-06  3.15371130e+00  1.10349158e-06 -3.14775295e-04  1.10349158e-06  5.00000000e+00 
 1.13313292e-06  3.15370877e+00  1.13313292e-06 -3.15937029e-04  1.13313292e-06  5.00000000e+00 
 1.16277426e-06  3.15371175e+00  1.16277426e-06 -3.14837284e-04  1.16277426e-06  5.00000000e+00 
 1.19241559e-06  3.15370921e+00  1.19241559e-06 -3.15876345e-04  1.19241559e-06  5.00000000e+00 
 1.22205693e-06  3.15371214e+00  1.22205693e-06 -3.14896420e-04  1.22205693e-06  5.00000000e+00 
 1.25169827e-06  3.15370960e+00  1.25169827e-06 -3.15818505e-04  1.25169827e-06  5.00000000e+00 
 1.28133961e-06  3.15371247e+00  1.28133961e-06 -3.14952739e-04  1.28133961e-06  5.00000000e+00 
 1.31098095e-06  3.15370994e+00  1.31098095e-06 -3.15763471e-04  1.31098095e-06  5.00000000e+00 
 1.34062228e-06  3.15371275e+00  1.34062228e-06 -3.15006278e-04  1.34062228e-06  5.00000000e+00 
 1.37026362e-06  3.15371023e+00  1.37026362e-06 -3.15711202e-04  1.37026362e-06  5.00000000e+00 
 1.39990496e-06  3.15371297e+00  1.39990496e-06 -3.15057082e-04  1.39990496e-06  5.00000000e+00 
 1.42954630e-06  3.15371048e+00  1.42954630e-06 -3.15661652e-04  1.42954630e-06  5.00000000e+00 
 1.45918763e-06  3.15371316e+00  1.45918763e-06 -3.15105201e-04  1.45918763e-06  5.00000000e+00 
 1.48882897e-06  3.15371070e+00  1.48882897e-06 -3.15614769e-04  1.48882897e-06  5.00000000e+00 
 1.51847031e-06  3.15371330e+00  1.51847031e-06 -3.15150687e-04  1.51847031e-06  5.00000000e+00 
 1.54811165e-06  3.15371088e+00  1.54811165e-06 -3.15570500e-04  1.54811165e-06  5.00000000e+00 
 1.57775299e-06  3.15371341e+00  1.57775299e-06 -3.15193596e-04  1.57775299e-06  5.00000000e+00 
 1.60739432e-06  3.15371103e+00  1.60739432e-06 -3.15528784e-04  1.60739432e-06  5.00000000e+00 
 1.63703566e-06  3.15371349e+00  1.63703566e-06 -3.15233988e-04  1.63703566e-06  5.00000000e+00 
 1.66667700e-06  3.15371116e+00  1.66667700e-06 -3.15489561e-04  1.66667700e-06  5.00000000e+00 
 1.69631834e-06  3.15371355e+00  1.69631834e-06 -3.15271927e-04  1.69631834e-06  5.00000000e+00 
 1.72595967e-06  3.15371126e+00  1.72595967e-06 -3.15452767e-04  1.72595967e-06  5.00000000e+00 
 1.75560101e-06  3.15371358e+00  1.75560101e-06 -3.15307477e-04  1.75560101e-06  5.00000000e+00 
 1.78524235e-06  3.15371135e+00  1.78524235e-06 -3.15418334e-04  1.78524235e-06  5.00000000e+00 
 1.81488369e-06  3.15371359e+00  1.81488369e-06 -3.15340706e-04  1.81488369e-06  5.00000000e+00 
 1.84452502e-06  3.15371142e+00  1.84452502e-06 -3.15386193e-04  1.84452502e-06  5.00000000e+00 
 1.87416636e-06  3.15371359e+00  1.87416636e-06 -3.15371683e-04  1.87416636e-06  5.00000000e+00 
 1.90380770e-06  3.15371147e+00  1.90380770e-06 -3.15356275e-04  1.90380770e-06  5.00000000e+00 
 1.93344904e-06  3.15371357e+00  1.93344904e-06 -3.15400479e-04  1.93344904e-06  5.00000000e+00 
 1.96309038e-06  3.15371152e+00  1.96309038e-06 -3.15328508e-04  1.96309038e-06  5.00000000e+00 
 1.99273171e-06  3.15371354e+00  1.99273171e-06 -3.15427166e-04  1.99273171e-06  5.00000000e+00 
 2.02237305e-06  3.15371155e+00  2.02237305e-06 -3.15302818e-04  2.02237305e-06  5.00000000e+00 
 2.05201439e-06  3.15371350e+00  2.05201439e-06 -3.15451817e-04  2.05201439e-06  5.00000000e+00 
 2.08165573e-06  3.15371158e+00  2.08165573e-06 -3.15279133e-04  2.08165573e-06  5.00000000e+00 
 2.11129706e-06  3.15371345e+00  2.11129706e-06 -3.15474505e-04  2.11129706e-06  5.00000000e+00 
 2.14093840e-06  3.15371160e+00  2.14093840e-06 -3.15257378e-04  2.14093840e-06  5.00000000e+00 
 2.17057974e-06  3.15371340e+00  2.17057974e-06 -3.15495303e-04  2.17057974e-06  5.00000000e+00 
 2.20022108e-06  3.15371162e+00  2.20022108e-06 -3.15237479e-04  2.20022108e-06  5.00000000e+00 
 2.22986242e-06  3.15371334e+00  2.22986242e-06 -3.15514287e-04  2.22986242e-06  5.00000000e+00 
 2.25950375e-06  3.15371163e+00  2.25950375e-06 -3.15219362e-04  2.25950375e-06  5.00000000e+00 
 2.28914509e-06  3.15371329e+00  2.28914509e-06 -3.15531529e-04  2.28914509e-06  5.00000000e+00 
 2.31878643e-06  3.15371164e+00  2.31878643e-06 -3.15202951e-04  2.31878643e-06  5.00000000e+00 
 2.34842777e-06  3.15371323e+00  2.34842777e-06 -3.15547105e-04  2.34842777e-06  5.00000000e+00 
 2.37806910e-06  3.15371165e+00  2.37806910e-06 -3.15188175e-04  2.37806910e-06  5.00000000e+00 
 2.40771044e-06  3.15371316e+00  2.40771044e-06 -3.15561085e-04  2.40771044e-06  5.00000000e+00 
 2.43735178e-06  3.15371166e+00  2.43735178e-06 -3.15174959e-04  2.43735178e-06  5.00000000e+00 
 2.46699312e-06  3.15371310e+00  2.46699312e-06 -3.15573545e-04  2.46699312e-06  5.00000000e+00 
 2.49663446e-06  3.15371167e+00  2.49663446e-06 -3.15163230e-04  2.49663446e-06  5.00000000e+00 
 2.52627579e-06  3.15371304e+00  2.52627579e-06 -3.15584554e-04  2.52627579e-06  5.00000000e+00 
 2.55591713e-06  3.15371168e+00  2.55591713e-06 -3.15152918e-04  2.55591713e-06  5.00000000e+00 
 2.58555847e-06  3.15371299e+00  2.58555847e-06 -3.15594184e-04  2.58555847e-06  5.00000000e+00 
 2.61519981e-06  3.15371169e+00  2.61519981e-06 -3.15143952e-04  2.61519981e-06  5.00000000e+00 
 2.64484114e-06  3.15371293e+00  2.64484114e-06 -3.15602505e-04  2.64484114e-06  5.00000000e+00 
 2.67448248e-06  3.15371170e+00  2.67448248e-06 -3.15136262e-04  2.67448248e-06  5.00000000e+00 
 2.70412382e-06  3.15371288e+00  2.70412382e-06 -3.15609585e-04  2.70412382e-06  5.00000000e+00 
 2.73376516e-06  3.15371171e+00  2.73376516e-06 -3.15129781e-04  2.73376516e-06  5.00000000e+00 
 2.76340649e-06  3.15371283e+00  2.76340649e-06 -3.15615491e-04  2.76340649e-06  5.00000000e+00 
 2.79304783e-06  3.15371173e+00  2.79304783e-06 -3.15124440e-04  2.79304783e-06  5.00000000e+00 
 2.82268917e-06  3.15371278e+00  2.82268917e-06 -3.15620290e-04  2.82268917e-06  5.00000000e+00 
 2.85233051e-06  3.15371174e+00  2.85233051e-06 -3.15120176e-04  2.85233051e-06  5.00000000e+00 
 2.88197185e-06  3.15371273e+00  2.88197185e-06 -3.15624045e-04  2.88197185e-06  5.00000000e+00 
 2.91161318e-06  3.15371176e+00  2.91161318e-06 -3.15116925e-04  2.91161318e-06  5.00000000e+00 
 2.94125452e-06  3.15371269e+00  2.94125452e-06 -3.15626819e-04  2.94125452e-06  5.00000000e+00 
 2.97089586e-06  3.15371178e+00  2.97089586e-06 -3.15114623e-04  2.97089586e-06  5.00000000e+00 
 3.00053720e-06  3.15371265e+00  3.00053720e-06 -3.15628674e-04  3.00053720e-06  5.00000000e+00 
 3.03017853e-06  3.15371180e+00  3.03017853e-06 -3.15113212e-04  3.03017853e-06  5.00000000e+00 
 3.05981987e-06  3.15371262e+00  3.05981987e-06 -3.15629669e-04  3.05981987e-06  5.00000000e+00 
 3.08946121e-06  3.15371182e+00  3.08946121e-06 -3.15112632e-04  3.08946121e-06  5.00000000e+00 
 3.11910255e-06  3.15371259e+00  3.11910255e-06 -3.15629862e-04  3.11910255e-06  5.00000000e+00 
 3.14874389e-06  3.15371185e+00  3.14874389e-06 -3.15112826e-04  3.14874389e-06  5.00000000e+00 
 3.17838522e-06  3.15371256e+00  3.17838522e-06 -3.15629308e-04  3.17838522e-06  5.00000000e+00 
 3.20802656e-06  3.15371187e+00  3.20802656e-06 -3.15113739e-04  3.20802656e-06  5.00000000e+00 
 3.23766790e-06  3.15371253e+00  3.23766790e-06 -3.15628062e-04  3.23766790e-06  5.00000000e+00 
 3.26730924e-06  3.15371190e+00  3.26730924e-06 -3.15115318e-04  3.26730924e-06  5.00000000e+00 
 3.29695057e-06  3.15371251e+00  3.29695057e-06 -3.15626176e-04  3.29695057e-06  5.00000000e+00 
 3.32659191e-06  3.15371192e+00  3.32659191e-06 -3.15117512e-04  3.32659191e-06  5.00000000e+00 
 3.35623325e-06  3.15371249e+00  3.35623325e-06 -3.15623700e-04  3.35623325e-06  5.00000000e+00 
 3.38587459e-06  3.15371195e+00  3.38587459e-06 -3.15120271e-04  3.38587459e-06  5.00000000e+00 
 3.41551592e-06  3.15371247e+00  3.41551592e-06 -3.15620683e-04  3.41551592e-06  5.00000000e+00 
 3.44515726e-06  3.15371198e+00  3.44515726e-06 -3.15123547e-04  3.44515726e-06  5.00000000e+00 
 3.47479860e-06  3.15371245e+00  3.47479860e-06 -3.15617171e-04  3.47479860e-06  5.00000000e+00 
 3.50443994e-06  3.15371201e+00  3.50443994e-06 -3.15127294e-04  3.50443994e-06  5.00000000e+00 
 3.53408128e-06  3.15371244e+00  3.53408128e-06 -3.15613210e-04  3.53408128e-06  5.00000000e+00 
 3.56372261e-06  3.15371204e+00  3.56372261e-06 -3.15131470e-04  3.56372261e-06  5.00000000e+00 
 3.59336395e-06  3.15371243e+00  3.59336395e-06 -3.15608841e-04  3.59336395e-06  5.00000000e+00 
 3.62300529e-06  3.15371206e+00  3.62300529e-06 -3.15136031e-04  3.62300529e-06  5.00000000e+00 
 3.65264663e-06  3.15371242e+00  3.65264663e-06 -3.15604107e-04  3.65264663e-06  5.00000000e+00 
 3.68228796e-06  3.15371209e+00  3.68228796e-06 -3.15140939e-04  3.68228796e-06  5.00000000e+00 
 3.71192930e-06  3.15371241e+00  3.71192930e-06 -3.15599046e-04  3.71192930e-06  5.00000000e+00 
 3.74157064e-06  3.15371212e+00  3.74157064e-06 -3.15146153e-04  3.74157064e-06  5.00000000e+00 
 3.77121198e-06  3.15371240e+00  3.77121198e-06 -3.15593695e-04  3.77121198e-06  5.00000000e+00 
 3.80085332e-06  3.15371215e+00  3.80085332e-06 -3.15151639e-04  3.80085332e-06  5.00000000e+00 
 3.83049465e-06  3.15371240e+00  3.83049465e-06 -3.15588091e-04  3.83049465e-06  5.00000000e+00 
 3.86013599e-06  3.15371218e+00  3.86013599e-06 -3.15157361e-04  3.86013599e-06  5.00000000e+00 
 3.88977733e-06  3.15371239e+00  3.88977733e-06 -3.15582266e-04  3.88977733e-06  5.00000000e+00 
 3.91941867e-06  3.15371221e+00  3.91941867e-06 -3.15163287e-04  3.91941867e-06  5.00000000e+00 
 3.94906000e-06  3.15371239e+00  3.94906000e-06 -3.15576254e-04  3.94906000e-06  5.00000000e+00 
 3.97870134e-06  3.15371223e+00  3.97870134e-06 -3.15169385e-04  3.97870134e-06  5.00000000e+00 
 4.00834268e-06  3.15371239e+00  4.00834268e-06 -3.15570083e-04  4.00834268e-06  5.00000000e+00 
 4.03798402e-06  3.15371226e+00  4.03798402e-06 -3.15175627e-04  4.03798402e-06  5.00000000e+00 
 4.06762536e-06  3.15371239e+00  4.06762536e-06 -3.15563783e-04  4.06762536e-06  5.00000000e+00 
 4.09726669e-06  3.15371229e+00  4.09726669e-06 -3.15181983e-04  4.09726669e-06  5.00000000e+00 
 4.12690803e-06  3.15371239e+00  4.12690803e-06 -3.15557381e-04  4.12690803e-06  5.00000000e+00 
 4.15654937e-06  3.15371231e+00  4.15654937e-06 -3.15188429e-04  4.15654937e-06  5.00000000e+00 
 4.18619071e-06  3.15371239e+00  4.18619071e-06 -3.15550902e-04  4.18619071e-06  5.00000000e+00 
 4.21583204e-06  3.15371233e+00  4.21583204e-06 -3.15194939e-04  4.21583204e-06  5.00000000e+00 
 4.24547338e-06  3.15371239e+00  4.24547338e-06 -3.15544370e-04  4.24547338e-06  5.00000000e+00 
 4.27511472e-06  3.15371236e+00  4.27511472e-06 -3.15201490e-04  4.27511472e-06  5.00000000e+00 
 4.30475606e-06  3.15371239e+00  4.30475606e-06 -3.15537807e-04  4.30475606e-06  5.00000000e+00 
 4.33439739e-06  3.15371238e+00  4.33439739e-06 -3.15208062e-04  4.33439739e-06  5.00000000e+00 
 4.36403873e-06  3.15371239e+00  4.36403873e-06 -3.15531234e-04  4.36403873e-06  5.00000000e+00 
 4.39368007e-06  3.15371240e+00  4.39368007e-06 -3.15214634e-04  4.39368007e-06  5.00000000e+00 
 4.42332141e-06  3.15371239e+00  4.42332141e-06 -3.15524670e-04  4.42332141e-06  5.00000000e+00 
 4.45296275e-06  3.15371242e+00  4.45296275e-06 -3.15221188e-04  4.45296275e-06  5.00000000e+00 
 4.48260408e-06  3.15371240e+00  4.48260408e-06 -3.15518133e-04  4.48260408e-06  5.00000000e+00 
 4.51224542e-06  3.15371244e+00  4.51224542e-06 -3.15227705e-04  4.51224542e-06  5.00000000e+00 
 4.54188676e-06  3.15371240e+00  4.54188676e-06 -3.15511640e-04  4.54188676e-06  5.00000000e+00 
 4.57152810e-06  3.15371245e+00  4.57152810e-06 -3.15234171e-04  4.57152810e-06  5.00000000e+00 
 4.60116943e-06  3.15371240e+00  4.60116943e-06 -3.15505206e-04  4.60116943e-06  5.00000000e+00 
 4.63081077e-06  3.15371247e+00  4.63081077e-06 -3.15240570e-04  4.63081077e-06  5.00000000e+00 
 4.66045211e-06  3.15371240e+00  4.66045211e-06 -3.15498845e-04  4.66045211e-06  5.00000000e+00 
 4.69009345e-06  3.15371249e+00  4.69009345e-06 -3.15246890e-04  4.69009345e-06  5.00000000e+00 
 4.71973479e-06  3.15371241e+00  4.71973479e-06 -3.15492570e-04  4.71973479e-06  5.00000000e+00 
 4.74937612e-06  3.15371250e+00  4.74937612e-06 -3.15253117e-04  4.74937612e-06  5.00000000e+00 
 4.77901746e-06  3.15371241e+00  4.77901746e-06 -3.15486393e-04  4.77901746e-06  5.00000000e+00 
 4.80865880e-06  3.15371251e+00  4.80865880e-06 -3.15259241e-04  4.80865880e-06  5.00000000e+00 
 4.83830014e-06  3.15371241e+00  4.83830014e-06 -3.15480325e-04  4.83830014e-06  5.00000000e+00 
 4.86794147e-06  3.15371252e+00  4.86794147e-06 -3.15265251e-04  4.86794147e-06  5.00000000e+00 
 4.89758281e-06  3.15371242e+00  4.89758281e-06 -3.15474374e-04  4.89758281e-06  5.00000000e+00 
 4.92722415e-06  3.15371254e+00  4.92722415e-06 -3.15271140e-04  4.92722415e-06  5.00000000e+00 
 4.95686549e-06  3.15371242e+00  4.95686549e-06 -3.15468550e-04  4.95686549e-06  5.00000000e+00 
 4.98650683e-06  3.15371255e+00  4.98650683e-06 -3.15276897e-04  4.98650683e-06  5.00000000e+00 
 5.01614816e-06  3.15371242e+00  5.01614816e-06 -3.15462860e-04  5.01614816e-06  5.00000000e+00 
 5.04578950e-06  3.15371256e+00  5.04578950e-06 -3.15282517e-04  5.04578950e-06  5.00000000e+00 
 5.07543084e-06  3.15371242e+00  5.07543084e-06 -3.15457311e-04  5.07543084e-06  5.00000000e+00 
 5.10507218e-06  3.15371256e+00  5.10507218e-06 -3.15287993e-04  5.10507218e-06  5.00000000e+00 
 5.13471351e-06  3.15371243e+00  5.13471351e-06 -3.15451908e-04  5.13471351e-06  5.00000000e+00 
 5.16435485e-06  3.15371257e+00  5.16435485e-06 -3.15293320e-04  5.16435485e-06  5.00000000e+00 
 5.19399619e-06  3.15371243e+00  5.19399619e-06 -3.15446657e-04  5.19399619e-06  5.00000000e+00 
 5.22363753e-06  3.15371258e+00  5.22363753e-06 -3.15298493e-04  5.22363753e-06  5.00000000e+00 
 5.25327886e-06  3.15371243e+00  5.25327886e-06 -3.15441562e-04  5.25327886e-06  5.00000000e+00 
 5.28292020e-06  3.15371258e+00  5.28292020e-06 -3.15303509e-04  5.28292020e-06  5.00000000e+00 
 5.31256154e-06  3.15371243e+00  5.31256154e-06 -3.15436626e-04  5.31256154e-06  5.00000000e+00 
 5.34220288e-06  3.15371259e+00  5.34220288e-06 -3.15308363e-04  5.34220288e-06  5.00000000e+00 
 5.37184422e-06  3.15371244e+00  5.37184422e-06 -3.15431852e-04  5.37184422e-06  5.00000000e+00 
 5.40148555e-06  3.15371259e+00  5.40148555e-06 -3.15313055e-04  5.40148555e-06  5.00000000e+00 
 5.43112689e-06  3.15371244e+00  5.43112689e-06 -3.15427243e-04  5.43112689e-06  5.00000000e+00 
 5.46076823e-06  3.15371260e+00  5.46076823e-06 -3.15317581e-04  5.46076823e-06  5.00000000e+00 
 5.49040957e-06  3.15371244e+00  5.49040957e-06 -3.15422799e-04  5.49040957e-06  5.00000000e+00 
 5.52005090e-06  3.15371260e+00  5.52005090e-06 -3.15321941e-04  5.52005090e-06  5.00000000e+00 
 5.54969224e-06  3.15371244e+00  5.54969224e-06 -3.15418521e-04  5.54969224e-06  5.00000000e+00 
 5.57933358e-06  3.15371260e+00  5.57933358e-06 -3.15326135e-04  5.57933358e-06  5.00000000e+00 
 5.60897492e-06  3.15371245e+00  5.60897492e-06 -3.15414411e-04  5.60897492e-06  5.00000000e+00 
 5.63861626e-06  3.15371261e+00  5.63861626e-06 -3.15330161e-04  5.63861626e-06  5.00000000e+00 
 5.66825759e-06  3.15371245e+00  5.66825759e-06 -3.15410468e-04  5.66825759e-06  5.00000000e+00 
 5.69789893e-06  3.15371261e+00  5.69789893e-06 -3.15334021e-04  5.69789893e-06  5.00000000e+00 
 5.72754027e-06  3.15371245e+00  5.72754027e-06 -3.15406690e-04  5.72754027e-06  5.00000000e+00 
 5.75718161e-06  3.15371261e+00  5.75718161e-06 -3.15337715e-04  5.75718161e-06  5.00000000e+00 
 5.78682294e-06  3.15371245e+00  5.78682294e-06 -3.15403079e-04  5.78682294e-06  5.00000000e+00 
 5.81646428e-06  3.15371261e+00  5.81646428e-06 -3.15341244e-04  5.81646428e-06  5.00000000e+00 
 5.84610562e-06  3.15371245e+00  5.84610562e-06 -3.15399631e-04  5.84610562e-06  5.00000000e+00 
 5.87574696e-06  3.15371261e+00  5.87574696e-06 -3.15344610e-04  5.87574696e-06  5.00000000e+00 
 5.90538829e-06  3.15371246e+00  5.90538829e-06 -3.15396345e-04  5.90538829e-06  5.00000000e+00 
 5.93502963e-06  3.15371261e+00  5.93502963e-06 -3.15347815e-04  5.93502963e-06  5.00000000e+00 
 5.96467097e-06  3.15371246e+00  5.96467097e-06 -3.15393219e-04  5.96467097e-06  5.00000000e+00 
 5.99431231e-06  3.15371261e+00  5.99431231e-06 -3.15350862e-04  5.99431231e-06  5.00000000e+00 
 6.02395365e-06  3.15371246e+00  6.02395365e-06 -3.15390251e-04  6.02395365e-06  5.00000000e+00 
 6.05359498e-06  3.15371261e+00  6.05359498e-06 -3.15353752e-04  6.05359498e-06  5.00000000e+00 
 6.08323632e-06  3.15371246e+00  6.08323632e-06 -3.15387438e-04  6.08323632e-06  5.00000000e+00 
 6.11287766e-06  3.15371261e+00  6.11287766e-06 -3.15356488e-04  6.11287766e-06  5.00000000e+00 
 6.14251900e-06  3.15371246e+00  6.14251900e-06 -3.15384777e-04  6.14251900e-06  5.00000000e+00 
 6.17216033e-06  3.15371261e+00  6.17216033e-06 -3.15359074e-04  6.17216033e-06  5.00000000e+00 
 6.20180167e-06  3.15371247e+00  6.20180167e-06 -3.15382264e-04  6.20180167e-06  5.00000000e+00 
 6.23144301e-06  3.15371261e+00  6.23144301e-06 -3.15361513e-04  6.23144301e-06  5.00000000e+00 
 6.26108435e-06  3.15371247e+00  6.26108435e-06 -3.15379898e-04  6.26108435e-06  5.00000000e+00 
 6.29072569e-06  3.15371261e+00  6.29072569e-06 -3.15363808e-04  6.29072569e-06  5.00000000e+00 
 6.32036702e-06  3.15371247e+00  6.32036702e-06 -3.15377673e-04  6.32036702e-06  5.00000000e+00 
 6.35000836e-06  3.15371260e+00  6.35000836e-06 -3.15365963e-04  6.35000836e-06  5.00000000e+00 
 6.37964970e-06  3.15371247e+00  6.37964970e-06 -3.15375586e-04  6.37964970e-06  5.00000000e+00 
 6.40929104e-06  3.15371260e+00  6.40929104e-06 -3.15367982e-04  6.40929104e-06  5.00000000e+00 
 6.43893237e-06  3.15371247e+00  6.43893237e-06 -3.15373634e-04  6.43893237e-06  5.00000000e+00 
 6.46857371e-06  3.15371260e+00  6.46857371e-06 -3.15369868e-04  6.46857371e-06  5.00000000e+00 
 6.49821505e-06  3.15371248e+00  6.49821505e-06 -3.15371812e-04  6.49821505e-06  5.00000000e+00 
 6.52785639e-06  3.15371260e+00  6.52785639e-06 -3.15371626e-04  6.52785639e-06  5.00000000e+00 
 6.55749773e-06  3.15371248e+00  6.55749773e-06 -3.15370117e-04  6.55749773e-06  5.00000000e+00 
 6.58713906e-06  3.15371260e+00  6.58713906e-06 -3.15373260e-04  6.58713906e-06  5.00000000e+00 
 6.61678040e-06  3.15371248e+00  6.61678040e-06 -3.15368544e-04  6.61678040e-06  5.00000000e+00 
 6.64642174e-06  3.15371260e+00  6.64642174e-06 -3.15374773e-04  6.64642174e-06  5.00000000e+00 
 6.67606308e-06  3.15371248e+00  6.67606308e-06 -3.15367089e-04  6.67606308e-06  5.00000000e+00 
 6.70570441e-06  3.15371259e+00  6.70570441e-06 -3.15376170e-04  6.70570441e-06  5.00000000e+00 
 6.73534575e-06  3.15371248e+00  6.73534575e-06 -3.15365749e-04  6.73534575e-06  5.00000000e+00 
 6.76498709e-06  3.15371259e+00  6.76498709e-06 -3.15377455e-04  6.76498709e-06  5.00000000e+00 
 6.79462843e-06  3.15371249e+00  6.79462843e-06 -3.15364518e-04  6.79462843e-06  5.00000000e+00 
 6.82426976e-06  3.15371259e+00  6.82426976e-06 -3.15378632e-04  6.82426976e-06  5.00000000e+00 
 6.85391110e-06  3.15371249e+00  6.85391110e-06 -3.15363393e-04  6.85391110e-06  5.00000000e+00 
 6.88355244e-06  3.15371259e+00  6.88355244e-06 -3.15379706e-04  6.88355244e-06  5.00000000e+00 
 6.91319378e-06  3.15371249e+00  6.91319378e-06 -3.15362369e-04  6.91319378e-06  5.00000000e+00 
 6.94283512e-06  3.15371259e+00  6.94283512e-06 -3.15380681e-04  6.94283512e-06  5.00000000e+00 
 6.97247645e-06  3.15371249e+00  6.97247645e-06 -3.15361442e-04  6.97247645e-06  5.00000000e+00 
 7.00211779e-06  3.15371258e+00  7.00211779e-06 -3.15381561e-04  7.00211779e-06  5.00000000e+00 
 7.03175913e-06  3.15371249e+00  7.03175913e-06 -3.15360608e-04  7.03175913e-06  5.00000000e+00 
 7.06140047e-06  3.15371258e+00  7.06140047e-06 -3.15382351e-04  7.06140047e-06  5.00000000e+00 
 7.09104180e-06  3.15371250e+00  7.09104180e-06 -3.15359862e-04  7.09104180e-06  5.00000000e+00 
 7.12068314e-06  3.15371258e+00  7.12068314e-06 -3.15383053e-04  7.12068314e-06  5.00000000e+00 
 7.15032448e-06  3.15371250e+00  7.15032448e-06 -3.15359201e-04  7.15032448e-06  5.00000000e+00 
 7.17996582e-06  3.15371258e+00  7.17996582e-06 -3.15383673e-04  7.17996582e-06  5.00000000e+00 
 7.20960716e-06  3.15371250e+00  7.20960716e-06 -3.15358621e-04  7.20960716e-06  5.00000000e+00 
 7.23924849e-06  3.15371257e+00  7.23924849e-06 -3.15384215e-04  7.23924849e-06  5.00000000e+00 
 7.26888983e-06  3.15371250e+00  7.26888983e-06 -3.15358117e-04  7.26888983e-06  5.00000000e+00 
 7.29853117e-06  3.15371257e+00  7.29853117e-06 -3.15384682e-04  7.29853117e-06  5.00000000e+00 
 7.32817251e-06  3.15371250e+00  7.32817251e-06 -3.15357686e-04  7.32817251e-06  5.00000000e+00 
 7.35781384e-06  3.15371257e+00  7.35781384e-06 -3.15385079e-04  7.35781384e-06  5.00000000e+00 
 7.38745518e-06  3.15371251e+00  7.38745518e-06 -3.15357323e-04  7.38745518e-06  5.00000000e+00 
 7.41709652e-06  3.15371257e+00  7.41709652e-06 -3.15385409e-04  7.41709652e-06  5.00000000e+00 
 7.44673786e-06  3.15371251e+00  7.44673786e-06 -3.15357025e-04  7.44673786e-06  5.00000000e+00 
 7.47637920e-06  3.15371257e+00  7.47637920e-06 -3.15385676e-04  7.47637920e-06  5.00000000e+00 
 7.50602053e-06  3.15371251e+00  7.50602053e-06 -3.15356788e-04  7.50602053e-06  5.00000000e+00 
 7.53566187e-06  3.15371257e+00  7.53566187e-06 -3.15385883e-04  7.53566187e-06  5.00000000e+00 
 7.56530321e-06  3.15371251e+00  7.56530321e-06 -3.15356608e-04  7.56530321e-06  5.00000000e+00 
 7.59494455e-06  3.15371256e+00  7.59494455e-06 -3.15386035e-04  7.59494455e-06  5.00000000e+00 
 7.62458588e-06  3.15371251e+00  7.62458588e-06 -3.15356483e-04  7.62458588e-06  5.00000000e+00 
 7.65422722e-06  3.15371256e+00  7.65422722e-06 -3.15386135e-04  7.65422722e-06  5.00000000e+00 
 7.68386856e-06  3.15371251e+00  7.68386856e-06 -3.15356408e-04  7.68386856e-06  5.00000000e+00 
 7.71350990e-06  3.15371256e+00  7.71350990e-06 -3.15386186e-04  7.71350990e-06  5.00000000e+00 
 7.74315123e-06  3.15371252e+00  7.74315123e-06 -3.15356380e-04  7.74315123e-06  5.00000000e+00 
 7.77279257e-06  3.15371256e+00  7.77279257e-06 -3.15386192e-04  7.77279257e-06  5.00000000e+00 
 7.80243391e-06  3.15371252e+00  7.80243391e-06 -3.15356396e-04  7.80243391e-06  5.00000000e+00 
 7.83207525e-06  3.15371256e+00  7.83207525e-06 -3.15386155e-04  7.83207525e-06  5.00000000e+00 
 7.86171659e-06  3.15371252e+00  7.86171659e-06 -3.15356453e-04  7.86171659e-06  5.00000000e+00 
 7.89135792e-06  3.15371256e+00  7.89135792e-06 -3.15386079e-04  7.89135792e-06  5.00000000e+00 
 7.92099926e-06  3.15371252e+00  7.92099926e-06 -3.15356547e-04  7.92099926e-06  5.00000000e+00 
 7.95064060e-06  3.15371255e+00  7.95064060e-06 -3.15385967e-04  7.95064060e-06  5.00000000e+00 
 7.98028194e-06  3.15371252e+00  7.98028194e-06 -3.15356677e-04  7.98028194e-06  5.00000000e+00 
 8.00992327e-06  3.15371255e+00  8.00992327e-06 -3.15385821e-04  8.00992327e-06  5.00000000e+00 
 8.03956461e-06  3.15371252e+00  8.03956461e-06 -3.15356838e-04  8.03956461e-06  5.00000000e+00 
 8.06920595e-06  3.15371255e+00  8.06920595e-06 -3.15385645e-04  8.06920595e-06  5.00000000e+00 
 8.09884729e-06  3.15371252e+00  8.09884729e-06 -3.15357029e-04  8.09884729e-06  5.00000000e+00 
 8.12848863e-06  3.15371255e+00  8.12848863e-06 -3.15385441e-04  8.12848863e-06  5.00000000e+00 
 8.15812996e-06  3.15371253e+00  8.15812996e-06 -3.15357246e-04  8.15812996e-06  5.00000000e+00 
 8.18777130e-06  3.15371255e+00  8.18777130e-06 -3.15385211e-04  8.18777130e-06  5.00000000e+00 
 8.21741264e-06  3.15371253e+00  8.21741264e-06 -3.15357487e-04  8.21741264e-06  5.00000000e+00 
 8.24705398e-06  3.15371255e+00  8.24705398e-06 -3.15384958e-04  8.24705398e-06  5.00000000e+00 
 8.27669531e-06  3.15371253e+00  8.27669531e-06 -3.15357751e-04  8.27669531e-06  5.00000000e+00 
 8.30633665e-06  3.15371255e+00  8.30633665e-06 -3.15384685e-04  8.30633665e-06  5.00000000e+00 
 8.33597799e-06  3.15371253e+00  8.33597799e-06 -3.15358033e-04  8.33597799e-06  5.00000000e+00 
 8.36561933e-06  3.15371255e+00  8.36561933e-06 -3.15384393e-04  8.36561933e-06  5.00000000e+00 
 8.39526066e-06  3.15371253e+00  8.39526066e-06 -3.15358334e-04  8.39526066e-06  5.00000000e+00 
 8.42490200e-06  3.15371255e+00  8.42490200e-06 -3.15384085e-04  8.42490200e-06  5.00000000e+00 
 8.45454334e-06  3.15371253e+00  8.45454334e-06 -3.15358649e-04  8.45454334e-06  5.00000000e+00 
 8.48418468e-06  3.15371254e+00  8.48418468e-06 -3.15383763e-04  8.48418468e-06  5.00000000e+00 
 8.51382602e-06  3.15371253e+00  8.51382602e-06 -3.15358978e-04  8.51382602e-06  5.00000000e+00 
 8.54346735e-06  3.15371254e+00  8.54346735e-06 -3.15383428e-04  8.54346735e-06  5.00000000e+00 
 8.57310869e-06  3.15371253e+00  8.57310869e-06 -3.15359318e-04  8.57310869e-06  5.00000000e+00 
 8.60275003e-06  3.15371254e+00  8.60275003e-06 -3.15383083e-04  8.60275003e-06  5.00000000e+00 
 8.63239137e-06  3.15371253e+00  8.63239137e-06 -3.15359668e-04  8.63239137e-06  5.00000000e+00 
 8.66203270e-06  3.15371254e+00  8.66203270e-06 -3.15382729e-04  8.66203270e-06  5.00000000e+00 
 8.69167404e-06  3.15371253e+00  8.69167404e-06 -3.15360025e-04  8.69167404e-06  5.00000000e+00 
 8.72131538e-06  3.15371254e+00  8.72131538e-06 -3.15382368e-04  8.72131538e-06  5.00000000e+00 
 8.75095672e-06  3.15371253e+00  8.75095672e-06 -3.15360390e-04  8.75095672e-06  5.00000000e+00 
 8.78059806e-06  3.15371254e+00  8.78059806e-06 -3.15382001e-04  8.78059806e-06  5.00000000e+00 
 8.81023939e-06  3.15371254e+00  8.81023939e-06 -3.15360759e-04  8.81023939e-06  5.00000000e+00 
 8.83988073e-06  3.15371254e+00  8.83988073e-06 -3.15381630e-04  8.83988073e-06  5.00000000e+00 
 8.86952207e-06  3.15371254e+00  8.86952207e-06 -3.15361131e-04  8.86952207e-06  5.00000000e+00 
 8.89916341e-06  3.15371254e+00  8.89916341e-06 -3.15381256e-04  8.89916341e-06  5.00000000e+00 
 8.92880474e-06  3.15371254e+00  8.92880474e-06 -3.15361506e-04  8.92880474e-06  5.00000000e+00 
 8.95844608e-06  3.15371254e+00  8.95844608e-06 -3.15380881e-04  8.95844608e-06  5.00000000e+00 
 8.98808742e-06  3.15371254e+00  8.98808742e-06 -3.15361882e-04  8.98808742e-06  5.00000000e+00 
 9.01772876e-06  3.15371254e+00  9.01772876e-06 -3.15380505e-04  9.01772876e-06  5.00000000e+00 
 9.04737010e-06  3.15371254e+00  9.04737010e-06 -3.15362258e-04  9.04737010e-06  5.00000000e+00 
 9.07701143e-06  3.15371254e+00  9.07701143e-06 -3.15380129e-04  9.07701143e-06  5.00000000e+00 
 9.10665277e-06  3.15371254e+00  9.10665277e-06 -3.15362633e-04  9.10665277e-06  5.00000000e+00 
 9.13629411e-06  3.15371254e+00  9.13629411e-06 -3.15379756e-04  9.13629411e-06  5.00000000e+00 
 9.16593545e-06  3.15371254e+00  9.16593545e-06 -3.15363005e-04  9.16593545e-06  5.00000000e+00 
 9.19557678e-06  3.15371254e+00  9.19557678e-06 -3.15379385e-04  9.19557678e-06  5.00000000e+00 
 9.22521812e-06  3.15371254e+00  9.22521812e-06 -3.15363375e-04  9.22521812e-06  5.00000000e+00 
 9.25485946e-06  3.15371254e+00  9.25485946e-06 -3.15379017e-04  9.25485946e-06  5.00000000e+00 
 9.28450080e-06  3.15371254e+00  9.28450080e-06 -3.15363740e-04  9.28450080e-06  5.00000000e+00 
 9.31414213e-06  3.15371254e+00  9.31414213e-06 -3.15378654e-04  9.31414213e-06  5.00000000e+00 
 9.34378347e-06  3.15371254e+00  9.34378347e-06 -3.15364101e-04  9.34378347e-06  5.00000000e+00 
 9.37342481e-06  3.15371254e+00  9.37342481e-06 -3.15378295e-04  9.37342481e-06  5.00000000e+00 
 9.40306615e-06  3.15371254e+00  9.40306615e-06 -3.15364457e-04  9.40306615e-06  5.00000000e+00 
 9.43270749e-06  3.15371254e+00  9.43270749e-06 -3.15377943e-04  9.43270749e-06  5.00000000e+00 
 9.46234882e-06  3.15371254e+00  9.46234882e-06 -3.15364806e-04  9.46234882e-06  5.00000000e+00 
 9.49199016e-06  3.15371254e+00  9.49199016e-06 -3.15377596e-04  9.49199016e-06  5.00000000e+00 
 9.52163150e-06  3.15371254e+00  9.52163150e-06 -3.15365149e-04  9.52163150e-06  5.00000000e+00 
 9.55127284e-06  3.15371253e+00  9.55127284e-06 -3.15377257e-04  9.55127284e-06  5.00000000e+00 
 9.58091417e-06  3.15371254e+00  9.58091417e-06 -3.15365485e-04  9.58091417e-06  5.00000000e+00 
 9.61055551e-06  3.15371253e+00  9.61055551e-06 -3.15376925e-04  9.61055551e-06  5.00000000e+00 
 9.64019685e-06  3.15371254e+00  9.64019685e-06 -3.15365813e-04  9.64019685e-06  5.00000000e+00 
 9.66983819e-06  3.15371253e+00  9.66983819e-06 -3.15376600e-04  9.66983819e-06  5.00000000e+00 
 9.69947953e-06  3.15371254e+00  9.69947953e-06 -3.15366134e-04  9.69947953e-06  5.00000000e+00 
 9.72912086e-06  3.15371253e+00  9.72912086e-06 -3.15376284e-04  9.72912086e-06  5.00000000e+00 
 9.75876220e-06  3.15371254e+00  9.75876220e-06 -3.15366446e-04  9.75876220e-06  5.00000000e+00 
 9.78840354e-06  3.15371253e+00  9.78840354e-06 -3.15375976e-04  9.78840354e-06  5.00000000e+00 
 9.81804488e-06  3.15371254e+00  9.81804488e-06 -3.15366750e-04  9.81804488e-06  5.00000000e+00 
 9.84768621e-06  3.15371253e+00  9.84768621e-06 -3.15375677e-04  9.84768621e-06  5.00000000e+00 
 9.87732755e-06  3.15371254e+00  9.87732755e-06 -3.15367045e-04  9.87732755e-06  5.00000000e+00 
 9.90696889e-06  3.15371253e+00  9.90696889e-06 -3.15375386e-04  9.90696889e-06  5.00000000e+00 
 9.93661023e-06  3.15371254e+00  9.93661023e-06 -3.15367330e-04  9.93661023e-06  5.00000000e+00 
 9.96625157e-06  3.15371253e+00  9.96625157e-06 -3.15375105e-04  9.96625157e-06  5.00000000e+00 
 9.99589290e-06  3.15371254e+00  9.99589290e-06 -3.15367607e-04  9.99589290e-06  5.00000000e+00 
 1.00255342e-05  3.15371253e+00  1.00255342e-05 -3.15374833e-04  1.00255342e-05  5.00000000e+00 
 1.00551756e-05  3.15371254e+00  1.00551756e-05 -3.15367874e-04  1.00551756e-05  5.00000000e+00 
 1.00848169e-05  3.15371253e+00  1.00848169e-05 -3.15374571e-04  1.00848169e-05  5.00000000e+00 
 1.01144583e-05  3.15371254e+00  1.01144583e-05 -3.15368132e-04  1.01144583e-05  5.00000000e+00 
 1.01440996e-05  3.15371253e+00  1.01440996e-05 -3.15374318e-04  1.01440996e-05  5.00000000e+00 
 1.01737409e-05  3.15371254e+00  1.01737409e-05 -3.15368380e-04  1.01737409e-05  5.00000000e+00 
 1.02033823e-05  3.15371253e+00  1.02033823e-05 -3.15374074e-04  1.02033823e-05  5.00000000e+00 
 1.02330236e-05  3.15371254e+00  1.02330236e-05 -3.15368619e-04  1.02330236e-05  5.00000000e+00 
 1.02626649e-05  3.15371253e+00  1.02626649e-05 -3.15373840e-04  1.02626649e-05  5.00000000e+00 
 1.02923063e-05  3.15371254e+00  1.02923063e-05 -3.15368848e-04  1.02923063e-05  5.00000000e+00 
 1.03219476e-05  3.15371253e+00  1.03219476e-05 -3.15373616e-04  1.03219476e-05  5.00000000e+00 
 1.03515890e-05  3.15371254e+00  1.03515890e-05 -3.15369068e-04  1.03515890e-05  5.00000000e+00 
 1.03812303e-05  3.15371253e+00  1.03812303e-05 -3.15373401e-04  1.03812303e-05  5.00000000e+00 
 1.04108716e-05  3.15371254e+00  1.04108716e-05 -3.15369278e-04  1.04108716e-05  5.00000000e+00 
 1.04405130e-05  3.15371253e+00  1.04405130e-05 -3.15373195e-04  1.04405130e-05  5.00000000e+00 
 1.04701543e-05  3.15371254e+00  1.04701543e-05 -3.15369479e-04  1.04701543e-05  5.00000000e+00 
 1.04997956e-05  3.15371253e+00  1.04997956e-05 -3.15372999e-04  1.04997956e-05  5.00000000e+00 
 1.05294370e-05  3.15371254e+00  1.05294370e-05 -3.15369670e-04  1.05294370e-05  5.00000000e+00 
 1.05590783e-05  3.15371253e+00  1.05590783e-05 -3.15372812e-04  1.05590783e-05  5.00000000e+00 
 1.05887197e-05  3.15371254e+00  1.05887197e-05 -3.15369853e-04  1.05887197e-05  5.00000000e+00 
 1.06183610e-05  3.15371253e+00  1.06183610e-05 -3.15372635e-04  1.06183610e-05  5.00000000e+00 
 1.06480023e-05  3.15371254e+00  1.06480023e-05 -3.15370026e-04  1.06480023e-05  5.00000000e+00 
 1.06776437e-05  3.15371253e+00  1.06776437e-05 -3.15372466e-04  1.06776437e-05  5.00000000e+00 
 1.07072850e-05  3.15371254e+00  1.07072850e-05 -3.15370190e-04  1.07072850e-05  5.00000000e+00 
 1.07369263e-05  3.15371253e+00  1.07369263e-05 -3.15372306e-04  1.07369263e-05  5.00000000e+00 
 1.07665677e-05  3.15371254e+00  1.07665677e-05 -3.15370345e-04  1.07665677e-05  5.00000000e+00 
 1.07962090e-05  3.15371253e+00  1.07962090e-05 -3.15372155e-04  1.07962090e-05  5.00000000e+00 
 1.08258504e-05  3.15371254e+00  1.08258504e-05 -3.15370492e-04  1.08258504e-05  5.00000000e+00 
 1.08554917e-05  3.15371253e+00  1.08554917e-05 -3.15372012e-04  1.08554917e-05  5.00000000e+00 
 1.08851330e-05  3.15371254e+00  1.08851330e-05 -3.15370631e-04  1.08851330e-05  5.00000000e+00 
 1.09147744e-05  3.15371253e+00  1.09147744e-05 -3.15371878e-04  1.09147744e-05  5.00000000e+00 
 1.09444157e-05  3.15371254e+00  1.09444157e-05 -3.15370761e-04  1.09444157e-05  5.00000000e+00 
 1.09740570e-05  3.15371253e+00  1.09740570e-05 -3.15371752e-04  1.09740570e-05  5.00000000e+00 
 1.10036984e-05  3.15371254e+00  1.10036984e-05 -3.15370883e-04  1.10036984e-05  5.00000000e+00 
 1.10333397e-05  3.15371253e+00  1.10333397e-05 -3.15371633e-04  1.10333397e-05  5.00000000e+00 
 1.10629811e-05  3.15371254e+00  1.10629811e-05 -3.15370998e-04  1.10629811e-05  5.00000000e+00 
 1.10926224e-05  3.15371253e+00  1.10926224e-05 -3.15371522e-04  1.10926224e-05  5.00000000e+00 
 1.11222637e-05  3.15371254e+00  1.11222637e-05 -3.15371105e-04  1.11222637e-05  5.00000000e+00 
 1.11519051e-05  3.15371253e+00  1.11519051e-05 -3.15371419e-04  1.11519051e-05  5.00000000e+00 
 1.11815464e-05  3.15371254e+00  1.11815464e-05 -3.15371205e-04  1.11815464e-05  5.00000000e+00 
 1.12111878e-05  3.15371254e+00  1.12111878e-05 -3.15371323e-04  1.12111878e-05  5.00000000e+00 
 1.12408291e-05  3.15371254e+00  1.12408291e-05 -3.15371297e-04  1.12408291e-05  5.00000000e+00 
 1.12704704e-05  3.15371254e+00  1.12704704e-05 -3.15371234e-04  1.12704704e-05  5.00000000e+00 
 1.13001118e-05  3.15371254e+00  1.13001118e-05 -3.15371383e-04  1.13001118e-05  5.00000000e+00 
 1.13297531e-05  3.15371254e+00  1.13297531e-05 -3.15371151e-04  1.13297531e-05  5.00000000e+00 
 1.13593944e-05  3.15371254e+00  1.13593944e-05 -3.15371462e-04  1.13593944e-05  5.00000000e+00 
 1.13890358e-05  3.15371254e+00  1.13890358e-05 -3.15371076e-04  1.13890358e-05  5.00000000e+00 
 1.14186771e-05  3.15371254e+00  1.14186771e-05 -3.15371535e-04  1.14186771e-05  5.00000000e+00 
 1.14483185e-05  3.15371254e+00  1.14483185e-05 -3.15371006e-04  1.14483185e-05  5.00000000e+00 
 1.14779598e-05  3.15371254e+00  1.14779598e-05 -3.15371602e-04  1.14779598e-05  5.00000000e+00 
 1.15076011e-05  3.15371254e+00  1.15076011e-05 -3.15370942e-04  1.15076011e-05  5.00000000e+00 
 1.15372425e-05  3.15371254e+00  1.15372425e-05 -3.15371662e-04  1.15372425e-05  5.00000000e+00 
 1.15668838e-05  3.15371254e+00  1.15668838e-05 -3.15370884e-04  1.15668838e-05  5.00000000e+00 
 1.15965251e-05  3.15371254e+00  1.15965251e-05 -3.15371717e-04  1.15965251e-05  5.00000000e+00 
 1.16261665e-05  3.15371254e+00  1.16261665e-05 -3.15370832e-04  1.16261665e-05  5.00000000e+00 
 1.16558078e-05  3.15371254e+00  1.16558078e-05 -3.15371767e-04  1.16558078e-05  5.00000000e+00 
 1.16854492e-05  3.15371254e+00  1.16854492e-05 -3.15370785e-04  1.16854492e-05  5.00000000e+00 
 1.17150905e-05  3.15371254e+00  1.17150905e-05 -3.15371812e-04  1.17150905e-05  5.00000000e+00 
 1.17447318e-05  3.15371254e+00  1.17447318e-05 -3.15370743e-04  1.17447318e-05  5.00000000e+00 
 1.17743732e-05  3.15371254e+00  1.17743732e-05 -3.15371851e-04  1.17743732e-05  5.00000000e+00 
 1.18040145e-05  3.15371254e+00  1.18040145e-05 -3.15370706e-04  1.18040145e-05  5.00000000e+00 
 1.18336558e-05  3.15371254e+00  1.18336558e-05 -3.15371886e-04  1.18336558e-05  5.00000000e+00 
 1.18632972e-05  3.15371254e+00  1.18632972e-05 -3.15370673e-04  1.18632972e-05  5.00000000e+00 
 1.18929385e-05  3.15371254e+00  1.18929385e-05 -3.15371917e-04  1.18929385e-05  5.00000000e+00 
 1.19225799e-05  3.15371254e+00  1.19225799e-05 -3.15370645e-04  1.19225799e-05  5.00000000e+00 
 1.19522212e-05  3.15371254e+00  1.19522212e-05 -3.15371943e-04  1.19522212e-05  5.00000000e+00 
 1.19818625e-05  3.15371254e+00  1.19818625e-05 -3.15370620e-04  1.19818625e-05  5.00000000e+00 
 1.20115039e-05  3.15371254e+00  1.20115039e-05 -3.15371965e-04  1.20115039e-05  5.00000000e+00 
 1.20411452e-05  3.15371254e+00  1.20411452e-05 -3.15370600e-04  1.20411452e-05  5.00000000e+00 
 1.20707865e-05  3.15371254e+00  1.20707865e-05 -3.15371984e-04  1.20707865e-05  5.00000000e+00 
 1.21004279e-05  3.15371254e+00  1.21004279e-05 -3.15370584e-04  1.21004279e-05  5.00000000e+00 
 1.21300692e-05  3.15371254e+00  1.21300692e-05 -3.15371998e-04  1.21300692e-05  5.00000000e+00 
 1.21597106e-05  3.15371254e+00  1.21597106e-05 -3.15370570e-04  1.21597106e-05  5.00000000e+00 
 1.21893519e-05  3.15371254e+00  1.21893519e-05 -3.15372010e-04  1.21893519e-05  5.00000000e+00 
 1.22189932e-05  3.15371254e+00  1.22189932e-05 -3.15370560e-04  1.22189932e-05  5.00000000e+00 
 1.22486346e-05  3.15371254e+00  1.22486346e-05 -3.15372018e-04  1.22486346e-05  5.00000000e+00 
 1.22782759e-05  3.15371254e+00  1.22782759e-05 -3.15370554e-04  1.22782759e-05  5.00000000e+00 
 1.23079172e-05  3.15371254e+00  1.23079172e-05 -3.15372024e-04  1.23079172e-05  5.00000000e+00 
 1.23375586e-05  3.15371254e+00  1.23375586e-05 -3.15370550e-04  1.23375586e-05  5.00000000e+00 
 1.23671999e-05  3.15371254e+00  1.23671999e-05 -3.15372026e-04  1.23671999e-05  5.00000000e+00 
 1.23968413e-05  3.15371254e+00  1.23968413e-05 -3.15370548e-04  1.23968413e-05  5.00000000e+00 
 1.24264826e-05  3.15371254e+00  1.24264826e-05 -3.15372026e-04  1.24264826e-05  5.00000000e+00 
 1.24561239e-05  3.15371254e+00  1.24561239e-05 -3.15370550e-04  1.24561239e-05  5.00000000e+00 
 1.24857653e-05  3.15371254e+00  1.24857653e-05 -3.15372024e-04  1.24857653e-05  5.00000000e+00 
 1.25154066e-05  3.15371254e+00  1.25154066e-05 -3.15370553e-04  1.25154066e-05  5.00000000e+00 
 1.25450479e-05  3.15371254e+00  1.25450479e-05 -3.15372019e-04  1.25450479e-05  5.00000000e+00 
 1.25746893e-05  3.15371254e+00  1.25746893e-05 -3.15370559e-04  1.25746893e-05  5.00000000e+00 
 1.26043306e-05  3.15371254e+00  1.26043306e-05 -3.15372013e-04  1.26043306e-05  5.00000000e+00 
 1.26339720e-05  3.15371254e+00  1.26339720e-05 -3.15370566e-04  1.26339720e-05  5.00000000e+00 
 1.26636133e-05  3.15371254e+00  1.26636133e-05 -3.15372004e-04  1.26636133e-05  5.00000000e+00 
 1.26932546e-05  3.15371254e+00  1.26932546e-05 -3.15370576e-04  1.26932546e-05  5.00000000e+00 
 1.27228960e-05  3.15371254e+00  1.27228960e-05 -3.15371994e-04  1.27228960e-05  5.00000000e+00 
 1.27525373e-05  3.15371254e+00  1.27525373e-05 -3.15370587e-04  1.27525373e-05  5.00000000e+00 
 1.27821787e-05  3.15371254e+00  1.27821787e-05 -3.15371982e-04  1.27821787e-05  5.00000000e+00 
 1.28118200e-05  3.15371254e+00  1.28118200e-05 -3.15370600e-04  1.28118200e-05  5.00000000e+00 
 1.28414613e-05  3.15371254e+00  1.28414613e-05 -3.15371969e-04  1.28414613e-05  5.00000000e+00 
 1.28711027e-05  3.15371254e+00  1.28711027e-05 -3.15370614e-04  1.28711027e-05  5.00000000e+00 
 1.29007440e-05  3.15371254e+00  1.29007440e-05 -3.15371954e-04  1.29007440e-05  5.00000000e+00 
 1.29303853e-05  3.15371254e+00  1.29303853e-05 -3.15370629e-04  1.29303853e-05  5.00000000e+00 
 1.29600267e-05  3.15371254e+00  1.29600267e-05 -3.15371938e-04  1.29600267e-05  5.00000000e+00 
 1.29896680e-05  3.15371254e+00  1.29896680e-05 -3.15370645e-04  1.29896680e-05  5.00000000e+00 
 1.30193094e-05  3.15371254e+00  1.30193094e-05 -3.15371921e-04  1.30193094e-05  5.00000000e+00 
 1.30489507e-05  3.15371254e+00  1.30489507e-05 -3.15370662e-04  1.30489507e-05  5.00000000e+00 
 1.30785920e-05  3.15371254e+00  1.30785920e-05 -3.15371904e-04  1.30785920e-05  5.00000000e+00 
 1.31082334e-05  3.15371254e+00  1.31082334e-05 -3.15370680e-04  1.31082334e-05  5.00000000e+00 
 1.31378747e-05  3.15371254e+00  1.31378747e-05 -3.15371885e-04  1.31378747e-05  5.00000000e+00 
 1.31675160e-05  3.15371254e+00  1.31675160e-05 -3.15370699e-04  1.31675160e-05  5.00000000e+00 
 1.31971574e-05  3.15371254e+00  1.31971574e-05 -3.15371866e-04  1.31971574e-05  5.00000000e+00 
 1.32267987e-05  3.15371254e+00  1.32267987e-05 -3.15370719e-04  1.32267987e-05  5.00000000e+00 
 1.32564401e-05  3.15371254e+00  1.32564401e-05 -3.15371846e-04  1.32564401e-05  5.00000000e+00 
 1.32860814e-05  3.15371254e+00  1.32860814e-05 -3.15370739e-04  1.32860814e-05  5.00000000e+00 
 1.33157227e-05  3.15371254e+00  1.33157227e-05 -3.15371826e-04  1.33157227e-05  5.00000000e+00 
 1.33453641e-05  3.15371254e+00  1.33453641e-05 -3.15370759e-04  1.33453641e-05  5.00000000e+00 
 1.33750054e-05  3.15371254e+00  1.33750054e-05 -3.15371805e-04  1.33750054e-05  5.00000000e+00 
 1.34046467e-05  3.15371254e+00  1.34046467e-05 -3.15370780e-04  1.34046467e-05  5.00000000e+00 
 1.34342881e-05  3.15371254e+00  1.34342881e-05 -3.15371784e-04  1.34342881e-05  5.00000000e+00 
 1.34639294e-05  3.15371254e+00  1.34639294e-05 -3.15370801e-04  1.34639294e-05  5.00000000e+00 
 1.34935708e-05  3.15371254e+00  1.34935708e-05 -3.15371763e-04  1.34935708e-05  5.00000000e+00 
 1.35232121e-05  3.15371254e+00  1.35232121e-05 -3.15370823e-04  1.35232121e-05  5.00000000e+00 
 1.35528534e-05  3.15371254e+00  1.35528534e-05 -3.15371741e-04  1.35528534e-05  5.00000000e+00 
 1.35824948e-05  3.15371254e+00  1.35824948e-05 -3.15370844e-04  1.35824948e-05  5.00000000e+00 
 1.36121361e-05  3.15371254e+00  1.36121361e-05 -3.15371720e-04  1.36121361e-05  5.00000000e+00 
 1.36417774e-05  3.15371254e+00  1.36417774e-05 -3.15370866e-04  1.36417774e-05  5.00000000e+00 
 1.36714188e-05  3.15371254e+00  1.36714188e-05 -3.15371698e-04  1.36714188e-05  5.00000000e+00 
 1.37010601e-05  3.15371254e+00  1.37010601e-05 -3.15370887e-04  1.37010601e-05  5.00000000e+00 
 1.37307015e-05  3.15371254e+00  1.37307015e-05 -3.15371677e-04  1.37307015e-05  5.00000000e+00 
 1.37603428e-05  3.15371254e+00  1.37603428e-05 -3.15370909e-04  1.37603428e-05  5.00000000e+00 
 1.37899841e-05  3.15371254e+00  1.37899841e-05 -3.15371656e-04  1.37899841e-05  5.00000000e+00 
 1.38196255e-05  3.15371254e+00  1.38196255e-05 -3.15370930e-04  1.38196255e-05  5.00000000e+00 
 1.38492668e-05  3.15371254e+00  1.38492668e-05 -3.15371634e-04  1.38492668e-05  5.00000000e+00 
 1.38789081e-05  3.15371254e+00  1.38789081e-05 -3.15370951e-04  1.38789081e-05  5.00000000e+00 
 1.39085495e-05  3.15371254e+00  1.39085495e-05 -3.15371613e-04  1.39085495e-05  5.00000000e+00 
 1.39381908e-05  3.15371254e+00  1.39381908e-05 -3.15370972e-04  1.39381908e-05  5.00000000e+00 
 1.39678322e-05  3.15371254e+00  1.39678322e-05 -3.15371593e-04  1.39678322e-05  5.00000000e+00 
 1.39974735e-05  3.15371254e+00  1.39974735e-05 -3.15370993e-04  1.39974735e-05  5.00000000e+00 
 1.40271148e-05  3.15371254e+00  1.40271148e-05 -3.15371572e-04  1.40271148e-05  5.00000000e+00 
 1.40567562e-05  3.15371254e+00  1.40567562e-05 -3.15371013e-04  1.40567562e-05  5.00000000e+00 
 1.40863975e-05  3.15371254e+00  1.40863975e-05 -3.15371552e-04  1.40863975e-05  5.00000000e+00 
 1.41160388e-05  3.15371254e+00  1.41160388e-05 -3.15371033e-04  1.41160388e-05  5.00000000e+00 
 1.41456802e-05  3.15371254e+00  1.41456802e-05 -3.15371532e-04  1.41456802e-05  5.00000000e+00 
 1.41753215e-05  3.15371254e+00  1.41753215e-05 -3.15371052e-04  1.41753215e-05  5.00000000e+00 
 1.42049629e-05  3.15371254e+00  1.42049629e-05 -3.15371513e-04  1.42049629e-05  5.00000000e+00 
 1.42346042e-05  3.15371254e+00  1.42346042e-05 -3.15371072e-04  1.42346042e-05  5.00000000e+00 
 1.42642455e-05  3.15371254e+00  1.42642455e-05 -3.15371494e-04  1.42642455e-05  5.00000000e+00 
 1.42938869e-05  3.15371254e+00  1.42938869e-05 -3.15371090e-04  1.42938869e-05  5.00000000e+00 
 1.43235282e-05  3.15371254e+00  1.43235282e-05 -3.15371475e-04  1.43235282e-05  5.00000000e+00 
 1.43531696e-05  3.15371254e+00  1.43531696e-05 -3.15371109e-04  1.43531696e-05  5.00000000e+00 
 1.43828109e-05  3.15371254e+00  1.43828109e-05 -3.15371457e-04  1.43828109e-05  5.00000000e+00 
 1.44124522e-05  3.15371254e+00  1.44124522e-05 -3.15371126e-04  1.44124522e-05  5.00000000e+00 
 1.44420936e-05  3.15371254e+00  1.44420936e-05 -3.15371440e-04  1.44420936e-05  5.00000000e+00 
 1.44717349e-05  3.15371254e+00  1.44717349e-05 -3.15371144e-04  1.44717349e-05  5.00000000e+00 
 1.45013762e-05  3.15371254e+00  1.45013762e-05 -3.15371423e-04  1.45013762e-05  5.00000000e+00 
 1.45310176e-05  3.15371254e+00  1.45310176e-05 -3.15371160e-04  1.45310176e-05  5.00000000e+00 
 1.45606589e-05  3.15371254e+00  1.45606589e-05 -3.15371406e-04  1.45606589e-05  5.00000000e+00 
 1.45903003e-05  3.15371254e+00  1.45903003e-05 -3.15371177e-04  1.45903003e-05  5.00000000e+00 
 1.46199416e-05  3.15371254e+00  1.46199416e-05 -3.15371390e-04  1.46199416e-05  5.00000000e+00 
 1.46495829e-05  3.15371254e+00  1.46495829e-05 -3.15371192e-04  1.46495829e-05  5.00000000e+00 
 1.46792243e-05  3.15371254e+00  1.46792243e-05 -3.15371375e-04  1.46792243e-05  5.00000000e+00 
 1.47088656e-05  3.15371254e+00  1.47088656e-05 -3.15371208e-04  1.47088656e-05  5.00000000e+00 
 1.47385069e-05  3.15371254e+00  1.47385069e-05 -3.15371360e-04  1.47385069e-05  5.00000000e+00 
 1.47681483e-05  3.15371254e+00  1.47681483e-05 -3.15371222e-04  1.47681483e-05  5.00000000e+00 
 1.47944086e-05  3.15371254e+00  1.47944086e-05 -3.15371344e-04  1.47944086e-05  5.00000000e+00 
 1.48206689e-05  3.15371254e+00  1.48206689e-05 -3.15371238e-04  1.48206689e-05  5.00000000e+00 
 1.48221962e-05  3.15304150e+00  1.48221962e-05 -2.73356941e-04  1.48221962e-05  4.97423657e+00 
 1.48252508e-05  3.15040893e+00  1.48252508e-05 -1.89894307e-04  1.48252508e-05  4.92270972e+00 
 1.48306198e-05  3.14100923e+00  1.48306198e-05 -9.37925756e-05  1.48306198e-05  4.83214370e+00 
 1.48360693e-05  3.12760214e+00  1.48360693e-05 -4.46826424e-05  1.48360693e-05  4.74021994e+00 
 1.48428047e-05  3.10856415e+00  1.48428047e-05 -1.69221861e-05  1.48428047e-05  4.62660460e+00 
 1.48485162e-05  3.09148921e+00  1.48485162e-05 -7.75407520e-06  1.48485162e-05  4.53026129e+00 
 1.48542455e-05  3.07408158e+00  1.48542455e-05 -3.60092361e-06  1.48542455e-05  4.43361853e+00 
 1.48640070e-05  3.04435907e+00  1.48640070e-05 -1.26766968e-06  1.48640070e-05  4.26895855e+00 
 1.48749014e-05  3.01136583e+00  1.48749014e-05 -6.08028909e-07  1.48749014e-05  4.08518806e+00 
 1.48966902e-05  2.94637301e+00  1.48966902e-05 -4.75052747e-07  1.48966902e-05  3.71764708e+00 
 1.49263315e-05  2.86016213e+00  1.49263315e-05 -4.38229749e-07  1.49263315e-05  3.21764708e+00 
 1.49559729e-05  2.77648631e+00  1.49559729e-05 -4.59112711e-07  1.49559729e-05  2.71764708e+00 
 1.49856142e-05  2.69533222e+00  1.49856142e-05 -4.29267433e-07  1.49856142e-05  2.21764708e+00 
 1.50152555e-05  2.61661513e+00  1.50152555e-05 -4.50883893e-07  1.50152555e-05  1.71764708e+00 
 1.50448969e-05  2.54021501e+00  1.50448969e-05 -4.21628041e-07  1.50448969e-05  1.21764708e+00 
 1.50745382e-05  2.46606384e+00  1.50745382e-05 -4.43766210e-07  1.50745382e-05  7.17647080e-01 
 1.50958102e-05  2.41418867e+00  1.50958102e-05 -4.15879637e-07  1.50958102e-05  3.58823540e-01 
 1.51170822e-05  2.36341330e+00  1.51170822e-05 -4.39210742e-07  1.51170822e-05  0.00000000e+00 
 1.51200464e-05  2.35644991e+00  1.51200464e-05 -2.40224000e-11  1.51200464e-05  0.00000000e+00 
 1.51243403e-05  2.34638637e+00  1.51243403e-05 -2.40223998e-11  1.51243403e-05  0.00000000e+00 
 1.51283844e-05  2.33694766e+00  1.51283844e-05 -2.40223997e-11  1.51283844e-05  0.00000000e+00 
 1.51327217e-05  2.32686697e+00  1.51327217e-05 -2.40224002e-11  1.51327217e-05  0.00000000e+00 
 1.51366649e-05  2.31773999e+00  1.51366649e-05 -2.40223998e-11  1.51366649e-05  0.00000000e+00 
 1.51406836e-05  2.30847495e+00  1.51406836e-05 -2.40223998e-11  1.51406836e-05  0.00000000e+00 
 1.51445565e-05  2.29958131e+00  1.51445565e-05 -2.40223998e-11  1.51445565e-05  0.00000000e+00 
 1.51484196e-05  2.29074422e+00  1.51484196e-05 -2.40224002e-11  1.51484196e-05  0.00000000e+00 
 1.51525300e-05  2.28137890e+00  1.51525300e-05 -2.40224000e-11  1.51525300e-05  0.00000000e+00 
 1.51572873e-05  2.27058732e+00  1.51572873e-05 -2.40223998e-11  1.51572873e-05  0.00000000e+00 
 1.51632510e-05  2.25713156e+00  1.51632510e-05 -2.40223997e-11  1.51632510e-05  0.00000000e+00 
 1.51716885e-05  2.23822974e+00  1.51716885e-05 -2.40224000e-11  1.51716885e-05  0.00000000e+00 
 1.51854023e-05  2.20784576e+00  1.51854023e-05 -2.40223999e-11  1.51854023e-05  0.00000000e+00 
 1.52119222e-05  2.15025217e+00  1.52119222e-05 -2.40224000e-11  1.52119222e-05  0.00000000e+00 
 1.52415635e-05  2.08765700e+00  1.52415635e-05 -2.40223999e-11  1.52415635e-05  0.00000000e+00 
 1.52712048e-05  2.02688531e+00  1.52712048e-05 -2.40224001e-11  1.52712048e-05  0.00000000e+00 
 1.53008462e-05  1.96788479e+00  1.53008462e-05 -2.40223999e-11  1.53008462e-05  0.00000000e+00 
 1.53304875e-05  1.91060291e+00  1.53304875e-05 -2.40224000e-11  1.53304875e-05  0.00000000e+00 
 1.53601288e-05  1.85499045e+00  1.53601288e-05 -2.40224000e-11  1.53601288e-05  0.00000000e+00 
 1.53897702e-05  1.80099782e+00  1.53897702e-05 -2.40224000e-11  1.53897702e-05  0.00000000e+00 
 1.54194115e-05  1.74857870e+00  1.54194115e-05 -2.40224000e-11  1.54194115e-05  0.00000000e+00 
 1.54490529e-05  1.69768628e+00  1.54490529e-05 -2.40224000e-11  1.54490529e-05  0.00000000e+00 
 1.54786942e-05  1.64827698e+00  1.54786942e-05 -2.40223999e-11  1.54786942e-05  0.00000000e+00 
 1.55083355e-05  1.60030661e+00  1.55083355e-05 -2.40224000e-11  1.55083355e-05  0.00000000e+00 
 1.55379769e-05  1.55373416e+00  1.55379769e-05 -2.40224000e-11  1.55379769e-05  0.00000000e+00 
 1.55676182e-05  1.50851793e+00  1.55676182e-05 -2.40224001e-11  1.55676182e-05  0.00000000e+00 
 1.55972596e-05  1.46461931e+00  1.55972596e-05 -2.40224001e-11  1.55972596e-05  0.00000000e+00 
 1.56269009e-05  1.42199894e+00  1.56269009e-05 -2.40224003e-11  1.56269009e-05  0.00000000e+00 
 1.56565422e-05  1.38062051e+00  1.56565422e-05 -2.40224005e-11  1.56565422e-05  0.00000000e+00 
 1.56861836e-05  1.34044685e+00  1.56861836e-05 -2.40224010e-11  1.56861836e-05  0.00000000e+00 
 1.57158249e-05  1.30144379e+00  1.57158249e-05 -2.40224016e-11  1.57158249e-05  0.00000000e+00 
 1.57454662e-05  1.26357624e+00  1.57454662e-05 -2.40224028e-11  1.57454662e-05  0.00000000e+00 
 1.57751076e-05  1.22681207e+00  1.57751076e-05 -2.40224046e-11  1.57751076e-05  0.00000000e+00 
 1.58047489e-05  1.19111815e+00  1.58047489e-05 -2.40224077e-11  1.58047489e-05  0.00000000e+00 
 1.58343903e-05  1.15646423e+00  1.58343903e-05 -2.40224124e-11  1.58343903e-05  0.00000000e+00 
 1.58640316e-05  1.12281904e+00  1.58640316e-05 -2.40224199e-11  1.58640316e-05  0.00000000e+00 
 1.58936729e-05  1.09015413e+00  1.58936729e-05 -2.40224315e-11  1.58936729e-05  0.00000000e+00 
 1.59233143e-05  1.05843998e+00  1.59233143e-05 -2.40224495e-11  1.59233143e-05  0.00000000e+00 
 1.59529556e-05  1.02764981e+00  1.59529556e-05 -2.40224769e-11  1.59529556e-05  0.00000000e+00 
 1.59825969e-05  9.97755755e-01  1.59825969e-05 -2.40225184e-11  1.59825969e-05  0.00000000e+00 
 1.60122383e-05  9.68732624e-01  1.60122383e-05 -2.40225805e-11  1.60122383e-05  0.00000000e+00 
 1.60418796e-05  9.40554111e-01  1.60418796e-05 -2.40226724e-11  1.60418796e-05  0.00000000e+00 
 1.60715210e-05  9.13196510e-01  1.60715210e-05 -2.40228076e-11  1.60715210e-05  0.00000000e+00 
 1.61011623e-05  8.86634994e-01  1.61011623e-05 -2.40230037e-11  1.61011623e-05  0.00000000e+00 
 1.61308036e-05  8.60847251e-01  1.61308036e-05 -2.40232875e-11  1.61308036e-05  0.00000000e+00 
 1.61604450e-05  8.35809851e-01  1.61604450e-05 -2.40236913e-11  1.61604450e-05  0.00000000e+00 
 1.61900863e-05  8.11501794e-01  1.61900863e-05 -2.40242658e-11  1.61900863e-05  0.00000000e+00 
 1.62197276e-05  7.87900970e-01  1.62197276e-05 -2.40250694e-11  1.62197276e-05  0.00000000e+00 
 1.62493690e-05  7.64987610e-01  1.62493690e-05 -2.40261935e-11  1.62493690e-05  0.00000000e+00 
 1.62790103e-05  7.42740854e-01  1.62790103e-05 -2.40277400e-11  1.62790103e-05  0.00000000e+00 
 1.63086517e-05  7.21142088e-01  1.63086517e-05 -2.40298691e-11  1.63086517e-05  0.00000000e+00 
 1.63382930e-05  7.00171635e-01  1.63382930e-05 -2.40327521e-11  1.63382930e-05  0.00000000e+00 
 1.63679343e-05  6.79811964e-01  1.63679343e-05 -2.40366598e-11  1.63679343e-05  0.00000000e+00 
 1.63975757e-05  6.60044520e-01  1.63975757e-05 -2.40418713e-11  1.63975757e-05  0.00000000e+00 
 1.64272170e-05  6.40852784e-01  1.64272170e-05 -2.40488304e-11  1.64272170e-05  0.00000000e+00 
 1.64568583e-05  6.22219266e-01  1.64568583e-05 -2.40579771e-11  1.64568583e-05  0.00000000e+00 
 1.64864997e-05  6.04128398e-01  1.64864997e-05 -2.40700158e-11  1.64864997e-05  0.00000000e+00 
 1.65161410e-05  5.86563695e-01  1.65161410e-05 -2.40856193e-11  1.65161410e-05  0.00000000e+00 
 1.65457824e-05  5.69510479e-01  1.65457824e-05 -2.41058730e-11  1.65457824e-05  0.00000000e+00 
 1.65754237e-05  5.52953222e-01  1.65754237e-05 -2.41317747e-11  1.65754237e-05  0.00000000e+00 
 1.66050650e-05  5.36878078e-01  1.66050650e-05 -2.41649478e-11  1.66050650e-05  0.00000000e+00 
 1.66347064e-05  5.21270424e-01  1.66347064e-05 -2.42068310e-11  1.66347064e-05  0.00000000e+00 
 1.66643477e-05  5.06117194e-01  1.66643477e-05 -2.42597828e-11  1.66643477e-05  0.00000000e+00 
 1.66939890e-05  4.91404627e-01  1.66939890e-05 -2.43258226e-11  1.66939890e-05  0.00000000e+00 
 1.67236304e-05  4.77120381e-01  1.67236304e-05 -2.44082793e-11  1.67236304e-05  0.00000000e+00 
 1.67532717e-05  4.63251515e-01  1.67532717e-05 -2.45099181e-11  1.67532717e-05  0.00000000e+00 
 1.67829131e-05  4.49786365e-01  1.67829131e-05 -2.46353029e-11  1.67829131e-05  0.00000000e+00 
 1.68125544e-05  4.36712767e-01  1.68125544e-05 -2.47881374e-11  1.68125544e-05  0.00000000e+00 
 1.68421957e-05  4.24019691e-01  1.68421957e-05 -2.49744965e-11  1.68421957e-05  0.00000000e+00 
 1.68718371e-05  4.11695712e-01  1.68718371e-05 -2.51992456e-11  1.68718371e-05  0.00000000e+00 
 1.69014784e-05  3.99730390e-01  1.69014784e-05 -2.54702282e-11  1.69014784e-05  0.00000000e+00 
 1.69311197e-05  3.88113004e-01  1.69311197e-05 -2.57937360e-11  1.69311197e-05  0.00000000e+00 
 1.69607611e-05  3.76833662e-01  1.69607611e-05 -2.61795743e-11  1.69607611e-05  0.00000000e+00 
 1.69904024e-05  3.65882315e-01  1.69904024e-05 -2.66357849e-11  1.69904024e-05  0.00000000e+00 
 1.70200438e-05  3.55249579e-01  1.70200438e-05 -2.71742007e-11  1.70200438e-05  0.00000000e+00 
 1.70462306e-05  3.46113694e-01  1.70462306e-05 -2.77263121e-11  1.70462306e-05  0.00000000e+00 
 1.70614572e-05  3.40910282e-01  1.70614572e-05 -2.80843954e-11  1.70614572e-05  0.00000000e+00 
 1.70711291e-05  3.37645866e-01  1.70711291e-05 -2.83270578e-11  1.70711291e-05  0.00000000e+00 
 1.70794327e-05  3.34868164e-01  1.70794327e-05 -2.85442732e-11  1.70794327e-05  0.00000000e+00 
 1.70874781e-05  3.32198806e-01  1.70874781e-05 -2.87656110e-11  1.70874781e-05  0.00000000e+00 
 1.70949354e-05  3.29743400e-01  1.70949354e-05 -2.89757968e-11  1.70949354e-05  0.00000000e+00 
 1.71027726e-05  3.27182757e-01  1.71027726e-05 -2.92098998e-11  1.71027726e-05  0.00000000e+00 
 1.71113042e-05  3.24417488e-01  1.71113042e-05 -2.94691714e-11  1.71113042e-05  0.00000000e+00 
 1.71210960e-05  3.21272988e-01  1.71210960e-05 -2.97881073e-11  1.71210960e-05  0.00000000e+00 
 1.71333147e-05  3.17391394e-01  1.71333147e-05 -3.01983772e-11  1.71333147e-05  0.00000000e+00 
 1.71496393e-05  3.12279054e-01  1.71496393e-05 -3.07969249e-11  1.71496393e-05  0.00000000e+00 
 1.71736122e-05  3.04919768e-01  1.71736122e-05 -3.17489876e-11  1.71736122e-05  0.00000000e+00 
 1.72032536e-05  2.96060228e-01  1.72032536e-05 -3.30962635e-11  1.72032536e-05  0.00000000e+00 
 1.72328949e-05  2.87457808e-01  1.72328949e-05 -3.46164151e-11  1.72328949e-05  0.00000000e+00 
 1.72625363e-05  2.79106055e-01  1.72625363e-05 -3.63643827e-11  1.72625363e-05  0.00000000e+00 
 1.72921776e-05  2.70996613e-01  1.72921776e-05 -3.83182833e-11  1.72921776e-05  0.00000000e+00 
 1.73218189e-05  2.63123513e-01  1.73218189e-05 -4.05498633e-11  1.73218189e-05  0.00000000e+00 
 1.73514603e-05  2.55478766e-01  1.73514603e-05 -4.30220154e-11  1.73514603e-05  0.00000000e+00 
 1.73811016e-05  2.48056857e-01  1.73811016e-05 -4.58276194e-11  1.73811016e-05  0.00000000e+00 
 1.74107429e-05  2.40850147e-01  1.74107429e-05 -4.89087978e-11  1.74107429e-05  0.00000000e+00 
 1.74403843e-05  2.33853545e-01  1.74403843e-05 -5.23847625e-11  1.74403843e-05  0.00000000e+00 
 1.74700256e-05  2.27059743e-01  1.74700256e-05 -5.61702718e-11  1.74700256e-05  0.00000000e+00 
 1.74996670e-05  2.20464051e-01  1.74996670e-05 -6.04169484e-11  1.74996670e-05  0.00000000e+00 
 1.75293083e-05  2.14059475e-01  1.75293083e-05 -6.50045377e-11  1.75293083e-05  0.00000000e+00 
 1.75589496e-05  2.07841697e-01  1.75589496e-05 -7.01240340e-11  1.75589496e-05  0.00000000e+00 
 1.75885910e-05  2.01804022e-01  1.75885910e-05 -7.56115348e-11  1.75885910e-05  0.00000000e+00 
 1.76182323e-05  1.95942483e-01  1.76182323e-05 -8.17051993e-11  1.76182323e-05  0.00000000e+00 
 1.76478736e-05  1.90250669e-01  1.76478736e-05 -8.81879891e-11  1.76478736e-05  0.00000000e+00 
 1.76775150e-05  1.84724938e-01  1.76775150e-05 -9.53537441e-11  1.76775150e-05  0.00000000e+00 
 1.77071563e-05  1.79359153e-01  1.77071563e-05 -1.02922150e-10  1.77071563e-05  0.00000000e+00 
 1.77367977e-05  1.74149974e-01  1.77367977e-05 -1.11251791e-10  1.77367977e-05  0.00000000e+00 
 1.77664390e-05  1.69091524e-01  1.77664390e-05 -1.19988551e-10  1.77664390e-05  0.00000000e+00 
 1.77960803e-05  1.64180745e-01  1.77960803e-05 -1.29565131e-10  1.77960803e-05  0.00000000e+00 
 1.78257217e-05  1.59412010e-01  1.78257217e-05 -1.39543031e-10  1.78257217e-05  0.00000000e+00 
 1.78553630e-05  1.54782522e-01  1.78553630e-05 -1.50438439e-10  1.78553630e-05  0.00000000e+00 
 1.78850043e-05  1.50286896e-01  1.78850043e-05 -1.61718224e-10  1.78850043e-05  0.00000000e+00 
 1.79146457e-05  1.45922572e-01  1.79146457e-05 -1.73991061e-10  1.79146457e-05  0.00000000e+00 
 1.79442870e-05  1.41684401e-01  1.79442870e-05 -1.86619701e-10  1.79442870e-05  0.00000000e+00 
 1.79739284e-05  1.37570040e-01  1.79739284e-05 -2.00313531e-10  1.79739284e-05  0.00000000e+00 
 1.80035697e-05  1.33574568e-01  1.80035697e-05 -2.14322918e-10  1.80035697e-05  0.00000000e+00 
 1.80332110e-05  1.29695842e-01  1.80332110e-05 -2.29464952e-10  1.80332110e-05  0.00000000e+00 
 1.80628524e-05  1.25929161e-01  1.80628524e-05 -2.44871051e-10  1.80628524e-05  0.00000000e+00 
 1.80924937e-05  1.22272564e-01  1.80924937e-05 -2.61471303e-10  1.80924937e-05  0.00000000e+00 
 1.81221350e-05  1.18721565e-01  1.81221350e-05 -2.78273774e-10  1.81221350e-05  0.00000000e+00 
 1.81517764e-05  1.15274366e-01  1.81517764e-05 -2.96324690e-10  1.81517764e-05  0.00000000e+00 
 1.81814177e-05  1.11926691e-01  1.81814177e-05 -3.14506981e-10  1.81814177e-05  0.00000000e+00 
 1.82110591e-05  1.08676889e-01  1.82110591e-05 -3.33983547e-10  1.82110591e-05  0.00000000e+00 
 1.82407004e-05  1.05520891e-01  1.82407004e-05 -3.53513414e-10  1.82407004e-05  0.00000000e+00 
 1.82703417e-05  1.02457175e-01  1.82703417e-05 -3.74373694e-10  1.82703417e-05  0.00000000e+00 
 1.82999831e-05  9.94818737e-02  1.82999831e-05 -3.95204111e-10  1.82999831e-05  0.00000000e+00 
 1.83296244e-05  9.65935811e-02  1.83296244e-05 -4.17390183e-10  1.83296244e-05  0.00000000e+00 
 1.83592657e-05  9.37886264e-02  1.83592657e-05 -4.39460584e-10  1.83592657e-05  0.00000000e+00 
 1.83889071e-05  9.10657054e-02  1.83889071e-05 -4.62899811e-10  1.83889071e-05  0.00000000e+00 
 1.84185484e-05  8.84213418e-02  1.84185484e-05 -4.86137586e-10  1.84185484e-05  0.00000000e+00 
 1.84481898e-05  8.58543174e-02  1.84481898e-05 -5.10744164e-10  1.84481898e-05  0.00000000e+00 
 1.84778311e-05  8.33613484e-02  1.84778311e-05 -5.35066355e-10  1.84778311e-05  0.00000000e+00 
 1.85074724e-05  8.09412892e-02  1.85074724e-05 -5.60743056e-10  1.85074724e-05  0.00000000e+00 
 1.85371138e-05  7.85910456e-02  1.85371138e-05 -5.86058170e-10  1.85371138e-05  0.00000000e+00 
 1.85667551e-05  7.63095323e-02  1.85667551e-05 -6.12698238e-10  1.85667551e-05  0.00000000e+00 
 1.85963965e-05  7.40938419e-02  1.85963965e-05 -6.38908117e-10  1.85963965e-05  0.00000000e+00 
 1.86260378e-05  7.19429378e-02  1.86260378e-05 -6.66397223e-10  1.86260378e-05  0.00000000e+00 
 1.86556791e-05  6.98540971e-02  1.86556791e-05 -6.93398909e-10  1.86556791e-05  0.00000000e+00 
 1.86853205e-05  6.78263205e-02  1.86853205e-05 -7.21617128e-10  1.86853205e-05  0.00000000e+00 
 1.87149618e-05  6.58570674e-02  1.87149618e-05 -7.49304672e-10  1.87149618e-05  0.00000000e+00 
 1.87446031e-05  6.39453655e-02  1.87446031e-05 -7.78128420e-10  1.87446031e-05  0.00000000e+00 
 1.87742445e-05  6.20888542e-02  1.87742445e-05 -8.06394584e-10  1.87742445e-05  0.00000000e+00 
 1.88038858e-05  6.02865782e-02  1.88038858e-05 -8.35698479e-10  1.88038858e-05  0.00000000e+00 
 1.88335272e-05  5.85363551e-02  1.88335272e-05 -8.64436305e-10  1.88335272e-05  0.00000000e+00 
 1.88631685e-05  5.68372375e-02  1.88631685e-05 -8.94094901e-10  1.88631685e-05  0.00000000e+00 
 1.88928098e-05  5.51872187e-02  1.88928098e-05 -9.23199121e-10  1.88928098e-05  0.00000000e+00 
 1.89224512e-05  5.35853512e-02  1.89224512e-05 -9.53088500e-10  1.89224512e-05  0.00000000e+00 
 1.89520925e-05  5.20298013e-02  1.89520925e-05 -9.82456762e-10  1.89520925e-05  0.00000000e+00 
 1.89817338e-05  5.05196140e-02  1.89817338e-05 -1.01245597e-09  1.89817338e-05  0.00000000e+00 
 1.90113752e-05  4.90531263e-02  1.90113752e-05 -1.04198988e-09  1.90113752e-05  0.00000000e+00 
 1.90410165e-05  4.76293685e-02  1.90410165e-05 -1.07198218e-09  1.90410165e-05  0.00000000e+00 
 1.90706579e-05  4.62468457e-02  1.90706579e-05 -1.10158815e-09  1.90706579e-05  0.00000000e+00 
 1.91002992e-05  4.49045675e-02  1.91002992e-05 -1.13146208e-09  1.91002992e-05  0.00000000e+00 
 1.91257359e-05  4.37837729e-02  1.91257359e-05 -1.15684964e-09  1.91257359e-05  0.00000000e+00 
 1.91394653e-05  4.31905517e-02  1.91394653e-05 -1.17059211e-09  1.91394653e-05  0.00000000e+00 
 1.91491612e-05  4.27764830e-02  1.91491612e-05 -1.18037724e-09  1.91491612e-05  0.00000000e+00 
 1.91573543e-05  4.24296056e-02  1.91573543e-05 -1.18829727e-09  1.91573543e-05  0.00000000e+00 
 1.91652921e-05  4.20963888e-02  1.91652921e-05 -1.19662745e-09  1.91652921e-05  0.00000000e+00 
 1.91728189e-05  4.17825986e-02  1.91728189e-05 -1.20353681e-09  1.91728189e-05  0.00000000e+00 
 1.91807120e-05  4.14563930e-02  1.91807120e-05 -1.21213303e-09  1.91807120e-05  0.00000000e+00 
 1.91894071e-05  4.10995620e-02  1.91894071e-05 -1.21988740e-09  1.91894071e-05  0.00000000e+00 
 1.91995293e-05  4.06885433e-02  1.91995293e-05 -1.23093265e-09  1.91995293e-05  0.00000000e+00 
 1.92123398e-05  4.01736667e-02  1.92123398e-05 -1.24252704e-09  1.92123398e-05  0.00000000e+00 
 1.92298755e-05  3.94800723e-02  1.92298755e-05 -1.26102074e-09  1.92298755e-05  0.00000000e+00 
 1.92563772e-05  3.84537699e-02  1.92563772e-05 -1.28587604e-09  1.92563772e-05  0.00000000e+00 
 1.92860186e-05  3.73380851e-02  1.92860186e-05 -1.31617416e-09  1.92860186e-05  0.00000000e+00 
 1.93156599e-05  3.62541924e-02  1.93156599e-05 -1.34365821e-09  1.93156599e-05  0.00000000e+00 
 1.93453012e-05  3.52024008e-02  1.93453012e-05 -1.37367004e-09  1.93453012e-05  0.00000000e+00 
 1.93749426e-05  3.41805220e-02  1.93749426e-05 -1.40061645e-09  1.93749426e-05  0.00000000e+00 
 1.94045839e-05  3.31889652e-02  1.94045839e-05 -1.43027318e-09  1.94045839e-05  0.00000000e+00 
 1.94342253e-05  3.22255511e-02  1.94342253e-05 -1.45662320e-09  1.94342253e-05  0.00000000e+00 
 1.94638666e-05  3.12907803e-02  1.94638666e-05 -1.48586148e-09  1.94638666e-05  0.00000000e+00 
 1.94935079e-05  3.03824851e-02  1.94935079e-05 -1.51156460e-09  1.94935079e-05  0.00000000e+00 
 1.95231493e-05  2.95012488e-02  1.95231493e-05 -1.54032697e-09  1.95231493e-05  0.00000000e+00 
 1.95527906e-05  2.86449184e-02  1.95527906e-05 -1.56534101e-09  1.95527906e-05  0.00000000e+00 
 1.95824319e-05  2.78141509e-02  1.95824319e-05 -1.59357581e-09  1.95824319e-05  0.00000000e+00 
 1.96120733e-05  2.70068120e-02  1.96120733e-05 -1.61786660e-09  1.96120733e-05  0.00000000e+00 
 1.96417146e-05  2.62236233e-02  1.96417146e-05 -1.64552770e-09  1.96417146e-05  0.00000000e+00 
 1.96713560e-05  2.54624728e-02  1.96713560e-05 -1.66906877e-09  1.96713560e-05  0.00000000e+00 
 1.97009973e-05  2.47241379e-02  1.97009973e-05 -1.69611538e-09  1.97009973e-05  0.00000000e+00 
 1.97306386e-05  2.40065335e-02  1.97306386e-05 -1.71888753e-09  1.97306386e-05  0.00000000e+00 
 1.97602800e-05  2.33104835e-02  1.97602800e-05 -1.74528387e-09  1.97602800e-05  0.00000000e+00 
 1.97899213e-05  2.26339340e-02  1.97899213e-05 -1.76727471e-09  1.97899213e-05  0.00000000e+00 
 1.98195626e-05  2.19777470e-02  1.98195626e-05 -1.79298977e-09  1.98195626e-05  0.00000000e+00 
 1.98492040e-05  2.13399040e-02  1.98492040e-05 -1.81419320e-09  1.98492040e-05  0.00000000e+00 
 1.98788453e-05  2.07212966e-02  1.98788453e-05 -1.83920041e-09  1.98788453e-05  0.00000000e+00 
 1.99084867e-05  2.01199462e-02  1.99084867e-05 -1.85961613e-09  1.99084867e-05  0.00000000e+00 
 1.99381280e-05  1.95367655e-02  1.99381280e-05 -1.88389305e-09  1.99381280e-05  0.00000000e+00 
 1.99677693e-05  1.89698208e-02  1.99677693e-05 -1.90352603e-09  1.99677693e-05  0.00000000e+00 
 1.99974107e-05  1.84200372e-02  1.99974107e-05 -1.92705406e-09  1.99974107e-05  0.00000000e+00 
 2.00270520e-05  1.78855306e-02  2.00270520e-05 -1.94591401e-09  2.00270520e-05  0.00000000e+00 
 2.00566933e-05  1.73672306e-02  2.00566933e-05 -1.96867807e-09  2.00566933e-05  0.00000000e+00 
 2.00863347e-05  1.68633073e-02  2.00863347e-05 -1.98677891e-09  2.00863347e-05  0.00000000e+00 
 2.01159760e-05  1.63746867e-02  2.01159760e-05 -2.00876720e-09  2.01159760e-05  0.00000000e+00 
 2.01456174e-05  1.58995982e-02  2.01456174e-05 -2.02612653e-09  2.01456174e-05  0.00000000e+00 
 2.01752587e-05  1.54389561e-02  2.01752587e-05 -2.04733021e-09  2.01752587e-05  0.00000000e+00 
 2.02049000e-05  1.49910539e-02  2.02049000e-05 -2.06396881e-09  2.02049000e-05  0.00000000e+00 
 2.02345414e-05  1.45567869e-02  2.02345414e-05 -2.08438180e-09  2.02345414e-05  0.00000000e+00 
 2.02641827e-05  1.41345169e-02  2.02641827e-05 -2.10032317e-09  2.02641827e-05  0.00000000e+00 
 2.02938241e-05  1.37251131e-02  2.02938241e-05 -2.11994185e-09  2.02938241e-05  0.00000000e+00 
 2.03234654e-05  1.33270104e-02  2.03234654e-05 -2.13521173e-09  2.03234654e-05  0.00000000e+00 
 2.03531067e-05  1.29410445e-02  2.03531067e-05 -2.15403480e-09  2.03531067e-05  0.00000000e+00 
 2.03827481e-05  1.25657277e-02  2.03827481e-05 -2.16866074e-09  2.03827481e-05  0.00000000e+00 
 2.04123894e-05  1.22018560e-02  2.04123894e-05 -2.18668895e-09  2.04123894e-05  0.00000000e+00 
 2.04420307e-05  1.18480232e-02  2.04420307e-05 -2.20069990e-09  2.04420307e-05  0.00000000e+00 
 2.04716721e-05  1.15049789e-02  2.04716721e-05 -2.21793592e-09  2.04716721e-05  0.00000000e+00 
 2.05013134e-05  1.11714023e-02  2.05013134e-05 -2.23136185e-09  2.05013134e-05  0.00000000e+00 
 2.05309548e-05  1.08479910e-02  2.05309548e-05 -2.24781008e-09  2.05309548e-05  0.00000000e+00 
 2.05605961e-05  1.05335135e-02  2.05605961e-05 -2.26068163e-09  2.05605961e-05  0.00000000e+00 
 2.05902374e-05  1.02286093e-02  2.05902374e-05 -2.27634807e-09  2.05902374e-05  0.00000000e+00 
 2.06198788e-05  9.93213962e-03  2.06198788e-05 -2.28869621e-09  2.06198788e-05  0.00000000e+00 
 2.06495201e-05  9.64468116e-03  2.06495201e-05 -2.30358832e-09  2.06495201e-05  0.00000000e+00 
 2.06791614e-05  9.36519062e-03  2.06791614e-05 -2.31544407e-09  2.06791614e-05  0.00000000e+00 
 2.07088028e-05  9.09417716e-03  2.07088028e-05 -2.32957067e-09  2.07088028e-05  0.00000000e+00 
 2.07384441e-05  8.83069596e-03  2.07384441e-05 -2.34096482e-09  2.07384441e-05  0.00000000e+00 
 2.07680855e-05  8.57518415e-03  2.07680855e-05 -2.35433596e-09  2.07680855e-05  0.00000000e+00 
 2.07977268e-05  8.32679792e-03  2.07977268e-05 -2.36529884e-09  2.07977268e-05  0.00000000e+00 
 2.08273681e-05  8.08589846e-03  2.08273681e-05 -2.37792575e-09  2.08273681e-05  0.00000000e+00 
 2.08570095e-05  7.85174508e-03  2.08570095e-05 -2.38848700e-09  2.08570095e-05  0.00000000e+00 
 2.08866508e-05  7.62461964e-03  2.08866508e-05 -2.40038196e-09  2.08866508e-05  0.00000000e+00 
 2.09162921e-05  7.40388630e-03  2.09162921e-05 -2.41057035e-09  2.09162921e-05  0.00000000e+00 
 2.09459335e-05  7.18974459e-03  2.09459335e-05 -2.42174666e-09  2.09459335e-05  0.00000000e+00 
 2.09755748e-05  6.98166492e-03  2.09755748e-05 -2.43158990e-09  2.09755748e-05  0.00000000e+00 
 2.10052162e-05  6.77976198e-03  2.10052162e-05 -2.44206181e-09  2.10052162e-05  0.00000000e+00 
 2.10348575e-05  6.58361339e-03  2.10348575e-05 -2.45158644e-09  2.10348575e-05  0.00000000e+00 
 2.10644988e-05  6.39324698e-03  2.10644988e-05 -2.46136907e-09  2.10644988e-05  0.00000000e+00 
 2.10876398e-05  6.24843149e-03  2.10876398e-05 -2.46858680e-09  2.10876398e-05  0.00000000e+00 
 2.10972306e-05  6.18939096e-03  2.10972306e-05 -2.47145038e-09  2.10972306e-05  0.00000000e+00 
 2.11061255e-05  6.13518105e-03  2.11061255e-05 -2.47463830e-09  2.11061255e-05  0.00000000e+00 
 2.11134378e-05  6.09085144e-03  2.11134378e-05 -2.47608465e-09  2.11134378e-05  0.00000000e+00 
 2.11204862e-05  6.04864543e-03  2.11204862e-05 -2.47941585e-09  2.11204862e-05  0.00000000e+00 
 2.11276387e-05  6.00579874e-03  2.11276387e-05 -2.48003237e-09  2.11276387e-05  0.00000000e+00 
 2.11351131e-05  5.96175986e-03  2.11351131e-05 -2.48416153e-09  2.11351131e-05  0.00000000e+00 
 2.11436429e-05  5.91139028e-03  2.11436429e-05 -2.48455835e-09  2.11436429e-05  0.00000000e+00 
 2.11539707e-05  5.85156577e-03  2.11539707e-05 -2.48998105e-09  2.11539707e-05  0.00000000e+00 
 2.11675508e-05  5.77315819e-03  2.11675508e-05 -2.49145596e-09  2.11675508e-05  0.00000000e+00 
 2.11872928e-05  5.66179164e-03  2.11872928e-05 -2.49977502e-09  2.11872928e-05  0.00000000e+00 
 2.12169341e-05  5.49784294e-03  2.12169341e-05 -2.50548938e-09  2.12169341e-05  0.00000000e+00 
 2.12465754e-05  5.33929759e-03  2.12465754e-05 -2.51639697e-09  2.12465754e-05  0.00000000e+00 
 2.12762168e-05  5.18470443e-03  2.12762168e-05 -2.52158323e-09  2.12762168e-05  0.00000000e+00 
 2.13058581e-05  5.03526361e-03  2.13058581e-05 -2.53216579e-09  2.13058581e-05  0.00000000e+00 
 2.13354995e-05  4.88949133e-03  2.13354995e-05 -2.53685487e-09  2.13354995e-05  0.00000000e+00 
 2.13651408e-05  4.74863290e-03  2.13651408e-05 -2.54712123e-09  2.13651408e-05  0.00000000e+00 
 2.13947821e-05  4.61117762e-03  2.13947821e-05 -2.55134455e-09  2.13947821e-05  0.00000000e+00 
 2.14244235e-05  4.47840922e-03  2.14244235e-05 -2.56129939e-09  2.14244235e-05  0.00000000e+00 
 2.14540648e-05  4.34879600e-03  2.14540648e-05 -2.56508834e-09  2.14540648e-05  0.00000000e+00 
 2.14837061e-05  4.22365334e-03  2.14837061e-05 -2.57473532e-09  2.14837061e-05  0.00000000e+00 
 2.15133475e-05  4.10143457e-03  2.15133475e-05 -2.57812121e-09  2.15133475e-05  0.00000000e+00 
 2.15429888e-05  3.98347978e-03  2.15429888e-05 -2.58746301e-09  2.15429888e-05  0.00000000e+00 
 2.15726302e-05  3.86823357e-03  2.15726302e-05 -2.59047695e-09  2.15726302e-05  0.00000000e+00 
 2.16022715e-05  3.75705376e-03  2.16022715e-05 -2.59951538e-09  2.16022715e-05  0.00000000e+00 
 2.16319128e-05  3.64838251e-03  2.16319128e-05 -2.60218814e-09  2.16319128e-05  0.00000000e+00 
 2.16615542e-05  3.54358831e-03  2.16615542e-05 -2.61092420e-09  2.16615542e-05  0.00000000e+00 
 2.16911955e-05  3.44111724e-03  2.16911955e-05 -2.61328620e-09  2.16911955e-05  0.00000000e+00 
 2.17208368e-05  3.34234148e-03  2.17208368e-05 -2.62172015e-09  2.17208368e-05  0.00000000e+00 
 2.17504782e-05  3.24571737e-03  2.17504782e-05 -2.62380131e-09  2.17504782e-05  0.00000000e+00 
 2.17801195e-05  3.15261379e-03  2.17801195e-05 -2.63193278e-09  2.17801195e-05  0.00000000e+00 
 2.18097609e-05  3.06150374e-03  2.18097609e-05 -2.63376248e-09  2.18097609e-05  0.00000000e+00 
 2.18394022e-05  2.97374584e-03  2.18394022e-05 -2.64159051e-09  2.18394022e-05  0.00000000e+00 
 2.18690435e-05  2.88783607e-03  2.18690435e-05 -2.64319748e-09  2.18690435e-05  0.00000000e+00 
 2.18986849e-05  2.80511594e-03  2.18986849e-05 -2.65072069e-09  2.18986849e-05  0.00000000e+00 
 2.19283262e-05  2.72411070e-03  2.19283262e-05 -2.65213295e-09  2.19283262e-05  0.00000000e+00 
 2.19579675e-05  2.64613800e-03  2.19579675e-05 -2.65934954e-09  2.19579675e-05  0.00000000e+00 
 2.19876089e-05  2.56975854e-03  2.19876089e-05 -2.66059434e-09  2.19876089e-05  0.00000000e+00 
 2.20172502e-05  2.49625951e-03  2.20172502e-05 -2.66750223e-09  2.20172502e-05  0.00000000e+00 
 2.20468916e-05  2.42424307e-03  2.20468916e-05 -2.66860596e-09  2.20468916e-05  0.00000000e+00 
 2.20765329e-05  2.35495955e-03  2.20765329e-05 -2.67520288e-09  2.20765329e-05  0.00000000e+00 
 2.21061742e-05  2.28705848e-03  2.21061742e-05 -2.67619104e-09  2.21061742e-05  0.00000000e+00 
 2.21358156e-05  2.22174705e-03  2.21358156e-05 -2.68247458e-09  2.21358156e-05  0.00000000e+00 
 2.21654569e-05  2.15772789e-03  2.21654569e-05 -2.68337168e-09  2.21654569e-05  0.00000000e+00 
 2.21950982e-05  2.09615905e-03  2.21950982e-05 -2.68933943e-09  2.21950982e-05  0.00000000e+00 
 2.22247396e-05  2.03580173e-03  2.22247396e-05 -2.69016896e-09  2.22247396e-05  0.00000000e+00 
 2.22543809e-05  1.97775909e-03  2.22543809e-05 -2.69581856e-09  2.22543809e-05  0.00000000e+00 
 2.22840223e-05  1.92085615e-03  2.22840223e-05 -2.69660294e-09  2.22840223e-05  0.00000000e+00 
 2.23136636e-05  1.86613570e-03  2.23136636e-05 -2.70193215e-09  2.23136636e-05  0.00000000e+00 
 2.23433049e-05  1.81249156e-03  2.23433049e-05 -2.70269267e-09  2.23433049e-05  0.00000000e+00 
 2.23729463e-05  1.76090098e-03  2.23729463e-05 -2.70769949e-09  2.23729463e-05  0.00000000e+00 
 2.24025876e-05  1.71033125e-03  2.24025876e-05 -2.70845627e-09  2.24025876e-05  0.00000000e+00 
 2.24322289e-05  1.66168922e-03  2.24322289e-05 -2.71313896e-09  2.24322289e-05  0.00000000e+00 
 2.24618703e-05  1.61402004e-03  2.24618703e-05 -2.71391094e-09  2.24618703e-05  0.00000000e+00 
 2.24915116e-05  1.56815565e-03  2.24915116e-05 -2.71826812e-09  2.24915116e-05  0.00000000e+00 
 2.25211530e-05  1.52322311e-03  2.25211530e-05 -2.71907298e-09  2.25211530e-05  0.00000000e+00 
 2.25507943e-05  1.47997527e-03  2.25507943e-05 -2.72310372e-09  2.25507943e-05  0.00000000e+00 
 2.25804356e-05  1.43762477e-03  2.25804356e-05 -2.72395787e-09  2.25804356e-05  0.00000000e+00 
 2.26100770e-05  1.39684165e-03  2.26100770e-05 -2.72766169e-09  2.26100770e-05  0.00000000e+00 
 2.26397183e-05  1.35692742e-03  2.26397183e-05 -2.72858026e-09  2.26397183e-05  0.00000000e+00 
 2.26693597e-05  1.31846592e-03  2.26693597e-05 -2.73195723e-09  2.26693597e-05  0.00000000e+00 
 2.26990010e-05  1.28085048e-03  2.26990010e-05 -2.73295404e-09  2.26990010e-05  0.00000000e+00 
 2.27286423e-05  1.24457577e-03  2.27286423e-05 -2.73600482e-09  2.27286423e-05  0.00000000e+00 
 2.27582837e-05  1.20912943e-03  2.27582837e-05 -2.73709233e-09  2.27582837e-05  0.00000000e+00 
 2.27879250e-05  1.17491444e-03  2.27879250e-05 -2.73981821e-09  2.27879250e-05  0.00000000e+00 
 2.28175663e-05  1.14151488e-03  2.28175663e-05 -2.74100757e-09  2.28175663e-05  0.00000000e+00 
 2.28472077e-05  1.10923992e-03  2.28472077e-05 -2.74341053e-09  2.28472077e-05  0.00000000e+00 
 2.28768490e-05  1.07777172e-03  2.28768490e-05 -2.74471153e-09  2.28768490e-05  0.00000000e+00 
 2.29064904e-05  1.04732402e-03  2.29064904e-05 -2.74679424e-09  2.29064904e-05  0.00000000e+00 
 2.29361317e-05  1.01767830e-03  2.29361317e-05 -2.74821530e-09  2.29361317e-05  0.00000000e+00 
 2.29584118e-05  9.96011207e-04  2.29584118e-05 -2.74956372e-09  2.29584118e-05  0.00000000e+00 
 2.29691905e-05  9.85694320e-04  2.29691905e-05 -2.75025009e-09  2.29691905e-05  0.00000000e+00 
 2.29784284e-05  9.76895629e-04  2.29784284e-05 -2.75031447e-09  2.29784284e-05  0.00000000e+00 
 2.29862558e-05  9.69620861e-04  2.29862558e-05 -2.75153968e-09  2.29862558e-05  0.00000000e+00 
 2.29938282e-05  9.62428165e-04  2.29938282e-05 -2.75072633e-09  2.29938282e-05  0.00000000e+00 
 2.30014153e-05  9.55576225e-04  2.30014153e-05 -2.75272395e-09  2.30014153e-05  0.00000000e+00 
 2.30094173e-05  9.48012168e-04  2.30094173e-05 -2.75118655e-09  2.30094173e-05  0.00000000e+00 
 2.30184954e-05  9.39988603e-04  2.30184954e-05 -2.75390008e-09  2.30184954e-05  0.00000000e+00 
 2.30294287e-05  9.29855230e-04  2.30294287e-05 -2.75198194e-09  2.30294287e-05  0.00000000e+00 
 2.30437086e-05  9.17427308e-04  2.30437086e-05 -2.75534083e-09  2.30437086e-05  0.00000000e+00 
 2.30641617e-05  8.99216891e-04  2.30641617e-05 -2.75360192e-09  2.30641617e-05  0.00000000e+00 
 2.30938030e-05  8.74215645e-04  2.30938030e-05 -2.75785889e-09  2.30938030e-05  0.00000000e+00 
 2.31234444e-05  8.49318649e-04  2.31234444e-05 -2.75637578e-09  2.31234444e-05  0.00000000e+00 
 2.31530857e-05  8.25778700e-04  2.31530857e-05 -2.76065994e-09  2.31530857e-05  0.00000000e+00 
 2.31827270e-05  8.02277183e-04  2.31827270e-05 -2.75899496e-09  2.31827270e-05  0.00000000e+00 
 2.32123684e-05  7.80114072e-04  2.32123684e-05 -2.76329681e-09  2.32123684e-05  0.00000000e+00 
 2.32420097e-05  7.57928996e-04  2.32420097e-05 -2.76147078e-09  2.32420097e-05  0.00000000e+00 
 2.32716511e-05  7.37062988e-04  2.32716511e-05 -2.76578063e-09  2.32716511e-05  0.00000000e+00 
 2.33012924e-05  7.16119982e-04  2.33012924e-05 -2.76381180e-09  2.33012924e-05  0.00000000e+00 
 2.33309337e-05  6.96475775e-04  2.33309337e-05 -2.76811933e-09  2.33309337e-05  0.00000000e+00 
 2.33605751e-05  6.76704851e-04  2.33605751e-05 -2.76602610e-09  2.33605751e-05  0.00000000e+00 
 2.33902164e-05  6.58211330e-04  2.33902164e-05 -2.77032043e-09  2.33902164e-05  0.00000000e+00 
 2.34198577e-05  6.39546631e-04  2.34198577e-05 -2.76812126e-09  2.34198577e-05  0.00000000e+00 
 2.34494991e-05  6.22136630e-04  2.34494991e-05 -2.77239106e-09  2.34494991e-05  0.00000000e+00 
 2.34791404e-05  6.04516186e-04  2.34791404e-05 -2.77010445e-09  2.34791404e-05  0.00000000e+00 
 2.35087818e-05  5.88126272e-04  2.35087818e-05 -2.77433802e-09  2.35087818e-05  0.00000000e+00 
 2.35384231e-05  5.71491769e-04  2.35384231e-05 -2.77198243e-09  2.35384231e-05  0.00000000e+00 
 2.35680644e-05  5.56062032e-04  2.35680644e-05 -2.77616775e-09  2.35680644e-05  0.00000000e+00 
 2.35977058e-05  5.40358600e-04  2.35977058e-05 -2.77376152e-09  2.35977058e-05  0.00000000e+00 
 2.36273471e-05  5.25832457e-04  2.36273471e-05 -2.77788638e-09  2.36273471e-05  0.00000000e+00 
 2.36569885e-05  5.11008464e-04  2.36569885e-05 -2.77544770e-09  2.36569885e-05  0.00000000e+00 
 2.36866298e-05  4.97332480e-04  2.36866298e-05 -2.77949973e-09  2.36866298e-05  0.00000000e+00 
 2.37162711e-05  4.83339337e-04  2.37162711e-05 -2.77704655e-09  2.37162711e-05  0.00000000e+00 
 2.37459125e-05  4.70463051e-04  2.37459125e-05 -2.78101335e-09  2.37459125e-05  0.00000000e+00 
 2.37755538e-05  4.57255034e-04  2.37755538e-05 -2.77856333e-09  2.37755538e-05  0.00000000e+00 
 2.38051951e-05  4.45130794e-04  2.38051951e-05 -2.78243251e-09  2.38051951e-05  0.00000000e+00 
 2.38348365e-05  4.32664869e-04  2.38348365e-05 -2.78000296e-09  2.38348365e-05  0.00000000e+00 
 2.38644778e-05  4.21247683e-04  2.38644778e-05 -2.78376223e-09  2.38644778e-05  0.00000000e+00 
 2.38941192e-05  4.09483342e-04  2.38941192e-05 -2.78137004e-09  2.38941192e-05  0.00000000e+00 
 2.39237605e-05  3.98730735e-04  2.39237605e-05 -2.78500730e-09  2.39237605e-05  0.00000000e+00 
 2.39534018e-05  3.87629845e-04  2.39534018e-05 -2.78266888e-09  2.39534018e-05  0.00000000e+00 
 2.39830432e-05  3.77501723e-04  2.39830432e-05 -2.78617228e-09  2.39830432e-05  0.00000000e+00 
 2.40126845e-05  3.67028378e-04  2.40126845e-05 -2.78390351e-09  2.40126845e-05  0.00000000e+00 
 2.40423258e-05  3.57486900e-04  2.40423258e-05 -2.78726154e-09  2.40423258e-05  0.00000000e+00 
 2.40719672e-05  3.47607288e-04  2.40719672e-05 -2.78507768e-09  2.40719672e-05  0.00000000e+00 
 2.41016085e-05  3.38616748e-04  2.41016085e-05 -2.78827921e-09  2.41016085e-05  0.00000000e+00 
 2.41312499e-05  3.29299018e-04  2.41312499e-05 -2.78619489e-09  2.41312499e-05  0.00000000e+00 
 2.41608912e-05  3.20825732e-04  2.41608912e-05 -2.78922926e-09  2.41608912e-05  0.00000000e+00 
 2.41905325e-05  3.12039873e-04  2.41905325e-05 -2.78725840e-09  2.41905325e-05  0.00000000e+00 
 2.42201739e-05  3.04052073e-04  2.42201739e-05 -2.79011549e-09  2.42201739e-05  0.00000000e+00 
 2.42498152e-05  2.95769799e-04  2.42498152e-05 -2.78827125e-09  2.42498152e-05  0.00000000e+00 
 2.42794565e-05  2.88237534e-04  2.42794565e-05 -2.79094151e-09  2.42794565e-05  0.00000000e+00 
 2.43090979e-05  2.80432176e-04  2.43090979e-05 -2.78923625e-09  2.43090979e-05  0.00000000e+00 
 2.43387392e-05  2.73327217e-04  2.43387392e-05 -2.79171080e-09  2.43387392e-05  0.00000000e+00 
 2.43683806e-05  2.65973618e-04  2.43683806e-05 -2.79015601e-09  2.43683806e-05  0.00000000e+00 
 2.43980219e-05  2.59269370e-04  2.43980219e-05 -2.79242665e-09  2.43980219e-05  0.00000000e+00 
 2.44276632e-05  2.52343791e-04  2.44276632e-05 -2.79103296e-09  2.44276632e-05  0.00000000e+00 
 2.44573046e-05  2.46015209e-04  2.44573046e-05 -2.79309225e-09  2.44573046e-05  0.00000000e+00 
 2.44869459e-05  2.39495238e-04  2.44869459e-05 -2.79186934e-09  2.44869459e-05  0.00000000e+00 
 2.45165872e-05  2.33518747e-04  2.45165872e-05 -2.79371063e-09  2.45165872e-05  0.00000000e+00 
 2.45462286e-05  2.27383213e-04  2.45462286e-05 -2.79266723e-09  2.45462286e-05  0.00000000e+00 
 2.45758699e-05  2.21736634e-04  2.45758699e-05 -2.79428470e-09  2.45758699e-05  0.00000000e+00 
 2.46055113e-05  2.15965528e-04  2.46055113e-05 -2.79342853e-09  2.46055113e-05  0.00000000e+00 
 2.46351526e-05  2.10628008e-04  2.46351526e-05 -2.79481724e-09  2.46351526e-05  0.00000000e+00 
 2.46647939e-05  2.05202402e-04  2.46647939e-05 -2.79415501e-09  2.46647939e-05  0.00000000e+00 
 2.46944353e-05  2.00154347e-04  2.46944353e-05 -2.79531093e-09  2.46944353e-05  0.00000000e+00 
 2.47240766e-05  1.95056331e-04  2.47240766e-05 -2.79484831e-09  2.47240766e-05  0.00000000e+00 
 2.47537179e-05  1.90279341e-04  2.47537179e-05 -2.79576832e-09  2.47537179e-05  0.00000000e+00 
 2.47833593e-05  1.85491950e-04  2.47833593e-05 -2.79550993e-09  2.47833593e-05  0.00000000e+00 
 2.48130006e-05  1.80968762e-04  2.48130006e-05 -2.79619187e-09  2.48130006e-05  0.00000000e+00 
 2.48426420e-05  1.76475917e-04  2.48426420e-05 -2.79614123e-09  2.48426420e-05  0.00000000e+00 
 2.48691325e-05  1.72642679e-04  2.48691325e-05 -2.79655117e-09  2.48691325e-05  0.00000000e+00 
 2.48852322e-05  1.70329000e-04  2.48852322e-05 -2.79666263e-09  2.48852322e-05  0.00000000e+00 
 2.48947075e-05  1.68975659e-04  2.48947075e-05 -2.79648109e-09  2.48947075e-05  0.00000000e+00 
 2.49030177e-05  1.67871951e-04  2.49030177e-05 -2.79717918e-09  2.49030177e-05  0.00000000e+00 
 2.49110630e-05  1.66654556e-04  2.49110630e-05 -2.79621699e-09  2.49110630e-05  0.00000000e+00 
 2.49184022e-05  1.65791139e-04  2.49184022e-05 -2.79770393e-09  2.49184022e-05  0.00000000e+00 
 2.49261765e-05  1.64539699e-04  2.49261765e-05 -2.79594877e-09  2.49261765e-05  0.00000000e+00 
 2.49345953e-05  1.63625908e-04  2.49345953e-05 -2.79816139e-09  2.49345953e-05  0.00000000e+00 
 2.49442738e-05  1.62068874e-04  2.49442738e-05 -2.79581548e-09  2.49442738e-05  0.00000000e+00 
 2.49564231e-05  1.60735736e-04  2.49564231e-05 -2.79853126e-09  2.49564231e-05  0.00000000e+00 
 2.49728008e-05  1.58294019e-04  2.49728008e-05 -2.79588584e-09  2.49728008e-05  0.00000000e+00 
 2.49972307e-05  1.55466384e-04  2.49972307e-05 -2.79892542e-09  2.49972307e-05  0.00000000e+00 
 2.50268720e-05  1.51448355e-04  2.50268720e-05 -2.79621569e-09  2.50268720e-05  0.00000000e+00 
 2.50565134e-05  1.48173680e-04  2.50565134e-05 -2.79940156e-09  2.50565134e-05  0.00000000e+00 
 2.50861547e-05  1.44355700e-04  2.50861547e-05 -2.79657413e-09  2.50861547e-05  0.00000000e+00 
 2.51157960e-05  1.41298067e-04  2.51157960e-05 -2.79984400e-09  2.51157960e-05  0.00000000e+00 
 2.51454374e-05  1.37669480e-04  2.51454374e-05 -2.79691496e-09  2.51454374e-05  0.00000000e+00 
 2.51750787e-05  1.34815582e-04  2.51750787e-05 -2.80025681e-09  2.51750787e-05  0.00000000e+00 
 2.52047201e-05  1.31366491e-04  2.52047201e-05 -2.79724103e-09  2.52047201e-05  0.00000000e+00 
 2.52343614e-05  1.28703655e-04  2.52343614e-05 -2.80064111e-09  2.52343614e-05  0.00000000e+00 
 2.52640027e-05  1.25424862e-04  2.52640027e-05 -2.79755375e-09  2.52640027e-05  0.00000000e+00 
 2.52936441e-05  1.22941012e-04  2.52936441e-05 -2.80099796e-09  2.52936441e-05  0.00000000e+00 
 2.53232854e-05  1.19823967e-04  2.53232854e-05 -2.79785445e-09  2.53232854e-05  0.00000000e+00 
 2.53529267e-05  1.17507599e-04  2.53529267e-05 -2.80132840e-09  2.53529267e-05  0.00000000e+00 
 2.53825681e-05  1.14544362e-04  2.53825681e-05 -2.79814434e-09  2.53825681e-05  0.00000000e+00 
 2.54122094e-05  1.12384513e-04  2.54122094e-05 -2.80163344e-09  2.54122094e-05  0.00000000e+00 
 2.54418508e-05  1.09567711e-04  2.54418508e-05 -2.79842455e-09  2.54418508e-05  0.00000000e+00 
 2.54714921e-05  1.07553938e-04  2.54714921e-05 -2.80191404e-09  2.54714921e-05  0.00000000e+00 
 2.55011334e-05  1.04876725e-04  2.55011334e-05 -2.79869609e-09  2.55011334e-05  0.00000000e+00 
 2.55307748e-05  1.02999078e-04  2.55307748e-05 -2.80217117e-09  2.55307748e-05  0.00000000e+00 
 2.55604161e-05  1.00455100e-04  2.55604161e-05 -2.79895990e-09  2.55604161e-05  0.00000000e+00 
 2.55900574e-05  9.87041040e-05  2.55900574e-05 -2.80240575e-09  2.55900574e-05  0.00000000e+00 
 2.56196988e-05  9.62874631e-05  2.56196988e-05 -2.79921682e-09  2.56196988e-05  0.00000000e+00 
 2.56493401e-05  9.46540979e-05  2.56493401e-05 -2.80261869e-09  2.56493401e-05  0.00000000e+00 
 2.56789815e-05  9.23593167e-05  2.56789815e-05 -2.79946760e-09  2.56789815e-05  0.00000000e+00 
 2.57086228e-05  9.08349983e-05  2.57086228e-05 -2.80281090e-09  2.57086228e-05  0.00000000e+00 
 2.57382641e-05  8.86569887e-05  2.57382641e-05 -2.79971291e-09  2.57382641e-05  0.00000000e+00 
 2.57679055e-05  8.72335536e-05  2.57679055e-05 -2.80298325e-09  2.57679055e-05  0.00000000e+00 
 2.57975468e-05  8.51675854e-05  2.57975468e-05 -2.79995334e-09  2.57975468e-05  0.00000000e+00 
 2.58271881e-05  8.38372748e-05  2.58271881e-05 -2.80313663e-09  2.58271881e-05  0.00000000e+00 
 2.58568295e-05  8.18789467e-05  2.58568295e-05 -2.80018941e-09  2.58568295e-05  0.00000000e+00 
 2.58864708e-05  8.06343927e-05  2.58864708e-05 -2.80327189e-09  2.58864708e-05  0.00000000e+00 
 2.59161122e-05  7.87796038e-05  2.59161122e-05 -2.80042156e-09  2.59161122e-05  0.00000000e+00 
 2.59457535e-05  7.76138161e-05  2.59457535e-05 -2.80338990e-09  2.59457535e-05  0.00000000e+00 
 2.59753948e-05  7.58587394e-05  2.59753948e-05 -2.80065015e-09  2.59753948e-05  0.00000000e+00 
 2.60050362e-05  7.47650936e-05  2.60050362e-05 -2.80349150e-09  2.60050362e-05  0.00000000e+00 
 2.60346775e-05  7.31061509e-05  2.60346775e-05 -2.80087550e-09  2.60346775e-05  0.00000000e+00 
 2.60643188e-05  7.20783768e-05  2.60643188e-05 -2.80357755e-09  2.60643188e-05  0.00000000e+00 
 2.60939602e-05  7.05122146e-05  2.60939602e-05 -2.80109783e-09  2.60939602e-05  0.00000000e+00 
 2.61236015e-05  6.95443860e-05  2.61236015e-05 -2.80364888e-09  2.61236015e-05  0.00000000e+00 
 2.61532429e-05  6.80678524e-05  2.61532429e-05 -2.80131735e-09  2.61532429e-05  0.00000000e+00 
 2.61828842e-05  6.71543774e-05  2.61828842e-05 -2.80370634e-09  2.61828842e-05  0.00000000e+00 
 2.62125255e-05  6.57645013e-05  2.62125255e-05 -2.80153416e-09  2.62125255e-05  0.00000000e+00 
 2.62421669e-05  6.49001125e-05  2.62421669e-05 -2.80375075e-09  2.62421669e-05  0.00000000e+00 
 2.62718082e-05  6.35940829e-05  2.62718082e-05 -2.80174835e-09  2.62718082e-05  0.00000000e+00 
 2.63014495e-05  6.27738293e-05  2.63014495e-05 -2.80378295e-09  2.63014495e-05  0.00000000e+00 
 2.63310909e-05  6.15489766e-05  2.63310909e-05 -2.80195993e-09  2.63310909e-05  0.00000000e+00 
 2.63607322e-05  6.07682151e-05  2.63607322e-05 -2.80380378e-09  2.63607322e-05  0.00000000e+00 
 2.63903736e-05  5.96219929e-05  2.63903736e-05 -2.80216888e-09  2.63903736e-05  0.00000000e+00 
 2.64200149e-05  5.88763802e-05  2.64200149e-05 -2.80381404e-09  2.64200149e-05  0.00000000e+00 
 2.64496562e-05  5.78063490e-05  2.64496562e-05 -2.80237513e-09  2.64496562e-05  0.00000000e+00 
 2.64792976e-05  5.70918341e-05  2.64792976e-05 -2.80381456e-09  2.64792976e-05  0.00000000e+00 
 2.65089389e-05  5.60956455e-05  2.65089389e-05 -2.80257860e-09  2.65089389e-05  0.00000000e+00 
 2.65385802e-05  5.54084624e-05  2.65385802e-05 -2.80380617e-09  2.65385802e-05  0.00000000e+00 
 2.65682216e-05  5.44838447e-05  2.65682216e-05 -2.80277912e-09  2.65682216e-05  0.00000000e+00 
 2.65978629e-05  5.38205051e-05  2.65978629e-05 -2.80378966e-09  2.65978629e-05  0.00000000e+00 
 2.66275043e-05  5.29652501e-05  2.66275043e-05 -2.80297654e-09  2.66275043e-05  0.00000000e+00 
 2.66571456e-05  5.23225361e-05  2.66571456e-05 -2.80376584e-09  2.66571456e-05  0.00000000e+00 
 2.66867869e-05  5.15344867e-05  2.66867869e-05 -2.80317066e-09  2.66867869e-05  0.00000000e+00 
 2.67164283e-05  5.09094443e-05  2.67164283e-05 -2.80373551e-09  2.67164283e-05  0.00000000e+00 
 2.67460696e-05  5.01864832e-05  2.67460696e-05 -2.80336124e-09  2.67460696e-05  0.00000000e+00 
 2.67757110e-05  4.95764150e-05  2.67757110e-05 -2.80369944e-09  2.67757110e-05  0.00000000e+00 
 2.68003318e-05  4.90234237e-05  2.68003318e-05 -2.80355349e-09  2.68003318e-05  0.00000000e+00 
 2.68125658e-05  4.87713073e-05  2.68125658e-05 -2.80353997e-09  2.68125658e-05  0.00000000e+00 
 2.68220420e-05  4.86044765e-05  2.68220420e-05 -2.80389197e-09  2.68220420e-05  0.00000000e+00 
 2.68299848e-05  4.83693205e-05  2.68299848e-05 -2.80317991e-09  2.68299848e-05  0.00000000e+00 
 2.68376665e-05  4.83295387e-05  2.68376665e-05 -2.80431947e-09  2.68376665e-05  0.00000000e+00 
 2.68451187e-05  4.80168406e-05  2.68451187e-05 -2.80279401e-09  2.68451187e-05  0.00000000e+00 
 2.68529245e-05  4.80632008e-05  2.68529245e-05 -2.80470906e-09  2.68529245e-05  0.00000000e+00 
 2.68616217e-05  4.76509134e-05  2.68616217e-05 -2.80249391e-09  2.68616217e-05  0.00000000e+00 
 2.68718760e-05  4.77153643e-05  2.68718760e-05 -2.80497911e-09  2.68718760e-05  0.00000000e+00 
 2.68850091e-05  4.71709461e-05  2.68850091e-05 -2.80233328e-09  2.68850091e-05  0.00000000e+00 
 2.69033313e-05  4.71209014e-05  2.69033313e-05 -2.80513705e-09  2.69033313e-05  0.00000000e+00 
 2.69316317e-05  4.62778948e-05  2.69316317e-05 -2.80230167e-09  2.69316317e-05  0.00000000e+00 
 2.69612731e-05  4.60546727e-05  2.69612731e-05 -2.80525690e-09  2.69612731e-05  0.00000000e+00 
 2.69909144e-05  4.52055321e-05  2.69909144e-05 -2.80231413e-09  2.69909144e-05  0.00000000e+00 
 2.70205557e-05  4.50248876e-05  2.70205557e-05 -2.80536500e-09  2.70205557e-05  0.00000000e+00 
 2.70501971e-05  4.41949687e-05  2.70501971e-05 -2.80232665e-09  2.70501971e-05  0.00000000e+00 
 2.70798384e-05  4.40536081e-05  2.70798384e-05 -2.80546242e-09  2.70798384e-05  0.00000000e+00 
 2.71094798e-05  4.32427217e-05  2.71094798e-05 -2.80234301e-09  2.71094798e-05  0.00000000e+00 
 2.71391211e-05  4.31374192e-05  2.71391211e-05 -2.80554947e-09  2.71391211e-05  0.00000000e+00 
 2.71687624e-05  4.23455182e-05  2.71687624e-05 -2.80236358e-09  2.71687624e-05  0.00000000e+00 
 2.71984038e-05  4.22731044e-05  2.71984038e-05 -2.80562617e-09  2.71984038e-05  0.00000000e+00 
 2.72280451e-05  4.15002700e-05  2.72280451e-05 -2.80238869e-09  2.72280451e-05  0.00000000e+00 
 2.72576864e-05  4.14576342e-05  2.72576864e-05 -2.80569258e-09  2.72576864e-05  0.00000000e+00 
 2.72873278e-05  4.07040632e-05  2.72873278e-05 -2.80241861e-09  2.72873278e-05  0.00000000e+00 
 2.73169691e-05  4.06881551e-05  2.73169691e-05 -2.80574879e-09  2.73169691e-05  0.00000000e+00 
 2.73466105e-05  3.99541477e-05  2.73466105e-05 -2.80245358e-09  2.73466105e-05  0.00000000e+00 
 2.73762518e-05  3.99619806e-05  2.73762518e-05 -2.80579488e-09  2.73762518e-05  0.00000000e+00 
 2.74058931e-05  3.92479275e-05  2.74058931e-05 -2.80249379e-09  2.74058931e-05  0.00000000e+00 
 2.74355345e-05  3.92765811e-05  2.74355345e-05 -2.80583100e-09  2.74355345e-05  0.00000000e+00 
 2.74651758e-05  3.85829517e-05  2.74651758e-05 -2.80253939e-09  2.74651758e-05  0.00000000e+00 
 2.74948171e-05  3.86295755e-05  2.74948171e-05 -2.80585729e-09  2.74948171e-05  0.00000000e+00 
 2.75244585e-05  3.79569062e-05  2.75244585e-05 -2.80259047e-09  2.75244585e-05  0.00000000e+00 
 2.75540998e-05  3.80187229e-05  2.75540998e-05 -2.80587394e-09  2.75540998e-05  0.00000000e+00 
 2.75837412e-05  3.73676050e-05  2.75837412e-05 -2.80264709e-09  2.75837412e-05  0.00000000e+00 
 2.76133825e-05  3.74419148e-05  2.76133825e-05 -2.80588114e-09  2.76133825e-05  0.00000000e+00 
 2.76430238e-05  3.68129836e-05  2.76430238e-05 -2.80270926e-09  2.76430238e-05  0.00000000e+00 
 2.76726652e-05  3.68971674e-05  2.76726652e-05 -2.80587913e-09  2.76726652e-05  0.00000000e+00 
 2.77023065e-05  3.62910908e-05  2.77023065e-05 -2.80277696e-09  2.77023065e-05  0.00000000e+00 
 2.77319479e-05  3.63826150e-05  2.77319479e-05 -2.80586817e-09  2.77319479e-05  0.00000000e+00 
 2.77615892e-05  3.58000828e-05  2.77615892e-05 -2.80285012e-09  2.77615892e-05  0.00000000e+00 
 2.77912305e-05  3.58965031e-05  2.77912305e-05 -2.80584854e-09  2.77912305e-05  0.00000000e+00 
 2.78208719e-05  3.53382168e-05  2.78208719e-05 -2.80292862e-09  2.78208719e-05  0.00000000e+00 
 2.78505132e-05  3.54371822e-05  2.78505132e-05 -2.80582055e-09  2.78505132e-05  0.00000000e+00 
 2.78801545e-05  3.49038447e-05  2.78801545e-05 -2.80301233e-09  2.78801545e-05  0.00000000e+00 
 2.79097959e-05  3.50031020e-05  2.79097959e-05 -2.80578453e-09  2.79097959e-05  0.00000000e+00 
 2.79394372e-05  3.44954080e-05  2.79394372e-05 -2.80310105e-09  2.79394372e-05  0.00000000e+00 
 2.79690786e-05  3.45928056e-05  2.79690786e-05 -2.80574084e-09  2.79690786e-05  0.00000000e+00 
 2.79987199e-05  3.41114324e-05  2.79987199e-05 -2.80319456e-09  2.79987199e-05  0.00000000e+00 
 2.80283612e-05  3.42049244e-05  2.80283612e-05 -2.80568986e-09  2.80283612e-05  0.00000000e+00 
 2.80580026e-05  3.37505230e-05  2.80580026e-05 -2.80329262e-09  2.80580026e-05  0.00000000e+00 
 2.80876439e-05  3.38381728e-05  2.80876439e-05 -2.80563199e-09  2.80876439e-05  0.00000000e+00 
 2.81172852e-05  3.34113598e-05  2.81172852e-05 -2.80339494e-09  2.81172852e-05  0.00000000e+00 
 2.81469266e-05  3.34913439e-05  2.81469266e-05 -2.80556766e-09  2.81469266e-05  0.00000000e+00 
 2.81765679e-05  3.30926930e-05  2.81765679e-05 -2.80350120e-09  2.81765679e-05  0.00000000e+00 
 2.82062093e-05  3.31633044e-05  2.82062093e-05 -2.80549732e-09  2.82062093e-05  0.00000000e+00 
 2.82358506e-05  3.27933395e-05  2.82358506e-05 -2.80361106e-09  2.82358506e-05  0.00000000e+00 
 2.82654919e-05  3.28529910e-05  2.82654919e-05 -2.80542142e-09  2.82654919e-05  0.00000000e+00 
 2.82951333e-05  3.25121791e-05  2.82951333e-05 -2.80372417e-09  2.82951333e-05  0.00000000e+00 
 2.83247746e-05  3.25594056e-05  2.83247746e-05 -2.80534045e-09  2.83247746e-05  0.00000000e+00 
 2.83544159e-05  3.22481504e-05  2.83544159e-05 -2.80384012e-09  2.83544159e-05  0.00000000e+00 
 2.83840573e-05  3.22816123e-05  2.83840573e-05 -2.80525490e-09  2.83840573e-05  0.00000000e+00 
 2.84136986e-05  3.20002483e-05  2.84136986e-05 -2.80395850e-09  2.84136986e-05  0.00000000e+00 
 2.84433400e-05  3.20187330e-05  2.84433400e-05 -2.80516529e-09  2.84433400e-05  0.00000000e+00 
 2.84729813e-05  3.17675202e-05  2.84729813e-05 -2.80407890e-09  2.84729813e-05  0.00000000e+00 
 2.85026226e-05  3.17699446e-05  2.85026226e-05 -2.80507212e-09  2.85026226e-05  0.00000000e+00 
 2.85322640e-05  3.15490639e-05  2.85322640e-05 -2.80420088e-09  2.85322640e-05  0.00000000e+00 
 2.85619053e-05  3.15344753e-05  2.85619053e-05 -2.80497595e-09  2.85619053e-05  0.00000000e+00 
 2.85915466e-05  3.13440239e-05  2.85915466e-05 -2.80432396e-09  2.85915466e-05  0.00000000e+00 
 2.86211880e-05  3.13116016e-05  2.86211880e-05 -2.80487730e-09  2.86211880e-05  0.00000000e+00 
 2.86508293e-05  3.11515899e-05  2.86508293e-05 -2.80444769e-09  2.86508293e-05  0.00000000e+00 
 2.86804707e-05  3.11006455e-05  2.86804707e-05 -2.80477672e-09  2.86804707e-05  0.00000000e+00 
 2.87101120e-05  3.09709938e-05  2.87101120e-05 -2.80457159e-09  2.87101120e-05  0.00000000e+00 
 2.87318368e-05  3.09230961e-05  2.87318368e-05 -2.80465279e-09  2.87318368e-05  0.00000000e+00 
 2.87416591e-05  3.09000117e-05  2.87416591e-05 -2.80482462e-09  2.87416591e-05  0.00000000e+00 
 2.87507199e-05  3.08264857e-05  2.87507199e-05 -2.80430341e-09  2.87507199e-05  0.00000000e+00 
 2.87583012e-05  3.08930303e-05  2.87583012e-05 -2.80522221e-09  2.87583012e-05  0.00000000e+00 
 2.87656355e-05  3.07349039e-05  2.87656355e-05 -2.80388376e-09  2.87656355e-05  0.00000000e+00 
 2.87731113e-05  3.08932824e-05  2.87731113e-05 -2.80562428e-09  2.87731113e-05  0.00000000e+00 
 2.87809823e-05  3.06494446e-05  2.87809823e-05 -2.80352722e-09  2.87809823e-05  0.00000000e+00 
 2.87899984e-05  3.08768087e-05  2.87899984e-05 -2.80592118e-09  2.87899984e-05  0.00000000e+00 
 2.88009660e-05  3.05656667e-05  2.88009660e-05 -2.80330226e-09  2.88009660e-05  0.00000000e+00 
 2.88154352e-05  3.08216763e-05  2.88154352e-05 -2.80608320e-09  2.88154352e-05  0.00000000e+00 
 2.88364906e-05  3.04527725e-05  2.88364906e-05 -2.80319932e-09  2.88364906e-05  0.00000000e+00 
 2.88661319e-05  3.06886757e-05  2.88661319e-05 -2.80615717e-09  2.88661319e-05  0.00000000e+00 
 2.88957733e-05  3.02862735e-05  2.88957733e-05 -2.80315849e-09  2.88957733e-05  0.00000000e+00 
 2.89254146e-05  3.05385138e-05  2.89254146e-05 -2.80621714e-09  2.89254146e-05  0.00000000e+00 
 2.89550560e-05  3.01297349e-05  2.89550560e-05 -2.80312149e-09  2.89550560e-05  0.00000000e+00 
 2.89846973e-05  3.03965134e-05  2.89846973e-05 -2.80626700e-09  2.89846973e-05  0.00000000e+00 
 2.90143386e-05  2.99826221e-05  2.90143386e-05 -2.80309115e-09  2.90143386e-05  0.00000000e+00 
 2.90439800e-05  3.02621347e-05  2.90439800e-05 -2.80630922e-09  2.90439800e-05  0.00000000e+00 
 2.90736213e-05  2.98444611e-05  2.90736213e-05 -2.80306766e-09  2.90736213e-05  0.00000000e+00 
 2.91032626e-05  3.01348784e-05  2.91032626e-05 -2.80634368e-09  2.91032626e-05  0.00000000e+00 
 2.91329040e-05  2.97148021e-05  2.91329040e-05 -2.80305122e-09  2.91329040e-05  0.00000000e+00 
 2.91625453e-05  3.00142767e-05  2.91625453e-05 -2.80637029e-09  2.91625453e-05  0.00000000e+00 
 2.91921867e-05  2.95932189e-05  2.91921867e-05 -2.80304195e-09  2.91921867e-05  0.00000000e+00 
 2.92218280e-05  2.98998911e-05  2.92218280e-05 -2.80638898e-09  2.92218280e-05  0.00000000e+00 
 2.92514693e-05  2.94793065e-05  2.92514693e-05 -2.80303995e-09  2.92514693e-05  0.00000000e+00 
 2.92811107e-05  2.97913118e-05  2.92811107e-05 -2.80639973e-09  2.92811107e-05  0.00000000e+00 
 2.93107520e-05  2.93726798e-05  2.93107520e-05 -2.80304529e-09  2.93107520e-05  0.00000000e+00 
 2.93403933e-05  2.96881557e-05  2.93403933e-05 -2.80640254e-09  2.93403933e-05  0.00000000e+00 
 2.93700347e-05  2.92729724e-05  2.93700347e-05 -2.80305800e-09  2.93700347e-05  0.00000000e+00 
 2.93996760e-05  2.95900652e-05  2.93996760e-05 -2.80639744e-09  2.93996760e-05  0.00000000e+00 
 2.94293174e-05  2.91798352e-05  2.94293174e-05 -2.80307805e-09  2.94293174e-05  0.00000000e+00 
 2.94589587e-05  2.94967072e-05  2.94589587e-05 -2.80638451e-09  2.94589587e-05  0.00000000e+00 
 2.94886000e-05  2.90929348e-05  2.94886000e-05 -2.80310542e-09  2.94886000e-05  0.00000000e+00 
 2.95182414e-05  2.94077715e-05  2.95182414e-05 -2.80636384e-09  2.95182414e-05  0.00000000e+00 
 2.95478827e-05  2.90119530e-05  2.95478827e-05 -2.80313999e-09  2.95478827e-05  0.00000000e+00 
 2.95775240e-05  2.93229700e-05  2.95775240e-05 -2.80633556e-09  2.95775240e-05  0.00000000e+00 
 2.96071654e-05  2.89365856e-05  2.96071654e-05 -2.80318167e-09  2.96071654e-05  0.00000000e+00 
 2.96242516e-05  2.92562109e-05  2.96242516e-05 -2.80628509e-09  2.96242516e-05  0.00000000e+00 
 2.96413377e-05  2.89013992e-05  2.96413377e-05 -2.80326537e-09  2.96413377e-05  0.00000000e+00 
 2.96415806e-05  3.06138465e-05  2.96415806e-05  4.23469619e-07  2.96415806e-05  4.09601789e-03 
 2.96420662e-05  3.75909055e-05  2.96420662e-05  4.23158578e-07  2.96420662e-05  1.22880537e-02 
 2.96424593e-05  4.64516372e-05  2.96424593e-05  4.22785233e-07  2.96424593e-05  1.89190486e-02 
 2.96428999e-05  5.38845414e-05  2.96428999e-05  4.22398871e-07  2.96428999e-05  2.63502362e-02 
 2.96431822e-05  5.59302754e-05  2.96431822e-05  4.22121386e-07  2.96431822e-05  3.11121502e-02 
 2.96434025e-05  5.70965236e-05  2.96434025e-05  4.21943518e-07  2.96434025e-05  3.48293803e-02 
 2.96436111e-05  5.91788337e-05  2.96436111e-05  4.21701026e-07  2.96436111e-05  3.83472066e-02 
 2.96438620e-05  6.36756661e-05  2.96438620e-05  4.21414295e-07  2.96438620e-05  4.25803722e-02 
 2.96441714e-05  7.09046435e-05  2.96441714e-05  4.20940366e-07  2.96441714e-05  4.77986139e-02 
 2.96444848e-05  7.71915844e-05  2.96444848e-05  4.20485801e-07  2.96444848e-05  5.30859897e-02 
 2.96447403e-05  8.00755992e-05  2.96447403e-05  4.20085295e-07  2.96447403e-05  5.73951761e-02 
 2.96449226e-05  8.10954892e-05  2.96449226e-05  4.19850693e-07  2.96449226e-05  6.04713700e-02 
 2.96451280e-05  8.22630469e-05  2.96451280e-05  4.19519930e-07  2.96451280e-05  6.39356103e-02 
 2.96453966e-05  8.54191226e-05  2.96453966e-05  4.19081985e-07  2.96453966e-05  6.84659193e-02 
 2.96456820e-05  9.12640998e-05  2.96456820e-05  4.18460517e-07  2.96456820e-05  7.32805521e-02 
 2.96459952e-05  9.86556097e-05  2.96459952e-05  4.17741425e-07  2.96459952e-05  7.85639305e-02 
 2.96463479e-05  1.04594273e-04  2.96463479e-05  4.16869580e-07  2.96463479e-05  8.45128371e-02 
 2.96465912e-05  1.06533263e-04  2.96465912e-05  4.16336883e-07  2.96465912e-05  8.86172494e-02 
 2.96467848e-05  1.07546188e-04  2.96467848e-05  4.15864601e-07  2.96467848e-05  9.18835443e-02 
 2.96469791e-05  1.09156840e-04  2.96469791e-05  4.15399353e-07  2.96469791e-05  9.51602952e-02 
 2.96472382e-05  1.13256833e-04  2.96472382e-05  4.14605891e-07  2.96472382e-05  9.95312147e-02 
 2.96475461e-05  1.20349118e-04  2.96475461e-05  4.13547293e-07  2.96475461e-05  1.04724849e-01 
 2.96478538e-05  1.27189934e-04  2.96478538e-05  4.12347751e-07  2.96478538e-05  1.09914431e-01 
 2.96481155e-05  1.30912574e-04  2.96481155e-05  4.11397000e-07  2.96481155e-05  1.14329669e-01 
 2.96483215e-05  1.32394249e-04  2.96483215e-05  4.10635648e-07  2.96483215e-05  1.17804149e-01 
 2.96485484e-05  1.33716823e-04  2.96485484e-05  4.09827616e-07  2.96485484e-05  1.21631838e-01 
 2.96487669e-05  1.35967421e-04  2.96487669e-05  4.08903073e-07  2.96487669e-05  1.25317464e-01 
 2.96490216e-05  1.40640862e-04  2.96490216e-05  4.07687528e-07  2.96490216e-05  1.29614588e-01 
 2.96493411e-05  1.48277164e-04  2.96493411e-05  4.05854271e-07  2.96493411e-05  1.35004200e-01 
 2.96496545e-05  1.54734511e-04  2.96496545e-05  4.04011483e-07  2.96496545e-05  1.40290146e-01 
 2.96499114e-05  1.57773506e-04  2.96499114e-05  4.02514140e-07  2.96499114e-05  1.44623155e-01 
 2.96500942e-05  1.58903482e-04  2.96500942e-05  4.01521891e-07  2.96500942e-05  1.47707620e-01 
 2.96503097e-05  1.60295743e-04  2.96503097e-05  4.00241932e-07  2.96503097e-05  1.51341380e-01 
 2.96505987e-05  1.64067473e-04  2.96505987e-05  3.98308292e-07  2.96505987e-05  1.56216688e-01 
 2.96508978e-05  1.70598385e-04  2.96508978e-05  3.95831915e-07  2.96508978e-05  1.61261587e-01 
 2.96512169e-05  1.78205937e-04  2.96512169e-05  3.92926340e-07  2.96512169e-05  1.66645235e-01 
 2.96516006e-05  1.84264936e-04  2.96516006e-05  3.89394190e-07  2.96516006e-05  1.73116714e-01 
 2.96518270e-05  1.85930345e-04  2.96518270e-05  3.87433401e-07  2.96518270e-05  1.76936892e-01 
 2.96520765e-05  1.87629178e-04  2.96520765e-05  3.85127735e-07  2.96520765e-05  1.81144350e-01 
 2.96523135e-05  1.90627276e-04  2.96523135e-05  3.82666549e-07  2.96523135e-05  1.85143458e-01 
 2.96525695e-05  1.95958317e-04  2.96525695e-05  3.79462691e-07  2.96525695e-05  1.89461720e-01 
 2.96528973e-05  2.03970435e-04  2.96528973e-05  3.74865765e-07  2.96528973e-05  1.94990618e-01 
 2.96532333e-05  2.10254005e-04  2.96532333e-05  3.69995497e-07  2.96532333e-05  2.00657814e-01 
 2.96534898e-05  2.12753448e-04  2.96534898e-05  3.66485116e-07  2.96534898e-05  2.04985629e-01 
 2.96536857e-05  2.13957867e-04  2.96536857e-05  3.63770929e-07  2.96536857e-05  2.08289105e-01 
 2.96538888e-05  2.15733373e-04  2.96538888e-05  3.60775034e-07  2.96538888e-05  2.11715107e-01 
 2.96541560e-05  2.20083583e-04  2.96541560e-05  3.56093820e-07  2.96541560e-05  2.16223139e-01 
 2.96544777e-05  2.27739580e-04  2.96544777e-05  3.49452854e-07  2.96544777e-05  2.21649260e-01 
 2.96547875e-05  2.34930960e-04  2.96547875e-05  3.42453330e-07  2.96547875e-05  2.26875132e-01 
 2.96550560e-05  2.39005312e-04  2.96550560e-05  3.36578383e-07  2.96550560e-05  2.31404259e-01 
 2.96552632e-05  2.40701557e-04  2.96552632e-05  3.32186804e-07  2.96552632e-05  2.34898611e-01 
 2.96555038e-05  2.42426301e-04  2.96555038e-05  3.26975468e-07  2.96555038e-05  2.38958173e-01 
 2.96557482e-05  2.45472786e-04  2.96557482e-05  3.20908986e-07  2.96557482e-05  2.43080819e-01 
 2.96560058e-05  2.50835673e-04  2.96560058e-05  3.13374018e-07  2.96560058e-05  2.47425777e-01 
 2.96563431e-05  2.59315431e-04  2.96563431e-05  3.02017100e-07  2.96563431e-05  2.53115593e-01 
 2.96566683e-05  2.65881134e-04  2.96566683e-05  2.90768694e-07  2.96566683e-05  2.58600929e-01 
 2.96569239e-05  2.68780374e-04  2.96569239e-05  2.82277181e-07  2.96569239e-05  2.62912809e-01 
 2.96571207e-05  2.70194661e-04  2.96571207e-05  2.75860229e-07  2.96571207e-05  2.66231527e-01 
 2.96573406e-05  2.72268715e-04  2.96573406e-05  2.68072138e-07  2.96573406e-05  2.69941786e-01 
 2.96576145e-05  2.76939599e-04  2.96576145e-05  2.56740120e-07  2.96576145e-05  2.74561880e-01 
 2.96579551e-05  2.85374940e-04  2.96579551e-05  2.39851942e-07  2.96579551e-05  2.80306777e-01 
 2.96582657e-05  2.92882988e-04  2.96582657e-05  2.23158823e-07  2.96582657e-05  2.85545682e-01 
 2.96585358e-05  2.97235378e-04  2.96585358e-05  2.08983978e-07  2.96585358e-05  2.90102199e-01 
 2.96587411e-05  2.99162771e-04  2.96587411e-05  1.98674596e-07  2.96587411e-05  2.93566438e-01 
 2.96589960e-05  3.01428507e-04  2.96589960e-05  1.85318223e-07  2.96589960e-05  2.97864864e-01 
 2.96592741e-05  3.05662119e-04  2.96592741e-05  1.68504069e-07  2.96592741e-05  3.02555919e-01 
 2.96595590e-05  3.12492502e-04  2.96595590e-05  1.47781570e-07  2.96595590e-05  3.07361612e-01 
 2.96599037e-05  3.21621549e-04  2.96599037e-05  1.19672692e-07  2.96599037e-05  3.13177414e-01 
 2.96602850e-05  3.28884191e-04  2.96602850e-05  8.85015805e-08  2.96602850e-05  3.19608797e-01 
 2.96605168e-05  3.31401612e-04  2.96605168e-05  7.03800665e-08  2.96605168e-05  3.23519560e-01 
 2.96608102e-05  3.34588226e-04  2.96608102e-05  4.61809548e-08  2.96608102e-05  3.28468727e-01 
 2.96610972e-05  3.39807652e-04  2.96610972e-05  1.83559648e-08  2.96610972e-05  3.33309971e-01 
 2.96613908e-05  3.47624534e-04  2.96613908e-05 -1.57199580e-08  2.96613908e-05  3.38261047e-01 
 2.96617451e-05  3.57324471e-04  2.96617451e-05 -6.09243966e-08  2.96617451e-05  3.44238372e-01 
 2.96621056e-05  3.64246997e-04  2.96621056e-05 -1.06230813e-07  2.96621056e-05  3.50319768e-01 
 2.96623323e-05  3.67003772e-04  2.96623323e-05 -1.33676248e-07  2.96623323e-05  3.54142573e-01 
 2.96626272e-05  3.71053352e-04  2.96626272e-05 -1.72095799e-07  2.96626272e-05  3.59117300e-01 
 2.96630044e-05  3.79720973e-04  2.96630044e-05 -2.31944721e-07  2.96630044e-05  3.65480638e-01 
 2.96633769e-05  3.91020901e-04  2.96633769e-05 -3.03007642e-07  2.96633769e-05  3.71764728e-01 
 2.96637419e-05  4.00657029e-04  2.96637419e-05 -3.75695816e-07  2.96637419e-05  3.77921544e-01 
 2.96640101e-05  4.05481187e-04  2.96640101e-05 -4.26848131e-07  2.96640101e-05  3.82445212e-01 
 2.96642969e-05  4.09911352e-04  2.96642969e-05 -4.82301042e-07  2.96642969e-05  3.87283529e-01 
 2.96645878e-05  4.16075474e-04  2.96645878e-05 -5.46714607e-07  2.96645878e-05  3.92189981e-01 
 2.96648922e-05  4.25381232e-04  2.96648922e-05 -6.27901532e-07  2.96648922e-05  3.97324742e-01 
 2.96652895e-05  4.38850673e-04  2.96652895e-05 -7.48005968e-07  2.96652895e-05  4.04026992e-01 
 2.96657034e-05  4.50073625e-04  2.96657034e-05 -8.73503524e-07  2.96657034e-05  4.11008306e-01 
 2.96659954e-05  4.56068838e-04  2.96659954e-05 -9.59774898e-07  2.96659954e-05  4.15933730e-01 
 2.96663498e-05  4.64705050e-04  2.96663498e-05 -1.07641604e-06  2.96663498e-05  4.21912262e-01 
 2.96667187e-05  4.77571252e-04  2.96667187e-05 -1.22597834e-06  2.96667187e-05  4.28135247e-01 
 2.96671697e-05  4.95457272e-04  2.96671697e-05 -1.43769959e-06  2.96671697e-05  4.35741751e-01 
 2.96676016e-05  5.09978085e-04  2.96676016e-05 -1.64217630e-06  2.96676016e-05  4.43027525e-01 
 2.96679645e-05  5.20504831e-04  2.96679645e-05 -1.81344082e-06  2.96679645e-05  4.49149468e-01 
 2.96683592e-05  5.34734332e-04  2.96683592e-05 -2.03068729e-06  2.96683592e-05  4.55806943e-01 
 2.96687458e-05  5.52940844e-04  2.96687458e-05 -2.29268282e-06  2.96687458e-05  4.62328935e-01 
 2.96692417e-05  5.77057027e-04  2.96692417e-05 -2.66294771e-06  2.96692417e-05  4.70693831e-01 
 2.96696924e-05  5.96415706e-04  2.96696924e-05 -2.99598219e-06  2.96696924e-05  4.78295961e-01 
 2.96702310e-05  6.21656718e-04  2.96702310e-05 -3.43955589e-06  2.96702310e-05  4.87380702e-01 
 2.96708104e-05  6.56985150e-04  2.96708104e-05 -4.05140761e-06  2.96708104e-05  4.97154062e-01 
 2.96714701e-05  7.00797297e-04  2.96714701e-05 -4.85071922e-06  2.96714701e-05  5.08282404e-01 
 2.96721290e-05  7.44802947e-04  2.96721290e-05 -5.68549547e-06  2.96721290e-05  5.19397937e-01 
 2.96728145e-05  8.00501655e-04  2.96728145e-05 -6.76598784e-06  2.96728145e-05  5.30961038e-01 
 2.96735972e-05  8.77528683e-04  2.96735972e-05 -8.32008338e-06  2.96735972e-05  5.44163672e-01 
 2.96744123e-05  9.65397562e-04  2.96744123e-05 -1.00923419e-05  2.96744123e-05  5.57912445e-01 
 2.96758126e-05  1.16058588e-03  2.96758126e-05 -1.41504129e-05  2.96758126e-05  5.81533420e-01 
 2.96772615e-05  1.43743960e-03  2.96772615e-05 -2.01264535e-05  2.96772615e-05  6.05974857e-01 
 2.96790333e-05  1.90932012e-03  2.96790333e-05 -3.00690811e-05  2.96790333e-05  6.35861153e-01 
 2.96817851e-05  3.14518582e-03  2.96817851e-05 -5.64304628e-05  2.96817851e-05  6.82279504e-01 
 2.96872887e-05  9.45432984e-03  2.96872887e-05 -1.71360491e-04  2.96872887e-05  7.75116204e-01 
 2.96930196e-05  2.61987392e-02  2.96930196e-05 -4.15802991e-04  2.96930196e-05  8.71786588e-01 
 2.97015636e-05  8.03837208e-02  2.97015636e-05 -8.66314959e-04  2.97015636e-05  1.01590965e+00 
 2.97131220e-05  1.96935435e-01  2.97131220e-05 -1.18537079e-03  2.97131220e-05  1.21088176e+00 
 2.97238526e-05  3.21890349e-01  2.97238526e-05 -1.20452866e-03  2.97238526e-05  1.39188880e+00 
 2.97373588e-05  4.80177195e-01  2.97373588e-05 -1.22811256e-03  2.97373588e-05  1.61971582e+00 
 2.97526676e-05  6.61830456e-01  2.97526676e-05 -1.26721778e-03  2.97526676e-05  1.87794896e+00 
 2.97823089e-05  1.01904106e+00  2.97823089e-05 -1.31844160e-03  2.97823089e-05  2.37794896e+00 
 2.98119503e-05  1.38053279e+00  2.98119503e-05 -1.36729632e-03  2.98119503e-05  2.87794896e+00 
 2.98415916e-05  1.74354286e+00  2.98415916e-05 -1.40058000e-03  2.98415916e-05  3.37794896e+00 
 2.98712329e-05  2.10502822e+00  2.98712329e-05 -1.42891061e-03  2.98712329e-05  3.87794896e+00 
 2.99008743e-05  2.46252089e+00  2.99008743e-05 -1.44502514e-03  2.99008743e-05  4.37794896e+00 
 2.99193127e-05  2.68178918e+00  2.99193127e-05 -1.45241659e-03  2.99193127e-05  4.68897448e+00 
 2.99377511e-05  2.89809020e+00  2.99377511e-05 -1.45608598e-03  2.99377511e-05  5.00000000e+00 
 2.99407152e-05  2.92818271e+00  2.99407152e-05 -1.31172129e-03  2.99407152e-05  5.00000000e+00 
 2.99466435e-05  2.97984977e+00  2.99466435e-05 -1.02977723e-03  2.99466435e-05  5.00000000e+00 
 2.99585001e-05  3.04623527e+00  2.99585001e-05 -6.97748207e-04  2.99585001e-05  5.00000000e+00 
 2.99713502e-05  3.08612670e+00  2.99713502e-05 -5.38998393e-04  2.99713502e-05  5.00000000e+00 
 2.99881859e-05  3.11534584e+00  2.99881859e-05 -4.29834848e-04  2.99881859e-05  5.00000000e+00 
 3.00044398e-05  3.13068400e+00  3.00044398e-05 -3.84256191e-04  3.00044398e-05  5.00000000e+00 
 3.00340812e-05  3.14477215e+00  3.00340812e-05 -3.38790646e-04  3.00340812e-05  5.00000000e+00 
 3.00635163e-05  3.15008295e+00  3.00635163e-05 -3.26903127e-04  3.00635163e-05  5.00000000e+00 
 3.00931577e-05  3.15223669e+00  3.00931577e-05 -3.17954430e-04  3.00931577e-05  5.00000000e+00 
 3.01227990e-05  3.15310527e+00  3.01227990e-05 -3.18435709e-04  3.01227990e-05  5.00000000e+00 
 3.01524403e-05  3.15346378e+00  3.01524403e-05 -3.14679716e-04  3.01524403e-05  5.00000000e+00 
 3.01820817e-05  3.15360323e+00  3.01820817e-05 -3.16943895e-04  3.01820817e-05  5.00000000e+00 
 3.02117230e-05  3.15366304e+00  3.02117230e-05 -3.14215325e-04  3.02117230e-05  5.00000000e+00 
 3.02413643e-05  3.15368521e+00  3.02413643e-05 -3.16643445e-04  3.02413643e-05  5.00000000e+00 
 3.02710057e-05  3.15369786e+00  3.02710057e-05 -3.14206167e-04  3.02710057e-05  5.00000000e+00 
 3.03006470e-05  3.15370244e+00  3.03006470e-05 -3.16540343e-04  3.03006470e-05  5.00000000e+00 
 3.03302884e-05  3.15371042e+00  3.03302884e-05 -3.14278862e-04  3.03302884e-05  5.00000000e+00 
 3.03599297e-05  3.15371016e+00  3.03599297e-05 -3.16438531e-04  3.03599297e-05  5.00000000e+00 
 3.03895710e-05  3.15371358e+00  3.03895710e-05 -3.14349268e-04  3.03895710e-05  5.00000000e+00 
 3.04192124e-05  3.15371139e+00  3.04192124e-05 -3.16357130e-04  3.04192124e-05  5.00000000e+00 
 3.04488537e-05  3.15371240e+00  3.04488537e-05 -3.14412710e-04  3.04488537e-05  5.00000000e+00 
 3.04784951e-05  3.15370756e+00  3.04784951e-05 -3.16276752e-04  3.04784951e-05  5.00000000e+00 
 3.05081364e-05  3.15370943e+00  3.05081364e-05 -3.14496713e-04  3.05081364e-05  5.00000000e+00 
 3.05377777e-05  3.15370676e+00  3.05377777e-05 -3.16208629e-04  3.05377777e-05  5.00000000e+00 
 3.05674191e-05  3.15370954e+00  3.05674191e-05 -3.14569445e-04  3.05674191e-05  5.00000000e+00 
 3.05970604e-05  3.15370720e+00  3.05970604e-05 -3.16139601e-04  3.05970604e-05  5.00000000e+00 
 3.06267017e-05  3.15371010e+00  3.06267017e-05 -3.14637976e-04  3.06267017e-05  5.00000000e+00 
 3.06563431e-05  3.15370777e+00  3.06563431e-05 -3.16072722e-04  3.06563431e-05  5.00000000e+00 
 3.06859844e-05  3.15371067e+00  3.06859844e-05 -3.14703531e-04  3.06859844e-05  5.00000000e+00 
 3.07156258e-05  3.15370832e+00  3.07156258e-05 -3.16008474e-04  3.07156258e-05  5.00000000e+00 
 3.07452671e-05  3.15371118e+00  3.07452671e-05 -3.14766322e-04  3.07452671e-05  5.00000000e+00 
 3.07749084e-05  3.15370881e+00  3.07749084e-05 -3.15946930e-04  3.07749084e-05  5.00000000e+00 
 3.08045498e-05  3.15371163e+00  3.08045498e-05 -3.14826399e-04  3.08045498e-05  5.00000000e+00 
 3.08341911e-05  3.15370924e+00  3.08341911e-05 -3.15888086e-04  3.08341911e-05  5.00000000e+00 
 3.08638324e-05  3.15371201e+00  3.08638324e-05 -3.14883789e-04  3.08638324e-05  5.00000000e+00 
 3.08934738e-05  3.15370962e+00  3.08934738e-05 -3.15831922e-04  3.08934738e-05  5.00000000e+00 
 3.09231151e-05  3.15371234e+00  3.09231151e-05 -3.14938519e-04  3.09231151e-05  5.00000000e+00 
 3.09527565e-05  3.15370996e+00  3.09527565e-05 -3.15778408e-04  3.09527565e-05  5.00000000e+00 
 3.09823978e-05  3.15371262e+00  3.09823978e-05 -3.14990622e-04  3.09823978e-05  5.00000000e+00 
 3.10120391e-05  3.15371024e+00  3.10120391e-05 -3.15727510e-04  3.10120391e-05  5.00000000e+00 
 3.10416805e-05  3.15371285e+00  3.10416805e-05 -3.15040136e-04  3.10416805e-05  5.00000000e+00 
 3.10713218e-05  3.15371049e+00  3.10713218e-05 -3.15679187e-04  3.10713218e-05  5.00000000e+00 
 3.11009631e-05  3.15371304e+00  3.11009631e-05 -3.15087102e-04  3.11009631e-05  5.00000000e+00 
 3.11306045e-05  3.15371071e+00  3.11306045e-05 -3.15633396e-04  3.11306045e-05  5.00000000e+00 
 3.11602458e-05  3.15371319e+00  3.11602458e-05 -3.15131567e-04  3.11602458e-05  5.00000000e+00 
 3.11898872e-05  3.15371089e+00  3.11898872e-05 -3.15590087e-04  3.11898872e-05  5.00000000e+00 
 3.12195285e-05  3.15371331e+00  3.12195285e-05 -3.15173582e-04  3.12195285e-05  5.00000000e+00 
 3.12491698e-05  3.15371104e+00  3.12491698e-05 -3.15549210e-04  3.12491698e-05  5.00000000e+00 
 3.12788112e-05  3.15371339e+00  3.12788112e-05 -3.15213200e-04  3.12788112e-05  5.00000000e+00 
 3.13084525e-05  3.15371117e+00  3.13084525e-05 -3.15510708e-04  3.13084525e-05  5.00000000e+00 
 3.13380938e-05  3.15371346e+00  3.13380938e-05 -3.15250477e-04  3.13380938e-05  5.00000000e+00 
 3.13677352e-05  3.15371128e+00  3.13677352e-05 -3.15474524e-04  3.13677352e-05  5.00000000e+00 
 3.13973765e-05  3.15371350e+00  3.13973765e-05 -3.15285472e-04  3.13973765e-05  5.00000000e+00 
 3.14270179e-05  3.15371137e+00  3.14270179e-05 -3.15440596e-04  3.14270179e-05  5.00000000e+00 
 3.14566592e-05  3.15371352e+00  3.14566592e-05 -3.15318248e-04  3.14566592e-05  5.00000000e+00 
 3.14863005e-05  3.15371144e+00  3.14863005e-05 -3.15408862e-04  3.14863005e-05  5.00000000e+00 
 3.15159419e-05  3.15371353e+00  3.15159419e-05 -3.15348867e-04  3.15159419e-05  5.00000000e+00 
 3.15455832e-05  3.15371150e+00  3.15455832e-05 -3.15379258e-04  3.15455832e-05  5.00000000e+00 
 3.15752245e-05  3.15371352e+00  3.15752245e-05 -3.15377395e-04  3.15752245e-05  5.00000000e+00 
 3.16048659e-05  3.15371155e+00  3.16048659e-05 -3.15351716e-04  3.16048659e-05  5.00000000e+00 
 3.16345072e-05  3.15371350e+00  3.16345072e-05 -3.15403898e-04  3.16345072e-05  5.00000000e+00 
 3.16641486e-05  3.15371159e+00  3.16641486e-05 -3.15326171e-04  3.16641486e-05  5.00000000e+00 
 3.16937899e-05  3.15371347e+00  3.16937899e-05 -3.15428443e-04  3.16937899e-05  5.00000000e+00 
 3.17234312e-05  3.15371162e+00  3.17234312e-05 -3.15302554e-04  3.17234312e-05  5.00000000e+00 
 3.17530726e-05  3.15371343e+00  3.17530726e-05 -3.15451099e-04  3.17530726e-05  5.00000000e+00 
 3.17827139e-05  3.15371165e+00  3.17827139e-05 -3.15280796e-04  3.17827139e-05  5.00000000e+00 
 3.18123553e-05  3.15371338e+00  3.18123553e-05 -3.15471934e-04  3.18123553e-05  5.00000000e+00 
 3.18419966e-05  3.15371167e+00  3.18419966e-05 -3.15260827e-04  3.18419966e-05  5.00000000e+00 
 3.18716379e-05  3.15371334e+00  3.18716379e-05 -3.15491018e-04  3.18716379e-05  5.00000000e+00 
 3.19012793e-05  3.15371168e+00  3.19012793e-05 -3.15242579e-04  3.19012793e-05  5.00000000e+00 
 3.19309206e-05  3.15371328e+00  3.19309206e-05 -3.15508419e-04  3.19309206e-05  5.00000000e+00 
 3.19605619e-05  3.15371170e+00  3.19605619e-05 -3.15225981e-04  3.19605619e-05  5.00000000e+00 
 3.19902033e-05  3.15371323e+00  3.19902033e-05 -3.15524208e-04  3.19902033e-05  5.00000000e+00 
 3.20198446e-05  3.15371171e+00  3.20198446e-05 -3.15210965e-04  3.20198446e-05  5.00000000e+00 
 3.20494860e-05  3.15371318e+00  3.20494860e-05 -3.15538452e-04  3.20494860e-05  5.00000000e+00 
 3.20791273e-05  3.15371172e+00  3.20791273e-05 -3.15197462e-04  3.20791273e-05  5.00000000e+00 
 3.21087686e-05  3.15371312e+00  3.21087686e-05 -3.15551219e-04  3.21087686e-05  5.00000000e+00 
 3.21384100e-05  3.15371173e+00  3.21384100e-05 -3.15185402e-04  3.21384100e-05  5.00000000e+00 
 3.21680513e-05  3.15371307e+00  3.21680513e-05 -3.15562578e-04  3.21680513e-05  5.00000000e+00 
 3.21976926e-05  3.15371174e+00  3.21976926e-05 -3.15174720e-04  3.21976926e-05  5.00000000e+00 
 3.22273340e-05  3.15371301e+00  3.22273340e-05 -3.15572596e-04  3.22273340e-05  5.00000000e+00 
 3.22569753e-05  3.15371175e+00  3.22569753e-05 -3.15165348e-04  3.22569753e-05  5.00000000e+00 
 3.22866167e-05  3.15371296e+00  3.22866167e-05 -3.15581338e-04  3.22866167e-05  5.00000000e+00 
 3.23162580e-05  3.15371176e+00  3.23162580e-05 -3.15157220e-04  3.23162580e-05  5.00000000e+00 
 3.23458993e-05  3.15371291e+00  3.23458993e-05 -3.15588870e-04  3.23458993e-05  5.00000000e+00 
 3.23755407e-05  3.15371177e+00  3.23755407e-05 -3.15150271e-04  3.23755407e-05  5.00000000e+00 
 3.24051820e-05  3.15371286e+00  3.24051820e-05 -3.15595255e-04  3.24051820e-05  5.00000000e+00 
 3.24348233e-05  3.15371179e+00  3.24348233e-05 -3.15144439e-04  3.24348233e-05  5.00000000e+00 
 3.24644647e-05  3.15371281e+00  3.24644647e-05 -3.15600556e-04  3.24644647e-05  5.00000000e+00 
 3.24941060e-05  3.15371180e+00  3.24941060e-05 -3.15139661e-04  3.24941060e-05  5.00000000e+00 
 3.25237474e-05  3.15371277e+00  3.25237474e-05 -3.15604833e-04  3.25237474e-05  5.00000000e+00 
 3.25533887e-05  3.15371182e+00  3.25533887e-05 -3.15135877e-04  3.25533887e-05  5.00000000e+00 
 3.25830300e-05  3.15371273e+00  3.25830300e-05 -3.15608148e-04  3.25830300e-05  5.00000000e+00 
 3.26126714e-05  3.15371183e+00  3.26126714e-05 -3.15133026e-04  3.26126714e-05  5.00000000e+00 
 3.26423127e-05  3.15371269e+00  3.26423127e-05 -3.15610559e-04  3.26423127e-05  5.00000000e+00 
 3.26719540e-05  3.15371185e+00  3.26719540e-05 -3.15131052e-04  3.26719540e-05  5.00000000e+00 
 3.27015954e-05  3.15371266e+00  3.27015954e-05 -3.15612121e-04  3.27015954e-05  5.00000000e+00 
 3.27312367e-05  3.15371187e+00  3.27312367e-05 -3.15129898e-04  3.27312367e-05  5.00000000e+00 
 3.27608781e-05  3.15371263e+00  3.27608781e-05 -3.15612891e-04  3.27608781e-05  5.00000000e+00 
 3.27905194e-05  3.15371189e+00  3.27905194e-05 -3.15129510e-04  3.27905194e-05  5.00000000e+00 
 3.28201607e-05  3.15371260e+00  3.28201607e-05 -3.15612922e-04  3.28201607e-05  5.00000000e+00 
 3.28498021e-05  3.15371192e+00  3.28498021e-05 -3.15129835e-04  3.28498021e-05  5.00000000e+00 
 3.28794434e-05  3.15371257e+00  3.28794434e-05 -3.15612266e-04  3.28794434e-05  5.00000000e+00 
 3.29090847e-05  3.15371194e+00  3.29090847e-05 -3.15130822e-04  3.29090847e-05  5.00000000e+00 
 3.29387261e-05  3.15371255e+00  3.29387261e-05 -3.15610972e-04  3.29387261e-05  5.00000000e+00 
 3.29683674e-05  3.15371196e+00  3.29683674e-05 -3.15132421e-04  3.29683674e-05  5.00000000e+00 
 3.29980088e-05  3.15371253e+00  3.29980088e-05 -3.15609091e-04  3.29980088e-05  5.00000000e+00 
 3.30276501e-05  3.15371199e+00  3.30276501e-05 -3.15134584e-04  3.30276501e-05  5.00000000e+00 
 3.30572914e-05  3.15371251e+00  3.30572914e-05 -3.15606668e-04  3.30572914e-05  5.00000000e+00 
 3.30869328e-05  3.15371201e+00  3.30869328e-05 -3.15137267e-04  3.30869328e-05  5.00000000e+00 
 3.31165741e-05  3.15371249e+00  3.31165741e-05 -3.15603748e-04  3.31165741e-05  5.00000000e+00 
 3.31462154e-05  3.15371204e+00  3.31462154e-05 -3.15140424e-04  3.31462154e-05  5.00000000e+00 
 3.31758568e-05  3.15371248e+00  3.31758568e-05 -3.15600375e-04  3.31758568e-05  5.00000000e+00 
 3.32054981e-05  3.15371207e+00  3.32054981e-05 -3.15144013e-04  3.32054981e-05  5.00000000e+00 
 3.32351395e-05  3.15371246e+00  3.32351395e-05 -3.15596589e-04  3.32351395e-05  5.00000000e+00 
 3.32647808e-05  3.15371209e+00  3.32647808e-05 -3.15147994e-04  3.32647808e-05  5.00000000e+00 
 3.32944221e-05  3.15371245e+00  3.32944221e-05 -3.15592432e-04  3.32944221e-05  5.00000000e+00 
 3.33240635e-05  3.15371212e+00  3.33240635e-05 -3.15152328e-04  3.33240635e-05  5.00000000e+00 
 3.33537048e-05  3.15371244e+00  3.33537048e-05 -3.15587940e-04  3.33537048e-05  5.00000000e+00 
 3.33833462e-05  3.15371215e+00  3.33833462e-05 -3.15156977e-04  3.33833462e-05  5.00000000e+00 
 3.34129875e-05  3.15371243e+00  3.34129875e-05 -3.15583150e-04  3.34129875e-05  5.00000000e+00 
 3.34426288e-05  3.15371217e+00  3.34426288e-05 -3.15161907e-04  3.34426288e-05  5.00000000e+00 
 3.34722702e-05  3.15371243e+00  3.34722702e-05 -3.15578097e-04  3.34722702e-05  5.00000000e+00 
 3.35019115e-05  3.15371220e+00  3.35019115e-05 -3.15167083e-04  3.35019115e-05  5.00000000e+00 
 3.35315528e-05  3.15371242e+00  3.35315528e-05 -3.15572813e-04  3.35315528e-05  5.00000000e+00 
 3.35611942e-05  3.15371222e+00  3.35611942e-05 -3.15172473e-04  3.35611942e-05  5.00000000e+00 
 3.35908355e-05  3.15371242e+00  3.35908355e-05 -3.15567329e-04  3.35908355e-05  5.00000000e+00 
 3.36204769e-05  3.15371225e+00  3.36204769e-05 -3.15178048e-04  3.36204769e-05  5.00000000e+00 
 3.36501182e-05  3.15371242e+00  3.36501182e-05 -3.15561676e-04  3.36501182e-05  5.00000000e+00 
 3.36797595e-05  3.15371227e+00  3.36797595e-05 -3.15183778e-04  3.36797595e-05  5.00000000e+00 
 3.37094009e-05  3.15371241e+00  3.37094009e-05 -3.15555881e-04  3.37094009e-05  5.00000000e+00 
 3.37390422e-05  3.15371230e+00  3.37390422e-05 -3.15189636e-04  3.37390422e-05  5.00000000e+00 
 3.37686835e-05  3.15371241e+00  3.37686835e-05 -3.15549971e-04  3.37686835e-05  5.00000000e+00 
 3.37983249e-05  3.15371232e+00  3.37983249e-05 -3.15195597e-04  3.37983249e-05  5.00000000e+00 
 3.38279662e-05  3.15371241e+00  3.38279662e-05 -3.15543970e-04  3.38279662e-05  5.00000000e+00 
 3.38576076e-05  3.15371234e+00  3.38576076e-05 -3.15201636e-04  3.38576076e-05  5.00000000e+00 
 3.38872489e-05  3.15371241e+00  3.38872489e-05 -3.15537902e-04  3.38872489e-05  5.00000000e+00 
 3.39168902e-05  3.15371236e+00  3.39168902e-05 -3.15207731e-04  3.39168902e-05  5.00000000e+00 
 3.39465316e-05  3.15371241e+00  3.39465316e-05 -3.15531788e-04  3.39465316e-05  5.00000000e+00 
 3.39761729e-05  3.15371238e+00  3.39761729e-05 -3.15213860e-04  3.39761729e-05  5.00000000e+00 
 3.40058142e-05  3.15371241e+00  3.40058142e-05 -3.15525650e-04  3.40058142e-05  5.00000000e+00 
 3.40354556e-05  3.15371240e+00  3.40354556e-05 -3.15220005e-04  3.40354556e-05  5.00000000e+00 
 3.40650969e-05  3.15371241e+00  3.40650969e-05 -3.15519506e-04  3.40650969e-05  5.00000000e+00 
 3.40947383e-05  3.15371242e+00  3.40947383e-05 -3.15226145e-04  3.40947383e-05  5.00000000e+00 
 3.41243796e-05  3.15371241e+00  3.41243796e-05 -3.15513374e-04  3.41243796e-05  5.00000000e+00 
 3.41540209e-05  3.15371244e+00  3.41540209e-05 -3.15232265e-04  3.41540209e-05  5.00000000e+00 
 3.41836623e-05  3.15371241e+00  3.41836623e-05 -3.15507271e-04  3.41836623e-05  5.00000000e+00 
 3.42133036e-05  3.15371245e+00  3.42133036e-05 -3.15238348e-04  3.42133036e-05  5.00000000e+00 
 3.42429449e-05  3.15371242e+00  3.42429449e-05 -3.15501212e-04  3.42429449e-05  5.00000000e+00 
 3.42725863e-05  3.15371247e+00  3.42725863e-05 -3.15244380e-04  3.42725863e-05  5.00000000e+00 
 3.43022276e-05  3.15371242e+00  3.43022276e-05 -3.15495212e-04  3.43022276e-05  5.00000000e+00 
 3.43318690e-05  3.15371248e+00  3.43318690e-05 -3.15250348e-04  3.43318690e-05  5.00000000e+00 
 3.43615103e-05  3.15371242e+00  3.43615103e-05 -3.15489282e-04  3.43615103e-05  5.00000000e+00 
 3.43911516e-05  3.15371250e+00  3.43911516e-05 -3.15256237e-04  3.43911516e-05  5.00000000e+00 
 3.44207930e-05  3.15371242e+00  3.44207930e-05 -3.15483435e-04  3.44207930e-05  5.00000000e+00 
 3.44504343e-05  3.15371251e+00  3.44504343e-05 -3.15262039e-04  3.44504343e-05  5.00000000e+00 
 3.44800756e-05  3.15371242e+00  3.44800756e-05 -3.15477681e-04  3.44800756e-05  5.00000000e+00 
 3.45097170e-05  3.15371252e+00  3.45097170e-05 -3.15267742e-04  3.45097170e-05  5.00000000e+00 
 3.45393583e-05  3.15371243e+00  3.45393583e-05 -3.15472031e-04  3.45393583e-05  5.00000000e+00 
 3.45689997e-05  3.15371253e+00  3.45689997e-05 -3.15273337e-04  3.45689997e-05  5.00000000e+00 
 3.45986410e-05  3.15371243e+00  3.45986410e-05 -3.15466492e-04  3.45986410e-05  5.00000000e+00 
 3.46282823e-05  3.15371254e+00  3.46282823e-05 -3.15278816e-04  3.46282823e-05  5.00000000e+00 
 3.46579237e-05  3.15371243e+00  3.46579237e-05 -3.15461074e-04  3.46579237e-05  5.00000000e+00 
 3.46875650e-05  3.15371255e+00  3.46875650e-05 -3.15284172e-04  3.46875650e-05  5.00000000e+00 
 3.47172063e-05  3.15371243e+00  3.47172063e-05 -3.15455782e-04  3.47172063e-05  5.00000000e+00 
 3.47468477e-05  3.15371256e+00  3.47468477e-05 -3.15289398e-04  3.47468477e-05  5.00000000e+00 
 3.47764890e-05  3.15371243e+00  3.47764890e-05 -3.15450623e-04  3.47764890e-05  5.00000000e+00 
 3.48061304e-05  3.15371257e+00  3.48061304e-05 -3.15294488e-04  3.48061304e-05  5.00000000e+00 
 3.48357717e-05  3.15371244e+00  3.48357717e-05 -3.15445602e-04  3.48357717e-05  5.00000000e+00 
 3.48654130e-05  3.15371257e+00  3.48654130e-05 -3.15299437e-04  3.48654130e-05  5.00000000e+00 
 3.48950544e-05  3.15371244e+00  3.48950544e-05 -3.15440724e-04  3.48950544e-05  5.00000000e+00 
 3.49246957e-05  3.15371258e+00  3.49246957e-05 -3.15304242e-04  3.49246957e-05  5.00000000e+00 
 3.49543371e-05  3.15371244e+00  3.49543371e-05 -3.15435992e-04  3.49543371e-05  5.00000000e+00 
 3.49839784e-05  3.15371258e+00  3.49839784e-05 -3.15308900e-04  3.49839784e-05  5.00000000e+00 
 3.50136197e-05  3.15371244e+00  3.50136197e-05 -3.15431410e-04  3.50136197e-05  5.00000000e+00 
 3.50432611e-05  3.15371259e+00  3.50432611e-05 -3.15313406e-04  3.50432611e-05  5.00000000e+00 
 3.50729024e-05  3.15371244e+00  3.50729024e-05 -3.15426979e-04  3.50729024e-05  5.00000000e+00 
 3.51025437e-05  3.15371259e+00  3.51025437e-05 -3.15317759e-04  3.51025437e-05  5.00000000e+00 
 3.51321851e-05  3.15371245e+00  3.51321851e-05 -3.15422702e-04  3.51321851e-05  5.00000000e+00 
 3.51618264e-05  3.15371260e+00  3.51618264e-05 -3.15321958e-04  3.51618264e-05  5.00000000e+00 
 3.51914678e-05  3.15371245e+00  3.51914678e-05 -3.15418581e-04  3.51914678e-05  5.00000000e+00 
 3.52211091e-05  3.15371260e+00  3.52211091e-05 -3.15326001e-04  3.52211091e-05  5.00000000e+00 
 3.52507504e-05  3.15371245e+00  3.52507504e-05 -3.15414615e-04  3.52507504e-05  5.00000000e+00 
 3.52803918e-05  3.15371260e+00  3.52803918e-05 -3.15329889e-04  3.52803918e-05  5.00000000e+00 
 3.53100331e-05  3.15371245e+00  3.53100331e-05 -3.15410806e-04  3.53100331e-05  5.00000000e+00 
 3.53396744e-05  3.15371260e+00  3.53396744e-05 -3.15333620e-04  3.53396744e-05  5.00000000e+00 
 3.53693158e-05  3.15371245e+00  3.53693158e-05 -3.15407152e-04  3.53693158e-05  5.00000000e+00 
 3.53989571e-05  3.15371260e+00  3.53989571e-05 -3.15337195e-04  3.53989571e-05  5.00000000e+00 
 3.54285985e-05  3.15371246e+00  3.54285985e-05 -3.15403653e-04  3.54285985e-05  5.00000000e+00 
 3.54582398e-05  3.15371261e+00  3.54582398e-05 -3.15340616e-04  3.54582398e-05  5.00000000e+00 
 3.54878811e-05  3.15371246e+00  3.54878811e-05 -3.15400309e-04  3.54878811e-05  5.00000000e+00 
 3.55175225e-05  3.15371261e+00  3.55175225e-05 -3.15343883e-04  3.55175225e-05  5.00000000e+00 
 3.55471638e-05  3.15371246e+00  3.55471638e-05 -3.15397118e-04  3.55471638e-05  5.00000000e+00 
 3.55768051e-05  3.15371261e+00  3.55768051e-05 -3.15346998e-04  3.55768051e-05  5.00000000e+00 
 3.56064465e-05  3.15371246e+00  3.56064465e-05 -3.15394078e-04  3.56064465e-05  5.00000000e+00 
 3.56360878e-05  3.15371261e+00  3.56360878e-05 -3.15349963e-04  3.56360878e-05  5.00000000e+00 
 3.56657292e-05  3.15371246e+00  3.56657292e-05 -3.15391187e-04  3.56657292e-05  5.00000000e+00 
 3.56953705e-05  3.15371261e+00  3.56953705e-05 -3.15352780e-04  3.56953705e-05  5.00000000e+00 
 3.57250118e-05  3.15371247e+00  3.57250118e-05 -3.15388443e-04  3.57250118e-05  5.00000000e+00 
 3.57546532e-05  3.15371261e+00  3.57546532e-05 -3.15355451e-04  3.57546532e-05  5.00000000e+00 
 3.57842945e-05  3.15371247e+00  3.57842945e-05 -3.15385843e-04  3.57842945e-05  5.00000000e+00 
 3.58139358e-05  3.15371260e+00  3.58139358e-05 -3.15357980e-04  3.58139358e-05  5.00000000e+00 
 3.58435772e-05  3.15371247e+00  3.58435772e-05 -3.15383385e-04  3.58435772e-05  5.00000000e+00 
 3.58732185e-05  3.15371260e+00  3.58732185e-05 -3.15360368e-04  3.58732185e-05  5.00000000e+00 
 3.59028599e-05  3.15371247e+00  3.59028599e-05 -3.15381065e-04  3.59028599e-05  5.00000000e+00 
 3.59325012e-05  3.15371260e+00  3.59325012e-05 -3.15362620e-04  3.59325012e-05  5.00000000e+00 
 3.59621425e-05  3.15371247e+00  3.59621425e-05 -3.15378880e-04  3.59621425e-05  5.00000000e+00 
 3.59917839e-05  3.15371260e+00  3.59917839e-05 -3.15364738e-04  3.59917839e-05  5.00000000e+00 
 3.60214252e-05  3.15371248e+00  3.60214252e-05 -3.15376828e-04  3.60214252e-05  5.00000000e+00 
 3.60510665e-05  3.15371260e+00  3.60510665e-05 -3.15366725e-04  3.60510665e-05  5.00000000e+00 
 3.60807079e-05  3.15371248e+00  3.60807079e-05 -3.15374904e-04  3.60807079e-05  5.00000000e+00 
 3.61103492e-05  3.15371260e+00  3.61103492e-05 -3.15368586e-04  3.61103492e-05  5.00000000e+00 
 3.61399906e-05  3.15371248e+00  3.61399906e-05 -3.15373105e-04  3.61399906e-05  5.00000000e+00 
 3.61696319e-05  3.15371260e+00  3.61696319e-05 -3.15370324e-04  3.61696319e-05  5.00000000e+00 
 3.61992732e-05  3.15371248e+00  3.61992732e-05 -3.15371427e-04  3.61992732e-05  5.00000000e+00 
 3.62289146e-05  3.15371260e+00  3.62289146e-05 -3.15371943e-04  3.62289146e-05  5.00000000e+00 
 3.62585559e-05  3.15371248e+00  3.62585559e-05 -3.15369866e-04  3.62585559e-05  5.00000000e+00 
 3.62881972e-05  3.15371259e+00  3.62881972e-05 -3.15373446e-04  3.62881972e-05  5.00000000e+00 
 3.63178386e-05  3.15371248e+00  3.63178386e-05 -3.15368419e-04  3.63178386e-05  5.00000000e+00 
 3.63474799e-05  3.15371259e+00  3.63474799e-05 -3.15374838e-04  3.63474799e-05  5.00000000e+00 
 3.63771213e-05  3.15371249e+00  3.63771213e-05 -3.15367082e-04  3.63771213e-05  5.00000000e+00 
 3.64067626e-05  3.15371259e+00  3.64067626e-05 -3.15376122e-04  3.64067626e-05  5.00000000e+00 
 3.64364039e-05  3.15371249e+00  3.64364039e-05 -3.15365851e-04  3.64364039e-05  5.00000000e+00 
 3.64660453e-05  3.15371259e+00  3.64660453e-05 -3.15377302e-04  3.64660453e-05  5.00000000e+00 
 3.64956866e-05  3.15371249e+00  3.64956866e-05 -3.15364721e-04  3.64956866e-05  5.00000000e+00 
 3.65253280e-05  3.15371259e+00  3.65253280e-05 -3.15378382e-04  3.65253280e-05  5.00000000e+00 
 3.65549693e-05  3.15371249e+00  3.65549693e-05 -3.15363689e-04  3.65549693e-05  5.00000000e+00 
 3.65846106e-05  3.15371258e+00  3.65846106e-05 -3.15379366e-04  3.65846106e-05  5.00000000e+00 
 3.66142520e-05  3.15371249e+00  3.66142520e-05 -3.15362751e-04  3.66142520e-05  5.00000000e+00 
 3.66438933e-05  3.15371258e+00  3.66438933e-05 -3.15380259e-04  3.66438933e-05  5.00000000e+00 
 3.66735346e-05  3.15371250e+00  3.66735346e-05 -3.15361903e-04  3.66735346e-05  5.00000000e+00 
 3.67031760e-05  3.15371258e+00  3.67031760e-05 -3.15381063e-04  3.67031760e-05  5.00000000e+00 
 3.67328173e-05  3.15371250e+00  3.67328173e-05 -3.15361141e-04  3.67328173e-05  5.00000000e+00 
 3.67624587e-05  3.15371258e+00  3.67624587e-05 -3.15381784e-04  3.67624587e-05  5.00000000e+00 
 3.67921000e-05  3.15371250e+00  3.67921000e-05 -3.15360461e-04  3.67921000e-05  5.00000000e+00 
 3.68217413e-05  3.15371258e+00  3.68217413e-05 -3.15382424e-04  3.68217413e-05  5.00000000e+00 
 3.68513827e-05  3.15371250e+00  3.68513827e-05 -3.15359859e-04  3.68513827e-05  5.00000000e+00 
 3.68810240e-05  3.15371257e+00  3.68810240e-05 -3.15382988e-04  3.68810240e-05  5.00000000e+00 
 3.69106653e-05  3.15371250e+00  3.69106653e-05 -3.15359332e-04  3.69106653e-05  5.00000000e+00 
 3.69403067e-05  3.15371257e+00  3.69403067e-05 -3.15383480e-04  3.69403067e-05  5.00000000e+00 
 3.69699480e-05  3.15371250e+00  3.69699480e-05 -3.15358875e-04  3.69699480e-05  5.00000000e+00 
 3.69995894e-05  3.15371257e+00  3.69995894e-05 -3.15383903e-04  3.69995894e-05  5.00000000e+00 
 3.70292307e-05  3.15371251e+00  3.70292307e-05 -3.15358485e-04  3.70292307e-05  5.00000000e+00 
 3.70588720e-05  3.15371257e+00  3.70588720e-05 -3.15384260e-04  3.70588720e-05  5.00000000e+00 
 3.70885134e-05  3.15371251e+00  3.70885134e-05 -3.15358159e-04  3.70885134e-05  5.00000000e+00 
 3.71181547e-05  3.15371257e+00  3.71181547e-05 -3.15384556e-04  3.71181547e-05  5.00000000e+00 
 3.71477960e-05  3.15371251e+00  3.71477960e-05 -3.15357893e-04  3.71477960e-05  5.00000000e+00 
 3.71774374e-05  3.15371257e+00  3.71774374e-05 -3.15384794e-04  3.71774374e-05  5.00000000e+00 
 3.72070787e-05  3.15371251e+00  3.72070787e-05 -3.15357683e-04  3.72070787e-05  5.00000000e+00 
 3.72367201e-05  3.15371256e+00  3.72367201e-05 -3.15384977e-04  3.72367201e-05  5.00000000e+00 
 3.72663614e-05  3.15371251e+00  3.72663614e-05 -3.15357526e-04  3.72663614e-05  5.00000000e+00 
 3.72960027e-05  3.15371256e+00  3.72960027e-05 -3.15385109e-04  3.72960027e-05  5.00000000e+00 
 3.73256441e-05  3.15371251e+00  3.73256441e-05 -3.15357418e-04  3.73256441e-05  5.00000000e+00 
 3.73552854e-05  3.15371256e+00  3.73552854e-05 -3.15385192e-04  3.73552854e-05  5.00000000e+00 
 3.73849267e-05  3.15371252e+00  3.73849267e-05 -3.15357358e-04  3.73849267e-05  5.00000000e+00 
 3.74145681e-05  3.15371256e+00  3.74145681e-05 -3.15385231e-04  3.74145681e-05  5.00000000e+00 
 3.74442094e-05  3.15371252e+00  3.74442094e-05 -3.15357340e-04  3.74442094e-05  5.00000000e+00 
 3.74738508e-05  3.15371256e+00  3.74738508e-05 -3.15385228e-04  3.74738508e-05  5.00000000e+00 
 3.75034921e-05  3.15371252e+00  3.75034921e-05 -3.15357363e-04  3.75034921e-05  5.00000000e+00 
 3.75331334e-05  3.15371256e+00  3.75331334e-05 -3.15385185e-04  3.75331334e-05  5.00000000e+00 
 3.75627748e-05  3.15371252e+00  3.75627748e-05 -3.15357424e-04  3.75627748e-05  5.00000000e+00 
 3.75924161e-05  3.15371255e+00  3.75924161e-05 -3.15385107e-04  3.75924161e-05  5.00000000e+00 
 3.76220574e-05  3.15371252e+00  3.76220574e-05 -3.15357519e-04  3.76220574e-05  5.00000000e+00 
 3.76516988e-05  3.15371255e+00  3.76516988e-05 -3.15384995e-04  3.76516988e-05  5.00000000e+00 
 3.76813401e-05  3.15371252e+00  3.76813401e-05 -3.15357647e-04  3.76813401e-05  5.00000000e+00 
 3.77109815e-05  3.15371255e+00  3.77109815e-05 -3.15384853e-04  3.77109815e-05  5.00000000e+00 
 3.77406228e-05  3.15371252e+00  3.77406228e-05 -3.15357803e-04  3.77406228e-05  5.00000000e+00 
 3.77702641e-05  3.15371255e+00  3.77702641e-05 -3.15384683e-04  3.77702641e-05  5.00000000e+00 
 3.77999055e-05  3.15371253e+00  3.77999055e-05 -3.15357987e-04  3.77999055e-05  5.00000000e+00 
 3.78295468e-05  3.15371255e+00  3.78295468e-05 -3.15384487e-04  3.78295468e-05  5.00000000e+00 
 3.78591881e-05  3.15371253e+00  3.78591881e-05 -3.15358195e-04  3.78591881e-05  5.00000000e+00 
 3.78888295e-05  3.15371255e+00  3.78888295e-05 -3.15384267e-04  3.78888295e-05  5.00000000e+00 
 3.79184708e-05  3.15371253e+00  3.79184708e-05 -3.15358425e-04  3.79184708e-05  5.00000000e+00 
 3.79481122e-05  3.15371255e+00  3.79481122e-05 -3.15384027e-04  3.79481122e-05  5.00000000e+00 
 3.79777535e-05  3.15371253e+00  3.79777535e-05 -3.15358675e-04  3.79777535e-05  5.00000000e+00 
 3.80073948e-05  3.15371255e+00  3.80073948e-05 -3.15383768e-04  3.80073948e-05  5.00000000e+00 
 3.80370362e-05  3.15371253e+00  3.80370362e-05 -3.15358943e-04  3.80370362e-05  5.00000000e+00 
 3.80666775e-05  3.15371255e+00  3.80666775e-05 -3.15383492e-04  3.80666775e-05  5.00000000e+00 
 3.80963189e-05  3.15371253e+00  3.80963189e-05 -3.15359227e-04  3.80963189e-05  5.00000000e+00 
 3.81259602e-05  3.15371254e+00  3.81259602e-05 -3.15383201e-04  3.81259602e-05  5.00000000e+00 
 3.81556015e-05  3.15371253e+00  3.81556015e-05 -3.15359524e-04  3.81556015e-05  5.00000000e+00 
 3.81852429e-05  3.15371254e+00  3.81852429e-05 -3.15382897e-04  3.81852429e-05  5.00000000e+00 
 3.82148842e-05  3.15371253e+00  3.82148842e-05 -3.15359834e-04  3.82148842e-05  5.00000000e+00 
 3.82445255e-05  3.15371254e+00  3.82445255e-05 -3.15382582e-04  3.82445255e-05  5.00000000e+00 
 3.82741669e-05  3.15371253e+00  3.82741669e-05 -3.15360154e-04  3.82741669e-05  5.00000000e+00 
 3.83038082e-05  3.15371254e+00  3.83038082e-05 -3.15382258e-04  3.83038082e-05  5.00000000e+00 
 3.83334496e-05  3.15371253e+00  3.83334496e-05 -3.15360482e-04  3.83334496e-05  5.00000000e+00 
 3.83630909e-05  3.15371254e+00  3.83630909e-05 -3.15381925e-04  3.83630909e-05  5.00000000e+00 
 3.83927322e-05  3.15371253e+00  3.83927322e-05 -3.15360818e-04  3.83927322e-05  5.00000000e+00 
 3.84223736e-05  3.15371254e+00  3.84223736e-05 -3.15381587e-04  3.84223736e-05  5.00000000e+00 
 3.84520149e-05  3.15371254e+00  3.84520149e-05 -3.15361160e-04  3.84520149e-05  5.00000000e+00 
 3.84816562e-05  3.15371254e+00  3.84816562e-05 -3.15381243e-04  3.84816562e-05  5.00000000e+00 
 3.85112976e-05  3.15371254e+00  3.85112976e-05 -3.15361506e-04  3.85112976e-05  5.00000000e+00 
 3.85409389e-05  3.15371254e+00  3.85409389e-05 -3.15380895e-04  3.85409389e-05  5.00000000e+00 
 3.85705803e-05  3.15371254e+00  3.85705803e-05 -3.15361854e-04  3.85705803e-05  5.00000000e+00 
 3.86002216e-05  3.15371254e+00  3.86002216e-05 -3.15380545e-04  3.86002216e-05  5.00000000e+00 
 3.86298629e-05  3.15371254e+00  3.86298629e-05 -3.15362205e-04  3.86298629e-05  5.00000000e+00 
 3.86595043e-05  3.15371254e+00  3.86595043e-05 -3.15380194e-04  3.86595043e-05  5.00000000e+00 
 3.86891456e-05  3.15371254e+00  3.86891456e-05 -3.15362557e-04  3.86891456e-05  5.00000000e+00 
 3.87187869e-05  3.15371254e+00  3.87187869e-05 -3.15379843e-04  3.87187869e-05  5.00000000e+00 
 3.87484283e-05  3.15371254e+00  3.87484283e-05 -3.15362908e-04  3.87484283e-05  5.00000000e+00 
 3.87780696e-05  3.15371254e+00  3.87780696e-05 -3.15379492e-04  3.87780696e-05  5.00000000e+00 
 3.88077110e-05  3.15371254e+00  3.88077110e-05 -3.15363258e-04  3.88077110e-05  5.00000000e+00 
 3.88373523e-05  3.15371254e+00  3.88373523e-05 -3.15379143e-04  3.88373523e-05  5.00000000e+00 
 3.88669936e-05  3.15371254e+00  3.88669936e-05 -3.15363605e-04  3.88669936e-05  5.00000000e+00 
 3.88966350e-05  3.15371254e+00  3.88966350e-05 -3.15378797e-04  3.88966350e-05  5.00000000e+00 
 3.89262763e-05  3.15371254e+00  3.89262763e-05 -3.15363950e-04  3.89262763e-05  5.00000000e+00 
 3.89559176e-05  3.15371254e+00  3.89559176e-05 -3.15378454e-04  3.89559176e-05  5.00000000e+00 
 3.89855590e-05  3.15371254e+00  3.89855590e-05 -3.15364291e-04  3.89855590e-05  5.00000000e+00 
 3.90152003e-05  3.15371254e+00  3.90152003e-05 -3.15378116e-04  3.90152003e-05  5.00000000e+00 
 3.90448417e-05  3.15371254e+00  3.90448417e-05 -3.15364627e-04  3.90448417e-05  5.00000000e+00 
 3.90744830e-05  3.15371254e+00  3.90744830e-05 -3.15377782e-04  3.90744830e-05  5.00000000e+00 
 3.91041243e-05  3.15371254e+00  3.91041243e-05 -3.15364958e-04  3.91041243e-05  5.00000000e+00 
 3.91337657e-05  3.15371254e+00  3.91337657e-05 -3.15377453e-04  3.91337657e-05  5.00000000e+00 
 3.91634070e-05  3.15371254e+00  3.91634070e-05 -3.15365284e-04  3.91634070e-05  5.00000000e+00 
 3.91930483e-05  3.15371254e+00  3.91930483e-05 -3.15377131e-04  3.91930483e-05  5.00000000e+00 
 3.92226897e-05  3.15371254e+00  3.92226897e-05 -3.15365603e-04  3.92226897e-05  5.00000000e+00 
 3.92523310e-05  3.15371254e+00  3.92523310e-05 -3.15376815e-04  3.92523310e-05  5.00000000e+00 
 3.92819724e-05  3.15371254e+00  3.92819724e-05 -3.15365915e-04  3.92819724e-05  5.00000000e+00 
 3.93116137e-05  3.15371253e+00  3.93116137e-05 -3.15376506e-04  3.93116137e-05  5.00000000e+00 
 3.93412550e-05  3.15371254e+00  3.93412550e-05 -3.15366221e-04  3.93412550e-05  5.00000000e+00 
 3.93708964e-05  3.15371253e+00  3.93708964e-05 -3.15376204e-04  3.93708964e-05  5.00000000e+00 
 3.94005377e-05  3.15371254e+00  3.94005377e-05 -3.15366519e-04  3.94005377e-05  5.00000000e+00 
 3.94301790e-05  3.15371253e+00  3.94301790e-05 -3.15375910e-04  3.94301790e-05  5.00000000e+00 
 3.94598204e-05  3.15371254e+00  3.94598204e-05 -3.15366809e-04  3.94598204e-05  5.00000000e+00 
 3.94894617e-05  3.15371253e+00  3.94894617e-05 -3.15375624e-04  3.94894617e-05  5.00000000e+00 
 3.95191031e-05  3.15371254e+00  3.95191031e-05 -3.15367091e-04  3.95191031e-05  5.00000000e+00 
 3.95487444e-05  3.15371253e+00  3.95487444e-05 -3.15375346e-04  3.95487444e-05  5.00000000e+00 
 3.95783857e-05  3.15371254e+00  3.95783857e-05 -3.15367365e-04  3.95783857e-05  5.00000000e+00 
 3.96080271e-05  3.15371253e+00  3.96080271e-05 -3.15375076e-04  3.96080271e-05  5.00000000e+00 
 3.96376684e-05  3.15371254e+00  3.96376684e-05 -3.15367631e-04  3.96376684e-05  5.00000000e+00 
 3.96673098e-05  3.15371253e+00  3.96673098e-05 -3.15374815e-04  3.96673098e-05  5.00000000e+00 
 3.96969511e-05  3.15371254e+00  3.96969511e-05 -3.15367887e-04  3.96969511e-05  5.00000000e+00 
 3.97265924e-05  3.15371253e+00  3.97265924e-05 -3.15374563e-04  3.97265924e-05  5.00000000e+00 
 3.97562338e-05  3.15371254e+00  3.97562338e-05 -3.15368135e-04  3.97562338e-05  5.00000000e+00 
 3.97858751e-05  3.15371253e+00  3.97858751e-05 -3.15374319e-04  3.97858751e-05  5.00000000e+00 
 3.98155164e-05  3.15371254e+00  3.98155164e-05 -3.15368374e-04  3.98155164e-05  5.00000000e+00 
 3.98451578e-05  3.15371253e+00  3.98451578e-05 -3.15374084e-04  3.98451578e-05  5.00000000e+00 
 3.98747991e-05  3.15371254e+00  3.98747991e-05 -3.15368605e-04  3.98747991e-05  5.00000000e+00 
 3.99044405e-05  3.15371253e+00  3.99044405e-05 -3.15373859e-04  3.99044405e-05  5.00000000e+00 
 3.99340818e-05  3.15371254e+00  3.99340818e-05 -3.15368826e-04  3.99340818e-05  5.00000000e+00 
 3.99637231e-05  3.15371253e+00  3.99637231e-05 -3.15373642e-04  3.99637231e-05  5.00000000e+00 
 3.99933645e-05  3.15371254e+00  3.99933645e-05 -3.15369038e-04  3.99933645e-05  5.00000000e+00 
 4.00230058e-05  3.15371253e+00  4.00230058e-05 -3.15373434e-04  4.00230058e-05  5.00000000e+00 
 4.00526471e-05  3.15371254e+00  4.00526471e-05 -3.15369242e-04  4.00526471e-05  5.00000000e+00 
 4.00822885e-05  3.15371253e+00  4.00822885e-05 -3.15373235e-04  4.00822885e-05  5.00000000e+00 
 4.01119298e-05  3.15371254e+00  4.01119298e-05 -3.15369436e-04  4.01119298e-05  5.00000000e+00 
 4.01415712e-05  3.15371253e+00  4.01415712e-05 -3.15373045e-04  4.01415712e-05  5.00000000e+00 
 4.01712125e-05  3.15371254e+00  4.01712125e-05 -3.15369622e-04  4.01712125e-05  5.00000000e+00 
 4.02008538e-05  3.15371253e+00  4.02008538e-05 -3.15372863e-04  4.02008538e-05  5.00000000e+00 
 4.02304952e-05  3.15371254e+00  4.02304952e-05 -3.15369799e-04  4.02304952e-05  5.00000000e+00 
 4.02601365e-05  3.15371253e+00  4.02601365e-05 -3.15372690e-04  4.02601365e-05  5.00000000e+00 
 4.02897778e-05  3.15371254e+00  4.02897778e-05 -3.15369968e-04  4.02897778e-05  5.00000000e+00 
 4.03194192e-05  3.15371253e+00  4.03194192e-05 -3.15372526e-04  4.03194192e-05  5.00000000e+00 
 4.03490605e-05  3.15371254e+00  4.03490605e-05 -3.15370128e-04  4.03490605e-05  5.00000000e+00 
 4.03787019e-05  3.15371253e+00  4.03787019e-05 -3.15372370e-04  4.03787019e-05  5.00000000e+00 
 4.04083432e-05  3.15371254e+00  4.04083432e-05 -3.15370280e-04  4.04083432e-05  5.00000000e+00 
 4.04379845e-05  3.15371253e+00  4.04379845e-05 -3.15372222e-04  4.04379845e-05  5.00000000e+00 
 4.04676259e-05  3.15371254e+00  4.04676259e-05 -3.15370423e-04  4.04676259e-05  5.00000000e+00 
 4.04972672e-05  3.15371253e+00  4.04972672e-05 -3.15372083e-04  4.04972672e-05  5.00000000e+00 
 4.05269085e-05  3.15371254e+00  4.05269085e-05 -3.15370559e-04  4.05269085e-05  5.00000000e+00 
 4.05565499e-05  3.15371253e+00  4.05565499e-05 -3.15371951e-04  4.05565499e-05  5.00000000e+00 
 4.05861912e-05  3.15371254e+00  4.05861912e-05 -3.15370687e-04  4.05861912e-05  5.00000000e+00 
 4.06158326e-05  3.15371253e+00  4.06158326e-05 -3.15371827e-04  4.06158326e-05  5.00000000e+00 
 4.06454739e-05  3.15371254e+00  4.06454739e-05 -3.15370807e-04  4.06454739e-05  5.00000000e+00 
 4.06751152e-05  3.15371253e+00  4.06751152e-05 -3.15371710e-04  4.06751152e-05  5.00000000e+00 
 4.07047566e-05  3.15371254e+00  4.07047566e-05 -3.15370920e-04  4.07047566e-05  5.00000000e+00 
 4.07343979e-05  3.15371254e+00  4.07343979e-05 -3.15371601e-04  4.07343979e-05  5.00000000e+00 
 4.07640392e-05  3.15371254e+00  4.07640392e-05 -3.15371026e-04  4.07640392e-05  5.00000000e+00 
 4.07936806e-05  3.15371254e+00  4.07936806e-05 -3.15371499e-04  4.07936806e-05  5.00000000e+00 
 4.08233219e-05  3.15371254e+00  4.08233219e-05 -3.15371124e-04  4.08233219e-05  5.00000000e+00 
 4.08529633e-05  3.15371254e+00  4.08529633e-05 -3.15371404e-04  4.08529633e-05  5.00000000e+00 
 4.08826046e-05  3.15371254e+00  4.08826046e-05 -3.15371216e-04  4.08826046e-05  5.00000000e+00 
 4.09122459e-05  3.15371254e+00  4.09122459e-05 -3.15371315e-04  4.09122459e-05  5.00000000e+00 
 4.09418873e-05  3.15371254e+00  4.09418873e-05 -3.15371301e-04  4.09418873e-05  5.00000000e+00 
 4.09715286e-05  3.15371254e+00  4.09715286e-05 -3.15371233e-04  4.09715286e-05  5.00000000e+00 
 4.10011699e-05  3.15371254e+00  4.10011699e-05 -3.15371380e-04  4.10011699e-05  5.00000000e+00 
 4.10308113e-05  3.15371254e+00  4.10308113e-05 -3.15371158e-04  4.10308113e-05  5.00000000e+00 
 4.10604526e-05  3.15371254e+00  4.10604526e-05 -3.15371453e-04  4.10604526e-05  5.00000000e+00 
 4.10900940e-05  3.15371254e+00  4.10900940e-05 -3.15371088e-04  4.10900940e-05  5.00000000e+00 
 4.11197353e-05  3.15371254e+00  4.11197353e-05 -3.15371520e-04  4.11197353e-05  5.00000000e+00 
 4.11493766e-05  3.15371254e+00  4.11493766e-05 -3.15371024e-04  4.11493766e-05  5.00000000e+00 
 4.11790180e-05  3.15371254e+00  4.11790180e-05 -3.15371581e-04  4.11790180e-05  5.00000000e+00 
 4.12086593e-05  3.15371254e+00  4.12086593e-05 -3.15370966e-04  4.12086593e-05  5.00000000e+00 
 4.12383007e-05  3.15371254e+00  4.12383007e-05 -3.15371636e-04  4.12383007e-05  5.00000000e+00 
 4.12679420e-05  3.15371254e+00  4.12679420e-05 -3.15370913e-04  4.12679420e-05  5.00000000e+00 
 4.12975833e-05  3.15371254e+00  4.12975833e-05 -3.15371687e-04  4.12975833e-05  5.00000000e+00 
 4.13272247e-05  3.15371254e+00  4.13272247e-05 -3.15370865e-04  4.13272247e-05  5.00000000e+00 
 4.13568660e-05  3.15371254e+00  4.13568660e-05 -3.15371732e-04  4.13568660e-05  5.00000000e+00 
 4.13865073e-05  3.15371254e+00  4.13865073e-05 -3.15370822e-04  4.13865073e-05  5.00000000e+00 
 4.14161487e-05  3.15371254e+00  4.14161487e-05 -3.15371773e-04  4.14161487e-05  5.00000000e+00 
 4.14457900e-05  3.15371254e+00  4.14457900e-05 -3.15370783e-04  4.14457900e-05  5.00000000e+00 
 4.14754314e-05  3.15371254e+00  4.14754314e-05 -3.15371809e-04  4.14754314e-05  5.00000000e+00 
 4.15050727e-05  3.15371254e+00  4.15050727e-05 -3.15370750e-04  4.15050727e-05  5.00000000e+00 
 4.15347140e-05  3.15371254e+00  4.15347140e-05 -3.15371841e-04  4.15347140e-05  5.00000000e+00 
 4.15643554e-05  3.15371254e+00  4.15643554e-05 -3.15370720e-04  4.15643554e-05  5.00000000e+00 
 4.15939967e-05  3.15371254e+00  4.15939967e-05 -3.15371868e-04  4.15939967e-05  5.00000000e+00 
 4.16236380e-05  3.15371254e+00  4.16236380e-05 -3.15370694e-04  4.16236380e-05  5.00000000e+00 
 4.16532794e-05  3.15371254e+00  4.16532794e-05 -3.15371892e-04  4.16532794e-05  5.00000000e+00 
 4.16829207e-05  3.15371254e+00  4.16829207e-05 -3.15370672e-04  4.16829207e-05  5.00000000e+00 
 4.17125621e-05  3.15371254e+00  4.17125621e-05 -3.15371912e-04  4.17125621e-05  5.00000000e+00 
 4.17422034e-05  3.15371254e+00  4.17422034e-05 -3.15370654e-04  4.17422034e-05  5.00000000e+00 
 4.17718447e-05  3.15371254e+00  4.17718447e-05 -3.15371929e-04  4.17718447e-05  5.00000000e+00 
 4.18014861e-05  3.15371254e+00  4.18014861e-05 -3.15370639e-04  4.18014861e-05  5.00000000e+00 
 4.18311274e-05  3.15371254e+00  4.18311274e-05 -3.15371942e-04  4.18311274e-05  5.00000000e+00 
 4.18607687e-05  3.15371254e+00  4.18607687e-05 -3.15370628e-04  4.18607687e-05  5.00000000e+00 
 4.18904101e-05  3.15371254e+00  4.18904101e-05 -3.15371952e-04  4.18904101e-05  5.00000000e+00 
 4.19200514e-05  3.15371254e+00  4.19200514e-05 -3.15370619e-04  4.19200514e-05  5.00000000e+00 
 4.19496928e-05  3.15371254e+00  4.19496928e-05 -3.15371959e-04  4.19496928e-05  5.00000000e+00 
 4.19793341e-05  3.15371254e+00  4.19793341e-05 -3.15370613e-04  4.19793341e-05  5.00000000e+00 
 4.20089754e-05  3.15371254e+00  4.20089754e-05 -3.15371964e-04  4.20089754e-05  5.00000000e+00 
 4.20386168e-05  3.15371254e+00  4.20386168e-05 -3.15370610e-04  4.20386168e-05  5.00000000e+00 
 4.20682581e-05  3.15371254e+00  4.20682581e-05 -3.15371966e-04  4.20682581e-05  5.00000000e+00 
 4.20978994e-05  3.15371254e+00  4.20978994e-05 -3.15370609e-04  4.20978994e-05  5.00000000e+00 
 4.21275408e-05  3.15371254e+00  4.21275408e-05 -3.15371965e-04  4.21275408e-05  5.00000000e+00 
 4.21571821e-05  3.15371254e+00  4.21571821e-05 -3.15370611e-04  4.21571821e-05  5.00000000e+00 
 4.21868235e-05  3.15371254e+00  4.21868235e-05 -3.15371962e-04  4.21868235e-05  5.00000000e+00 
 4.22164648e-05  3.15371254e+00  4.22164648e-05 -3.15370615e-04  4.22164648e-05  5.00000000e+00 
 4.22461061e-05  3.15371254e+00  4.22461061e-05 -3.15371958e-04  4.22461061e-05  5.00000000e+00 
 4.22757475e-05  3.15371254e+00  4.22757475e-05 -3.15370620e-04  4.22757475e-05  5.00000000e+00 
 4.23053888e-05  3.15371254e+00  4.23053888e-05 -3.15371951e-04  4.23053888e-05  5.00000000e+00 
 4.23350301e-05  3.15371254e+00  4.23350301e-05 -3.15370628e-04  4.23350301e-05  5.00000000e+00 
 4.23646715e-05  3.15371254e+00  4.23646715e-05 -3.15371943e-04  4.23646715e-05  5.00000000e+00 
 4.23943128e-05  3.15371254e+00  4.23943128e-05 -3.15370637e-04  4.23943128e-05  5.00000000e+00 
 4.24239542e-05  3.15371254e+00  4.24239542e-05 -3.15371933e-04  4.24239542e-05  5.00000000e+00 
 4.24535955e-05  3.15371254e+00  4.24535955e-05 -3.15370648e-04  4.24535955e-05  5.00000000e+00 
 4.24832368e-05  3.15371254e+00  4.24832368e-05 -3.15371921e-04  4.24832368e-05  5.00000000e+00 
 4.25128782e-05  3.15371254e+00  4.25128782e-05 -3.15370660e-04  4.25128782e-05  5.00000000e+00 
 4.25425195e-05  3.15371254e+00  4.25425195e-05 -3.15371909e-04  4.25425195e-05  5.00000000e+00 
 4.25721608e-05  3.15371254e+00  4.25721608e-05 -3.15370673e-04  4.25721608e-05  5.00000000e+00 
 4.26018022e-05  3.15371254e+00  4.26018022e-05 -3.15371895e-04  4.26018022e-05  5.00000000e+00 
 4.26314435e-05  3.15371254e+00  4.26314435e-05 -3.15370687e-04  4.26314435e-05  5.00000000e+00 
 4.26610849e-05  3.15371254e+00  4.26610849e-05 -3.15371880e-04  4.26610849e-05  5.00000000e+00 
 4.26907262e-05  3.15371254e+00  4.26907262e-05 -3.15370703e-04  4.26907262e-05  5.00000000e+00 
 4.27203675e-05  3.15371254e+00  4.27203675e-05 -3.15371864e-04  4.27203675e-05  5.00000000e+00 
 4.27500089e-05  3.15371254e+00  4.27500089e-05 -3.15370719e-04  4.27500089e-05  5.00000000e+00 
 4.27796502e-05  3.15371254e+00  4.27796502e-05 -3.15371847e-04  4.27796502e-05  5.00000000e+00 
 4.28092916e-05  3.15371254e+00  4.28092916e-05 -3.15370736e-04  4.28092916e-05  5.00000000e+00 
 4.28389329e-05  3.15371254e+00  4.28389329e-05 -3.15371830e-04  4.28389329e-05  5.00000000e+00 
 4.28685742e-05  3.15371254e+00  4.28685742e-05 -3.15370754e-04  4.28685742e-05  5.00000000e+00 
 4.28982156e-05  3.15371254e+00  4.28982156e-05 -3.15371812e-04  4.28982156e-05  5.00000000e+00 
 4.29278569e-05  3.15371254e+00  4.29278569e-05 -3.15370772e-04  4.29278569e-05  5.00000000e+00 
 4.29574982e-05  3.15371254e+00  4.29574982e-05 -3.15371793e-04  4.29574982e-05  5.00000000e+00 
 4.29871396e-05  3.15371254e+00  4.29871396e-05 -3.15370791e-04  4.29871396e-05  5.00000000e+00 
 4.30167809e-05  3.15371254e+00  4.30167809e-05 -3.15371774e-04  4.30167809e-05  5.00000000e+00 
 4.30464223e-05  3.15371254e+00  4.30464223e-05 -3.15370811e-04  4.30464223e-05  5.00000000e+00 
 4.30760636e-05  3.15371254e+00  4.30760636e-05 -3.15371755e-04  4.30760636e-05  5.00000000e+00 
 4.31057049e-05  3.15371254e+00  4.31057049e-05 -3.15370830e-04  4.31057049e-05  5.00000000e+00 
 4.31353463e-05  3.15371254e+00  4.31353463e-05 -3.15371735e-04  4.31353463e-05  5.00000000e+00 
 4.31649876e-05  3.15371254e+00  4.31649876e-05 -3.15370850e-04  4.31649876e-05  5.00000000e+00 
 4.31946289e-05  3.15371254e+00  4.31946289e-05 -3.15371715e-04  4.31946289e-05  5.00000000e+00 
 4.32242703e-05  3.15371254e+00  4.32242703e-05 -3.15370870e-04  4.32242703e-05  5.00000000e+00 
 4.32539116e-05  3.15371254e+00  4.32539116e-05 -3.15371695e-04  4.32539116e-05  5.00000000e+00 
 4.32835530e-05  3.15371254e+00  4.32835530e-05 -3.15370890e-04  4.32835530e-05  5.00000000e+00 
 4.33131943e-05  3.15371254e+00  4.33131943e-05 -3.15371675e-04  4.33131943e-05  5.00000000e+00 
 4.33428356e-05  3.15371254e+00  4.33428356e-05 -3.15370910e-04  4.33428356e-05  5.00000000e+00 
 4.33724770e-05  3.15371254e+00  4.33724770e-05 -3.15371655e-04  4.33724770e-05  5.00000000e+00 
 4.34021183e-05  3.15371254e+00  4.34021183e-05 -3.15370930e-04  4.34021183e-05  5.00000000e+00 
 4.34317596e-05  3.15371254e+00  4.34317596e-05 -3.15371635e-04  4.34317596e-05  5.00000000e+00 
 4.34614010e-05  3.15371254e+00  4.34614010e-05 -3.15370950e-04  4.34614010e-05  5.00000000e+00 
 4.34910423e-05  3.15371254e+00  4.34910423e-05 -3.15371615e-04  4.34910423e-05  5.00000000e+00 
 4.35206837e-05  3.15371254e+00  4.35206837e-05 -3.15370970e-04  4.35206837e-05  5.00000000e+00 
 4.35503250e-05  3.15371254e+00  4.35503250e-05 -3.15371595e-04  4.35503250e-05  5.00000000e+00 
 4.35799663e-05  3.15371254e+00  4.35799663e-05 -3.15370990e-04  4.35799663e-05  5.00000000e+00 
 4.36096077e-05  3.15371254e+00  4.36096077e-05 -3.15371575e-04  4.36096077e-05  5.00000000e+00 
 4.36392490e-05  3.15371254e+00  4.36392490e-05 -3.15371009e-04  4.36392490e-05  5.00000000e+00 
 4.36688903e-05  3.15371254e+00  4.36688903e-05 -3.15371556e-04  4.36688903e-05  5.00000000e+00 
 4.36985317e-05  3.15371254e+00  4.36985317e-05 -3.15371028e-04  4.36985317e-05  5.00000000e+00 
 4.37281730e-05  3.15371254e+00  4.37281730e-05 -3.15371537e-04  4.37281730e-05  5.00000000e+00 
 4.37578144e-05  3.15371254e+00  4.37578144e-05 -3.15371047e-04  4.37578144e-05  5.00000000e+00 
 4.37874557e-05  3.15371254e+00  4.37874557e-05 -3.15371518e-04  4.37874557e-05  5.00000000e+00 
 4.38170970e-05  3.15371254e+00  4.38170970e-05 -3.15371066e-04  4.38170970e-05  5.00000000e+00 
 4.38467384e-05  3.15371254e+00  4.38467384e-05 -3.15371500e-04  4.38467384e-05  5.00000000e+00 
 4.38763797e-05  3.15371254e+00  4.38763797e-05 -3.15371084e-04  4.38763797e-05  5.00000000e+00 
 4.39060210e-05  3.15371254e+00  4.39060210e-05 -3.15371482e-04  4.39060210e-05  5.00000000e+00 
 4.39356624e-05  3.15371254e+00  4.39356624e-05 -3.15371102e-04  4.39356624e-05  5.00000000e+00 
 4.39653037e-05  3.15371254e+00  4.39653037e-05 -3.15371464e-04  4.39653037e-05  5.00000000e+00 
 4.39949451e-05  3.15371254e+00  4.39949451e-05 -3.15371119e-04  4.39949451e-05  5.00000000e+00 
 4.40245864e-05  3.15371254e+00  4.40245864e-05 -3.15371447e-04  4.40245864e-05  5.00000000e+00 
 4.40542277e-05  3.15371254e+00  4.40542277e-05 -3.15371136e-04  4.40542277e-05  5.00000000e+00 
 4.40838691e-05  3.15371254e+00  4.40838691e-05 -3.15371430e-04  4.40838691e-05  5.00000000e+00 
 4.41135104e-05  3.15371254e+00  4.41135104e-05 -3.15371153e-04  4.41135104e-05  5.00000000e+00 
 4.41431517e-05  3.15371254e+00  4.41431517e-05 -3.15371414e-04  4.41431517e-05  5.00000000e+00 
 4.41727931e-05  3.15371254e+00  4.41727931e-05 -3.15371169e-04  4.41727931e-05  5.00000000e+00 
 4.42024344e-05  3.15371254e+00  4.42024344e-05 -3.15371398e-04  4.42024344e-05  5.00000000e+00 
 4.42320758e-05  3.15371254e+00  4.42320758e-05 -3.15371185e-04  4.42320758e-05  5.00000000e+00 
 4.42617171e-05  3.15371254e+00  4.42617171e-05 -3.15371383e-04  4.42617171e-05  5.00000000e+00 
 4.42913584e-05  3.15371254e+00  4.42913584e-05 -3.15371200e-04  4.42913584e-05  5.00000000e+00 
 4.43209998e-05  3.15371254e+00  4.43209998e-05 -3.15371368e-04  4.43209998e-05  5.00000000e+00 
 4.43506411e-05  3.15371254e+00  4.43506411e-05 -3.15371214e-04  4.43506411e-05  5.00000000e+00 
 4.43802825e-05  3.15371254e+00  4.43802825e-05 -3.15371354e-04  4.43802825e-05  5.00000000e+00 
 4.44099238e-05  3.15371254e+00  4.44099238e-05 -3.15371228e-04  4.44099238e-05  5.00000000e+00 
 4.44359652e-05  3.15371254e+00  4.44359652e-05 -3.15371339e-04  4.44359652e-05  5.00000000e+00 
 4.44620066e-05  3.15371254e+00  4.44620066e-05 -3.15371244e-04  4.44620066e-05  5.00000000e+00 
 4.44635225e-05  3.15305178e+00  4.44635225e-05 -2.73700663e-04  4.44635225e-05  4.97442954e+00 
 4.44665543e-05  3.15045633e+00  4.44665543e-05 -1.90705586e-04  4.44665543e-05  4.92328862e+00 
 4.44718867e-05  3.14116526e+00  4.44718867e-05 -9.46885720e-05  4.44718867e-05  4.83333863e+00 
 4.44773005e-05  3.12788723e+00  4.44773005e-05 -4.53602706e-05  4.44773005e-05  4.74201743e+00 
 4.44840861e-05  3.10873314e+00  4.44840861e-05 -1.70567009e-05  4.44840861e-05  4.62755548e+00 
 4.44898087e-05  3.09162922e+00  4.44898087e-05 -7.80146897e-06  4.44898087e-05  4.53102475e+00 
 4.44955499e-05  3.07418639e+00  4.44955499e-05 -3.61596095e-06  4.44955499e-05  4.43418090e+00 
 4.45052556e-05  3.04463312e+00  4.45052556e-05 -1.27768032e-06  4.45052556e-05  4.27046210e+00 
 4.45161836e-05  3.01153635e+00  4.45161836e-05 -6.09500541e-07  4.45161836e-05  4.08612517e+00 
 4.45380395e-05  2.94634183e+00  4.45380395e-05 -4.74871270e-07  4.45380395e-05  3.71745130e+00 
 4.45676809e-05  2.86013183e+00  4.45676809e-05 -4.38396078e-07  4.45676809e-05  3.21745130e+00 
 4.45973222e-05  2.77645693e+00  4.45973222e-05 -4.58942631e-07  4.45973222e-05  2.71745130e+00 
 4.46269635e-05  2.69530373e+00  4.46269635e-05 -4.29434165e-07  4.46269635e-05  2.21745130e+00 
 4.46566049e-05  2.61658750e+00  4.46566049e-05 -4.50714059e-07  4.46566049e-05  1.71745130e+00 
 4.46862462e-05  2.54018817e+00  4.46862462e-05 -4.21794989e-07  4.46862462e-05  1.21745130e+00 
 4.47158876e-05  2.46603780e+00  4.47158876e-05 -4.43596569e-07  4.47158876e-05  7.17451299e-01 
 4.47371538e-05  2.41417717e+00  4.47371538e-05 -4.16047366e-07  4.47371538e-05  3.58725650e-01 
 4.47584200e-05  2.36341576e+00  4.47584200e-05 -4.39042401e-07  4.47584200e-05  4.08562073e-14 
 4.47613841e-05  2.35645236e+00  4.47613841e-05 -2.40224004e-11  4.47613841e-05  0.00000000e+00 
 4.47656841e-05  2.34637470e+00  4.47656841e-05 -2.40223994e-11  4.47656841e-05  0.00000000e+00 
 4.47697662e-05  2.33684754e+00  4.47697662e-05 -2.40224002e-11  4.47697662e-05  0.00000000e+00 
 4.47741428e-05  2.32667612e+00  4.47741428e-05 -2.40223994e-11  4.47741428e-05  0.00000000e+00 
 4.47781054e-05  2.31750507e+00  4.47781054e-05 -2.40224002e-11  4.47781054e-05  0.00000000e+00 
 4.47821599e-05  2.30815859e+00  4.47821599e-05 -2.40223995e-11  4.47821599e-05  0.00000000e+00 
 4.47860560e-05  2.29921306e+00  4.47860560e-05 -2.40224002e-11  4.47860560e-05  0.00000000e+00 
 4.47899471e-05  2.29031352e+00  4.47899471e-05 -2.40223997e-11  4.47899471e-05  0.00000000e+00 
 4.47940998e-05  2.28085376e+00  4.47940998e-05 -2.40224004e-11  4.47940998e-05  0.00000000e+00 
 4.47989053e-05  2.26995553e+00  4.47989053e-05 -2.40223998e-11  4.47989053e-05  0.00000000e+00 
 4.48049384e-05  2.25634748e+00  4.48049384e-05 -2.40224003e-11  4.48049384e-05  0.00000000e+00 
 4.48134768e-05  2.23722724e+00  4.48134768e-05 -2.40223995e-11  4.48134768e-05  0.00000000e+00 
 4.48273356e-05  2.20653787e+00  4.48273356e-05 -2.40224003e-11  4.48273356e-05  0.00000000e+00 
 4.48540577e-05  2.14854539e+00  4.48540577e-05 -2.40223997e-11  4.48540577e-05  0.00000000e+00 
 4.48836990e-05  2.08599995e+00  4.48836990e-05 -2.40224003e-11  4.48836990e-05  0.00000000e+00 
 4.49133403e-05  2.02527654e+00  4.49133403e-05 -2.40223997e-11  4.49133403e-05  0.00000000e+00 
 4.49429817e-05  1.96632290e+00  4.49429817e-05 -2.40224003e-11  4.49429817e-05  0.00000000e+00 
 4.49726230e-05  1.90908653e+00  4.49726230e-05 -2.40223997e-11  4.49726230e-05  0.00000000e+00 
 4.50022644e-05  1.85351825e+00  4.50022644e-05 -2.40224003e-11  4.50022644e-05  0.00000000e+00 
 4.50319057e-05  1.79956851e+00  4.50319057e-05 -2.40223996e-11  4.50319057e-05  0.00000000e+00 
 4.50615470e-05  1.74719103e+00  4.50615470e-05 -2.40224003e-11  4.50615470e-05  0.00000000e+00 
 4.50911884e-05  1.69633904e+00  4.50911884e-05 -2.40223996e-11  4.50911884e-05  0.00000000e+00 
 4.51208297e-05  1.64696899e+00  4.51208297e-05 -2.40224004e-11  4.51208297e-05  0.00000000e+00 
 4.51504710e-05  1.59903673e+00  4.51504710e-05 -2.40223997e-11  4.51504710e-05  0.00000000e+00 
 4.51801124e-05  1.55250127e+00  4.51801124e-05 -2.40224004e-11  4.51801124e-05  0.00000000e+00 
 4.52097537e-05  1.50732095e+00  4.52097537e-05 -2.40223998e-11  4.52097537e-05  0.00000000e+00 
 4.52393951e-05  1.46345720e+00  4.52393951e-05 -2.40224005e-11  4.52393951e-05  0.00000000e+00 
 4.52690364e-05  1.42087068e+00  4.52690364e-05 -2.40224000e-11  4.52690364e-05  0.00000000e+00 
 4.52986777e-05  1.37952511e+00  4.52986777e-05 -2.40224009e-11  4.52986777e-05  0.00000000e+00 
 4.53283191e-05  1.33938335e+00  4.53283191e-05 -2.40224006e-11  4.53283191e-05  0.00000000e+00 
 4.53579604e-05  1.30041127e+00  4.53579604e-05 -2.40224020e-11  4.53579604e-05  0.00000000e+00 
 4.53876017e-05  1.26257380e+00  4.53876017e-05 -2.40224025e-11  4.53876017e-05  0.00000000e+00 
 4.54172431e-05  1.22583883e+00  4.54172431e-05 -2.40224051e-11  4.54172431e-05  0.00000000e+00 
 4.54468844e-05  1.19017325e+00  4.54468844e-05 -2.40224074e-11  4.54468844e-05  0.00000000e+00 
 4.54765258e-05  1.15554685e+00  4.54765258e-05 -2.40224128e-11  4.54765258e-05  0.00000000e+00 
 4.55061671e-05  1.12192838e+00  4.55061671e-05 -2.40224198e-11  4.55061671e-05  0.00000000e+00 
 4.55358084e-05  1.08928940e+00  4.55358084e-05 -2.40224322e-11  4.55358084e-05  0.00000000e+00 
 4.55654498e-05  1.05760043e+00  4.55654498e-05 -2.40224498e-11  4.55654498e-05  0.00000000e+00 
 4.55950911e-05  1.02683471e+00  4.55950911e-05 -2.40224782e-11  4.55950911e-05  0.00000000e+00 
 4.56247324e-05  9.96964387e-01  4.56247324e-05 -2.40225194e-11  4.56247324e-05  0.00000000e+00 
 4.56543738e-05  9.67964299e-01  4.56543738e-05 -2.40225830e-11  4.56543738e-05  0.00000000e+00 
 4.56840151e-05  9.39808156e-01  4.56840151e-05 -2.40226750e-11  4.56840151e-05  0.00000000e+00 
 4.57136565e-05  9.12472276e-01  4.57136565e-05 -2.40228124e-11  4.57136565e-05  0.00000000e+00 
 4.57432978e-05  8.85931845e-01  4.57432978e-05 -2.40230097e-11  4.57432978e-05  0.00000000e+00 
 4.57729391e-05  8.60164575e-01  4.57729391e-05 -2.40232970e-11  4.57729391e-05  0.00000000e+00 
 4.58025805e-05  8.35147049e-01  4.58025805e-05 -2.40237039e-11  4.58025805e-05  0.00000000e+00 
 4.58322218e-05  8.10858289e-01  4.58322218e-05 -2.40242845e-11  4.58322218e-05  0.00000000e+00 
 4.58618631e-05  7.87276197e-01  4.58618631e-05 -2.40250945e-11  4.58618631e-05  0.00000000e+00 
 4.58915045e-05  7.64381026e-01  4.58915045e-05 -2.40262294e-11  4.58915045e-05  0.00000000e+00 
 4.59211458e-05  7.42151926e-01  4.59211458e-05 -2.40277885e-11  4.59211458e-05  0.00000000e+00 
 4.59507872e-05  7.20570305e-01  4.59507872e-05 -2.40299363e-11  4.59507872e-05  0.00000000e+00 
 4.59804285e-05  6.99616493e-01  4.59804285e-05 -2.40328421e-11  4.59804285e-05  0.00000000e+00 
 4.60100698e-05  6.79272983e-01  4.60100698e-05 -2.40367818e-11  4.60100698e-05  0.00000000e+00 
 4.60397112e-05  6.59521224e-01  4.60397112e-05 -2.40420331e-11  4.60397112e-05  0.00000000e+00 
 4.60693525e-05  6.40344721e-01  4.60693525e-05 -2.40490458e-11  4.60693525e-05  0.00000000e+00 
 4.60989938e-05  6.21725988e-01  4.60989938e-05 -2.40582591e-11  4.60989938e-05  0.00000000e+00 
 4.61286352e-05  6.03649477e-01  4.61286352e-05 -2.40703855e-11  4.61286352e-05  0.00000000e+00 
 4.61582765e-05  5.86098710e-01  4.61582765e-05 -2.40860973e-11  4.61582765e-05  0.00000000e+00 
 4.61879179e-05  5.69059028e-01  4.61879179e-05 -2.41064906e-11  4.61879179e-05  0.00000000e+00 
 4.62175592e-05  5.52514906e-01  4.62175592e-05 -2.41325631e-11  4.62175592e-05  0.00000000e+00 
 4.62472005e-05  5.36452519e-01  4.62472005e-05 -2.41659527e-11  4.62472005e-05  0.00000000e+00 
 4.62768419e-05  5.20857247e-01  4.62768419e-05 -2.42080979e-11  4.62768419e-05  0.00000000e+00 
 4.63064832e-05  5.05716041e-01  4.63064832e-05 -2.42613769e-11  4.63064832e-05  0.00000000e+00 
 4.63361246e-05  4.91015145e-01  4.63361246e-05 -2.43278081e-11  4.63361246e-05  0.00000000e+00 
 4.63657659e-05  4.76742233e-01  4.63657659e-05 -2.44107469e-11  4.63657659e-05  0.00000000e+00 
 4.63954072e-05  4.62884367e-01  4.63954072e-05 -2.45129557e-11  4.63954072e-05  0.00000000e+00 
 4.64250486e-05  4.49429900e-01  4.64250486e-05 -2.46390342e-11  4.64250486e-05  0.00000000e+00 
 4.64546899e-05  4.36366671e-01  4.64546899e-05 -2.47926787e-11  4.64546899e-05  0.00000000e+00 
 4.64843312e-05  4.23683666e-01  4.64843312e-05 -2.49800125e-11  4.64843312e-05  0.00000000e+00 
 4.65139726e-05  4.11369461e-01  4.65139726e-05 -2.52058864e-11  4.65139726e-05  0.00000000e+00 
 4.65436139e-05  3.99413631e-01  4.65436139e-05 -2.54782082e-11  4.65436139e-05  0.00000000e+00 
 4.65732553e-05  3.87805457e-01  4.65732553e-05 -2.58032430e-11  4.65732553e-05  0.00000000e+00 
 4.66028966e-05  3.76535063e-01  4.66028966e-05 -2.61908814e-11  4.66028966e-05  0.00000000e+00 
 4.66325379e-05  3.65592399e-01  4.66325379e-05 -2.66491212e-11  4.66325379e-05  0.00000000e+00 
 4.66621793e-05  3.54968098e-01  4.66621793e-05 -2.71899066e-11  4.66621793e-05  0.00000000e+00 
 4.66918206e-05  3.44652749e-01  4.66918206e-05 -2.78233777e-11  4.66918206e-05  0.00000000e+00 
 4.67134931e-05  3.37301270e-01  4.67134931e-05 -2.83533206e-11  4.67134931e-05  0.00000000e+00 
 4.67252668e-05  3.33373606e-01  4.67252668e-05 -2.86667753e-11  4.67252668e-05  0.00000000e+00 
 4.67350140e-05  3.30156660e-01  4.67350140e-05 -2.89401770e-11  4.67350140e-05  0.00000000e+00 
 4.67433658e-05  3.27425052e-01  4.67433658e-05 -2.91867635e-11  4.67433658e-05  0.00000000e+00 
 4.67514898e-05  3.24789482e-01  4.67514898e-05 -2.94338330e-11  4.67514898e-05  0.00000000e+00 
 4.67595623e-05  3.22191897e-01  4.67595623e-05 -2.96934498e-11  4.67595623e-05  0.00000000e+00 
 4.67681095e-05  3.19463914e-01  4.67681095e-05 -2.99739244e-11  4.67681095e-05  0.00000000e+00 
 4.67777370e-05  3.16419158e-01  4.67777370e-05 -3.03114918e-11  4.67777370e-05  0.00000000e+00 
 4.67892213e-05  3.12824730e-01  4.67892213e-05 -3.07256687e-11  4.67892213e-05  0.00000000e+00 
 4.68039801e-05  3.08265791e-01  4.68039801e-05 -3.13034019e-11  4.68039801e-05  0.00000000e+00 
 4.68245843e-05  3.02011613e-01  4.68245843e-05 -3.21649220e-11  4.68245843e-05  0.00000000e+00 
 4.68542257e-05  2.93236630e-01  4.68542257e-05 -3.35715739e-11  4.68542257e-05  0.00000000e+00 
 4.68838670e-05  2.84716327e-01  4.68838670e-05 -3.51572021e-11  4.68838670e-05  0.00000000e+00 
 4.69135083e-05  2.76444280e-01  4.69135083e-05 -3.69773921e-11  4.69135083e-05  0.00000000e+00 
 4.69431497e-05  2.68412244e-01  4.69431497e-05 -3.90101361e-11  4.69431497e-05  0.00000000e+00 
 4.69727910e-05  2.60614277e-01  4.69727910e-05 -4.13280488e-11  4.69727910e-05  0.00000000e+00 
 4.70024323e-05  2.53042494e-01  4.70024323e-05 -4.38935224e-11  4.70024323e-05  0.00000000e+00 
 4.70320737e-05  2.45691408e-01  4.70320737e-05 -4.68006447e-11  4.70320737e-05  0.00000000e+00 
 4.70617150e-05  2.38553476e-01  4.70617150e-05 -4.99904828e-11  4.70617150e-05  0.00000000e+00 
 4.70913564e-05  2.31623635e-01  4.70913564e-05 -5.35839532e-11  4.70913564e-05  0.00000000e+00 
 4.71209977e-05  2.24894665e-01  4.71209977e-05 -5.74939917e-11  4.71209977e-05  0.00000000e+00 
 4.71506390e-05  2.18361906e-01  4.71506390e-05 -6.18746324e-11  4.71506390e-05  0.00000000e+00 
 4.71802804e-05  2.12018442e-01  4.71802804e-05 -6.66027681e-11  4.71802804e-05  0.00000000e+00 
 4.72099217e-05  2.05859988e-01  4.72099217e-05 -7.18727820e-11  4.72099217e-05  0.00000000e+00 
 4.72395630e-05  1.99879920e-01  4.72395630e-05 -7.75165702e-11  4.72395630e-05  0.00000000e+00 
 4.72692044e-05  1.94074304e-01  4.72692044e-05 -8.37769979e-11  4.72692044e-05  0.00000000e+00 
 4.72988457e-05  1.88436792e-01  4.72988457e-05 -9.04310936e-11  4.72988457e-05  0.00000000e+00 
 4.73284871e-05  1.82963778e-01  4.73284871e-05 -9.77791371e-11  4.73284871e-05  0.00000000e+00 
 4.73581284e-05  1.77649180e-01  4.73581284e-05 -1.05532696e-10  4.73581284e-05  0.00000000e+00 
 4.73877697e-05  1.72489696e-01  4.73877697e-05 -1.14059028e-10  4.73877697e-05  0.00000000e+00 
 4.74174111e-05  1.67479497e-01  4.74174111e-05 -1.22993185e-10  4.74174111e-05  0.00000000e+00 
 4.74470524e-05  1.62615565e-01  4.74470524e-05 -1.32779360e-10  4.74470524e-05  0.00000000e+00 
 4.74766938e-05  1.57892315e-01  4.74766938e-05 -1.42964902e-10  4.74766938e-05  0.00000000e+00 
 4.75063351e-05  1.53306989e-01  4.75063351e-05 -1.54080980e-10  4.75063351e-05  0.00000000e+00 
 4.75359764e-05  1.48854239e-01  4.75359764e-05 -1.65576306e-10  4.75359764e-05  0.00000000e+00 
 4.75656178e-05  1.44531547e-01  4.75656178e-05 -1.78078787e-10  4.75656178e-05  0.00000000e+00 
 4.75952591e-05  1.40333792e-01  4.75952591e-05 -1.90928241e-10  4.75952591e-05  0.00000000e+00 
 4.76249004e-05  1.36258679e-01  4.76249004e-05 -2.04858382e-10  4.76249004e-05  0.00000000e+00 
 4.76545418e-05  1.32301305e-01  4.76545418e-05 -2.19091021e-10  4.76545418e-05  0.00000000e+00 
 4.76841831e-05  1.28459579e-01  4.76841831e-05 -2.34473594e-10  4.76841831e-05  0.00000000e+00 
 4.77138245e-05  1.24728811e-01  4.77138245e-05 -2.50102417e-10  4.77138245e-05  0.00000000e+00 
 4.77434658e-05  1.21107095e-01  4.77434658e-05 -2.66944938e-10  4.77434658e-05  0.00000000e+00 
 4.77731071e-05  1.17589950e-01  4.77731071e-05 -2.83966592e-10  4.77731071e-05  0.00000000e+00 
 4.78027485e-05  1.14175634e-01  4.78027485e-05 -3.02259028e-10  4.78027485e-05  0.00000000e+00 
 4.78323898e-05  1.10859872e-01  4.78323898e-05 -3.20653976e-10  4.78323898e-05  0.00000000e+00 
 4.78620311e-05  1.07641072e-01  4.78620311e-05 -3.40368915e-10  4.78620311e-05  0.00000000e+00 
 4.78916725e-05  1.04515156e-01  4.78916725e-05 -3.60102028e-10  4.78916725e-05  0.00000000e+00 
 4.79213138e-05  1.01480667e-01  4.79213138e-05 -3.81195284e-10  4.79213138e-05  0.00000000e+00 
 4.79509552e-05  9.85337229e-02  4.79509552e-05 -4.02216819e-10  4.79509552e-05  0.00000000e+00 
 4.79805965e-05  9.56729843e-02  4.79805965e-05 -4.24628411e-10  4.79805965e-05  0.00000000e+00 
 4.80102378e-05  9.28947609e-02  4.80102378e-05 -4.46875307e-10  4.80102378e-05  0.00000000e+00 
 4.80398792e-05  9.01978173e-02  4.80398792e-05 -4.70530778e-10  4.80398792e-05  0.00000000e+00 
 4.80695205e-05  8.75786520e-02  4.80695205e-05 -4.93928200e-10  4.80695205e-05  0.00000000e+00 
 4.80991618e-05  8.50361188e-02  4.80991618e-05 -5.18740183e-10  4.80991618e-05  0.00000000e+00 
 4.81288032e-05  8.25669030e-02  4.81288032e-05 -5.43203248e-10  4.81288032e-05  0.00000000e+00 
 4.81584445e-05  8.01699341e-02  4.81584445e-05 -5.69073239e-10  4.81584445e-05  0.00000000e+00 
 4.81880859e-05  7.78420814e-02  4.81880859e-05 -5.94508859e-10  4.81880859e-05  0.00000000e+00 
 4.82177272e-05  7.55823377e-02  4.82177272e-05 -6.21329104e-10  4.82177272e-05  0.00000000e+00 
 4.82473685e-05  7.33877543e-02  4.82473685e-05 -6.47637863e-10  4.82473685e-05  0.00000000e+00 
 4.82770099e-05  7.12573748e-02  4.82770099e-05 -6.75293322e-10  4.82770099e-05  0.00000000e+00 
 4.83066512e-05  6.91884305e-02  4.83066512e-05 -7.02371349e-10  4.83066512e-05  0.00000000e+00 
 4.83362925e-05  6.71800049e-02  4.83362925e-05 -7.30741654e-10  4.83362925e-05  0.00000000e+00 
 4.83659339e-05  6.52295072e-02  4.83659339e-05 -7.58482423e-10  4.83659339e-05  0.00000000e+00 
 4.83955752e-05  6.33360499e-02  4.83955752e-05 -7.87443798e-10  4.83955752e-05  0.00000000e+00 
 4.84252166e-05  6.14972183e-02  4.84252166e-05 -8.15739825e-10  4.84252166e-05  0.00000000e+00 
 4.84548579e-05  5.97121440e-02  4.84548579e-05 -8.45166917e-10  4.84548579e-05  0.00000000e+00 
 4.84844992e-05  5.79785866e-02  4.84844992e-05 -8.73911307e-10  4.84844992e-05  0.00000000e+00 
 4.85141406e-05  5.62956874e-02  4.85141406e-05 -9.03678900e-10  4.85141406e-05  0.00000000e+00 
 4.85437819e-05  5.46613785e-02  4.85437819e-05 -9.32766733e-10  4.85437819e-05  0.00000000e+00 
 4.85734232e-05  5.30748023e-02  4.85734232e-05 -9.62751306e-10  4.85734232e-05  0.00000000e+00 
 4.86030646e-05  5.15340614e-02  4.86030646e-05 -9.92080841e-10  4.86030646e-05  0.00000000e+00 
 4.86327059e-05  5.00382915e-02  4.86327059e-05 -1.02216197e-09  4.86327059e-05  0.00000000e+00 
 4.86623473e-05  4.85857633e-02  4.86623473e-05 -1.05163566e-09  4.86623473e-05  0.00000000e+00 
 4.86919886e-05  4.71755989e-02  4.86919886e-05 -1.08169723e-09  4.86919886e-05  0.00000000e+00 
 4.87216299e-05  4.58062350e-02  4.87216299e-05 -1.11122254e-09  4.87216299e-05  0.00000000e+00 
 4.87512713e-05  4.44767735e-02  4.87512713e-05 -1.14115380e-09  4.87512713e-05  0.00000000e+00 
 4.87809126e-05  4.31858146e-02  4.87809126e-05 -1.17064386e-09  4.87809126e-05  0.00000000e+00 
 4.88105539e-05  4.19324341e-02  4.88105539e-05 -1.20034028e-09  4.88105539e-05  0.00000000e+00 
 4.88342964e-05  4.09547665e-02  4.88342964e-05 -1.22386751e-09  4.88342964e-05  0.00000000e+00 
 4.88449288e-05  4.05243985e-02  4.88449288e-05 -1.23439496e-09  4.88449288e-05  0.00000000e+00 
 4.88546903e-05  4.01332998e-02  4.88546903e-05 -1.24421679e-09  4.88546903e-05  0.00000000e+00 
 4.88625226e-05  3.98221287e-02  4.88625226e-05 -1.25164169e-09  4.88625226e-05  0.00000000e+00 
 4.88701271e-05  3.95225128e-02  4.88701271e-05 -1.25964917e-09  4.88701271e-05  0.00000000e+00 
 4.88777542e-05  3.92239859e-02  4.88777542e-05 -1.26649585e-09  4.88777542e-05  0.00000000e+00 
 4.88856629e-05  3.89171907e-02  4.88856629e-05 -1.27512065e-09  4.88856629e-05  0.00000000e+00 
 4.88946178e-05  3.85722474e-02  4.88946178e-05 -1.28294544e-09  4.88946178e-05  0.00000000e+00 
 4.89052889e-05  3.81657282e-02  4.89052889e-05 -1.29450955e-09  4.89052889e-05  0.00000000e+00 
 4.89190554e-05  3.76469958e-02  4.89190554e-05 -1.30680066e-09  4.89190554e-05  0.00000000e+00 
 4.89385283e-05  3.69259397e-02  4.89385283e-05 -1.32704652e-09  4.89385283e-05  0.00000000e+00 
 4.89681696e-05  3.58540254e-02  4.89681696e-05 -1.35447967e-09  4.89681696e-05  0.00000000e+00 
 4.89978110e-05  3.48138473e-02  4.89978110e-05 -1.38438746e-09  4.89978110e-05  0.00000000e+00 
 4.90274523e-05  3.38032607e-02  4.90274523e-05 -1.41126749e-09  4.90274523e-05  0.00000000e+00 
 4.90570936e-05  3.28226532e-02  4.90570936e-05 -1.44081042e-09  4.90570936e-05  0.00000000e+00 
 4.90867350e-05  3.18698844e-02  4.90867350e-05 -1.46707943e-09  4.90867350e-05  0.00000000e+00 
 4.91163763e-05  3.09454367e-02  4.91163763e-05 -1.49619744e-09  4.91163763e-05  0.00000000e+00 
 4.91460176e-05  3.00471767e-02  4.91460176e-05 -1.52180579e-09  4.91460176e-05  0.00000000e+00 
 4.91756590e-05  2.91756733e-02  4.91756590e-05 -1.55044324e-09  4.91756590e-05  0.00000000e+00 
 4.92053003e-05  2.83288030e-02  4.92053003e-05 -1.57534962e-09  4.92053003e-05  0.00000000e+00 
 4.92349417e-05  2.75072121e-02  4.92349417e-05 -1.60345656e-09  4.92349417e-05  0.00000000e+00 
 4.92645830e-05  2.67087908e-02  4.92645830e-05 -1.62762762e-09  4.92645830e-05  0.00000000e+00 
 4.92942243e-05  2.59342543e-02  4.92942243e-05 -1.65515960e-09  4.92942243e-05  0.00000000e+00 
 4.93238657e-05  2.51815101e-02  4.93238657e-05 -1.67856966e-09  4.93238657e-05  0.00000000e+00 
 4.93535070e-05  2.44513332e-02  4.93535070e-05 -1.70548743e-09  4.93535070e-05  0.00000000e+00 
 4.93831483e-05  2.37416527e-02  4.93831483e-05 -1.72811804e-09  4.93831483e-05  0.00000000e+00 
 4.94127897e-05  2.30532949e-02  4.94127897e-05 -1.75438729e-09  4.94127897e-05  0.00000000e+00 
 4.94424310e-05  2.23842147e-02  4.94424310e-05 -1.77622676e-09  4.94424310e-05  0.00000000e+00 
 4.94720724e-05  2.17352806e-02  4.94720724e-05 -1.80181784e-09  4.94720724e-05  0.00000000e+00 
 4.95017137e-05  2.11044782e-02  4.95017137e-05 -1.82286076e-09  4.95017137e-05  0.00000000e+00 
 4.95313550e-05  2.04927097e-02  4.95313550e-05 -1.84774831e-09  4.95313550e-05  0.00000000e+00 
 4.95609964e-05  1.98979958e-02  4.95609964e-05 -1.86799502e-09  4.95609964e-05  0.00000000e+00 
 4.95906377e-05  1.93212639e-02  4.95906377e-05 -1.89215772e-09  4.95906377e-05  0.00000000e+00 
 4.96202790e-05  1.87605744e-02  4.96202790e-05 -1.91161379e-09  4.96202790e-05  0.00000000e+00 
 4.96499204e-05  1.82168717e-02  4.96499204e-05 -1.93503402e-09  4.96499204e-05  0.00000000e+00 
 4.96795617e-05  1.76882610e-02  4.96795617e-05 -1.95370974e-09  4.96795617e-05  0.00000000e+00 
 4.97092031e-05  1.71756951e-02  4.97092031e-05 -1.97637328e-09  4.97092031e-05  0.00000000e+00 
 4.97388444e-05  1.66773289e-02  4.97388444e-05 -1.99428311e-09  4.97388444e-05  0.00000000e+00 
 4.97684857e-05  1.61941157e-02  4.97684857e-05 -2.01617888e-09  4.97684857e-05  0.00000000e+00 
 4.97981271e-05  1.57242647e-02  4.97981271e-05 -2.03334095e-09  4.97981271e-05  0.00000000e+00 
 4.98277684e-05  1.52687219e-02  4.98277684e-05 -2.05446073e-09  4.98277684e-05  0.00000000e+00 
 4.98574098e-05  1.48257560e-02  4.98574098e-05 -2.07089634e-09  4.98574098e-05  0.00000000e+00 
 4.98870511e-05  1.43962978e-02  4.98870511e-05 -2.09123452e-09  4.98870511e-05  0.00000000e+00 
 4.99166924e-05  1.39786802e-02  4.99166924e-05 -2.10696766e-09  4.99166924e-05  0.00000000e+00 
 4.99463338e-05  1.35738114e-02  4.99463338e-05 -2.12652101e-09  4.99463338e-05  0.00000000e+00 
 4.99759751e-05  1.31800932e-02  4.99759751e-05 -2.14157793e-09  4.99759751e-05  0.00000000e+00 
 5.00056164e-05  1.27984043e-02  5.00056164e-05 -2.16034537e-09  5.00056164e-05  0.00000000e+00 
 5.00352578e-05  1.24272195e-02  5.00352578e-05 -2.17475409e-09  5.00352578e-05  0.00000000e+00 
 5.00648991e-05  1.20673815e-02  5.00648991e-05 -2.19273653e-09  5.00648991e-05  0.00000000e+00 
 5.00945405e-05  1.17174427e-02  5.00945405e-05 -2.20652650e-09  5.00945405e-05  0.00000000e+00 
 5.01241818e-05  1.13782026e-02  5.01241818e-05 -2.22372664e-09  5.01241818e-05  0.00000000e+00 
 5.01538231e-05  1.10482957e-02  5.01538231e-05 -2.23692831e-09  5.01538231e-05  0.00000000e+00 
 5.01834645e-05  1.07284725e-02  5.01834645e-05 -2.25335050e-09  5.01834645e-05  0.00000000e+00 
 5.02131058e-05  1.04174529e-02  5.02131058e-05 -2.26599501e-09  5.02131058e-05  0.00000000e+00 
 5.02427471e-05  1.01159330e-02  5.02427471e-05 -2.28164509e-09  5.02427471e-05  0.00000000e+00 
 5.02723885e-05  9.82272185e-03  5.02723885e-05 -2.29376390e-09  5.02723885e-05  0.00000000e+00 
 5.03020298e-05  9.53845533e-03  5.03020298e-05 -2.30864910e-09  5.03020298e-05  0.00000000e+00 
 5.03316712e-05  9.26203541e-03  5.03316712e-05 -2.32027375e-09  5.03316712e-05  0.00000000e+00 
 5.03613125e-05  8.99403264e-03  5.03613125e-05 -2.33440255e-09  5.03613125e-05  0.00000000e+00 
 5.03909538e-05  8.73344485e-03  5.03909538e-05 -2.34556436e-09  5.03909538e-05  0.00000000e+00 
 5.04205952e-05  8.48077282e-03  5.04205952e-05 -2.35894643e-09  5.04205952e-05  0.00000000e+00 
 5.04502365e-05  8.23511297e-03  5.04502365e-05 -2.36967624e-09  5.04502365e-05  0.00000000e+00 
 5.04798778e-05  7.99689212e-03  5.04798778e-05 -2.38232234e-09  5.04798778e-05  0.00000000e+00 
 5.05095192e-05  7.76530771e-03  5.05095192e-05 -2.39265035e-09  5.05095192e-05  0.00000000e+00 
 5.05391605e-05  7.54070889e-03  5.05391605e-05 -2.40457224e-09  5.05391605e-05  0.00000000e+00 
 5.05688019e-05  7.32239615e-03  5.05688019e-05 -2.41452777e-09  5.05688019e-05  0.00000000e+00 
 5.05984432e-05  7.11063773e-03  5.05984432e-05 -2.42573818e-09  5.05984432e-05  0.00000000e+00 
 5.06280845e-05  6.90483884e-03  5.06280845e-05 -2.43534951e-09  5.06280845e-05  0.00000000e+00 
 5.06577259e-05  6.70518400e-03  5.06577259e-05 -2.44586204e-09  5.06577259e-05  0.00000000e+00 
 5.06873672e-05  6.51118444e-03  5.06873672e-05 -2.45515628e-09  5.06873672e-05  0.00000000e+00 
 5.07170085e-05  6.32293861e-03  5.07170085e-05 -2.46498541e-09  5.07170085e-05  0.00000000e+00 
 5.07466499e-05  6.14006466e-03  5.07466499e-05 -2.47398837e-09  5.07466499e-05  0.00000000e+00 
 5.07722050e-05  5.98673748e-03  5.07722050e-05 -2.48191236e-09  5.07722050e-05  0.00000000e+00 
 5.07861805e-05  5.90449847e-03  5.07861805e-05 -2.48612059e-09  5.07861805e-05  0.00000000e+00 
 5.07958866e-05  5.84803504e-03  5.07958866e-05 -2.48871628e-09  5.07958866e-05  0.00000000e+00 
 5.08041099e-05  5.80070475e-03  5.08041099e-05 -2.49174294e-09  5.08041099e-05  0.00000000e+00 
 5.08120787e-05  5.75503887e-03  5.08120787e-05 -2.49310813e-09  5.08120787e-05  0.00000000e+00 
 5.08196044e-05  5.71249503e-03  5.08196044e-05 -2.49660491e-09  5.08196044e-05  0.00000000e+00 
 5.08275042e-05  5.66782671e-03  5.08275042e-05 -2.49723064e-09  5.08275042e-05  0.00000000e+00 
 5.08361921e-05  5.61954532e-03  5.08361921e-05 -2.50165146e-09  5.08361921e-05  0.00000000e+00 
 5.08462968e-05  5.56339044e-03  5.08462968e-05 -2.50234577e-09  5.08462968e-05  0.00000000e+00 
 5.08590800e-05  5.49375627e-03  5.08590800e-05 -2.50828098e-09  5.08590800e-05  0.00000000e+00 
 5.08765690e-05  5.39923601e-03  5.08765690e-05 -2.51065396e-09  5.08765690e-05  0.00000000e+00 
 5.09029986e-05  5.26021693e-03  5.09029986e-05 -2.52039204e-09  5.09029986e-05  0.00000000e+00 
 5.09326400e-05  5.10794126e-03  5.09326400e-05 -2.52563375e-09  5.09326400e-05  0.00000000e+00 
 5.09622813e-05  4.96071049e-03  5.09622813e-05 -2.53596559e-09  5.09622813e-05  0.00000000e+00 
 5.09919226e-05  4.81712151e-03  5.09919226e-05 -2.54069080e-09  5.09919226e-05  0.00000000e+00 
 5.10215640e-05  4.67834831e-03  5.10215640e-05 -2.55073277e-09  5.10215640e-05  0.00000000e+00 
 5.10512053e-05  4.54294954e-03  5.10512053e-05 -2.55497398e-09  5.10512053e-05  0.00000000e+00 
 5.10808466e-05  4.41214892e-03  5.10808466e-05 -2.56473216e-09  5.10808466e-05  0.00000000e+00 
 5.11104880e-05  4.28447248e-03  5.11104880e-05 -2.56851981e-09  5.11104880e-05  0.00000000e+00 
 5.11401293e-05  4.16118708e-03  5.11401293e-05 -2.57799850e-09  5.11401293e-05  0.00000000e+00 
 5.11697707e-05  4.04079197e-03  5.11697707e-05 -2.58136302e-09  5.11697707e-05  0.00000000e+00 
 5.11994120e-05  3.92459049e-03  5.11994120e-05 -2.59056542e-09  5.11994120e-05  0.00000000e+00 
 5.12290533e-05  3.81106110e-03  5.12290533e-05 -2.59353719e-09  5.12290533e-05  0.00000000e+00 
 5.12586947e-05  3.70153681e-03  5.12586947e-05 -2.60246547e-09  5.12586947e-05  0.00000000e+00 
 5.12883360e-05  3.59448141e-03  5.12883360e-05 -2.60507467e-09  5.12883360e-05  0.00000000e+00 
 5.13179773e-05  3.49125073e-03  5.13179773e-05 -2.61373008e-09  5.13179773e-05  0.00000000e+00 
 5.13476187e-05  3.39030016e-03  5.13476187e-05 -2.61600665e-09  5.13476187e-05  0.00000000e+00 
 5.13772600e-05  3.29300137e-03  5.13772600e-05 -2.62438957e-09  5.13772600e-05  0.00000000e+00 
 5.14069014e-05  3.19780769e-03  5.14069014e-05 -2.62636309e-09  5.14069014e-05  0.00000000e+00 
 5.14365427e-05  3.10609966e-03  5.14365427e-05 -2.63447311e-09  5.14365427e-05  0.00000000e+00 
 5.14661840e-05  3.01633495e-03  5.14661840e-05 -2.63617276e-09  5.14661840e-05  0.00000000e+00 
 5.14958254e-05  2.92989599e-03  5.14958254e-05 -2.64400878e-09  5.14958254e-05  0.00000000e+00 
 5.15254667e-05  2.84525119e-03  5.15254667e-05 -2.64546324e-09  5.15254667e-05  0.00000000e+00 
 5.15551080e-05  2.76377792e-03  5.15551080e-05 -2.65302356e-09  5.15551080e-05  0.00000000e+00 
 5.15847494e-05  2.68396176e-03  5.15847494e-05 -2.65426092e-09  5.15847494e-05  0.00000000e+00 
 5.16143907e-05  2.60716810e-03  5.16143907e-05 -2.66154334e-09  5.16143907e-05  0.00000000e+00 
 5.16440321e-05  2.53190605e-03  5.16440321e-05 -2.66259106e-09  5.16440321e-05  0.00000000e+00 
 5.16736734e-05  2.45952222e-03  5.16736734e-05 -2.66959294e-09  5.16736734e-05  0.00000000e+00 
 5.17033147e-05  2.38855552e-03  5.17033147e-05 -2.67047776e-09  5.17033147e-05  0.00000000e+00 
 5.17329561e-05  2.32032711e-03  5.17329561e-05 -2.67719614e-09  5.17329561e-05  0.00000000e+00 
 5.17625974e-05  2.25341190e-03  5.17625974e-05 -2.67794403e-09  5.17625974e-05  0.00000000e+00 
 5.17922388e-05  2.18909901e-03  5.17922388e-05 -2.68437571e-09  5.17922388e-05  0.00000000e+00 
 5.18218801e-05  2.12600541e-03  5.18218801e-05 -2.68501179e-09  5.18218801e-05  0.00000000e+00 
 5.18515214e-05  2.06538184e-03  5.18515214e-05 -2.69115342e-09  5.18515214e-05  0.00000000e+00 
 5.18811628e-05  2.00589319e-03  5.18811628e-05 -2.69170192e-09  5.18811628e-05  0.00000000e+00 
 5.19108041e-05  1.94874563e-03  5.19108041e-05 -2.69755010e-09  5.19108041e-05  0.00000000e+00 
 5.19404454e-05  1.89265770e-03  5.19404454e-05 -2.69803430e-09  5.19404454e-05  0.00000000e+00 
 5.19700868e-05  1.83878505e-03  5.19700868e-05 -2.70358564e-09  5.19700868e-05  0.00000000e+00 
 5.19997281e-05  1.78590531e-03  5.19997281e-05 -2.70402779e-09  5.19997281e-05  0.00000000e+00 
 5.20293695e-05  1.73511794e-03  5.20293695e-05 -2.70927902e-09  5.20293695e-05  0.00000000e+00 
 5.20590108e-05  1.68526491e-03  5.20590108e-05 -2.70970033e-09  5.20590108e-05  0.00000000e+00 
 5.20886521e-05  1.63738405e-03  5.20886521e-05 -2.71464838e-09  5.20886521e-05  0.00000000e+00 
 5.21182935e-05  1.59038662e-03  5.21182935e-05 -2.71506896e-09  5.21182935e-05  0.00000000e+00 
 5.21479348e-05  1.54524375e-03  5.21479348e-05 -2.71971099e-09  5.21479348e-05  0.00000000e+00 
 5.21775761e-05  1.50094060e-03  5.21775761e-05 -2.72014981e-09  5.21775761e-05  0.00000000e+00 
 5.22072175e-05  1.45837684e-03  5.22072175e-05 -2.72448334e-09  5.22072175e-05  0.00000000e+00 
 5.22368588e-05  1.41661589e-03  5.22368588e-05 -2.72495819e-09  5.22368588e-05  0.00000000e+00 
 5.22665002e-05  1.37648147e-03  5.22665002e-05 -2.72898114e-09  5.22665002e-05  0.00000000e+00 
 5.22961415e-05  1.33711929e-03  5.22961415e-05 -2.72950860e-09  5.22961415e-05  0.00000000e+00 
 5.23257828e-05  1.29927307e-03  5.23257828e-05 -2.73321935e-09  5.23257828e-05  0.00000000e+00 
 5.23554242e-05  1.26217442e-03  5.23554242e-05 -2.73381476e-09  5.23554242e-05  0.00000000e+00 
 5.23850655e-05  1.22648337e-03  5.23850655e-05 -2.73721223e-09  5.23850655e-05  0.00000000e+00 
 5.24147068e-05  1.19152069e-03  5.24147068e-05 -2.73788966e-09  5.24147068e-05  0.00000000e+00 
 5.24443482e-05  1.15785944e-03  5.24443482e-05 -2.74097335e-09  5.24443482e-05  0.00000000e+00 
 5.24739895e-05  1.12491243e-03  5.24739895e-05 -2.74174559e-09  5.24739895e-05  0.00000000e+00 
 5.25036309e-05  1.09316287e-03  5.25036309e-05 -2.74451561e-09  5.25036309e-05  0.00000000e+00 
 5.25332722e-05  1.06211803e-03  5.25332722e-05 -2.74539415e-09  5.25332722e-05  0.00000000e+00 
 5.25629135e-05  1.03216886e-03  5.25629135e-05 -2.74785130e-09  5.25629135e-05  0.00000000e+00 
 5.25925549e-05  1.00291914e-03  5.25925549e-05 -2.74884632e-09  5.25925549e-05  0.00000000e+00 
 5.26221962e-05  9.74665502e-04  5.26221962e-05 -2.75099211e-09  5.26221962e-05  0.00000000e+00 
 5.26518375e-05  9.47109884e-04  5.26518375e-05 -2.75211247e-09  5.26518375e-05  0.00000000e+00 
 5.26814789e-05  9.20453032e-04  5.26814789e-05 -2.75394914e-09  5.26814789e-05  0.00000000e+00 
 5.27075239e-05  8.97602308e-04  5.27075239e-05 -2.75503416e-09  5.27075239e-05  0.00000000e+00 
 5.27225970e-05  8.84675098e-04  5.27225970e-05 -2.75580247e-09  5.27225970e-05  0.00000000e+00 
 5.27322568e-05  8.76504213e-04  5.27322568e-05 -2.75650996e-09  5.27322568e-05  0.00000000e+00 
 5.27405550e-05  8.69470368e-04  5.27405550e-05 -2.75629777e-09  5.27405550e-05  0.00000000e+00 
 5.27485975e-05  8.62870541e-04  5.27485975e-05 -2.75767345e-09  5.27485975e-05  0.00000000e+00 
 5.27560597e-05  8.56549840e-04  5.27560597e-05 -2.75663378e-09  5.27560597e-05  0.00000000e+00 
 5.27639207e-05  8.50287567e-04  5.27639207e-05 -2.75876227e-09  5.27639207e-05  0.00000000e+00 
 5.27724974e-05  8.43077061e-04  5.27724974e-05 -2.75707113e-09  5.27724974e-05  0.00000000e+00 
 5.27824059e-05  8.35340539e-04  5.27824059e-05 -2.75987168e-09  5.27824059e-05  0.00000000e+00 
 5.27948796e-05  8.25108750e-04  5.27948796e-05 -2.75788868e-09  5.27948796e-05  0.00000000e+00 
 5.28117979e-05  8.12102082e-04  5.28117979e-05 -2.76132651e-09  5.28117979e-05  0.00000000e+00 
 5.28371542e-05  7.92272763e-04  5.28371542e-05 -2.75965804e-09  5.28371542e-05  0.00000000e+00 
 5.28667955e-05  7.70378543e-04  5.28667955e-05 -2.76375876e-09  5.28667955e-05  0.00000000e+00 
 5.28964369e-05  7.48496469e-04  5.28964369e-05 -2.76209164e-09  5.28964369e-05  0.00000000e+00 
 5.29260782e-05  7.27885623e-04  5.29260782e-05 -2.76622559e-09  5.29260782e-05  0.00000000e+00 
 5.29557196e-05  7.07226499e-04  5.29557196e-05 -2.76438888e-09  5.29557196e-05  0.00000000e+00 
 5.29853609e-05  6.87824750e-04  5.29853609e-05 -2.76854840e-09  5.29853609e-05  0.00000000e+00 
 5.30150022e-05  6.68319432e-04  5.30150022e-05 -2.76656072e-09  5.30150022e-05  0.00000000e+00 
 5.30446436e-05  6.50056636e-04  5.30446436e-05 -2.77073554e-09  5.30446436e-05  0.00000000e+00 
 5.30742849e-05  6.31640071e-04  5.30742849e-05 -2.76861472e-09  5.30742849e-05  0.00000000e+00 
 5.31039262e-05  6.14449971e-04  5.31039262e-05 -2.77279402e-09  5.31039262e-05  0.00000000e+00 
 5.31335676e-05  5.97060958e-04  5.31335676e-05 -2.77055803e-09  5.31335676e-05  0.00000000e+00 
 5.31632089e-05  5.80880964e-04  5.31632089e-05 -2.77473046e-09  5.31632089e-05  0.00000000e+00 
 5.31928503e-05  5.64461927e-04  5.31928503e-05 -2.77239739e-09  5.31928503e-05  0.00000000e+00 
 5.32224916e-05  5.49232914e-04  5.32224916e-05 -2.77655116e-09  5.32224916e-05  0.00000000e+00 
 5.32521329e-05  5.33729690e-04  5.32521329e-05 -2.77413912e-09  5.32521329e-05  0.00000000e+00 
 5.32817743e-05  5.19395801e-04  5.32817743e-05 -2.77826212e-09  5.32817743e-05  0.00000000e+00 
 5.33114156e-05  5.04757440e-04  5.33114156e-05 -2.77578920e-09  5.33114156e-05  0.00000000e+00 
 5.33410569e-05  4.91265910e-04  5.33410569e-05 -2.77986902e-09  5.33410569e-05  0.00000000e+00 
 5.33706983e-05  4.77444478e-04  5.33706983e-05 -2.77735320e-09  5.33706983e-05  0.00000000e+00 
 5.34003396e-05  4.64745463e-04  5.34003396e-05 -2.78137727e-09  5.34003396e-05  0.00000000e+00 
 5.34299810e-05  4.51695870e-04  5.34299810e-05 -2.77883640e-09  5.34299810e-05  0.00000000e+00 
 5.34596223e-05  4.39742286e-04  5.34596223e-05 -2.78279201e-09  5.34596223e-05  0.00000000e+00 
 5.34892636e-05  4.27422109e-04  5.34892636e-05 -2.78024371e-09  5.34892636e-05  0.00000000e+00 
 5.35189050e-05  4.16169483e-04  5.35189050e-05 -2.78411815e-09  5.35189050e-05  0.00000000e+00 
 5.35485463e-05  4.04538810e-04  5.35485463e-05 -2.78157974e-09  5.35485463e-05  0.00000000e+00 
 5.35781876e-05  3.93945138e-04  5.35781876e-05 -2.78536035e-09  5.35781876e-05  0.00000000e+00 
 5.36078290e-05  3.82966413e-04  5.36078290e-05 -2.78284883e-09  5.36078290e-05  0.00000000e+00 
 5.36374703e-05  3.72992028e-04  5.36374703e-05 -2.78652305e-09  5.36374703e-05  0.00000000e+00 
 5.36671117e-05  3.62629908e-04  5.36671117e-05 -2.78405500e-09  5.36671117e-05  0.00000000e+00 
 5.36967530e-05  3.53237353e-04  5.36967530e-05 -2.78761049e-09  5.36967530e-05  0.00000000e+00 
 5.37263943e-05  3.43458574e-04  5.37263943e-05 -2.78520202e-09  5.37263943e-05  0.00000000e+00 
 5.37560357e-05  3.34612489e-04  5.37560357e-05 -2.78862672e-09  5.37560357e-05  0.00000000e+00 
 5.37856770e-05  3.25385734e-04  5.37856770e-05 -2.78629342e-09  5.37856770e-05  0.00000000e+00 
 5.38153183e-05  3.17052741e-04  5.38153183e-05 -2.78957561e-09  5.38153183e-05  0.00000000e+00 
 5.38449597e-05  3.08348523e-04  5.38449597e-05 -2.78733245e-09  5.38449597e-05  0.00000000e+00 
 5.38746010e-05  3.00497125e-04  5.38746010e-05 -2.79046084e-09  5.38746010e-05  0.00000000e+00 
 5.39042424e-05  2.92287670e-04  5.39042424e-05 -2.78832217e-09  5.39042424e-05  0.00000000e+00 
 5.39338837e-05  2.84888151e-04  5.39338837e-05 -2.79128594e-09  5.39338837e-05  0.00000000e+00 
 5.39635250e-05  2.77147291e-04  5.39635250e-05 -2.78926541e-09  5.39635250e-05  0.00000000e+00 
 5.39931664e-05  2.70171626e-04  5.39931664e-05 -2.79205428e-09  5.39931664e-05  0.00000000e+00 
 5.40228077e-05  2.62874696e-04  5.40228077e-05 -2.79016479e-09  5.40228077e-05  0.00000000e+00 
 5.40524491e-05  2.56296462e-04  5.40524491e-05 -2.79276910e-09  5.40524491e-05  0.00000000e+00 
 5.40820904e-05  2.49420207e-04  5.40820904e-05 -2.79102274e-09  5.40820904e-05  0.00000000e+00 
 5.41117317e-05  2.43214502e-04  5.41117317e-05 -2.79343348e-09  5.41117317e-05  0.00000000e+00 
 5.41413731e-05  2.36736985e-04  5.41413731e-05 -2.79184152e-09  5.41413731e-05  0.00000000e+00 
 5.41710144e-05  2.30880351e-04  5.41710144e-05 -2.79405039e-09  5.41710144e-05  0.00000000e+00 
 5.42006557e-05  2.24780865e-04  5.42006557e-05 -2.79262320e-09  5.42006557e-05  0.00000000e+00 
 5.42302971e-05  2.19251216e-04  5.42302971e-05 -2.79462268e-09  5.42302971e-05  0.00000000e+00 
 5.42599384e-05  2.13510207e-04  5.42599384e-05 -2.79336969e-09  5.42599384e-05  0.00000000e+00 
 5.42895798e-05  2.08286759e-04  5.42895798e-05 -2.79515305e-09  5.42895798e-05  0.00000000e+00 
 5.43192211e-05  2.02885751e-04  5.43192211e-05 -2.79408277e-09  5.43192211e-05  0.00000000e+00 
 5.43488624e-05  1.97948955e-04  5.43488624e-05 -2.79564414e-09  5.43488624e-05  0.00000000e+00 
 5.43785038e-05  1.92870476e-04  5.43785038e-05 -2.79476406e-09  5.43785038e-05  0.00000000e+00 
 5.44081451e-05  1.88201962e-04  5.44081451e-05 -2.79609844e-09  5.44081451e-05  0.00000000e+00 
 5.44377864e-05  1.83429480e-04  5.44377864e-05 -2.79541506e-09  5.44377864e-05  0.00000000e+00 
 5.44674278e-05  1.79011992e-04  5.44674278e-05 -2.79651836e-09  5.44674278e-05  0.00000000e+00 
 5.44970691e-05  1.74529850e-04  5.44970691e-05 -2.79603712e-09  5.44970691e-05  0.00000000e+00 
 5.45267105e-05  1.70347196e-04  5.45267105e-05 -2.79690621e-09  5.45267105e-05  0.00000000e+00 
 5.45563518e-05  1.66140556e-04  5.45563518e-05 -2.79663152e-09  5.45563518e-05  0.00000000e+00 
 5.45859931e-05  1.62177552e-04  5.45859931e-05 -2.79726420e-09  5.45859931e-05  0.00000000e+00 
 5.46156345e-05  1.58232340e-04  5.46156345e-05 -2.79719940e-09  5.46156345e-05  0.00000000e+00 
 5.46414664e-05  1.54954573e-04  5.46414664e-05 -2.79755852e-09  5.46414664e-05  0.00000000e+00 
 5.46560574e-05  1.53113029e-04  5.46560574e-05 -2.79767427e-09  5.46560574e-05  0.00000000e+00 
 5.46657555e-05  1.51889495e-04  5.46657555e-05 -2.79744719e-09  5.46657555e-05  0.00000000e+00 
 5.46740288e-05  1.50934632e-04  5.46740288e-05 -2.79817120e-09  5.46740288e-05  0.00000000e+00 
 5.46820478e-05  1.49851592e-04  5.46820478e-05 -2.79716628e-09  5.46820478e-05  0.00000000e+00 
 5.46895465e-05  1.49094332e-04  5.46895465e-05 -2.79867685e-09  5.46895465e-05  0.00000000e+00 
 5.46974317e-05  1.47955929e-04  5.46974317e-05 -2.79689407e-09  5.46974317e-05  0.00000000e+00 
 5.47060651e-05  1.47156354e-04  5.47060651e-05 -2.79911355e-09  5.47060651e-05  0.00000000e+00 
 5.47160671e-05  1.45718611e-04  5.47160671e-05 -2.79675581e-09  5.47160671e-05  0.00000000e+00 
 5.47286837e-05  1.44527278e-04  5.47286837e-05 -2.79946141e-09  5.47286837e-05  0.00000000e+00 
 5.47458583e-05  1.42257466e-04  5.47458583e-05 -2.79681354e-09  5.47458583e-05  0.00000000e+00 
 5.47716862e-05  1.39657909e-04  5.47716862e-05 -2.79982878e-09  5.47716862e-05  0.00000000e+00 
 5.48013275e-05  1.36100533e-04  5.48013275e-05 -2.79710558e-09  5.48013275e-05  0.00000000e+00 
 5.48309689e-05  1.33270193e-04  5.48309689e-05 -2.80025382e-09  5.48309689e-05  0.00000000e+00 
 5.48606102e-05  1.29886409e-04  5.48606102e-05 -2.79741235e-09  5.48606102e-05  0.00000000e+00 
 5.48902516e-05  1.27247767e-04  5.48902516e-05 -2.80064806e-09  5.48902516e-05  0.00000000e+00 
 5.49198929e-05  1.24028420e-04  5.49198929e-05 -2.79770479e-09  5.49198929e-05  0.00000000e+00 
 5.49495342e-05  1.21569636e-04  5.49495342e-05 -2.80101549e-09  5.49495342e-05  0.00000000e+00 
 5.49791756e-05  1.18506243e-04  5.49791756e-05 -2.79798514e-09  5.49791756e-05  0.00000000e+00 
 5.50088169e-05  1.16216027e-04  5.50088169e-05 -2.80135705e-09  5.50088169e-05  0.00000000e+00 
 5.50384582e-05  1.13300721e-04  5.50384582e-05 -2.79825470e-09  5.50384582e-05  0.00000000e+00 
 5.50680996e-05  1.11168299e-04  5.50680996e-05 -2.80167367e-09  5.50680996e-05  0.00000000e+00 
 5.50977409e-05  1.08393788e-04  5.50977409e-05 -2.79851463e-09  5.50977409e-05  0.00000000e+00 
 5.51273823e-05  1.06408884e-04  5.51273823e-05 -2.80196624e-09  5.51273823e-05  0.00000000e+00 
 5.51570236e-05  1.03768413e-04  5.51570236e-05 -2.79876602e-09  5.51570236e-05  0.00000000e+00 
 5.51866649e-05  1.01921221e-04  5.51866649e-05 -2.80223562e-09  5.51866649e-05  0.00000000e+00 
 5.52163063e-05  9.94085351e-05  5.52163063e-05 -2.79900987e-09  5.52163063e-05  0.00000000e+00 
 5.52459476e-05  9.76896989e-05  5.52459476e-05 -2.80248265e-09  5.52459476e-05  0.00000000e+00 
 5.52755889e-05  9.52990086e-05  5.52755889e-05 -2.79924707e-09  5.52755889e-05  0.00000000e+00 
 5.53052303e-05  9.36996060e-05  5.53052303e-05 -2.80270817e-09  5.53052303e-05  0.00000000e+00 
 5.53348716e-05  9.14255529e-05  5.53348716e-05 -2.79947846e-09  5.53348716e-05  0.00000000e+00 
 5.53645130e-05  8.99370754e-05  5.53645130e-05 -2.80291299e-09  5.53645130e-05  0.00000000e+00 
 5.53941543e-05  8.77747004e-05  5.53941543e-05 -2.79970475e-09  5.53941543e-05  0.00000000e+00 
 5.54237956e-05  8.63890378e-05  5.54237956e-05 -2.80309792e-09  5.54237956e-05  0.00000000e+00 
 5.54534370e-05  8.43337506e-05  5.54534370e-05 -2.79992662e-09  5.54534370e-05  0.00000000e+00 
 5.54830783e-05  8.30431763e-05  5.54830783e-05 -2.80326374e-09  5.54830783e-05  0.00000000e+00 
 5.55127196e-05  8.10907257e-05  5.55127196e-05 -2.80014465e-09  5.55127196e-05  0.00000000e+00 
 5.55423610e-05  7.98878833e-05  5.55423610e-05 -2.80341126e-09  5.55423610e-05  0.00000000e+00 
 5.55720023e-05  7.80343294e-05  5.55720023e-05 -2.80035931e-09  5.55720023e-05  0.00000000e+00 
 5.56016437e-05  7.69122201e-05  5.56016437e-05 -2.80354124e-09  5.56016437e-05  0.00000000e+00 
 5.56312850e-05  7.51539073e-05  5.56312850e-05 -2.80057106e-09  5.56312850e-05  0.00000000e+00 
 5.56609263e-05  7.41058784e-05  5.56609263e-05 -2.80365447e-09  5.56609263e-05  0.00000000e+00 
 5.56905677e-05  7.24394103e-05  5.56905677e-05 -2.80078026e-09  5.56905677e-05  0.00000000e+00 
 5.57202090e-05  7.14591449e-05  5.57202090e-05 -2.80375172e-09  5.57202090e-05  0.00000000e+00 
 5.57498504e-05  6.98813596e-05  5.57498504e-05 -2.80098719e-09  5.57498504e-05  0.00000000e+00 
 5.57794917e-05  6.89628668e-05  5.57794917e-05 -2.80383377e-09  5.57794917e-05  0.00000000e+00 
 5.58091330e-05  6.74708143e-05  5.58091330e-05 -2.80119210e-09  5.58091330e-05  0.00000000e+00 
 5.58387744e-05  6.66084202e-05  5.58387744e-05 -2.80390138e-09  5.58387744e-05  0.00000000e+00 
 5.58684157e-05  6.51993403e-05  5.58684157e-05 -2.80139517e-09  5.58684157e-05  0.00000000e+00 
 5.58980570e-05  6.43876795e-05  5.58980570e-05 -2.80395534e-09  5.58980570e-05  0.00000000e+00 
 5.59276984e-05  6.30589811e-05  5.59276984e-05 -2.80159651e-09  5.59276984e-05  0.00000000e+00 
 5.59573397e-05  6.22929892e-05  5.59573397e-05 -2.80399642e-09  5.59573397e-05  0.00000000e+00 
 5.59869811e-05  6.10422307e-05  5.59869811e-05 -2.80179620e-09  5.59869811e-05  0.00000000e+00 
 5.60166224e-05  6.03171368e-05  5.60166224e-05 -2.80402538e-09  5.60166224e-05  0.00000000e+00 
 5.60462637e-05  5.91420078e-05  5.60462637e-05 -2.80199425e-09  5.60462637e-05  0.00000000e+00 
 5.60759051e-05  5.84533275e-05  5.60759051e-05 -2.80404301e-09  5.60759051e-05  0.00000000e+00 
 5.61055464e-05  5.73516313e-05  5.61055464e-05 -2.80219063e-09  5.61055464e-05  0.00000000e+00 
 5.61351877e-05  5.66951602e-05  5.61351877e-05 -2.80405006e-09  5.61351877e-05  0.00000000e+00 
 5.61648291e-05  5.56647977e-05  5.61648291e-05 -2.80238528e-09  5.61648291e-05  0.00000000e+00 
 5.61944704e-05  5.50366051e-05  5.61944704e-05 -2.80404733e-09  5.61944704e-05  0.00000000e+00 
 5.62241118e-05  5.40755593e-05  5.62241118e-05 -2.80257808e-09  5.62241118e-05  0.00000000e+00 
 5.62537531e-05  5.34719820e-05  5.62537531e-05 -2.80403557e-09  5.62537531e-05  0.00000000e+00 
 5.62833944e-05  5.25783041e-05  5.62833944e-05 -2.80276889e-09  5.62833944e-05  0.00000000e+00 
 5.63130358e-05  5.19959407e-05  5.63130358e-05 -2.80401557e-09  5.63130358e-05  0.00000000e+00 
 5.63426771e-05  5.11677368e-05  5.63426771e-05 -2.80295752e-09  5.63426771e-05  0.00000000e+00 
 5.63723184e-05  5.06034414e-05  5.63723184e-05 -2.80398807e-09  5.63723184e-05  0.00000000e+00 
 5.64019598e-05  4.98388604e-05  5.64019598e-05 -2.80314376e-09  5.64019598e-05  0.00000000e+00 
 5.64316011e-05  4.92897373e-05  5.64316011e-05 -2.80395386e-09  5.64316011e-05  0.00000000e+00 
 5.64612425e-05  4.85869597e-05  5.64612425e-05 -2.80332738e-09  5.64612425e-05  0.00000000e+00 
 5.64908838e-05  4.80503573e-05  5.64908838e-05 -2.80391368e-09  5.64908838e-05  0.00000000e+00 
 5.65205251e-05  4.74075854e-05  5.65205251e-05 -2.80350813e-09  5.65205251e-05  0.00000000e+00 
 5.65501665e-05  4.68810905e-05  5.65501665e-05 -2.80386828e-09  5.65501665e-05  0.00000000e+00 
 5.65760511e-05  4.63666842e-05  5.65760511e-05 -2.80368993e-09  5.65760511e-05  0.00000000e+00 
 5.65907609e-05  4.61077385e-05  5.65907609e-05 -2.80373349e-09  5.65907609e-05  0.00000000e+00 
 5.66004522e-05  4.59529468e-05  5.66004522e-05 -2.80400149e-09  5.66004522e-05  0.00000000e+00 
 5.66087329e-05  4.57428768e-05  5.66087329e-05 -2.80338203e-09  5.66087329e-05  0.00000000e+00 
 5.66167589e-05  4.57051718e-05  5.66167589e-05 -2.80441389e-09  5.66167589e-05  0.00000000e+00 
 5.66242499e-05  4.54234236e-05  5.66242499e-05 -2.80299812e-09  5.66242499e-05  0.00000000e+00 
 5.66321301e-05  4.54768415e-05  5.66321301e-05 -2.80480704e-09  5.66321301e-05  0.00000000e+00 
 5.66407507e-05  4.50988909e-05  5.66407507e-05 -2.80268671e-09  5.66407507e-05  0.00000000e+00 
 5.66507306e-05  4.51846721e-05  5.66507306e-05 -2.80508773e-09  5.66507306e-05  0.00000000e+00 
 5.66633129e-05  4.46901025e-05  5.66633129e-05 -2.80250770e-09  5.66633129e-05  0.00000000e+00 
 5.66804248e-05  4.46987149e-05  5.66804248e-05 -2.80525239e-09  5.66804248e-05  0.00000000e+00 
 5.67061359e-05  4.39699758e-05  5.67061359e-05 -2.80245584e-09  5.67061359e-05  0.00000000e+00 
 5.67357772e-05  4.38093135e-05  5.67357772e-05 -2.80536672e-09  5.67357772e-05  0.00000000e+00 
 5.67654186e-05  4.30295981e-05  5.67654186e-05 -2.80245780e-09  5.67654186e-05  0.00000000e+00 
 5.67950599e-05  4.29082020e-05  5.67950599e-05 -2.80547048e-09  5.67950599e-05  0.00000000e+00 
 5.68247012e-05  4.21434444e-05  5.68247012e-05 -2.80246063e-09  5.68247012e-05  0.00000000e+00 
 5.68543426e-05  4.20582560e-05  5.68543426e-05 -2.80556343e-09  5.68543426e-05  0.00000000e+00 
 5.68839839e-05  4.13084615e-05  5.68839839e-05 -2.80246763e-09  5.68839839e-05  0.00000000e+00 
 5.69136253e-05  4.12564781e-05  5.69136253e-05 -2.80564648e-09  5.69136253e-05  0.00000000e+00 
 5.69432666e-05  4.05217862e-05  5.69432666e-05 -2.80247917e-09  5.69432666e-05  0.00000000e+00 
 5.69729079e-05  4.05000472e-05  5.69729079e-05 -2.80571960e-09  5.69729079e-05  0.00000000e+00 
 5.70025493e-05  3.97807169e-05  5.70025493e-05 -2.80249557e-09  5.70025493e-05  0.00000000e+00 
 5.70321906e-05  3.97863064e-05  5.70321906e-05 -2.80578283e-09  5.70321906e-05  0.00000000e+00 
 5.70618319e-05  3.90827040e-05  5.70618319e-05 -2.80251708e-09  5.70618319e-05  0.00000000e+00 
 5.70914733e-05  3.91127536e-05  5.70914733e-05 -2.80583621e-09  5.70914733e-05  0.00000000e+00 
 5.71211146e-05  3.84253412e-05  5.71211146e-05 -2.80254395e-09  5.71211146e-05  0.00000000e+00 
 5.71507560e-05  3.84770330e-05  5.71507560e-05 -2.80587982e-09  5.71507560e-05  0.00000000e+00 
 5.71803973e-05  3.78063566e-05  5.71803973e-05 -2.80257635e-09  5.71803973e-05  0.00000000e+00 
 5.72100386e-05  3.78769273e-05  5.72100386e-05 -2.80591374e-09  5.72100386e-05  0.00000000e+00 
 5.72396800e-05  3.72236050e-05  5.72396800e-05 -2.80261443e-09  5.72396800e-05  0.00000000e+00 
 5.72693213e-05  3.73103494e-05  5.72693213e-05 -2.80593811e-09  5.72693213e-05  0.00000000e+00 
 5.72989627e-05  3.66750604e-05  5.72989627e-05 -2.80265828e-09  5.72989627e-05  0.00000000e+00 
 5.73286040e-05  3.67753355e-05  5.73286040e-05 -2.80595308e-09  5.73286040e-05  0.00000000e+00 
 5.73582453e-05  3.61588088e-05  5.73582453e-05 -2.80270795e-09  5.73582453e-05  0.00000000e+00 
 5.73878867e-05  3.62700383e-05  5.73878867e-05 -2.80595883e-09  5.73878867e-05  0.00000000e+00 
 5.74175280e-05  3.56730418e-05  5.74175280e-05 -2.80276347e-09  5.74175280e-05  0.00000000e+00 
 5.74471693e-05  3.57927204e-05  5.74471693e-05 -2.80595555e-09  5.74471693e-05  0.00000000e+00 
 5.74768107e-05  3.52160501e-05  5.74768107e-05 -2.80282479e-09  5.74768107e-05  0.00000000e+00 
 5.75064520e-05  3.53417479e-05  5.75064520e-05 -2.80594348e-09  5.75064520e-05  0.00000000e+00 
 5.75360934e-05  3.47862178e-05  5.75360934e-05 -2.80289184e-09  5.75360934e-05  0.00000000e+00 
 5.75657347e-05  3.49155853e-05  5.75657347e-05 -2.80592289e-09  5.75657347e-05  0.00000000e+00 
 5.75953760e-05  3.43820170e-05  5.75953760e-05 -2.80296453e-09  5.75953760e-05  0.00000000e+00 
 5.76250174e-05  3.45127891e-05  5.76250174e-05 -2.80589405e-09  5.76250174e-05  0.00000000e+00 
 5.76546587e-05  3.40020024e-05  5.76546587e-05 -2.80304270e-09  5.76546587e-05  0.00000000e+00 
 5.76843000e-05  3.41320035e-05  5.76843000e-05 -2.80585728e-09  5.76843000e-05  0.00000000e+00 
 5.77139414e-05  3.36448065e-05  5.77139414e-05 -2.80312616e-09  5.77139414e-05  0.00000000e+00 
 5.77435827e-05  3.37719547e-05  5.77435827e-05 -2.80581292e-09  5.77435827e-05  0.00000000e+00 
 5.77732241e-05  3.33091352e-05  5.77732241e-05 -2.80321470e-09  5.77732241e-05  0.00000000e+00 
 5.78028654e-05  3.34314468e-05  5.78028654e-05 -2.80576132e-09  5.78028654e-05  0.00000000e+00 
 5.78325067e-05  3.29937636e-05  5.78325067e-05 -2.80330807e-09  5.78325067e-05  0.00000000e+00 
 5.78621481e-05  3.31093571e-05  5.78621481e-05 -2.80570287e-09  5.78621481e-05  0.00000000e+00 
 5.78917894e-05  3.26975317e-05  5.78917894e-05 -2.80340597e-09  5.78917894e-05  0.00000000e+00 
 5.79214307e-05  3.28046320e-05  5.79214307e-05 -2.80563798e-09  5.79214307e-05  0.00000000e+00 
 5.79510721e-05  3.24193409e-05  5.79510721e-05 -2.80350810e-09  5.79510721e-05  0.00000000e+00 
 5.79807134e-05  3.25162831e-05  5.79807134e-05 -2.80556708e-09  5.79807134e-05  0.00000000e+00 
 5.80103548e-05  3.21581504e-05  5.80103548e-05 -2.80361412e-09  5.80103548e-05  0.00000000e+00 
 5.80399961e-05  3.22433834e-05  5.80399961e-05 -2.80549060e-09  5.80399961e-05  0.00000000e+00 
 5.80696374e-05  3.19129741e-05  5.80696374e-05 -2.80372365e-09  5.80696374e-05  0.00000000e+00 
 5.80992788e-05  3.19850635e-05  5.80992788e-05 -2.80540902e-09  5.80992788e-05  0.00000000e+00 
 5.81289201e-05  3.16828772e-05  5.81289201e-05 -2.80383632e-09  5.81289201e-05  0.00000000e+00 
 5.81585614e-05  3.17405088e-05  5.81585614e-05 -2.80532283e-09  5.81585614e-05  0.00000000e+00 
 5.81882028e-05  3.14669737e-05  5.81882028e-05 -2.80395170e-09  5.81882028e-05  0.00000000e+00 
 5.82178441e-05  3.15089557e-05  5.82178441e-05 -2.80523250e-09  5.82178441e-05  0.00000000e+00 
 5.82474855e-05  3.12644235e-05  5.82474855e-05 -2.80406937e-09  5.82474855e-05  0.00000000e+00 
 5.82771268e-05  3.12896889e-05  5.82771268e-05 -2.80513857e-09  5.82771268e-05  0.00000000e+00 
 5.83067681e-05  3.10744300e-05  5.83067681e-05 -2.80418889e-09  5.83067681e-05  0.00000000e+00 
 5.83364095e-05  3.10820383e-05  5.83364095e-05 -2.80504154e-09  5.83364095e-05  0.00000000e+00 
 5.83660508e-05  3.08962378e-05  5.83660508e-05 -2.80430981e-09  5.83660508e-05  0.00000000e+00 
 5.83956921e-05  3.08853765e-05  5.83956921e-05 -2.80494196e-09  5.83956921e-05  0.00000000e+00 
 5.84253335e-05  3.07291302e-05  5.84253335e-05 -2.80443163e-09  5.84253335e-05  0.00000000e+00 
 5.84549748e-05  3.06991161e-05  5.84549748e-05 -2.80484035e-09  5.84549748e-05  0.00000000e+00 
 5.84846162e-05  3.05724276e-05  5.84846162e-05 -2.80455390e-09  5.84846162e-05  0.00000000e+00 
 5.85104903e-05  3.05319490e-05  5.85104903e-05 -2.80472847e-09  5.85104903e-05  0.00000000e+00 
 5.85251763e-05  3.04820019e-05  5.85251763e-05 -2.80473904e-09  5.85251763e-05  0.00000000e+00 
 5.85348691e-05  3.04355874e-05  5.85348691e-05 -2.80444623e-09  5.85348691e-05  0.00000000e+00 
 5.85431484e-05  3.04754079e-05  5.85431484e-05 -2.80511192e-09  5.85431484e-05  0.00000000e+00 
 5.85511730e-05  3.03492848e-05  5.85511730e-05 -2.80405223e-09  5.85511730e-05  0.00000000e+00 
 5.85586656e-05  3.04794281e-05  5.85586656e-05 -2.80551257e-09  5.85586656e-05  0.00000000e+00 
 5.85665469e-05  3.02676065e-05  5.85665469e-05 -2.80367431e-09  5.85665469e-05  0.00000000e+00 
 5.85751701e-05  3.04737772e-05  5.85751701e-05 -2.80583927e-09  5.85751701e-05  0.00000000e+00 
 5.85851545e-05  3.01908673e-05  5.85851545e-05 -2.80341065e-09  5.85851545e-05  0.00000000e+00 
 5.85977437e-05  3.04397121e-05  5.85977437e-05 -2.80603867e-09  5.85977437e-05  0.00000000e+00 
 5.86148682e-05  3.01017788e-05  5.86148682e-05 -2.80327376e-09  5.86148682e-05  0.00000000e+00 
 5.86406028e-05  3.03461058e-05  5.86406028e-05 -2.80613153e-09  5.86406028e-05  0.00000000e+00 
 5.86702441e-05  2.99635664e-05  5.86702441e-05 -2.80321925e-09  5.86702441e-05  0.00000000e+00 
 5.86998854e-05  3.02158548e-05  5.86998854e-05 -2.80619629e-09  5.86998854e-05  0.00000000e+00 
 5.87295268e-05  2.98251689e-05  5.87295268e-05 -2.80317635e-09  5.87295268e-05  0.00000000e+00 
 5.87591681e-05  3.00926904e-05  5.87591681e-05 -2.80625082e-09  5.87591681e-05  0.00000000e+00 
 5.87888095e-05  2.96951062e-05  5.87888095e-05 -2.80313912e-09  5.87888095e-05  0.00000000e+00 
 5.88184508e-05  2.99761228e-05  5.88184508e-05 -2.80629791e-09  5.88184508e-05  0.00000000e+00 
 5.88480921e-05  2.95729657e-05  5.88480921e-05 -2.80310866e-09  5.88480921e-05  0.00000000e+00 
 5.88777335e-05  2.98657094e-05  5.88777335e-05 -2.80633743e-09  5.88777335e-05  0.00000000e+00 
 5.89073748e-05  2.94583589e-05  5.89073748e-05 -2.80308517e-09  5.89073748e-05  0.00000000e+00 
 5.89370161e-05  2.97610355e-05  5.89370161e-05 -2.80636924e-09  5.89370161e-05  0.00000000e+00 
 5.89666575e-05  2.93509170e-05  5.89666575e-05 -2.80306882e-09  5.89666575e-05  0.00000000e+00 
 5.89962988e-05  2.96617129e-05  5.89962988e-05 -2.80639326e-09  5.89962988e-05  0.00000000e+00 
 5.90259402e-05  2.92502895e-05  5.90259402e-05 -2.80305973e-09  5.90259402e-05  0.00000000e+00 
 5.90555815e-05  2.95673785e-05  5.90555815e-05 -2.80640942e-09  5.90555815e-05  0.00000000e+00 
 5.90852228e-05  2.91561431e-05  5.90852228e-05 -2.80305800e-09  5.90852228e-05  0.00000000e+00 
 5.91148642e-05  2.94776931e-05  5.91148642e-05 -2.80641770e-09  5.91148642e-05  0.00000000e+00 
 5.91445055e-05  2.90681604e-05  5.91445055e-05 -2.80306367e-09  5.91445055e-05  0.00000000e+00 
 5.91741468e-05  2.93923406e-05  5.91741468e-05 -2.80641811e-09  5.91741468e-05  0.00000000e+00 
 5.92037882e-05  2.89860383e-05  5.92037882e-05 -2.80307676e-09  5.92037882e-05  0.00000000e+00 
 5.92334295e-05  2.93110266e-05  5.92334295e-05 -2.80641067e-09  5.92334295e-05  0.00000000e+00 
 5.92580525e-05  2.89161042e-05  5.92580525e-05 -2.80310021e-09  5.92580525e-05  0.00000000e+00 
 5.92826755e-05  2.92455047e-05  5.92826755e-05 -2.80638983e-09  5.92826755e-05  0.00000000e+00 
 5.92830672e-05  3.30948005e-05  5.92830672e-05  4.23360242e-07  5.92830672e-05  6.60762214e-03 
 5.92838506e-05  4.55127267e-05  5.92838506e-05  4.22793490e-07  5.92838506e-05  1.98228664e-02 
 5.92854175e-05  7.00313656e-05  5.92854175e-05  4.21044999e-07  5.92854175e-05  4.62533550e-02 
 5.92861466e-05  7.76208327e-05  5.92861466e-05  4.20085289e-07  5.92861466e-05  5.85519639e-02 
 5.92868436e-05  8.93848167e-05  5.92868436e-05  4.18782359e-07  5.92868436e-05  7.03099602e-02 
 5.92873393e-05  9.88875520e-05  5.92873393e-05  4.17729774e-07  5.92873393e-05  7.86702154e-02 
 5.92878094e-05  1.04408886e-04  5.92878094e-05  4.16622061e-07  5.92878094e-05  8.66000707e-02 
 5.92881297e-05  1.07268817e-04  5.92881297e-05  4.15893056e-07  5.92881297e-05  9.20044599e-02 
 5.92884285e-05  1.11519100e-04  5.92884285e-05  4.15019328e-07  5.92884285e-05  9.70439044e-02 
 5.92886991e-05  1.17016901e-04  5.92886991e-05  4.14177911e-07  5.92886991e-05  1.01607995e-01 
 5.92890752e-05  1.24717441e-04  5.92890752e-05  4.12789702e-07  5.92890752e-05  1.07952656e-01 
 5.92894437e-05  1.29879572e-04  5.92894437e-05  4.11487826e-07  5.92894437e-05  1.14167867e-01 
 5.92896672e-05  1.31799686e-04  5.92896672e-05  4.10634612e-07  5.92896672e-05  1.17939270e-01 
 5.92899571e-05  1.34615726e-04  5.92899571e-05  4.09539696e-07  5.92899571e-05  1.22829601e-01 
 5.92903314e-05  1.40731263e-04  5.92903314e-05  4.07756414e-07  5.92903314e-05  1.29143185e-01 
 5.92906870e-05  1.48340967e-04  5.92906870e-05  4.05846913e-07  5.92906870e-05  1.35140768e-01 
 5.92910436e-05  1.54794193e-04  5.92910436e-05  4.03733709e-07  5.92910436e-05  1.41156379e-01 
 5.92913145e-05  1.57863574e-04  5.92913145e-05  4.02214846e-07  5.92913145e-05  1.45726512e-01 
 5.92915580e-05  1.59935305e-04  5.92915580e-05  4.00744582e-07  5.92915580e-05  1.49833169e-01 
 5.92918107e-05  1.62790607e-04  5.92918107e-05  3.99152027e-07  5.92918107e-05  1.54095291e-01 
 5.92920934e-05  1.67757690e-04  5.92920934e-05  3.96987299e-07  5.92920934e-05  1.58863834e-01 
 5.92924601e-05  1.75669219e-04  5.92924601e-05  3.93860358e-07  5.92924601e-05  1.65050585e-01 
 5.92927957e-05  1.81803285e-04  5.92927957e-05  3.90754914e-07  5.92927957e-05  1.70711138e-01 
 5.92930598e-05  1.84883179e-04  5.92930598e-05  3.88410337e-07  5.92930598e-05  1.75166373e-01 
 5.92933021e-05  1.86999802e-04  5.92933021e-05  3.86144449e-07  5.92933021e-05  1.79252588e-01 
 5.92935568e-05  1.89891724e-04  5.92935568e-05  3.83617027e-07  5.92935568e-05  1.83549266e-01 
 5.92938423e-05  1.94923808e-04  5.92938423e-05  3.80231984e-07  5.92938423e-05  1.88365143e-01 
 5.92942134e-05  2.03006589e-04  5.92942134e-05  3.75265532e-07  5.92942134e-05  1.94625081e-01 
 5.92945488e-05  2.09253378e-04  5.92945488e-05  3.70431384e-07  5.92945488e-05  2.00283607e-01 
 5.92948138e-05  2.12438207e-04  5.92948138e-05  3.66726955e-07  5.92948138e-05  2.04754101e-01 
 5.92950585e-05  2.14651528e-04  5.92950585e-05  3.63172364e-07  5.92950585e-05  2.08881154e-01 
 5.92953169e-05  2.17668780e-04  5.92953169e-05  3.59137659e-07  5.92953169e-05  2.13240432e-01 
 5.92956046e-05  2.22844674e-04  5.92956046e-05  3.53824028e-07  5.92956046e-05  2.18092437e-01 
 5.92959798e-05  2.31133908e-04  5.92959798e-05  3.45947267e-07  5.92959798e-05  2.24421022e-01 
 5.92963178e-05  2.37495585e-04  5.92963178e-05  3.38363327e-07  5.92963178e-05  2.30123117e-01 
 5.92965829e-05  2.40740098e-04  5.92965829e-05  3.32555881e-07  5.92965829e-05  2.34594764e-01 
 5.92968375e-05  2.43159911e-04  5.92968375e-05  3.26786699e-07  5.92968375e-05  2.38888999e-01 
 5.92971009e-05  2.46449898e-04  5.92971009e-05  3.20277624e-07  5.92971009e-05  2.43333077e-01 
 5.92973898e-05  2.51914427e-04  5.92973898e-05  3.11875294e-07  5.92973898e-05  2.48206403e-01 
 5.92977675e-05  2.60441055e-04  5.92977675e-05  2.99402162e-07  5.92977675e-05  2.54577106e-01 
 5.92981141e-05  2.66940478e-04  5.92981141e-05  2.87303997e-07  5.92981141e-05  2.60423320e-01 
 5.92983779e-05  2.70172551e-04  5.92983779e-05  2.78271752e-07  5.92983779e-05  2.64874488e-01 
 5.92986580e-05  2.73067112e-04  5.92986580e-05  2.68281587e-07  5.92986580e-05  2.69598574e-01 
 5.92989405e-05  2.77139904e-04  5.92989405e-05  2.57012585e-07  5.92989405e-05  2.74363262e-01 
 5.92992288e-05  2.83183511e-04  5.92992288e-05  2.43491724e-07  5.92992288e-05  2.79226439e-01 
 5.92996125e-05  2.92051575e-04  5.92996125e-05  2.23368684e-07  5.92996125e-05  2.85699638e-01 
 5.93000005e-05  2.98914467e-04  5.93000005e-05  2.02307173e-07  5.93000005e-05  2.92244324e-01 
 5.93002417e-05  3.01738141e-04  5.93002417e-05  1.89373430e-07  5.93002417e-05  2.96313732e-01 
 5.93005848e-05  3.06015033e-04  5.93005848e-05  1.69485454e-07  5.93005848e-05  3.02100711e-01 
 5.93009487e-05  3.12990683e-04  5.93009487e-05  1.44533464e-07  5.93009487e-05  3.08238299e-01 
 5.93013015e-05  3.21595540e-04  5.93013015e-05  1.16137916e-07  5.93013015e-05  3.14190566e-01 
 5.93016848e-05  3.29743657e-04  5.93016848e-05  8.35880823e-08  5.93016848e-05  3.20655337e-01 
 5.93019613e-05  3.33810954e-04  5.93019613e-05  6.02455170e-08  5.93019613e-05  3.25320136e-01 
 5.93022624e-05  3.37662695e-04  5.93022624e-05  3.40260806e-08  5.93022624e-05  3.30399118e-01 
 5.93025674e-05  3.42948682e-04  5.93025674e-05  3.77140660e-09  5.93025674e-05  3.35543687e-01 
 5.93028725e-05  3.50306082e-04  5.93028725e-05 -3.16771979e-08  5.93028725e-05  3.40690731e-01 
 5.93032779e-05  3.60648889e-04  5.93032779e-05 -8.42460292e-08  5.93032779e-05  3.47529059e-01 
 5.93037196e-05  3.69246799e-04  5.93037196e-05 -1.42800794e-07  5.93037196e-05  3.54979685e-01 
 5.93040331e-05  3.73932834e-04  5.93040331e-05 -1.85195951e-07  5.93040331e-05  3.60267159e-01 
 5.93043741e-05  3.80349574e-04  5.93043741e-05 -2.37127393e-07  5.93043741e-05  3.66019799e-01 
 5.93046987e-05  3.88827960e-04  5.93046987e-05 -2.95806274e-07  5.93046987e-05  3.71494324e-01 
 5.93051419e-05  4.01274594e-04  5.93051419e-05 -3.85866822e-07  5.93051419e-05  3.78971006e-01 
 5.93055806e-05  4.11126736e-04  5.93055806e-05 -4.77564539e-07  5.93055806e-05  3.86371232e-01 
 5.93059291e-05  4.17641907e-04  5.93059291e-05 -5.52312171e-07  5.93059291e-05  3.92249758e-01 
 5.93063022e-05  4.26478145e-04  5.93063022e-05 -6.44314375e-07  5.93063022e-05  3.98543548e-01 
 5.93066539e-05  4.37465173e-04  5.93066539e-05 -7.47573794e-07  5.93066539e-05  4.04476116e-01 
 5.93071208e-05  4.52306021e-04  5.93071208e-05 -8.99040777e-07  5.93071208e-05  4.12351639e-01 
 5.93075503e-05  4.63553445e-04  5.93075503e-05 -1.04068719e-06  5.93075503e-05  4.19597333e-01 
 5.93080011e-05  4.75232710e-04  5.93080011e-05 -1.20086916e-06  5.93080011e-05  4.27201207e-01 
 5.93084534e-05  4.90704051e-04  5.93084534e-05 -1.39568319e-06  5.93084534e-05  4.34831085e-01 
 5.93089219e-05  5.09255573e-04  5.93089219e-05 -1.63247305e-06  5.93089219e-05  4.42734000e-01 
 5.93094283e-05  5.27520760e-04  5.93094283e-05 -1.89957855e-06  5.93094283e-05  4.51275136e-01 
 5.93099145e-05  5.44476331e-04  5.93099145e-05 -2.17169756e-06  5.93099145e-05  4.59477451e-01 
 5.93104180e-05  5.66430558e-04  5.93104180e-05 -2.51239930e-06  5.93104180e-05  4.67969983e-01 
 5.93109484e-05  5.93571745e-04  5.93109484e-05 -2.94120926e-06  5.93109484e-05  4.76916461e-01 
 5.93115357e-05  6.22925929e-04  5.93115357e-05 -3.44555463e-06  5.93115357e-05  4.86824519e-01 
 5.93122008e-05  6.58434602e-04  5.93122008e-05 -4.08330113e-06  5.93122008e-05  4.98043069e-01 
 5.93128596e-05  7.02387222e-04  5.93128596e-05 -4.88323535e-06  5.93128596e-05  5.09155535e-01 
 5.93139362e-05  7.84891889e-04  5.93139362e-05 -6.45947078e-06  5.93139362e-05  5.27315878e-01 
 5.93149302e-05  8.73968536e-04  5.93149302e-05 -8.21486987e-06  5.93149302e-05  5.44083824e-01 
 5.93160377e-05  1.00266407e-03  5.93160377e-05 -1.08691567e-05  5.93160377e-05  5.62764892e-01 
 5.93182526e-05  1.36666551e-03  5.93182526e-05 -1.84399585e-05  5.93182526e-05  6.00127029e-01 
 5.93213175e-05  2.27558716e-03  5.93213175e-05 -3.74905217e-05  5.93213175e-05  6.51826384e-01 
 5.93245220e-05  4.14276131e-03  5.93245220e-05 -7.61733196e-05  5.93245220e-05  7.05880593e-01 
 5.93309309e-05  1.47346105e-02  5.93309309e-05 -2.54054353e-04  5.93309309e-05  8.13989011e-01 
 5.93373450e-05  4.11699727e-02  5.93373450e-05 -5.76451070e-04  5.93373450e-05  9.22183164e-01 
 5.93476593e-05  1.23962336e-01  5.93476593e-05 -1.05039236e-03  5.93476593e-05  1.09616822e+00 
 5.93576846e-05  2.34480735e-01  5.93576846e-05 -1.19854608e-03  5.93576846e-05  1.26527841e+00 
 5.93720688e-05  4.02418315e-01  5.93720688e-05 -1.20907759e-03  5.93720688e-05  1.50791644e+00 
 5.93879457e-05  5.89569676e-01  5.93879457e-05 -1.25577172e-03  5.93879457e-05  1.77573323e+00 
 5.94084592e-05  8.35359706e-01  5.94084592e-05 -1.29072959e-03  5.94084592e-05  2.12176235e+00 
 5.94381006e-05  1.19493316e+00  5.94381006e-05 -1.34545692e-03  5.94381006e-05  2.62176235e+00 
 5.94677419e-05  1.55760225e+00  5.94677419e-05 -1.38325046e-03  5.94677419e-05  3.12176235e+00 
 5.94973832e-05  1.92012494e+00  5.94973832e-05 -1.41642621e-03  5.94973832e-05  3.62176235e+00 
 5.95270246e-05  2.28003501e+00  5.95270246e-05 -1.43734852e-03  5.95270246e-05  4.12176235e+00 
 5.95530567e-05  2.59180885e+00  5.95530567e-05 -1.44996361e-03  5.95530567e-05  4.56088117e+00 
 5.95790889e-05  2.89806339e+00  5.95790889e-05 -1.45629816e-03  5.95790889e-05  5.00000000e+00 
 5.95820530e-05  2.92815929e+00  5.95820530e-05 -1.31183769e-03  5.95820530e-05  5.00000000e+00 
 5.95879813e-05  2.97983298e+00  5.95879813e-05 -1.02988060e-03  5.95879813e-05  5.00000000e+00 
 5.95998378e-05  3.04622652e+00  5.95998378e-05 -6.97778753e-04  5.95998378e-05  5.00000000e+00 
 5.96126671e-05  3.08606991e+00  5.96126671e-05 -5.39221176e-04  5.96126671e-05  5.00000000e+00 
 5.96295278e-05  3.11534992e+00  5.96295278e-05 -4.29816710e-04  5.96295278e-05  5.00000000e+00 
 5.96457606e-05  3.13067049e+00  5.96457606e-05 -3.84301539e-04  5.96457606e-05  5.00000000e+00 
 5.96754019e-05  3.14476726e+00  5.96754019e-05 -3.38801914e-04  5.96754019e-05  5.00000000e+00 
 5.97047996e-05  3.15007621e+00  5.97047996e-05 -3.26924255e-04  5.97047996e-05  5.00000000e+00 
 5.97344409e-05  3.15223401e+00  5.97344409e-05 -3.17959905e-04  5.97344409e-05  5.00000000e+00 
 5.97640822e-05  3.15310416e+00  5.97640822e-05 -3.18440435e-04  5.97640822e-05  5.00000000e+00 
 5.97937236e-05  3.15346335e+00  5.97937236e-05 -3.14679473e-04  5.97937236e-05  5.00000000e+00 
 5.98233649e-05  3.15360301e+00  5.98233649e-05 -3.16945509e-04  5.98233649e-05  5.00000000e+00 
 5.98530063e-05  3.15366295e+00  5.98530063e-05 -3.14214630e-04  5.98530063e-05  5.00000000e+00 
 5.98826476e-05  3.15368514e+00  5.98826476e-05 -3.16644192e-04  5.98826476e-05  5.00000000e+00 
 5.99122889e-05  3.15369784e+00  5.99122889e-05 -3.14205794e-04  5.99122889e-05  5.00000000e+00 
 5.99419303e-05  3.15370241e+00  5.99419303e-05 -3.16540576e-04  5.99419303e-05  5.00000000e+00 
 5.99715716e-05  3.15371043e+00  5.99715716e-05 -3.14278918e-04  5.99715716e-05  5.00000000e+00 
 6.00012129e-05  3.15371014e+00  6.00012129e-05 -3.16438286e-04  6.00012129e-05  5.00000000e+00 
 6.00308543e-05  3.15371360e+00  6.00308543e-05 -3.14349731e-04  6.00308543e-05  5.00000000e+00 
 6.00604956e-05  3.15371138e+00  6.00604956e-05 -3.16356470e-04  6.00604956e-05  5.00000000e+00 
 6.00901370e-05  3.15371242e+00  6.00901370e-05 -3.14413570e-04  6.00901370e-05  5.00000000e+00 
 6.01197783e-05  3.15370755e+00  6.01197783e-05 -3.16275723e-04  6.01197783e-05  5.00000000e+00 
 6.01494196e-05  3.15370945e+00  6.01494196e-05 -3.14497934e-04  6.01494196e-05  5.00000000e+00 
 6.01790610e-05  3.15370675e+00  6.01790610e-05 -3.16207251e-04  6.01790610e-05  5.00000000e+00 
 6.02087023e-05  3.15370956e+00  6.02087023e-05 -3.14570998e-04  6.02087023e-05  5.00000000e+00 
 6.02383436e-05  3.15370719e+00  6.02383436e-05 -3.16137903e-04  6.02383436e-05  5.00000000e+00 
 6.02679850e-05  3.15371012e+00  6.02679850e-05 -3.14639833e-04  6.02679850e-05  5.00000000e+00 
 6.02976263e-05  3.15370777e+00  6.02976263e-05 -3.16070731e-04  6.02976263e-05  5.00000000e+00 
 6.03272677e-05  3.15371069e+00  6.03272677e-05 -3.14705665e-04  6.03272677e-05  5.00000000e+00 
 6.03569090e-05  3.15370832e+00  6.03569090e-05 -3.16006217e-04  6.03569090e-05  5.00000000e+00 
 6.03865503e-05  3.15371120e+00  6.03865503e-05 -3.14768709e-04  6.03865503e-05  5.00000000e+00 
 6.04161917e-05  3.15370881e+00  6.04161917e-05 -3.15944431e-04  6.04161917e-05  5.00000000e+00 
 6.04458330e-05  3.15371165e+00  6.04458330e-05 -3.14829013e-04  6.04458330e-05  5.00000000e+00 
 6.04754743e-05  3.15370925e+00  6.04754743e-05 -3.15885370e-04  6.04754743e-05  5.00000000e+00 
 6.05051157e-05  3.15371204e+00  6.05051157e-05 -3.14886607e-04  6.05051157e-05  5.00000000e+00 
 6.05347570e-05  3.15370963e+00  6.05347570e-05 -3.15829012e-04  6.05347570e-05  5.00000000e+00 
 6.05643984e-05  3.15371236e+00  6.05643984e-05 -3.14941519e-04  6.05643984e-05  5.00000000e+00 
 6.05940397e-05  3.15370996e+00  6.05940397e-05 -3.15775326e-04  6.05940397e-05  5.00000000e+00 
 6.06236810e-05  3.15371264e+00  6.06236810e-05 -3.14993783e-04  6.06236810e-05  5.00000000e+00 
 6.06533224e-05  3.15371025e+00  6.06533224e-05 -3.15724276e-04  6.06533224e-05  5.00000000e+00 
 6.06829637e-05  3.15371287e+00  6.06829637e-05 -3.15043437e-04  6.06829637e-05  5.00000000e+00 
 6.07126050e-05  3.15371050e+00  6.07126050e-05 -3.15675823e-04  6.07126050e-05  5.00000000e+00 
 6.07422464e-05  3.15371306e+00  6.07422464e-05 -3.15090524e-04  6.07422464e-05  5.00000000e+00 
 6.07718877e-05  3.15371071e+00  6.07718877e-05 -3.15629919e-04  6.07718877e-05  5.00000000e+00 
 6.08015291e-05  3.15371321e+00  6.08015291e-05 -3.15135092e-04  6.08015291e-05  5.00000000e+00 
 6.08311704e-05  3.15371089e+00  6.08311704e-05 -3.15586516e-04  6.08311704e-05  5.00000000e+00 
 6.08608117e-05  3.15371332e+00  6.08608117e-05 -3.15177193e-04  6.08608117e-05  5.00000000e+00 
 6.08904531e-05  3.15371104e+00  6.08904531e-05 -3.15545560e-04  6.08904531e-05  5.00000000e+00 
 6.09200944e-05  3.15371341e+00  6.09200944e-05 -3.15216880e-04  6.09200944e-05  5.00000000e+00 
 6.09497357e-05  3.15371117e+00  6.09497357e-05 -3.15506996e-04  6.09497357e-05  5.00000000e+00 
 6.09793771e-05  3.15371347e+00  6.09793771e-05 -3.15254211e-04  6.09793771e-05  5.00000000e+00 
 6.10090184e-05  3.15371128e+00  6.10090184e-05 -3.15470765e-04  6.10090184e-05  5.00000000e+00 
 6.10386598e-05  3.15371351e+00  6.10386598e-05 -3.15289246e-04  6.10386598e-05  5.00000000e+00 
 6.10683011e-05  3.15371137e+00  6.10683011e-05 -3.15436804e-04  6.10683011e-05  5.00000000e+00 
 6.10979424e-05  3.15371353e+00  6.10979424e-05 -3.15322048e-04  6.10979424e-05  5.00000000e+00 
 6.11275838e-05  3.15371144e+00  6.11275838e-05 -3.15405050e-04  6.11275838e-05  5.00000000e+00 
 6.11572251e-05  3.15371354e+00  6.11572251e-05 -3.15352681e-04  6.11572251e-05  5.00000000e+00 
 6.11868664e-05  3.15371150e+00  6.11868664e-05 -3.15375437e-04  6.11868664e-05  5.00000000e+00 
 6.12165078e-05  3.15371352e+00  6.12165078e-05 -3.15381211e-04  6.12165078e-05  5.00000000e+00 
 6.12461491e-05  3.15371155e+00  6.12461491e-05 -3.15347900e-04  6.12461491e-05  5.00000000e+00 
 6.12757905e-05  3.15371350e+00  6.12757905e-05 -3.15407705e-04  6.12757905e-05  5.00000000e+00 
 6.13054318e-05  3.15371159e+00  6.13054318e-05 -3.15322369e-04  6.13054318e-05  5.00000000e+00 
 6.13350731e-05  3.15371347e+00  6.13350731e-05 -3.15432231e-04  6.13350731e-05  5.00000000e+00 
 6.13647145e-05  3.15371162e+00  6.13647145e-05 -3.15298775e-04  6.13647145e-05  5.00000000e+00 
 6.13943558e-05  3.15371343e+00  6.13943558e-05 -3.15454859e-04  6.13943558e-05  5.00000000e+00 
 6.14239972e-05  3.15371164e+00  6.14239972e-05 -3.15277050e-04  6.14239972e-05  5.00000000e+00 
 6.14536385e-05  3.15371339e+00  6.14536385e-05 -3.15475657e-04  6.14536385e-05  5.00000000e+00 
 6.14832798e-05  3.15371166e+00  6.14832798e-05 -3.15257123e-04  6.14832798e-05  5.00000000e+00 
 6.15129212e-05  3.15371334e+00  6.15129212e-05 -3.15494696e-04  6.15129212e-05  5.00000000e+00 
 6.15425625e-05  3.15371168e+00  6.15425625e-05 -3.15238923e-04  6.15425625e-05  5.00000000e+00 
 6.15722038e-05  3.15371328e+00  6.15722038e-05 -3.15512045e-04  6.15722038e-05  5.00000000e+00 
 6.16018452e-05  3.15371169e+00  6.16018452e-05 -3.15222381e-04  6.16018452e-05  5.00000000e+00 
 6.16314865e-05  3.15371323e+00  6.16314865e-05 -3.15527774e-04  6.16314865e-05  5.00000000e+00 
 6.16611279e-05  3.15371170e+00  6.16611279e-05 -3.15207427e-04  6.16611279e-05  5.00000000e+00 
 6.16907692e-05  3.15371317e+00  6.16907692e-05 -3.15541953e-04  6.16907692e-05  5.00000000e+00 
 6.17204105e-05  3.15371171e+00  6.17204105e-05 -3.15193992e-04  6.17204105e-05  5.00000000e+00 
 6.17500519e-05  3.15371312e+00  6.17500519e-05 -3.15554651e-04  6.17500519e-05  5.00000000e+00 
 6.17796932e-05  3.15371172e+00  6.17796932e-05 -3.15182005e-04  6.17796932e-05  5.00000000e+00 
 6.18093345e-05  3.15371306e+00  6.18093345e-05 -3.15565935e-04  6.18093345e-05  5.00000000e+00 
 6.18389759e-05  3.15371173e+00  6.18389759e-05 -3.15171400e-04  6.18389759e-05  5.00000000e+00 
 6.18686172e-05  3.15371301e+00  6.18686172e-05 -3.15575874e-04  6.18686172e-05  5.00000000e+00 
 6.18982586e-05  3.15371174e+00  6.18982586e-05 -3.15162109e-04  6.18982586e-05  5.00000000e+00 
 6.19278999e-05  3.15371295e+00  6.19278999e-05 -3.15584533e-04  6.19278999e-05  5.00000000e+00 
 6.19575412e-05  3.15371175e+00  6.19575412e-05 -3.15154066e-04  6.19575412e-05  5.00000000e+00 
 6.19871826e-05  3.15371290e+00  6.19871826e-05 -3.15591979e-04  6.19871826e-05  5.00000000e+00 
 6.20168239e-05  3.15371176e+00  6.20168239e-05 -3.15147205e-04  6.20168239e-05  5.00000000e+00 
 6.20464652e-05  3.15371286e+00  6.20464652e-05 -3.15598275e-04  6.20464652e-05  5.00000000e+00 
 6.20761066e-05  3.15371178e+00  6.20761066e-05 -3.15141463e-04  6.20761066e-05  5.00000000e+00 
 6.21057479e-05  3.15371281e+00  6.21057479e-05 -3.15603484e-04  6.21057479e-05  5.00000000e+00 
 6.21353893e-05  3.15371179e+00  6.21353893e-05 -3.15136777e-04  6.21353893e-05  5.00000000e+00 
 6.21650306e-05  3.15371277e+00  6.21650306e-05 -3.15607669e-04  6.21650306e-05  5.00000000e+00 
 6.21946719e-05  3.15371181e+00  6.21946719e-05 -3.15133087e-04  6.21946719e-05  5.00000000e+00 
 6.22243133e-05  3.15371273e+00  6.22243133e-05 -3.15610890e-04  6.22243133e-05  5.00000000e+00 
 6.22539546e-05  3.15371183e+00  6.22539546e-05 -3.15130331e-04  6.22539546e-05  5.00000000e+00 
 6.22835959e-05  3.15371269e+00  6.22835959e-05 -3.15613204e-04  6.22835959e-05  5.00000000e+00 
 6.23132373e-05  3.15371185e+00  6.23132373e-05 -3.15128454e-04  6.23132373e-05  5.00000000e+00 
 6.23428786e-05  3.15371265e+00  6.23428786e-05 -3.15614670e-04  6.23428786e-05  5.00000000e+00 
 6.23725200e-05  3.15371187e+00  6.23725200e-05 -3.15127397e-04  6.23725200e-05  5.00000000e+00 
 6.24021613e-05  3.15371262e+00  6.24021613e-05 -3.15615343e-04  6.24021613e-05  5.00000000e+00 
 6.24318026e-05  3.15371189e+00  6.24318026e-05 -3.15127106e-04  6.24318026e-05  5.00000000e+00 
 6.24614440e-05  3.15371259e+00  6.24614440e-05 -3.15615277e-04  6.24614440e-05  5.00000000e+00 
 6.24910853e-05  3.15371191e+00  6.24910853e-05 -3.15127527e-04  6.24910853e-05  5.00000000e+00 
 6.25207266e-05  3.15371257e+00  6.25207266e-05 -3.15614524e-04  6.25207266e-05  5.00000000e+00 
 6.25503680e-05  3.15371193e+00  6.25503680e-05 -3.15128611e-04  6.25503680e-05  5.00000000e+00 
 6.25800093e-05  3.15371254e+00  6.25800093e-05 -3.15613135e-04  6.25800093e-05  5.00000000e+00 
 6.26096507e-05  3.15371196e+00  6.26096507e-05 -3.15130306e-04  6.26096507e-05  5.00000000e+00 
 6.26392920e-05  3.15371252e+00  6.26392920e-05 -3.15611158e-04  6.26392920e-05  5.00000000e+00 
 6.26689333e-05  3.15371198e+00  6.26689333e-05 -3.15132565e-04  6.26689333e-05  5.00000000e+00 
 6.26985747e-05  3.15371250e+00  6.26985747e-05 -3.15608640e-04  6.26985747e-05  5.00000000e+00 
 6.27282160e-05  3.15371201e+00  6.27282160e-05 -3.15135342e-04  6.27282160e-05  5.00000000e+00 
 6.27578573e-05  3.15371249e+00  6.27578573e-05 -3.15605626e-04  6.27578573e-05  5.00000000e+00 
 6.27874987e-05  3.15371204e+00  6.27874987e-05 -3.15138592e-04  6.27874987e-05  5.00000000e+00 
 6.28171400e-05  3.15371247e+00  6.28171400e-05 -3.15602160e-04  6.28171400e-05  5.00000000e+00 
 6.28467814e-05  3.15371206e+00  6.28467814e-05 -3.15142273e-04  6.28467814e-05  5.00000000e+00 
 6.28764227e-05  3.15371246e+00  6.28764227e-05 -3.15598284e-04  6.28764227e-05  5.00000000e+00 
 6.29060640e-05  3.15371209e+00  6.29060640e-05 -3.15146344e-04  6.29060640e-05  5.00000000e+00 
 6.29357054e-05  3.15371245e+00  6.29357054e-05 -3.15594037e-04  6.29357054e-05  5.00000000e+00 
 6.29653467e-05  3.15371212e+00  6.29653467e-05 -3.15150767e-04  6.29653467e-05  5.00000000e+00 
 6.29949881e-05  3.15371244e+00  6.29949881e-05 -3.15589458e-04  6.29949881e-05  5.00000000e+00 
 6.30246294e-05  3.15371214e+00  6.30246294e-05 -3.15155503e-04  6.30246294e-05  5.00000000e+00 
 6.30542707e-05  3.15371243e+00  6.30542707e-05 -3.15584582e-04  6.30542707e-05  5.00000000e+00 
 6.30839121e-05  3.15371217e+00  6.30839121e-05 -3.15160517e-04  6.30839121e-05  5.00000000e+00 
 6.31135534e-05  3.15371242e+00  6.31135534e-05 -3.15579445e-04  6.31135534e-05  5.00000000e+00 
 6.31431947e-05  3.15371220e+00  6.31431947e-05 -3.15165776e-04  6.31431947e-05  5.00000000e+00 
 6.31728361e-05  3.15371242e+00  6.31728361e-05 -3.15574079e-04  6.31728361e-05  5.00000000e+00 
 6.32024774e-05  3.15371222e+00  6.32024774e-05 -3.15171247e-04  6.32024774e-05  5.00000000e+00 
 6.32321188e-05  3.15371241e+00  6.32321188e-05 -3.15568516e-04  6.32321188e-05  5.00000000e+00 
 6.32617601e-05  3.15371225e+00  6.32617601e-05 -3.15176900e-04  6.32617601e-05  5.00000000e+00 
 6.32914014e-05  3.15371241e+00  6.32914014e-05 -3.15562786e-04  6.32914014e-05  5.00000000e+00 
 6.33210428e-05  3.15371227e+00  6.33210428e-05 -3.15182706e-04  6.33210428e-05  5.00000000e+00 
 6.33506841e-05  3.15371241e+00  6.33506841e-05 -3.15556916e-04  6.33506841e-05  5.00000000e+00 
 6.33803254e-05  3.15371229e+00  6.33803254e-05 -3.15188638e-04  6.33803254e-05  5.00000000e+00 
 6.34099668e-05  3.15371241e+00  6.34099668e-05 -3.15550933e-04  6.34099668e-05  5.00000000e+00 
 6.34396081e-05  3.15371232e+00  6.34396081e-05 -3.15194671e-04  6.34396081e-05  5.00000000e+00 
 6.34692495e-05  3.15371241e+00  6.34692495e-05 -3.15544861e-04  6.34692495e-05  5.00000000e+00 
 6.34988908e-05  3.15371234e+00  6.34988908e-05 -3.15200779e-04  6.34988908e-05  5.00000000e+00 
 6.35285321e-05  3.15371241e+00  6.35285321e-05 -3.15538725e-04  6.35285321e-05  5.00000000e+00 
 6.35581735e-05  3.15371236e+00  6.35581735e-05 -3.15206940e-04  6.35581735e-05  5.00000000e+00 
 6.35878148e-05  3.15371241e+00  6.35878148e-05 -3.15532546e-04  6.35878148e-05  5.00000000e+00 
 6.36174561e-05  3.15371238e+00  6.36174561e-05 -3.15213134e-04  6.36174561e-05  5.00000000e+00 
 6.36470975e-05  3.15371241e+00  6.36470975e-05 -3.15526345e-04  6.36470975e-05  5.00000000e+00 
 6.36767388e-05  3.15371240e+00  6.36767388e-05 -3.15219340e-04  6.36767388e-05  5.00000000e+00 
 6.37063802e-05  3.15371241e+00  6.37063802e-05 -3.15520141e-04  6.37063802e-05  5.00000000e+00 
 6.37360215e-05  3.15371242e+00  6.37360215e-05 -3.15225540e-04  6.37360215e-05  5.00000000e+00 
 6.37656628e-05  3.15371241e+00  6.37656628e-05 -3.15513951e-04  6.37656628e-05  5.00000000e+00 
 6.37953042e-05  3.15371244e+00  6.37953042e-05 -3.15231717e-04  6.37953042e-05  5.00000000e+00 
 6.38249455e-05  3.15371241e+00  6.38249455e-05 -3.15507793e-04  6.38249455e-05  5.00000000e+00 
 6.38545868e-05  3.15371245e+00  6.38545868e-05 -3.15237854e-04  6.38545868e-05  5.00000000e+00 
 6.38842282e-05  3.15371241e+00  6.38842282e-05 -3.15501681e-04  6.38842282e-05  5.00000000e+00 
 6.39138695e-05  3.15371247e+00  6.39138695e-05 -3.15243938e-04  6.39138695e-05  5.00000000e+00 
 6.39435109e-05  3.15371242e+00  6.39435109e-05 -3.15495629e-04  6.39435109e-05  5.00000000e+00 
 6.39731522e-05  3.15371248e+00  6.39731522e-05 -3.15249955e-04  6.39731522e-05  5.00000000e+00 
 6.40027935e-05  3.15371242e+00  6.40027935e-05 -3.15489651e-04  6.40027935e-05  5.00000000e+00 
 6.40324349e-05  3.15371250e+00  6.40324349e-05 -3.15255892e-04  6.40324349e-05  5.00000000e+00 
 6.40620762e-05  3.15371242e+00  6.40620762e-05 -3.15483758e-04  6.40620762e-05  5.00000000e+00 
 6.40917175e-05  3.15371251e+00  6.40917175e-05 -3.15261738e-04  6.40917175e-05  5.00000000e+00 
 6.41213589e-05  3.15371242e+00  6.41213589e-05 -3.15477961e-04  6.41213589e-05  5.00000000e+00 
 6.41510002e-05  3.15371252e+00  6.41510002e-05 -3.15267484e-04  6.41510002e-05  5.00000000e+00 
 6.41806416e-05  3.15371242e+00  6.41806416e-05 -3.15472269e-04  6.41806416e-05  5.00000000e+00 
 6.42102829e-05  3.15371253e+00  6.42102829e-05 -3.15273119e-04  6.42102829e-05  5.00000000e+00 
 6.42399242e-05  3.15371243e+00  6.42399242e-05 -3.15466691e-04  6.42399242e-05  5.00000000e+00 
 6.42695656e-05  3.15371254e+00  6.42695656e-05 -3.15278636e-04  6.42695656e-05  5.00000000e+00 
 6.42992069e-05  3.15371243e+00  6.42992069e-05 -3.15461236e-04  6.42992069e-05  5.00000000e+00 
 6.43288482e-05  3.15371255e+00  6.43288482e-05 -3.15284028e-04  6.43288482e-05  5.00000000e+00 
 6.43584896e-05  3.15371243e+00  6.43584896e-05 -3.15455909e-04  6.43584896e-05  5.00000000e+00 
 6.43881309e-05  3.15371256e+00  6.43881309e-05 -3.15289287e-04  6.43881309e-05  5.00000000e+00 
 6.44177723e-05  3.15371243e+00  6.44177723e-05 -3.15450718e-04  6.44177723e-05  5.00000000e+00 
 6.44474136e-05  3.15371257e+00  6.44474136e-05 -3.15294409e-04  6.44474136e-05  5.00000000e+00 
 6.44770549e-05  3.15371244e+00  6.44770549e-05 -3.15445666e-04  6.44770549e-05  5.00000000e+00 
 6.45066963e-05  3.15371257e+00  6.45066963e-05 -3.15299388e-04  6.45066963e-05  5.00000000e+00 
 6.45363376e-05  3.15371244e+00  6.45363376e-05 -3.15440759e-04  6.45363376e-05  5.00000000e+00 
 6.45659790e-05  3.15371258e+00  6.45659790e-05 -3.15304221e-04  6.45659790e-05  5.00000000e+00 
 6.45956203e-05  3.15371244e+00  6.45956203e-05 -3.15436001e-04  6.45956203e-05  5.00000000e+00 
 6.46252616e-05  3.15371259e+00  6.46252616e-05 -3.15308904e-04  6.46252616e-05  5.00000000e+00 
 6.46549030e-05  3.15371244e+00  6.46549030e-05 -3.15431393e-04  6.46549030e-05  5.00000000e+00 
 6.46845443e-05  3.15371259e+00  6.46845443e-05 -3.15313434e-04  6.46845443e-05  5.00000000e+00 
 6.47141856e-05  3.15371244e+00  6.47141856e-05 -3.15426940e-04  6.47141856e-05  5.00000000e+00 
 6.47438270e-05  3.15371259e+00  6.47438270e-05 -3.15317810e-04  6.47438270e-05  5.00000000e+00 
 6.47734683e-05  3.15371245e+00  6.47734683e-05 -3.15422642e-04  6.47734683e-05  5.00000000e+00 
 6.48031097e-05  3.15371260e+00  6.48031097e-05 -3.15322029e-04  6.48031097e-05  5.00000000e+00 
 6.48327510e-05  3.15371245e+00  6.48327510e-05 -3.15418500e-04  6.48327510e-05  5.00000000e+00 
 6.48623923e-05  3.15371260e+00  6.48623923e-05 -3.15326091e-04  6.48623923e-05  5.00000000e+00 
 6.48920337e-05  3.15371245e+00  6.48920337e-05 -3.15414517e-04  6.48920337e-05  5.00000000e+00 
 6.49216750e-05  3.15371260e+00  6.49216750e-05 -3.15329996e-04  6.49216750e-05  5.00000000e+00 
 6.49513163e-05  3.15371245e+00  6.49513163e-05 -3.15410690e-04  6.49513163e-05  5.00000000e+00 
 6.49809577e-05  3.15371260e+00  6.49809577e-05 -3.15333742e-04  6.49809577e-05  5.00000000e+00 
 6.50105990e-05  3.15371245e+00  6.50105990e-05 -3.15407022e-04  6.50105990e-05  5.00000000e+00 
 6.50402404e-05  3.15371261e+00  6.50402404e-05 -3.15337332e-04  6.50402404e-05  5.00000000e+00 
 6.50698817e-05  3.15371246e+00  6.50698817e-05 -3.15403510e-04  6.50698817e-05  5.00000000e+00 
 6.50995230e-05  3.15371261e+00  6.50995230e-05 -3.15340766e-04  6.50995230e-05  5.00000000e+00 
 6.51291644e-05  3.15371246e+00  6.51291644e-05 -3.15400153e-04  6.51291644e-05  5.00000000e+00 
 6.51588057e-05  3.15371261e+00  6.51588057e-05 -3.15344045e-04  6.51588057e-05  5.00000000e+00 
 6.51884470e-05  3.15371246e+00  6.51884470e-05 -3.15396951e-04  6.51884470e-05  5.00000000e+00 
 6.52180884e-05  3.15371261e+00  6.52180884e-05 -3.15347170e-04  6.52180884e-05  5.00000000e+00 
 6.52477297e-05  3.15371246e+00  6.52477297e-05 -3.15393901e-04  6.52477297e-05  5.00000000e+00 
 6.52773711e-05  3.15371261e+00  6.52773711e-05 -3.15350144e-04  6.52773711e-05  5.00000000e+00 
 6.53070124e-05  3.15371246e+00  6.53070124e-05 -3.15391002e-04  6.53070124e-05  5.00000000e+00 
 6.53366537e-05  3.15371261e+00  6.53366537e-05 -3.15352969e-04  6.53366537e-05  5.00000000e+00 
 6.53662951e-05  3.15371247e+00  6.53662951e-05 -3.15388251e-04  6.53662951e-05  5.00000000e+00 
 6.53959364e-05  3.15371261e+00  6.53959364e-05 -3.15355647e-04  6.53959364e-05  5.00000000e+00 
 6.54255777e-05  3.15371247e+00  6.54255777e-05 -3.15385645e-04  6.54255777e-05  5.00000000e+00 
 6.54552191e-05  3.15371261e+00  6.54552191e-05 -3.15358181e-04  6.54552191e-05  5.00000000e+00 
 6.54848604e-05  3.15371247e+00  6.54848604e-05 -3.15383181e-04  6.54848604e-05  5.00000000e+00 
 6.55145018e-05  3.15371260e+00  6.55145018e-05 -3.15360574e-04  6.55145018e-05  5.00000000e+00 
 6.55441431e-05  3.15371247e+00  6.55441431e-05 -3.15380857e-04  6.55441431e-05  5.00000000e+00 
 6.55737844e-05  3.15371260e+00  6.55737844e-05 -3.15362830e-04  6.55737844e-05  5.00000000e+00 
 6.56034258e-05  3.15371247e+00  6.56034258e-05 -3.15378669e-04  6.56034258e-05  5.00000000e+00 
 6.56330671e-05  3.15371260e+00  6.56330671e-05 -3.15364951e-04  6.56330671e-05  5.00000000e+00 
 6.56627084e-05  3.15371247e+00  6.56627084e-05 -3.15376614e-04  6.56627084e-05  5.00000000e+00 
 6.56923498e-05  3.15371260e+00  6.56923498e-05 -3.15366941e-04  6.56923498e-05  5.00000000e+00 
 6.57219911e-05  3.15371248e+00  6.57219911e-05 -3.15374688e-04  6.57219911e-05  5.00000000e+00 
 6.57516325e-05  3.15371260e+00  6.57516325e-05 -3.15368803e-04  6.57516325e-05  5.00000000e+00 
 6.57812738e-05  3.15371248e+00  6.57812738e-05 -3.15372888e-04  6.57812738e-05  5.00000000e+00 
 6.58109151e-05  3.15371260e+00  6.58109151e-05 -3.15370542e-04  6.58109151e-05  5.00000000e+00 
 6.58405565e-05  3.15371248e+00  6.58405565e-05 -3.15371209e-04  6.58405565e-05  5.00000000e+00 
 6.58701978e-05  3.15371260e+00  6.58701978e-05 -3.15372160e-04  6.58701978e-05  5.00000000e+00 
 6.58998391e-05  3.15371248e+00  6.58998391e-05 -3.15369649e-04  6.58998391e-05  5.00000000e+00 
 6.59294805e-05  3.15371259e+00  6.59294805e-05 -3.15373663e-04  6.59294805e-05  5.00000000e+00 
 6.59591218e-05  3.15371248e+00  6.59591218e-05 -3.15368203e-04  6.59591218e-05  5.00000000e+00 
 6.59887632e-05  3.15371259e+00  6.59887632e-05 -3.15375053e-04  6.59887632e-05  5.00000000e+00 
 6.60184045e-05  3.15371249e+00  6.60184045e-05 -3.15366867e-04  6.60184045e-05  5.00000000e+00 
 6.60480458e-05  3.15371259e+00  6.60480458e-05 -3.15376336e-04  6.60480458e-05  5.00000000e+00 
 6.60776872e-05  3.15371249e+00  6.60776872e-05 -3.15365638e-04  6.60776872e-05  5.00000000e+00 
 6.61073285e-05  3.15371259e+00  6.61073285e-05 -3.15377513e-04  6.61073285e-05  5.00000000e+00 
 6.61369699e-05  3.15371249e+00  6.61369699e-05 -3.15364510e-04  6.61369699e-05  5.00000000e+00 
 6.61666112e-05  3.15371259e+00  6.61666112e-05 -3.15378591e-04  6.61666112e-05  5.00000000e+00 
 6.61962525e-05  3.15371249e+00  6.61962525e-05 -3.15363481e-04  6.61962525e-05  5.00000000e+00 
 6.62258939e-05  3.15371258e+00  6.62258939e-05 -3.15379572e-04  6.62258939e-05  5.00000000e+00 
 6.62555352e-05  3.15371249e+00  6.62555352e-05 -3.15362546e-04  6.62555352e-05  5.00000000e+00 
 6.62851765e-05  3.15371258e+00  6.62851765e-05 -3.15380461e-04  6.62851765e-05  5.00000000e+00 
 6.63148179e-05  3.15371250e+00  6.63148179e-05 -3.15361702e-04  6.63148179e-05  5.00000000e+00 
 6.63444592e-05  3.15371258e+00  6.63444592e-05 -3.15381262e-04  6.63444592e-05  5.00000000e+00 
 6.63741006e-05  3.15371250e+00  6.63741006e-05 -3.15360944e-04  6.63741006e-05  5.00000000e+00 
 6.64037419e-05  3.15371258e+00  6.64037419e-05 -3.15381979e-04  6.64037419e-05  5.00000000e+00 
 6.64333832e-05  3.15371250e+00  6.64333832e-05 -3.15360268e-04  6.64333832e-05  5.00000000e+00 
 6.64630246e-05  3.15371258e+00  6.64630246e-05 -3.15382615e-04  6.64630246e-05  5.00000000e+00 
 6.64926659e-05  3.15371250e+00  6.64926659e-05 -3.15359671e-04  6.64926659e-05  5.00000000e+00 
 6.65223072e-05  3.15371257e+00  6.65223072e-05 -3.15383174e-04  6.65223072e-05  5.00000000e+00 
 6.65519486e-05  3.15371250e+00  6.65519486e-05 -3.15359148e-04  6.65519486e-05  5.00000000e+00 
 6.65815899e-05  3.15371257e+00  6.65815899e-05 -3.15383661e-04  6.65815899e-05  5.00000000e+00 
 6.66112313e-05  3.15371250e+00  6.66112313e-05 -3.15358696e-04  6.66112313e-05  5.00000000e+00 
 6.66408726e-05  3.15371257e+00  6.66408726e-05 -3.15384079e-04  6.66408726e-05  5.00000000e+00 
 6.66705139e-05  3.15371251e+00  6.66705139e-05 -3.15358311e-04  6.66705139e-05  5.00000000e+00 
 6.67001553e-05  3.15371257e+00  6.67001553e-05 -3.15384431e-04  6.67001553e-05  5.00000000e+00 
 6.67297966e-05  3.15371251e+00  6.67297966e-05 -3.15357990e-04  6.67297966e-05  5.00000000e+00 
 6.67594379e-05  3.15371257e+00  6.67594379e-05 -3.15384722e-04  6.67594379e-05  5.00000000e+00 
 6.67890793e-05  3.15371251e+00  6.67890793e-05 -3.15357729e-04  6.67890793e-05  5.00000000e+00 
 6.68187206e-05  3.15371257e+00  6.68187206e-05 -3.15384954e-04  6.68187206e-05  5.00000000e+00 
 6.68483620e-05  3.15371251e+00  6.68483620e-05 -3.15357525e-04  6.68483620e-05  5.00000000e+00 
 6.68780033e-05  3.15371256e+00  6.68780033e-05 -3.15385132e-04  6.68780033e-05  5.00000000e+00 
 6.69076446e-05  3.15371251e+00  6.69076446e-05 -3.15357373e-04  6.69076446e-05  5.00000000e+00 
 6.69372860e-05  3.15371256e+00  6.69372860e-05 -3.15385258e-04  6.69372860e-05  5.00000000e+00 
 6.69669273e-05  3.15371251e+00  6.69669273e-05 -3.15357271e-04  6.69669273e-05  5.00000000e+00 
 6.69965686e-05  3.15371256e+00  6.69965686e-05 -3.15385336e-04  6.69965686e-05  5.00000000e+00 
 6.70262100e-05  3.15371252e+00  6.70262100e-05 -3.15357216e-04  6.70262100e-05  5.00000000e+00 
 6.70558513e-05  3.15371256e+00  6.70558513e-05 -3.15385370e-04  6.70558513e-05  5.00000000e+00 
 6.70854927e-05  3.15371252e+00  6.70854927e-05 -3.15357204e-04  6.70854927e-05  5.00000000e+00 
 6.71151340e-05  3.15371256e+00  6.71151340e-05 -3.15385361e-04  6.71151340e-05  5.00000000e+00 
 6.71447753e-05  3.15371252e+00  6.71447753e-05 -3.15357233e-04  6.71447753e-05  5.00000000e+00 
 6.71744167e-05  3.15371256e+00  6.71744167e-05 -3.15385313e-04  6.71744167e-05  5.00000000e+00 
 6.72040580e-05  3.15371252e+00  6.72040580e-05 -3.15357299e-04  6.72040580e-05  5.00000000e+00 
 6.72336993e-05  3.15371255e+00  6.72336993e-05 -3.15385229e-04  6.72336993e-05  5.00000000e+00 
 6.72633407e-05  3.15371252e+00  6.72633407e-05 -3.15357400e-04  6.72633407e-05  5.00000000e+00 
 6.72929820e-05  3.15371255e+00  6.72929820e-05 -3.15385112e-04  6.72929820e-05  5.00000000e+00 
 6.73226234e-05  3.15371252e+00  6.73226234e-05 -3.15357533e-04  6.73226234e-05  5.00000000e+00 
 6.73522647e-05  3.15371255e+00  6.73522647e-05 -3.15384964e-04  6.73522647e-05  5.00000000e+00 
 6.73819060e-05  3.15371252e+00  6.73819060e-05 -3.15357695e-04  6.73819060e-05  5.00000000e+00 
 6.74115474e-05  3.15371255e+00  6.74115474e-05 -3.15384789e-04  6.74115474e-05  5.00000000e+00 
 6.74411887e-05  3.15371253e+00  6.74411887e-05 -3.15357884e-04  6.74411887e-05  5.00000000e+00 
 6.74708300e-05  3.15371255e+00  6.74708300e-05 -3.15384587e-04  6.74708300e-05  5.00000000e+00 
 6.75004714e-05  3.15371253e+00  6.75004714e-05 -3.15358097e-04  6.75004714e-05  5.00000000e+00 
 6.75301127e-05  3.15371255e+00  6.75301127e-05 -3.15384363e-04  6.75301127e-05  5.00000000e+00 
 6.75597541e-05  3.15371253e+00  6.75597541e-05 -3.15358332e-04  6.75597541e-05  5.00000000e+00 
 6.75893954e-05  3.15371255e+00  6.75893954e-05 -3.15384117e-04  6.75893954e-05  5.00000000e+00 
 6.76190367e-05  3.15371253e+00  6.76190367e-05 -3.15358587e-04  6.76190367e-05  5.00000000e+00 
 6.76486781e-05  3.15371255e+00  6.76486781e-05 -3.15383853e-04  6.76486781e-05  5.00000000e+00 
 6.76783194e-05  3.15371253e+00  6.76783194e-05 -3.15358860e-04  6.76783194e-05  5.00000000e+00 
 6.77079608e-05  3.15371255e+00  6.77079608e-05 -3.15383572e-04  6.77079608e-05  5.00000000e+00 
 6.77376021e-05  3.15371253e+00  6.77376021e-05 -3.15359149e-04  6.77376021e-05  5.00000000e+00 
 6.77672434e-05  3.15371254e+00  6.77672434e-05 -3.15383277e-04  6.77672434e-05  5.00000000e+00 
 6.77968848e-05  3.15371253e+00  6.77968848e-05 -3.15359451e-04  6.77968848e-05  5.00000000e+00 
 6.78265261e-05  3.15371254e+00  6.78265261e-05 -3.15382968e-04  6.78265261e-05  5.00000000e+00 
 6.78561674e-05  3.15371253e+00  6.78561674e-05 -3.15359765e-04  6.78561674e-05  5.00000000e+00 
 6.78858088e-05  3.15371254e+00  6.78858088e-05 -3.15382649e-04  6.78858088e-05  5.00000000e+00 
 6.79154501e-05  3.15371253e+00  6.79154501e-05 -3.15360090e-04  6.79154501e-05  5.00000000e+00 
 6.79450915e-05  3.15371254e+00  6.79450915e-05 -3.15382320e-04  6.79450915e-05  5.00000000e+00 
 6.79747328e-05  3.15371253e+00  6.79747328e-05 -3.15360423e-04  6.79747328e-05  5.00000000e+00 
 6.80043741e-05  3.15371254e+00  6.80043741e-05 -3.15381983e-04  6.80043741e-05  5.00000000e+00 
 6.80340155e-05  3.15371253e+00  6.80340155e-05 -3.15360763e-04  6.80340155e-05  5.00000000e+00 
 6.80636568e-05  3.15371254e+00  6.80636568e-05 -3.15381640e-04  6.80636568e-05  5.00000000e+00 
 6.80932981e-05  3.15371254e+00  6.80932981e-05 -3.15361108e-04  6.80932981e-05  5.00000000e+00 
 6.81229395e-05  3.15371254e+00  6.81229395e-05 -3.15381292e-04  6.81229395e-05  5.00000000e+00 
 6.81525808e-05  3.15371254e+00  6.81525808e-05 -3.15361458e-04  6.81525808e-05  5.00000000e+00 
 6.81822222e-05  3.15371254e+00  6.81822222e-05 -3.15380941e-04  6.81822222e-05  5.00000000e+00 
 6.82118635e-05  3.15371254e+00  6.82118635e-05 -3.15361811e-04  6.82118635e-05  5.00000000e+00 
 6.82415048e-05  3.15371254e+00  6.82415048e-05 -3.15380587e-04  6.82415048e-05  5.00000000e+00 
 6.82711462e-05  3.15371254e+00  6.82711462e-05 -3.15362165e-04  6.82711462e-05  5.00000000e+00 
 6.83007875e-05  3.15371254e+00  6.83007875e-05 -3.15380233e-04  6.83007875e-05  5.00000000e+00 
 6.83304288e-05  3.15371254e+00  6.83304288e-05 -3.15362520e-04  6.83304288e-05  5.00000000e+00 
 6.83600702e-05  3.15371254e+00  6.83600702e-05 -3.15379878e-04  6.83600702e-05  5.00000000e+00 
 6.83897115e-05  3.15371254e+00  6.83897115e-05 -3.15362874e-04  6.83897115e-05  5.00000000e+00 
 6.84193529e-05  3.15371254e+00  6.84193529e-05 -3.15379524e-04  6.84193529e-05  5.00000000e+00 
 6.84489942e-05  3.15371254e+00  6.84489942e-05 -3.15363227e-04  6.84489942e-05  5.00000000e+00 
 6.84786355e-05  3.15371254e+00  6.84786355e-05 -3.15379172e-04  6.84786355e-05  5.00000000e+00 
 6.85082769e-05  3.15371254e+00  6.85082769e-05 -3.15363578e-04  6.85082769e-05  5.00000000e+00 
 6.85379182e-05  3.15371254e+00  6.85379182e-05 -3.15378823e-04  6.85379182e-05  5.00000000e+00 
 6.85675595e-05  3.15371254e+00  6.85675595e-05 -3.15363926e-04  6.85675595e-05  5.00000000e+00 
 6.85972009e-05  3.15371254e+00  6.85972009e-05 -3.15378477e-04  6.85972009e-05  5.00000000e+00 
 6.86268422e-05  3.15371254e+00  6.86268422e-05 -3.15364269e-04  6.86268422e-05  5.00000000e+00 
 6.86564836e-05  3.15371254e+00  6.86564836e-05 -3.15378135e-04  6.86564836e-05  5.00000000e+00 
 6.86861249e-05  3.15371254e+00  6.86861249e-05 -3.15364608e-04  6.86861249e-05  5.00000000e+00 
 6.87157662e-05  3.15371254e+00  6.87157662e-05 -3.15377799e-04  6.87157662e-05  5.00000000e+00 
 6.87454076e-05  3.15371254e+00  6.87454076e-05 -3.15364942e-04  6.87454076e-05  5.00000000e+00 
 6.87750489e-05  3.15371254e+00  6.87750489e-05 -3.15377468e-04  6.87750489e-05  5.00000000e+00 
 6.88046902e-05  3.15371254e+00  6.88046902e-05 -3.15365270e-04  6.88046902e-05  5.00000000e+00 
 6.88343316e-05  3.15371254e+00  6.88343316e-05 -3.15377143e-04  6.88343316e-05  5.00000000e+00 
 6.88639729e-05  3.15371254e+00  6.88639729e-05 -3.15365592e-04  6.88639729e-05  5.00000000e+00 
 6.88936143e-05  3.15371254e+00  6.88936143e-05 -3.15376825e-04  6.88936143e-05  5.00000000e+00 
 6.89232556e-05  3.15371254e+00  6.89232556e-05 -3.15365906e-04  6.89232556e-05  5.00000000e+00 
 6.89528969e-05  3.15371253e+00  6.89528969e-05 -3.15376514e-04  6.89528969e-05  5.00000000e+00 
 6.89825383e-05  3.15371254e+00  6.89825383e-05 -3.15366214e-04  6.89825383e-05  5.00000000e+00 
 6.90121796e-05  3.15371253e+00  6.90121796e-05 -3.15376210e-04  6.90121796e-05  5.00000000e+00 
 6.90418209e-05  3.15371254e+00  6.90418209e-05 -3.15366514e-04  6.90418209e-05  5.00000000e+00 
 6.90714623e-05  3.15371253e+00  6.90714623e-05 -3.15375914e-04  6.90714623e-05  5.00000000e+00 
 6.91011036e-05  3.15371254e+00  6.91011036e-05 -3.15366806e-04  6.91011036e-05  5.00000000e+00 
 6.91307450e-05  3.15371253e+00  6.91307450e-05 -3.15375626e-04  6.91307450e-05  5.00000000e+00 
 6.91603863e-05  3.15371254e+00  6.91603863e-05 -3.15367090e-04  6.91603863e-05  5.00000000e+00 
 6.91900276e-05  3.15371253e+00  6.91900276e-05 -3.15375347e-04  6.91900276e-05  5.00000000e+00 
 6.92196690e-05  3.15371254e+00  6.92196690e-05 -3.15367365e-04  6.92196690e-05  5.00000000e+00 
 6.92493103e-05  3.15371253e+00  6.92493103e-05 -3.15375075e-04  6.92493103e-05  5.00000000e+00 
 6.92789517e-05  3.15371254e+00  6.92789517e-05 -3.15367632e-04  6.92789517e-05  5.00000000e+00 
 6.93085930e-05  3.15371253e+00  6.93085930e-05 -3.15374813e-04  6.93085930e-05  5.00000000e+00 
 6.93382343e-05  3.15371254e+00  6.93382343e-05 -3.15367890e-04  6.93382343e-05  5.00000000e+00 
 6.93678757e-05  3.15371253e+00  6.93678757e-05 -3.15374559e-04  6.93678757e-05  5.00000000e+00 
 6.93975170e-05  3.15371254e+00  6.93975170e-05 -3.15368139e-04  6.93975170e-05  5.00000000e+00 
 6.94271583e-05  3.15371253e+00  6.94271583e-05 -3.15374314e-04  6.94271583e-05  5.00000000e+00 
 6.94567997e-05  3.15371254e+00  6.94567997e-05 -3.15368379e-04  6.94567997e-05  5.00000000e+00 
 6.94864410e-05  3.15371253e+00  6.94864410e-05 -3.15374079e-04  6.94864410e-05  5.00000000e+00 
 6.95160824e-05  3.15371254e+00  6.95160824e-05 -3.15368611e-04  6.95160824e-05  5.00000000e+00 
 6.95457237e-05  3.15371253e+00  6.95457237e-05 -3.15373852e-04  6.95457237e-05  5.00000000e+00 
 6.95753650e-05  3.15371254e+00  6.95753650e-05 -3.15368833e-04  6.95753650e-05  5.00000000e+00 
 6.96050064e-05  3.15371253e+00  6.96050064e-05 -3.15373634e-04  6.96050064e-05  5.00000000e+00 
 6.96346477e-05  3.15371254e+00  6.96346477e-05 -3.15369046e-04  6.96346477e-05  5.00000000e+00 
 6.96642890e-05  3.15371253e+00  6.96642890e-05 -3.15373425e-04  6.96642890e-05  5.00000000e+00 
 6.96939304e-05  3.15371254e+00  6.96939304e-05 -3.15369251e-04  6.96939304e-05  5.00000000e+00 
 6.97235717e-05  3.15371253e+00  6.97235717e-05 -3.15373226e-04  6.97235717e-05  5.00000000e+00 
 6.97532131e-05  3.15371254e+00  6.97532131e-05 -3.15369446e-04  6.97532131e-05  5.00000000e+00 
 6.97828544e-05  3.15371253e+00  6.97828544e-05 -3.15373035e-04  6.97828544e-05  5.00000000e+00 
 6.98124957e-05  3.15371254e+00  6.98124957e-05 -3.15369632e-04  6.98124957e-05  5.00000000e+00 
 6.98421371e-05  3.15371253e+00  6.98421371e-05 -3.15372853e-04  6.98421371e-05  5.00000000e+00 
 6.98717784e-05  3.15371254e+00  6.98717784e-05 -3.15369810e-04  6.98717784e-05  5.00000000e+00 
 6.99014197e-05  3.15371253e+00  6.99014197e-05 -3.15372679e-04  6.99014197e-05  5.00000000e+00 
 6.99310611e-05  3.15371254e+00  6.99310611e-05 -3.15369979e-04  6.99310611e-05  5.00000000e+00 
 6.99607024e-05  3.15371253e+00  6.99607024e-05 -3.15372514e-04  6.99607024e-05  5.00000000e+00 
 6.99903438e-05  3.15371254e+00  6.99903438e-05 -3.15370140e-04  6.99903438e-05  5.00000000e+00 
 7.00199851e-05  3.15371253e+00  7.00199851e-05 -3.15372358e-04  7.00199851e-05  5.00000000e+00 
 7.00496264e-05  3.15371254e+00  7.00496264e-05 -3.15370292e-04  7.00496264e-05  5.00000000e+00 
 7.00792678e-05  3.15371253e+00  7.00792678e-05 -3.15372210e-04  7.00792678e-05  5.00000000e+00 
 7.01089091e-05  3.15371254e+00  7.01089091e-05 -3.15370436e-04  7.01089091e-05  5.00000000e+00 
 7.01385504e-05  3.15371253e+00  7.01385504e-05 -3.15372070e-04  7.01385504e-05  5.00000000e+00 
 7.01681918e-05  3.15371254e+00  7.01681918e-05 -3.15370572e-04  7.01681918e-05  5.00000000e+00 
 7.01978331e-05  3.15371253e+00  7.01978331e-05 -3.15371938e-04  7.01978331e-05  5.00000000e+00 
 7.02274745e-05  3.15371254e+00  7.02274745e-05 -3.15370700e-04  7.02274745e-05  5.00000000e+00 
 7.02571158e-05  3.15371253e+00  7.02571158e-05 -3.15371814e-04  7.02571158e-05  5.00000000e+00 
 7.02867571e-05  3.15371254e+00  7.02867571e-05 -3.15370820e-04  7.02867571e-05  5.00000000e+00 
 7.03163985e-05  3.15371253e+00  7.03163985e-05 -3.15371697e-04  7.03163985e-05  5.00000000e+00 
 7.03460398e-05  3.15371254e+00  7.03460398e-05 -3.15370933e-04  7.03460398e-05  5.00000000e+00 
 7.03756811e-05  3.15371253e+00  7.03756811e-05 -3.15371588e-04  7.03756811e-05  5.00000000e+00 
 7.04053225e-05  3.15371254e+00  7.04053225e-05 -3.15371039e-04  7.04053225e-05  5.00000000e+00 
 7.04349638e-05  3.15371254e+00  7.04349638e-05 -3.15371486e-04  7.04349638e-05  5.00000000e+00 
 7.04646052e-05  3.15371254e+00  7.04646052e-05 -3.15371138e-04  7.04646052e-05  5.00000000e+00 
 7.04942465e-05  3.15371254e+00  7.04942465e-05 -3.15371391e-04  7.04942465e-05  5.00000000e+00 
 7.05238878e-05  3.15371254e+00  7.05238878e-05 -3.15371229e-04  7.05238878e-05  5.00000000e+00 
 7.05535292e-05  3.15371254e+00  7.05535292e-05 -3.15371302e-04  7.05535292e-05  5.00000000e+00 
 7.05831705e-05  3.15371254e+00  7.05831705e-05 -3.15371315e-04  7.05831705e-05  5.00000000e+00 
 7.06128118e-05  3.15371254e+00  7.06128118e-05 -3.15371220e-04  7.06128118e-05  5.00000000e+00 
 7.06424532e-05  3.15371254e+00  7.06424532e-05 -3.15371393e-04  7.06424532e-05  5.00000000e+00 
 7.06720945e-05  3.15371254e+00  7.06720945e-05 -3.15371145e-04  7.06720945e-05  5.00000000e+00 
 7.07017359e-05  3.15371254e+00  7.07017359e-05 -3.15371466e-04  7.07017359e-05  5.00000000e+00 
 7.07313772e-05  3.15371254e+00  7.07313772e-05 -3.15371075e-04  7.07313772e-05  5.00000000e+00 
 7.07610185e-05  3.15371254e+00  7.07610185e-05 -3.15371533e-04  7.07610185e-05  5.00000000e+00 
 7.07906599e-05  3.15371254e+00  7.07906599e-05 -3.15371011e-04  7.07906599e-05  5.00000000e+00 
 7.08203012e-05  3.15371254e+00  7.08203012e-05 -3.15371594e-04  7.08203012e-05  5.00000000e+00 
 7.08499426e-05  3.15371254e+00  7.08499426e-05 -3.15370953e-04  7.08499426e-05  5.00000000e+00 
 7.08795839e-05  3.15371254e+00  7.08795839e-05 -3.15371649e-04  7.08795839e-05  5.00000000e+00 
 7.09092252e-05  3.15371254e+00  7.09092252e-05 -3.15370900e-04  7.09092252e-05  5.00000000e+00 
 7.09388666e-05  3.15371254e+00  7.09388666e-05 -3.15371699e-04  7.09388666e-05  5.00000000e+00 
 7.09685079e-05  3.15371254e+00  7.09685079e-05 -3.15370852e-04  7.09685079e-05  5.00000000e+00 
 7.09981492e-05  3.15371254e+00  7.09981492e-05 -3.15371745e-04  7.09981492e-05  5.00000000e+00 
 7.10277906e-05  3.15371254e+00  7.10277906e-05 -3.15370810e-04  7.10277906e-05  5.00000000e+00 
 7.10574319e-05  3.15371254e+00  7.10574319e-05 -3.15371785e-04  7.10574319e-05  5.00000000e+00 
 7.10870733e-05  3.15371254e+00  7.10870733e-05 -3.15370771e-04  7.10870733e-05  5.00000000e+00 
 7.11167146e-05  3.15371254e+00  7.11167146e-05 -3.15371821e-04  7.11167146e-05  5.00000000e+00 
 7.11463559e-05  3.15371254e+00  7.11463559e-05 -3.15370738e-04  7.11463559e-05  5.00000000e+00 
 7.11759973e-05  3.15371254e+00  7.11759973e-05 -3.15371852e-04  7.11759973e-05  5.00000000e+00 
 7.12056386e-05  3.15371254e+00  7.12056386e-05 -3.15370708e-04  7.12056386e-05  5.00000000e+00 
 7.12352799e-05  3.15371254e+00  7.12352799e-05 -3.15371880e-04  7.12352799e-05  5.00000000e+00 
 7.12649213e-05  3.15371254e+00  7.12649213e-05 -3.15370683e-04  7.12649213e-05  5.00000000e+00 
 7.12945626e-05  3.15371254e+00  7.12945626e-05 -3.15371903e-04  7.12945626e-05  5.00000000e+00 
 7.13242040e-05  3.15371254e+00  7.13242040e-05 -3.15370662e-04  7.13242040e-05  5.00000000e+00 
 7.13538453e-05  3.15371254e+00  7.13538453e-05 -3.15371923e-04  7.13538453e-05  5.00000000e+00 
 7.13834866e-05  3.15371254e+00  7.13834866e-05 -3.15370644e-04  7.13834866e-05  5.00000000e+00 
 7.14131280e-05  3.15371254e+00  7.14131280e-05 -3.15371939e-04  7.14131280e-05  5.00000000e+00 
 7.14427693e-05  3.15371254e+00  7.14427693e-05 -3.15370629e-04  7.14427693e-05  5.00000000e+00 
 7.14724106e-05  3.15371254e+00  7.14724106e-05 -3.15371952e-04  7.14724106e-05  5.00000000e+00 
 7.15020520e-05  3.15371254e+00  7.15020520e-05 -3.15370618e-04  7.15020520e-05  5.00000000e+00 
 7.15316933e-05  3.15371254e+00  7.15316933e-05 -3.15371962e-04  7.15316933e-05  5.00000000e+00 
 7.15613347e-05  3.15371254e+00  7.15613347e-05 -3.15370609e-04  7.15613347e-05  5.00000000e+00 
 7.15909760e-05  3.15371254e+00  7.15909760e-05 -3.15371969e-04  7.15909760e-05  5.00000000e+00 
 7.16206173e-05  3.15371254e+00  7.16206173e-05 -3.15370604e-04  7.16206173e-05  5.00000000e+00 
 7.16502587e-05  3.15371254e+00  7.16502587e-05 -3.15371973e-04  7.16502587e-05  5.00000000e+00 
 7.16799000e-05  3.15371254e+00  7.16799000e-05 -3.15370601e-04  7.16799000e-05  5.00000000e+00 
 7.17095413e-05  3.15371254e+00  7.17095413e-05 -3.15371974e-04  7.17095413e-05  5.00000000e+00 
 7.17391827e-05  3.15371254e+00  7.17391827e-05 -3.15370601e-04  7.17391827e-05  5.00000000e+00 
 7.17688240e-05  3.15371254e+00  7.17688240e-05 -3.15371974e-04  7.17688240e-05  5.00000000e+00 
 7.17984654e-05  3.15371254e+00  7.17984654e-05 -3.15370603e-04  7.17984654e-05  5.00000000e+00 
 7.18281067e-05  3.15371254e+00  7.18281067e-05 -3.15371971e-04  7.18281067e-05  5.00000000e+00 
 7.18577480e-05  3.15371254e+00  7.18577480e-05 -3.15370607e-04  7.18577480e-05  5.00000000e+00 
 7.18873894e-05  3.15371254e+00  7.18873894e-05 -3.15371966e-04  7.18873894e-05  5.00000000e+00 
 7.19170307e-05  3.15371254e+00  7.19170307e-05 -3.15370613e-04  7.19170307e-05  5.00000000e+00 
 7.19466720e-05  3.15371254e+00  7.19466720e-05 -3.15371959e-04  7.19466720e-05  5.00000000e+00 
 7.19763134e-05  3.15371254e+00  7.19763134e-05 -3.15370620e-04  7.19763134e-05  5.00000000e+00 
 7.20059547e-05  3.15371254e+00  7.20059547e-05 -3.15371950e-04  7.20059547e-05  5.00000000e+00 
 7.20355961e-05  3.15371254e+00  7.20355961e-05 -3.15370630e-04  7.20355961e-05  5.00000000e+00 
 7.20652374e-05  3.15371254e+00  7.20652374e-05 -3.15371940e-04  7.20652374e-05  5.00000000e+00 
 7.20948787e-05  3.15371254e+00  7.20948787e-05 -3.15370641e-04  7.20948787e-05  5.00000000e+00 
 7.21245201e-05  3.15371254e+00  7.21245201e-05 -3.15371928e-04  7.21245201e-05  5.00000000e+00 
 7.21541614e-05  3.15371254e+00  7.21541614e-05 -3.15370653e-04  7.21541614e-05  5.00000000e+00 
 7.21838027e-05  3.15371254e+00  7.21838027e-05 -3.15371915e-04  7.21838027e-05  5.00000000e+00 
 7.22134441e-05  3.15371254e+00  7.22134441e-05 -3.15370667e-04  7.22134441e-05  5.00000000e+00 
 7.22430854e-05  3.15371254e+00  7.22430854e-05 -3.15371901e-04  7.22430854e-05  5.00000000e+00 
 7.22727268e-05  3.15371254e+00  7.22727268e-05 -3.15370682e-04  7.22727268e-05  5.00000000e+00 
 7.23023681e-05  3.15371254e+00  7.23023681e-05 -3.15371886e-04  7.23023681e-05  5.00000000e+00 
 7.23320094e-05  3.15371254e+00  7.23320094e-05 -3.15370697e-04  7.23320094e-05  5.00000000e+00 
 7.23616508e-05  3.15371254e+00  7.23616508e-05 -3.15371869e-04  7.23616508e-05  5.00000000e+00 
 7.23912921e-05  3.15371254e+00  7.23912921e-05 -3.15370714e-04  7.23912921e-05  5.00000000e+00 
 7.24209335e-05  3.15371254e+00  7.24209335e-05 -3.15371852e-04  7.24209335e-05  5.00000000e+00 
 7.24505748e-05  3.15371254e+00  7.24505748e-05 -3.15370731e-04  7.24505748e-05  5.00000000e+00 
 7.24802161e-05  3.15371254e+00  7.24802161e-05 -3.15371835e-04  7.24802161e-05  5.00000000e+00 
 7.25098575e-05  3.15371254e+00  7.25098575e-05 -3.15370749e-04  7.25098575e-05  5.00000000e+00 
 7.25394988e-05  3.15371254e+00  7.25394988e-05 -3.15371816e-04  7.25394988e-05  5.00000000e+00 
 7.25691401e-05  3.15371254e+00  7.25691401e-05 -3.15370768e-04  7.25691401e-05  5.00000000e+00 
 7.25987815e-05  3.15371254e+00  7.25987815e-05 -3.15371798e-04  7.25987815e-05  5.00000000e+00 
 7.26284228e-05  3.15371254e+00  7.26284228e-05 -3.15370787e-04  7.26284228e-05  5.00000000e+00 
 7.26580642e-05  3.15371254e+00  7.26580642e-05 -3.15371778e-04  7.26580642e-05  5.00000000e+00 
 7.26877055e-05  3.15371254e+00  7.26877055e-05 -3.15370806e-04  7.26877055e-05  5.00000000e+00 
 7.27173468e-05  3.15371254e+00  7.27173468e-05 -3.15371759e-04  7.27173468e-05  5.00000000e+00 
 7.27469882e-05  3.15371254e+00  7.27469882e-05 -3.15370826e-04  7.27469882e-05  5.00000000e+00 
 7.27766295e-05  3.15371254e+00  7.27766295e-05 -3.15371739e-04  7.27766295e-05  5.00000000e+00 
 7.28062708e-05  3.15371254e+00  7.28062708e-05 -3.15370846e-04  7.28062708e-05  5.00000000e+00 
 7.28359122e-05  3.15371254e+00  7.28359122e-05 -3.15371719e-04  7.28359122e-05  5.00000000e+00 
 7.28655535e-05  3.15371254e+00  7.28655535e-05 -3.15370866e-04  7.28655535e-05  5.00000000e+00 
 7.28951949e-05  3.15371254e+00  7.28951949e-05 -3.15371698e-04  7.28951949e-05  5.00000000e+00 
 7.29248362e-05  3.15371254e+00  7.29248362e-05 -3.15370887e-04  7.29248362e-05  5.00000000e+00 
 7.29544775e-05  3.15371254e+00  7.29544775e-05 -3.15371678e-04  7.29544775e-05  5.00000000e+00 
 7.29841189e-05  3.15371254e+00  7.29841189e-05 -3.15370907e-04  7.29841189e-05  5.00000000e+00 
 7.30137602e-05  3.15371254e+00  7.30137602e-05 -3.15371658e-04  7.30137602e-05  5.00000000e+00 
 7.30434015e-05  3.15371254e+00  7.30434015e-05 -3.15370927e-04  7.30434015e-05  5.00000000e+00 
 7.30730429e-05  3.15371254e+00  7.30730429e-05 -3.15371637e-04  7.30730429e-05  5.00000000e+00 
 7.31026842e-05  3.15371254e+00  7.31026842e-05 -3.15370948e-04  7.31026842e-05  5.00000000e+00 
 7.31323256e-05  3.15371254e+00  7.31323256e-05 -3.15371617e-04  7.31323256e-05  5.00000000e+00 
 7.31619669e-05  3.15371254e+00  7.31619669e-05 -3.15370968e-04  7.31619669e-05  5.00000000e+00 
 7.31916082e-05  3.15371254e+00  7.31916082e-05 -3.15371597e-04  7.31916082e-05  5.00000000e+00 
 7.32212496e-05  3.15371254e+00  7.32212496e-05 -3.15370987e-04  7.32212496e-05  5.00000000e+00 
 7.32508909e-05  3.15371254e+00  7.32508909e-05 -3.15371578e-04  7.32508909e-05  5.00000000e+00 
 7.32805322e-05  3.15371254e+00  7.32805322e-05 -3.15371007e-04  7.32805322e-05  5.00000000e+00 
 7.33101736e-05  3.15371254e+00  7.33101736e-05 -3.15371558e-04  7.33101736e-05  5.00000000e+00 
 7.33398149e-05  3.15371254e+00  7.33398149e-05 -3.15371026e-04  7.33398149e-05  5.00000000e+00 
 7.33694563e-05  3.15371254e+00  7.33694563e-05 -3.15371539e-04  7.33694563e-05  5.00000000e+00 
 7.33990976e-05  3.15371254e+00  7.33990976e-05 -3.15371045e-04  7.33990976e-05  5.00000000e+00 
 7.34287389e-05  3.15371254e+00  7.34287389e-05 -3.15371520e-04  7.34287389e-05  5.00000000e+00 
 7.34583803e-05  3.15371254e+00  7.34583803e-05 -3.15371064e-04  7.34583803e-05  5.00000000e+00 
 7.34880216e-05  3.15371254e+00  7.34880216e-05 -3.15371502e-04  7.34880216e-05  5.00000000e+00 
 7.35176629e-05  3.15371254e+00  7.35176629e-05 -3.15371083e-04  7.35176629e-05  5.00000000e+00 
 7.35473043e-05  3.15371254e+00  7.35473043e-05 -3.15371483e-04  7.35473043e-05  5.00000000e+00 
 7.35769456e-05  3.15371254e+00  7.35769456e-05 -3.15371100e-04  7.35769456e-05  5.00000000e+00 
 7.36065870e-05  3.15371254e+00  7.36065870e-05 -3.15371466e-04  7.36065870e-05  5.00000000e+00 
 7.36362283e-05  3.15371254e+00  7.36362283e-05 -3.15371118e-04  7.36362283e-05  5.00000000e+00 
 7.36658696e-05  3.15371254e+00  7.36658696e-05 -3.15371448e-04  7.36658696e-05  5.00000000e+00 
 7.36955110e-05  3.15371254e+00  7.36955110e-05 -3.15371135e-04  7.36955110e-05  5.00000000e+00 
 7.37251523e-05  3.15371254e+00  7.37251523e-05 -3.15371431e-04  7.37251523e-05  5.00000000e+00 
 7.37547936e-05  3.15371254e+00  7.37547936e-05 -3.15371152e-04  7.37547936e-05  5.00000000e+00 
 7.37844350e-05  3.15371254e+00  7.37844350e-05 -3.15371415e-04  7.37844350e-05  5.00000000e+00 
 7.38140763e-05  3.15371254e+00  7.38140763e-05 -3.15371168e-04  7.38140763e-05  5.00000000e+00 
 7.38437177e-05  3.15371254e+00  7.38437177e-05 -3.15371399e-04  7.38437177e-05  5.00000000e+00 
 7.38733590e-05  3.15371254e+00  7.38733590e-05 -3.15371184e-04  7.38733590e-05  5.00000000e+00 
 7.39030003e-05  3.15371254e+00  7.39030003e-05 -3.15371384e-04  7.39030003e-05  5.00000000e+00 
 7.39326417e-05  3.15371254e+00  7.39326417e-05 -3.15371199e-04  7.39326417e-05  5.00000000e+00 
 7.39622830e-05  3.15371254e+00  7.39622830e-05 -3.15371369e-04  7.39622830e-05  5.00000000e+00 
 7.39919244e-05  3.15371254e+00  7.39919244e-05 -3.15371214e-04  7.39919244e-05  5.00000000e+00 
 7.40215657e-05  3.15371254e+00  7.40215657e-05 -3.15371354e-04  7.40215657e-05  5.00000000e+00 
 7.40512070e-05  3.15371254e+00  7.40512070e-05 -3.15371228e-04  7.40512070e-05  5.00000000e+00 
 7.40772757e-05  3.15371254e+00  7.40772757e-05 -3.15371339e-04  7.40772757e-05  5.00000000e+00 
 7.41033443e-05  3.15371254e+00  7.41033443e-05 -3.15371243e-04  7.41033443e-05  5.00000000e+00 
 7.41048617e-05  3.15305051e+00  7.41048617e-05 -2.73657853e-04  7.41048617e-05  4.97440552e+00 
 7.41078963e-05  3.15045044e+00  7.41078963e-05 -1.90604418e-04  7.41078963e-05  4.92321655e+00 
 7.41132333e-05  3.14114590e+00  7.41132333e-05 -9.45768189e-05  7.41132333e-05  4.83319015e+00 
 7.41186515e-05  3.12785185e+00  7.41186515e-05 -4.52755487e-05  7.41186515e-05  4.74179411e+00 
 7.41254308e-05  3.10871229e+00  7.41254308e-05 -1.70400632e-05  7.41254308e-05  4.62743825e+00 
 7.41311520e-05  3.09161202e+00  7.41311520e-05 -7.79563556e-06  7.41311520e-05  4.53093103e+00 
 7.41368917e-05  3.07417359e+00  7.41368917e-05 -3.61412503e-06  7.41368917e-05  4.43411236e+00 
 7.41466042e-05  3.04459970e+00  7.41466042e-05 -1.27645439e-06  7.41466042e-05  4.27027887e+00 
 7.41575279e-05  3.01151609e+00  7.41575279e-05 -6.09324283e-07  7.41575279e-05  4.08601396e+00 
 7.41793753e-05  2.94634718e+00  7.41793753e-05 -4.74894699e-07  7.41793753e-05  3.71748416e+00 
 7.42090167e-05  2.86013704e+00  7.42090167e-05 -4.38375189e-07  7.42090167e-05  3.21748416e+00 
 7.42386580e-05  2.77646198e+00  7.42386580e-05 -4.58964149e-07  7.42386580e-05  2.71748416e+00 
 7.42682993e-05  2.69530862e+00  7.42682993e-05 -4.29413209e-07  7.42682993e-05  2.21748416e+00 
 7.42979407e-05  2.61659224e+00  7.42979407e-05 -4.50735536e-07  7.42979407e-05  1.71748416e+00 
 7.43275820e-05  2.54019278e+00  7.43275820e-05 -4.21773997e-07  7.43275820e-05  1.21748416e+00 
 7.43572233e-05  2.46604227e+00  7.43572233e-05 -4.43618014e-07  7.43572233e-05  7.17484160e-01 
 7.43784905e-05  2.41417920e+00  7.43784905e-05 -4.16026242e-07  7.43784905e-05  3.58742080e-01 
 7.43997577e-05  2.36341545e+00  7.43997577e-05 -4.39063628e-07  7.43997577e-05  0.00000000e+00 
 7.44027219e-05  2.35645204e+00  7.44027219e-05 -2.40224000e-11  7.44027219e-05  0.00000000e+00 
 7.44070211e-05  2.34637611e+00  7.44070211e-05 -2.40224001e-11  7.44070211e-05  0.00000000e+00 
 7.44110984e-05  2.33686013e+00  7.44110984e-05 -2.40223998e-11  7.44110984e-05  0.00000000e+00 
 7.44154700e-05  2.32670013e+00  7.44154700e-05 -2.40223999e-11  7.44154700e-05  0.00000000e+00 
 7.44194302e-05  2.31753463e+00  7.44194302e-05 -2.40224001e-11  7.44194302e-05  0.00000000e+00 
 7.44234802e-05  2.30819841e+00  7.44234802e-05 -2.40224000e-11  7.44234802e-05  0.00000000e+00 
 7.44273734e-05  2.29925939e+00  7.44273734e-05 -2.40224001e-11  7.44273734e-05  0.00000000e+00 
 7.44312609e-05  2.29036770e+00  7.44312609e-05 -2.40224001e-11  7.44312609e-05  0.00000000e+00 
 7.44354084e-05  2.28091980e+00  7.44354084e-05 -2.40223997e-11  7.44354084e-05  0.00000000e+00 
 7.44402078e-05  2.27003496e+00  7.44402078e-05 -2.40223998e-11  7.44402078e-05  0.00000000e+00 
 7.44462321e-05  2.25644603e+00  7.44462321e-05 -2.40224000e-11  7.44462321e-05  0.00000000e+00 
 7.44547579e-05  2.23735320e+00  7.44547579e-05 -2.40223999e-11  7.44547579e-05  0.00000000e+00 
 7.44685985e-05  2.20670217e+00  7.44685985e-05 -2.40223998e-11  7.44685985e-05  0.00000000e+00 
 7.44952950e-05  2.14876002e+00  7.44952950e-05 -2.40224000e-11  7.44952950e-05  0.00000000e+00 
 7.45249364e-05  2.08620832e+00  7.45249364e-05 -2.40223999e-11  7.45249364e-05  0.00000000e+00 
 7.45545777e-05  2.02547885e+00  7.45545777e-05 -2.40224001e-11  7.45545777e-05  0.00000000e+00 
 7.45842191e-05  1.96651931e+00  7.45842191e-05 -2.40224000e-11  7.45842191e-05  0.00000000e+00 
 7.46138604e-05  1.90927722e+00  7.46138604e-05 -2.40224000e-11  7.46138604e-05  0.00000000e+00 
 7.46435017e-05  1.85370338e+00  7.46435017e-05 -2.40224000e-11  7.46435017e-05  0.00000000e+00 
 7.46731431e-05  1.79974825e+00  7.46731431e-05 -2.40224000e-11  7.46731431e-05  0.00000000e+00 
 7.47027844e-05  1.74736553e+00  7.47027844e-05 -2.40223999e-11  7.47027844e-05  0.00000000e+00 
 7.47324257e-05  1.69650846e+00  7.47324257e-05 -2.40224000e-11  7.47324257e-05  0.00000000e+00 
 7.47620671e-05  1.64713347e+00  7.47620671e-05 -2.40223999e-11  7.47620671e-05  0.00000000e+00 
 7.47917084e-05  1.59919641e+00  7.47917084e-05 -2.40224000e-11  7.47917084e-05  0.00000000e+00 
 7.48213498e-05  1.55265630e+00  7.48213498e-05 -2.40224000e-11  7.48213498e-05  0.00000000e+00 
 7.48509911e-05  1.50747147e+00  7.48509911e-05 -2.40224001e-11  7.48509911e-05  0.00000000e+00 
 7.48806324e-05  1.46360333e+00  7.48806324e-05 -2.40224002e-11  7.48806324e-05  0.00000000e+00 
 7.49102738e-05  1.42101256e+00  7.49102738e-05 -2.40224003e-11  7.49102738e-05  0.00000000e+00 
 7.49399151e-05  1.37966286e+00  7.49399151e-05 -2.40224005e-11  7.49399151e-05  0.00000000e+00 
 7.49695564e-05  1.33951709e+00  7.49695564e-05 -2.40224010e-11  7.49695564e-05  0.00000000e+00 
 7.49991978e-05  1.30054111e+00  7.49991978e-05 -2.40224016e-11  7.49991978e-05  0.00000000e+00 
 7.50288391e-05  1.26269986e+00  7.50288391e-05 -2.40224029e-11  7.50288391e-05  0.00000000e+00 
 7.50584805e-05  1.22596121e+00  7.50584805e-05 -2.40224046e-11  7.50584805e-05  0.00000000e+00 
 7.50881218e-05  1.19029207e+00  7.50881218e-05 -2.40224077e-11  7.50881218e-05  0.00000000e+00 
 7.51177631e-05  1.15566221e+00  7.51177631e-05 -2.40224125e-11  7.51177631e-05  0.00000000e+00 
 7.51474045e-05  1.12204038e+00  7.51474045e-05 -2.40224201e-11  7.51474045e-05  0.00000000e+00 
 7.51770458e-05  1.08939814e+00  7.51770458e-05 -2.40224318e-11  7.51770458e-05  0.00000000e+00 
 7.52066872e-05  1.05770600e+00  7.52066872e-05 -2.40224500e-11  7.52066872e-05  0.00000000e+00 
 7.52363285e-05  1.02693721e+00  7.52363285e-05 -2.40224777e-11  7.52363285e-05  0.00000000e+00 
 7.52659698e-05  9.97063902e-01  7.52659698e-05 -2.40225196e-11  7.52659698e-05  0.00000000e+00 
 7.52956112e-05  9.68060916e-01  7.52956112e-05 -2.40225823e-11  7.52956112e-05  0.00000000e+00 
 7.53252525e-05  9.39901960e-01  7.53252525e-05 -2.40226750e-11  7.53252525e-05  0.00000000e+00 
 7.53548938e-05  9.12563349e-01  7.53548938e-05 -2.40228115e-11  7.53548938e-05  0.00000000e+00 
 7.53845352e-05  8.86020266e-01  7.53845352e-05 -2.40230092e-11  7.53845352e-05  0.00000000e+00 
 7.54141765e-05  8.60250422e-01  7.54141765e-05 -2.40232954e-11  7.54141765e-05  0.00000000e+00 
 7.54438179e-05  8.35230396e-01  7.54438179e-05 -2.40237026e-11  7.54438179e-05  0.00000000e+00 
 7.54734592e-05  8.10939210e-01  7.54734592e-05 -2.40242818e-11  7.54734592e-05  0.00000000e+00 
 7.55031005e-05  7.87354762e-01  7.55031005e-05 -2.40250917e-11  7.55031005e-05  0.00000000e+00 
 7.55327419e-05  7.64457304e-01  7.55327419e-05 -2.40262246e-11  7.55327419e-05  0.00000000e+00 
 7.55623832e-05  7.42225984e-01  7.55623832e-05 -2.40277827e-11  7.55623832e-05  0.00000000e+00 
 7.55920245e-05  7.20642207e-01  7.55920245e-05 -2.40299274e-11  7.55920245e-05  0.00000000e+00 
 7.56216659e-05  6.99686303e-01  7.56216659e-05 -2.40328310e-11  7.56216659e-05  0.00000000e+00 
 7.56513072e-05  6.79340760e-01  7.56513072e-05 -2.40367661e-11  7.56513072e-05  0.00000000e+00 
 7.56809486e-05  6.59587028e-01  7.56809486e-05 -2.40420130e-11  7.56809486e-05  0.00000000e+00 
 7.57105899e-05  6.40408610e-01  7.57105899e-05 -2.40490183e-11  7.57105899e-05  0.00000000e+00 
 7.57402312e-05  6.21788018e-01  7.57402312e-05 -2.40582238e-11  7.57402312e-05  0.00000000e+00 
 7.57698726e-05  6.03709702e-01  7.57698726e-05 -2.40703386e-11  7.57698726e-05  0.00000000e+00 
 7.57995139e-05  5.86157182e-01  7.57995139e-05 -2.40860373e-11  7.57995139e-05  0.00000000e+00 
 7.58291552e-05  5.69115798e-01  7.58291552e-05 -2.41064124e-11  7.58291552e-05  0.00000000e+00 
 7.58587966e-05  5.52570025e-01  7.58587966e-05 -2.41324640e-11  7.58587966e-05  0.00000000e+00 
 7.58884379e-05  5.36506033e-01  7.58884379e-05 -2.41658256e-11  7.58884379e-05  0.00000000e+00 
 7.59180793e-05  5.20909204e-01  7.59180793e-05 -2.42079384e-11  7.59180793e-05  0.00000000e+00 
 7.59477206e-05  5.05766486e-01  7.59477206e-05 -2.42611755e-11  7.59477206e-05  0.00000000e+00 
 7.59773619e-05  4.91064122e-01  7.59773619e-05 -2.43275579e-11  7.59773619e-05  0.00000000e+00 
 7.60070033e-05  4.76789785e-01  7.60070033e-05 -2.44104354e-11  7.60070033e-05  0.00000000e+00 
 7.60366446e-05  4.62930536e-01  7.60366446e-05 -2.45125729e-11  7.60366446e-05  0.00000000e+00 
 7.60662859e-05  4.49474726e-01  7.60662859e-05 -2.46385634e-11  7.60662859e-05  0.00000000e+00 
 7.60959273e-05  4.36410193e-01  7.60959273e-05 -2.47921064e-11  7.60959273e-05  0.00000000e+00 
 7.61255686e-05  4.23725921e-01  7.61255686e-05 -2.49793168e-11  7.61255686e-05  0.00000000e+00 
 7.61552100e-05  4.11410487e-01  7.61552100e-05 -2.52050495e-11  7.61552100e-05  0.00000000e+00 
 7.61848513e-05  3.99453463e-01  7.61848513e-05 -2.54772019e-11  7.61848513e-05  0.00000000e+00 
 7.62144926e-05  3.87844131e-01  7.62144926e-05 -2.58020449e-11  7.62144926e-05  0.00000000e+00 
 7.62441340e-05  3.76572612e-01  7.62441340e-05 -2.61894559e-11  7.62441340e-05  0.00000000e+00 
 7.62737753e-05  3.65628856e-01  7.62737753e-05 -2.66474405e-11  7.62737753e-05  0.00000000e+00 
 7.63034166e-05  3.55003495e-01  7.63034166e-05 -2.71879269e-11  7.63034166e-05  0.00000000e+00 
 7.63330580e-05  3.44687117e-01  7.63330580e-05 -2.78210659e-11  7.63330580e-05  0.00000000e+00 
 7.63545559e-05  3.37393493e-01  7.63545559e-05 -2.83462255e-11  7.63545559e-05  0.00000000e+00 
 7.63662763e-05  3.33482449e-01  7.63662763e-05 -2.86577902e-11  7.63662763e-05  0.00000000e+00 
 7.63760162e-05  3.30266836e-01  7.63760162e-05 -2.89305246e-11  7.63760162e-05  0.00000000e+00 
 7.63843752e-05  3.27531966e-01  7.63843752e-05 -2.91769250e-11  7.63843752e-05  0.00000000e+00 
 7.63925082e-05  3.24892642e-01  7.63925082e-05 -2.94238664e-11  7.63925082e-05  0.00000000e+00 
 7.64006029e-05  3.22287119e-01  7.64006029e-05 -2.96838048e-11  7.64006029e-05  0.00000000e+00 
 7.64091802e-05  3.19548740e-01  7.64091802e-05 -2.99648914e-11  7.64091802e-05  0.00000000e+00 
 7.64188516e-05  3.16489365e-01  7.64188516e-05 -3.03035830e-11  7.64188516e-05  0.00000000e+00 
 7.64304026e-05  3.12873367e-01  7.64304026e-05 -3.07198190e-11  7.64304026e-05  0.00000000e+00 
 7.64452645e-05  3.08282120e-01  7.64452645e-05 -3.13012625e-11  7.64452645e-05  0.00000000e+00 
 7.64660416e-05  3.01975659e-01  7.64660416e-05 -3.21702045e-11  7.64660416e-05  0.00000000e+00 
 7.64956830e-05  2.93201721e-01  7.64956830e-05 -3.35776055e-11  7.64956830e-05  0.00000000e+00 
 7.65253243e-05  2.84682433e-01  7.65253243e-05 -3.51640632e-11  7.65253243e-05  0.00000000e+00 
 7.65549656e-05  2.76411372e-01  7.65549656e-05 -3.69851613e-11  7.65549656e-05  0.00000000e+00 
 7.65846070e-05  2.68380293e-01  7.65846070e-05 -3.90189029e-11  7.65846070e-05  0.00000000e+00 
 7.66142483e-05  2.60583254e-01  7.66142483e-05 -4.13378985e-11  7.66142483e-05  0.00000000e+00 
 7.66438896e-05  2.53012374e-01  7.66438896e-05 -4.39045523e-11  7.66438896e-05  0.00000000e+00 
 7.66735310e-05  2.45662164e-01  7.66735310e-05 -4.68129454e-11  7.66735310e-05  0.00000000e+00 
 7.67031723e-05  2.38525081e-01  7.67031723e-05 -5.00041569e-11  7.67031723e-05  0.00000000e+00 
 7.67328137e-05  2.31596066e-01  7.67328137e-05 -5.35990952e-11  7.67328137e-05  0.00000000e+00 
 7.67624550e-05  2.24867898e-01  7.67624550e-05 -5.75107070e-11  7.67624550e-05  0.00000000e+00 
 7.67920963e-05  2.18335917e-01  7.67920963e-05 -6.18930178e-11  7.67920963e-05  0.00000000e+00 
 7.68217377e-05  2.11993208e-01  7.68217377e-05 -6.66229285e-11  7.68217377e-05  0.00000000e+00 
 7.68513790e-05  2.05835488e-01  7.68513790e-05 -7.18948151e-11  7.68513790e-05  0.00000000e+00 
 7.68810203e-05  1.99856132e-01  7.68810203e-05 -7.75405763e-11  7.68810203e-05  0.00000000e+00 
 7.69106617e-05  1.94051207e-01  7.69106617e-05 -8.38030746e-11  7.69106617e-05  0.00000000e+00 
 7.69403030e-05  1.88414367e-01  7.69403030e-05 -9.04593326e-11  7.69403030e-05  0.00000000e+00 
 7.69699444e-05  1.82942004e-01  7.69699444e-05 -9.78096349e-11  7.69699444e-05  0.00000000e+00 
 7.69995857e-05  1.77628039e-01  7.69995857e-05 -1.05565531e-10  7.69995857e-05  0.00000000e+00 
 7.70292270e-05  1.72469169e-01  7.70292270e-05 -1.14094295e-10  7.70292270e-05  0.00000000e+00 
 7.70588684e-05  1.67459567e-01  7.70588684e-05 -1.23030943e-10  7.70588684e-05  0.00000000e+00 
 7.70885097e-05  1.62596214e-01  7.70885097e-05 -1.32819705e-10  7.70885097e-05  0.00000000e+00 
 7.71181510e-05  1.57873527e-01  7.71181510e-05 -1.43007868e-10  7.71181510e-05  0.00000000e+00 
 7.71477924e-05  1.53288747e-01  7.71477924e-05 -1.54126664e-10  7.71477924e-05  0.00000000e+00 
 7.71774337e-05  1.48836527e-01  7.71774337e-05 -1.65624710e-10  7.71774337e-05  0.00000000e+00 
 7.72070751e-05  1.44514350e-01  7.72070751e-05 -1.78130014e-10  7.72070751e-05  0.00000000e+00 
 7.72367164e-05  1.40317094e-01  7.72367164e-05 -1.90982255e-10  7.72367164e-05  0.00000000e+00 
 7.72663577e-05  1.36242466e-01  7.72663577e-05 -2.04915296e-10  7.72663577e-05  0.00000000e+00 
 7.72959991e-05  1.32285563e-01  7.72959991e-05 -2.19150752e-10  7.72959991e-05  0.00000000e+00 
 7.73256404e-05  1.28444294e-01  7.73256404e-05 -2.34536271e-10  7.73256404e-05  0.00000000e+00 
 7.73552817e-05  1.24713971e-01  7.73552817e-05 -2.50167906e-10  7.73552817e-05  0.00000000e+00 
 7.73849231e-05  1.21092686e-01  7.73849231e-05 -2.67013389e-10  7.73849231e-05  0.00000000e+00 
 7.74145644e-05  1.17575959e-01  7.74145644e-05 -2.84037810e-10  7.74145644e-05  0.00000000e+00 
 7.74442058e-05  1.14162051e-01  7.74442058e-05 -3.02333195e-10  7.74442058e-05  0.00000000e+00 
 7.74738471e-05  1.10846683e-01  7.74738471e-05 -3.20730826e-10  7.74738471e-05  0.00000000e+00 
 7.75034884e-05  1.07628266e-01  7.75034884e-05 -3.40448673e-10  7.75034884e-05  0.00000000e+00 
 7.75331298e-05  1.04502722e-01  7.75331298e-05 -3.60184349e-10  7.75331298e-05  0.00000000e+00 
 7.75627711e-05  1.01468594e-01  7.75627711e-05 -3.81280443e-10  7.75627711e-05  0.00000000e+00 
 7.75924124e-05  9.85220006e-02  7.75924124e-05 -4.02304387e-10  7.75924124e-05  0.00000000e+00 
 7.76220538e-05  9.56616027e-02  7.76220538e-05 -4.24718726e-10  7.76220538e-05  0.00000000e+00 
 7.76516951e-05  9.28837098e-02  7.76516951e-05 -4.46967843e-10  7.76516951e-05  0.00000000e+00 
 7.76813365e-05  9.01870873e-02  7.76813365e-05 -4.70625948e-10  7.76813365e-05  0.00000000e+00 
 7.77109778e-05  8.75682335e-02  7.77109778e-05 -4.94025373e-10  7.77109778e-05  0.00000000e+00 
 7.77406191e-05  8.50260032e-02  7.77406191e-05 -5.18839862e-10  7.77406191e-05  0.00000000e+00 
 7.77702605e-05  8.25570810e-02  7.77702605e-05 -5.43304688e-10  7.77702605e-05  0.00000000e+00 
 7.77999018e-05  8.01603976e-02  7.77999018e-05 -5.69177041e-10  7.77999018e-05  0.00000000e+00 
 7.78295432e-05  7.78328217e-02  7.78295432e-05 -5.94614156e-10  7.78295432e-05  0.00000000e+00 
 7.78591845e-05  7.55733472e-02  7.78591845e-05 -6.21436613e-10  7.78591845e-05  0.00000000e+00 
 7.78888258e-05  7.33790247e-02  7.78888258e-05 -6.47746584e-10  7.78888258e-05  0.00000000e+00 
 7.79184672e-05  7.12488989e-02  7.79184672e-05 -6.75404096e-10  7.79184672e-05  0.00000000e+00 
 7.79481085e-05  6.91802007e-02  7.79481085e-05 -7.02483039e-10  7.79481085e-05  0.00000000e+00 
 7.79777498e-05  6.71720143e-02  7.79777498e-05 -7.30855236e-10  7.79777498e-05  0.00000000e+00 
 7.80073912e-05  6.52217485e-02  7.80073912e-05 -7.58596616e-10  7.80073912e-05  0.00000000e+00 
 7.80370325e-05  6.33285167e-02  7.80370325e-05 -7.87559723e-10  7.80370325e-05  0.00000000e+00 
 7.80666739e-05  6.14899037e-02  7.80666739e-05 -8.15856048e-10  7.80666739e-05  0.00000000e+00 
 7.80963152e-05  5.97050420e-02  7.80963152e-05 -8.45284718e-10  7.80963152e-05  0.00000000e+00 
 7.81259565e-05  5.79716907e-02  7.81259565e-05 -8.74029092e-10  7.81259565e-05  0.00000000e+00 
 7.81555979e-05  5.62889920e-02  7.81555979e-05 -9.03798111e-10  7.81555979e-05  0.00000000e+00 
 7.81852392e-05  5.46548773e-02  7.81852392e-05 -9.32885617e-10  7.81852392e-05  0.00000000e+00 
 7.82148805e-05  5.30684903e-02  7.82148805e-05 -9.62871473e-10  7.82148805e-05  0.00000000e+00 
 7.82445219e-05  5.15279323e-02  7.82445219e-05 -9.92200376e-10  7.82445219e-05  0.00000000e+00 
 7.82741632e-05  5.00323407e-02  7.82741632e-05 -1.02228265e-09  7.82741632e-05  0.00000000e+00 
 7.83038046e-05  4.85799851e-02  7.83038046e-05 -1.05175541e-09  7.83038046e-05  0.00000000e+00 
 7.83334459e-05  4.71699889e-02  7.83334459e-05 -1.08181801e-09  7.83334459e-05  0.00000000e+00 
 7.83630872e-05  4.58007876e-02  7.83630872e-05 -1.11134210e-09  7.83630872e-05  0.00000000e+00 
 7.83927286e-05  4.44714846e-02  7.83927286e-05 -1.14127428e-09  7.83927286e-05  0.00000000e+00 
 7.84223699e-05  4.31806789e-02  7.84223699e-05 -1.17076285e-09  7.84223699e-05  0.00000000e+00 
 7.84520112e-05  4.19274479e-02  7.84520112e-05 -1.20046008e-09  7.84520112e-05  0.00000000e+00 
 7.84759156e-05  4.09433097e-02  7.84759156e-05 -1.22414614e-09  7.84759156e-05  0.00000000e+00 
 7.84868362e-05  4.05014611e-02  7.84868362e-05 -1.23496220e-09  7.84868362e-05  0.00000000e+00 
 7.84967509e-05  4.01044817e-02  7.84967509e-05 -1.24492836e-09  7.84967509e-05  0.00000000e+00 
 7.85046855e-05  3.97894897e-02  7.85046855e-05 -1.25246176e-09  7.85046855e-05  0.00000000e+00 
 7.85123982e-05  3.94858692e-02  7.85123982e-05 -1.26056476e-09  7.85123982e-05  0.00000000e+00 
 7.85201024e-05  3.91846236e-02  7.85201024e-05 -1.26749764e-09  7.85201024e-05  0.00000000e+00 
 7.85280834e-05  3.88753392e-02  7.85280834e-05 -1.27618011e-09  7.85280834e-05  0.00000000e+00 
 7.85371000e-05  3.85284094e-02  7.85371000e-05 -1.28407555e-09  7.85371000e-05  0.00000000e+00 
 7.85478088e-05  3.81209207e-02  7.85478088e-05 -1.29566304e-09  7.85478088e-05  0.00000000e+00 
 7.85615753e-05  3.76027997e-02  7.85615753e-05 -1.30796112e-09  7.85615753e-05  0.00000000e+00 
 7.85809485e-05  3.68862419e-02  7.85809485e-05 -1.32809559e-09  7.85809485e-05  0.00000000e+00 
 7.86105899e-05  3.58154829e-02  7.86105899e-05 -1.35553012e-09  7.86105899e-05  0.00000000e+00 
 7.86402312e-05  3.47764219e-02  7.86402312e-05 -1.38542126e-09  7.86402312e-05  0.00000000e+00 
 7.86698725e-05  3.37669244e-02  7.86698725e-05 -1.41230085e-09  7.86698725e-05  0.00000000e+00 
 7.86995139e-05  3.27873702e-02  7.86995139e-05 -1.44182675e-09  7.86995139e-05  0.00000000e+00 
 7.87291552e-05  3.18356279e-02  7.87291552e-05 -1.46809344e-09  7.87291552e-05  0.00000000e+00 
 7.87587965e-05  3.09121734e-02  7.87587965e-05 -1.49719433e-09  7.87587965e-05  0.00000000e+00 
 7.87884379e-05  3.00148811e-02  7.87884379e-05 -1.52279849e-09  7.87884379e-05  0.00000000e+00 
 7.88180792e-05  2.91443141e-02  7.88180792e-05 -1.55141899e-09  7.88180792e-05  0.00000000e+00 
 7.88477206e-05  2.82983558e-02  7.88477206e-05 -1.57631928e-09  7.88477206e-05  0.00000000e+00 
 7.88773619e-05  2.74776480e-02  7.88773619e-05 -1.60440969e-09  7.88773619e-05  0.00000000e+00 
 7.89070032e-05  2.66800864e-02  7.89070032e-05 -1.62857278e-09  7.89070032e-05  0.00000000e+00 
 7.89366446e-05  2.59063826e-02  7.89366446e-05 -1.65608887e-09  7.89366446e-05  0.00000000e+00 
 7.89662859e-05  2.51544486e-02  7.89662859e-05 -1.67948908e-09  7.89662859e-05  0.00000000e+00 
 7.89959272e-05  2.44250570e-02  7.89959272e-05 -1.70639185e-09  7.89959272e-05  0.00000000e+00 
 7.90255686e-05  2.37161402e-02  7.90255686e-05 -1.72901072e-09  7.90255686e-05  0.00000000e+00 
 7.90552099e-05  2.30285229e-02  7.90552099e-05 -1.75526607e-09  7.90552099e-05  0.00000000e+00 
 7.90848513e-05  2.23601623e-02  7.90848513e-05 -1.77709191e-09  7.90848513e-05  0.00000000e+00 
 7.91144926e-05  2.17119267e-02  7.91144926e-05 -1.80267037e-09  7.91144926e-05  0.00000000e+00 
 7.91441339e-05  2.10818025e-02  7.91441339e-05 -1.82369777e-09  7.91441339e-05  0.00000000e+00 
 7.91737753e-05  2.04706928e-02  7.91737753e-05 -1.84857417e-09  7.91737753e-05  0.00000000e+00 
 7.92034166e-05  1.98766180e-02  7.92034166e-05 -1.86880349e-09  7.92034166e-05  0.00000000e+00 
 7.92330579e-05  1.93005073e-02  7.92330579e-05 -1.89295665e-09  7.92330579e-05  0.00000000e+00 
 7.92626993e-05  1.87404201e-02  7.92626993e-05 -1.91239347e-09  7.92626993e-05  0.00000000e+00 
 7.92923406e-05  1.81973035e-02  7.92923406e-05 -1.93580591e-09  7.92923406e-05  0.00000000e+00 
 7.93219820e-05  1.76692602e-02  7.93219820e-05 -1.95446053e-09  7.93219820e-05  0.00000000e+00 
 7.93516233e-05  1.71572472e-02  7.93516233e-05 -1.97711817e-09  7.93516233e-05  0.00000000e+00 
 7.93812646e-05  1.66594155e-02  7.93812646e-05 -1.99500506e-09  7.93812646e-05  0.00000000e+00 
 7.94109060e-05  1.61767238e-02  7.94109060e-05 -2.01689690e-09  7.94109060e-05  0.00000000e+00 
 7.94405473e-05  1.57073765e-02  7.94405473e-05 -2.03403424e-09  7.94405473e-05  0.00000000e+00 
 7.94701886e-05  1.52523258e-02  7.94701886e-05 -2.05515213e-09  7.94701886e-05  0.00000000e+00 
 7.94998300e-05  1.48098344e-02  7.94998300e-05 -2.07156125e-09  7.94998300e-05  0.00000000e+00 
 7.95294713e-05  1.43808404e-02  7.95294713e-05 -2.09189964e-09  7.95294713e-05  0.00000000e+00 
 7.95591127e-05  1.39636697e-02  7.95591127e-05 -2.10760458e-09  7.95591127e-05  0.00000000e+00 
 7.95887540e-05  1.35592390e-02  7.95887540e-05 -2.12716027e-09  7.95887540e-05  0.00000000e+00 
 7.96183953e-05  1.31659417e-02  7.96183953e-05 -2.14218731e-09  7.96183953e-05  0.00000000e+00 
 7.96480367e-05  1.27846662e-02  7.96480367e-05 -2.16095925e-09  7.96480367e-05  0.00000000e+00 
 7.96776780e-05  1.24138780e-02  7.96776780e-05 -2.17533650e-09  7.96776780e-05  0.00000000e+00 
 7.97073194e-05  1.20544300e-02  7.97073194e-05 -2.19332558e-09  7.97073194e-05  0.00000000e+00 
 7.97369607e-05  1.17048646e-02  7.97369607e-05 -2.20708253e-09  7.97369607e-05  0.00000000e+00 
 7.97666020e-05  1.13659927e-02  7.97666020e-05 -2.22429144e-09  7.97666020e-05  0.00000000e+00 
 7.97962434e-05  1.10364374e-02  7.97962434e-05 -2.23745864e-09  7.97962434e-05  0.00000000e+00 
 7.98258847e-05  1.07169616e-02  7.98258847e-05 -2.25389166e-09  7.98258847e-05  0.00000000e+00 
 7.98555260e-05  1.04062733e-02  7.98555260e-05 -2.26650033e-09  7.98555260e-05  0.00000000e+00 
 7.98851674e-05  1.01050812e-02  7.98851674e-05 -2.28216326e-09  7.98851674e-05  0.00000000e+00 
 7.99148087e-05  9.81218195e-03  7.99148087e-05 -2.29424498e-09  7.99148087e-05  0.00000000e+00 
 7.99444501e-05  9.52822493e-03  7.99444501e-05 -2.30914496e-09  7.99444501e-05  0.00000000e+00 
 7.99740914e-05  9.25209865e-03  7.99740914e-05 -2.32073134e-09  7.99740914e-05  0.00000000e+00 
 8.00037327e-05  8.98438803e-03  8.00037327e-05 -2.33487678e-09  8.00037327e-05  0.00000000e+00 
 8.00333741e-05  8.72407671e-03  8.00333741e-05 -2.34599927e-09  8.00333741e-05  0.00000000e+00 
 8.00630154e-05  8.47168047e-03  8.00630154e-05 -2.35939972e-09  8.00630154e-05  0.00000000e+00 
 8.00926567e-05  8.22628090e-03  8.00926567e-05 -2.37008930e-09  8.00926567e-05  0.00000000e+00 
 8.01222981e-05  7.98832041e-03  8.01222981e-05 -2.38275539e-09  8.01222981e-05  0.00000000e+00 
 8.01519394e-05  7.75698104e-03  8.01519394e-05 -2.39304236e-09  8.01519394e-05  0.00000000e+00 
 8.01815808e-05  7.53262801e-03  8.01815808e-05 -2.40498574e-09  8.01815808e-05  0.00000000e+00 
 8.02112221e-05  7.31454595e-03  8.02112221e-05 -2.41489957e-09  8.02112221e-05  0.00000000e+00 
 8.02408634e-05  7.10301958e-03  8.02408634e-05 -2.42613281e-09  8.02408634e-05  0.00000000e+00 
 8.02705048e-05  6.89743785e-03  8.02705048e-05 -2.43570192e-09  8.02705048e-05  0.00000000e+00 
 8.03001461e-05  6.69800209e-03  8.03001461e-05 -2.44623849e-09  8.03001461e-05  0.00000000e+00 
 8.03297874e-05  6.50420694e-03  8.03297874e-05 -2.45549015e-09  8.03297874e-05  0.00000000e+00 
 8.03594288e-05  6.31616796e-03  8.03594288e-05 -2.46534435e-09  8.03594288e-05  0.00000000e+00 
 8.03890701e-05  6.13348642e-03  8.03890701e-05 -2.47430450e-09  8.03890701e-05  0.00000000e+00 
 8.04187115e-05  5.95619020e-03  8.04187115e-05 -2.48349143e-09  8.04187115e-05  0.00000000e+00 
 8.04404012e-05  5.82968650e-03  8.04404012e-05 -2.48987073e-09  8.04404012e-05  0.00000000e+00 
 8.04501604e-05  5.77365398e-03  8.04501604e-05 -2.49257583e-09  8.04501604e-05  0.00000000e+00 
 8.04592089e-05  5.72223757e-03  8.04592089e-05 -2.49567367e-09  8.04592089e-05  0.00000000e+00 
 8.04667731e-05  5.67948217e-03  8.04667731e-05 -2.49703745e-09  8.04667731e-05  0.00000000e+00 
 8.04740905e-05  5.63864800e-03  8.04740905e-05 -2.50032828e-09  8.04740905e-05  0.00000000e+00 
 8.04815582e-05  5.59696272e-03  8.04815582e-05 -2.50090405e-09  8.04815582e-05  0.00000000e+00 
 8.04894191e-05  5.55382355e-03  8.04894191e-05 -2.50499641e-09  8.04894191e-05  0.00000000e+00 
 8.04984292e-05  5.50428738e-03  8.04984292e-05 -2.50539106e-09  8.04984292e-05  0.00000000e+00 
 8.05093955e-05  5.44517583e-03  8.05093955e-05 -2.51078010e-09  8.05093955e-05  0.00000000e+00 
 8.05238701e-05  5.36747327e-03  8.05238701e-05 -2.51227934e-09  8.05238701e-05  0.00000000e+00 
 8.05449496e-05  5.25702683e-03  8.05449496e-05 -2.52057338e-09  8.05449496e-05  0.00000000e+00 
 8.05745910e-05  5.10483984e-03  8.05745910e-05 -2.52577695e-09  8.05745910e-05  0.00000000e+00 
 8.06042323e-05  4.95770286e-03  8.06042323e-05 -2.53613639e-09  8.06042323e-05  0.00000000e+00 
 8.06338737e-05  4.81419774e-03  8.06338737e-05 -2.54082941e-09  8.06338737e-05  0.00000000e+00 
 8.06635150e-05  4.67551269e-03  8.06635150e-05 -2.55089354e-09  8.06635150e-05  0.00000000e+00 
 8.06931563e-05  4.54019329e-03  8.06931563e-05 -2.55510674e-09  8.06931563e-05  0.00000000e+00 
 8.07227977e-05  4.40947546e-03  8.07227977e-05 -2.56488319e-09  8.07227977e-05  0.00000000e+00 
 8.07524390e-05  4.28187417e-03  8.07524390e-05 -2.56864717e-09  8.07524390e-05  0.00000000e+00 
 8.07820803e-05  4.15866647e-03  8.07820803e-05 -2.57814006e-09  8.07820803e-05  0.00000000e+00 
 8.08117217e-05  4.03834259e-03  8.08117217e-05 -2.58148540e-09  8.08117217e-05  0.00000000e+00 
 8.08413630e-05  3.92221397e-03  8.08413630e-05 -2.59069780e-09  8.08413630e-05  0.00000000e+00 
 8.08710044e-05  3.80875214e-03  8.08710044e-05 -2.59365497e-09  8.08710044e-05  0.00000000e+00 
 8.09006457e-05  3.69929610e-03  8.09006457e-05 -2.60258896e-09  8.09006457e-05  0.00000000e+00 
 8.09302870e-05  3.59230485e-03  8.09302870e-05 -2.60518825e-09  8.09302870e-05  0.00000000e+00 
 8.09599284e-05  3.48913805e-03  8.09599284e-05 -2.61384496e-09  8.09599284e-05  0.00000000e+00 
 8.09895697e-05  3.38824845e-03  8.09895697e-05 -2.61611636e-09  8.09895697e-05  0.00000000e+00 
 8.10192110e-05  3.29100937e-03  8.10192110e-05 -2.62449612e-09  8.10192110e-05  0.00000000e+00 
 8.10488524e-05  3.19587369e-03  8.10488524e-05 -2.62646926e-09  8.10488524e-05  0.00000000e+00 
 8.10784937e-05  3.10422142e-03  8.10784937e-05 -2.63457161e-09  8.10784937e-05  0.00000000e+00 
 8.11081351e-05  3.01451194e-03  8.11081351e-05 -2.63627569e-09  8.11081351e-05  0.00000000e+00 
 8.11377764e-05  2.92812497e-03  8.11377764e-05 -2.64409952e-09  8.11377764e-05  0.00000000e+00 
 8.11674177e-05  2.84353283e-03  8.11674177e-05 -2.64556321e-09  8.11674177e-05  0.00000000e+00 
 8.11970591e-05  2.76210799e-03  8.11970591e-05 -2.65310683e-09  8.11970591e-05  0.00000000e+00 
 8.12267004e-05  2.68234207e-03  8.12267004e-05 -2.65435818e-09  8.12267004e-05  0.00000000e+00 
 8.12563418e-05  2.60559345e-03  8.12563418e-05 -2.66161941e-09  8.12563418e-05  0.00000000e+00 
 8.12859831e-05  2.53037939e-03  8.12859831e-05 -2.66268583e-09  8.12859831e-05  0.00000000e+00 
 8.13156244e-05  2.45803738e-03  8.13156244e-05 -2.66966209e-09  8.13156244e-05  0.00000000e+00 
 8.13452658e-05  2.38711658e-03  8.13452658e-05 -2.67057025e-09  8.13452658e-05  0.00000000e+00 
 8.13749071e-05  2.31892694e-03  8.13749071e-05 -2.67725866e-09  8.13749071e-05  0.00000000e+00 
 8.14045484e-05  2.25205566e-03  8.14045484e-05 -2.67803442e-09  8.14045484e-05  0.00000000e+00 
 8.14341898e-05  2.18777865e-03  8.14341898e-05 -2.68443188e-09  8.14341898e-05  0.00000000e+00 
 8.14638311e-05  2.12472716e-03  8.14638311e-05 -2.68510024e-09  8.14638311e-05  0.00000000e+00 
 8.14934725e-05  2.06413673e-03  8.14934725e-05 -2.69120354e-09  8.14934725e-05  0.00000000e+00 
 8.15231138e-05  2.00468846e-03  8.15231138e-05 -2.69178857e-09  8.15231138e-05  0.00000000e+00 
 8.15527551e-05  1.94757145e-03  8.15527551e-05 -2.69759444e-09  8.15527551e-05  0.00000000e+00 
 8.15823965e-05  1.89152228e-03  8.15823965e-05 -2.69811925e-09  8.15823965e-05  0.00000000e+00 
 8.16120378e-05  1.83767773e-03  8.16120378e-05 -2.70362449e-09  8.16120378e-05  0.00000000e+00 
 8.16416791e-05  1.78483524e-03  8.16416791e-05 -2.70411115e-09  8.16416791e-05  0.00000000e+00 
 8.16713205e-05  1.73407366e-03  8.16713205e-05 -2.70931266e-09  8.16713205e-05  0.00000000e+00 
 8.17009618e-05  1.68425644e-03  8.17009618e-05 -2.70978218e-09  8.17009618e-05  0.00000000e+00 
 8.17306032e-05  1.63639920e-03  8.17306032e-05 -2.71467710e-09  8.17306032e-05  0.00000000e+00 
 8.17602445e-05  1.58943624e-03  8.17602445e-05 -2.71514935e-09  8.17602445e-05  0.00000000e+00 
 8.17898858e-05  1.54431493e-03  8.17898858e-05 -2.71973507e-09  8.17898858e-05  0.00000000e+00 
 8.18195272e-05  1.50004497e-03  8.18195272e-05 -2.72022879e-09  8.18195272e-05  0.00000000e+00 
 8.18491685e-05  1.45750085e-03  8.18491685e-05 -2.72450308e-09  8.18491685e-05  0.00000000e+00 
 8.18788098e-05  1.41577187e-03  8.18788098e-05 -2.72503578e-09  8.18788098e-05  0.00000000e+00 
 8.19084512e-05  1.37565529e-03  8.19084512e-05 -2.72899681e-09  8.19084512e-05  0.00000000e+00 
 8.19380925e-05  1.33632392e-03  8.19380925e-05 -2.72958481e-09  8.19380925e-05  0.00000000e+00 
 8.19677339e-05  1.29849385e-03  8.19677339e-05 -2.73323125e-09  8.19677339e-05  0.00000000e+00 
 8.19973752e-05  1.26142491e-03  8.19973752e-05 -2.73388959e-09  8.19973752e-05  0.00000000e+00 
 8.20270165e-05  1.22574843e-03  8.20270165e-05 -2.73722063e-09  8.20270165e-05  0.00000000e+00 
 8.20566579e-05  1.19081440e-03  8.20566579e-05 -2.73796310e-09  8.20566579e-05  0.00000000e+00 
 8.20862992e-05  1.15716627e-03  8.20862992e-05 -2.74097853e-09  8.20862992e-05  0.00000000e+00 
 8.21159405e-05  1.12424689e-03  8.21159405e-05 -2.74181760e-09  8.21159405e-05  0.00000000e+00 
 8.21455819e-05  1.09250907e-03  8.21455819e-05 -2.74451785e-09  8.21455819e-05  0.00000000e+00 
 8.21752232e-05  1.06149088e-03  8.21752232e-05 -2.74546470e-09  8.21752232e-05  0.00000000e+00 
 8.22048646e-05  1.03155220e-03  8.22048646e-05 -2.74785088e-09  8.22048646e-05  0.00000000e+00 
 8.22345059e-05  1.00232817e-03  8.22345059e-05 -2.74891536e-09  8.22345059e-05  0.00000000e+00 
 8.22641472e-05  9.74083869e-04  8.22641472e-05 -2.75098930e-09  8.22641472e-05  0.00000000e+00 
 8.22937886e-05  9.46553017e-04  8.22937886e-05 -2.75217994e-09  8.22937886e-05  0.00000000e+00 
 8.23234299e-05  9.19904434e-04  8.23234299e-05 -2.75394422e-09  8.23234299e-05  0.00000000e+00 
 8.23457994e-05  9.00259839e-04  8.23457994e-05 -2.75493020e-09  8.23457994e-05  0.00000000e+00 
 8.23567307e-05  8.90825108e-04  8.23567307e-05 -2.75536615e-09  8.23567307e-05  0.00000000e+00 
 8.23669649e-05  8.82125708e-04  8.23669649e-05 -2.75626887e-09  8.23669649e-05  0.00000000e+00 
 8.23752318e-05  8.75055011e-04  8.23752318e-05 -2.75590511e-09  8.23752318e-05  0.00000000e+00 
 8.23833023e-05  8.68403819e-04  8.23833023e-05 -2.75743174e-09  8.23833023e-05  0.00000000e+00 
 8.23914565e-05  8.61454490e-04  8.23914565e-05 -2.75630413e-09  8.23914565e-05  0.00000000e+00 
 8.23999522e-05  8.54641871e-04  8.23999522e-05 -2.75854987e-09  8.23999522e-05  0.00000000e+00 
 8.24096196e-05  8.46500172e-04  8.24096196e-05 -2.75686088e-09  8.24096196e-05  0.00000000e+00 
 8.24211904e-05  8.37392821e-04  8.24211904e-05 -2.75975354e-09  8.24211904e-05  0.00000000e+00 
 8.24361547e-05  8.25160003e-04  8.24361547e-05 -2.75790014e-09  8.24361547e-05  0.00000000e+00 
 8.24573439e-05  8.08824792e-04  8.24573439e-05 -2.76148789e-09  8.24573439e-05  0.00000000e+00 
 8.24869853e-05  7.85845225e-04  8.24869853e-05 -2.76005178e-09  8.24869853e-05  0.00000000e+00 
 8.25166266e-05  7.64131522e-04  8.25166266e-05 -2.76408837e-09  8.25166266e-05  0.00000000e+00 
 8.25462680e-05  7.42436732e-04  8.25462680e-05 -2.76246109e-09  8.25462680e-05  0.00000000e+00 
 8.25759093e-05  7.21996380e-04  8.25759093e-05 -2.76653728e-09  8.25759093e-05  0.00000000e+00 
 8.26055506e-05  7.01513464e-04  8.26055506e-05 -2.76473573e-09  8.26055506e-05  0.00000000e+00 
 8.26351920e-05  6.82272833e-04  8.26351920e-05 -2.76884439e-09  8.26351920e-05  0.00000000e+00 
 8.26648333e-05  6.62933220e-04  8.26648333e-05 -2.76688593e-09  8.26648333e-05  0.00000000e+00 
 8.26944746e-05  6.44822767e-04  8.26944746e-05 -2.77101698e-09  8.26944746e-05  0.00000000e+00 
 8.27241160e-05  6.26561943e-04  8.27241160e-05 -2.76891922e-09  8.27241160e-05  0.00000000e+00 
 8.27537573e-05  6.09515973e-04  8.27537573e-05 -2.77306197e-09  8.27537573e-05  0.00000000e+00 
 8.27833987e-05  5.92273249e-04  8.27833987e-05 -2.77084272e-09  8.27833987e-05  0.00000000e+00 
 8.28130400e-05  5.76229700e-04  8.28130400e-05 -2.77498594e-09  8.28130400e-05  0.00000000e+00 
 8.28426813e-05  5.59947984e-04  8.28426813e-05 -2.77266312e-09  8.28426813e-05  0.00000000e+00 
 8.28723227e-05  5.44848225e-04  8.28723227e-05 -2.77679510e-09  8.28723227e-05  0.00000000e+00 
 8.29019640e-05  5.29473813e-04  8.29019640e-05 -2.77438672e-09  8.29019640e-05  0.00000000e+00 
 8.29316053e-05  5.15262455e-04  8.29316053e-05 -2.77849539e-09  8.29316053e-05  0.00000000e+00 
 8.29612467e-05  5.00744831e-04  8.29612467e-05 -2.77601945e-09  8.29612467e-05  0.00000000e+00 
 8.29908880e-05  4.87369542e-04  8.29908880e-05 -2.78009243e-09  8.29908880e-05  0.00000000e+00 
 8.30205294e-05  4.73661188e-04  8.30205294e-05 -2.77756688e-09  8.30205294e-05  0.00000000e+00 
 8.30501707e-05  4.61072530e-04  8.30501707e-05 -2.78159157e-09  8.30501707e-05  0.00000000e+00 
 8.30798120e-05  4.48128749e-04  8.30798120e-05 -2.77903423e-09  8.30798120e-05  0.00000000e+00 
 8.31094534e-05  4.36280018e-04  8.31094534e-05 -2.78299790e-09  8.31094534e-05  0.00000000e+00 
 8.31390947e-05  4.24058762e-04  8.31390947e-05 -2.78042641e-09  8.31390947e-05  0.00000000e+00 
 8.31687360e-05  4.12905840e-04  8.31687360e-05 -2.78431626e-09  8.31687360e-05  0.00000000e+00 
 8.31983774e-05  4.01367554e-04  8.31983774e-05 -2.78174802e-09  8.31983774e-05  0.00000000e+00 
 8.32280187e-05  3.90868767e-04  8.32280187e-05 -2.78555126e-09  8.32280187e-05  0.00000000e+00 
 8.32576601e-05  3.79976235e-04  8.32576601e-05 -2.78300334e-09  8.32576601e-05  0.00000000e+00 
 8.32873014e-05  3.70092222e-04  8.32873014e-05 -2.78670731e-09  8.32873014e-05  0.00000000e+00 
 8.33169427e-05  3.59810428e-04  8.33169427e-05 -2.78419641e-09  8.33169427e-05  0.00000000e+00 
 8.33465841e-05  3.50504019e-04  8.33465841e-05 -2.78778858e-09  8.33465841e-05  0.00000000e+00 
 8.33762254e-05  3.40800009e-04  8.33762254e-05 -2.78533098e-09  8.33762254e-05  0.00000000e+00 
 8.34058667e-05  3.32036107e-04  8.34058667e-05 -2.78879908e-09  8.34058667e-05  0.00000000e+00 
 8.34355081e-05  3.22878862e-04  8.34355081e-05 -2.78641054e-09  8.34355081e-05  0.00000000e+00 
 8.34651494e-05  3.14624336e-04  8.34651494e-05 -2.78974263e-09  8.34651494e-05  0.00000000e+00 
 8.34947908e-05  3.05984653e-04  8.34947908e-05 -2.78743835e-09  8.34947908e-05  0.00000000e+00 
 8.35244321e-05  2.98208232e-04  8.35244321e-05 -2.79062288e-09  8.35244321e-05  0.00000000e+00 
 8.35540734e-05  2.90058611e-04  8.35540734e-05 -2.78841745e-09  8.35540734e-05  0.00000000e+00 
 8.35837148e-05  2.82730787e-04  8.35837148e-05 -2.79144331e-09  8.35837148e-05  0.00000000e+00 
 8.36133561e-05  2.75045322e-04  8.36133561e-05 -2.78935065e-09  8.36133561e-05  0.00000000e+00 
 8.36429975e-05  2.68138262e-04  8.36429975e-05 -2.79220726e-09  8.36429975e-05  0.00000000e+00 
 8.36726388e-05  2.60892542e-04  8.36726388e-05 -2.79024057e-09  8.36726388e-05  0.00000000e+00 
 8.37022801e-05  2.54380001e-04  8.37022801e-05 -2.79291792e-09  8.37022801e-05  0.00000000e+00 
 8.37319215e-05  2.47551011e-04  8.37319215e-05 -2.79108963e-09  8.37319215e-05  0.00000000e+00 
 8.37615628e-05  2.41408249e-04  8.37615628e-05 -2.79357835e-09  8.37615628e-05  0.00000000e+00 
 8.37912041e-05  2.34974284e-04  8.37912041e-05 -2.79190006e-09  8.37912041e-05  0.00000000e+00 
 8.38208455e-05  2.29177991e-04  8.38208455e-05 -2.79419149e-09  8.38208455e-05  0.00000000e+00 
 8.38504868e-05  2.23118570e-04  8.38504868e-05 -2.79267394e-09  8.38504868e-05  0.00000000e+00 
 8.38801282e-05  2.17646795e-04  8.38801282e-05 -2.79476014e-09  8.38801282e-05  0.00000000e+00 
 8.39097695e-05  2.11942580e-04  8.39097695e-05 -2.79341318e-09  8.39097695e-05  0.00000000e+00 
 8.39394108e-05  2.06774660e-04  8.39394108e-05 -2.79528700e-09  8.39394108e-05  0.00000000e+00 
 8.39690522e-05  2.01407382e-04  8.39690522e-05 -2.79411952e-09  8.39690522e-05  0.00000000e+00 
 8.39986935e-05  1.96523883e-04  8.39986935e-05 -2.79577465e-09  8.39986935e-05  0.00000000e+00 
 8.40283348e-05  1.91476271e-04  8.40283348e-05 -2.79479459e-09  8.40283348e-05  0.00000000e+00 
 8.40579762e-05  1.86858920e-04  8.40579762e-05 -2.79622558e-09  8.40579762e-05  0.00000000e+00 
 8.40876175e-05  1.82114635e-04  8.40876175e-05 -2.79543986e-09  8.40876175e-05  0.00000000e+00 
 8.41172589e-05  1.77746268e-04  8.41172589e-05 -2.79664217e-09  8.41172589e-05  0.00000000e+00 
 8.41469002e-05  1.73289840e-04  8.41469002e-05 -2.79605670e-09  8.41469002e-05  0.00000000e+00 
 8.41765415e-05  1.69154346e-04  8.41765415e-05 -2.79702671e-09  8.41765415e-05  0.00000000e+00 
 8.42061829e-05  1.64971117e-04  8.42061829e-05 -2.79664636e-09  8.42061829e-05  0.00000000e+00 
 8.42358242e-05  1.61053386e-04  8.42358242e-05 -2.79738141e-09  8.42358242e-05  0.00000000e+00 
 8.42654655e-05  1.57129453e-04  8.42654655e-05 -2.79720996e-09  8.42654655e-05  0.00000000e+00 
 8.42951069e-05  1.53415326e-04  8.42951069e-05 -2.79770835e-09  8.42951069e-05  0.00000000e+00 
 8.43206777e-05  1.50233099e-04  8.43206777e-05 -2.79772907e-09  8.43206777e-05  0.00000000e+00 
 8.43346838e-05  1.48548831e-04  8.43346838e-05 -2.79780292e-09  8.43346838e-05  0.00000000e+00 
 8.43443912e-05  1.47412011e-04  8.43443912e-05 -2.79818379e-09  8.43443912e-05  0.00000000e+00 
 8.43526176e-05  1.46374089e-04  8.43526176e-05 -2.79755578e-09  8.43526176e-05  0.00000000e+00 
 8.43605893e-05  1.45545412e-04  8.43605893e-05 -2.79869027e-09  8.43605893e-05  0.00000000e+00 
 8.43681145e-05  1.44516383e-04  8.43681145e-05 -2.79726204e-09  8.43681145e-05  0.00000000e+00 
 8.43760140e-05  1.43796326e-04  8.43760140e-05 -2.79916715e-09  8.43760140e-05  0.00000000e+00 
 8.43847002e-05  1.42569971e-04  8.43847002e-05 -2.79704781e-09  8.43847002e-05  0.00000000e+00 
 8.43948015e-05  1.41680945e-04  8.43948015e-05 -2.79954818e-09  8.43948015e-05  0.00000000e+00 
 8.44075803e-05  1.39963815e-04  8.44075803e-05 -2.79699931e-09  8.44075803e-05  0.00000000e+00 
 8.44250626e-05  1.38325010e-04  8.44250626e-05 -2.79987463e-09  8.44250626e-05  0.00000000e+00 
 8.44514841e-05  1.35156759e-04  8.44514841e-05 -2.79718504e-09  8.44514841e-05  0.00000000e+00 
 8.44811254e-05  1.32347840e-04  8.44811254e-05 -2.80028094e-09  8.44811254e-05  0.00000000e+00 
 8.45107667e-05  1.28996478e-04  8.45107667e-05 -2.79748764e-09  8.45107667e-05  0.00000000e+00 
 8.45404081e-05  1.26378402e-04  8.45404081e-05 -2.80067615e-09  8.45404081e-05  0.00000000e+00 
 8.45700494e-05  1.23189231e-04  8.45700494e-05 -2.79777379e-09  8.45700494e-05  0.00000000e+00 
 8.45996907e-05  1.20750259e-04  8.45996907e-05 -2.80104409e-09  8.45996907e-05  0.00000000e+00 
 8.46293321e-05  1.17714859e-04  8.46293321e-05 -2.79804792e-09  8.46293321e-05  0.00000000e+00 
 8.46589734e-05  1.15443808e-04  8.46589734e-05 -2.80138642e-09  8.46589734e-05  0.00000000e+00 
 8.46886148e-05  1.12554374e-04  8.46886148e-05 -2.79831132e-09  8.46886148e-05  0.00000000e+00 
 8.47182561e-05  1.10440569e-04  8.47182561e-05 -2.80170403e-09  8.47182561e-05  0.00000000e+00 
 8.47478974e-05  1.07689871e-04  8.47478974e-05 -2.79856519e-09  8.47478974e-05  0.00000000e+00 
 8.47775388e-05  1.05723125e-04  8.47775388e-05 -2.80199777e-09  8.47775388e-05  0.00000000e+00 
 8.48071801e-05  1.03104468e-04  8.48071801e-05 -2.79881060e-09  8.48071801e-05  0.00000000e+00 
 8.48368214e-05  1.01275056e-04  8.48368214e-05 -2.80226850e-09  8.48368214e-05  0.00000000e+00 
 8.48664628e-05  9.87822467e-05  8.48664628e-05 -2.79904857e-09  8.48664628e-05  0.00000000e+00 
 8.48961041e-05  9.70808875e-05  8.48961041e-05 -2.80251704e-09  8.48961041e-05  0.00000000e+00 
 8.49257455e-05  9.47081959e-05  8.49257455e-05 -2.79928001e-09  8.49257455e-05  0.00000000e+00 
 8.49553868e-05  9.31260339e-05  8.49553868e-05 -2.80274419e-09  8.49553868e-05  0.00000000e+00 
 8.49850281e-05  9.08681614e-05  8.49850281e-05 -2.79950575e-09  8.49850281e-05  0.00000000e+00 
 8.50146695e-05  8.93967472e-05  8.50146695e-05 -2.80295075e-09  8.50146695e-05  0.00000000e+00 
 8.50443108e-05  8.72487950e-05  8.50443108e-05 -2.79972654e-09  8.50443108e-05  0.00000000e+00 
 8.50739521e-05  8.58800706e-05  8.50739521e-05 -2.80313749e-09  8.50739521e-05  0.00000000e+00 
 8.51035935e-05  8.38375090e-05  8.51035935e-05 -2.79994304e-09  8.51035935e-05  0.00000000e+00 
 8.51332348e-05  8.25637932e-05  8.51332348e-05 -2.80330518e-09  8.51332348e-05  0.00000000e+00 
 8.51628762e-05  8.06224319e-05  8.51628762e-05 -2.80015585e-09  8.51628762e-05  0.00000000e+00 
 8.51925175e-05  7.94364069e-05  8.51925175e-05 -2.80345460e-09  8.51925175e-05  0.00000000e+00 
 8.52221588e-05  7.75923676e-05  8.52221588e-05 -2.80036546e-09  8.52221588e-05  0.00000000e+00 
 8.52518002e-05  7.64870668e-05  8.52518002e-05 -2.80358651e-09  8.52518002e-05  0.00000000e+00 
 8.52814415e-05  7.47367566e-05  8.52814415e-05 -2.80057234e-09  8.52814415e-05  0.00000000e+00 
 8.53110828e-05  7.37055534e-05  8.53110828e-05 -2.80370165e-09  8.53110828e-05  0.00000000e+00 
 8.53407242e-05  7.20456390e-05  8.53407242e-05 -2.80077684e-09  8.53407242e-05  0.00000000e+00 
 8.53703655e-05  7.10822364e-05  8.53703655e-05 -2.80380079e-09  8.53703655e-05  0.00000000e+00 
 8.54000069e-05  6.95096204e-05  8.54000069e-05 -2.80097929e-09  8.54000069e-05  0.00000000e+00 
 8.54296482e-05  6.86080418e-05  8.54296482e-05 -2.80388469e-09  8.54296482e-05  0.00000000e+00 
 8.54592895e-05  6.71198392e-05  8.54592895e-05 -2.80117992e-09  8.54592895e-05  0.00000000e+00 
 8.54889309e-05  6.62744196e-05  8.54889309e-05 -2.80395409e-09  8.54889309e-05  0.00000000e+00 
 8.55185722e-05  6.48679364e-05  8.55185722e-05 -2.80137893e-09  8.55185722e-05  0.00000000e+00 
 8.55482135e-05  6.40733141e-05  8.55482135e-05 -2.80400975e-09  8.55482135e-05  0.00000000e+00 
 8.55778549e-05  6.27460263e-05  8.55778549e-05 -2.80157644e-09  8.55778549e-05  0.00000000e+00 
 8.56074962e-05  6.19971354e-05  8.56074962e-05 -2.80405243e-09  8.56074962e-05  0.00000000e+00 
 8.56371376e-05  6.07466694e-05  8.56371376e-05 -2.80177252e-09  8.56371376e-05  0.00000000e+00 
 8.56667789e-05  6.00387330e-05  8.56667789e-05 -2.80408289e-09  8.56667789e-05  0.00000000e+00 
 8.56964202e-05  5.88628473e-05  8.56964202e-05 -2.80196722e-09  8.56964202e-05  0.00000000e+00 
 8.57260616e-05  5.81913707e-05  8.57260616e-05 -2.80410188e-09  8.57260616e-05  0.00000000e+00 
 8.57557029e-05  5.70879382e-05  8.57557029e-05 -2.80216051e-09  8.57557029e-05  0.00000000e+00 
 8.57853442e-05  5.64487024e-05  8.57853442e-05 -2.80411016e-09  8.57853442e-05  0.00000000e+00 
 8.58149856e-05  5.54156944e-05  8.58149856e-05 -2.80235232e-09  8.58149856e-05  0.00000000e+00 
 8.58446269e-05  5.48047503e-05  8.58446269e-05 -2.80410850e-09  8.58446269e-05  0.00000000e+00 
 8.58742683e-05  5.38402207e-05  8.58742683e-05 -2.80254255e-09  8.58742683e-05  0.00000000e+00 
 8.59039096e-05  5.32538834e-05  8.59039096e-05 -2.80409765e-09  8.59039096e-05  0.00000000e+00 
 8.59335509e-05  5.23559548e-05  8.59335509e-05 -2.80273105e-09  8.59335509e-05  0.00000000e+00 
 8.59631923e-05  5.17907976e-05  8.59631923e-05 -2.80407837e-09  8.59631923e-05  0.00000000e+00 
 8.59928336e-05  5.09576479e-05  8.59928336e-05 -2.80291766e-09  8.59928336e-05  0.00000000e+00 
 8.60224750e-05  5.04104969e-05  8.60224750e-05 -2.80405142e-09  8.60224750e-05  0.00000000e+00 
 8.60521163e-05  4.96403469e-05  8.60521163e-05 -2.80310215e-09  8.60521163e-05  0.00000000e+00 
 8.60817576e-05  4.91082758e-05  8.60817576e-05 -2.80401755e-09  8.60817576e-05  0.00000000e+00 
 8.61113990e-05  4.83993781e-05  8.61113990e-05 -2.80328431e-09  8.61113990e-05  0.00000000e+00 
 8.61410403e-05  4.78797022e-05  8.61410403e-05 -2.80397752e-09  8.61410403e-05  0.00000000e+00 
 8.61706816e-05  4.72303308e-05  8.61706816e-05 -2.80346388e-09  8.61706816e-05  0.00000000e+00 
 8.62003230e-05  4.67206020e-05  8.62003230e-05 -2.80393206e-09  8.62003230e-05  0.00000000e+00 
 8.62299643e-05  4.61290427e-05  8.62299643e-05 -2.80364057e-09  8.62299643e-05  0.00000000e+00 
 8.62556784e-05  4.56957801e-05  8.62556784e-05 -2.80386930e-09  8.62556784e-05  0.00000000e+00 
 8.62700045e-05  4.54331760e-05  8.62700045e-05 -2.80386382e-09  8.62700045e-05  0.00000000e+00 
 8.62797117e-05  4.52419820e-05  8.62797117e-05 -2.80360524e-09  8.62797117e-05  0.00000000e+00 
 8.62879661e-05  4.51619899e-05  8.62879661e-05 -2.80425192e-09  8.62879661e-05  0.00000000e+00 
 8.62959662e-05  4.49183400e-05  8.62959662e-05 -2.80322429e-09  8.62959662e-05  0.00000000e+00 
 8.63034793e-05  4.49411694e-05  8.63034793e-05 -2.80466479e-09  8.63034793e-05  0.00000000e+00 
 8.63113731e-05  4.46152647e-05  8.63113731e-05 -2.80286088e-09  8.63113731e-05  0.00000000e+00 
 8.63200326e-05  4.46991413e-05  8.63200326e-05 -2.80500328e-09  8.63200326e-05  0.00000000e+00 
 8.63300815e-05  4.42740717e-05  8.63300815e-05 -2.80261461e-09  8.63300815e-05  0.00000000e+00 
 8.63427732e-05  4.43464176e-05  8.63427732e-05 -2.80521907e-09  8.63427732e-05  0.00000000e+00 
 8.63600876e-05  4.37704746e-05  8.63600876e-05 -2.80250324e-09  8.63600876e-05  0.00000000e+00 
 8.63861814e-05  4.36639058e-05  8.63861814e-05 -2.80534466e-09  8.63861814e-05  0.00000000e+00 
 8.64158228e-05  4.28945813e-05  8.64158228e-05 -2.80249193e-09  8.64158228e-05  0.00000000e+00 
 8.64454641e-05  4.27712841e-05  8.64454641e-05 -2.80545340e-09  8.64454641e-05  0.00000000e+00 
 8.64751055e-05  4.20159630e-05  8.64751055e-05 -2.80249167e-09  8.64751055e-05  0.00000000e+00 
 8.65047468e-05  4.19293892e-05  8.65047468e-05 -2.80554935e-09  8.65047468e-05  0.00000000e+00 
 8.65343881e-05  4.11880528e-05  8.65343881e-05 -2.80249471e-09  8.65343881e-05  0.00000000e+00 
 8.65640295e-05  4.11352342e-05  8.65640295e-05 -2.80563550e-09  8.65640295e-05  0.00000000e+00 
 8.65936708e-05  4.04080127e-05  8.65936708e-05 -2.80250222e-09  8.65936708e-05  0.00000000e+00 
 8.66233121e-05  4.03860212e-05  8.66233121e-05 -2.80571184e-09  8.66233121e-05  0.00000000e+00 
 8.66529535e-05  3.96731673e-05  8.66529535e-05 -2.80251454e-09  8.66529535e-05  0.00000000e+00 
 8.66825948e-05  3.96791152e-05  8.66825948e-05 -2.80577838e-09  8.66825948e-05  0.00000000e+00 
 8.67122362e-05  3.89809920e-05  8.67122362e-05 -2.80253194e-09  8.67122362e-05  0.00000000e+00 
 8.67418775e-05  3.90120347e-05  8.67418775e-05 -2.80583512e-09  8.67418775e-05  0.00000000e+00 
 8.67715188e-05  3.83291038e-05  8.67715188e-05 -2.80255466e-09  8.67715188e-05  0.00000000e+00 
 8.68011602e-05  3.83824431e-05  8.68011602e-05 -2.80588215e-09  8.68011602e-05  0.00000000e+00 
 8.68308015e-05  3.77152533e-05  8.68308015e-05 -2.80258292e-09  8.68308015e-05  0.00000000e+00 
 8.68604428e-05  3.77881409e-05  8.68604428e-05 -2.80591952e-09  8.68604428e-05  0.00000000e+00 
 8.68900842e-05  3.71373165e-05  8.68900842e-05 -2.80261687e-09  8.68900842e-05  0.00000000e+00 
 8.69197255e-05  3.72270580e-05  8.69197255e-05 -2.80594735e-09  8.69197255e-05  0.00000000e+00 
 8.69493669e-05  3.65932875e-05  8.69493669e-05 -2.80265662e-09  8.69493669e-05  0.00000000e+00 
 8.69790082e-05  3.66972463e-05  8.69790082e-05 -2.80596578e-09  8.69790082e-05  0.00000000e+00 
 8.70086495e-05  3.60812714e-05  8.70086495e-05 -2.80270224e-09  8.70086495e-05  0.00000000e+00 
 8.70382909e-05  3.61968734e-05  8.70382909e-05 -2.80597496e-09  8.70382909e-05  0.00000000e+00 
 8.70679322e-05  3.55994778e-05  8.70679322e-05 -2.80275377e-09  8.70679322e-05  0.00000000e+00 
 8.70975735e-05  3.57242155e-05  8.70975735e-05 -2.80597508e-09  8.70975735e-05  0.00000000e+00 
 8.71272149e-05  3.51462146e-05  8.71272149e-05 -2.80281118e-09  8.71272149e-05  0.00000000e+00 
 8.71568562e-05  3.52776520e-05  8.71568562e-05 -2.80596635e-09  8.71568562e-05  0.00000000e+00 
 8.71864976e-05  3.47198822e-05  8.71864976e-05 -2.80287443e-09  8.71864976e-05  0.00000000e+00 
 8.72161389e-05  3.48556593e-05  8.72161389e-05 -2.80594903e-09  8.72161389e-05  0.00000000e+00 
 8.72457802e-05  3.43189679e-05  8.72457802e-05 -2.80294341e-09  8.72457802e-05  0.00000000e+00 
 8.72754216e-05  3.44568055e-05  8.72754216e-05 -2.80592337e-09  8.72754216e-05  0.00000000e+00 
 8.73050629e-05  3.39420411e-05  8.73050629e-05 -2.80301801e-09  8.73050629e-05  0.00000000e+00 
 8.73347042e-05  3.40797453e-05  8.73347042e-05 -2.80588967e-09  8.73347042e-05  0.00000000e+00 
 8.73643456e-05  3.35877482e-05  8.73643456e-05 -2.80309805e-09  8.73643456e-05  0.00000000e+00 
 8.73939869e-05  3.37232151e-05  8.73939869e-05 -2.80584826e-09  8.73939869e-05  0.00000000e+00 
 8.74236283e-05  3.32548081e-05  8.74236283e-05 -2.80318332e-09  8.74236283e-05  0.00000000e+00 
 8.74532696e-05  3.33860285e-05  8.74532696e-05 -2.80579947e-09  8.74532696e-05  0.00000000e+00 
 8.74829109e-05  3.29420081e-05  8.74829109e-05 -2.80327358e-09  8.74829109e-05  0.00000000e+00 
 8.75125523e-05  3.30670716e-05  8.75125523e-05 -2.80574369e-09  8.75125523e-05  0.00000000e+00 
 8.75421936e-05  3.26481999e-05  8.75421936e-05 -2.80336857e-09  8.75421936e-05  0.00000000e+00 
 8.75718349e-05  3.27652994e-05  8.75718349e-05 -2.80568131e-09  8.75718349e-05  0.00000000e+00 
 8.76014763e-05  3.23722959e-05  8.76014763e-05 -2.80346799e-09  8.76014763e-05  0.00000000e+00 
 8.76311176e-05  3.24797311e-05  8.76311176e-05 -2.80561273e-09  8.76311176e-05  0.00000000e+00 
 8.76607590e-05  3.21132657e-05  8.76607590e-05 -2.80357150e-09  8.76607590e-05  0.00000000e+00 
 8.76904003e-05  3.22094474e-05  8.76904003e-05 -2.80553839e-09  8.76904003e-05  0.00000000e+00 
 8.77200416e-05  3.18701327e-05  8.77200416e-05 -2.80367874e-09  8.77200416e-05  0.00000000e+00 
 8.77496830e-05  3.19535859e-05  8.77496830e-05 -2.80545876e-09  8.77496830e-05  0.00000000e+00 
 8.77793243e-05  3.16419715e-05  8.77793243e-05 -2.80378934e-09  8.77793243e-05  0.00000000e+00 
 8.78089657e-05  3.17113387e-05  8.78089657e-05 -2.80537429e-09  8.78089657e-05  0.00000000e+00 
 8.78386070e-05  3.14279046e-05  8.78386070e-05 -2.80390290e-09  8.78386070e-05  0.00000000e+00 
 8.78682483e-05  3.14819485e-05  8.78682483e-05 -2.80528549e-09  8.78682483e-05  0.00000000e+00 
 8.78978897e-05  3.12270999e-05  8.78978897e-05 -2.80401899e-09  8.78978897e-05  0.00000000e+00 
 8.79275310e-05  3.12647062e-05  8.79275310e-05 -2.80519284e-09  8.79275310e-05  0.00000000e+00 
 8.79571723e-05  3.10387683e-05  8.79571723e-05 -2.80413717e-09  8.79571723e-05  0.00000000e+00 
 8.79868137e-05  3.10589473e-05  8.79868137e-05 -2.80509687e-09  8.79868137e-05  0.00000000e+00 
 8.80164550e-05  3.08621612e-05  8.80164550e-05 -2.80425700e-09  8.80164550e-05  0.00000000e+00 
 8.80460964e-05  3.08640501e-05  8.80460964e-05 -2.80499810e-09  8.80460964e-05  0.00000000e+00 
 8.80757377e-05  3.06965688e-05  8.80757377e-05 -2.80437801e-09  8.80757377e-05  0.00000000e+00 
 8.81053790e-05  3.06794323e-05  8.81053790e-05 -2.80489707e-09  8.81053790e-05  0.00000000e+00 
 8.81350204e-05  3.05413173e-05  8.81350204e-05 -2.80449971e-09  8.81350204e-05  0.00000000e+00 
 8.81646617e-05  3.05045490e-05  8.81646617e-05 -2.80479431e-09  8.81646617e-05  0.00000000e+00 
 8.81905021e-05  3.04065242e-05  8.81905021e-05 -2.80462938e-09  8.81905021e-05  0.00000000e+00 
 8.82051121e-05  3.03793309e-05  8.82051121e-05 -2.80462123e-09  8.82051121e-05  0.00000000e+00 
 8.82148092e-05  3.03756568e-05  8.82148092e-05 -2.80491955e-09  8.82148092e-05  0.00000000e+00 
 8.82230838e-05  3.02930373e-05  8.82230838e-05 -2.80425369e-09  8.82230838e-05  0.00000000e+00 
 8.82311039e-05  3.03784507e-05  8.82311039e-05 -2.80531770e-09  8.82311039e-05  0.00000000e+00 
 8.82386015e-05  3.02101475e-05  8.82386015e-05 -2.80385631e-09  8.82386015e-05  0.00000000e+00 
 8.82464859e-05  3.03824987e-05  8.82464859e-05 -2.80569700e-09  8.82464859e-05  0.00000000e+00 
 8.82551173e-05  3.01331983e-05  8.82551173e-05 -2.80353111e-09  8.82551173e-05  0.00000000e+00 
 8.82651159e-05  3.03667829e-05  8.82651159e-05 -2.80596118e-09  8.82651159e-05  0.00000000e+00 
 8.82777271e-05  3.00563534e-05  8.82777271e-05 -2.80333348e-09  8.82777271e-05  0.00000000e+00 
 8.82948918e-05  3.03116865e-05  8.82948918e-05 -2.80610056e-09  8.82948918e-05  0.00000000e+00 
 8.83207014e-05  2.99459465e-05  8.83207014e-05 -2.80324679e-09  8.83207014e-05  0.00000000e+00 
 8.83503427e-05  3.01925054e-05  8.83503427e-05 -2.80617034e-09  8.83503427e-05  0.00000000e+00 
 8.83799841e-05  2.98083677e-05  8.83799841e-05 -2.80320248e-09  8.83799841e-05  0.00000000e+00 
 8.84096254e-05  3.00708734e-05  8.84096254e-05 -2.80622909e-09  8.84096254e-05  0.00000000e+00 
 8.84392668e-05  2.96790569e-05  8.84392668e-05 -2.80316167e-09  8.84392668e-05  0.00000000e+00 
 8.84689081e-05  2.99557864e-05  8.84689081e-05 -2.80627965e-09  8.84689081e-05  0.00000000e+00 
 8.84985494e-05  2.95575919e-05  8.84985494e-05 -2.80312754e-09  8.84985494e-05  0.00000000e+00 
 8.85281908e-05  2.98468011e-05  8.85281908e-05 -2.80632271e-09  8.85281908e-05  0.00000000e+00 
 8.85578321e-05  2.94435895e-05  8.85578321e-05 -2.80310030e-09  8.85578321e-05  0.00000000e+00 
 8.85874734e-05  2.97435047e-05  8.85874734e-05 -2.80635814e-09  8.85874734e-05  0.00000000e+00 
 8.86171148e-05  2.93366864e-05  8.86171148e-05 -2.80308013e-09  8.86171148e-05  0.00000000e+00 
 8.86467561e-05  2.96455103e-05  8.86467561e-05 -2.80638583e-09  8.86467561e-05  0.00000000e+00 
 8.86763975e-05  2.92365371e-05  8.86763975e-05 -2.80306718e-09  8.86763975e-05  0.00000000e+00 
 8.87060388e-05  2.95524562e-05  8.87060388e-05 -2.80640571e-09  8.87060388e-05  0.00000000e+00 
 8.87356801e-05  2.91428135e-05  8.87356801e-05 -2.80306155e-09  8.87356801e-05  0.00000000e+00 
 8.87653215e-05  2.94640045e-05  8.87653215e-05 -2.80641773e-09  8.87653215e-05  0.00000000e+00 
 8.87949628e-05  2.90552027e-05  8.87949628e-05 -2.80306332e-09  8.87949628e-05  0.00000000e+00 
 8.88246042e-05  2.93798398e-05  8.88246042e-05 -2.80642188e-09  8.88246042e-05  0.00000000e+00 
 8.88542455e-05  2.89734067e-05  8.88542455e-05 -2.80307251e-09  8.88542455e-05  0.00000000e+00 
 8.88838868e-05  2.92996686e-05  8.88838868e-05 -2.80641818e-09  8.88838868e-05  0.00000000e+00 
 8.89039500e-05  2.89096828e-05  8.89039500e-05 -2.80309479e-09  8.89039500e-05  0.00000000e+00 
 8.89240132e-05  2.92460016e-05  8.89240132e-05 -2.80639509e-09  8.89240132e-05  0.00000000e+00 
 8.89243041e-05  3.15366099e-05  8.89243041e-05  4.23433597e-07  8.89243041e-05  4.90732615e-03 
 8.89248860e-05  4.01891641e-05  8.89248860e-05  4.23045570e-07  8.89248860e-05  1.47219785e-02 
 8.89253320e-05  4.96671143e-05  8.89253320e-05  4.22606779e-07  8.89253320e-05  2.22453994e-02 
 8.89258167e-05  5.65829328e-05  8.89258167e-05  4.22173304e-07  8.89258167e-05  3.04217947e-02 
 8.89260487e-05  5.81208189e-05  8.89260487e-05  4.21925578e-07  8.89260487e-05  3.43358619e-02 
 8.89263170e-05  6.02030043e-05  8.89263170e-05  4.21683596e-07  8.89263170e-05  3.88612647e-02 
 8.89266108e-05  6.45634436e-05  8.89266108e-05  4.21298230e-07  8.89266108e-05  4.38173358e-02 
 8.89269111e-05  7.10745909e-05  8.89269111e-05  4.20894572e-07  8.89269111e-05  4.88831221e-02 
 8.89272385e-05  7.79002130e-05  8.89272385e-05  4.20350195e-07  8.89272385e-05  5.44050827e-02 
 8.89275115e-05  8.15914902e-05  8.89275115e-05  4.19956597e-07  8.89275115e-05  5.90109703e-02 
 8.89277160e-05  8.31079939e-05  8.89277160e-05  4.19618196e-07  8.89277160e-05  6.24599258e-02 
 8.89279574e-05  8.47551207e-05  8.89279574e-05  4.19268320e-07  8.89279574e-05  6.65326559e-02 
 8.89282153e-05  8.78380338e-05  8.89282153e-05  4.18773792e-07  8.89282153e-05  7.08826463e-02 
 8.89284845e-05  9.30854758e-05  8.89284845e-05  4.18227670e-07  8.89284845e-05  7.54235275e-02 
 8.89288185e-05  1.00598525e-04  8.89288185e-05  4.17386589e-07  8.89288185e-05  8.10566082e-02 
 8.89291641e-05  1.06443563e-04  8.89291641e-05  4.16554759e-07  8.89291641e-05  8.68867220e-02 
 8.89294175e-05  1.08733105e-04  8.89294175e-05  4.15912172e-07  8.89294175e-05  9.11617558e-02 
 8.89296378e-05  1.10184542e-04  8.89296378e-05  4.15399986e-07  8.89296378e-05  9.48778997e-02 
 8.89298598e-05  1.12409017e-04  8.89298598e-05  4.14765624e-07  8.89298598e-05  9.86229720e-02 
 8.89301243e-05  1.16951844e-04  8.89301243e-05  4.13951453e-07  8.89301243e-05  1.03083852e-01 
 8.89304551e-05  1.24409713e-04  8.89304551e-05  4.12692049e-07  8.89304551e-05  1.08664245e-01 
 8.89307730e-05  1.30739818e-04  8.89307730e-05  4.11466260e-07  8.89307730e-05  1.14026439e-01 
 8.89310337e-05  1.33904933e-04  8.89310337e-05  4.10431742e-07  8.89310337e-05  1.18424009e-01 
 8.89312194e-05  1.35221458e-04  8.89312194e-05  4.09759914e-07  8.89312194e-05  1.21556265e-01 
 8.89314586e-05  1.37046391e-04  8.89314586e-05  4.08774841e-07  8.89314586e-05  1.25591469e-01 
 8.89317868e-05  1.41740662e-04  8.89317868e-05  4.07265646e-07  8.89317868e-05  1.31127540e-01 
 8.89321288e-05  1.49224788e-04  8.89321288e-05  4.05301274e-07  8.89321288e-05  1.36896856e-01 
 8.89324527e-05  1.56171981e-04  8.89324527e-05  4.03326469e-07  8.89324527e-05  1.42359819e-01 
 8.89327450e-05  1.60241535e-04  8.89327450e-05  4.01511785e-07  8.89327450e-05  1.47289889e-01 
 8.89329497e-05  1.61839944e-04  8.89329497e-05  4.00322944e-07  8.89329497e-05  1.50744329e-01 
 8.89332003e-05  1.63767912e-04  8.89332003e-05  3.98728095e-07  8.89332003e-05  1.54971327e-01 
 8.89334841e-05  1.67623544e-04  8.89334841e-05  3.96710706e-07  8.89334841e-05  1.59758330e-01 
 8.89337743e-05  1.73775165e-04  8.89337743e-05  3.94191606e-07  8.89337743e-05  1.64652747e-01 
 8.89341109e-05  1.81416938e-04  8.89341109e-05  3.91006269e-07  8.89341109e-05  1.70330481e-01 
 8.89345067e-05  1.87494273e-04  8.89345067e-05  3.87171937e-07  8.89345067e-05  1.77007361e-01 
 8.89347301e-05  1.89296219e-04  8.89347301e-05  3.85106923e-07  8.89347301e-05  1.80776499e-01 
 8.89350035e-05  1.91582461e-04  8.89350035e-05  3.82361445e-07  8.89350035e-05  1.85387958e-01 
 8.89352874e-05  1.95785337e-04  8.89352874e-05  3.79102998e-07  8.89352874e-05  1.90176140e-01 
 8.89355789e-05  2.02224482e-04  8.89355789e-05  3.75077738e-07  8.89355789e-05  1.95093035e-01 
 8.89359173e-05  2.09863283e-04  8.89359173e-05  3.70005471e-07  8.89359173e-05  2.00802391e-01 
 8.89362647e-05  2.15112582e-04  8.89362647e-05  3.64755609e-07  8.89362647e-05  2.06661359e-01 
 8.89364785e-05  2.16898347e-04  8.89364785e-05  3.61654254e-07  8.89364785e-05  2.10268195e-01 
 8.89367478e-05  2.19197369e-04  8.89367478e-05  3.57461102e-07  8.89367478e-05  2.14811784e-01 
 8.89370376e-05  2.23510562e-04  8.89370376e-05  3.52276204e-07  8.89370376e-05  2.19699752e-01 
 8.89373332e-05  2.30107418e-04  8.89373332e-05  3.45937472e-07  8.89373332e-05  2.24686139e-01 
 8.89376743e-05  2.37926697e-04  8.89376743e-05  3.37946326e-07  8.89376743e-05  2.30440501e-01 
 8.89380314e-05  2.43436130e-04  8.89380314e-05  3.29545669e-07  8.89380314e-05  2.36462833e-01 
 8.89382451e-05  2.45292463e-04  8.89382451e-05  3.24689393e-07  8.89382451e-05  2.40068011e-01 
 8.89385212e-05  2.47811510e-04  8.89385212e-05  3.17972097e-07  8.89385212e-05  2.44725808e-01 
 8.89388240e-05  2.52604216e-04  8.89388240e-05  3.09407722e-07  8.89388240e-05  2.49833051e-01 
 8.89391298e-05  2.59687196e-04  8.89391298e-05  2.99072426e-07  8.89391298e-05  2.54991744e-01 
 8.89394740e-05  2.67597389e-04  8.89394740e-05  2.86433138e-07  8.89394740e-05  2.60797687e-01 
 8.89397914e-05  2.72509346e-04  8.89397914e-05  2.74836771e-07  8.89397914e-05  2.66150862e-01 
 8.89399982e-05  2.74426318e-04  8.89399982e-05  2.67513140e-07  8.89399982e-05  2.69640864e-01 
 8.89402750e-05  2.77114988e-04  8.89402750e-05  2.57076669e-07  8.89402750e-05  2.74308516e-01 
 8.89405945e-05  2.82415503e-04  8.89405945e-05  2.42972520e-07  8.89405945e-05  2.79698610e-01 
 8.89409122e-05  2.90037442e-04  8.89409122e-05  2.26200188e-07  8.89409122e-05  2.85057087e-01 
 8.89412616e-05  2.98207901e-04  8.89412616e-05  2.06199473e-07  8.89412616e-05  2.90951562e-01 
 8.89415642e-05  3.03000817e-04  8.89415642e-05  1.89063632e-07  8.89415642e-05  2.96056410e-01 
 8.89417751e-05  3.05119363e-04  8.89417751e-05  1.77440821e-07  8.89417751e-05  2.99613714e-01 
 8.89420538e-05  3.08159138e-04  8.89420538e-05  1.61023312e-07  8.89420538e-05  3.04314875e-01 
 8.89424170e-05  3.14883302e-04  8.89424170e-05  1.35572570e-07  8.89424170e-05  3.10441195e-01 
 8.89427854e-05  3.24272659e-04  8.89427854e-05  1.04569908e-07  8.89427854e-05  3.16655576e-01 
 8.89431348e-05  3.32281006e-04  8.89431348e-05  7.32867734e-08  8.89431348e-05  3.22549414e-01 
 8.89434063e-05  3.36399046e-04  8.89434063e-05  4.95805908e-08  8.89434063e-05  3.27129446e-01 
 8.89436435e-05  3.39032512e-04  8.89436435e-05  2.90104378e-08  8.89436435e-05  3.31130707e-01 
 8.89439091e-05  3.42693087e-04  8.89439091e-05  3.77588009e-09  8.89439091e-05  3.35610587e-01 
 8.89442056e-05  3.49066907e-04  8.89442056e-05 -2.94432715e-08  8.89442056e-05  3.40611854e-01 
 8.89445455e-05  3.58383866e-04  8.89445455e-05 -7.39467701e-08  8.89445455e-05  3.46345825e-01 
 8.89449032e-05  3.67184210e-04  8.89449032e-05 -1.23374716e-07  8.89449032e-05  3.52379564e-01 
 8.89451719e-05  3.71761744e-04  8.89451719e-05 -1.59568504e-07  8.89451719e-05  3.56912117e-01 
 8.89454331e-05  3.75270594e-04  8.89454331e-05 -1.94757755e-07  8.89454331e-05  3.61318153e-01 
 8.89457123e-05  3.79989110e-04  8.89457123e-05 -2.36478179e-07  8.89457123e-05  3.66027671e-01 
 8.89460197e-05  3.87696175e-04  8.89460197e-05 -2.91019293e-07  8.89460197e-05  3.71213159e-01 
 8.89464206e-05  3.99664806e-04  8.89464206e-05 -3.73442720e-07  8.89464206e-05  3.77975587e-01 
 8.89467873e-05  4.08979692e-04  8.89467873e-05 -4.51559567e-07  8.89467873e-05  3.84160919e-01 
 8.89470485e-05  4.13779113e-04  8.89470485e-05 -5.05651320e-07  8.89470485e-05  3.88566513e-01 
 8.89474362e-05  4.21020830e-04  8.89474362e-05 -5.91173088e-07  8.89474362e-05  3.95106878e-01 
 8.89477958e-05  4.30675492e-04  8.89477958e-05 -6.86649172e-07  8.89477958e-05  4.01173196e-01 
 8.89481554e-05  4.42874863e-04  8.89481554e-05 -7.99726971e-07  8.89481554e-05  4.07238525e-01 
 8.89485732e-05  4.55920155e-04  8.89485732e-05 -9.38528572e-07  8.89485732e-05  4.14286738e-01 
 8.89488649e-05  4.62997972e-04  8.89488649e-05 -1.03312026e-06  8.89488649e-05  4.19206597e-01 
 8.89492530e-05  4.72353671e-04  8.89492530e-05 -1.16613212e-06  8.89492530e-05  4.25753418e-01 
 8.89496390e-05  4.84927417e-04  8.89496390e-05 -1.32503256e-06  8.89496390e-05  4.32264779e-01 
 8.89500315e-05  5.00738695e-04  8.89500315e-05 -1.51771863e-06  8.89500315e-05  4.38884998e-01 
 8.89504874e-05  5.18011689e-04  8.89504874e-05 -1.75382636e-06  8.89504874e-05  4.46575958e-01 
 8.89508435e-05  5.29439227e-04  8.89508435e-05 -1.93600780e-06  8.89508435e-05  4.52582170e-01 
 8.89513169e-05  5.46445197e-04  8.89513169e-05 -2.20690715e-06  8.89513169e-05  4.60566959e-01 
 8.89518359e-05  5.71013994e-04  8.89518359e-05 -2.57959228e-06  8.89518359e-05  4.69322989e-01 
 8.89523855e-05  5.99055362e-04  8.89523855e-05 -3.03008076e-06  8.89523855e-05  4.78593869e-01 
 8.89529445e-05  6.25675745e-04  8.89529445e-05 -3.49892092e-06  8.89529445e-05  4.88021861e-01 
 8.89535502e-05  6.58863632e-04  8.89535502e-05 -4.09252767e-06  8.89535502e-05  4.98240450e-01 
 8.89542122e-05  7.04348546e-04  8.89542122e-05 -4.91868133e-06  8.89542122e-05  5.09405806e-01 
 8.89549162e-05  7.55783161e-04  8.89549162e-05 -5.89718875e-06  8.89549162e-05  5.21281311e-01 
 8.89557063e-05  8.19349253e-04  8.89557063e-05 -7.13273004e-06  8.89557063e-05  5.34609025e-01 
 8.89565041e-05  9.00066480e-04  8.89565041e-05 -8.76531687e-06  8.89565041e-05  5.48066826e-01 
 8.89580140e-05  1.09030081e-03  8.89580140e-05 -1.26889052e-05  8.89580140e-05  5.73537417e-01 
 8.89595048e-05  1.34393363e-03  8.89595048e-05 -1.79947701e-05  8.89595048e-05  5.98683235e-01 
 8.89612592e-05  1.77573288e-03  8.89612592e-05 -2.73903097e-05  8.89612592e-05  6.28277450e-01 
 8.89646866e-05  3.30304298e-03  8.89646866e-05 -5.88023640e-05  8.89646866e-05  6.86092966e-01 
 8.89691577e-05  7.97700494e-03  8.89691577e-05 -1.48358793e-04  8.89691577e-05  7.61511976e-01 
 8.89753739e-05  2.48869721e-02  8.89753739e-05 -3.98084439e-04  8.89753739e-05  8.66369992e-01 
 8.89830394e-05  7.07394561e-02  8.89830394e-05 -8.10452860e-04  8.89830394e-05  9.95673736e-01 
 8.89927634e-05  1.63910992e-01  8.89927634e-05 -1.13599087e-03  8.89927634e-05  1.15970173e+00 
 8.90030914e-05  2.81785823e-01  8.90030914e-05 -1.20006482e-03  8.90030914e-05  1.33391749e+00 
 8.90161261e-05  4.34223204e-01  8.90161261e-05 -1.21917703e-03  8.90161261e-05  1.55379154e+00 
 8.90311936e-05  6.12343251e-01  8.90311936e-05 -1.25785115e-03  8.90311936e-05  1.80795416e+00 
 8.90608349e-05  9.68689262e-01  8.90608349e-05 -1.31209163e-03  8.90608349e-05  2.30795416e+00 
 8.90904763e-05  1.32976652e+00  8.90904763e-05 -1.36082761e-03  8.90904763e-05  2.80795416e+00 
 8.91201176e-05  1.69275091e+00  8.91201176e-05 -1.39679289e-03  8.91201176e-05  3.30795416e+00 
 8.91497589e-05  2.05460972e+00  8.91497589e-05 -1.42517427e-03  8.91497589e-05  3.80795416e+00 
 8.91794003e-05  2.41281387e+00  8.91794003e-05 -1.44361857e-03  8.91794003e-05  4.30795416e+00 
 8.91999134e-05  2.65725691e+00  8.91999134e-05 -1.45135536e-03  8.91999134e-05  4.65397708e+00 
 8.92204266e-05  2.89808454e+00  8.92204266e-05 -1.45653624e-03  8.92204266e-05  5.00000000e+00 
 8.92233907e-05  2.92818338e+00  8.92233907e-05 -1.31195003e-03  8.92233907e-05  5.00000000e+00 
 8.92293190e-05  2.97985922e+00  8.92293190e-05 -1.02984248e-03  8.92293190e-05  5.00000000e+00 
 8.92411755e-05  3.04624209e+00  8.92411755e-05 -6.97642805e-04  8.92411755e-05  5.00000000e+00 
 8.92538744e-05  3.08575362e+00  8.92538744e-05 -5.40481235e-04  8.92538744e-05  5.00000000e+00 
 8.92708278e-05  3.11531140e+00  8.92708278e-05 -4.29905285e-04  8.92708278e-05  5.00000000e+00 
 8.92869593e-05  3.13057185e+00  8.92869593e-05 -3.84640351e-04  8.92869593e-05  5.00000000e+00 
 8.93166006e-05  3.14473153e+00  8.93166006e-05 -3.38876672e-04  8.93166006e-05  5.00000000e+00 
 8.93457716e-05  3.15003285e+00  8.93457716e-05 -3.27070052e-04  8.93457716e-05  5.00000000e+00 
 8.93754129e-05  3.15221676e+00  8.93754129e-05 -3.17985526e-04  8.93754129e-05  5.00000000e+00 
 8.94050542e-05  3.15309704e+00  8.94050542e-05 -3.18480597e-04  8.94050542e-05  5.00000000e+00 
 8.94346956e-05  3.15346051e+00  8.94346956e-05 -3.14667763e-04  8.94346956e-05  5.00000000e+00 
 8.94643369e-05  3.15360155e+00  8.94643369e-05 -3.16965658e-04  8.94643369e-05  5.00000000e+00 
 8.94939782e-05  3.15366229e+00  8.94939782e-05 -3.14200047e-04  8.94939782e-05  5.00000000e+00 
 8.95236196e-05  3.15368752e+00  8.95236196e-05 -3.16679228e-04  8.95236196e-05  5.00000000e+00 
 8.95532609e-05  3.15370444e+00  8.95532609e-05 -3.14200558e-04  8.95532609e-05  5.00000000e+00 
 8.95829023e-05  3.15370764e+00  8.95829023e-05 -3.16537439e-04  8.95829023e-05  5.00000000e+00 
 8.96125436e-05  3.15371270e+00  8.96125436e-05 -3.14262999e-04  8.96125436e-05  5.00000000e+00 
 8.96421849e-05  3.15371096e+00  8.96421849e-05 -3.16444473e-04  8.96421849e-05  5.00000000e+00 
 8.96718263e-05  3.15371405e+00  8.96718263e-05 -3.14341388e-04  8.96718263e-05  5.00000000e+00 
 8.97014676e-05  3.15370961e+00  8.97014676e-05 -3.16349428e-04  8.97014676e-05  5.00000000e+00 
 8.97311089e-05  3.15370986e+00  8.97311089e-05 -3.14414986e-04  8.97311089e-05  5.00000000e+00 
 8.97607503e-05  3.15370634e+00  8.97607503e-05 -3.16282935e-04  8.97607503e-05  5.00000000e+00 
 8.97903916e-05  3.15370903e+00  8.97903916e-05 -3.14496016e-04  8.97903916e-05  5.00000000e+00 
 8.98200330e-05  3.15370644e+00  8.98200330e-05 -3.16209743e-04  8.98200330e-05  5.00000000e+00 
 8.98496743e-05  3.15370952e+00  8.98496743e-05 -3.14570328e-04  8.98496743e-05  5.00000000e+00 
 8.98793156e-05  3.15370705e+00  8.98793156e-05 -3.16137874e-04  8.98793156e-05  5.00000000e+00 
 8.99089570e-05  3.15371016e+00  8.99089570e-05 -3.14641055e-04  8.99089570e-05  5.00000000e+00 
 8.99385983e-05  3.15370768e+00  8.99385983e-05 -3.16068647e-04  8.99385983e-05  5.00000000e+00 
 8.99682396e-05  3.15371075e+00  8.99682396e-05 -3.14708765e-04  8.99682396e-05  5.00000000e+00 
 8.99978810e-05  3.15370825e+00  8.99978810e-05 -3.16002278e-04  8.99978810e-05  5.00000000e+00 
 9.00275223e-05  3.15371128e+00  9.00275223e-05 -3.14773566e-04  9.00275223e-05  5.00000000e+00 
 9.00571637e-05  3.15370876e+00  9.00571637e-05 -3.15938788e-04  9.00571637e-05  5.00000000e+00 
 9.00868050e-05  3.15371174e+00  9.00868050e-05 -3.14835495e-04  9.00868050e-05  5.00000000e+00 
 9.01164463e-05  3.15370921e+00  9.01164463e-05 -3.15878160e-04  9.01164463e-05  5.00000000e+00 
 9.01460877e-05  3.15371213e+00  9.01460877e-05 -3.14894581e-04  9.01460877e-05  5.00000000e+00 
 9.01757290e-05  3.15370960e+00  9.01757290e-05 -3.15820366e-04  9.01757290e-05  5.00000000e+00 
 9.02053703e-05  3.15371246e+00  9.02053703e-05 -3.14950858e-04  9.02053703e-05  5.00000000e+00 
 9.02350117e-05  3.15370994e+00  9.02350117e-05 -3.15765370e-04  9.02350117e-05  5.00000000e+00 
 9.02646530e-05  3.15371273e+00  9.02646530e-05 -3.15004363e-04  9.02646530e-05  5.00000000e+00 
 9.02942944e-05  3.15371023e+00  9.02942944e-05 -3.15713131e-04  9.02942944e-05  5.00000000e+00 
 9.03239357e-05  3.15371296e+00  9.03239357e-05 -3.15055142e-04  9.03239357e-05  5.00000000e+00 
 9.03535770e-05  3.15371048e+00  9.03535770e-05 -3.15663603e-04  9.03535770e-05  5.00000000e+00 
 9.03832184e-05  3.15371315e+00  9.03832184e-05 -3.15103243e-04  9.03832184e-05  5.00000000e+00 
 9.04128597e-05  3.15371070e+00  9.04128597e-05 -3.15616736e-04  9.04128597e-05  5.00000000e+00 
 9.04425011e-05  3.15371329e+00  9.04425011e-05 -3.15148716e-04  9.04425011e-05  5.00000000e+00 
 9.04721424e-05  3.15371088e+00  9.04721424e-05 -3.15572475e-04  9.04721424e-05  5.00000000e+00 
 9.05017837e-05  3.15371341e+00  9.05017837e-05 -3.15191620e-04  9.05017837e-05  5.00000000e+00 
 9.05314251e-05  3.15371103e+00  9.05314251e-05 -3.15530762e-04  9.05314251e-05  5.00000000e+00 
 9.05610664e-05  3.15371349e+00  9.05610664e-05 -3.15232014e-04  9.05610664e-05  5.00000000e+00 
 9.05907077e-05  3.15371116e+00  9.05907077e-05 -3.15491536e-04  9.05907077e-05  5.00000000e+00 
 9.06203491e-05  3.15371354e+00  9.06203491e-05 -3.15269958e-04  9.06203491e-05  5.00000000e+00 
 9.06499904e-05  3.15371126e+00  9.06499904e-05 -3.15454732e-04  9.06499904e-05  5.00000000e+00 
 9.06796318e-05  3.15371357e+00  9.06796318e-05 -3.15305520e-04  9.06796318e-05  5.00000000e+00 
 9.07092731e-05  3.15371135e+00  9.07092731e-05 -3.15420285e-04  9.07092731e-05  5.00000000e+00 
 9.07389144e-05  3.15371359e+00  9.07389144e-05 -3.15338765e-04  9.07389144e-05  5.00000000e+00 
 9.07685558e-05  3.15371142e+00  9.07685558e-05 -3.15388126e-04  9.07685558e-05  5.00000000e+00 
 9.07981971e-05  3.15371358e+00  9.07981971e-05 -3.15369763e-04  9.07981971e-05  5.00000000e+00 
 9.08278384e-05  3.15371147e+00  9.08278384e-05 -3.15358186e-04  9.08278384e-05  5.00000000e+00 
 9.08574798e-05  3.15371357e+00  9.08574798e-05 -3.15398583e-04  9.08574798e-05  5.00000000e+00 
 9.08871211e-05  3.15371152e+00  9.08871211e-05 -3.15330392e-04  9.08871211e-05  5.00000000e+00 
 9.09167625e-05  3.15371354e+00  9.09167625e-05 -3.15425298e-04  9.09167625e-05  5.00000000e+00 
 9.09464038e-05  3.15371155e+00  9.09464038e-05 -3.15304673e-04  9.09464038e-05  5.00000000e+00 
 9.09760451e-05  3.15371350e+00  9.09760451e-05 -3.15449980e-04  9.09760451e-05  5.00000000e+00 
 9.10056865e-05  3.15371158e+00  9.10056865e-05 -3.15280954e-04  9.10056865e-05  5.00000000e+00 
 9.10353278e-05  3.15371345e+00  9.10353278e-05 -3.15472703e-04  9.10353278e-05  5.00000000e+00 
 9.10649691e-05  3.15371160e+00  9.10649691e-05 -3.15259164e-04  9.10649691e-05  5.00000000e+00 
 9.10946105e-05  3.15371340e+00  9.10946105e-05 -3.15493538e-04  9.10946105e-05  5.00000000e+00 
 9.11242518e-05  3.15371162e+00  9.11242518e-05 -3.15239226e-04  9.11242518e-05  5.00000000e+00 
 9.11538932e-05  3.15371335e+00  9.11538932e-05 -3.15512562e-04  9.11538932e-05  5.00000000e+00 
 9.11835345e-05  3.15371163e+00  9.11835345e-05 -3.15221068e-04  9.11835345e-05  5.00000000e+00 
 9.12131758e-05  3.15371329e+00  9.12131758e-05 -3.15529846e-04  9.12131758e-05  5.00000000e+00 
 9.12428172e-05  3.15371164e+00  9.12428172e-05 -3.15204615e-04  9.12428172e-05  5.00000000e+00 
 9.12724585e-05  3.15371323e+00  9.12724585e-05 -3.15545464e-04  9.12724585e-05  5.00000000e+00 
 9.13020998e-05  3.15371165e+00  9.13020998e-05 -3.15189794e-04  9.13020998e-05  5.00000000e+00 
 9.13317412e-05  3.15371317e+00  9.13317412e-05 -3.15559490e-04  9.13317412e-05  5.00000000e+00 
 9.13613825e-05  3.15371166e+00  9.13613825e-05 -3.15176532e-04  9.13613825e-05  5.00000000e+00 
 9.13910239e-05  3.15371311e+00  9.13910239e-05 -3.15571996e-04  9.13910239e-05  5.00000000e+00 
 9.14206652e-05  3.15371167e+00  9.14206652e-05 -3.15164757e-04  9.14206652e-05  5.00000000e+00 
 9.14503065e-05  3.15371305e+00  9.14503065e-05 -3.15583052e-04  9.14503065e-05  5.00000000e+00 
 9.14799479e-05  3.15371168e+00  9.14799479e-05 -3.15154397e-04  9.14799479e-05  5.00000000e+00 
 9.15095892e-05  3.15371299e+00  9.15095892e-05 -3.15592731e-04  9.15095892e-05  5.00000000e+00 
 9.15392305e-05  3.15371169e+00  9.15392305e-05 -3.15145382e-04  9.15392305e-05  5.00000000e+00 
 9.15688719e-05  3.15371293e+00  9.15688719e-05 -3.15601101e-04  9.15688719e-05  5.00000000e+00 
 9.15985132e-05  3.15371170e+00  9.15985132e-05 -3.15137642e-04  9.15985132e-05  5.00000000e+00 
 9.16281546e-05  3.15371288e+00  9.16281546e-05 -3.15608230e-04  9.16281546e-05  5.00000000e+00 
 9.16577959e-05  3.15371172e+00  9.16577959e-05 -3.15131111e-04  9.16577959e-05  5.00000000e+00 
 9.16874372e-05  3.15371283e+00  9.16874372e-05 -3.15614186e-04  9.16874372e-05  5.00000000e+00 
 9.17170786e-05  3.15371173e+00  9.17170786e-05 -3.15125720e-04  9.17170786e-05  5.00000000e+00 
 9.17467199e-05  3.15371278e+00  9.17467199e-05 -3.15619035e-04  9.17467199e-05  5.00000000e+00 
 9.17763612e-05  3.15371175e+00  9.17763612e-05 -3.15121406e-04  9.17763612e-05  5.00000000e+00 
 9.18060026e-05  3.15371274e+00  9.18060026e-05 -3.15622841e-04  9.18060026e-05  5.00000000e+00 
 9.18356439e-05  3.15371176e+00  9.18356439e-05 -3.15118104e-04  9.18356439e-05  5.00000000e+00 
 9.18652853e-05  3.15371270e+00  9.18652853e-05 -3.15625665e-04  9.18652853e-05  5.00000000e+00 
 9.18949266e-05  3.15371178e+00  9.18949266e-05 -3.15115753e-04  9.18949266e-05  5.00000000e+00 
 9.19245679e-05  3.15371266e+00  9.19245679e-05 -3.15627570e-04  9.19245679e-05  5.00000000e+00 
 9.19542093e-05  3.15371180e+00  9.19542093e-05 -3.15114292e-04  9.19542093e-05  5.00000000e+00 
 9.19838506e-05  3.15371262e+00  9.19838506e-05 -3.15628615e-04  9.19838506e-05  5.00000000e+00 
 9.20134920e-05  3.15371182e+00  9.20134920e-05 -3.15113662e-04  9.20134920e-05  5.00000000e+00 
 9.20431333e-05  3.15371259e+00  9.20431333e-05 -3.15628856e-04  9.20431333e-05  5.00000000e+00 
 9.20727746e-05  3.15371185e+00  9.20727746e-05 -3.15113808e-04  9.20727746e-05  5.00000000e+00 
 9.21024160e-05  3.15371256e+00  9.21024160e-05 -3.15628351e-04  9.21024160e-05  5.00000000e+00 
 9.21320573e-05  3.15371187e+00  9.21320573e-05 -3.15114673e-04  9.21320573e-05  5.00000000e+00 
 9.21616986e-05  3.15371253e+00  9.21616986e-05 -3.15627152e-04  9.21616986e-05  5.00000000e+00 
 9.21913400e-05  3.15371190e+00  9.21913400e-05 -3.15116205e-04  9.21913400e-05  5.00000000e+00 
 9.22209813e-05  3.15371251e+00  9.22209813e-05 -3.15625313e-04  9.22209813e-05  5.00000000e+00 
 9.22506227e-05  3.15371192e+00  9.22506227e-05 -3.15118352e-04  9.22506227e-05  5.00000000e+00 
 9.22802640e-05  3.15371249e+00  9.22802640e-05 -3.15622883e-04  9.22802640e-05  5.00000000e+00 
 9.23099053e-05  3.15371195e+00  9.23099053e-05 -3.15121065e-04  9.23099053e-05  5.00000000e+00 
 9.23395467e-05  3.15371247e+00  9.23395467e-05 -3.15619911e-04  9.23395467e-05  5.00000000e+00 
 9.23691880e-05  3.15371198e+00  9.23691880e-05 -3.15124297e-04  9.23691880e-05  5.00000000e+00 
 9.23988293e-05  3.15371246e+00  9.23988293e-05 -3.15616443e-04  9.23988293e-05  5.00000000e+00 
 9.24284707e-05  3.15371201e+00  9.24284707e-05 -3.15128001e-04  9.24284707e-05  5.00000000e+00 
 9.24581120e-05  3.15371244e+00  9.24581120e-05 -3.15612525e-04  9.24581120e-05  5.00000000e+00 
 9.24877534e-05  3.15371204e+00  9.24877534e-05 -3.15132134e-04  9.24877534e-05  5.00000000e+00 
 9.25173947e-05  3.15371243e+00  9.25173947e-05 -3.15608198e-04  9.25173947e-05  5.00000000e+00 
 9.25470360e-05  3.15371207e+00  9.25470360e-05 -3.15136654e-04  9.25470360e-05  5.00000000e+00 
 9.25766774e-05  3.15371242e+00  9.25766774e-05 -3.15603505e-04  9.25766774e-05  5.00000000e+00 
 9.26063187e-05  3.15371209e+00  9.26063187e-05 -3.15141521e-04  9.26063187e-05  5.00000000e+00 
 9.26359600e-05  3.15371241e+00  9.26359600e-05 -3.15598483e-04  9.26359600e-05  5.00000000e+00 
 9.26656014e-05  3.15371212e+00  9.26656014e-05 -3.15146696e-04  9.26656014e-05  5.00000000e+00 
 9.26952427e-05  3.15371241e+00  9.26952427e-05 -3.15593171e-04  9.26952427e-05  5.00000000e+00 
 9.27248841e-05  3.15371215e+00  9.27248841e-05 -3.15152144e-04  9.27248841e-05  5.00000000e+00 
 9.27545254e-05  3.15371240e+00  9.27545254e-05 -3.15587604e-04  9.27545254e-05  5.00000000e+00 
 9.27841667e-05  3.15371218e+00  9.27841667e-05 -3.15157830e-04  9.27841667e-05  5.00000000e+00 
 9.28138081e-05  3.15371240e+00  9.28138081e-05 -3.15581816e-04  9.28138081e-05  5.00000000e+00 
 9.28434494e-05  3.15371221e+00  9.28434494e-05 -3.15163720e-04  9.28434494e-05  5.00000000e+00 
 9.28730907e-05  3.15371239e+00  9.28730907e-05 -3.15575838e-04  9.28730907e-05  5.00000000e+00 
 9.29027321e-05  3.15371223e+00  9.29027321e-05 -3.15169784e-04  9.29027321e-05  5.00000000e+00 
 9.29323734e-05  3.15371239e+00  9.29323734e-05 -3.15569701e-04  9.29323734e-05  5.00000000e+00 
 9.29620148e-05  3.15371226e+00  9.29620148e-05 -3.15175993e-04  9.29620148e-05  5.00000000e+00 
 9.29916561e-05  3.15371239e+00  9.29916561e-05 -3.15563433e-04  9.29916561e-05  5.00000000e+00 
 9.30212974e-05  3.15371229e+00  9.30212974e-05 -3.15182318e-04  9.30212974e-05  5.00000000e+00 
 9.30509388e-05  3.15371239e+00  9.30509388e-05 -3.15557062e-04  9.30509388e-05  5.00000000e+00 
 9.30805801e-05  3.15371231e+00  9.30805801e-05 -3.15188733e-04  9.30805801e-05  5.00000000e+00 
 9.31102214e-05  3.15371239e+00  9.31102214e-05 -3.15550613e-04  9.31102214e-05  5.00000000e+00 
 9.31398628e-05  3.15371233e+00  9.31398628e-05 -3.15195214e-04  9.31398628e-05  5.00000000e+00 
 9.31695041e-05  3.15371239e+00  9.31695041e-05 -3.15544109e-04  9.31695041e-05  5.00000000e+00 
 9.31991455e-05  3.15371236e+00  9.31991455e-05 -3.15201738e-04  9.31991455e-05  5.00000000e+00 
 9.32287868e-05  3.15371239e+00  9.32287868e-05 -3.15537573e-04  9.32287868e-05  5.00000000e+00 
 9.32584281e-05  3.15371238e+00  9.32584281e-05 -3.15208283e-04  9.32584281e-05  5.00000000e+00 
 9.32880695e-05  3.15371239e+00  9.32880695e-05 -3.15531026e-04  9.32880695e-05  5.00000000e+00 
 9.33177108e-05  3.15371240e+00  9.33177108e-05 -3.15214830e-04  9.33177108e-05  5.00000000e+00 
 9.33473521e-05  3.15371240e+00  9.33473521e-05 -3.15524486e-04  9.33473521e-05  5.00000000e+00 
 9.33769935e-05  3.15371242e+00  9.33769935e-05 -3.15221359e-04  9.33769935e-05  5.00000000e+00 
 9.34066348e-05  3.15371240e+00  9.34066348e-05 -3.15517973e-04  9.34066348e-05  5.00000000e+00 
 9.34362762e-05  3.15371244e+00  9.34362762e-05 -3.15227854e-04  9.34362762e-05  5.00000000e+00 
 9.34659175e-05  3.15371240e+00  9.34659175e-05 -3.15511502e-04  9.34659175e-05  5.00000000e+00 
 9.34955588e-05  3.15371245e+00  9.34955588e-05 -3.15234298e-04  9.34955588e-05  5.00000000e+00 
 9.35252002e-05  3.15371240e+00  9.35252002e-05 -3.15505089e-04  9.35252002e-05  5.00000000e+00 
 9.35548415e-05  3.15371247e+00  9.35548415e-05 -3.15240677e-04  9.35548415e-05  5.00000000e+00 
 9.35844829e-05  3.15371240e+00  9.35844829e-05 -3.15498748e-04  9.35844829e-05  5.00000000e+00 
 9.36141242e-05  3.15371248e+00  9.36141242e-05 -3.15246977e-04  9.36141242e-05  5.00000000e+00 
 9.36437655e-05  3.15371241e+00  9.36437655e-05 -3.15492492e-04  9.36437655e-05  5.00000000e+00 
 9.36734069e-05  3.15371250e+00  9.36734069e-05 -3.15253186e-04  9.36734069e-05  5.00000000e+00 
 9.37030482e-05  3.15371241e+00  9.37030482e-05 -3.15486333e-04  9.37030482e-05  5.00000000e+00 
 9.37326895e-05  3.15371251e+00  9.37326895e-05 -3.15259293e-04  9.37326895e-05  5.00000000e+00 
 9.37623309e-05  3.15371241e+00  9.37623309e-05 -3.15480281e-04  9.37623309e-05  5.00000000e+00 
 9.37919722e-05  3.15371252e+00  9.37919722e-05 -3.15265287e-04  9.37919722e-05  5.00000000e+00 
 9.38216136e-05  3.15371242e+00  9.38216136e-05 -3.15474346e-04  9.38216136e-05  5.00000000e+00 
 9.38512549e-05  3.15371254e+00  9.38512549e-05 -3.15271161e-04  9.38512549e-05  5.00000000e+00 
 9.38808962e-05  3.15371242e+00  9.38808962e-05 -3.15468536e-04  9.38808962e-05  5.00000000e+00 
 9.39105376e-05  3.15371255e+00  9.39105376e-05 -3.15276904e-04  9.39105376e-05  5.00000000e+00 
 9.39401789e-05  3.15371242e+00  9.39401789e-05 -3.15462860e-04  9.39401789e-05  5.00000000e+00 
 9.39698202e-05  3.15371256e+00  9.39698202e-05 -3.15282511e-04  9.39698202e-05  5.00000000e+00 
 9.39994616e-05  3.15371242e+00  9.39994616e-05 -3.15457323e-04  9.39994616e-05  5.00000000e+00 
 9.40291029e-05  3.15371256e+00  9.40291029e-05 -3.15287975e-04  9.40291029e-05  5.00000000e+00 
 9.40587443e-05  3.15371243e+00  9.40587443e-05 -3.15451932e-04  9.40587443e-05  5.00000000e+00 
 9.40883856e-05  3.15371257e+00  9.40883856e-05 -3.15293291e-04  9.40883856e-05  5.00000000e+00 
 9.41180269e-05  3.15371243e+00  9.41180269e-05 -3.15446692e-04  9.41180269e-05  5.00000000e+00 
 9.41476683e-05  3.15371258e+00  9.41476683e-05 -3.15298453e-04  9.41476683e-05  5.00000000e+00 
 9.41773096e-05  3.15371243e+00  9.41773096e-05 -3.15441607e-04  9.41773096e-05  5.00000000e+00 
 9.42069509e-05  3.15371258e+00  9.42069509e-05 -3.15303459e-04  9.42069509e-05  5.00000000e+00 
 9.42365923e-05  3.15371243e+00  9.42365923e-05 -3.15436680e-04  9.42365923e-05  5.00000000e+00 
 9.42662336e-05  3.15371259e+00  9.42662336e-05 -3.15308305e-04  9.42662336e-05  5.00000000e+00 
 9.42958750e-05  3.15371244e+00  9.42958750e-05 -3.15431914e-04  9.42958750e-05  5.00000000e+00 
 9.43255163e-05  3.15371259e+00  9.43255163e-05 -3.15312989e-04  9.43255163e-05  5.00000000e+00 
 9.43551576e-05  3.15371244e+00  9.43551576e-05 -3.15427312e-04  9.43551576e-05  5.00000000e+00 
 9.43847990e-05  3.15371260e+00  9.43847990e-05 -3.15317508e-04  9.43847990e-05  5.00000000e+00 
 9.44144403e-05  3.15371244e+00  9.44144403e-05 -3.15422875e-04  9.44144403e-05  5.00000000e+00 
 9.44440816e-05  3.15371260e+00  9.44440816e-05 -3.15321862e-04  9.44440816e-05  5.00000000e+00 
 9.44737230e-05  3.15371244e+00  9.44737230e-05 -3.15418604e-04  9.44737230e-05  5.00000000e+00 
 9.45033643e-05  3.15371260e+00  9.45033643e-05 -3.15326049e-04  9.45033643e-05  5.00000000e+00 
 9.45330057e-05  3.15371245e+00  9.45330057e-05 -3.15414499e-04  9.45330057e-05  5.00000000e+00 
 9.45626470e-05  3.15371261e+00  9.45626470e-05 -3.15330071e-04  9.45626470e-05  5.00000000e+00 
 9.45922883e-05  3.15371245e+00  9.45922883e-05 -3.15410560e-04  9.45922883e-05  5.00000000e+00 
 9.46219297e-05  3.15371261e+00  9.46219297e-05 -3.15333926e-04  9.46219297e-05  5.00000000e+00 
 9.46515710e-05  3.15371245e+00  9.46515710e-05 -3.15406787e-04  9.46515710e-05  5.00000000e+00 
 9.46812123e-05  3.15371261e+00  9.46812123e-05 -3.15337616e-04  9.46812123e-05  5.00000000e+00 
 9.47108537e-05  3.15371245e+00  9.47108537e-05 -3.15403179e-04  9.47108537e-05  5.00000000e+00 
 9.47404950e-05  3.15371261e+00  9.47404950e-05 -3.15341142e-04  9.47404950e-05  5.00000000e+00 
 9.47701364e-05  3.15371245e+00  9.47701364e-05 -3.15399734e-04  9.47701364e-05  5.00000000e+00 
 9.47997777e-05  3.15371261e+00  9.47997777e-05 -3.15344505e-04  9.47997777e-05  5.00000000e+00 
 9.48294190e-05  3.15371246e+00  9.48294190e-05 -3.15396451e-04  9.48294190e-05  5.00000000e+00 
 9.48590604e-05  3.15371261e+00  9.48590604e-05 -3.15347708e-04  9.48590604e-05  5.00000000e+00 
 9.48887017e-05  3.15371246e+00  9.48887017e-05 -3.15393328e-04  9.48887017e-05  5.00000000e+00 
 9.49183430e-05  3.15371261e+00  9.49183430e-05 -3.15350752e-04  9.49183430e-05  5.00000000e+00 
 9.49479844e-05  3.15371246e+00  9.49479844e-05 -3.15390361e-04  9.49479844e-05  5.00000000e+00 
 9.49776257e-05  3.15371261e+00  9.49776257e-05 -3.15353641e-04  9.49776257e-05  5.00000000e+00 
 9.50072671e-05  3.15371246e+00  9.50072671e-05 -3.15387549e-04  9.50072671e-05  5.00000000e+00 
 9.50369084e-05  3.15371261e+00  9.50369084e-05 -3.15356376e-04  9.50369084e-05  5.00000000e+00 
 9.50665497e-05  3.15371246e+00  9.50665497e-05 -3.15384889e-04  9.50665497e-05  5.00000000e+00 
 9.50961911e-05  3.15371261e+00  9.50961911e-05 -3.15358962e-04  9.50961911e-05  5.00000000e+00 
 9.51258324e-05  3.15371247e+00  9.51258324e-05 -3.15382377e-04  9.51258324e-05  5.00000000e+00 
 9.51554738e-05  3.15371261e+00  9.51554738e-05 -3.15361400e-04  9.51554738e-05  5.00000000e+00 
 9.51851151e-05  3.15371247e+00  9.51851151e-05 -3.15380010e-04  9.51851151e-05  5.00000000e+00 
 9.52147564e-05  3.15371261e+00  9.52147564e-05 -3.15363696e-04  9.52147564e-05  5.00000000e+00 
 9.52443978e-05  3.15371247e+00  9.52443978e-05 -3.15377785e-04  9.52443978e-05  5.00000000e+00 
 9.52740391e-05  3.15371260e+00  9.52740391e-05 -3.15365851e-04  9.52740391e-05  5.00000000e+00 
 9.53036804e-05  3.15371247e+00  9.53036804e-05 -3.15375698e-04  9.53036804e-05  5.00000000e+00 
 9.53333218e-05  3.15371260e+00  9.53333218e-05 -3.15367871e-04  9.53333218e-05  5.00000000e+00 
 9.53629631e-05  3.15371247e+00  9.53629631e-05 -3.15373745e-04  9.53629631e-05  5.00000000e+00 
 9.53926045e-05  3.15371260e+00  9.53926045e-05 -3.15369758e-04  9.53926045e-05  5.00000000e+00 
 9.54222458e-05  3.15371248e+00  9.54222458e-05 -3.15371922e-04  9.54222458e-05  5.00000000e+00 
 9.54518871e-05  3.15371260e+00  9.54518871e-05 -3.15371517e-04  9.54518871e-05  5.00000000e+00 
 9.54815285e-05  3.15371248e+00  9.54815285e-05 -3.15370226e-04  9.54815285e-05  5.00000000e+00 
 9.55111698e-05  3.15371260e+00  9.55111698e-05 -3.15373152e-04  9.55111698e-05  5.00000000e+00 
 9.55408111e-05  3.15371248e+00  9.55408111e-05 -3.15368651e-04  9.55408111e-05  5.00000000e+00 
 9.55704525e-05  3.15371260e+00  9.55704525e-05 -3.15374666e-04  9.55704525e-05  5.00000000e+00 
 9.56000938e-05  3.15371248e+00  9.56000938e-05 -3.15367195e-04  9.56000938e-05  5.00000000e+00 
 9.56297352e-05  3.15371259e+00  9.56297352e-05 -3.15376065e-04  9.56297352e-05  5.00000000e+00 
 9.56593765e-05  3.15371248e+00  9.56593765e-05 -3.15365852e-04  9.56593765e-05  5.00000000e+00 
 9.56890178e-05  3.15371259e+00  9.56890178e-05 -3.15377352e-04  9.56890178e-05  5.00000000e+00 
 9.57186592e-05  3.15371249e+00  9.57186592e-05 -3.15364619e-04  9.57186592e-05  5.00000000e+00 
 9.57483005e-05  3.15371259e+00  9.57483005e-05 -3.15378532e-04  9.57483005e-05  5.00000000e+00 
 9.57779418e-05  3.15371249e+00  9.57779418e-05 -3.15363492e-04  9.57779418e-05  5.00000000e+00 
 9.58075832e-05  3.15371259e+00  9.58075832e-05 -3.15379608e-04  9.58075832e-05  5.00000000e+00 
 9.58372245e-05  3.15371249e+00  9.58372245e-05 -3.15362465e-04  9.58372245e-05  5.00000000e+00 
 9.58668659e-05  3.15371259e+00  9.58668659e-05 -3.15380586e-04  9.58668659e-05  5.00000000e+00 
 9.58965072e-05  3.15371249e+00  9.58965072e-05 -3.15361536e-04  9.58965072e-05  5.00000000e+00 
 9.59261485e-05  3.15371258e+00  9.59261485e-05 -3.15381468e-04  9.59261485e-05  5.00000000e+00 
 9.59557899e-05  3.15371249e+00  9.59557899e-05 -3.15360699e-04  9.59557899e-05  5.00000000e+00 
 9.59854312e-05  3.15371258e+00  9.59854312e-05 -3.15382260e-04  9.59854312e-05  5.00000000e+00 
 9.60150725e-05  3.15371250e+00  9.60150725e-05 -3.15359951e-04  9.60150725e-05  5.00000000e+00 
 9.60447139e-05  3.15371258e+00  9.60447139e-05 -3.15382965e-04  9.60447139e-05  5.00000000e+00 
 9.60743552e-05  3.15371250e+00  9.60743552e-05 -3.15359288e-04  9.60743552e-05  5.00000000e+00 
 9.61039966e-05  3.15371258e+00  9.61039966e-05 -3.15383588e-04  9.61039966e-05  5.00000000e+00 
 9.61336379e-05  3.15371250e+00  9.61336379e-05 -3.15358705e-04  9.61336379e-05  5.00000000e+00 
 9.61632792e-05  3.15371257e+00  9.61632792e-05 -3.15384132e-04  9.61632792e-05  5.00000000e+00 
 9.61929206e-05  3.15371250e+00  9.61929206e-05 -3.15358198e-04  9.61929206e-05  5.00000000e+00 
 9.62225619e-05  3.15371257e+00  9.62225619e-05 -3.15384602e-04  9.62225619e-05  5.00000000e+00 
 9.62522032e-05  3.15371250e+00  9.62522032e-05 -3.15357764e-04  9.62522032e-05  5.00000000e+00 
 9.62818446e-05  3.15371257e+00  9.62818446e-05 -3.15385002e-04  9.62818446e-05  5.00000000e+00 
 9.63114859e-05  3.15371251e+00  9.63114859e-05 -3.15357398e-04  9.63114859e-05  5.00000000e+00 
 9.63411273e-05  3.15371257e+00  9.63411273e-05 -3.15385335e-04  9.63411273e-05  5.00000000e+00 
 9.63707686e-05  3.15371251e+00  9.63707686e-05 -3.15357097e-04  9.63707686e-05  5.00000000e+00 
 9.64004099e-05  3.15371257e+00  9.64004099e-05 -3.15385605e-04  9.64004099e-05  5.00000000e+00 
 9.64300513e-05  3.15371251e+00  9.64300513e-05 -3.15356858e-04  9.64300513e-05  5.00000000e+00 
 9.64596926e-05  3.15371257e+00  9.64596926e-05 -3.15385815e-04  9.64596926e-05  5.00000000e+00 
 9.64893339e-05  3.15371251e+00  9.64893339e-05 -3.15356675e-04  9.64893339e-05  5.00000000e+00 
 9.65189753e-05  3.15371256e+00  9.65189753e-05 -3.15385970e-04  9.65189753e-05  5.00000000e+00 
 9.65486166e-05  3.15371251e+00  9.65486166e-05 -3.15356547e-04  9.65486166e-05  5.00000000e+00 
 9.65782580e-05  3.15371256e+00  9.65782580e-05 -3.15386073e-04  9.65782580e-05  5.00000000e+00 
 9.66078993e-05  3.15371251e+00  9.66078993e-05 -3.15356469e-04  9.66078993e-05  5.00000000e+00 
 9.66375406e-05  3.15371256e+00  9.66375406e-05 -3.15386127e-04  9.66375406e-05  5.00000000e+00 
 9.66671820e-05  3.15371252e+00  9.66671820e-05 -3.15356438e-04  9.66671820e-05  5.00000000e+00 
 9.66968233e-05  3.15371256e+00  9.66968233e-05 -3.15386135e-04  9.66968233e-05  5.00000000e+00 
 9.67264647e-05  3.15371252e+00  9.67264647e-05 -3.15356452e-04  9.67264647e-05  5.00000000e+00 
 9.67561060e-05  3.15371256e+00  9.67561060e-05 -3.15386101e-04  9.67561060e-05  5.00000000e+00 
 9.67857473e-05  3.15371252e+00  9.67857473e-05 -3.15356506e-04  9.67857473e-05  5.00000000e+00 
 9.68153887e-05  3.15371256e+00  9.68153887e-05 -3.15386028e-04  9.68153887e-05  5.00000000e+00 
 9.68450300e-05  3.15371252e+00  9.68450300e-05 -3.15356597e-04  9.68450300e-05  5.00000000e+00 
 9.68746713e-05  3.15371255e+00  9.68746713e-05 -3.15385918e-04  9.68746713e-05  5.00000000e+00 
 9.69043127e-05  3.15371252e+00  9.69043127e-05 -3.15356724e-04  9.69043127e-05  5.00000000e+00 
 9.69339540e-05  3.15371255e+00  9.69339540e-05 -3.15385775e-04  9.69339540e-05  5.00000000e+00 
 9.69635954e-05  3.15371252e+00  9.69635954e-05 -3.15356883e-04  9.69635954e-05  5.00000000e+00 
 9.69932367e-05  3.15371255e+00  9.69932367e-05 -3.15385601e-04  9.69932367e-05  5.00000000e+00 
 9.70228780e-05  3.15371252e+00  9.70228780e-05 -3.15357071e-04  9.70228780e-05  5.00000000e+00 
 9.70525194e-05  3.15371255e+00  9.70525194e-05 -3.15385400e-04  9.70525194e-05  5.00000000e+00 
 9.70821607e-05  3.15371253e+00  9.70821607e-05 -3.15357286e-04  9.70821607e-05  5.00000000e+00 
 9.71118020e-05  3.15371255e+00  9.71118020e-05 -3.15385172e-04  9.71118020e-05  5.00000000e+00 
 9.71414434e-05  3.15371253e+00  9.71414434e-05 -3.15357525e-04  9.71414434e-05  5.00000000e+00 
 9.71710847e-05  3.15371255e+00  9.71710847e-05 -3.15384922e-04  9.71710847e-05  5.00000000e+00 
 9.72007261e-05  3.15371253e+00  9.72007261e-05 -3.15357786e-04  9.72007261e-05  5.00000000e+00 
 9.72303674e-05  3.15371255e+00  9.72303674e-05 -3.15384651e-04  9.72303674e-05  5.00000000e+00 
 9.72600087e-05  3.15371253e+00  9.72600087e-05 -3.15358066e-04  9.72600087e-05  5.00000000e+00 
 9.72896501e-05  3.15371255e+00  9.72896501e-05 -3.15384362e-04  9.72896501e-05  5.00000000e+00 
 9.73192914e-05  3.15371253e+00  9.73192914e-05 -3.15358364e-04  9.73192914e-05  5.00000000e+00 
 9.73489327e-05  3.15371255e+00  9.73489327e-05 -3.15384056e-04  9.73489327e-05  5.00000000e+00 
 9.73785741e-05  3.15371253e+00  9.73785741e-05 -3.15358677e-04  9.73785741e-05  5.00000000e+00 
 9.74082154e-05  3.15371254e+00  9.74082154e-05 -3.15383736e-04  9.74082154e-05  5.00000000e+00 
 9.74378568e-05  3.15371253e+00  9.74378568e-05 -3.15359004e-04  9.74378568e-05  5.00000000e+00 
 9.74674981e-05  3.15371254e+00  9.74674981e-05 -3.15383403e-04  9.74674981e-05  5.00000000e+00 
 9.74971394e-05  3.15371253e+00  9.74971394e-05 -3.15359342e-04  9.74971394e-05  5.00000000e+00 
 9.75267808e-05  3.15371254e+00  9.75267808e-05 -3.15383060e-04  9.75267808e-05  5.00000000e+00 
 9.75564221e-05  3.15371253e+00  9.75564221e-05 -3.15359690e-04  9.75564221e-05  5.00000000e+00 
 9.75860634e-05  3.15371254e+00  9.75860634e-05 -3.15382708e-04  9.75860634e-05  5.00000000e+00 
 9.76157048e-05  3.15371253e+00  9.76157048e-05 -3.15360046e-04  9.76157048e-05  5.00000000e+00 
 9.76453461e-05  3.15371254e+00  9.76453461e-05 -3.15382349e-04  9.76453461e-05  5.00000000e+00 
 9.76749875e-05  3.15371253e+00  9.76749875e-05 -3.15360408e-04  9.76749875e-05  5.00000000e+00 
 9.77046288e-05  3.15371254e+00  9.77046288e-05 -3.15381984e-04  9.77046288e-05  5.00000000e+00 
 9.77342701e-05  3.15371254e+00  9.77342701e-05 -3.15360776e-04  9.77342701e-05  5.00000000e+00 
 9.77639115e-05  3.15371254e+00  9.77639115e-05 -3.15381614e-04  9.77639115e-05  5.00000000e+00 
 9.77935528e-05  3.15371254e+00  9.77935528e-05 -3.15361147e-04  9.77935528e-05  5.00000000e+00 
 9.78231941e-05  3.15371254e+00  9.78231941e-05 -3.15381242e-04  9.78231941e-05  5.00000000e+00 
 9.78528355e-05  3.15371254e+00  9.78528355e-05 -3.15361520e-04  9.78528355e-05  5.00000000e+00 
 9.78824768e-05  3.15371254e+00  9.78824768e-05 -3.15380868e-04  9.78824768e-05  5.00000000e+00 
 9.79121182e-05  3.15371254e+00  9.79121182e-05 -3.15361894e-04  9.79121182e-05  5.00000000e+00 
 9.79417595e-05  3.15371254e+00  9.79417595e-05 -3.15380493e-04  9.79417595e-05  5.00000000e+00 
 9.79714008e-05  3.15371254e+00  9.79714008e-05 -3.15362269e-04  9.79714008e-05  5.00000000e+00 
 9.80010422e-05  3.15371254e+00  9.80010422e-05 -3.15380119e-04  9.80010422e-05  5.00000000e+00 
 9.80306835e-05  3.15371254e+00  9.80306835e-05 -3.15362642e-04  9.80306835e-05  5.00000000e+00 
 9.80603249e-05  3.15371254e+00  9.80603249e-05 -3.15379747e-04  9.80603249e-05  5.00000000e+00 
 9.80899662e-05  3.15371254e+00  9.80899662e-05 -3.15363013e-04  9.80899662e-05  5.00000000e+00 
 9.81196075e-05  3.15371254e+00  9.81196075e-05 -3.15379377e-04  9.81196075e-05  5.00000000e+00 
 9.81492489e-05  3.15371254e+00  9.81492489e-05 -3.15363381e-04  9.81492489e-05  5.00000000e+00 
 9.81788902e-05  3.15371254e+00  9.81788902e-05 -3.15379011e-04  9.81788902e-05  5.00000000e+00 
 9.82085315e-05  3.15371254e+00  9.82085315e-05 -3.15363746e-04  9.82085315e-05  5.00000000e+00 
 9.82381729e-05  3.15371254e+00  9.82381729e-05 -3.15378649e-04  9.82381729e-05  5.00000000e+00 
 9.82678142e-05  3.15371254e+00  9.82678142e-05 -3.15364106e-04  9.82678142e-05  5.00000000e+00 
 9.82974556e-05  3.15371254e+00  9.82974556e-05 -3.15378291e-04  9.82974556e-05  5.00000000e+00 
 9.83270969e-05  3.15371254e+00  9.83270969e-05 -3.15364460e-04  9.83270969e-05  5.00000000e+00 
 9.83567382e-05  3.15371254e+00  9.83567382e-05 -3.15377940e-04  9.83567382e-05  5.00000000e+00 
 9.83863796e-05  3.15371254e+00  9.83863796e-05 -3.15364809e-04  9.83863796e-05  5.00000000e+00 
 9.84160209e-05  3.15371254e+00  9.84160209e-05 -3.15377594e-04  9.84160209e-05  5.00000000e+00 
 9.84456622e-05  3.15371254e+00  9.84456622e-05 -3.15365151e-04  9.84456622e-05  5.00000000e+00 
 9.84753036e-05  3.15371253e+00  9.84753036e-05 -3.15377256e-04  9.84753036e-05  5.00000000e+00 
 9.85049449e-05  3.15371254e+00  9.85049449e-05 -3.15365486e-04  9.85049449e-05  5.00000000e+00 
 9.85345863e-05  3.15371253e+00  9.85345863e-05 -3.15376924e-04  9.85345863e-05  5.00000000e+00 
 9.85642276e-05  3.15371254e+00  9.85642276e-05 -3.15365813e-04  9.85642276e-05  5.00000000e+00 
 9.85938689e-05  3.15371253e+00  9.85938689e-05 -3.15376601e-04  9.85938689e-05  5.00000000e+00 
 9.86235103e-05  3.15371254e+00  9.86235103e-05 -3.15366133e-04  9.86235103e-05  5.00000000e+00 
 9.86531516e-05  3.15371253e+00  9.86531516e-05 -3.15376285e-04  9.86531516e-05  5.00000000e+00 
 9.86827929e-05  3.15371254e+00  9.86827929e-05 -3.15366445e-04  9.86827929e-05  5.00000000e+00 
 9.87124343e-05  3.15371253e+00  9.87124343e-05 -3.15375978e-04  9.87124343e-05  5.00000000e+00 
 9.87420756e-05  3.15371254e+00  9.87420756e-05 -3.15366748e-04  9.87420756e-05  5.00000000e+00 
 9.87717170e-05  3.15371253e+00  9.87717170e-05 -3.15375679e-04  9.87717170e-05  5.00000000e+00 
 9.88013583e-05  3.15371254e+00  9.88013583e-05 -3.15367042e-04  9.88013583e-05  5.00000000e+00 
 9.88309996e-05  3.15371253e+00  9.88309996e-05 -3.15375389e-04  9.88309996e-05  5.00000000e+00 
 9.88606410e-05  3.15371254e+00  9.88606410e-05 -3.15367327e-04  9.88606410e-05  5.00000000e+00 
 9.88902823e-05  3.15371253e+00  9.88902823e-05 -3.15375109e-04  9.88902823e-05  5.00000000e+00 
 9.89199236e-05  3.15371254e+00  9.89199236e-05 -3.15367603e-04  9.89199236e-05  5.00000000e+00 
 9.89495650e-05  3.15371253e+00  9.89495650e-05 -3.15374837e-04  9.89495650e-05  5.00000000e+00 
 9.89792063e-05  3.15371254e+00  9.89792063e-05 -3.15367870e-04  9.89792063e-05  5.00000000e+00 
 9.90088477e-05  3.15371253e+00  9.90088477e-05 -3.15374575e-04  9.90088477e-05  5.00000000e+00 
 9.90384890e-05  3.15371254e+00  9.90384890e-05 -3.15368127e-04  9.90384890e-05  5.00000000e+00 
 9.90681303e-05  3.15371253e+00  9.90681303e-05 -3.15374322e-04  9.90681303e-05  5.00000000e+00 
 9.90977717e-05  3.15371254e+00  9.90977717e-05 -3.15368375e-04  9.90977717e-05  5.00000000e+00 
 9.91274130e-05  3.15371253e+00  9.91274130e-05 -3.15374079e-04  9.91274130e-05  5.00000000e+00 
 9.91570543e-05  3.15371254e+00  9.91570543e-05 -3.15368614e-04  9.91570543e-05  5.00000000e+00 
 9.91866957e-05  3.15371253e+00  9.91866957e-05 -3.15373846e-04  9.91866957e-05  5.00000000e+00 
 9.92163370e-05  3.15371254e+00  9.92163370e-05 -3.15368843e-04  9.92163370e-05  5.00000000e+00 
 9.92459784e-05  3.15371253e+00  9.92459784e-05 -3.15373621e-04  9.92459784e-05  5.00000000e+00 
 9.92756197e-05  3.15371254e+00  9.92756197e-05 -3.15369062e-04  9.92756197e-05  5.00000000e+00 
 9.93052610e-05  3.15371253e+00  9.93052610e-05 -3.15373407e-04  9.93052610e-05  5.00000000e+00 
 9.93349024e-05  3.15371254e+00  9.93349024e-05 -3.15369272e-04  9.93349024e-05  5.00000000e+00 
 9.93645437e-05  3.15371253e+00  9.93645437e-05 -3.15373201e-04  9.93645437e-05  5.00000000e+00 
 9.93941850e-05  3.15371254e+00  9.93941850e-05 -3.15369473e-04  9.93941850e-05  5.00000000e+00 
 9.94238264e-05  3.15371253e+00  9.94238264e-05 -3.15373006e-04  9.94238264e-05  5.00000000e+00 
 9.94534677e-05  3.15371254e+00  9.94534677e-05 -3.15369664e-04  9.94534677e-05  5.00000000e+00 
 9.94831091e-05  3.15371253e+00  9.94831091e-05 -3.15372819e-04  9.94831091e-05  5.00000000e+00 
 9.95127504e-05  3.15371254e+00  9.95127504e-05 -3.15369846e-04  9.95127504e-05  5.00000000e+00 
 9.95423917e-05  3.15371253e+00  9.95423917e-05 -3.15372641e-04  9.95423917e-05  5.00000000e+00 
 9.95720331e-05  3.15371254e+00  9.95720331e-05 -3.15370019e-04  9.95720331e-05  5.00000000e+00 
 9.96016744e-05  3.15371253e+00  9.96016744e-05 -3.15372473e-04  9.96016744e-05  5.00000000e+00 
 9.96313158e-05  3.15371254e+00  9.96313158e-05 -3.15370183e-04  9.96313158e-05  5.00000000e+00 
 9.96609571e-05  3.15371253e+00  9.96609571e-05 -3.15372313e-04  9.96609571e-05  5.00000000e+00 
 9.96905984e-05  3.15371254e+00  9.96905984e-05 -3.15370339e-04  9.96905984e-05  5.00000000e+00 
 9.97202398e-05  3.15371253e+00  9.97202398e-05 -3.15372162e-04  9.97202398e-05  5.00000000e+00 
 9.97498811e-05  3.15371254e+00  9.97498811e-05 -3.15370486e-04  9.97498811e-05  5.00000000e+00 
 9.97795224e-05  3.15371253e+00  9.97795224e-05 -3.15372019e-04  9.97795224e-05  5.00000000e+00 
 9.98091638e-05  3.15371254e+00  9.98091638e-05 -3.15370624e-04  9.98091638e-05  5.00000000e+00 
 9.98388051e-05  3.15371253e+00  9.98388051e-05 -3.15371885e-04  9.98388051e-05  5.00000000e+00 
 9.98684465e-05  3.15371254e+00  9.98684465e-05 -3.15370754e-04  9.98684465e-05  5.00000000e+00 
 9.98980878e-05  3.15371253e+00  9.98980878e-05 -3.15371758e-04  9.98980878e-05  5.00000000e+00 
 9.99277291e-05  3.15371254e+00  9.99277291e-05 -3.15370877e-04  9.99277291e-05  5.00000000e+00 
 9.99573705e-05  3.15371253e+00  9.99573705e-05 -3.15371640e-04  9.99573705e-05  5.00000000e+00 
 9.99786852e-05  3.15371254e+00  9.99786852e-05 -3.15371013e-04  9.99786852e-05  5.00000000e+00 
 1.00000000e-04  3.15371253e+00  1.00000000e-04 -3.15371488e-04  1.00000000e-04  5.00000000e+00 
