 0.00000000e+00  5.90191843e-09  0.00000000e+00 -2.46101919e-11  0.00000000e+00  0.00000000e+00 
 4.95763454e-10  7.18284663e-07  4.95763454e-10  1.46349986e-07  4.95763454e-10  5.00000000e-03 
 5.10645843e-10  7.40298972e-07  5.10645843e-10  1.46349981e-07  5.10645843e-10  5.15009567e-03 
 5.40410621e-10  7.85500717e-07  5.40410621e-10  1.46349977e-07  5.40410621e-10  5.45028700e-03 
 5.99940178e-10  8.80901673e-07  5.99940178e-10  1.46349970e-07  5.99940178e-10  6.05066966e-03 
 7.18999291e-10  1.06921875e-06  7.18999291e-10  1.46349954e-07  7.18999291e-10  7.25143498e-03 
 8.41643875e-10  1.24106485e-06  8.41643875e-10  1.46349939e-07  8.41643875e-10  8.48836141e-03 
 1.00803192e-09  1.46754136e-06  1.00803192e-09  1.46349919e-07  1.00803192e-09  1.01664606e-02 
 1.15990611e-09  1.70187608e-06  1.15990611e-09  1.46349898e-07  1.15990611e-09  1.16981809e-02 
 1.35689843e-09  2.00113678e-06  1.35689843e-09  1.46349869e-07  1.35689843e-09  1.36849381e-02 
 1.53346459e-09  2.23980300e-06  1.53346459e-09  1.46349844e-07  1.53346459e-09  1.54656880e-02 
 1.71757717e-09  2.50997073e-06  1.71757717e-09  1.46349816e-07  1.71757717e-09  1.73225472e-02 
 1.88382498e-09  2.77112186e-06  1.88382498e-09  1.46349788e-07  1.88382498e-09  1.89992320e-02 
 2.07218864e-09  3.03422315e-06  2.07218864e-09  1.46349757e-07  2.07218864e-09  2.08989652e-02 
 2.27651069e-09  3.32149758e-06  2.27651069e-09  1.46349722e-07  2.27651069e-09  2.29596461e-02 
 2.47732596e-09  3.63517112e-06  2.47732596e-09  1.46349683e-07  2.47732596e-09  2.49849595e-02 
 2.68182232e-09  3.92791230e-06  2.68182232e-09  1.46349643e-07  2.68182232e-09  2.70473983e-02 
 2.86556796e-09  4.17996039e-06  2.86556796e-09  1.46349607e-07  2.86556796e-09  2.89005567e-02 
 3.05829290e-09  4.47834003e-06  3.05829290e-09  1.46349564e-07  3.05829290e-09  3.08442754e-02 
 3.30527193e-09  4.84056622e-06  3.30527193e-09  1.46349508e-07  3.30527193e-09  3.33351712e-02 
 3.49701764e-09  5.10119768e-06  3.49701764e-09  1.46349464e-07  3.49701764e-09  3.52690140e-02 
 3.70089006e-09  5.41306727e-06  3.70089006e-09  1.46349411e-07  3.70089006e-09  3.73251601e-02 
 3.94440043e-09  5.77427695e-06  3.94440043e-09  1.46349345e-07  3.94440043e-09  3.97810730e-02 
 4.14195567e-09  6.04188687e-06  4.14195567e-09  1.46349292e-07  4.14195567e-09  4.17735074e-02 
 4.34757971e-09  6.35335561e-06  4.34757971e-09  1.46349230e-07  4.34757971e-09  4.38473194e-02 
 4.56514754e-09  6.68064847e-06  4.56514754e-09  1.46349161e-07  4.56514754e-09  4.60415900e-02 
 4.78176068e-09  6.97489905e-06  4.78176068e-09  1.46349092e-07  4.78176068e-09  4.82262321e-02 
 4.97711455e-09  7.26730508e-06  4.97711455e-09  1.46349024e-07  4.97711455e-09  5.01964647e-02 
 5.17113764e-09  7.56439088e-06  5.17113764e-09  1.46348951e-07  5.17113764e-09  5.21532759e-02 
 5.37538688e-09  7.84239144e-06  5.37538688e-09  1.46348876e-07  5.37538688e-09  5.42132224e-02 
 5.58416401e-09  8.14703095e-06  5.58416401e-09  1.46348792e-07  5.58416401e-09  5.63188347e-02 
 5.76772138e-09  8.43246156e-06  5.76772138e-09  1.46348711e-07  5.76772138e-09  5.81700944e-02 
 5.97089139e-09  8.71310451e-06  5.97089139e-09  1.46348624e-07  5.97089139e-09  6.02191563e-02 
 6.20811641e-09  9.05192461e-06  6.20811641e-09  1.46348514e-07  6.20811641e-09  6.26116786e-02 
 6.41470377e-09  9.37277448e-06  6.41470377e-09  1.46348408e-07  6.41470377e-09  6.46952061e-02 
 6.62828466e-09  9.67034992e-06  6.62828466e-09  1.46348299e-07  6.62828466e-09  6.68492666e-02 
 6.85625551e-09  9.99285416e-06  6.85625551e-09  1.46348176e-07  6.85625551e-09  6.91484563e-02 
 7.07681781e-09  1.03345655e-05  7.07681781e-09  1.46348043e-07  7.07681781e-09  7.13729275e-02 
 7.28877947e-09  1.06312740e-05  7.28877947e-09  1.46347915e-07  7.28877947e-09  7.35106573e-02 
 7.50361256e-09  1.09322675e-05  7.50361256e-09  1.46347779e-07  7.50361256e-09  7.56773467e-02 
 7.71651993e-09  1.12624611e-05  7.71651993e-09  1.46347628e-07  7.71651993e-09  7.78246144e-02 
 7.93061815e-09  1.15654054e-05  7.93061815e-09  1.46347475e-07  7.93061815e-09  7.99838924e-02 
 8.12812599e-09  1.18378482e-05  8.12812599e-09  1.46347330e-07  8.12812599e-09  8.19758488e-02 
 8.33097262e-09  1.21517352e-05  8.33097262e-09  1.46347163e-07  8.33097262e-09  8.40216493e-02 
 8.56211803e-09  1.24844928e-05  8.56211803e-09  1.46346969e-07  8.56211803e-09  8.63528560e-02 
 8.75081789e-09  1.27409894e-05  8.75081789e-09  1.46346808e-07  8.75081789e-09  8.82559799e-02 
 8.95255946e-09  1.30504027e-05  8.95255946e-09  1.46346615e-07  8.95255946e-09  9.02906354e-02 
 9.23522103e-09  1.34618525e-05  9.23522103e-09  1.46346334e-07  9.23522103e-09  9.31414059e-02 
 9.44640019e-09  1.37495180e-05  9.44640019e-09  1.46346120e-07  9.44640019e-09  9.52712439e-02 
 9.66656911e-09  1.40862454e-05  9.66656911e-09  1.46345869e-07  9.66656911e-09  9.74917476e-02 
 9.96539994e-09  1.45187455e-05  9.96539994e-09  1.46345515e-07  9.96539994e-09  1.00505592e-01 
 1.01892545e-08  1.48258705e-05  1.01892545e-08  1.46345241e-07  1.01892545e-08  1.02763267e-01 
 1.04214714e-08  1.51819971e-05  1.04214714e-08  1.46344921e-07  1.04214714e-08  1.05105280e-01 
 1.07326554e-08  1.56269366e-05  1.07326554e-08  1.46344479e-07  1.07326554e-08  1.08243713e-01 
 1.09699202e-08  1.59570086e-05  1.09699202e-08  1.46344124e-07  1.09699202e-08  1.10636636e-01 
 1.12166315e-08  1.63358249e-05  1.12166315e-08  1.46343711e-07  1.12166315e-08  1.13124832e-01 
 1.14830293e-08  1.67099578e-05  1.14830293e-08  1.46343255e-07  1.14830293e-08  1.15811575e-01 
 1.17257575e-08  1.70519682e-05  1.17257575e-08  1.46342815e-07  1.17257575e-08  1.18259599e-01 
 1.19693954e-08  1.74258589e-05  1.19693954e-08  1.46342322e-07  1.19693954e-08  1.20716799e-01 
 1.22022355e-08  1.77484043e-05  1.22022355e-08  1.46341848e-07  1.22022355e-08  1.23065097e-01 
 1.24521735e-08  1.81032826e-05  1.24521735e-08  1.46341302e-07  1.24521735e-08  1.25585836e-01 
 1.26938547e-08  1.84733732e-05  1.26938547e-08  1.46340717e-07  1.26938547e-08  1.28023300e-01 
 1.29146369e-08  1.87766604e-05  1.29146369e-08  1.46340181e-07  1.29146369e-08  1.30249989e-01 
 1.31793112e-08  1.91550109e-05  1.31793112e-08  1.46339488e-07  1.31793112e-08  1.32919349e-01 
 1.33999921e-08  1.94933500e-05  1.33999921e-08  1.46338848e-07  1.33999921e-08  1.35145017e-01 
 1.36277257e-08  1.98052735e-05  1.36277257e-08  1.46338190e-07  1.36277257e-08  1.37441814e-01 
 1.39090108e-08  2.02097945e-05  1.39090108e-08  1.46337305e-07  1.39090108e-08  1.40278702e-01 
 1.41364459e-08  2.05563561e-05  1.41364459e-08  1.46336516e-07  1.41364459e-08  1.42572488e-01 
 1.43724078e-08  2.08776450e-05  1.43724078e-08  1.46335699e-07  1.43724078e-08  1.44952272e-01 
 1.46833748e-08  2.13299031e-05  1.46833748e-08  1.46334510e-07  1.46833748e-08  1.48088515e-01 
 1.49247298e-08  2.16924981e-05  1.49247298e-08  1.46333500e-07  1.49247298e-08  1.50522690e-01 
 1.51779578e-08  2.20357111e-05  1.51779578e-08  1.46332434e-07  1.51779578e-08  1.53076610e-01 
 1.54389531e-08  2.24220146e-05  1.54389531e-08  1.46331210e-07  1.54389531e-08  1.55708866e-01 
 1.56754970e-08  2.27731954e-05  1.56754970e-08  1.46330023e-07  1.56754970e-08  1.58094519e-01 
 1.58927233e-08  2.30648637e-05  1.58927233e-08  1.46328931e-07  1.58927233e-08  1.60285345e-01 
 1.61173477e-08  2.33988171e-05  1.61173477e-08  1.46327676e-07  1.61173477e-08  1.62550785e-01 
 1.63350511e-08  2.37236430e-05  1.63350511e-08  1.46326383e-07  1.63350511e-08  1.64746423e-01 
 1.65577929e-08  2.40229662e-05  1.65577929e-08  1.46325061e-07  1.65577929e-08  1.66992875e-01 
 1.67623985e-08  2.43253573e-05  1.67623985e-08  1.46323720e-07  1.67623985e-08  1.69056415e-01 
 1.69608710e-08  2.46253473e-05  1.69608710e-08  1.46322329e-07  1.69608710e-08  1.71058101e-01 
 1.71702137e-08  2.49067667e-05  1.71702137e-08  1.46320879e-07  1.71702137e-08  1.73169417e-01 
 1.73810482e-08  2.52121410e-05  1.73810482e-08  1.46319285e-07  1.73810482e-08  1.75295779e-01 
 1.75670060e-08  2.54973887e-05  1.75670060e-08  1.46317757e-07  1.75670060e-08  1.77171248e-01 
 1.77723866e-08  2.57766099e-05  1.77723866e-08  1.46316092e-07  1.77723866e-08  1.79242605e-01 
 1.80361579e-08  2.61523126e-05  1.80361579e-08  1.46313779e-07  1.80361579e-08  1.81902858e-01 
 1.82513313e-08  2.64810601e-05  1.82513313e-08  1.46311696e-07  1.82513313e-08  1.84072980e-01 
 1.84749935e-08  2.67858434e-05  1.84749935e-08  1.46309539e-07  1.84749935e-08  1.86328715e-01 
 1.87507043e-08  2.71798711e-05  1.87507043e-08  1.46306650e-07  1.87507043e-08  1.89109385e-01 
 1.89750341e-08  2.75208357e-05  1.89750341e-08  1.46304058e-07  1.89750341e-08  1.91371853e-01 
 1.92077503e-08  2.78365343e-05  1.92077503e-08  1.46301375e-07  1.92077503e-08  1.93718901e-01 
 1.95290432e-08  2.83005029e-05  1.95290432e-08  1.46297289e-07  1.95290432e-08  1.96959286e-01 
 1.97745736e-08  2.86680160e-05  1.97745736e-08  1.46293864e-07  1.97745736e-08  1.99435572e-01 
 2.00302647e-08  2.90131157e-05  2.00302647e-08  1.46290269e-07  2.00302647e-08  2.02014333e-01 
 2.03019542e-08  2.94131821e-05  2.03019542e-08  1.46286014e-07  2.03019542e-08  2.04754445e-01 
 2.05441379e-08  2.97704171e-05  2.05441379e-08  1.46281951e-07  2.05441379e-08  2.07196978e-01 
 2.07654710e-08  3.00664965e-05  2.07654710e-08  1.46278217e-07  2.07654710e-08  2.09429223e-01 
 2.09942748e-08  3.04061947e-05  2.09942748e-08  1.46273919e-07  2.09942748e-08  2.11736814e-01 
 2.12217448e-08  3.07420634e-05  2.12217448e-08  1.46269392e-07  2.12217448e-08  2.14030952e-01 
 2.14253357e-08  3.10129813e-05  2.14253357e-08  1.46265347e-07  2.14253357e-08  2.16084258e-01 
 2.16360827e-08  3.13237521e-05  2.16360827e-08  1.46260711e-07  2.16360827e-08  2.18209738e-01 
 2.18380901e-08  3.16266411e-05  2.18380901e-08  1.46255973e-07  2.18380901e-08  2.20247075e-01 
 2.20486105e-08  3.19079142e-05  2.20486105e-08  1.46251080e-07  2.20486105e-08  2.22370269e-01 
 2.22568585e-08  3.22097378e-05  2.22568585e-08  1.46245782e-07  2.22568585e-08  2.24470544e-01 
 2.24429546e-08  3.24933506e-05  2.24429546e-08  1.46240659e-07  2.24429546e-08  2.26347408e-01 
 2.26482039e-08  3.27702654e-05  2.26482039e-08  1.46235086e-07  2.26482039e-08  2.28417441e-01 
 2.28942508e-08  3.31198437e-05  2.28942508e-08  1.46227859e-07  2.28942508e-08  2.30898935e-01 
 2.30989393e-08  3.34321111e-05  2.30989393e-08  1.46221242e-07  2.30989393e-08  2.32963313e-01 
 2.33161361e-08  3.37270994e-05  2.33161361e-08  1.46214267e-07  2.33161361e-08  2.35153841e-01 
 2.35753608e-08  3.40940394e-05  2.35753608e-08  1.46205280e-07  2.35753608e-08  2.37768240e-01 
 2.37925434e-08  3.44244310e-05  2.37925434e-08  1.46196965e-07  2.37925434e-08  2.39958625e-01 
 2.40173700e-08  3.47295820e-05  2.40173700e-08  1.46188383e-07  2.40173700e-08  2.42226104e-01 
 2.42901689e-08  3.51171826e-05  2.42901689e-08  1.46177086e-07  2.42901689e-08  2.44977405e-01 
 2.45140021e-08  3.54561891e-05  2.45140021e-08  1.46166867e-07  2.45140021e-08  2.47234864e-01 
 2.47458971e-08  3.57695205e-05  2.47458971e-08  1.46156297e-07  2.47458971e-08  2.49573631e-01 
 2.50744430e-08  3.62413323e-05  2.50744430e-08  1.46139786e-07  2.50744430e-08  2.52887166e-01 
 2.53235737e-08  3.66125930e-05  2.53235737e-08  1.46126037e-07  2.53235737e-08  2.55399763e-01 
 2.55816808e-08  3.69595044e-05  2.55816808e-08  1.46111658e-07  2.55816808e-08  2.58002891e-01 
 2.58590605e-08  3.73663832e-05  2.58590605e-08  1.46094433e-07  2.58590605e-08  2.60800391e-01 
 2.61060670e-08  3.77284837e-05  2.61060670e-08  1.46078010e-07  2.61060670e-08  2.63291564e-01 
 2.63297637e-08  3.80266662e-05  2.63297637e-08  1.46063016e-07  2.63297637e-08  2.65547647e-01 
 2.65610131e-08  3.83695276e-05  2.65610131e-08  1.46045737e-07  2.65610131e-08  2.67879902e-01 
 2.67972622e-08  3.87152825e-05  2.67972622e-08  1.46027085e-07  2.67972622e-08  2.70262582e-01 
 2.70024684e-08  3.89874271e-05  2.70024684e-08  1.46010839e-07  2.70024684e-08  2.72332180e-01 
 2.72150594e-08  3.93016261e-05  2.72150594e-08  1.45992154e-07  2.72150594e-08  2.74476256e-01 
 2.74283252e-08  3.96175372e-05  2.74283252e-08  1.45972291e-07  2.74283252e-08  2.76627140e-01 
 2.76449051e-08  3.99055623e-05  2.76449051e-08  1.45952181e-07  2.76449051e-08  2.78811446e-01 
 2.78458067e-08  4.01991281e-05  2.78458067e-08  1.45931636e-07  2.78458067e-08  2.80837630e-01 
 2.80383522e-08  4.04892408e-05  2.80383522e-08  1.45910551e-07  2.80383522e-08  2.82779539e-01 
 2.82438674e-08  4.07636649e-05  2.82438674e-08  1.45888327e-07  2.82438674e-08  2.84852253e-01 
 2.84611164e-08  4.10738370e-05  2.84611164e-08  1.45862816e-07  2.84611164e-08  2.87043308e-01 
 2.86494054e-08  4.13610664e-05  2.86494054e-08  1.45838682e-07  2.86494054e-08  2.88942288e-01 
 2.88562698e-08  4.16410246e-05  2.88562698e-08  1.45812472e-07  2.88562698e-08  2.91028610e-01 
 2.91002422e-08  4.19837344e-05  2.91002422e-08  1.45779295e-07  2.91002422e-08  2.93489183e-01 
 2.93099078e-08  4.23031921e-05  2.93099078e-08  1.45747778e-07  2.93099078e-08  2.95603756e-01 
 2.95269858e-08  4.25988447e-05  2.95269858e-08  1.45715252e-07  2.95269858e-08  2.97793086e-01 
 2.97699135e-08  4.29386696e-05  2.97699135e-08  1.45676354e-07  2.97699135e-08  3.00243123e-01 
 3.00017201e-08  4.32904218e-05  3.00017201e-08  1.45635225e-07  3.00017201e-08  3.02580997e-01 
 3.02170275e-08  4.35833706e-05  3.02170275e-08  1.45596989e-07  3.02170275e-08  3.04752470e-01 
 3.04617794e-08  4.39261604e-05  3.04617794e-08  1.45550490e-07  3.04617794e-08  3.07220905e-01 
 3.06964515e-08  4.42820104e-05  3.06964515e-08  1.45501111e-07  3.06964515e-08  3.09587680e-01 
 3.09111324e-08  4.45737370e-05  3.09111324e-08  1.45455900e-07  3.09111324e-08  3.11752834e-01 
 3.11607834e-08  4.49243326e-05  3.11607834e-08  1.45399518e-07  3.11607834e-08  3.14270679e-01 
 3.13991860e-08  4.52854150e-05  3.13991860e-08  1.45339938e-07  3.13991860e-08  3.16675077e-01 
 3.16147376e-08  4.55776549e-05  3.16147376e-08  1.45286036e-07  3.16147376e-08  3.18849013e-01 
 3.18772529e-08  4.59484856e-05  3.18772529e-08  1.45215223e-07  3.18772529e-08  3.21496599e-01 
 3.20965649e-08  4.62816089e-05  3.20965649e-08  1.45149906e-07  3.20965649e-08  3.23708461e-01 
 3.23228354e-08  4.65884740e-05  3.23228354e-08  1.45082660e-07  3.23228354e-08  3.25990502e-01 
 3.25997271e-08  4.69821473e-05  3.25997271e-08  1.44993331e-07  3.25997271e-08  3.28783080e-01 
 3.28262645e-08  4.73248825e-05  3.28262645e-08  1.44912851e-07  3.28262645e-08  3.31067813e-01 
 3.30608567e-08  4.76418627e-05  3.30608567e-08  1.44829562e-07  3.30608567e-08  3.33433782e-01 
 3.33839943e-08  4.81073849e-05  3.33839943e-08  1.44703057e-07  3.33839943e-08  3.36692772e-01 
 3.36320039e-08  4.84773172e-05  3.36320039e-08  1.44596746e-07  3.36320039e-08  3.39194061e-01 
 3.38903354e-08  4.88254930e-05  3.38903354e-08  1.44484943e-07  3.38903354e-08  3.41799452e-01 
 3.41613296e-08  4.92248943e-05  3.41613296e-08  1.44354336e-07  3.41613296e-08  3.44532552e-01 
 3.44087045e-08  4.95888526e-05  3.44087045e-08  1.44226975e-07  3.44087045e-08  3.47027440e-01 
 3.46318359e-08  4.98878817e-05  3.46318359e-08  1.44111150e-07  3.46318359e-08  3.49277822e-01 
 3.48623900e-08  5.02317441e-05  3.48623900e-08  1.43977866e-07  3.48623900e-08  3.51603065e-01 
 3.51006614e-08  5.05824853e-05  3.51006614e-08  1.43832461e-07  3.51006614e-08  3.54006141e-01 
 3.53078659e-08  5.08596871e-05  3.53078659e-08  1.43705524e-07  3.53078659e-08  3.56095892e-01 
 3.55222346e-08  5.11794227e-05  3.55222346e-08  1.43559771e-07  3.55222346e-08  3.58257898e-01 
 3.57410636e-08  5.15055066e-05  3.57410636e-08  1.43402393e-07  3.57410636e-08  3.60464889e-01 
 3.59618373e-08  5.18025454e-05  3.59618373e-08  1.43243650e-07  3.59618373e-08  3.62691491e-01 
 3.61637474e-08  5.21021324e-05  3.61637474e-08  1.43083482e-07  3.61637474e-08  3.64727846e-01 
 3.63640474e-08  5.24056446e-05  3.63640474e-08  1.42914165e-07  3.63640474e-08  3.66747963e-01 
 3.65741621e-08  5.26895547e-05  3.65741621e-08  1.42738248e-07  3.65741621e-08  3.68867065e-01 
 3.67851712e-08  5.29975782e-05  3.67851712e-08  1.42545588e-07  3.67851712e-08  3.70995188e-01 
 3.69737206e-08  5.32883656e-05  3.69737206e-08  1.42359043e-07  3.69737206e-08  3.72896795e-01 
 3.71815001e-08  5.35731365e-05  3.71815001e-08  1.42156029e-07  3.71815001e-08  3.74992346e-01 
 3.74411000e-08  5.39477119e-05  3.74411000e-08  1.41881577e-07  3.74411000e-08  3.77610529e-01 
 3.76557488e-08  5.42791958e-05  3.76557488e-08  1.41632035e-07  3.76557488e-08  3.79775360e-01 
 3.78811364e-08  5.45905804e-05  3.78811364e-08  1.41371040e-07  3.78811364e-08  3.82048496e-01 
 3.81701241e-08  5.50117309e-05  3.81701241e-08  1.41006520e-07  3.81701241e-08  3.84963069e-01 
 3.84032506e-08  5.53706959e-05  3.84032506e-08  1.40683487e-07  3.84032506e-08  3.87314255e-01 
 3.86452483e-08  5.57056185e-05  3.86452483e-08  1.40347671e-07  3.86452483e-08  3.89754912e-01 
 3.89521049e-08  5.61621009e-05  3.89521049e-08  1.39877191e-07  3.89521049e-08  3.92849701e-01 
 3.91986213e-08  5.65386545e-05  3.91986213e-08  1.39466593e-07  3.91986213e-08  3.95335930e-01 
 3.94580145e-08  5.68998647e-05  3.94580145e-08  1.39029923e-07  3.94580145e-08  3.97952029e-01 
 3.97129052e-08  5.72895640e-05  3.97129052e-08  1.38552281e-07  3.97129052e-08  4.00522717e-01 
 3.99648122e-08  5.76721365e-05  3.99648122e-08  1.38051066e-07  3.99648122e-08  4.03063315e-01 
 4.01881979e-08  5.79841347e-05  4.01881979e-08  1.37602115e-07  4.01881979e-08  4.05316261e-01 
 4.04186395e-08  5.83423539e-05  4.04186395e-08  1.37086300e-07  4.04186395e-08  4.07640370e-01 
 4.06710644e-08  5.87278004e-05  4.06710644e-08  1.36491890e-07  4.06710644e-08  4.10186189e-01 
 4.08873292e-08  5.90328382e-05  4.08873292e-08  1.35977179e-07  4.08873292e-08  4.12367319e-01 
 4.11102334e-08  5.93835986e-05  4.11102334e-08  1.35386504e-07  4.11102334e-08  4.14615408e-01 
 4.13641846e-08  5.97751996e-05  4.13641846e-08  1.34680311e-07  4.13641846e-08  4.17176621e-01 
 4.15799526e-08  6.00833941e-05  4.15799526e-08  1.34073569e-07  4.15799526e-08  4.19352740e-01 
 4.18022616e-08  6.04376009e-05  4.18022616e-08  1.33377468e-07  4.18022616e-08  4.21594828e-01 
 4.20603242e-08  6.08401162e-05  4.20603242e-08  1.32530287e-07  4.20603242e-08  4.24197506e-01 
 4.22788163e-08  6.11571935e-05  4.22788163e-08  1.31803476e-07  4.22788163e-08  4.26401099e-01 
 4.25037174e-08  6.15210930e-05  4.25037174e-08  1.30969851e-07  4.25037174e-08  4.28669329e-01 
 4.27744843e-08  6.19482293e-05  4.27744843e-08  1.29919084e-07  4.27744843e-08  4.31400136e-01 
 4.30000858e-08  6.22826704e-05  4.30000858e-08  1.29026502e-07  4.30000858e-08  4.33675430e-01 
 4.32319878e-08  6.26657710e-05  4.32319878e-08  1.28001933e-07  4.32319878e-08  4.36014267e-01 
 4.35400017e-08  6.31562190e-05  4.35400017e-08  1.26581357e-07  4.35400017e-08  4.39120727e-01 
 4.37863571e-08  6.35341103e-05  4.37863571e-08  1.25401521e-07  4.37863571e-08  4.41605333e-01 
 4.40391151e-08  6.39633143e-05  4.40391151e-08  1.24046366e-07  4.40391151e-08  4.44154513e-01 
 4.43758278e-08  6.45037523e-05  4.43758278e-08  1.22177315e-07  4.43758278e-08  4.47550414e-01 
 4.46609960e-08  6.49651801e-05  4.46609960e-08  1.20481547e-07  4.46609960e-08  4.50426464e-01 
 4.49529841e-08  6.54731796e-05  4.49529841e-08  1.18550073e-07  4.49529841e-08  4.53371297e-01 
 4.52428976e-08  6.59427343e-05  4.52428976e-08  1.16592255e-07  4.52428976e-08  4.56295207e-01 
 4.56546131e-08  6.66536038e-05  4.56546131e-08  1.13490034e-07  4.56546131e-08  4.60447545e-01 
 4.59892708e-08  6.72444391e-05  4.59892708e-08  1.10720104e-07  4.59892708e-08  4.63822720e-01 
 4.63303513e-08  6.78264142e-05  4.63303513e-08  1.07762651e-07  4.63303513e-08  4.67262673e-01 
 4.66661113e-08  6.84517907e-05  4.66661113e-08  1.04470440e-07  4.66661113e-08  4.70648964e-01 
 4.71470177e-08  6.93224992e-05  4.71470177e-08  9.94380423e-08  4.71470177e-08  4.75499124e-01 
 4.75855793e-08  7.01522333e-05  4.75855793e-08  9.42866530e-08  4.75855793e-08  4.79922218e-01 
 4.80263318e-08  7.10204367e-05  4.80263318e-08  8.84928145e-08  4.80263318e-08  4.84367407e-01 
 4.84418096e-08  7.18305692e-05  4.84418096e-08  8.26338646e-08  4.84418096e-08  4.88557690e-01 
 4.88763553e-08  7.27505838e-05  4.88763553e-08  7.56263706e-08  4.88763553e-08  4.92940281e-01 
 4.94866612e-08  7.40453079e-05  4.94866612e-08  6.48345113e-08  4.94866612e-08  4.99095494e-01 
 5.02060291e-08  7.56971652e-05  5.02060291e-08  4.98025642e-08  5.02060291e-08  5.06350647e-01 
 5.09086159e-08  7.74077231e-05  5.09086159e-08  3.26574988e-08  5.09086159e-08  5.13436554e-01 
 5.16132184e-08  7.92513517e-05  5.16132184e-08  1.25637484e-08  5.16132184e-08  5.20542790e-01 
 5.23485798e-08  8.13586611e-05  5.23485798e-08 -1.23137309e-08  5.23485798e-08  5.27959245e-01 
 5.30839515e-08  8.36294183e-05  5.30839515e-08 -4.11188295e-08  5.30839515e-08  5.35375803e-01 
 5.39597469e-08  8.66868577e-05  5.39597469e-08 -8.28304294e-08  5.39597469e-08  5.44208598e-01 
 5.50433202e-08  9.09807229e-05  5.50433202e-08 -1.45641038e-07  5.50433202e-08  5.55136928e-01 
 5.67222418e-08  9.93282854e-05  5.67222418e-08 -2.78287539e-07  5.67222418e-08  5.72069616e-01 
 6.00800851e-08  1.25689893e-04  6.00800851e-08 -7.27813300e-07  6.00800851e-08  6.05934994e-01 
 6.60221596e-08  2.46087830e-04  6.60221596e-08 -2.76688436e-06  6.60221596e-08  6.65863519e-01 
 7.19555036e-08  5.99183776e-04  7.19555036e-08 -8.59836985e-06  7.19555036e-08  7.25703993e-01 
 8.00535642e-08  2.31016391e-03  8.00535642e-08 -3.31873230e-05  8.00535642e-08  8.07376618e-01 
 8.86912989e-08  8.21677237e-03  8.86912989e-08 -1.03524763e-04  8.86912989e-08  8.94492103e-01 
 9.93213121e-08  2.73195846e-02  9.93213121e-08 -2.58251281e-04  9.93213121e-08  1.00170062e+00 
 1.13462509e-07  7.84171887e-02  1.13462509e-07 -4.74169275e-04  1.13462509e-07  1.14432102e+00 
 1.31109089e-07  1.73815962e-01  1.31109089e-07 -6.31878631e-04  1.31109089e-07  1.32229482e+00 
 1.54787254e-07  3.26706385e-01  1.54787254e-07 -7.09446757e-04  1.54787254e-07  1.56109989e+00 
 1.88383524e-07  5.58343835e-01  1.88383524e-07 -7.57955826e-04  1.88383524e-07  1.89993355e+00 
 2.25188920e-07  8.19686145e-01  2.25188920e-07 -7.99946583e-04  2.25188920e-07  2.27113271e+00 
 2.74765265e-07  1.18029672e+00  2.74765265e-07 -8.54797473e-04  2.74765265e-07  2.77113271e+00 
 3.24341610e-07  1.54865785e+00  3.24341610e-07 -9.04118364e-04  3.24341610e-07  3.27113271e+00 
 3.73917956e-07  1.92255628e+00  3.73917956e-07 -9.51363194e-04  3.73917956e-07  3.77113271e+00 
 4.23494301e-07  2.30052506e+00  4.23494301e-07 -9.95725237e-04  4.23494301e-07  4.27113271e+00 
 4.59628878e-07  2.57795951e+00  4.59628878e-07 -1.02766822e-03  4.59628878e-07  4.63556636e+00 
 4.95763454e-07  2.85673940e+00  4.95763454e-07 -1.05879201e-03  4.95763454e-07  5.00000000e+00 
 5.00721089e-07  2.88843640e+00  5.00721089e-07 -9.28883691e-04  5.00721089e-07  5.00000000e+00 
 5.10636358e-07  2.94072759e+00  5.10636358e-07 -7.10043318e-04  5.10636358e-07  5.00000000e+00 
 5.30466896e-07  3.00086988e+00  5.30466896e-07 -4.91398897e-04  5.30466896e-07  5.00000000e+00 
 5.48276993e-07  3.02737053e+00  5.48276993e-07 -4.09359688e-04  5.48276993e-07  5.00000000e+00 
 5.71649214e-07  3.04572796e+00  5.71649214e-07 -3.55224382e-04  5.71649214e-07  5.00000000e+00 
 5.99694888e-07  3.05598977e+00  5.99694888e-07 -3.28208865e-04  5.99694888e-07  5.00000000e+00 
 6.49271233e-07  3.06253375e+00  6.49271233e-07 -3.10075326e-04  6.49271233e-07  5.00000000e+00 
 6.98847579e-07  3.06380233e+00  6.98847579e-07 -3.07680388e-04  6.98847579e-07  5.00000000e+00 
 7.48423924e-07  3.06406026e+00  7.48423924e-07 -3.06149210e-04  7.48423924e-07  5.00000000e+00 
 7.98000269e-07  3.06410991e+00  7.98000269e-07 -3.06866900e-04  7.98000269e-07  5.00000000e+00 
 8.47576615e-07  3.06412174e+00  8.47576615e-07 -3.06005578e-04  8.47576615e-07  5.00000000e+00 
 8.97152960e-07  3.06412252e+00  8.97152960e-07 -3.06820635e-04  8.97152960e-07  5.00000000e+00 
 9.46729306e-07  3.06412453e+00  9.46729306e-07 -3.06013659e-04  9.46729306e-07  5.00000000e+00 
 9.96305651e-07  3.06412313e+00  9.96305651e-07 -3.06804150e-04  9.96305651e-07  5.00000000e+00 
 1.04588200e-06  3.06412467e+00  1.04588200e-06 -3.06028272e-04  1.04588200e-06  5.00000000e+00 
 1.09545834e-06  3.06412323e+00  1.09545834e-06 -3.06789445e-04  1.09545834e-06  5.00000000e+00 
 1.14503469e-06  3.06412470e+00  1.14503469e-06 -3.06042657e-04  1.14503469e-06  5.00000000e+00 
 1.19461103e-06  3.06412331e+00  1.19461103e-06 -3.06775302e-04  1.19461103e-06  5.00000000e+00 
 1.24418738e-06  3.06412473e+00  1.24418738e-06 -3.06056551e-04  1.24418738e-06  5.00000000e+00 
 1.29376372e-06  3.06412338e+00  1.29376372e-06 -3.06761654e-04  1.29376372e-06  5.00000000e+00 
 1.34334007e-06  3.06412475e+00  1.34334007e-06 -3.06069960e-04  1.34334007e-06  5.00000000e+00 
 1.39291641e-06  3.06412345e+00  1.39291641e-06 -3.06748484e-04  1.39291641e-06  5.00000000e+00 
 1.44249276e-06  3.06412477e+00  1.44249276e-06 -3.06082900e-04  1.44249276e-06  5.00000000e+00 
 1.49206911e-06  3.06412351e+00  1.49206911e-06 -3.06735774e-04  1.49206911e-06  5.00000000e+00 
 1.54164545e-06  3.06412478e+00  1.54164545e-06 -3.06095388e-04  1.54164545e-06  5.00000000e+00 
 1.59122180e-06  3.06412357e+00  1.59122180e-06 -3.06723508e-04  1.59122180e-06  5.00000000e+00 
 1.64079814e-06  3.06412480e+00  1.64079814e-06 -3.06107439e-04  1.64079814e-06  5.00000000e+00 
 1.69037449e-06  3.06412362e+00  1.69037449e-06 -3.06711672e-04  1.69037449e-06  5.00000000e+00 
 1.73995083e-06  3.06412481e+00  1.73995083e-06 -3.06119068e-04  1.73995083e-06  5.00000000e+00 
 1.78952718e-06  3.06412368e+00  1.78952718e-06 -3.06700250e-04  1.78952718e-06  5.00000000e+00 
 1.83910352e-06  3.06412482e+00  1.83910352e-06 -3.06130290e-04  1.83910352e-06  5.00000000e+00 
 1.88867987e-06  3.06412373e+00  1.88867987e-06 -3.06689227e-04  1.88867987e-06  5.00000000e+00 
 1.93825621e-06  3.06412483e+00  1.93825621e-06 -3.06141119e-04  1.93825621e-06  5.00000000e+00 
 1.98783256e-06  3.06412377e+00  1.98783256e-06 -3.06678591e-04  1.98783256e-06  5.00000000e+00 
 2.03740890e-06  3.06412484e+00  2.03740890e-06 -3.06151569e-04  2.03740890e-06  5.00000000e+00 
 2.08698525e-06  3.06412382e+00  2.08698525e-06 -3.06668328e-04  2.08698525e-06  5.00000000e+00 
 2.13656160e-06  3.06412485e+00  2.13656160e-06 -3.06161651e-04  2.13656160e-06  5.00000000e+00 
 2.18613794e-06  3.06412386e+00  2.18613794e-06 -3.06658425e-04  2.18613794e-06  5.00000000e+00 
 2.23571429e-06  3.06412485e+00  2.23571429e-06 -3.06171380e-04  2.23571429e-06  5.00000000e+00 
 2.28529063e-06  3.06412390e+00  2.28529063e-06 -3.06648870e-04  2.28529063e-06  5.00000000e+00 
 2.33486698e-06  3.06412486e+00  2.33486698e-06 -3.06180767e-04  2.33486698e-06  5.00000000e+00 
 2.38444332e-06  3.06412394e+00  2.38444332e-06 -3.06639650e-04  2.38444332e-06  5.00000000e+00 
 2.43401967e-06  3.06412486e+00  2.43401967e-06 -3.06189825e-04  2.43401967e-06  5.00000000e+00 
 2.48359601e-06  3.06412397e+00  2.48359601e-06 -3.06630754e-04  2.48359601e-06  5.00000000e+00 
 2.53317236e-06  3.06412486e+00  2.53317236e-06 -3.06198564e-04  2.53317236e-06  5.00000000e+00 
 2.58274870e-06  3.06412401e+00  2.58274870e-06 -3.06622171e-04  2.58274870e-06  5.00000000e+00 
 2.63232505e-06  3.06412487e+00  2.63232505e-06 -3.06206995e-04  2.63232505e-06  5.00000000e+00 
 2.68190140e-06  3.06412404e+00  2.68190140e-06 -3.06613890e-04  2.68190140e-06  5.00000000e+00 
 2.73147774e-06  3.06412487e+00  2.73147774e-06 -3.06215130e-04  2.73147774e-06  5.00000000e+00 
 2.78105409e-06  3.06412407e+00  2.78105409e-06 -3.06605901e-04  2.78105409e-06  5.00000000e+00 
 2.83063043e-06  3.06412487e+00  2.83063043e-06 -3.06222978e-04  2.83063043e-06  5.00000000e+00 
 2.88020678e-06  3.06412409e+00  2.88020678e-06 -3.06598193e-04  2.88020678e-06  5.00000000e+00 
 2.92978312e-06  3.06412487e+00  2.92978312e-06 -3.06230549e-04  2.92978312e-06  5.00000000e+00 
 2.97935947e-06  3.06412412e+00  2.97935947e-06 -3.06590758e-04  2.97935947e-06  5.00000000e+00 
 3.02893581e-06  3.06412487e+00  3.02893581e-06 -3.06237853e-04  3.02893581e-06  5.00000000e+00 
 3.07851216e-06  3.06412415e+00  3.07851216e-06 -3.06583584e-04  3.07851216e-06  5.00000000e+00 
 3.12808850e-06  3.06412487e+00  3.12808850e-06 -3.06244899e-04  3.12808850e-06  5.00000000e+00 
 3.17766485e-06  3.06412417e+00  3.17766485e-06 -3.06576664e-04  3.17766485e-06  5.00000000e+00 
 3.22724119e-06  3.06412487e+00  3.22724119e-06 -3.06251697e-04  3.22724119e-06  5.00000000e+00 
 3.27681754e-06  3.06412419e+00  3.27681754e-06 -3.06569989e-04  3.27681754e-06  5.00000000e+00 
 3.32639389e-06  3.06412486e+00  3.32639389e-06 -3.06258253e-04  3.32639389e-06  5.00000000e+00 
 3.37597023e-06  3.06412421e+00  3.37597023e-06 -3.06563549e-04  3.37597023e-06  5.00000000e+00 
 3.42554658e-06  3.06412486e+00  3.42554658e-06 -3.06264578e-04  3.42554658e-06  5.00000000e+00 
 3.47512292e-06  3.06412423e+00  3.47512292e-06 -3.06557338e-04  3.47512292e-06  5.00000000e+00 
 3.52469927e-06  3.06412486e+00  3.52469927e-06 -3.06270679e-04  3.52469927e-06  5.00000000e+00 
 3.57427561e-06  3.06412425e+00  3.57427561e-06 -3.06551347e-04  3.57427561e-06  5.00000000e+00 
 3.62385196e-06  3.06412486e+00  3.62385196e-06 -3.06276563e-04  3.62385196e-06  5.00000000e+00 
 3.67342830e-06  3.06412427e+00  3.67342830e-06 -3.06545568e-04  3.67342830e-06  5.00000000e+00 
 3.72300465e-06  3.06412485e+00  3.72300465e-06 -3.06282239e-04  3.72300465e-06  5.00000000e+00 
 3.77258099e-06  3.06412429e+00  3.77258099e-06 -3.06539995e-04  3.77258099e-06  5.00000000e+00 
 3.82215734e-06  3.06412485e+00  3.82215734e-06 -3.06287713e-04  3.82215734e-06  5.00000000e+00 
 3.87173369e-06  3.06412431e+00  3.87173369e-06 -3.06534619e-04  3.87173369e-06  5.00000000e+00 
 3.92131003e-06  3.06412485e+00  3.92131003e-06 -3.06292992e-04  3.92131003e-06  5.00000000e+00 
 3.97088638e-06  3.06412432e+00  3.97088638e-06 -3.06529435e-04  3.97088638e-06  5.00000000e+00 
 4.02046272e-06  3.06412485e+00  4.02046272e-06 -3.06298083e-04  4.02046272e-06  5.00000000e+00 
 4.07003907e-06  3.06412434e+00  4.07003907e-06 -3.06524435e-04  4.07003907e-06  5.00000000e+00 
 4.11961541e-06  3.06412484e+00  4.11961541e-06 -3.06302993e-04  4.11961541e-06  5.00000000e+00 
 4.16919176e-06  3.06412435e+00  4.16919176e-06 -3.06519614e-04  4.16919176e-06  5.00000000e+00 
 4.21876810e-06  3.06412484e+00  4.21876810e-06 -3.06307728e-04  4.21876810e-06  5.00000000e+00 
 4.26834445e-06  3.06412436e+00  4.26834445e-06 -3.06514965e-04  4.26834445e-06  5.00000000e+00 
 4.31792079e-06  3.06412483e+00  4.31792079e-06 -3.06312294e-04  4.31792079e-06  5.00000000e+00 
 4.36749714e-06  3.06412438e+00  4.36749714e-06 -3.06510481e-04  4.36749714e-06  5.00000000e+00 
 4.41707348e-06  3.06412483e+00  4.41707348e-06 -3.06316696e-04  4.41707348e-06  5.00000000e+00 
 4.46664983e-06  3.06412439e+00  4.46664983e-06 -3.06506159e-04  4.46664983e-06  5.00000000e+00 
 4.51622618e-06  3.06412483e+00  4.51622618e-06 -3.06320941e-04  4.51622618e-06  5.00000000e+00 
 4.56580252e-06  3.06412440e+00  4.56580252e-06 -3.06501990e-04  4.56580252e-06  5.00000000e+00 
 4.61537887e-06  3.06412482e+00  4.61537887e-06 -3.06325034e-04  4.61537887e-06  5.00000000e+00 
 4.66495521e-06  3.06412441e+00  4.66495521e-06 -3.06497972e-04  4.66495521e-06  5.00000000e+00 
 4.71453156e-06  3.06412482e+00  4.71453156e-06 -3.06328980e-04  4.71453156e-06  5.00000000e+00 
 4.76410790e-06  3.06412442e+00  4.76410790e-06 -3.06494097e-04  4.76410790e-06  5.00000000e+00 
 4.81368425e-06  3.06412482e+00  4.81368425e-06 -3.06332784e-04  4.81368425e-06  5.00000000e+00 
 4.86326059e-06  3.06412443e+00  4.86326059e-06 -3.06490362e-04  4.86326059e-06  5.00000000e+00 
 4.91283694e-06  3.06412481e+00  4.91283694e-06 -3.06336452e-04  4.91283694e-06  5.00000000e+00 
 4.96241328e-06  3.06412444e+00  4.96241328e-06 -3.06486761e-04  4.96241328e-06  5.00000000e+00 
 5.01198963e-06  3.06412481e+00  5.01198963e-06 -3.06339987e-04  5.01198963e-06  5.00000000e+00 
 5.06156598e-06  3.06412445e+00  5.06156598e-06 -3.06483291e-04  5.06156598e-06  5.00000000e+00 
 5.11114232e-06  3.06412480e+00  5.11114232e-06 -3.06343395e-04  5.11114232e-06  5.00000000e+00 
 5.16071867e-06  3.06412446e+00  5.16071867e-06 -3.06479945e-04  5.16071867e-06  5.00000000e+00 
 5.21029501e-06  3.06412480e+00  5.21029501e-06 -3.06346680e-04  5.21029501e-06  5.00000000e+00 
 5.25987136e-06  3.06412447e+00  5.25987136e-06 -3.06476720e-04  5.25987136e-06  5.00000000e+00 
 5.30944770e-06  3.06412480e+00  5.30944770e-06 -3.06349846e-04  5.30944770e-06  5.00000000e+00 
 5.35902405e-06  3.06412447e+00  5.35902405e-06 -3.06473612e-04  5.35902405e-06  5.00000000e+00 
 5.40860039e-06  3.06412479e+00  5.40860039e-06 -3.06352897e-04  5.40860039e-06  5.00000000e+00 
 5.45817674e-06  3.06412448e+00  5.45817674e-06 -3.06470617e-04  5.45817674e-06  5.00000000e+00 
 5.50775308e-06  3.06412479e+00  5.50775308e-06 -3.06355837e-04  5.50775308e-06  5.00000000e+00 
 5.55732943e-06  3.06412449e+00  5.55732943e-06 -3.06467730e-04  5.55732943e-06  5.00000000e+00 
 5.60690577e-06  3.06412479e+00  5.60690577e-06 -3.06358671e-04  5.60690577e-06  5.00000000e+00 
 5.65648212e-06  3.06412450e+00  5.65648212e-06 -3.06464949e-04  5.65648212e-06  5.00000000e+00 
 5.70605847e-06  3.06412478e+00  5.70605847e-06 -3.06361402e-04  5.70605847e-06  5.00000000e+00 
 5.75563481e-06  3.06412450e+00  5.75563481e-06 -3.06462268e-04  5.75563481e-06  5.00000000e+00 
 5.80521116e-06  3.06412478e+00  5.80521116e-06 -3.06364033e-04  5.80521116e-06  5.00000000e+00 
 5.85478750e-06  3.06412451e+00  5.85478750e-06 -3.06459686e-04  5.85478750e-06  5.00000000e+00 
 5.90436385e-06  3.06412478e+00  5.90436385e-06 -3.06366567e-04  5.90436385e-06  5.00000000e+00 
 5.95394019e-06  3.06412451e+00  5.95394019e-06 -3.06457198e-04  5.95394019e-06  5.00000000e+00 
 6.00351654e-06  3.06412477e+00  6.00351654e-06 -3.06369009e-04  6.00351654e-06  5.00000000e+00 
 6.05309288e-06  3.06412452e+00  6.05309288e-06 -3.06454801e-04  6.05309288e-06  5.00000000e+00 
 6.10266923e-06  3.06412477e+00  6.10266923e-06 -3.06371362e-04  6.10266923e-06  5.00000000e+00 
 6.15224557e-06  3.06412452e+00  6.15224557e-06 -3.06452492e-04  6.15224557e-06  5.00000000e+00 
 6.20182192e-06  3.06412477e+00  6.20182192e-06 -3.06373628e-04  6.20182192e-06  5.00000000e+00 
 6.25139827e-06  3.06412453e+00  6.25139827e-06 -3.06450268e-04  6.25139827e-06  5.00000000e+00 
 6.30097461e-06  3.06412476e+00  6.30097461e-06 -3.06375811e-04  6.30097461e-06  5.00000000e+00 
 6.35055096e-06  3.06412453e+00  6.35055096e-06 -3.06448126e-04  6.35055096e-06  5.00000000e+00 
 6.40012730e-06  3.06412476e+00  6.40012730e-06 -3.06377913e-04  6.40012730e-06  5.00000000e+00 
 6.44970365e-06  3.06412454e+00  6.44970365e-06 -3.06446063e-04  6.44970365e-06  5.00000000e+00 
 6.49927999e-06  3.06412476e+00  6.49927999e-06 -3.06379937e-04  6.49927999e-06  5.00000000e+00 
 6.54885634e-06  3.06412454e+00  6.54885634e-06 -3.06444077e-04  6.54885634e-06  5.00000000e+00 
 6.59843268e-06  3.06412475e+00  6.59843268e-06 -3.06381887e-04  6.59843268e-06  5.00000000e+00 
 6.64800903e-06  3.06412455e+00  6.64800903e-06 -3.06442164e-04  6.64800903e-06  5.00000000e+00 
 6.69758537e-06  3.06412475e+00  6.69758537e-06 -3.06383764e-04  6.69758537e-06  5.00000000e+00 
 6.74716172e-06  3.06412455e+00  6.74716172e-06 -3.06440322e-04  6.74716172e-06  5.00000000e+00 
 6.79673806e-06  3.06412475e+00  6.79673806e-06 -3.06385571e-04  6.79673806e-06  5.00000000e+00 
 6.84631441e-06  3.06412456e+00  6.84631441e-06 -3.06438549e-04  6.84631441e-06  5.00000000e+00 
 6.89589076e-06  3.06412474e+00  6.89589076e-06 -3.06387310e-04  6.89589076e-06  5.00000000e+00 
 6.94546710e-06  3.06412456e+00  6.94546710e-06 -3.06436842e-04  6.94546710e-06  5.00000000e+00 
 6.99504345e-06  3.06412474e+00  6.99504345e-06 -3.06388985e-04  6.99504345e-06  5.00000000e+00 
 7.04461979e-06  3.06412456e+00  7.04461979e-06 -3.06435199e-04  7.04461979e-06  5.00000000e+00 
 7.09419614e-06  3.06412474e+00  7.09419614e-06 -3.06390597e-04  7.09419614e-06  5.00000000e+00 
 7.14377248e-06  3.06412457e+00  7.14377248e-06 -3.06433618e-04  7.14377248e-06  5.00000000e+00 
 7.19334883e-06  3.06412474e+00  7.19334883e-06 -3.06392148e-04  7.19334883e-06  5.00000000e+00 
 7.24292517e-06  3.06412457e+00  7.24292517e-06 -3.06432096e-04  7.24292517e-06  5.00000000e+00 
 7.29250152e-06  3.06412473e+00  7.29250152e-06 -3.06393641e-04  7.29250152e-06  5.00000000e+00 
 7.34207786e-06  3.06412457e+00  7.34207786e-06 -3.06430632e-04  7.34207786e-06  5.00000000e+00 
 7.39165421e-06  3.06412473e+00  7.39165421e-06 -3.06395077e-04  7.39165421e-06  5.00000000e+00 
 7.44123056e-06  3.06412458e+00  7.44123056e-06 -3.06429224e-04  7.44123056e-06  5.00000000e+00 
 7.49080690e-06  3.06412473e+00  7.49080690e-06 -3.06396459e-04  7.49080690e-06  5.00000000e+00 
 7.54038325e-06  3.06412458e+00  7.54038325e-06 -3.06427868e-04  7.54038325e-06  5.00000000e+00 
 7.58995959e-06  3.06412473e+00  7.58995959e-06 -3.06397788e-04  7.58995959e-06  5.00000000e+00 
 7.63953594e-06  3.06412458e+00  7.63953594e-06 -3.06426565e-04  7.63953594e-06  5.00000000e+00 
 7.68911228e-06  3.06412472e+00  7.68911228e-06 -3.06399066e-04  7.68911228e-06  5.00000000e+00 
 7.73868863e-06  3.06412459e+00  7.73868863e-06 -3.06425311e-04  7.73868863e-06  5.00000000e+00 
 7.78826497e-06  3.06412472e+00  7.78826497e-06 -3.06400296e-04  7.78826497e-06  5.00000000e+00 
 7.83784132e-06  3.06412459e+00  7.83784132e-06 -3.06424105e-04  7.83784132e-06  5.00000000e+00 
 7.88741766e-06  3.06412472e+00  7.88741766e-06 -3.06401478e-04  7.88741766e-06  5.00000000e+00 
 7.93699401e-06  3.06412459e+00  7.93699401e-06 -3.06422946e-04  7.93699401e-06  5.00000000e+00 
 7.98657035e-06  3.06412472e+00  7.98657035e-06 -3.06402614e-04  7.98657035e-06  5.00000000e+00 
 8.03614670e-06  3.06412459e+00  8.03614670e-06 -3.06421832e-04  8.03614670e-06  5.00000000e+00 
 8.08572305e-06  3.06412472e+00  8.08572305e-06 -3.06403707e-04  8.08572305e-06  5.00000000e+00 
 8.13529939e-06  3.06412460e+00  8.13529939e-06 -3.06420760e-04  8.13529939e-06  5.00000000e+00 
 8.18487574e-06  3.06412471e+00  8.18487574e-06 -3.06404757e-04  8.18487574e-06  5.00000000e+00 
 8.23445208e-06  3.06412460e+00  8.23445208e-06 -3.06419731e-04  8.23445208e-06  5.00000000e+00 
 8.28402843e-06  3.06412471e+00  8.28402843e-06 -3.06405767e-04  8.28402843e-06  5.00000000e+00 
 8.33360477e-06  3.06412460e+00  8.33360477e-06 -3.06418742e-04  8.33360477e-06  5.00000000e+00 
 8.38318112e-06  3.06412471e+00  8.38318112e-06 -3.06406736e-04  8.38318112e-06  5.00000000e+00 
 8.43275746e-06  3.06412460e+00  8.43275746e-06 -3.06417791e-04  8.43275746e-06  5.00000000e+00 
 8.48233381e-06  3.06412471e+00  8.48233381e-06 -3.06407668e-04  8.48233381e-06  5.00000000e+00 
 8.53191015e-06  3.06412460e+00  8.53191015e-06 -3.06416878e-04  8.53191015e-06  5.00000000e+00 
 8.58148650e-06  3.06412471e+00  8.58148650e-06 -3.06408563e-04  8.58148650e-06  5.00000000e+00 
 8.63106284e-06  3.06412461e+00  8.63106284e-06 -3.06416001e-04  8.63106284e-06  5.00000000e+00 
 8.68063919e-06  3.06412470e+00  8.68063919e-06 -3.06409422e-04  8.68063919e-06  5.00000000e+00 
 8.73021554e-06  3.06412461e+00  8.73021554e-06 -3.06415159e-04  8.73021554e-06  5.00000000e+00 
 8.77979188e-06  3.06412470e+00  8.77979188e-06 -3.06410247e-04  8.77979188e-06  5.00000000e+00 
 8.82936823e-06  3.06412461e+00  8.82936823e-06 -3.06414351e-04  8.82936823e-06  5.00000000e+00 
 8.87894457e-06  3.06412470e+00  8.87894457e-06 -3.06411039e-04  8.87894457e-06  5.00000000e+00 
 8.92852092e-06  3.06412461e+00  8.92852092e-06 -3.06413575e-04  8.92852092e-06  5.00000000e+00 
 8.97809726e-06  3.06412470e+00  8.97809726e-06 -3.06411799e-04  8.97809726e-06  5.00000000e+00 
 9.02767361e-06  3.06412461e+00  9.02767361e-06 -3.06412830e-04  9.02767361e-06  5.00000000e+00 
 9.07724995e-06  3.06412470e+00  9.07724995e-06 -3.06412529e-04  9.07724995e-06  5.00000000e+00 
 9.12682630e-06  3.06412461e+00  9.12682630e-06 -3.06412115e-04  9.12682630e-06  5.00000000e+00 
 9.17640264e-06  3.06412470e+00  9.17640264e-06 -3.06413229e-04  9.17640264e-06  5.00000000e+00 
 9.22597899e-06  3.06412462e+00  9.22597899e-06 -3.06411430e-04  9.22597899e-06  5.00000000e+00 
 9.27555534e-06  3.06412470e+00  9.27555534e-06 -3.06413900e-04  9.27555534e-06  5.00000000e+00 
 9.32513168e-06  3.06412462e+00  9.32513168e-06 -3.06410773e-04  9.32513168e-06  5.00000000e+00 
 9.37470803e-06  3.06412469e+00  9.37470803e-06 -3.06414544e-04  9.37470803e-06  5.00000000e+00 
 9.42428437e-06  3.06412462e+00  9.42428437e-06 -3.06410142e-04  9.42428437e-06  5.00000000e+00 
 9.47386072e-06  3.06412469e+00  9.47386072e-06 -3.06415161e-04  9.47386072e-06  5.00000000e+00 
 9.52343706e-06  3.06412462e+00  9.52343706e-06 -3.06409538e-04  9.52343706e-06  5.00000000e+00 
 9.57301341e-06  3.06412469e+00  9.57301341e-06 -3.06415752e-04  9.57301341e-06  5.00000000e+00 
 9.62258975e-06  3.06412462e+00  9.62258975e-06 -3.06408960e-04  9.62258975e-06  5.00000000e+00 
 9.67216610e-06  3.06412469e+00  9.67216610e-06 -3.06416318e-04  9.67216610e-06  5.00000000e+00 
 9.72174244e-06  3.06412462e+00  9.72174244e-06 -3.06408405e-04  9.72174244e-06  5.00000000e+00 
 9.77131879e-06  3.06412469e+00  9.77131879e-06 -3.06416861e-04  9.77131879e-06  5.00000000e+00 
 9.82089513e-06  3.06412462e+00  9.82089513e-06 -3.06407874e-04  9.82089513e-06  5.00000000e+00 
 9.87047148e-06  3.06412469e+00  9.87047148e-06 -3.06417381e-04  9.87047148e-06  5.00000000e+00 
 9.92004783e-06  3.06412462e+00  9.92004783e-06 -3.06407365e-04  9.92004783e-06  5.00000000e+00 
 9.96962417e-06  3.06412469e+00  9.96962417e-06 -3.06417878e-04  9.96962417e-06  5.00000000e+00 
 1.00192005e-05  3.06412463e+00  1.00192005e-05 -3.06406879e-04  1.00192005e-05  5.00000000e+00 
 1.00687769e-05  3.06412469e+00  1.00687769e-05 -3.06418354e-04  1.00687769e-05  5.00000000e+00 
 1.01183532e-05  3.06412463e+00  1.01183532e-05 -3.06406413e-04  1.01183532e-05  5.00000000e+00 
 1.01679296e-05  3.06412468e+00  1.01679296e-05 -3.06418810e-04  1.01679296e-05  5.00000000e+00 
 1.02175059e-05  3.06412463e+00  1.02175059e-05 -3.06405968e-04  1.02175059e-05  5.00000000e+00 
 1.02670822e-05  3.06412468e+00  1.02670822e-05 -3.06419245e-04  1.02670822e-05  5.00000000e+00 
 1.03166586e-05  3.06412463e+00  1.03166586e-05 -3.06405542e-04  1.03166586e-05  5.00000000e+00 
 1.03662349e-05  3.06412468e+00  1.03662349e-05 -3.06419661e-04  1.03662349e-05  5.00000000e+00 
 1.04158113e-05  3.06412463e+00  1.04158113e-05 -3.06405135e-04  1.04158113e-05  5.00000000e+00 
 1.04653876e-05  3.06412468e+00  1.04653876e-05 -3.06420059e-04  1.04653876e-05  5.00000000e+00 
 1.05149640e-05  3.06412463e+00  1.05149640e-05 -3.06404746e-04  1.05149640e-05  5.00000000e+00 
 1.05645403e-05  3.06412468e+00  1.05645403e-05 -3.06420439e-04  1.05645403e-05  5.00000000e+00 
 1.06141167e-05  3.06412463e+00  1.06141167e-05 -3.06404375e-04  1.06141167e-05  5.00000000e+00 
 1.06636930e-05  3.06412468e+00  1.06636930e-05 -3.06420802e-04  1.06636930e-05  5.00000000e+00 
 1.07132694e-05  3.06412463e+00  1.07132694e-05 -3.06404021e-04  1.07132694e-05  5.00000000e+00 
 1.07628457e-05  3.06412468e+00  1.07628457e-05 -3.06421148e-04  1.07628457e-05  5.00000000e+00 
 1.08124220e-05  3.06412463e+00  1.08124220e-05 -3.06403683e-04  1.08124220e-05  5.00000000e+00 
 1.08619984e-05  3.06412468e+00  1.08619984e-05 -3.06421478e-04  1.08619984e-05  5.00000000e+00 
 1.09115747e-05  3.06412463e+00  1.09115747e-05 -3.06403360e-04  1.09115747e-05  5.00000000e+00 
 1.09611511e-05  3.06412468e+00  1.09611511e-05 -3.06421793e-04  1.09611511e-05  5.00000000e+00 
 1.10107274e-05  3.06412463e+00  1.10107274e-05 -3.06403053e-04  1.10107274e-05  5.00000000e+00 
 1.10603038e-05  3.06412468e+00  1.10603038e-05 -3.06422093e-04  1.10603038e-05  5.00000000e+00 
 1.11098801e-05  3.06412464e+00  1.11098801e-05 -3.06402761e-04  1.11098801e-05  5.00000000e+00 
 1.11594565e-05  3.06412468e+00  1.11594565e-05 -3.06422378e-04  1.11594565e-05  5.00000000e+00 
 1.12090328e-05  3.06412464e+00  1.12090328e-05 -3.06402482e-04  1.12090328e-05  5.00000000e+00 
 1.12586092e-05  3.06412467e+00  1.12586092e-05 -3.06422650e-04  1.12586092e-05  5.00000000e+00 
 1.13081855e-05  3.06412464e+00  1.13081855e-05 -3.06402217e-04  1.13081855e-05  5.00000000e+00 
 1.13577618e-05  3.06412467e+00  1.13577618e-05 -3.06422908e-04  1.13577618e-05  5.00000000e+00 
 1.14073382e-05  3.06412464e+00  1.14073382e-05 -3.06401965e-04  1.14073382e-05  5.00000000e+00 
 1.14569145e-05  3.06412467e+00  1.14569145e-05 -3.06423154e-04  1.14569145e-05  5.00000000e+00 
 1.15064909e-05  3.06412464e+00  1.15064909e-05 -3.06401726e-04  1.15064909e-05  5.00000000e+00 
 1.15560672e-05  3.06412467e+00  1.15560672e-05 -3.06423387e-04  1.15560672e-05  5.00000000e+00 
 1.16056436e-05  3.06412464e+00  1.16056436e-05 -3.06401499e-04  1.16056436e-05  5.00000000e+00 
 1.16552199e-05  3.06412467e+00  1.16552199e-05 -3.06423608e-04  1.16552199e-05  5.00000000e+00 
 1.17047963e-05  3.06412464e+00  1.17047963e-05 -3.06401283e-04  1.17047963e-05  5.00000000e+00 
 1.17543726e-05  3.06412467e+00  1.17543726e-05 -3.06423818e-04  1.17543726e-05  5.00000000e+00 
 1.18039490e-05  3.06412464e+00  1.18039490e-05 -3.06401079e-04  1.18039490e-05  5.00000000e+00 
 1.18535253e-05  3.06412467e+00  1.18535253e-05 -3.06424017e-04  1.18535253e-05  5.00000000e+00 
 1.19031016e-05  3.06412464e+00  1.19031016e-05 -3.06400886e-04  1.19031016e-05  5.00000000e+00 
 1.19526780e-05  3.06412467e+00  1.19526780e-05 -3.06424205e-04  1.19526780e-05  5.00000000e+00 
 1.20022543e-05  3.06412464e+00  1.20022543e-05 -3.06400703e-04  1.20022543e-05  5.00000000e+00 
 1.20518307e-05  3.06412467e+00  1.20518307e-05 -3.06424383e-04  1.20518307e-05  5.00000000e+00 
 1.21014070e-05  3.06412464e+00  1.21014070e-05 -3.06400530e-04  1.21014070e-05  5.00000000e+00 
 1.21509834e-05  3.06412467e+00  1.21509834e-05 -3.06424551e-04  1.21509834e-05  5.00000000e+00 
 1.22005597e-05  3.06412464e+00  1.22005597e-05 -3.06400367e-04  1.22005597e-05  5.00000000e+00 
 1.22501361e-05  3.06412467e+00  1.22501361e-05 -3.06424709e-04  1.22501361e-05  5.00000000e+00 
 1.22997124e-05  3.06412464e+00  1.22997124e-05 -3.06400213e-04  1.22997124e-05  5.00000000e+00 
 1.23492888e-05  3.06412467e+00  1.23492888e-05 -3.06424858e-04  1.23492888e-05  5.00000000e+00 
 1.23988651e-05  3.06412464e+00  1.23988651e-05 -3.06400068e-04  1.23988651e-05  5.00000000e+00 
 1.24484414e-05  3.06412467e+00  1.24484414e-05 -3.06424999e-04  1.24484414e-05  5.00000000e+00 
 1.24980178e-05  3.06412464e+00  1.24980178e-05 -3.06399932e-04  1.24980178e-05  5.00000000e+00 
 1.25475941e-05  3.06412467e+00  1.25475941e-05 -3.06425131e-04  1.25475941e-05  5.00000000e+00 
 1.25971705e-05  3.06412464e+00  1.25971705e-05 -3.06399804e-04  1.25971705e-05  5.00000000e+00 
 1.26467468e-05  3.06412467e+00  1.26467468e-05 -3.06425255e-04  1.26467468e-05  5.00000000e+00 
 1.26963232e-05  3.06412464e+00  1.26963232e-05 -3.06399684e-04  1.26963232e-05  5.00000000e+00 
 1.27458995e-05  3.06412467e+00  1.27458995e-05 -3.06425370e-04  1.27458995e-05  5.00000000e+00 
 1.27954759e-05  3.06412464e+00  1.27954759e-05 -3.06399572e-04  1.27954759e-05  5.00000000e+00 
 1.28450522e-05  3.06412467e+00  1.28450522e-05 -3.06425479e-04  1.28450522e-05  5.00000000e+00 
 1.28946286e-05  3.06412465e+00  1.28946286e-05 -3.06399468e-04  1.28946286e-05  5.00000000e+00 
 1.29442049e-05  3.06412467e+00  1.29442049e-05 -3.06425580e-04  1.29442049e-05  5.00000000e+00 
 1.29937812e-05  3.06412465e+00  1.29937812e-05 -3.06399370e-04  1.29937812e-05  5.00000000e+00 
 1.30433576e-05  3.06412467e+00  1.30433576e-05 -3.06425674e-04  1.30433576e-05  5.00000000e+00 
 1.30929339e-05  3.06412465e+00  1.30929339e-05 -3.06399279e-04  1.30929339e-05  5.00000000e+00 
 1.31425103e-05  3.06412466e+00  1.31425103e-05 -3.06425761e-04  1.31425103e-05  5.00000000e+00 
 1.31920866e-05  3.06412465e+00  1.31920866e-05 -3.06399196e-04  1.31920866e-05  5.00000000e+00 
 1.32416630e-05  3.06412466e+00  1.32416630e-05 -3.06425842e-04  1.32416630e-05  5.00000000e+00 
 1.32912393e-05  3.06412465e+00  1.32912393e-05 -3.06399118e-04  1.32912393e-05  5.00000000e+00 
 1.33408157e-05  3.06412466e+00  1.33408157e-05 -3.06425916e-04  1.33408157e-05  5.00000000e+00 
 1.33903920e-05  3.06412465e+00  1.33903920e-05 -3.06399047e-04  1.33903920e-05  5.00000000e+00 
 1.34399684e-05  3.06412466e+00  1.34399684e-05 -3.06425985e-04  1.34399684e-05  5.00000000e+00 
 1.34895447e-05  3.06412465e+00  1.34895447e-05 -3.06398981e-04  1.34895447e-05  5.00000000e+00 
 1.35391210e-05  3.06412466e+00  1.35391210e-05 -3.06426047e-04  1.35391210e-05  5.00000000e+00 
 1.35886974e-05  3.06412465e+00  1.35886974e-05 -3.06398921e-04  1.35886974e-05  5.00000000e+00 
 1.36382737e-05  3.06412466e+00  1.36382737e-05 -3.06426104e-04  1.36382737e-05  5.00000000e+00 
 1.36878501e-05  3.06412465e+00  1.36878501e-05 -3.06398867e-04  1.36878501e-05  5.00000000e+00 
 1.37374264e-05  3.06412466e+00  1.37374264e-05 -3.06426156e-04  1.37374264e-05  5.00000000e+00 
 1.37870028e-05  3.06412465e+00  1.37870028e-05 -3.06398818e-04  1.37870028e-05  5.00000000e+00 
 1.38365791e-05  3.06412466e+00  1.38365791e-05 -3.06426203e-04  1.38365791e-05  5.00000000e+00 
 1.38861555e-05  3.06412465e+00  1.38861555e-05 -3.06398774e-04  1.38861555e-05  5.00000000e+00 
 1.39357318e-05  3.06412466e+00  1.39357318e-05 -3.06426244e-04  1.39357318e-05  5.00000000e+00 
 1.39853081e-05  3.06412465e+00  1.39853081e-05 -3.06398734e-04  1.39853081e-05  5.00000000e+00 
 1.40348845e-05  3.06412466e+00  1.40348845e-05 -3.06426281e-04  1.40348845e-05  5.00000000e+00 
 1.40844608e-05  3.06412465e+00  1.40844608e-05 -3.06398700e-04  1.40844608e-05  5.00000000e+00 
 1.41340372e-05  3.06412466e+00  1.41340372e-05 -3.06426313e-04  1.41340372e-05  5.00000000e+00 
 1.41836135e-05  3.06412465e+00  1.41836135e-05 -3.06398670e-04  1.41836135e-05  5.00000000e+00 
 1.42331899e-05  3.06412466e+00  1.42331899e-05 -3.06426341e-04  1.42331899e-05  5.00000000e+00 
 1.42827662e-05  3.06412465e+00  1.42827662e-05 -3.06398644e-04  1.42827662e-05  5.00000000e+00 
 1.43323426e-05  3.06412466e+00  1.43323426e-05 -3.06426365e-04  1.43323426e-05  5.00000000e+00 
 1.43819189e-05  3.06412465e+00  1.43819189e-05 -3.06398623e-04  1.43819189e-05  5.00000000e+00 
 1.44314953e-05  3.06412466e+00  1.44314953e-05 -3.06426384e-04  1.44314953e-05  5.00000000e+00 
 1.44810716e-05  3.06412465e+00  1.44810716e-05 -3.06398605e-04  1.44810716e-05  5.00000000e+00 
 1.45306479e-05  3.06412466e+00  1.45306479e-05 -3.06426400e-04  1.45306479e-05  5.00000000e+00 
 1.45802243e-05  3.06412465e+00  1.45802243e-05 -3.06398591e-04  1.45802243e-05  5.00000000e+00 
 1.46298006e-05  3.06412466e+00  1.46298006e-05 -3.06426412e-04  1.46298006e-05  5.00000000e+00 
 1.46793770e-05  3.06412465e+00  1.46793770e-05 -3.06398581e-04  1.46793770e-05  5.00000000e+00 
 1.47289533e-05  3.06412466e+00  1.47289533e-05 -3.06426420e-04  1.47289533e-05  5.00000000e+00 
 1.47785297e-05  3.06412465e+00  1.47785297e-05 -3.06398574e-04  1.47785297e-05  5.00000000e+00 
 1.48281060e-05  3.06412466e+00  1.48281060e-05 -3.06426425e-04  1.48281060e-05  5.00000000e+00 
 1.48776824e-05  3.06412465e+00  1.48776824e-05 -3.06398571e-04  1.48776824e-05  5.00000000e+00 
 1.49272587e-05  3.06412466e+00  1.49272587e-05 -3.06426427e-04  1.49272587e-05  5.00000000e+00 
 1.49768351e-05  3.06412465e+00  1.49768351e-05 -3.06398571e-04  1.49768351e-05  5.00000000e+00 
 1.50264114e-05  3.06412466e+00  1.50264114e-05 -3.06426425e-04  1.50264114e-05  5.00000000e+00 
 1.50759877e-05  3.06412465e+00  1.50759877e-05 -3.06398574e-04  1.50759877e-05  5.00000000e+00 
 1.51255641e-05  3.06412466e+00  1.51255641e-05 -3.06426421e-04  1.51255641e-05  5.00000000e+00 
 1.51751404e-05  3.06412465e+00  1.51751404e-05 -3.06398580e-04  1.51751404e-05  5.00000000e+00 
 1.52247168e-05  3.06412466e+00  1.52247168e-05 -3.06426413e-04  1.52247168e-05  5.00000000e+00 
 1.52742931e-05  3.06412465e+00  1.52742931e-05 -3.06398589e-04  1.52742931e-05  5.00000000e+00 
 1.53238695e-05  3.06412466e+00  1.53238695e-05 -3.06426403e-04  1.53238695e-05  5.00000000e+00 
 1.53734458e-05  3.06412465e+00  1.53734458e-05 -3.06398601e-04  1.53734458e-05  5.00000000e+00 
 1.54230222e-05  3.06412466e+00  1.54230222e-05 -3.06426390e-04  1.54230222e-05  5.00000000e+00 
 1.54725985e-05  3.06412465e+00  1.54725985e-05 -3.06398616e-04  1.54725985e-05  5.00000000e+00 
 1.55221749e-05  3.06412466e+00  1.55221749e-05 -3.06426374e-04  1.55221749e-05  5.00000000e+00 
 1.55717512e-05  3.06412465e+00  1.55717512e-05 -3.06398632e-04  1.55717512e-05  5.00000000e+00 
 1.56213275e-05  3.06412466e+00  1.56213275e-05 -3.06426356e-04  1.56213275e-05  5.00000000e+00 
 1.56709039e-05  3.06412465e+00  1.56709039e-05 -3.06398652e-04  1.56709039e-05  5.00000000e+00 
 1.57204802e-05  3.06412466e+00  1.57204802e-05 -3.06426335e-04  1.57204802e-05  5.00000000e+00 
 1.57700566e-05  3.06412465e+00  1.57700566e-05 -3.06398673e-04  1.57700566e-05  5.00000000e+00 
 1.58196329e-05  3.06412466e+00  1.58196329e-05 -3.06426313e-04  1.58196329e-05  5.00000000e+00 
 1.58692093e-05  3.06412465e+00  1.58692093e-05 -3.06398697e-04  1.58692093e-05  5.00000000e+00 
 1.59187856e-05  3.06412466e+00  1.59187856e-05 -3.06426288e-04  1.59187856e-05  5.00000000e+00 
 1.59683620e-05  3.06412465e+00  1.59683620e-05 -3.06398723e-04  1.59683620e-05  5.00000000e+00 
 1.60179383e-05  3.06412466e+00  1.60179383e-05 -3.06426261e-04  1.60179383e-05  5.00000000e+00 
 1.60675147e-05  3.06412465e+00  1.60675147e-05 -3.06398751e-04  1.60675147e-05  5.00000000e+00 
 1.61170910e-05  3.06412466e+00  1.61170910e-05 -3.06426232e-04  1.61170910e-05  5.00000000e+00 
 1.61666673e-05  3.06412465e+00  1.61666673e-05 -3.06398781e-04  1.61666673e-05  5.00000000e+00 
 1.62162437e-05  3.06412466e+00  1.62162437e-05 -3.06426201e-04  1.62162437e-05  5.00000000e+00 
 1.62658200e-05  3.06412465e+00  1.62658200e-05 -3.06398813e-04  1.62658200e-05  5.00000000e+00 
 1.63153964e-05  3.06412466e+00  1.63153964e-05 -3.06426169e-04  1.63153964e-05  5.00000000e+00 
 1.63649727e-05  3.06412465e+00  1.63649727e-05 -3.06398846e-04  1.63649727e-05  5.00000000e+00 
 1.64145491e-05  3.06412466e+00  1.64145491e-05 -3.06426134e-04  1.64145491e-05  5.00000000e+00 
 1.64641254e-05  3.06412465e+00  1.64641254e-05 -3.06398881e-04  1.64641254e-05  5.00000000e+00 
 1.65137018e-05  3.06412466e+00  1.65137018e-05 -3.06426098e-04  1.65137018e-05  5.00000000e+00 
 1.65632781e-05  3.06412465e+00  1.65632781e-05 -3.06398918e-04  1.65632781e-05  5.00000000e+00 
 1.66128545e-05  3.06412466e+00  1.66128545e-05 -3.06426061e-04  1.66128545e-05  5.00000000e+00 
 1.66624308e-05  3.06412465e+00  1.66624308e-05 -3.06398957e-04  1.66624308e-05  5.00000000e+00 
 1.67120071e-05  3.06412466e+00  1.67120071e-05 -3.06426021e-04  1.67120071e-05  5.00000000e+00 
 1.67615835e-05  3.06412465e+00  1.67615835e-05 -3.06398996e-04  1.67615835e-05  5.00000000e+00 
 1.68111598e-05  3.06412466e+00  1.68111598e-05 -3.06425981e-04  1.68111598e-05  5.00000000e+00 
 1.68607362e-05  3.06412465e+00  1.68607362e-05 -3.06399038e-04  1.68607362e-05  5.00000000e+00 
 1.69103125e-05  3.06412466e+00  1.69103125e-05 -3.06425939e-04  1.69103125e-05  5.00000000e+00 
 1.69598889e-05  3.06412465e+00  1.69598889e-05 -3.06399080e-04  1.69598889e-05  5.00000000e+00 
 1.70094652e-05  3.06412466e+00  1.70094652e-05 -3.06425896e-04  1.70094652e-05  5.00000000e+00 
 1.70590416e-05  3.06412465e+00  1.70590416e-05 -3.06399124e-04  1.70590416e-05  5.00000000e+00 
 1.71086179e-05  3.06412466e+00  1.71086179e-05 -3.06425851e-04  1.71086179e-05  5.00000000e+00 
 1.71581943e-05  3.06412465e+00  1.71581943e-05 -3.06399169e-04  1.71581943e-05  5.00000000e+00 
 1.72077706e-05  3.06412466e+00  1.72077706e-05 -3.06425806e-04  1.72077706e-05  5.00000000e+00 
 1.72573469e-05  3.06412465e+00  1.72573469e-05 -3.06399215e-04  1.72573469e-05  5.00000000e+00 
 1.73069233e-05  3.06412466e+00  1.73069233e-05 -3.06425759e-04  1.73069233e-05  5.00000000e+00 
 1.73564996e-05  3.06412465e+00  1.73564996e-05 -3.06399263e-04  1.73564996e-05  5.00000000e+00 
 1.74060760e-05  3.06412466e+00  1.74060760e-05 -3.06425711e-04  1.74060760e-05  5.00000000e+00 
 1.74556523e-05  3.06412465e+00  1.74556523e-05 -3.06399311e-04  1.74556523e-05  5.00000000e+00 
 1.75052287e-05  3.06412466e+00  1.75052287e-05 -3.06425662e-04  1.75052287e-05  5.00000000e+00 
 1.75548050e-05  3.06412465e+00  1.75548050e-05 -3.06399360e-04  1.75548050e-05  5.00000000e+00 
 1.76043814e-05  3.06412466e+00  1.76043814e-05 -3.06425613e-04  1.76043814e-05  5.00000000e+00 
 1.76539577e-05  3.06412465e+00  1.76539577e-05 -3.06399410e-04  1.76539577e-05  5.00000000e+00 
 1.77035341e-05  3.06412466e+00  1.77035341e-05 -3.06425562e-04  1.77035341e-05  5.00000000e+00 
 1.77531104e-05  3.06412465e+00  1.77531104e-05 -3.06399462e-04  1.77531104e-05  5.00000000e+00 
 1.78026867e-05  3.06412466e+00  1.78026867e-05 -3.06425510e-04  1.78026867e-05  5.00000000e+00 
 1.78522631e-05  3.06412465e+00  1.78522631e-05 -3.06399514e-04  1.78522631e-05  5.00000000e+00 
 1.79018394e-05  3.06412466e+00  1.79018394e-05 -3.06425458e-04  1.79018394e-05  5.00000000e+00 
 1.79514158e-05  3.06412465e+00  1.79514158e-05 -3.06399566e-04  1.79514158e-05  5.00000000e+00 
 1.80009921e-05  3.06412466e+00  1.80009921e-05 -3.06425405e-04  1.80009921e-05  5.00000000e+00 
 1.80505685e-05  3.06412465e+00  1.80505685e-05 -3.06399620e-04  1.80505685e-05  5.00000000e+00 
 1.81001448e-05  3.06412466e+00  1.81001448e-05 -3.06425351e-04  1.81001448e-05  5.00000000e+00 
 1.81497212e-05  3.06412465e+00  1.81497212e-05 -3.06399674e-04  1.81497212e-05  5.00000000e+00 
 1.81992975e-05  3.06412466e+00  1.81992975e-05 -3.06425296e-04  1.81992975e-05  5.00000000e+00 
 1.82488739e-05  3.06412465e+00  1.82488739e-05 -3.06399729e-04  1.82488739e-05  5.00000000e+00 
 1.82984502e-05  3.06412466e+00  1.82984502e-05 -3.06425241e-04  1.82984502e-05  5.00000000e+00 
 1.83480265e-05  3.06412465e+00  1.83480265e-05 -3.06399784e-04  1.83480265e-05  5.00000000e+00 
 1.83976029e-05  3.06412466e+00  1.83976029e-05 -3.06425185e-04  1.83976029e-05  5.00000000e+00 
 1.84471792e-05  3.06412465e+00  1.84471792e-05 -3.06399841e-04  1.84471792e-05  5.00000000e+00 
 1.84967556e-05  3.06412466e+00  1.84967556e-05 -3.06425129e-04  1.84967556e-05  5.00000000e+00 
 1.85463319e-05  3.06412465e+00  1.85463319e-05 -3.06399897e-04  1.85463319e-05  5.00000000e+00 
 1.85959083e-05  3.06412466e+00  1.85959083e-05 -3.06425072e-04  1.85959083e-05  5.00000000e+00 
 1.86454846e-05  3.06412465e+00  1.86454846e-05 -3.06399954e-04  1.86454846e-05  5.00000000e+00 
 1.86950610e-05  3.06412466e+00  1.86950610e-05 -3.06425015e-04  1.86950610e-05  5.00000000e+00 
 1.87446373e-05  3.06412465e+00  1.87446373e-05 -3.06400012e-04  1.87446373e-05  5.00000000e+00 
 1.87942137e-05  3.06412466e+00  1.87942137e-05 -3.06424957e-04  1.87942137e-05  5.00000000e+00 
 1.88437900e-05  3.06412465e+00  1.88437900e-05 -3.06400070e-04  1.88437900e-05  5.00000000e+00 
 1.88933663e-05  3.06412466e+00  1.88933663e-05 -3.06424898e-04  1.88933663e-05  5.00000000e+00 
 1.89429427e-05  3.06412465e+00  1.89429427e-05 -3.06400129e-04  1.89429427e-05  5.00000000e+00 
 1.89925190e-05  3.06412466e+00  1.89925190e-05 -3.06424840e-04  1.89925190e-05  5.00000000e+00 
 1.90420954e-05  3.06412465e+00  1.90420954e-05 -3.06400188e-04  1.90420954e-05  5.00000000e+00 
 1.90916717e-05  3.06412466e+00  1.90916717e-05 -3.06424780e-04  1.90916717e-05  5.00000000e+00 
 1.91412481e-05  3.06412465e+00  1.91412481e-05 -3.06400247e-04  1.91412481e-05  5.00000000e+00 
 1.91908244e-05  3.06412466e+00  1.91908244e-05 -3.06424721e-04  1.91908244e-05  5.00000000e+00 
 1.92404008e-05  3.06412465e+00  1.92404008e-05 -3.06400307e-04  1.92404008e-05  5.00000000e+00 
 1.92899771e-05  3.06412466e+00  1.92899771e-05 -3.06424661e-04  1.92899771e-05  5.00000000e+00 
 1.93395535e-05  3.06412465e+00  1.93395535e-05 -3.06400367e-04  1.93395535e-05  5.00000000e+00 
 1.93891298e-05  3.06412466e+00  1.93891298e-05 -3.06424601e-04  1.93891298e-05  5.00000000e+00 
 1.94387061e-05  3.06412465e+00  1.94387061e-05 -3.06400427e-04  1.94387061e-05  5.00000000e+00 
 1.94882825e-05  3.06412466e+00  1.94882825e-05 -3.06424541e-04  1.94882825e-05  5.00000000e+00 
 1.95378588e-05  3.06412465e+00  1.95378588e-05 -3.06400487e-04  1.95378588e-05  5.00000000e+00 
 1.95874352e-05  3.06412466e+00  1.95874352e-05 -3.06424480e-04  1.95874352e-05  5.00000000e+00 
 1.96370115e-05  3.06412465e+00  1.96370115e-05 -3.06400548e-04  1.96370115e-05  5.00000000e+00 
 1.96865879e-05  3.06412466e+00  1.96865879e-05 -3.06424419e-04  1.96865879e-05  5.00000000e+00 
 1.97361642e-05  3.06412465e+00  1.97361642e-05 -3.06400609e-04  1.97361642e-05  5.00000000e+00 
 1.97857406e-05  3.06412466e+00  1.97857406e-05 -3.06424358e-04  1.97857406e-05  5.00000000e+00 
 1.98353169e-05  3.06412466e+00  1.98353169e-05 -3.06400670e-04  1.98353169e-05  5.00000000e+00 
 1.98848933e-05  3.06412466e+00  1.98848933e-05 -3.06424297e-04  1.98848933e-05  5.00000000e+00 
 1.99344696e-05  3.06412466e+00  1.99344696e-05 -3.06400731e-04  1.99344696e-05  5.00000000e+00 
 1.99840459e-05  3.06412466e+00  1.99840459e-05 -3.06424236e-04  1.99840459e-05  5.00000000e+00 
 2.00336223e-05  3.06412466e+00  2.00336223e-05 -3.06400793e-04  2.00336223e-05  5.00000000e+00 
 2.00831986e-05  3.06412466e+00  2.00831986e-05 -3.06424174e-04  2.00831986e-05  5.00000000e+00 
 2.01327750e-05  3.06412466e+00  2.01327750e-05 -3.06400854e-04  2.01327750e-05  5.00000000e+00 
 2.01823513e-05  3.06412466e+00  2.01823513e-05 -3.06424113e-04  2.01823513e-05  5.00000000e+00 
 2.02319277e-05  3.06412466e+00  2.02319277e-05 -3.06400916e-04  2.02319277e-05  5.00000000e+00 
 2.02815040e-05  3.06412466e+00  2.02815040e-05 -3.06424051e-04  2.02815040e-05  5.00000000e+00 
 2.03310804e-05  3.06412466e+00  2.03310804e-05 -3.06400977e-04  2.03310804e-05  5.00000000e+00 
 2.03806567e-05  3.06412466e+00  2.03806567e-05 -3.06423989e-04  2.03806567e-05  5.00000000e+00 
 2.04302331e-05  3.06412466e+00  2.04302331e-05 -3.06401039e-04  2.04302331e-05  5.00000000e+00 
 2.04798094e-05  3.06412466e+00  2.04798094e-05 -3.06423928e-04  2.04798094e-05  5.00000000e+00 
 2.05293857e-05  3.06412466e+00  2.05293857e-05 -3.06401101e-04  2.05293857e-05  5.00000000e+00 
 2.05789621e-05  3.06412466e+00  2.05789621e-05 -3.06423866e-04  2.05789621e-05  5.00000000e+00 
 2.06285384e-05  3.06412466e+00  2.06285384e-05 -3.06401163e-04  2.06285384e-05  5.00000000e+00 
 2.06781148e-05  3.06412466e+00  2.06781148e-05 -3.06423804e-04  2.06781148e-05  5.00000000e+00 
 2.07276911e-05  3.06412466e+00  2.07276911e-05 -3.06401225e-04  2.07276911e-05  5.00000000e+00 
 2.07772675e-05  3.06412466e+00  2.07772675e-05 -3.06423742e-04  2.07772675e-05  5.00000000e+00 
 2.08268438e-05  3.06412466e+00  2.08268438e-05 -3.06401287e-04  2.08268438e-05  5.00000000e+00 
 2.08764202e-05  3.06412466e+00  2.08764202e-05 -3.06423680e-04  2.08764202e-05  5.00000000e+00 
 2.09259965e-05  3.06412466e+00  2.09259965e-05 -3.06401349e-04  2.09259965e-05  5.00000000e+00 
 2.09755729e-05  3.06412466e+00  2.09755729e-05 -3.06423618e-04  2.09755729e-05  5.00000000e+00 
 2.10251492e-05  3.06412466e+00  2.10251492e-05 -3.06401411e-04  2.10251492e-05  5.00000000e+00 
 2.10747255e-05  3.06412466e+00  2.10747255e-05 -3.06423556e-04  2.10747255e-05  5.00000000e+00 
 2.11243019e-05  3.06412466e+00  2.11243019e-05 -3.06401473e-04  2.11243019e-05  5.00000000e+00 
 2.11738782e-05  3.06412466e+00  2.11738782e-05 -3.06423494e-04  2.11738782e-05  5.00000000e+00 
 2.12234546e-05  3.06412466e+00  2.12234546e-05 -3.06401534e-04  2.12234546e-05  5.00000000e+00 
 2.12730309e-05  3.06412466e+00  2.12730309e-05 -3.06423432e-04  2.12730309e-05  5.00000000e+00 
 2.13226073e-05  3.06412466e+00  2.13226073e-05 -3.06401596e-04  2.13226073e-05  5.00000000e+00 
 2.13721836e-05  3.06412466e+00  2.13721836e-05 -3.06423371e-04  2.13721836e-05  5.00000000e+00 
 2.14217600e-05  3.06412466e+00  2.14217600e-05 -3.06401658e-04  2.14217600e-05  5.00000000e+00 
 2.14713363e-05  3.06412466e+00  2.14713363e-05 -3.06423309e-04  2.14713363e-05  5.00000000e+00 
 2.15209127e-05  3.06412466e+00  2.15209127e-05 -3.06401720e-04  2.15209127e-05  5.00000000e+00 
 2.15704890e-05  3.06412466e+00  2.15704890e-05 -3.06423247e-04  2.15704890e-05  5.00000000e+00 
 2.16200653e-05  3.06412466e+00  2.16200653e-05 -3.06401781e-04  2.16200653e-05  5.00000000e+00 
 2.16696417e-05  3.06412466e+00  2.16696417e-05 -3.06423186e-04  2.16696417e-05  5.00000000e+00 
 2.17192180e-05  3.06412466e+00  2.17192180e-05 -3.06401843e-04  2.17192180e-05  5.00000000e+00 
 2.17687944e-05  3.06412466e+00  2.17687944e-05 -3.06423124e-04  2.17687944e-05  5.00000000e+00 
 2.18183707e-05  3.06412466e+00  2.18183707e-05 -3.06401904e-04  2.18183707e-05  5.00000000e+00 
 2.18679471e-05  3.06412466e+00  2.18679471e-05 -3.06423063e-04  2.18679471e-05  5.00000000e+00 
 2.19175234e-05  3.06412466e+00  2.19175234e-05 -3.06401965e-04  2.19175234e-05  5.00000000e+00 
 2.19670998e-05  3.06412466e+00  2.19670998e-05 -3.06423002e-04  2.19670998e-05  5.00000000e+00 
 2.20166761e-05  3.06412466e+00  2.20166761e-05 -3.06402026e-04  2.20166761e-05  5.00000000e+00 
 2.20662525e-05  3.06412466e+00  2.20662525e-05 -3.06422941e-04  2.20662525e-05  5.00000000e+00 
 2.21158288e-05  3.06412466e+00  2.21158288e-05 -3.06402087e-04  2.21158288e-05  5.00000000e+00 
 2.21654051e-05  3.06412466e+00  2.21654051e-05 -3.06422880e-04  2.21654051e-05  5.00000000e+00 
 2.22149815e-05  3.06412466e+00  2.22149815e-05 -3.06402148e-04  2.22149815e-05  5.00000000e+00 
 2.22645578e-05  3.06412466e+00  2.22645578e-05 -3.06422819e-04  2.22645578e-05  5.00000000e+00 
 2.23141342e-05  3.06412466e+00  2.23141342e-05 -3.06402209e-04  2.23141342e-05  5.00000000e+00 
 2.23637105e-05  3.06412466e+00  2.23637105e-05 -3.06422759e-04  2.23637105e-05  5.00000000e+00 
 2.24132869e-05  3.06412466e+00  2.24132869e-05 -3.06402269e-04  2.24132869e-05  5.00000000e+00 
 2.24628632e-05  3.06412466e+00  2.24628632e-05 -3.06422698e-04  2.24628632e-05  5.00000000e+00 
 2.25124396e-05  3.06412466e+00  2.25124396e-05 -3.06402330e-04  2.25124396e-05  5.00000000e+00 
 2.25620159e-05  3.06412466e+00  2.25620159e-05 -3.06422638e-04  2.25620159e-05  5.00000000e+00 
 2.26115923e-05  3.06412466e+00  2.26115923e-05 -3.06402390e-04  2.26115923e-05  5.00000000e+00 
 2.26611686e-05  3.06412466e+00  2.26611686e-05 -3.06422578e-04  2.26611686e-05  5.00000000e+00 
 2.27107449e-05  3.06412466e+00  2.27107449e-05 -3.06402450e-04  2.27107449e-05  5.00000000e+00 
 2.27603213e-05  3.06412466e+00  2.27603213e-05 -3.06422518e-04  2.27603213e-05  5.00000000e+00 
 2.28098976e-05  3.06412466e+00  2.28098976e-05 -3.06402510e-04  2.28098976e-05  5.00000000e+00 
 2.28594740e-05  3.06412466e+00  2.28594740e-05 -3.06422458e-04  2.28594740e-05  5.00000000e+00 
 2.29090503e-05  3.06412466e+00  2.29090503e-05 -3.06402569e-04  2.29090503e-05  5.00000000e+00 
 2.29586267e-05  3.06412466e+00  2.29586267e-05 -3.06422399e-04  2.29586267e-05  5.00000000e+00 
 2.30082030e-05  3.06412466e+00  2.30082030e-05 -3.06402629e-04  2.30082030e-05  5.00000000e+00 
 2.30577794e-05  3.06412466e+00  2.30577794e-05 -3.06422339e-04  2.30577794e-05  5.00000000e+00 
 2.31073557e-05  3.06412466e+00  2.31073557e-05 -3.06402688e-04  2.31073557e-05  5.00000000e+00 
 2.31569321e-05  3.06412466e+00  2.31569321e-05 -3.06422280e-04  2.31569321e-05  5.00000000e+00 
 2.32065084e-05  3.06412466e+00  2.32065084e-05 -3.06402747e-04  2.32065084e-05  5.00000000e+00 
 2.32560847e-05  3.06412466e+00  2.32560847e-05 -3.06422221e-04  2.32560847e-05  5.00000000e+00 
 2.33056611e-05  3.06412466e+00  2.33056611e-05 -3.06402806e-04  2.33056611e-05  5.00000000e+00 
 2.33552374e-05  3.06412466e+00  2.33552374e-05 -3.06422163e-04  2.33552374e-05  5.00000000e+00 
 2.34048138e-05  3.06412466e+00  2.34048138e-05 -3.06402864e-04  2.34048138e-05  5.00000000e+00 
 2.34543901e-05  3.06412466e+00  2.34543901e-05 -3.06422104e-04  2.34543901e-05  5.00000000e+00 
 2.35039665e-05  3.06412466e+00  2.35039665e-05 -3.06402923e-04  2.35039665e-05  5.00000000e+00 
 2.35535428e-05  3.06412466e+00  2.35535428e-05 -3.06422046e-04  2.35535428e-05  5.00000000e+00 
 2.36031192e-05  3.06412466e+00  2.36031192e-05 -3.06402981e-04  2.36031192e-05  5.00000000e+00 
 2.36526955e-05  3.06412466e+00  2.36526955e-05 -3.06421988e-04  2.36526955e-05  5.00000000e+00 
 2.37022719e-05  3.06412466e+00  2.37022719e-05 -3.06403039e-04  2.37022719e-05  5.00000000e+00 
 2.37518482e-05  3.06412466e+00  2.37518482e-05 -3.06421930e-04  2.37518482e-05  5.00000000e+00 
 2.38014245e-05  3.06412466e+00  2.38014245e-05 -3.06403097e-04  2.38014245e-05  5.00000000e+00 
 2.38510009e-05  3.06412466e+00  2.38510009e-05 -3.06421872e-04  2.38510009e-05  5.00000000e+00 
 2.39005772e-05  3.06412466e+00  2.39005772e-05 -3.06403154e-04  2.39005772e-05  5.00000000e+00 
 2.39501536e-05  3.06412466e+00  2.39501536e-05 -3.06421815e-04  2.39501536e-05  5.00000000e+00 
 2.39997299e-05  3.06412466e+00  2.39997299e-05 -3.06403211e-04  2.39997299e-05  5.00000000e+00 
 2.40493063e-05  3.06412466e+00  2.40493063e-05 -3.06421758e-04  2.40493063e-05  5.00000000e+00 
 2.40988826e-05  3.06412466e+00  2.40988826e-05 -3.06403268e-04  2.40988826e-05  5.00000000e+00 
 2.41484590e-05  3.06412466e+00  2.41484590e-05 -3.06421701e-04  2.41484590e-05  5.00000000e+00 
 2.41980353e-05  3.06412466e+00  2.41980353e-05 -3.06403325e-04  2.41980353e-05  5.00000000e+00 
 2.42476117e-05  3.06412466e+00  2.42476117e-05 -3.06421644e-04  2.42476117e-05  5.00000000e+00 
 2.42971880e-05  3.06412466e+00  2.42971880e-05 -3.06403382e-04  2.42971880e-05  5.00000000e+00 
 2.43467643e-05  3.06412466e+00  2.43467643e-05 -3.06421588e-04  2.43467643e-05  5.00000000e+00 
 2.43963407e-05  3.06412466e+00  2.43963407e-05 -3.06403438e-04  2.43963407e-05  5.00000000e+00 
 2.44459170e-05  3.06412466e+00  2.44459170e-05 -3.06421532e-04  2.44459170e-05  5.00000000e+00 
 2.44954934e-05  3.06412466e+00  2.44954934e-05 -3.06403494e-04  2.44954934e-05  5.00000000e+00 
 2.45450697e-05  3.06412466e+00  2.45450697e-05 -3.06421476e-04  2.45450697e-05  5.00000000e+00 
 2.45946461e-05  3.06412466e+00  2.45946461e-05 -3.06403550e-04  2.45946461e-05  5.00000000e+00 
 2.46442224e-05  3.06412466e+00  2.46442224e-05 -3.06421420e-04  2.46442224e-05  5.00000000e+00 
 2.46937988e-05  3.06412466e+00  2.46937988e-05 -3.06403605e-04  2.46937988e-05  5.00000000e+00 
 2.47433751e-05  3.06412466e+00  2.47433751e-05 -3.06421365e-04  2.47433751e-05  5.00000000e+00 
 2.47881727e-05  3.06412466e+00  2.47881727e-05 -3.06403663e-04  2.47881727e-05  5.00000000e+00 
 2.47907321e-05  3.06297342e+00  2.47907321e-05 -2.62086168e-04  2.47907321e-05  4.97418708e+00 
 2.47958510e-05  3.05858424e+00  2.47958510e-05 -1.80186566e-04  2.47958510e-05  4.92256124e+00 
 2.48060887e-05  3.04047427e+00  2.48060887e-05 -7.72937151e-05  2.48060887e-05  4.81930957e+00 
 2.48163692e-05  3.01475970e+00  2.48163692e-05 -2.89947906e-05  2.48163692e-05  4.71562560e+00 
 2.48253379e-05  2.98959855e+00  2.48253379e-05 -1.10152312e-05  2.48253379e-05  4.62517166e+00 
 2.48319687e-05  2.97036352e+00  2.48319687e-05 -5.24645276e-06  2.48319687e-05  4.55829737e+00 
 2.48389762e-05  2.94987081e+00  2.48389762e-05 -2.26738672e-06  2.48389762e-05  4.48762375e+00 
 2.48485034e-05  2.92202829e+00  2.48485034e-05 -7.77741537e-07  2.48485034e-05  4.39153749e+00 
 2.48585411e-05  2.89287937e+00  2.48585411e-05 -2.59837552e-07  2.48585411e-05  4.29030285e+00 
 2.48779899e-05  2.83716778e+00  2.48779899e-05 -1.75174152e-07  2.48779899e-05  4.09415281e+00 
 2.49021892e-05  2.76932596e+00  2.49021892e-05 -1.23149025e-07  2.49021892e-05  3.85009223e+00 
 2.49505877e-05  2.63844806e+00  2.49505877e-05 -1.69722410e-07  2.49505877e-05  3.36197107e+00 
 2.50001640e-05  2.51079075e+00  2.50001640e-05 -1.23074933e-07  2.50001640e-05  2.86197107e+00 
 2.50497404e-05  2.38930671e+00  2.50497404e-05 -1.69722399e-07  2.50497404e-05  2.36197107e+00 
 2.50993167e-05  2.27369704e+00  2.50993167e-05 -1.23074933e-07  2.50993167e-05  1.86197107e+00 
 2.51488931e-05  2.16367805e+00  2.51488931e-05 -1.69722399e-07  2.51488931e-05  1.36197107e+00 
 2.51984694e-05  2.05897901e+00  2.51984694e-05 -1.23074933e-07  2.51984694e-05  8.61971074e-01 
 2.52412028e-05  1.97280814e+00  2.52412028e-05 -1.69722399e-07  2.52412028e-05  4.30985537e-01 
 2.52839362e-05  1.89024088e+00  2.52839362e-05 -1.23074933e-07  2.52839362e-05  0.00000000e+00 
 2.52888938e-05  1.88092007e+00  2.52888938e-05 -2.40200000e-11  2.52888938e-05  0.00000000e+00 
 2.52964605e-05  1.86674742e+00  2.52964605e-05 -2.40200000e-11  2.52964605e-05  0.00000000e+00 
 2.53010130e-05  1.85827215e+00  2.53010130e-05 -2.40200000e-11  2.53010130e-05  0.00000000e+00 
 2.53053428e-05  1.85024709e+00  2.53053428e-05 -2.40200000e-11  2.53053428e-05  0.00000000e+00 
 2.53140023e-05  1.83430072e+00  2.53140023e-05 -2.40200000e-11  2.53140023e-05  0.00000000e+00 
 2.53300540e-05  1.80510414e+00  2.53300540e-05 -2.40200000e-11  2.53300540e-05  0.00000000e+00 
 2.53621574e-05  1.74809412e+00  2.53621574e-05 -2.40200000e-11  2.53621574e-05  0.00000000e+00 
 2.54117338e-05  1.66356220e+00  2.54117338e-05 -2.40200000e-11  2.54117338e-05  0.00000000e+00 
 2.54613101e-05  1.58311795e+00  2.54613101e-05 -2.40200000e-11  2.54613101e-05  0.00000000e+00 
 2.55108864e-05  1.50656372e+00  2.55108864e-05 -2.40200000e-11  2.55108864e-05  0.00000000e+00 
 2.55604628e-05  1.43371139e+00  2.55604628e-05 -2.40200000e-11  2.55604628e-05  0.00000000e+00 
 2.56100391e-05  1.36438196e+00  2.56100391e-05 -2.40200000e-11  2.56100391e-05  0.00000000e+00 
 2.56596155e-05  1.29840505e+00  2.56596155e-05 -2.40200000e-11  2.56596155e-05  0.00000000e+00 
 2.57091918e-05  1.23561858e+00  2.57091918e-05 -2.40200000e-11  2.57091918e-05  0.00000000e+00 
 2.57587682e-05  1.17586824e+00  2.57587682e-05 -2.40200000e-11  2.57587682e-05  0.00000000e+00 
 2.58083445e-05  1.11900722e+00  2.58083445e-05 -2.40200000e-11  2.58083445e-05  0.00000000e+00 
 2.58579209e-05  1.06489582e+00  2.58579209e-05 -2.40200000e-11  2.58579209e-05  0.00000000e+00 
 2.59074972e-05  1.01340106e+00  2.59074972e-05 -2.40200000e-11  2.59074972e-05  0.00000000e+00 
 2.59570736e-05  9.64396403e-01  2.59570736e-05 -2.40200000e-11  2.59570736e-05  0.00000000e+00 
 2.60066499e-05  9.17761455e-01  2.60066499e-05 -2.40200000e-11  2.60066499e-05  0.00000000e+00 
 2.60562262e-05  8.73381611e-01  2.60562262e-05 -2.40200000e-11  2.60562262e-05  0.00000000e+00 
 2.61058026e-05  8.31147830e-01  2.61058026e-05 -2.40200000e-11  2.61058026e-05  0.00000000e+00 
 2.61553789e-05  7.90956328e-01  2.61553789e-05 -2.40200000e-11  2.61553789e-05  0.00000000e+00 
 2.62049553e-05  7.52708356e-01  2.62049553e-05 -2.40200000e-11  2.62049553e-05  0.00000000e+00 
 2.62545316e-05  7.16309922e-01  2.62545316e-05 -2.40200000e-11  2.62545316e-05  0.00000000e+00 
 2.63041080e-05  6.81671597e-01  2.63041080e-05 -2.40200000e-11  2.63041080e-05  0.00000000e+00 
 2.63536843e-05  6.48708261e-01  2.63536843e-05 -2.40200000e-11  2.63536843e-05  0.00000000e+00 
 2.64032607e-05  6.17338924e-01  2.64032607e-05 -2.40200000e-11  2.64032607e-05  0.00000000e+00 
 2.64528370e-05  5.87486498e-01  2.64528370e-05 -2.40200000e-11  2.64528370e-05  0.00000000e+00 
 2.65024134e-05  5.59077639e-01  2.65024134e-05 -2.40200000e-11  2.65024134e-05  0.00000000e+00 
 2.65519897e-05  5.32042532e-01  2.65519897e-05 -2.40200000e-11  2.65519897e-05  0.00000000e+00 
 2.66015660e-05  5.06314755e-01  2.66015660e-05 -2.40200000e-11  2.66015660e-05  0.00000000e+00 
 2.66511424e-05  4.81831083e-01  2.66511424e-05 -2.40200000e-11  2.66511424e-05  0.00000000e+00 
 2.67007187e-05  4.58531362e-01  2.67007187e-05 -2.40200000e-11  2.67007187e-05  0.00000000e+00 
 2.67502951e-05  4.36358333e-01  2.67502951e-05 -2.40200000e-11  2.67502951e-05  0.00000000e+00 
 2.67998714e-05  4.15257521e-01  2.67998714e-05 -2.40200000e-11  2.67998714e-05  0.00000000e+00 
 2.68494478e-05  3.95177069e-01  2.68494478e-05 -2.40200001e-11  2.68494478e-05  0.00000000e+00 
 2.68990241e-05  3.76067644e-01  2.68990241e-05 -2.40200002e-11  2.68990241e-05  0.00000000e+00 
 2.69486005e-05  3.57882281e-01  2.69486005e-05 -2.40200004e-11  2.69486005e-05  0.00000000e+00 
 2.69981768e-05  3.40576306e-01  2.69981768e-05 -2.40200007e-11  2.69981768e-05  0.00000000e+00 
 2.70477532e-05  3.24107185e-01  2.70477532e-05 -2.40200014e-11  2.70477532e-05  0.00000000e+00 
 2.70973295e-05  3.08434459e-01  2.70973295e-05 -2.40200025e-11  2.70973295e-05  0.00000000e+00 
 2.71469058e-05  2.93519609e-01  2.71469058e-05 -2.40200046e-11  2.71469058e-05  0.00000000e+00 
 2.71964822e-05  2.79325995e-01  2.71964822e-05 -2.40200080e-11  2.71964822e-05  0.00000000e+00 
 2.72460585e-05  2.65818732e-01  2.72460585e-05 -2.40200137e-11  2.72460585e-05  0.00000000e+00 
 2.72956349e-05  2.52964638e-01  2.72956349e-05 -2.40200229e-11  2.72956349e-05  0.00000000e+00 
 2.73452112e-05  2.40732121e-01  2.73452112e-05 -2.40200372e-11  2.73452112e-05  0.00000000e+00 
 2.73947876e-05  2.29091132e-01  2.73947876e-05 -2.40200592e-11  2.73947876e-05  0.00000000e+00 
 2.74443639e-05  2.18013057e-01  2.74443639e-05 -2.40200920e-11  2.74443639e-05  0.00000000e+00 
 2.74939403e-05  2.07470684e-01  2.74939403e-05 -2.40201402e-11  2.74939403e-05  0.00000000e+00 
 2.75435166e-05  1.97438101e-01  2.75435166e-05 -2.40202092e-11  2.75435166e-05  0.00000000e+00 
 2.75930930e-05  1.87890664e-01  2.75930930e-05 -2.40203065e-11  2.75930930e-05  0.00000000e+00 
 2.76426693e-05  1.78804904e-01  2.76426693e-05 -2.40204408e-11  2.76426693e-05  0.00000000e+00 
 2.76922456e-05  1.70158505e-01  2.76922456e-05 -2.40206233e-11  2.76922456e-05  0.00000000e+00 
 2.77418220e-05  1.61930213e-01  2.77418220e-05 -2.40208666e-11  2.77418220e-05  0.00000000e+00 
 2.77913983e-05  1.54099817e-01  2.77913983e-05 -2.40211864e-11  2.77913983e-05  0.00000000e+00 
 2.78409747e-05  1.46648069e-01  2.78409747e-05 -2.40215994e-11  2.78409747e-05  0.00000000e+00 
 2.78905510e-05  1.39556666e-01  2.78905510e-05 -2.40221266e-11  2.78905510e-05  0.00000000e+00 
 2.79401274e-05  1.32808175e-01  2.79401274e-05 -2.40227880e-11  2.79401274e-05  0.00000000e+00 
 2.79897037e-05  1.26386023e-01  2.79897037e-05 -2.40236095e-11  2.79897037e-05  0.00000000e+00 
 2.80392801e-05  1.20274420e-01  2.80392801e-05 -2.40246136e-11  2.80392801e-05  0.00000000e+00 
 2.80888564e-05  1.14458357e-01  2.80888564e-05 -2.40258305e-11  2.80888564e-05  0.00000000e+00 
 2.81384328e-05  1.08923536e-01  2.81384328e-05 -2.40272830e-11  2.81384328e-05  0.00000000e+00 
 2.81880091e-05  1.03656364e-01  2.81880091e-05 -2.40290044e-11  2.81880091e-05  0.00000000e+00 
 2.82375854e-05  9.86438905e-02  2.82375854e-05 -2.40310153e-11  2.82375854e-05  0.00000000e+00 
 2.82871618e-05  9.38738074e-02  2.82871618e-05 -2.40333506e-11  2.82871618e-05  0.00000000e+00 
 2.83367381e-05  8.93343852e-02  2.83367381e-05 -2.40360257e-11  2.83367381e-05  0.00000000e+00 
 2.83863145e-05  8.50144784e-02  2.83863145e-05 -2.40390762e-11  2.83863145e-05  0.00000000e+00 
 2.84358908e-05  8.09034634e-02  2.84358908e-05 -2.40425086e-11  2.84358908e-05  0.00000000e+00 
 2.84854672e-05  7.69912475e-02  2.84854672e-05 -2.40463585e-11  2.84854672e-05  0.00000000e+00 
 2.85350435e-05  7.32682088e-02  2.85350435e-05 -2.40506208e-11  2.85350435e-05  0.00000000e+00 
 2.85846199e-05  6.97252080e-02  2.85846199e-05 -2.40553305e-11  2.85846199e-05  0.00000000e+00 
 2.86341962e-05  6.63535305e-02  2.86341962e-05 -2.40604684e-11  2.86341962e-05  0.00000000e+00 
 2.86837726e-05  6.31449001e-02  2.86837726e-05 -2.40660694e-11  2.86837726e-05  0.00000000e+00 
 2.87333489e-05  6.00914240e-02  2.87333489e-05 -2.40720981e-11  2.87333489e-05  0.00000000e+00 
 2.87829252e-05  5.71856080e-02  2.87829252e-05 -2.40785907e-11  2.87829252e-05  0.00000000e+00 
 2.88325016e-05  5.44203031e-02  2.88325016e-05 -2.40854941e-11  2.88325016e-05  0.00000000e+00 
 2.88820779e-05  5.17887233e-02  2.88820779e-05 -2.40928476e-11  2.88820779e-05  0.00000000e+00 
 2.89316543e-05  4.92843936e-02  2.89316543e-05 -2.41005797e-11  2.89316543e-05  0.00000000e+00 
 2.89812306e-05  4.69011690e-02  2.89812306e-05 -2.41087348e-11  2.89812306e-05  0.00000000e+00 
 2.90308070e-05  4.46331849e-02  2.90308070e-05 -2.41172232e-11  2.90308070e-05  0.00000000e+00 
 2.90803833e-05  4.24748771e-02  2.90803833e-05 -2.41260968e-11  2.90803833e-05  0.00000000e+00 
 2.91299597e-05  4.04209335e-02  2.91299597e-05 -2.41352476e-11  2.91299597e-05  0.00000000e+00 
 2.91795360e-05  3.84663159e-02  2.91795360e-05 -2.41447379e-11  2.91795360e-05  0.00000000e+00 
 2.92291124e-05  3.66062128e-02  2.92291124e-05 -2.41544417e-11  2.92291124e-05  0.00000000e+00 
 2.92786887e-05  3.48360622e-02  2.92786887e-05 -2.41644340e-11  2.92786887e-05  0.00000000e+00 
 2.93282650e-05  3.31515059e-02  2.93282650e-05 -2.41745718e-11  2.93282650e-05  0.00000000e+00 
 2.93778414e-05  3.15484133e-02  2.93778414e-05 -2.41849449e-11  2.93778414e-05  0.00000000e+00 
 2.94274177e-05  3.00228366e-02  2.94274177e-05 -2.41953939e-11  2.94274177e-05  0.00000000e+00 
 2.94769941e-05  2.85710359e-02  2.94769941e-05 -2.42060251e-11  2.94769941e-05  0.00000000e+00 
 2.95265704e-05  2.71894351e-02  2.95265704e-05 -2.42166636e-11  2.95265704e-05  0.00000000e+00 
 2.95761468e-05  2.58746481e-02  2.95761468e-05 -2.42274336e-11  2.95761468e-05  0.00000000e+00 
 2.96257231e-05  2.46234356e-02  2.96257231e-05 -2.42381455e-11  2.96257231e-05  0.00000000e+00 
 2.96752995e-05  2.34327316e-02  2.96752995e-05 -2.42489422e-11  2.96752995e-05  0.00000000e+00 
 2.97248758e-05  2.22996019e-02  2.97248758e-05 -2.42596198e-11  2.97248758e-05  0.00000000e+00 
 2.97744522e-05  2.12212708e-02  2.97744522e-05 -2.42703409e-11  2.97744522e-05  0.00000000e+00 
 2.98240285e-05  2.01950798e-02  2.98240285e-05 -2.42808877e-11  2.98240285e-05  0.00000000e+00 
 2.98736048e-05  1.92185162e-02  2.98736048e-05 -2.42914423e-11  2.98736048e-05  0.00000000e+00 
 2.99231812e-05  1.82891717e-02  2.99231812e-05 -2.43017741e-11  2.99231812e-05  0.00000000e+00 
 2.99727575e-05  1.74047714e-02  2.99727575e-05 -2.43120844e-11  2.99727575e-05  0.00000000e+00 
 3.00223339e-05  1.65631335e-02  3.00223339e-05 -2.43221299e-11  3.00223339e-05  0.00000000e+00 
 3.00719102e-05  1.57621986e-02  3.00719102e-05 -2.43321307e-11  3.00719102e-05  0.00000000e+00 
 3.01214866e-05  1.49999900e-02  3.01214866e-05 -2.43418316e-11  3.01214866e-05  0.00000000e+00 
 3.01710629e-05  1.42746434e-02  3.01710629e-05 -2.43514706e-11  3.01710629e-05  0.00000000e+00 
 3.02206393e-05  1.35843680e-02  3.02206393e-05 -2.43607812e-11  3.02206393e-05  0.00000000e+00 
 3.02702156e-05  1.29274761e-02  3.02702156e-05 -2.43700182e-11  3.02702156e-05  0.00000000e+00 
 3.03197920e-05  1.23023451e-02  3.03197920e-05 -2.43789041e-11  3.03197920e-05  0.00000000e+00 
 3.03693683e-05  1.17074475e-02  3.03693683e-05 -2.43877098e-11  3.03693683e-05  0.00000000e+00 
 3.04189446e-05  1.11413130e-02  3.04189446e-05 -2.43961475e-11  3.04189446e-05  0.00000000e+00 
 3.04685210e-05  1.06025590e-02  3.04685210e-05 -2.44045028e-11  3.04685210e-05  0.00000000e+00 
 3.05180973e-05  1.00898532e-02  3.05180973e-05 -2.44124779e-11  3.05180973e-05  0.00000000e+00 
 3.05676737e-05  9.60194428e-03  3.05676737e-05 -2.44203722e-11  3.05676737e-05  0.00000000e+00 
 3.06172500e-05  9.13762478e-03  3.06172500e-05 -2.44278784e-11  3.06172500e-05  0.00000000e+00 
 3.06668264e-05  8.69576243e-03  3.06668264e-05 -2.44353086e-11  3.06668264e-05  0.00000000e+00 
 3.07164027e-05  8.27526283e-03  3.07164027e-05 -2.44423467e-11  3.07164027e-05  0.00000000e+00 
 3.07659791e-05  7.87510139e-03  3.07659791e-05 -2.44493160e-11  3.07659791e-05  0.00000000e+00 
 3.08155554e-05  7.49428620e-03  3.08155554e-05 -2.44558923e-11  3.08155554e-05  0.00000000e+00 
 3.08651318e-05  7.13189015e-03  3.08651318e-05 -2.44624090e-11  3.08651318e-05  0.00000000e+00 
 3.09147081e-05  6.78701416e-03  3.09147081e-05 -2.44685342e-11  3.09147081e-05  0.00000000e+00 
 3.09642844e-05  6.45881940e-03  3.09642844e-05 -2.44746106e-11  3.09642844e-05  0.00000000e+00 
 3.10138608e-05  6.14649084e-03  3.10138608e-05 -2.44802993e-11  3.10138608e-05  0.00000000e+00 
 3.10634371e-05  5.84926963e-03  3.10634371e-05 -2.44859511e-11  3.10634371e-05  0.00000000e+00 
 3.11130135e-05  5.56641685e-03  3.11130135e-05 -2.44912204e-11  3.11130135e-05  0.00000000e+00 
 3.11625898e-05  5.29724605e-03  3.11625898e-05 -2.44964653e-11  3.11625898e-05  0.00000000e+00 
 3.12121662e-05  5.04108728e-03  3.12121662e-05 -2.45013344e-11  3.12121662e-05  0.00000000e+00 
 3.12617425e-05  4.79731965e-03  3.12617425e-05 -2.45061919e-11  3.12617425e-05  0.00000000e+00 
 3.13113189e-05  4.56533563e-03  3.13113189e-05 -2.45106812e-11  3.13113189e-05  0.00000000e+00 
 3.13608952e-05  4.34457374e-03  3.13608952e-05 -2.45151718e-11  3.13608952e-05  0.00000000e+00 
 3.14104716e-05  4.13448300e-03  3.14104716e-05 -2.45193025e-11  3.14104716e-05  0.00000000e+00 
 3.14600479e-05  3.93455568e-03  3.14600479e-05 -2.45234473e-11  3.14600479e-05  0.00000000e+00 
 3.15096242e-05  3.74429204e-03  3.15096242e-05 -2.45272409e-11  3.15096242e-05  0.00000000e+00 
 3.15592006e-05  3.56323304e-03  3.15592006e-05 -2.45310612e-11  3.15592006e-05  0.00000000e+00 
 3.16087769e-05  3.39092531e-03  3.16087769e-05 -2.45345391e-11  3.16087769e-05  0.00000000e+00 
 3.16583533e-05  3.22695393e-03  3.16583533e-05 -2.45380558e-11  3.16583533e-05  0.00000000e+00 
 3.17079296e-05  3.07090753e-03  3.17079296e-05 -2.45412392e-11  3.17079296e-05  0.00000000e+00 
 3.17575060e-05  2.92241113e-03  3.17575060e-05 -2.45444729e-11  3.17575060e-05  0.00000000e+00 
 3.18070823e-05  2.78109140e-03  3.18070823e-05 -2.45473823e-11  3.18070823e-05  0.00000000e+00 
 3.18566587e-05  2.64660952e-03  3.18566587e-05 -2.45503530e-11  3.18566587e-05  0.00000000e+00 
 3.19062350e-05  2.51862664e-03  3.19062350e-05 -2.45530082e-11  3.19062350e-05  0.00000000e+00 
 3.19558114e-05  2.39683667e-03  3.19558114e-05 -2.45557350e-11  3.19558114e-05  0.00000000e+00 
 3.20053877e-05  2.28093196e-03  3.20053877e-05 -2.45581550e-11  3.20053877e-05  0.00000000e+00 
 3.20549640e-05  2.17063610e-03  3.20549640e-05 -2.45606561e-11  3.20549640e-05  0.00000000e+00 
 3.21045404e-05  2.06566970e-03  3.21045404e-05 -2.45628589e-11  3.21045404e-05  0.00000000e+00 
 3.21541167e-05  1.96578318e-03  3.21541167e-05 -2.45651518e-11  3.21541167e-05  0.00000000e+00 
 3.22036931e-05  1.87072279e-03  3.22036931e-05 -2.45671545e-11  3.22036931e-05  0.00000000e+00 
 3.22532694e-05  1.78026324e-03  3.22532694e-05 -2.45692554e-11  3.22532694e-05  0.00000000e+00 
 3.23028458e-05  1.69417397e-03  3.23028458e-05 -2.45710740e-11  3.23028458e-05  0.00000000e+00 
 3.23524221e-05  1.61225173e-03  3.23524221e-05 -2.45729984e-11  3.23524221e-05  0.00000000e+00 
 3.24019985e-05  1.53428693e-03  3.24019985e-05 -2.45746479e-11  3.24019985e-05  0.00000000e+00 
 3.24515748e-05  1.46009628e-03  3.24515748e-05 -2.45764101e-11  3.24515748e-05  0.00000000e+00 
 3.25011511e-05  1.38948922e-03  3.25011511e-05 -2.45779046e-11  3.25011511e-05  0.00000000e+00 
 3.25507275e-05  1.32230049e-03  3.25507275e-05 -2.45795180e-11  3.25507275e-05  0.00000000e+00 
 3.26003038e-05  1.25835678e-03  3.26003038e-05 -2.45808705e-11  3.26003038e-05  0.00000000e+00 
 3.26498802e-05  1.19750916e-03  3.26498802e-05 -2.45823475e-11  3.26498802e-05  0.00000000e+00 
 3.26994565e-05  1.13959994e-03  3.26994565e-05 -2.45835701e-11  3.26994565e-05  0.00000000e+00 
 3.27490329e-05  1.08449500e-03  3.27490329e-05 -2.45849223e-11  3.27490329e-05  0.00000000e+00 
 3.27986092e-05  1.03205078e-03  3.27986092e-05 -2.45860262e-11  3.27986092e-05  0.00000000e+00 
 3.28481856e-05  9.82146541e-04  3.28481856e-05 -2.45872642e-11  3.28481856e-05  0.00000000e+00 
 3.28977619e-05  9.34651552e-04  3.28977619e-05 -2.45882598e-11  3.28977619e-05  0.00000000e+00 
 3.29473383e-05  8.89457207e-04  3.29473383e-05 -2.45893934e-11  3.29473383e-05  0.00000000e+00 
 3.29969146e-05  8.46444370e-04  3.29969146e-05 -2.45902903e-11  3.29969146e-05  0.00000000e+00 
 3.30464909e-05  8.05515418e-04  3.30464909e-05 -2.45913285e-11  3.30464909e-05  0.00000000e+00 
 3.30960673e-05  7.66561733e-04  3.30960673e-05 -2.45921354e-11  3.30960673e-05  0.00000000e+00 
 3.31456436e-05  7.29495627e-04  3.31456436e-05 -2.45930867e-11  3.31456436e-05  0.00000000e+00 
 3.31952200e-05  6.94218012e-04  3.31952200e-05 -2.45938116e-11  3.31952200e-05  0.00000000e+00 
 3.32447963e-05  6.60650196e-04  3.32447963e-05 -2.45946835e-11  3.32447963e-05  0.00000000e+00 
 3.32943727e-05  6.28701723e-04  3.32943727e-05 -2.45953339e-11  3.32943727e-05  0.00000000e+00 
 3.33439490e-05  5.98302045e-04  3.33439490e-05 -2.45961334e-11  3.33439490e-05  0.00000000e+00 
 3.33935254e-05  5.69368528e-04  3.33935254e-05 -2.45967161e-11  3.33935254e-05  0.00000000e+00 
 3.34431017e-05  5.41837994e-04  3.34431017e-05 -2.45974496e-11  3.34431017e-05  0.00000000e+00 
 3.34926781e-05  5.15634898e-04  3.34926781e-05 -2.45979707e-11  3.34926781e-05  0.00000000e+00 
 3.35422544e-05  4.90702732e-04  3.35422544e-05 -2.45986442e-11  3.35422544e-05  0.00000000e+00 
 3.35918307e-05  4.66972375e-04  3.35918307e-05 -2.45991094e-11  3.35918307e-05  0.00000000e+00 
 3.36414071e-05  4.44393354e-04  3.36414071e-05 -2.45997281e-11  3.36414071e-05  0.00000000e+00 
 3.36909834e-05  4.22902373e-04  3.36909834e-05 -2.46001425e-11  3.36909834e-05  0.00000000e+00 
 3.37405598e-05  4.02454419e-04  3.37405598e-05 -2.46007113e-11  3.37405598e-05  0.00000000e+00 
 3.37901361e-05  3.82991474e-04  3.37901361e-05 -2.46010799e-11  3.37901361e-05  0.00000000e+00 
 3.38397125e-05  3.64473466e-04  3.38397125e-05 -2.46016032e-11  3.38397125e-05  0.00000000e+00 
 3.38892888e-05  3.46847162e-04  3.38892888e-05 -2.46019301e-11  3.38892888e-05  0.00000000e+00 
 3.39388652e-05  3.30076961e-04  3.39388652e-05 -2.46024121e-11  3.39388652e-05  0.00000000e+00 
 3.39884415e-05  3.14113967e-04  3.39884415e-05 -2.46027011e-11  3.39884415e-05  0.00000000e+00 
 3.40380179e-05  2.98926623e-04  3.40380179e-05 -2.46031455e-11  3.40380179e-05  0.00000000e+00 
 3.40875942e-05  2.84469965e-04  3.40875942e-05 -2.46034004e-11  3.40875942e-05  0.00000000e+00 
 3.41371705e-05  2.70716093e-04  3.41371705e-05 -2.46038105e-11  3.41371705e-05  0.00000000e+00 
 3.41867469e-05  2.57623613e-04  3.41867469e-05 -2.46040344e-11  3.41867469e-05  0.00000000e+00 
 3.42363232e-05  2.45167929e-04  3.42363232e-05 -2.46044133e-11  3.42363232e-05  0.00000000e+00 
 3.42858996e-05  2.33310883e-04  3.42858996e-05 -2.46046093e-11  3.42858996e-05  0.00000000e+00 
 3.43354759e-05  2.22030870e-04  3.43354759e-05 -2.46049597e-11  3.43354759e-05  0.00000000e+00 
 3.43850523e-05  2.11292666e-04  3.43850523e-05 -2.46051304e-11  3.43850523e-05  0.00000000e+00 
 3.44346286e-05  2.01077368e-04  3.44346286e-05 -2.46054549e-11  3.44346286e-05  0.00000000e+00 
 3.44842050e-05  1.91352416e-04  3.44842050e-05 -2.46056028e-11  3.44842050e-05  0.00000000e+00 
 3.45337813e-05  1.82101350e-04  3.45337813e-05 -2.46059037e-11  3.45337813e-05  0.00000000e+00 
 3.45833577e-05  1.73294026e-04  3.45833577e-05 -2.46060310e-11  3.45833577e-05  0.00000000e+00 
 3.46329340e-05  1.64916191e-04  3.46329340e-05 -2.46063104e-11  3.46329340e-05  0.00000000e+00 
 3.46825103e-05  1.56939896e-04  3.46825103e-05 -2.46064192e-11  3.46825103e-05  0.00000000e+00 
 3.47320867e-05  1.49352879e-04  3.47320867e-05 -2.46066789e-11  3.47320867e-05  0.00000000e+00 
 3.47816630e-05  1.42129186e-04  3.47816630e-05 -2.46067709e-11  3.47816630e-05  0.00000000e+00 
 3.48312394e-05  1.35258353e-04  3.48312394e-05 -2.46070127e-11  3.48312394e-05  0.00000000e+00 
 3.48808157e-05  1.28716235e-04  3.48808157e-05 -2.46070898e-11  3.48808157e-05  0.00000000e+00 
 3.49303921e-05  1.22493995e-04  3.49303921e-05 -2.46073152e-11  3.49303921e-05  0.00000000e+00 
 3.49799684e-05  1.16569132e-04  3.49799684e-05 -2.46073787e-11  3.49799684e-05  0.00000000e+00 
 3.50295448e-05  1.10934271e-04  3.50295448e-05 -2.46075892e-11  3.50295448e-05  0.00000000e+00 
 3.50791211e-05  1.05568411e-04  3.50791211e-05 -2.46076405e-11  3.50791211e-05  0.00000000e+00 
 3.51286975e-05  1.00465495e-04  3.51286975e-05 -2.46078374e-11  3.51286975e-05  0.00000000e+00 
 3.51782738e-05  9.56058820e-05  3.51782738e-05 -2.46078778e-11  3.51782738e-05  0.00000000e+00 
 3.52278501e-05  9.09847075e-05  3.52278501e-05 -2.46080622e-11  3.52278501e-05  0.00000000e+00 
 3.52774265e-05  8.65835669e-05  3.52774265e-05 -2.46080928e-11  3.52774265e-05  0.00000000e+00 
 3.53270028e-05  8.23986677e-05  3.53270028e-05 -2.46082658e-11  3.53270028e-05  0.00000000e+00 
 3.53765792e-05  7.84127326e-05  3.53765792e-05 -2.46082877e-11  3.53765792e-05  0.00000000e+00 
 3.54261555e-05  7.46229339e-05  3.54261555e-05 -2.46084502e-11  3.54261555e-05  0.00000000e+00 
 3.54757319e-05  7.10130207e-05  3.54757319e-05 -2.46084643e-11  3.54757319e-05  0.00000000e+00 
 3.55253082e-05  6.75810334e-05  3.55253082e-05 -2.46086171e-11  3.55253082e-05  0.00000000e+00 
 3.55748846e-05  6.43116567e-05  3.55748846e-05 -2.46086243e-11  3.55748846e-05  0.00000000e+00 
 3.56244609e-05  6.12037108e-05  3.56244609e-05 -2.46087683e-11  3.56244609e-05  0.00000000e+00 
 3.56740373e-05  5.82427340e-05  3.56740373e-05 -2.46087693e-11  3.56740373e-05  0.00000000e+00 
 3.57236136e-05  5.54282466e-05  3.57236136e-05 -2.46089053e-11  3.57236136e-05  0.00000000e+00 
 3.57731899e-05  5.27465661e-05  3.57731899e-05 -2.46089007e-11  3.57731899e-05  0.00000000e+00 
 3.58227663e-05  5.01978405e-05  3.58227663e-05 -2.46090292e-11  3.58227663e-05  0.00000000e+00 
 3.58723426e-05  4.77690993e-05  3.58723426e-05 -2.46090198e-11  3.58723426e-05  0.00000000e+00 
 3.59219190e-05  4.54610526e-05  3.59219190e-05 -2.46091414e-11  3.59219190e-05  0.00000000e+00 
 3.59714953e-05  4.32613812e-05  3.59714953e-05 -2.46091278e-11  3.59714953e-05  0.00000000e+00 
 3.60210717e-05  4.11712979e-05  3.60210717e-05 -2.46092430e-11  3.60210717e-05  0.00000000e+00 
 3.60706480e-05  3.91790794e-05  3.60706480e-05 -2.46092256e-11  3.60706480e-05  0.00000000e+00 
 3.61202244e-05  3.72863875e-05  3.61202244e-05 -2.46093350e-11  3.61202244e-05  0.00000000e+00 
 3.61698007e-05  3.54820452e-05  3.61698007e-05 -2.46093143e-11  3.61698007e-05  0.00000000e+00 
 3.62193771e-05  3.37681143e-05  3.62193771e-05 -2.46094182e-11  3.62193771e-05  0.00000000e+00 
 3.62689534e-05  3.21339191e-05  3.62689534e-05 -2.46093947e-11  3.62689534e-05  0.00000000e+00 
 3.63185297e-05  3.05818770e-05  3.63185297e-05 -2.46094936e-11  3.63185297e-05  0.00000000e+00 
 3.63681061e-05  2.91017728e-05  3.63681061e-05 -2.46094675e-11  3.63681061e-05  0.00000000e+00 
 3.64176824e-05  2.76963398e-05  3.64176824e-05 -2.46095617e-11  3.64176824e-05  0.00000000e+00 
 3.64672588e-05  2.63557860e-05  3.64672588e-05 -2.46095336e-11  3.64672588e-05  0.00000000e+00 
 3.65168351e-05  2.50831239e-05  3.65168351e-05 -2.46096234e-11  3.65168351e-05  0.00000000e+00 
 3.65664115e-05  2.38689522e-05  3.65664115e-05 -2.46095934e-11  3.65664115e-05  0.00000000e+00 
 3.66159878e-05  2.27165292e-05  3.66159878e-05 -2.46096792e-11  3.66159878e-05  0.00000000e+00 
 3.66655642e-05  2.16168139e-05  3.66655642e-05 -2.46096477e-11  3.66655642e-05  0.00000000e+00 
 3.67151405e-05  2.05732808e-05  3.67151405e-05 -2.46097297e-11  3.67151405e-05  0.00000000e+00 
 3.67647169e-05  1.95772218e-05  3.67647169e-05 -2.46096970e-11  3.67647169e-05  0.00000000e+00 
 3.68142932e-05  1.86323004e-05  3.68142932e-05 -2.46097754e-11  3.68142932e-05  0.00000000e+00 
 3.68638695e-05  1.77301169e-05  3.68638695e-05 -2.46097416e-11  3.68638695e-05  0.00000000e+00 
 3.69134459e-05  1.68744990e-05  3.69134459e-05 -2.46098167e-11  3.69134459e-05  0.00000000e+00 
 3.69630222e-05  1.60573332e-05  3.69630222e-05 -2.46097821e-11  3.69630222e-05  0.00000000e+00 
 3.70125986e-05  1.52825890e-05  3.70125986e-05 -2.46098540e-11  3.70125986e-05  0.00000000e+00 
 3.70621749e-05  1.45424192e-05  3.70621749e-05 -2.46098189e-11  3.70621749e-05  0.00000000e+00 
 3.71117513e-05  1.38409145e-05  3.71117513e-05 -2.46098877e-11  3.71117513e-05  0.00000000e+00 
 3.71613276e-05  1.31704759e-05  3.71613276e-05 -2.46098522e-11  3.71613276e-05  0.00000000e+00 
 3.72109040e-05  1.25352970e-05  3.72109040e-05 -2.46099183e-11  3.72109040e-05  0.00000000e+00 
 3.72604803e-05  1.19280106e-05  3.72604803e-05 -2.46098825e-11  3.72604803e-05  0.00000000e+00 
 3.73100567e-05  1.13528961e-05  3.73100567e-05 -2.46099458e-11  3.73100567e-05  0.00000000e+00 
 3.73596330e-05  1.08028037e-05  3.73596330e-05 -2.46099100e-11  3.73596330e-05  0.00000000e+00 
 3.74092093e-05  1.02820832e-05  3.74092093e-05 -2.46099707e-11  3.74092093e-05  0.00000000e+00 
 3.74587857e-05  9.78378893e-06  3.74587857e-05 -2.46099349e-11  3.74587857e-05  0.00000000e+00 
 3.75083620e-05  9.31232737e-06  3.75083620e-05 -2.46099932e-11  3.75083620e-05  0.00000000e+00 
 3.75579384e-05  8.86094454e-06  3.75579384e-05 -2.46099575e-11  3.75579384e-05  0.00000000e+00 
 3.76075147e-05  8.43409119e-06  3.76075147e-05 -2.46100135e-11  3.76075147e-05  0.00000000e+00 
 3.76570911e-05  8.02519441e-06  3.76570911e-05 -2.46099781e-11  3.76570911e-05  0.00000000e+00 
 3.77066674e-05  7.63873754e-06  3.77066674e-05 -2.46100319e-11  3.77066674e-05  0.00000000e+00 
 3.77562438e-05  7.26831905e-06  3.77562438e-05 -2.46099968e-11  3.77562438e-05  0.00000000e+00 
 3.78058201e-05  6.91844439e-06  3.78058201e-05 -2.46100484e-11  3.78058201e-05  0.00000000e+00 
 3.78553965e-05  6.58287466e-06  3.78553965e-05 -2.46100138e-11  3.78553965e-05  0.00000000e+00 
 3.79049728e-05  6.26612789e-06  3.79049728e-05 -2.46100633e-11  3.79049728e-05  0.00000000e+00 
 3.79545491e-05  5.96211995e-06  3.79545491e-05 -2.46100293e-11  3.79545491e-05  0.00000000e+00 
 3.80041255e-05  5.67537276e-06  3.80041255e-05 -2.46100768e-11  3.80041255e-05  0.00000000e+00 
 3.80537018e-05  5.39994985e-06  3.80537018e-05 -2.46100433e-11  3.80537018e-05  0.00000000e+00 
 3.81032782e-05  5.14036914e-06  3.81032782e-05 -2.46100889e-11  3.81032782e-05  0.00000000e+00 
 3.81528545e-05  4.89083545e-06  3.81528545e-05 -2.46100561e-11  3.81528545e-05  0.00000000e+00 
 3.82024309e-05  4.65585548e-06  3.82024309e-05 -2.46100998e-11  3.82024309e-05  0.00000000e+00 
 3.82520072e-05  4.42976963e-06  3.82520072e-05 -2.46100678e-11  3.82520072e-05  0.00000000e+00 
 3.83015836e-05  4.21706679e-06  3.83015836e-05 -2.46101096e-11  3.83015836e-05  0.00000000e+00 
 3.83511599e-05  4.01221781e-06  3.83511599e-05 -2.46100784e-11  3.83511599e-05  0.00000000e+00 
 3.84007363e-05  3.81968778e-06  3.84007363e-05 -2.46101184e-11  3.84007363e-05  0.00000000e+00 
 3.84503126e-05  3.63407337e-06  3.84503126e-05 -2.46100881e-11  3.84503126e-05  0.00000000e+00 
 3.84998889e-05  3.45981040e-06  3.84998889e-05 -2.46101264e-11  3.84998889e-05  0.00000000e+00 
 3.85494653e-05  3.29161725e-06  3.85494653e-05 -2.46100969e-11  3.85494653e-05  0.00000000e+00 
 3.85990416e-05  3.13389543e-06  3.85990416e-05 -2.46101335e-11  3.85990416e-05  0.00000000e+00 
 3.86486180e-05  2.98148137e-06  3.86486180e-05 -2.46101050e-11  3.86486180e-05  0.00000000e+00 
 3.86981943e-05  2.83873768e-06  3.86981943e-05 -2.46101399e-11  3.86981943e-05  0.00000000e+00 
 3.87477707e-05  2.70061551e-06  3.87477707e-05 -2.46101123e-11  3.87477707e-05  0.00000000e+00 
 3.87973470e-05  2.57143443e-06  3.87973470e-05 -2.46101456e-11  3.87973470e-05  0.00000000e+00 
 3.88469234e-05  2.44625734e-06  3.88469234e-05 -2.46101191e-11  3.88469234e-05  0.00000000e+00 
 3.88964997e-05  2.32935690e-06  3.88964997e-05 -2.46101507e-11  3.88964997e-05  0.00000000e+00 
 3.89460761e-05  2.21590518e-06  3.89460761e-05 -2.46101252e-11  3.89460761e-05  0.00000000e+00 
 3.89956524e-05  2.11012442e-06  3.89956524e-05 -2.46101553e-11  3.89956524e-05  0.00000000e+00 
 3.90452287e-05  2.00729349e-06  3.90452287e-05 -2.46101309e-11  3.90452287e-05  0.00000000e+00 
 3.90948051e-05  1.91158098e-06  3.90948051e-05 -2.46101593e-11  3.90948051e-05  0.00000000e+00 
 3.91443814e-05  1.81837051e-06  3.91443814e-05 -2.46101360e-11  3.91443814e-05  0.00000000e+00 
 3.91939578e-05  1.73177405e-06  3.91939578e-05 -2.46101629e-11  3.91939578e-05  0.00000000e+00 
 3.92435341e-05  1.64727812e-06  3.92435341e-05 -2.46101408e-11  3.92435341e-05  0.00000000e+00 
 3.92931105e-05  1.56893537e-06  3.92931105e-05 -2.46101662e-11  3.92931105e-05  0.00000000e+00 
 3.93426868e-05  1.49233358e-06  3.93426868e-05 -2.46101452e-11  3.93426868e-05  0.00000000e+00 
 3.93922632e-05  1.42146356e-06  3.93922632e-05 -2.46101690e-11  3.93922632e-05  0.00000000e+00 
 3.94418395e-05  1.35201293e-06  3.94418395e-05 -2.46101492e-11  3.94418395e-05  0.00000000e+00 
 3.94914159e-05  1.28790837e-06  3.94914159e-05 -2.46101715e-11  3.94914159e-05  0.00000000e+00 
 3.95409922e-05  1.22493605e-06  3.95409922e-05 -2.46101529e-11  3.95409922e-05  0.00000000e+00 
 3.95905685e-05  1.16695641e-06  3.95905685e-05 -2.46101737e-11  3.95905685e-05  0.00000000e+00 
 3.96401449e-05  1.10985306e-06  3.96401449e-05 -2.46101563e-11  3.96401449e-05  0.00000000e+00 
 3.96897212e-05  1.05741825e-06  3.96897212e-05 -2.46101757e-11  3.96897212e-05  0.00000000e+00 
 3.97392976e-05  1.00563205e-06  3.97392976e-05 -2.46101595e-11  3.97392976e-05  0.00000000e+00 
 3.97888739e-05  9.58216714e-07  3.97888739e-05 -2.46101774e-11  3.97888739e-05  0.00000000e+00 
 3.98384503e-05  9.11247921e-07  3.98384503e-05 -2.46101624e-11  3.98384503e-05  0.00000000e+00 
 3.98880266e-05  8.68376275e-07  3.98880266e-05 -2.46101788e-11  3.98880266e-05  0.00000000e+00 
 3.99376030e-05  8.25772325e-07  3.99376030e-05 -2.46101651e-11  3.99376030e-05  0.00000000e+00 
 3.99871793e-05  7.87013478e-07  3.99871793e-05 -2.46101801e-11  3.99871793e-05  0.00000000e+00 
 4.00367557e-05  7.48364522e-07  4.00367557e-05 -2.46101676e-11  4.00367557e-05  0.00000000e+00 
 4.00863320e-05  7.13328242e-07  4.00863320e-05 -2.46101812e-11  4.00863320e-05  0.00000000e+00 
 4.01359083e-05  6.78263119e-07  4.01359083e-05 -2.46101700e-11  4.01359083e-05  0.00000000e+00 
 4.01854847e-05  6.46595996e-07  4.01854847e-05 -2.46101821e-11  4.01854847e-05  0.00000000e+00 
 4.02350610e-05  6.14778579e-07  4.02350610e-05 -2.46101722e-11  4.02350610e-05  0.00000000e+00 
 4.02846374e-05  5.86160547e-07  4.02846374e-05 -2.46101829e-11  4.02846374e-05  0.00000000e+00 
 4.03342137e-05  5.57286440e-07  4.03342137e-05 -2.46101742e-11  4.03342137e-05  0.00000000e+00 
 4.03837901e-05  5.31427632e-07  4.03837901e-05 -2.46101835e-11  4.03837901e-05  0.00000000e+00 
 4.04333664e-05  5.05221172e-07  4.04333664e-05 -2.46101761e-11  4.04333664e-05  0.00000000e+00 
 4.04829428e-05  4.81859073e-07  4.04829428e-05 -2.46101840e-11  4.04829428e-05  0.00000000e+00 
 4.05325191e-05  4.58070618e-07  4.05325191e-05 -2.46101779e-11  4.05325191e-05  0.00000000e+00 
 4.05820955e-05  4.36967481e-07  4.05820955e-05 -2.46101844e-11  4.05820955e-05  0.00000000e+00 
 4.06316718e-05  4.15370956e-07  4.06316718e-05 -2.46101796e-11  4.06316718e-05  0.00000000e+00 
 4.06812481e-05  3.96311463e-07  4.06812481e-05 -2.46101847e-11  4.06812481e-05  0.00000000e+00 
 4.07308245e-05  3.76702137e-07  4.07308245e-05 -2.46101812e-11  4.07308245e-05  0.00000000e+00 
 4.07804008e-05  3.59491286e-07  4.07804008e-05 -2.46101849e-11  4.07804008e-05  0.00000000e+00 
 4.08299772e-05  3.41683752e-07  4.08299772e-05 -2.46101827e-11  4.08299772e-05  0.00000000e+00 
 4.08795535e-05  3.26144940e-07  4.08795535e-05 -2.46101850e-11  4.08795535e-05  0.00000000e+00 
 4.09291299e-05  3.09971295e-07  4.09291299e-05 -2.46101842e-11  4.09291299e-05  0.00000000e+00 
 4.09787062e-05  2.95944579e-07  4.09787062e-05 -2.46101851e-11  4.09787062e-05  0.00000000e+00 
 4.10282826e-05  2.81252773e-07  4.10282826e-05 -2.46101855e-11  4.10282826e-05  0.00000000e+00 
 4.10778589e-05  2.68593298e-07  4.10778589e-05 -2.46101850e-11  4.10778589e-05  0.00000000e+00 
 4.11274353e-05  2.55245634e-07  4.11274353e-05 -2.46101868e-11  4.11274353e-05  0.00000000e+00 
 4.11770116e-05  2.43822215e-07  4.11770116e-05 -2.46101850e-11  4.11770116e-05  0.00000000e+00 
 4.12265879e-05  2.31693996e-07  4.12265879e-05 -2.46101881e-11  4.12265879e-05  0.00000000e+00 
 4.12761643e-05  2.21387819e-07  4.12761643e-05 -2.46101848e-11  4.12761643e-05  0.00000000e+00 
 4.13257406e-05  2.10366122e-07  4.13257406e-05 -2.46101893e-11  4.13257406e-05  0.00000000e+00 
 4.13753170e-05  2.01069586e-07  4.13753170e-05 -2.46101846e-11  4.13753170e-05  0.00000000e+00 
 4.14248933e-05  1.91052148e-07  4.14248933e-05 -2.46101904e-11  4.14248933e-05  0.00000000e+00 
 4.14744697e-05  1.82667799e-07  4.14744697e-05 -2.46101844e-11  4.14744697e-05  0.00000000e+00 
 4.15240460e-05  1.73562014e-07  4.15240460e-05 -2.46101915e-11  4.15240460e-05  0.00000000e+00 
 4.15736224e-05  1.66001593e-07  4.15736224e-05 -2.46101841e-11  4.15736224e-05  0.00000000e+00 
 4.16231987e-05  1.57723596e-07  4.16231987e-05 -2.46101925e-11  4.16231987e-05  0.00000000e+00 
 4.16727751e-05  1.50907170e-07  4.16727751e-05 -2.46101838e-11  4.16727751e-05  0.00000000e+00 
 4.17223514e-05  1.43381017e-07  4.17223514e-05 -2.46101935e-11  4.17223514e-05  0.00000000e+00 
 4.17719277e-05  1.37236192e-07  4.17719277e-05 -2.46101835e-11  4.17719277e-05  0.00000000e+00 
 4.18215041e-05  1.30393107e-07  4.18215041e-05 -2.46101945e-11  4.18215041e-05  0.00000000e+00 
 4.18710804e-05  1.24854320e-07  4.18710804e-05 -2.46101831e-11  4.18710804e-05  0.00000000e+00 
 4.19206568e-05  1.18632023e-07  4.19206568e-05 -2.46101955e-11  4.19206568e-05  0.00000000e+00 
 4.19702331e-05  1.13639893e-07  4.19702331e-05 -2.46101827e-11  4.19702331e-05  0.00000000e+00 
 4.20198095e-05  1.07981983e-07  4.20198095e-05 -2.46101964e-11  4.20198095e-05  0.00000000e+00 
 4.20693858e-05  1.03482733e-07  4.20693858e-05 -2.46101823e-11  4.20693858e-05  0.00000000e+00 
 4.21189622e-05  9.83381340e-08  4.21189622e-05 -2.46101973e-11  4.21189622e-05  0.00000000e+00 
 4.21685385e-05  9.42830577e-08  4.21685385e-05 -2.46101818e-11  4.21685385e-05  0.00000000e+00 
 4.22181149e-05  8.96055186e-08  4.22181149e-05 -2.46101982e-11  4.22181149e-05  0.00000000e+00 
 4.22676912e-05  8.59505047e-08  4.22676912e-05 -2.46101813e-11  4.22676912e-05  0.00000000e+00 
 4.23172675e-05  8.16981397e-08  4.23172675e-05 -2.46101990e-11  4.23172675e-05  0.00000000e+00 
 4.23668439e-05  7.84032383e-08  4.23668439e-05 -2.46101808e-11  4.23668439e-05  0.00000000e+00 
 4.24164202e-05  7.45381168e-08  4.24164202e-05 -2.46101999e-11  4.24164202e-05  0.00000000e+00 
 4.24659966e-05  7.15671462e-08  4.24659966e-05 -2.46101803e-11  4.24659966e-05  0.00000000e+00 
 4.25155729e-05  6.80549189e-08  4.25155729e-05 -2.46102007e-11  4.25155729e-05  0.00000000e+00 
 4.25651493e-05  6.53751106e-08  4.25651493e-05 -2.46101798e-11  4.25651493e-05  0.00000000e+00 
 4.26147256e-05  6.21846713e-08  4.26147256e-05 -2.46102015e-11  4.26147256e-05  0.00000000e+00 
 4.26643020e-05  5.97663484e-08  4.26643020e-05 -2.46101793e-11  4.26643020e-05  0.00000000e+00 
 4.27138783e-05  5.68695276e-08  4.27138783e-05 -2.46102023e-11  4.27138783e-05  0.00000000e+00 
 4.27634547e-05  5.46858126e-08  4.27634547e-05 -2.46101788e-11  4.27634547e-05  0.00000000e+00 
 4.28130310e-05  5.20571001e-08  4.28130310e-05 -2.46102031e-11  4.28130310e-05  0.00000000e+00 
 4.28626073e-05  5.00836516e-08  4.28626073e-05 -2.46101782e-11  4.28626073e-05  0.00000000e+00 
 4.29121837e-05  4.76999454e-08  4.29121837e-05 -2.46102038e-11  4.29121837e-05  0.00000000e+00 
 4.29617600e-05  4.59147185e-08  4.29617600e-05 -2.46101776e-11  4.29617600e-05  0.00000000e+00 
 4.30113364e-05  4.37550973e-08  4.30113364e-05 -2.46102046e-11  4.30113364e-05  0.00000000e+00 
 4.30609127e-05  4.21381276e-08  4.30609127e-05 -2.46101771e-11  4.30609127e-05  0.00000000e+00 
 4.31104891e-05  4.01836444e-08  4.31104891e-05 -2.46102053e-11  4.31104891e-05  0.00000000e+00 
 4.31600654e-05  3.87168516e-08  4.31600654e-05 -2.46101765e-11  4.31600654e-05  0.00000000e+00 
 4.32096418e-05  3.69503475e-08  4.32096418e-05 -2.46102061e-11  4.32096418e-05  0.00000000e+00 
 4.32592181e-05  3.56173578e-08  4.32592181e-05 -2.46101759e-11  4.32592181e-05  0.00000000e+00 
 4.33087945e-05  3.40232928e-08  4.33087945e-05 -2.46102068e-11  4.33087945e-05  0.00000000e+00 
 4.33583708e-05  3.28092783e-08  4.33583708e-05 -2.46101753e-11  4.33583708e-05  0.00000000e+00 
 4.34079471e-05  3.13735785e-08  4.34079471e-05 -2.46102075e-11  4.34079471e-05  0.00000000e+00 
 4.34575235e-05  3.02651115e-08  4.34575235e-05 -2.46101748e-11  4.34575235e-05  0.00000000e+00 
 4.35070998e-05  2.89750301e-08  4.35070998e-05 -2.46102082e-11  4.35070998e-05  0.00000000e+00 
 4.35566762e-05  2.79599510e-08  4.35566762e-05 -2.46101742e-11  4.35566762e-05  0.00000000e+00 
 4.36062525e-05  2.68039433e-08  4.36062525e-05 -2.46102089e-11  4.36062525e-05  0.00000000e+00 
 4.36558289e-05  2.58712414e-08  4.36558289e-05 -2.46101736e-11  4.36558289e-05  0.00000000e+00 
 4.37054052e-05  2.48388506e-08  4.37054052e-05 -2.46102096e-11  4.37054052e-05  0.00000000e+00 
 4.37549816e-05  2.39785560e-08  4.37549816e-05 -2.46101730e-11  4.37549816e-05  0.00000000e+00 
 4.38045579e-05  2.30603106e-08  4.38045579e-05 -2.46102103e-11  4.38045579e-05  0.00000000e+00 
 4.38541342e-05  2.22633958e-08  4.38541342e-05 -2.46101724e-11  4.38541342e-05  0.00000000e+00 
 4.39037106e-05  2.14507163e-08  4.39037106e-05 -2.46102109e-11  4.39037106e-05  0.00000000e+00 
 4.39532869e-05  2.07090080e-08  4.39532869e-05 -2.46101718e-11  4.39532869e-05  0.00000000e+00 
 4.40028633e-05  1.99941224e-08  4.40028633e-05 -2.46102116e-11  4.40028633e-05  0.00000000e+00 
 4.40524396e-05  1.93002209e-08  4.40524396e-05 -2.46101712e-11  4.40524396e-05  0.00000000e+00 
 4.41020160e-05  1.86760883e-08  4.41020160e-05 -2.46102123e-11  4.41020160e-05  0.00000000e+00 
 4.41515923e-05  1.80232947e-08  4.41515923e-05 -2.46101706e-11  4.41515923e-05  0.00000000e+00 
 4.42011687e-05  1.74835361e-08  4.42011687e-05 -2.46102129e-11  4.42011687e-05  0.00000000e+00 
 4.42507450e-05  1.68657865e-08  4.42507450e-05 -2.46101700e-11  4.42507450e-05  0.00000000e+00 
 4.43003214e-05  1.64046219e-08  4.43003214e-05 -2.46102136e-11  4.43003214e-05  0.00000000e+00 
 4.43498977e-05  1.58164277e-08  4.43498977e-05 -2.46101694e-11  4.43498977e-05  0.00000000e+00 
 4.43994740e-05  1.54286196e-08  4.43994740e-05 -2.46102142e-11  4.43994740e-05  0.00000000e+00 
 4.44490504e-05  1.48650134e-08  4.44490504e-05 -2.46101688e-11  4.44490504e-05  0.00000000e+00 
 4.44986267e-05  1.45458152e-08  4.44986267e-05 -2.46102149e-11  4.44986267e-05  0.00000000e+00 
 4.45482031e-05  1.40023020e-08  4.45482031e-05 -2.46101682e-11  4.45482031e-05  0.00000000e+00 
 4.45977794e-05  1.37474113e-08  4.45977794e-05 -2.46102155e-11  4.45977794e-05  0.00000000e+00 
 4.46473558e-05  1.32199239e-08  4.46473558e-05 -2.46101676e-11  4.46473558e-05  0.00000000e+00 
 4.46969321e-05  1.30254406e-08  4.46969321e-05 -2.46102162e-11  4.46969321e-05  0.00000000e+00 
 4.47465085e-05  1.25102997e-08  4.47465085e-05 -2.46101670e-11  4.47465085e-05  0.00000000e+00 
 4.47960848e-05  1.23726876e-08  4.47960848e-05 -2.46102168e-11  4.47960848e-05  0.00000000e+00 
 4.48456612e-05  1.18665656e-08  4.48456612e-05 -2.46101664e-11  4.48456612e-05  0.00000000e+00 
 4.48952375e-05  1.17826178e-08  4.48952375e-05 -2.46102174e-11  4.48952375e-05  0.00000000e+00 
 4.49448138e-05  1.12825053e-08  4.49448138e-05 -2.46101658e-11  4.49448138e-05  0.00000000e+00 
 4.49943902e-05  1.12493130e-08  4.49943902e-05 -2.46102180e-11  4.49943902e-05  0.00000000e+00 
 4.50439665e-05  1.07524895e-08  4.50439665e-05 -2.46101652e-11  4.50439665e-05  0.00000000e+00 
 4.50935429e-05  1.07674137e-08  4.50935429e-05 -2.46102186e-11  4.50935429e-05  0.00000000e+00 
 4.51431192e-05  1.02714204e-08  4.51431192e-05 -2.46101646e-11  4.51431192e-05  0.00000000e+00 
 4.51926956e-05  1.03320658e-08  4.51926956e-05 -2.46102193e-11  4.51926956e-05  0.00000000e+00 
 4.52422719e-05  9.83468119e-09  4.52422719e-05 -2.46101640e-11  4.52422719e-05  0.00000000e+00 
 4.52918483e-05  9.93887337e-09  4.52918483e-05 -2.46102199e-11  4.52918483e-05  0.00000000e+00 
 4.53414246e-05  9.43809106e-09  4.53414246e-05 -2.46101634e-11  4.53414246e-05  0.00000000e+00 
 4.53910010e-05  9.58385518e-09  4.53910010e-05 -2.46102205e-11  4.53910010e-05  0.00000000e+00 
 4.54405773e-05  9.07786381e-09  4.54405773e-05 -2.46101628e-11  4.54405773e-05  0.00000000e+00 
 4.54901536e-05  9.26340559e-09  4.54901536e-05 -2.46102211e-11  4.54901536e-05  0.00000000e+00 
 4.55397300e-05  8.75057070e-09  4.55397300e-05 -2.46101622e-11  4.55397300e-05  0.00000000e+00 
 4.55893063e-05  8.97425912e-09  4.55893063e-05 -2.46102217e-11  4.55893063e-05  0.00000000e+00 
 4.56388827e-05  8.45310669e-09  4.56388827e-05 -2.46101617e-11  4.56388827e-05  0.00000000e+00 
 4.56884590e-05  8.71345837e-09  4.56884590e-05 -2.46102223e-11  4.56884590e-05  0.00000000e+00 
 4.57380354e-05  8.18265991e-09  4.57380354e-05 -2.46101611e-11  4.57380354e-05  0.00000000e+00 
 4.57876117e-05  8.47832490e-09  4.57876117e-05 -2.46102228e-11  4.57876117e-05  0.00000000e+00 
 4.58371881e-05  7.93668399e-09  4.58371881e-05 -2.46101605e-11  4.58371881e-05  0.00000000e+00 
 4.58867644e-05  8.26643294e-09  4.58867644e-05 -2.46102234e-11  4.58867644e-05  0.00000000e+00 
 4.59363408e-05  7.71287295e-09  4.59363408e-05 -2.46101599e-11  4.59363408e-05  0.00000000e+00 
 4.59859171e-05  8.07558553e-09  4.59859171e-05 -2.46102240e-11  4.59859171e-05  0.00000000e+00 
 4.60354934e-05  7.50913860e-09  4.60354934e-05 -2.46101594e-11  4.60354934e-05  0.00000000e+00 
 4.60850698e-05  7.90379295e-09  4.60850698e-05 -2.46102246e-11  4.60850698e-05  0.00000000e+00 
 4.61346461e-05  7.32358993e-09  4.61346461e-05 -2.46101588e-11  4.61346461e-05  0.00000000e+00 
 4.61842225e-05  7.74925310e-09  4.61842225e-05 -2.46102251e-11  4.61842225e-05  0.00000000e+00 
 4.62337988e-05  7.15451449e-09  4.62337988e-05 -2.46101583e-11  4.62337988e-05  0.00000000e+00 
 4.62833752e-05  7.61033388e-09  4.62833752e-05 -2.46102257e-11  4.62833752e-05  0.00000000e+00 
 4.63329515e-05  7.00036159e-09  4.63329515e-05 -2.46101577e-11  4.63329515e-05  0.00000000e+00 
 4.63825279e-05  7.48555707e-09  4.63825279e-05 -2.46102263e-11  4.63825279e-05  0.00000000e+00 
 4.64321042e-05  6.85972699e-09  4.64321042e-05 -2.46101572e-11  4.64321042e-05  0.00000000e+00 
 4.64816806e-05  7.37358384e-09  4.64816806e-05 -2.46102268e-11  4.64816806e-05  0.00000000e+00 
 4.65312569e-05  6.73133907e-09  4.65312569e-05 -2.46101566e-11  4.65312569e-05  0.00000000e+00 
 4.65808332e-05  7.27320163e-09  4.65808332e-05 -2.46102274e-11  4.65808332e-05  0.00000000e+00 
 4.66304096e-05  6.61404638e-09  4.66304096e-05 -2.46101561e-11  4.66304096e-05  0.00000000e+00 
 4.66799859e-05  7.18331215e-09  4.66799859e-05 -2.46102279e-11  4.66799859e-05  0.00000000e+00 
 4.67295623e-05  6.50680622e-09  4.67295623e-05 -2.46101555e-11  4.67295623e-05  0.00000000e+00 
 4.67791386e-05  7.10292068e-09  4.67791386e-05 -2.46102284e-11  4.67791386e-05  0.00000000e+00 
 4.68287150e-05  6.40867443e-09  4.68287150e-05 -2.46101550e-11  4.68287150e-05  0.00000000e+00 
 4.68782913e-05  7.03112626e-09  4.68782913e-05 -2.46102290e-11  4.68782913e-05  0.00000000e+00 
 4.69278677e-05  6.31879604e-09  4.69278677e-05 -2.46101545e-11  4.69278677e-05  0.00000000e+00 
 4.69774440e-05  6.96711282e-09  4.69774440e-05 -2.46102295e-11  4.69774440e-05  0.00000000e+00 
 4.70270204e-05  6.23639692e-09  4.70270204e-05 -2.46101539e-11  4.70270204e-05  0.00000000e+00 
 4.70765967e-05  6.91014122e-09  4.70765967e-05 -2.46102300e-11  4.70765967e-05  0.00000000e+00 
 4.71261730e-05  6.16077609e-09  4.71261730e-05 -2.46101534e-11  4.71261730e-05  0.00000000e+00 
 4.71757494e-05  6.85954195e-09  4.71757494e-05 -2.46102306e-11  4.71757494e-05  0.00000000e+00 
 4.72253257e-05  6.09129883e-09  4.72253257e-05 -2.46101529e-11  4.72253257e-05  0.00000000e+00 
 4.72749021e-05  6.81470857e-09  4.72749021e-05 -2.46102311e-11  4.72749021e-05  0.00000000e+00 
 4.73244784e-05  6.02739047e-09  4.73244784e-05 -2.46101524e-11  4.73244784e-05  0.00000000e+00 
 4.73740548e-05  6.77509176e-09  4.73740548e-05 -2.46102316e-11  4.73740548e-05  0.00000000e+00 
 4.74236311e-05  5.96853064e-09  4.74236311e-05 -2.46101519e-11  4.74236311e-05  0.00000000e+00 
 4.74732075e-05  6.74019394e-09  4.74732075e-05 -2.46102321e-11  4.74732075e-05  0.00000000e+00 
 4.75227838e-05  5.91424822e-09  4.75227838e-05 -2.46101514e-11  4.75227838e-05  0.00000000e+00 
 4.75723602e-05  6.70956438e-09  4.75723602e-05 -2.46102326e-11  4.75723602e-05  0.00000000e+00 
 4.76219365e-05  5.86411667e-09  4.76219365e-05 -2.46101509e-11  4.76219365e-05  0.00000000e+00 
 4.76715128e-05  6.68279475e-09  4.76715128e-05 -2.46102331e-11  4.76715128e-05  0.00000000e+00 
 4.77210892e-05  5.81774978e-09  4.77210892e-05 -2.46101504e-11  4.77210892e-05  0.00000000e+00 
 4.77706655e-05  6.65951517e-09  4.77706655e-05 -2.46102336e-11  4.77706655e-05  0.00000000e+00 
 4.78202419e-05  5.77479794e-09  4.78202419e-05 -2.46101499e-11  4.78202419e-05  0.00000000e+00 
 4.78698182e-05  6.63939056e-09  4.78698182e-05 -2.46102341e-11  4.78698182e-05  0.00000000e+00 
 4.79193946e-05  5.73494460e-09  4.79193946e-05 -2.46101494e-11  4.79193946e-05  0.00000000e+00 
 4.79689709e-05  6.62211735e-09  4.79689709e-05 -2.46102346e-11  4.79689709e-05  0.00000000e+00 
 4.80185473e-05  5.69790324e-09  4.80185473e-05 -2.46101489e-11  4.80185473e-05  0.00000000e+00 
 4.80681236e-05  6.60742051e-09  4.80681236e-05 -2.46102350e-11  4.80681236e-05  0.00000000e+00 
 4.81177000e-05  5.66341444e-09  4.81177000e-05 -2.46101484e-11  4.81177000e-05  0.00000000e+00 
 4.81672763e-05  6.59505084e-09  4.81672763e-05 -2.46102355e-11  4.81672763e-05  0.00000000e+00 
 4.82168526e-05  5.63124341e-09  4.82168526e-05 -2.46101480e-11  4.82168526e-05  0.00000000e+00 
 4.82664290e-05  6.58478260e-09  4.82664290e-05 -2.46102360e-11  4.82664290e-05  0.00000000e+00 
 4.83160053e-05  5.60117760e-09  4.83160053e-05 -2.46101475e-11  4.83160053e-05  0.00000000e+00 
 4.83655817e-05  6.57641119e-09  4.83655817e-05 -2.46102365e-11  4.83655817e-05  0.00000000e+00 
 4.84151580e-05  5.57302464e-09  4.84151580e-05 -2.46101471e-11  4.84151580e-05  0.00000000e+00 
 4.84647344e-05  6.56975126e-09  4.84647344e-05 -2.46102369e-11  4.84647344e-05  0.00000000e+00 
 4.85143107e-05  5.54661040e-09  4.85143107e-05 -2.46101466e-11  4.85143107e-05  0.00000000e+00 
 4.85638871e-05  6.56463483e-09  4.85638871e-05 -2.46102374e-11  4.85638871e-05  0.00000000e+00 
 4.86134634e-05  5.52177730e-09  4.86134634e-05 -2.46101462e-11  4.86134634e-05  0.00000000e+00 
 4.86630398e-05  6.56090966e-09  4.86630398e-05 -2.46102378e-11  4.86630398e-05  0.00000000e+00 
 4.87126161e-05  5.49838274e-09  4.87126161e-05 -2.46101457e-11  4.87126161e-05  0.00000000e+00 
 4.87621924e-05  6.55843778e-09  4.87621924e-05 -2.46102382e-11  4.87621924e-05  0.00000000e+00 
 4.88117688e-05  5.47629768e-09  4.88117688e-05 -2.46101453e-11  4.88117688e-05  0.00000000e+00 
 4.88613451e-05  6.55709416e-09  4.88613451e-05 -2.46102387e-11  4.88613451e-05  0.00000000e+00 
 4.89109215e-05  5.45540535e-09  4.89109215e-05 -2.46101448e-11  4.89109215e-05  0.00000000e+00 
 4.89604978e-05  6.55676544e-09  4.89604978e-05 -2.46102391e-11  4.89604978e-05  0.00000000e+00 
 4.90100742e-05  5.43560010e-09  4.90100742e-05 -2.46101444e-11  4.90100742e-05  0.00000000e+00 
 4.90596505e-05  6.55734888e-09  4.90596505e-05 -2.46102395e-11  4.90596505e-05  0.00000000e+00 
 4.91092269e-05  5.41678636e-09  4.91092269e-05 -2.46101440e-11  4.91092269e-05  0.00000000e+00 
 4.91588032e-05  6.55875131e-09  4.91588032e-05 -2.46102400e-11  4.91588032e-05  0.00000000e+00 
 4.92083796e-05  5.39887768e-09  4.92083796e-05 -2.46101436e-11  4.92083796e-05  0.00000000e+00 
 4.92579559e-05  6.56088828e-09  4.92579559e-05 -2.46102404e-11  4.92579559e-05  0.00000000e+00 
 4.93075322e-05  5.38179586e-09  4.93075322e-05 -2.46101432e-11  4.93075322e-05  0.00000000e+00 
 4.93571086e-05  6.56368319e-09  4.93571086e-05 -2.46102408e-11  4.93571086e-05  0.00000000e+00 
 4.94066849e-05  5.36547018e-09  4.94066849e-05 -2.46101428e-11  4.94066849e-05  0.00000000e+00 
 4.94562613e-05  6.56706660e-09  4.94562613e-05 -2.46102412e-11  4.94562613e-05  0.00000000e+00 
 4.95058376e-05  5.34983669e-09  4.95058376e-05 -2.46101424e-11  4.95058376e-05  0.00000000e+00 
 4.95410915e-05  6.57370803e-09  4.95410915e-05 -2.46102417e-11  4.95410915e-05  0.00000000e+00 
 4.95763454e-05  5.33248051e-09  4.95763454e-05 -2.46101418e-11  4.95763454e-05  0.00000000e+00 
 4.95768518e-05  7.34293727e-07  4.95768518e-05  1.46349984e-07  4.95768518e-05  5.10760351e-03 
 4.95778647e-05  2.23845073e-06  4.95778647e-05  1.46349845e-07  4.95778647e-05  1.53228105e-02 
 4.95784217e-05  3.03228385e-06  4.95784217e-05  1.46349757e-07  4.95784217e-05  2.09402988e-02 
 4.95789883e-05  3.87077916e-06  4.95789883e-05  1.46349652e-07  4.95789883e-05  2.66548725e-02 
 4.95794489e-05  4.54311196e-06  4.95794489e-05  1.46349554e-07  4.95794489e-05  3.13005618e-02 
 4.95798353e-05  5.09287314e-06  4.95798353e-05  1.46349466e-07  4.95798353e-05  3.51967369e-02 
 4.95802291e-05  5.68930720e-06  4.95802291e-05  1.46349362e-07  4.95802291e-05  3.91682526e-02 
 4.95805955e-05  6.20160966e-06  4.95805955e-05  1.46349260e-07  4.95805955e-05  4.28639100e-02 
 4.95811666e-05  7.04749534e-06  4.95811666e-05  1.46349077e-07  4.95811666e-05  4.86234629e-02 
 4.95816008e-05  7.67717963e-06  4.95816008e-05  1.46348921e-07  4.95816008e-05  5.30029479e-02 
 4.95819782e-05  8.21457114e-06  4.95819782e-05  1.46348773e-07  4.95819782e-05  5.68087286e-02 
 4.95823218e-05  8.73615767e-06  4.95823218e-05  1.46348619e-07  4.95823218e-05  6.02742952e-02 
 4.95826742e-05  9.22714575e-06  4.95826742e-05  1.46348455e-07  4.95826742e-05  6.38283933e-02 
 4.95831667e-05  9.95590350e-06  4.95831667e-05  1.46348193e-07  4.95831667e-05  6.87959775e-02 
 4.95835491e-05  1.05121290e-05  4.95835491e-05  1.46347967e-07  4.95835491e-05  7.26526654e-02 
 4.95838807e-05  1.09782927e-05  4.95838807e-05  1.46347758e-07  4.95838807e-05  7.59969645e-02 
 4.95842181e-05  1.14910781e-05  4.95842181e-05  1.46347516e-07  4.95842181e-05  7.93996435e-02 
 4.95845501e-05  1.19549854e-05  4.95845501e-05  1.46347268e-07  4.95845501e-05  8.27482521e-02 
 4.95849206e-05  1.24967442e-05  4.95849206e-05  1.46346960e-07  4.95849206e-05  8.64849774e-02 
 4.95852159e-05  1.29373522e-05  4.95852159e-05  1.46346689e-07  4.95852159e-05  8.94625215e-02 
 4.95855181e-05  1.33532959e-05  4.95855181e-05  1.46346404e-07  4.95855181e-05  9.25111406e-02 
 4.95858005e-05  1.37798581e-05  4.95858005e-05  1.46346104e-07  4.95858005e-05  9.53589598e-02 
 4.95861247e-05  1.42483291e-05  4.95861247e-05  1.46345738e-07  4.95861247e-05  9.86281799e-02 
 4.95863772e-05  1.45982462e-05  4.95863772e-05  1.46345441e-07  4.95863772e-05  1.01174794e-01 
 4.95866363e-05  1.49951495e-05  4.95866363e-05  1.46345097e-07  4.95866363e-05  1.03788123e-01 
 4.95869379e-05  1.54211460e-05  4.95869379e-05  1.46344685e-07  4.95869379e-05  1.06829965e-01 
 4.95871956e-05  1.57857360e-05  4.95871956e-05  1.46344309e-07  4.95871956e-05  1.09428686e-01 
 4.95874576e-05  1.61863383e-05  4.95874576e-05  1.46343882e-07  4.95874576e-05  1.12071054e-01 
 4.95877051e-05  1.65280291e-05  4.95877051e-05  1.46343475e-07  4.95877051e-05  1.14567396e-01 
 4.95879957e-05  1.69470384e-05  4.95879957e-05  1.46342954e-07  4.95879957e-05  1.17498764e-01 
 4.95882332e-05  1.73084919e-05  4.95882332e-05  1.46342485e-07  4.95882332e-05  1.19893279e-01 
 4.95884782e-05  1.76429083e-05  4.95884782e-05  1.46341999e-07  4.95884782e-05  1.22364348e-01 
 4.95887868e-05  1.80944639e-05  4.95887868e-05  1.46341322e-07  4.95887868e-05  1.25476597e-01 
 4.95890310e-05  1.84605514e-05  4.95890310e-05  1.46340737e-07  4.95890310e-05  1.27939665e-01 
 4.95892878e-05  1.88096286e-05  4.95892878e-05  1.46340117e-07  4.95892878e-05  1.30529987e-01 
 4.95895373e-05  1.91814411e-05  4.95895373e-05  1.46339446e-07  4.95895373e-05  1.33045746e-01 
 4.95897781e-05  1.95381983e-05  4.95897781e-05  1.46338755e-07  4.95897781e-05  1.35474593e-01 
 4.95899911e-05  1.98247843e-05  4.95899911e-05  1.46338143e-07  4.95899911e-05  1.37623046e-01 
 4.95902120e-05  2.01548837e-05  4.95902120e-05  1.46337436e-07  4.95902120e-05  1.39850698e-01 
 4.95904338e-05  2.04853501e-05  4.95904338e-05  1.46336683e-07  4.95904338e-05  1.42087757e-01 
 4.95906576e-05  2.07869225e-05  4.95906576e-05  1.46335924e-07  4.95906576e-05  1.44344841e-01 
 4.95908591e-05  2.10864813e-05  4.95908591e-05  1.46335167e-07  4.95908591e-05  1.46376958e-01 
 4.95910612e-05  2.13914391e-05  4.95910612e-05  1.46334358e-07  4.95910612e-05  1.48415417e-01 
 4.95912715e-05  2.16745412e-05  4.95912715e-05  1.46333524e-07  4.95912715e-05  1.50536555e-01 
 4.95914765e-05  2.19733704e-05  4.95914765e-05  1.46332636e-07  4.95914765e-05  1.52604168e-01 
 4.95916612e-05  2.22568411e-05  4.95916612e-05  1.46331768e-07  4.95916612e-05  1.54467151e-01 
 4.95918653e-05  2.25344327e-05  4.95918653e-05  1.46330824e-07  4.95918653e-05  1.56525243e-01 
 4.95921144e-05  2.28900765e-05  4.95921144e-05  1.46329579e-07  4.95921144e-05  1.59037215e-01 
 4.95923215e-05  2.32078265e-05  4.95923215e-05  1.46328436e-07  4.95923215e-05  1.61126234e-01 
 4.95925399e-05  2.35066254e-05  4.95925399e-05  1.46327239e-07  4.95925399e-05  1.63328348e-01 
 4.95927997e-05  2.38767230e-05  4.95927997e-05  1.46325702e-07  4.95927997e-05  1.65949032e-01 
 4.95930181e-05  2.42106951e-05  4.95930181e-05  1.46324274e-07  4.95930181e-05  1.68151312e-01 
 4.95932438e-05  2.45191582e-05  4.95932438e-05  1.46322802e-07  4.95932438e-05  1.70427753e-01 
 4.95935185e-05  2.49120767e-05  4.95935185e-05  1.46320858e-07  4.95935185e-05  1.73198300e-01 
 4.95937437e-05  2.52547563e-05  4.95937437e-05  1.46319100e-07  4.95937437e-05  1.75469207e-01 
 4.95939769e-05  2.55718761e-05  4.95939769e-05  1.46317281e-07  4.95939769e-05  1.77821430e-01 
 4.95943027e-05  2.60429065e-05  4.95943027e-05  1.46314479e-07  4.95943027e-05  1.81107235e-01 
 4.95945511e-05  2.64149262e-05  4.95945511e-05  1.46312134e-07  4.95945511e-05  1.83612567e-01 
 4.95948092e-05  2.67640055e-05  4.95948092e-05  1.46309675e-07  4.95948092e-05  1.86215392e-01 
 4.95950832e-05  2.71683720e-05  4.95950832e-05  1.46306763e-07  4.95950832e-05  1.88979018e-01 
 4.95953298e-05  2.75318190e-05  4.95953298e-05  1.46303959e-07  4.95953298e-05  1.91466357e-01 
 4.95955527e-05  2.78307295e-05  4.95955527e-05  1.46301405e-07  4.95955527e-05  1.93714276e-01 
 4.95957831e-05  2.81740637e-05  4.95957831e-05  1.46298461e-07  4.95957831e-05  1.96038297e-01 
 4.95960187e-05  2.85207339e-05  4.95960187e-05  1.46295279e-07  4.95960187e-05  1.98414269e-01 
 4.95962240e-05  2.87945632e-05  4.95962240e-05  1.46292501e-07  4.95962240e-05  2.00484318e-01 
 4.95964365e-05  2.91100879e-05  4.95964365e-05  1.46289306e-07  4.95964365e-05  2.02628178e-01 
 4.95966493e-05  2.94268410e-05  4.95966493e-05  1.46285915e-07  4.95966493e-05  2.04773697e-01 
 4.95968657e-05  2.97163011e-05  4.95968657e-05  1.46282477e-07  4.95968657e-05  2.06956522e-01 
 4.95970674e-05  3.00121711e-05  4.95970674e-05  1.46278948e-07  4.95970674e-05  2.08990695e-01 
 4.95972600e-05  3.03035860e-05  4.95972600e-05  1.46275337e-07  4.95972600e-05  2.10932721e-01 
 4.95974658e-05  3.05800097e-05  4.95974658e-05  1.46271525e-07  4.95974658e-05  2.13009200e-01 
 4.95976846e-05  3.08936262e-05  4.95976846e-05  1.46267125e-07  4.95976846e-05  2.15215276e-01 
 4.95978739e-05  3.11833388e-05  4.95978739e-05  1.46262966e-07  4.95978739e-05  2.17124398e-01 
 4.95980816e-05  3.14656373e-05  4.95980816e-05  1.46258455e-07  4.95980816e-05  2.19219076e-01 
 4.95983278e-05  3.18131917e-05  4.95983278e-05  1.46252708e-07  4.95983278e-05  2.21702091e-01 
 4.95985384e-05  3.21348963e-05  4.95985384e-05  1.46247273e-07  4.95985384e-05  2.23825989e-01 
 4.95987566e-05  3.24329300e-05  4.95987566e-05  1.46241661e-07  4.95987566e-05  2.26026609e-01 
 4.95990039e-05  3.27809135e-05  4.95990039e-05  1.46234844e-07  4.95990039e-05  2.28521114e-01 
 4.95992399e-05  3.31393300e-05  4.95992399e-05  1.46227640e-07  4.95992399e-05  2.30900806e-01 
 4.95994562e-05  3.34338165e-05  4.95994562e-05  1.46221029e-07  4.95994562e-05  2.33082763e-01 
 4.95997131e-05  3.37965710e-05  4.95997131e-05  1.46212579e-07  4.95997131e-05  2.35673810e-01 
 4.95999309e-05  3.41281566e-05  4.95999309e-05  1.46204656e-07  4.95999309e-05  2.37870499e-01 
 4.96001553e-05  3.44334348e-05  4.96001553e-05  1.46196511e-07  4.96001553e-05  2.40133225e-01 
 4.96004201e-05  3.48083829e-05  4.96004201e-05  1.46186125e-07  4.96004201e-05  2.42803829e-01 
 4.96006422e-05  3.51454940e-05  4.96006422e-05  1.46176505e-07  4.96006422e-05  2.45043822e-01 
 4.96008713e-05  3.54561343e-05  4.96008713e-05  1.46166594e-07  4.96008713e-05  2.47354980e-01 
 4.96011578e-05  3.58647691e-05  4.96011578e-05  1.46153083e-07  4.96011578e-05  2.50244427e-01 
 4.96013882e-05  3.62119144e-05  4.96013882e-05  1.46141131e-07  4.96013882e-05  2.52567722e-01 
 4.96016273e-05  3.65340231e-05  4.96016273e-05  1.46128715e-07  4.96016273e-05  2.54979041e-01 
 4.96019312e-05  3.69729563e-05  4.96019312e-05  1.46111277e-07  4.96019312e-05  2.58043853e-01 
 4.96021710e-05  3.73295606e-05  4.96021710e-05  1.46096282e-07  4.96021710e-05  2.60463186e-01 
 4.96024238e-05  3.76688002e-05  4.96024238e-05  1.46080359e-07  4.96024238e-05  2.63012340e-01 
 4.96026769e-05  3.80406664e-05  4.96026769e-05  1.46062624e-07  4.96026769e-05  2.65564950e-01 
 4.96029123e-05  3.83870657e-05  4.96029123e-05  1.46045019e-07  4.96029123e-05  2.67939291e-01 
 4.96031273e-05  3.86729801e-05  4.96031273e-05  1.46028898e-07  4.96031273e-05  2.70107687e-01 
 4.96033497e-05  3.90006362e-05  4.96033497e-05  1.46010396e-07  4.96033497e-05  2.72350610e-01 
 4.96035656e-05  3.93204544e-05  4.96035656e-05  1.45991305e-07  4.96035656e-05  2.74527987e-01 
 4.96037870e-05  3.96153590e-05  4.96037870e-05  1.45971752e-07  4.96037870e-05  2.76760921e-01 
 4.96039927e-05  3.99163523e-05  4.96039927e-05  1.45951721e-07  4.96039927e-05  2.78835675e-01 
 4.96041903e-05  4.02130704e-05  4.96041903e-05  1.45931139e-07  4.96041903e-05  2.80828782e-01 
 4.96043999e-05  4.04927093e-05  4.96043999e-05  1.45909537e-07  4.96043999e-05  2.82942464e-01 
 4.96046147e-05  4.08009558e-05  4.96046147e-05  1.45885411e-07  4.96046147e-05  2.85108769e-01 
 4.96048031e-05  4.10876350e-05  4.96048031e-05  1.45862408e-07  4.96048031e-05  2.87008877e-01 
 4.96050106e-05  4.13676147e-05  4.96050106e-05  1.45837370e-07  4.96050106e-05  2.89101782e-01 
 4.96052799e-05  4.17488549e-05  4.96052799e-05  1.45802185e-07  4.96052799e-05  2.91817872e-01 
 4.96054985e-05  4.20799320e-05  4.96054985e-05  1.45770695e-07  4.96054985e-05  2.94022475e-01 
 4.96057256e-05  4.23866981e-05  4.96057256e-05  1.45738069e-07  4.96057256e-05  2.96312357e-01 
 4.96060163e-05  4.28011451e-05  4.96060163e-05  1.45692467e-07  4.96060163e-05  2.99244266e-01 
 4.96062479e-05  4.31492642e-05  4.96062479e-05  1.45652532e-07  4.96062479e-05  3.01580477e-01 
 4.96064887e-05  4.34729460e-05  4.96064887e-05  1.45610960e-07  4.96064887e-05  3.04008604e-01 
 4.96067870e-05  4.39041474e-05  4.96067870e-05  1.45554018e-07  4.96067870e-05  3.07017184e-01 
 4.96070256e-05  4.42582536e-05  4.96070256e-05  1.45504532e-07  4.96070256e-05  3.09423749e-01 
 4.96072776e-05  4.45961763e-05  4.96072776e-05  1.45451857e-07  4.96072776e-05  3.11965232e-01 
 4.96075254e-05  4.49604783e-05  4.96075254e-05  1.45394285e-07  4.96075254e-05  3.14464203e-01 
 4.96077597e-05  4.53052506e-05  4.96077597e-05  1.45336278e-07  4.96077597e-05  3.16827058e-01 
 4.96079732e-05  4.55892218e-05  4.96079732e-05  1.45283286e-07  4.96079732e-05  3.18980862e-01 
 4.96081941e-05  4.59146670e-05  4.96081941e-05  1.45222534e-07  4.96081941e-05  3.21208714e-01 
 4.96084084e-05  4.62327869e-05  4.96084084e-05  1.45159869e-07  4.96084084e-05  3.23370220e-01 
 4.96086288e-05  4.65266542e-05  4.96086288e-05  1.45095575e-07  4.96086288e-05  3.25592634e-01 
 4.96088357e-05  4.68292897e-05  4.96088357e-05  1.45029115e-07  4.96088357e-05  3.27679064e-01 
 4.96090327e-05  4.71258946e-05  4.96090327e-05  1.44961357e-07  4.96090327e-05  3.29665729e-01 
 4.96092426e-05  4.74068214e-05  4.96092426e-05  1.44889904e-07  4.96092426e-05  3.31782710e-01 
 4.96094610e-05  4.77208011e-05  4.96094610e-05  1.44808939e-07  4.96094610e-05  3.33986140e-01 
 4.96096518e-05  4.80117230e-05  4.96096518e-05  1.44732048e-07  4.96096518e-05  3.35910129e-01 
 4.96098613e-05  4.82954171e-05  4.96098613e-05  1.44648521e-07  4.96098613e-05  3.38023434e-01 
 4.96101353e-05  4.86851387e-05  4.96101353e-05  1.44530164e-07  4.96101353e-05  3.40785970e-01 
 4.96103568e-05  4.90215583e-05  4.96103568e-05  1.44424716e-07  4.96103568e-05  3.43020399e-01 
 4.96105869e-05  4.93337152e-05  4.96105869e-05  1.44315382e-07  4.96105869e-05  3.45341321e-01 
 4.96109234e-05  4.98184916e-05  4.96109234e-05  1.44139299e-07  4.96109234e-05  3.48734906e-01 
 4.96111780e-05  5.01992006e-05  4.96111780e-05  1.43992956e-07  4.96111780e-05  3.51302113e-01 
 4.96114405e-05  5.05547266e-05  4.96114405e-05  1.43840236e-07  4.96114405e-05  3.53950404e-01 
 4.96117249e-05  5.09751682e-05  4.96117249e-05  1.43655801e-07  4.96117249e-05  3.56818640e-01 
 4.96119829e-05  5.13546419e-05  4.96119829e-05  1.43476942e-07  4.96119829e-05  3.59420331e-01 
 4.96122134e-05  5.16657961e-05  4.96122134e-05  1.43314961e-07  4.96122134e-05  3.61744538e-01 
 4.96124511e-05  5.20234558e-05  4.96124511e-05  1.43128353e-07  4.96124511e-05  3.64142442e-01 
 4.96127147e-05  5.24089974e-05  4.96127147e-05  1.42910923e-07  4.96127147e-05  3.66800576e-01 
 4.96129318e-05  5.27030572e-05  4.96129318e-05  1.42728811e-07  4.96129318e-05  3.68990433e-01 
 4.96131561e-05  5.30434822e-05  4.96131561e-05  1.42518728e-07  4.96131561e-05  3.71252868e-01 
 4.96134282e-05  5.34412194e-05  4.96134282e-05  1.42252452e-07  4.96134282e-05  3.73996571e-01 
 4.96136451e-05  5.37368528e-05  4.96136451e-05  1.42035758e-07  4.96136451e-05  3.76184170e-01 
 4.96138694e-05  5.40797083e-05  4.96138694e-05  1.41785355e-07  4.96138694e-05  3.78446213e-01 
 4.96141598e-05  5.45037278e-05  4.96141598e-05  1.41447421e-07  4.96141598e-05  3.81375699e-01 
 4.96143851e-05  5.48144427e-05  4.96143851e-05  1.41177379e-07  4.96143851e-05  3.83647571e-01 
 4.96146180e-05  5.51738534e-05  4.96146180e-05  1.40864932e-07  4.96146180e-05  3.85996246e-01 
 4.96149522e-05  5.56588485e-05  4.96149522e-05  1.40398937e-07  4.96149522e-05  3.89366898e-01 
 4.96152046e-05  5.60162075e-05  4.96152046e-05  1.40027516e-07  4.96152046e-05  3.91912132e-01 
 4.96154654e-05  5.64221917e-05  4.96154654e-05  1.39598369e-07  4.96154654e-05  3.94542494e-01 
 4.96157502e-05  5.68295565e-05  4.96157502e-05  1.39119112e-07  4.96157502e-05  3.97415521e-01 
 4.96160271e-05  5.72341986e-05  4.96160271e-05  1.38617426e-07  4.96160271e-05  4.00207650e-01 
 4.96163000e-05  5.76597934e-05  4.96163000e-05  1.38070132e-07  4.96163000e-05  4.02959695e-01 
 4.96165505e-05  5.80142150e-05  4.96165505e-05  1.37562161e-07  4.96165505e-05  4.05486579e-01 
 4.96169322e-05  5.85914108e-05  4.96169322e-05  1.36701329e-07  4.96169322e-05  4.09336102e-01 
 4.96172216e-05  5.90377739e-05  4.96172216e-05  1.35985991e-07  4.96172216e-05  4.12254822e-01 
 4.96175189e-05  5.94652099e-05  4.96175189e-05  1.35229183e-07  4.96175189e-05  4.15253627e-01 
 4.96178084e-05  5.99229619e-05  4.96178084e-05  1.34400432e-07  4.96178084e-05  4.18172923e-01 
 4.96181691e-05  6.04704570e-05  4.96181691e-05  1.33308447e-07  4.96181691e-05  4.21810963e-01 
 4.96184547e-05  6.08966608e-05  4.96184547e-05  1.32388585e-07  4.96184547e-05  4.24691731e-01 
 4.96187457e-05  6.13690859e-05  4.96187457e-05  1.31339203e-07  4.96187457e-05  4.27626110e-01 
 4.96190541e-05  6.18327204e-05  4.96190541e-05  1.30196278e-07  4.96190541e-05  4.30736261e-01 
 4.96194024e-05  6.23809750e-05  4.96194024e-05  1.28774774e-07  4.96194024e-05  4.34248813e-01 
 4.96196944e-05  6.28581443e-05  4.96196944e-05  1.27463608e-07  4.96196944e-05  4.37194503e-01 
 4.96199925e-05  6.33114716e-05  4.96199925e-05  1.26091851e-07  4.96199925e-05  4.40200942e-01 
 4.96203015e-05  6.38245254e-05  4.96203015e-05  1.24496977e-07  4.96203015e-05  4.43316757e-01 
 4.96206333e-05  6.43650091e-05  4.96206333e-05  1.22673524e-07  4.96206333e-05  4.46663711e-01 
 4.96209159e-05  6.48129698e-05  4.96209159e-05  1.21043783e-07  4.96209159e-05  4.49513537e-01 
 4.96212037e-05  6.53129756e-05  4.96212037e-05  1.19180708e-07  4.96212037e-05  4.52415763e-01 
 4.96215467e-05  6.58760476e-05  4.96215467e-05  1.16878820e-07  4.96215467e-05  4.55875442e-01 
 4.96218831e-05  6.64471892e-05  4.96218831e-05  1.14411509e-07  4.96218831e-05  4.59268682e-01 
 4.96222164e-05  6.70407379e-05  4.96222164e-05  1.11706696e-07  4.96222164e-05  4.62629388e-01 
 4.96225245e-05  6.75593233e-05  4.96225245e-05  1.09126890e-07  4.96225245e-05  4.65737203e-01 
 4.96228904e-05  6.82283507e-05  4.96228904e-05  1.05678720e-07  4.96228904e-05  4.69427552e-01 
 4.96232766e-05  6.89299666e-05  4.96232766e-05  1.01759609e-07  4.96232766e-05  4.73322613e-01 
 4.96236566e-05  6.96245649e-05  4.96236566e-05  9.75969055e-08  4.96236566e-05  4.77155060e-01 
 4.96240030e-05  7.03054805e-05  4.96240030e-05  9.33218106e-08  4.96240030e-05  4.80648297e-01 
 4.96243949e-05  7.10480037e-05  4.96243949e-05  8.82613945e-08  4.96243949e-05  4.84600894e-01 
 4.96249898e-05  7.22621613e-05  4.96249898e-05  7.94243405e-08  4.96249898e-05  4.90600530e-01 
 4.96255275e-05  7.33904328e-05  4.96255275e-05  7.04079864e-08  4.96255275e-05  4.96023406e-01 
 4.96260704e-05  7.45783093e-05  4.96260704e-05  6.01466821e-08  4.96260704e-05  5.01499065e-01 
 4.96266110e-05  7.58440185e-05  4.96266110e-05  4.83924100e-08  4.96266110e-05  5.06951692e-01 
 4.96271451e-05  7.71202668e-05  4.96271451e-05  3.56170249e-08  4.96271451e-05  5.12337920e-01 
 4.96277808e-05  7.87860634e-05  4.96277808e-05  1.77875862e-08  4.96277808e-05  5.18748937e-01 
 4.96287282e-05  8.14429073e-05  4.96287282e-05 -1.33341497e-08  4.96287282e-05  5.28303922e-01 
 4.96303641e-05  8.69279717e-05  4.96303641e-05 -8.58427794e-08  4.96303641e-05  5.44802852e-01 
 4.96318898e-05  9.32788239e-05  4.96318898e-05 -1.80363353e-07  4.96318898e-05  5.60190583e-01 
 4.96340736e-05  1.05629670e-04  4.96340736e-05 -3.82532331e-07  4.96340736e-05  5.82215425e-01 
 4.96366277e-05  1.27504940e-04  4.96366277e-05 -7.66264913e-07  4.96366277e-05  6.07973947e-01 
 4.96411363e-05  2.05700794e-04  4.96411363e-05 -2.14260908e-06  4.96411363e-05  6.53445156e-01 
 4.96459270e-05  4.03131742e-04  4.96459270e-05 -5.55204195e-06  4.96459270e-05  7.01762043e-01 
 4.96538833e-05  1.53399140e-03  4.96538833e-05 -2.23746770e-05  4.96538833e-05  7.82004972e-01 
 4.96617117e-05  5.15209668e-03  4.96617117e-05 -6.97457258e-05  4.96617117e-05  8.60957686e-01 
 4.96715928e-05  1.80813554e-02  4.96715928e-05 -1.93053110e-04  4.96715928e-05  9.60613642e-01 
 4.96838552e-05  5.34683123e-02  4.96838552e-05 -3.90270769e-04  4.96838552e-05  1.08428501e+00 
 4.97038575e-05  1.51839113e-01  4.97038575e-05 -6.13342687e-04  4.97038575e-05  1.28601721e+00 
 4.97224554e-05  2.69080981e-01  4.97224554e-05 -6.89390977e-04  4.97224554e-05  1.47358541e+00 
 4.97527585e-05  4.74800314e-01  4.97527585e-05 -7.42674577e-04  4.97527585e-05  1.77920642e+00 
 4.97851225e-05  7.02380904e-01  4.97851225e-05 -7.81387693e-04  4.97851225e-05  2.10561228e+00 
 4.98346989e-05  1.05990196e+00  4.98346989e-05 -8.37120075e-04  4.98346989e-05  2.60561228e+00 
 4.98842752e-05  1.42600450e+00  4.98842752e-05 -8.88377324e-04  4.98842752e-05  3.10561228e+00 
 4.99338516e-05  1.79826633e+00  4.99338516e-05 -9.35807932e-04  4.99338516e-05  3.60561228e+00 
 4.99834279e-05  2.17502575e+00  4.99834279e-05 -9.81422782e-04  4.99834279e-05  4.10561228e+00 
 5.00277684e-05  2.51483024e+00  5.00277684e-05 -1.02025258e-03  5.00277684e-05  4.55280614e+00 
 5.00721089e-05  2.85673142e+00  5.00721089e-05 -1.05904744e-03  5.00721089e-05  5.00000000e+00 
 5.00770665e-05  2.88843048e+00  5.00770665e-05 -9.28925750e-04  5.00770665e-05  5.00000000e+00 
 5.00869818e-05  2.94072377e+00  5.00869818e-05 -7.10043025e-04  5.00869818e-05  5.00000000e+00 
 5.01068123e-05  3.00086769e+00  5.01068123e-05 -4.91414919e-04  5.01068123e-05  5.00000000e+00 
 5.01245397e-05  3.02727286e+00  5.01245397e-05 -4.09644944e-04  5.01245397e-05  5.00000000e+00 
 5.01479479e-05  3.04570242e+00  5.01479479e-05 -3.55302031e-04  5.01479479e-05  5.00000000e+00 
 5.01759583e-05  3.05596954e+00  5.01759583e-05 -3.28256843e-04  5.01759583e-05  5.00000000e+00 
 5.02255347e-05  3.06252990e+00  5.02255347e-05 -3.10091085e-04  5.02255347e-05  5.00000000e+00 
 5.02751110e-05  3.06380157e+00  5.02751110e-05 -3.07676698e-04  5.02751110e-05  5.00000000e+00 
 5.03246874e-05  3.06406008e+00  5.03246874e-05 -3.06155134e-04  5.03246874e-05  5.00000000e+00 
 5.03742637e-05  3.06410989e+00  5.03742637e-05 -3.06861606e-04  5.03742637e-05  5.00000000e+00 
 5.04238400e-05  3.06412174e+00  5.04238400e-05 -3.06010938e-04  5.04238400e-05  5.00000000e+00 
 5.04734164e-05  3.06412255e+00  5.04734164e-05 -3.06815404e-04  5.04734164e-05  5.00000000e+00 
 5.05229927e-05  3.06412454e+00  5.05229927e-05 -3.06018798e-04  5.05229927e-05  5.00000000e+00 
 5.05725691e-05  3.06412316e+00  5.05725691e-05 -3.06799112e-04  5.05725691e-05  5.00000000e+00 
 5.06221454e-05  3.06412468e+00  5.06221454e-05 -3.06033214e-04  5.06221454e-05  5.00000000e+00 
 5.06717218e-05  3.06412326e+00  5.06717218e-05 -3.06784599e-04  5.06717218e-05  5.00000000e+00 
 5.07212981e-05  3.06412471e+00  5.07212981e-05 -3.06047409e-04  5.07212981e-05  5.00000000e+00 
 5.07708745e-05  3.06412333e+00  5.07708745e-05 -3.06770642e-04  5.07708745e-05  5.00000000e+00 
 5.08204508e-05  3.06412473e+00  5.08204508e-05 -3.06061120e-04  5.08204508e-05  5.00000000e+00 
 5.08700272e-05  3.06412340e+00  5.08700272e-05 -3.06757175e-04  5.08700272e-05  5.00000000e+00 
 5.09196035e-05  3.06412475e+00  5.09196035e-05 -3.06074353e-04  5.09196035e-05  5.00000000e+00 
 5.09691798e-05  3.06412347e+00  5.09691798e-05 -3.06744177e-04  5.09691798e-05  5.00000000e+00 
 5.10187562e-05  3.06412477e+00  5.10187562e-05 -3.06087123e-04  5.10187562e-05  5.00000000e+00 
 5.10683325e-05  3.06412353e+00  5.10683325e-05 -3.06731634e-04  5.10683325e-05  5.00000000e+00 
 5.11179089e-05  3.06412479e+00  5.11179089e-05 -3.06099447e-04  5.11179089e-05  5.00000000e+00 
 5.11674852e-05  3.06412359e+00  5.11674852e-05 -3.06719530e-04  5.11674852e-05  5.00000000e+00 
 5.12170616e-05  3.06412480e+00  5.12170616e-05 -3.06111340e-04  5.12170616e-05  5.00000000e+00 
 5.12666379e-05  3.06412364e+00  5.12666379e-05 -3.06707849e-04  5.12666379e-05  5.00000000e+00 
 5.13162143e-05  3.06412481e+00  5.13162143e-05 -3.06122816e-04  5.13162143e-05  5.00000000e+00 
 5.13657906e-05  3.06412370e+00  5.13657906e-05 -3.06696576e-04  5.13657906e-05  5.00000000e+00 
 5.14153670e-05  3.06412482e+00  5.14153670e-05 -3.06133891e-04  5.14153670e-05  5.00000000e+00 
 5.14649433e-05  3.06412374e+00  5.14649433e-05 -3.06685699e-04  5.14649433e-05  5.00000000e+00 
 5.15145196e-05  3.06412483e+00  5.15145196e-05 -3.06144578e-04  5.15145196e-05  5.00000000e+00 
 5.15640960e-05  3.06412379e+00  5.15640960e-05 -3.06675203e-04  5.15640960e-05  5.00000000e+00 
 5.16136723e-05  3.06412484e+00  5.16136723e-05 -3.06154890e-04  5.16136723e-05  5.00000000e+00 
 5.16632487e-05  3.06412383e+00  5.16632487e-05 -3.06665074e-04  5.16632487e-05  5.00000000e+00 
 5.17128250e-05  3.06412485e+00  5.17128250e-05 -3.06164840e-04  5.17128250e-05  5.00000000e+00 
 5.17624014e-05  3.06412387e+00  5.17624014e-05 -3.06655301e-04  5.17624014e-05  5.00000000e+00 
 5.18119777e-05  3.06412485e+00  5.18119777e-05 -3.06174441e-04  5.18119777e-05  5.00000000e+00 
 5.18615541e-05  3.06412391e+00  5.18615541e-05 -3.06645871e-04  5.18615541e-05  5.00000000e+00 
 5.19111304e-05  3.06412486e+00  5.19111304e-05 -3.06183705e-04  5.19111304e-05  5.00000000e+00 
 5.19607068e-05  3.06412395e+00  5.19607068e-05 -3.06636772e-04  5.19607068e-05  5.00000000e+00 
 5.20102831e-05  3.06412486e+00  5.20102831e-05 -3.06192644e-04  5.20102831e-05  5.00000000e+00 
 5.20598594e-05  3.06412398e+00  5.20598594e-05 -3.06627993e-04  5.20598594e-05  5.00000000e+00 
 5.21094358e-05  3.06412486e+00  5.21094358e-05 -3.06201268e-04  5.21094358e-05  5.00000000e+00 
 5.21590121e-05  3.06412402e+00  5.21590121e-05 -3.06619523e-04  5.21590121e-05  5.00000000e+00 
 5.22085885e-05  3.06412487e+00  5.22085885e-05 -3.06209589e-04  5.22085885e-05  5.00000000e+00 
 5.22581648e-05  3.06412405e+00  5.22581648e-05 -3.06611351e-04  5.22581648e-05  5.00000000e+00 
 5.23077412e-05  3.06412487e+00  5.23077412e-05 -3.06217617e-04  5.23077412e-05  5.00000000e+00 
 5.23573175e-05  3.06412408e+00  5.23573175e-05 -3.06603466e-04  5.23573175e-05  5.00000000e+00 
 5.24068939e-05  3.06412487e+00  5.24068939e-05 -3.06225362e-04  5.24068939e-05  5.00000000e+00 
 5.24564702e-05  3.06412410e+00  5.24564702e-05 -3.06595859e-04  5.24564702e-05  5.00000000e+00 
 5.25060466e-05  3.06412487e+00  5.25060466e-05 -3.06232834e-04  5.25060466e-05  5.00000000e+00 
 5.25556229e-05  3.06412413e+00  5.25556229e-05 -3.06588521e-04  5.25556229e-05  5.00000000e+00 
 5.26051992e-05  3.06412487e+00  5.26051992e-05 -3.06240043e-04  5.26051992e-05  5.00000000e+00 
 5.26547756e-05  3.06412415e+00  5.26547756e-05 -3.06581441e-04  5.26547756e-05  5.00000000e+00 
 5.27043519e-05  3.06412487e+00  5.27043519e-05 -3.06246996e-04  5.27043519e-05  5.00000000e+00 
 5.27539283e-05  3.06412418e+00  5.27539283e-05 -3.06574612e-04  5.27539283e-05  5.00000000e+00 
 5.28035046e-05  3.06412486e+00  5.28035046e-05 -3.06253705e-04  5.28035046e-05  5.00000000e+00 
 5.28530810e-05  3.06412420e+00  5.28530810e-05 -3.06568024e-04  5.28530810e-05  5.00000000e+00 
 5.29026573e-05  3.06412486e+00  5.29026573e-05 -3.06260176e-04  5.29026573e-05  5.00000000e+00 
 5.29522337e-05  3.06412422e+00  5.29522337e-05 -3.06561669e-04  5.29522337e-05  5.00000000e+00 
 5.30018100e-05  3.06412486e+00  5.30018100e-05 -3.06266418e-04  5.30018100e-05  5.00000000e+00 
 5.30513864e-05  3.06412424e+00  5.30513864e-05 -3.06555539e-04  5.30513864e-05  5.00000000e+00 
 5.31009627e-05  3.06412486e+00  5.31009627e-05 -3.06272438e-04  5.31009627e-05  5.00000000e+00 
 5.31505390e-05  3.06412426e+00  5.31505390e-05 -3.06549626e-04  5.31505390e-05  5.00000000e+00 
 5.32001154e-05  3.06412486e+00  5.32001154e-05 -3.06278246e-04  5.32001154e-05  5.00000000e+00 
 5.32496917e-05  3.06412428e+00  5.32496917e-05 -3.06543923e-04  5.32496917e-05  5.00000000e+00 
 5.32992681e-05  3.06412485e+00  5.32992681e-05 -3.06283847e-04  5.32992681e-05  5.00000000e+00 
 5.33488444e-05  3.06412430e+00  5.33488444e-05 -3.06538422e-04  5.33488444e-05  5.00000000e+00 
 5.33984208e-05  3.06412485e+00  5.33984208e-05 -3.06289249e-04  5.33984208e-05  5.00000000e+00 
 5.34479971e-05  3.06412431e+00  5.34479971e-05 -3.06533117e-04  5.34479971e-05  5.00000000e+00 
 5.34975735e-05  3.06412485e+00  5.34975735e-05 -3.06294460e-04  5.34975735e-05  5.00000000e+00 
 5.35471498e-05  3.06412433e+00  5.35471498e-05 -3.06528001e-04  5.35471498e-05  5.00000000e+00 
 5.35967262e-05  3.06412484e+00  5.35967262e-05 -3.06299484e-04  5.35967262e-05  5.00000000e+00 
 5.36463025e-05  3.06412434e+00  5.36463025e-05 -3.06523066e-04  5.36463025e-05  5.00000000e+00 
 5.36958788e-05  3.06412484e+00  5.36958788e-05 -3.06304330e-04  5.36958788e-05  5.00000000e+00 
 5.37454552e-05  3.06412435e+00  5.37454552e-05 -3.06518308e-04  5.37454552e-05  5.00000000e+00 
 5.37950315e-05  3.06412484e+00  5.37950315e-05 -3.06309003e-04  5.37950315e-05  5.00000000e+00 
 5.38446079e-05  3.06412437e+00  5.38446079e-05 -3.06513719e-04  5.38446079e-05  5.00000000e+00 
 5.38941842e-05  3.06412483e+00  5.38941842e-05 -3.06313509e-04  5.38941842e-05  5.00000000e+00 
 5.39437606e-05  3.06412438e+00  5.39437606e-05 -3.06509295e-04  5.39437606e-05  5.00000000e+00 
 5.39933369e-05  3.06412483e+00  5.39933369e-05 -3.06317854e-04  5.39933369e-05  5.00000000e+00 
 5.40429133e-05  3.06412439e+00  5.40429133e-05 -3.06505028e-04  5.40429133e-05  5.00000000e+00 
 5.40924896e-05  3.06412483e+00  5.40924896e-05 -3.06322044e-04  5.40924896e-05  5.00000000e+00 
 5.41420660e-05  3.06412440e+00  5.41420660e-05 -3.06500914e-04  5.41420660e-05  5.00000000e+00 
 5.41916423e-05  3.06412482e+00  5.41916423e-05 -3.06326084e-04  5.41916423e-05  5.00000000e+00 
 5.42412186e-05  3.06412441e+00  5.42412186e-05 -3.06496948e-04  5.42412186e-05  5.00000000e+00 
 5.42907950e-05  3.06412482e+00  5.42907950e-05 -3.06329978e-04  5.42907950e-05  5.00000000e+00 
 5.43403713e-05  3.06412442e+00  5.43403713e-05 -3.06493124e-04  5.43403713e-05  5.00000000e+00 
 5.43899477e-05  3.06412481e+00  5.43899477e-05 -3.06333733e-04  5.43899477e-05  5.00000000e+00 
 5.44395240e-05  3.06412443e+00  5.44395240e-05 -3.06489438e-04  5.44395240e-05  5.00000000e+00 
 5.44891004e-05  3.06412481e+00  5.44891004e-05 -3.06337353e-04  5.44891004e-05  5.00000000e+00 
 5.45386767e-05  3.06412444e+00  5.45386767e-05 -3.06485884e-04  5.45386767e-05  5.00000000e+00 
 5.45882531e-05  3.06412481e+00  5.45882531e-05 -3.06340842e-04  5.45882531e-05  5.00000000e+00 
 5.46378294e-05  3.06412445e+00  5.46378294e-05 -3.06482458e-04  5.46378294e-05  5.00000000e+00 
 5.46874058e-05  3.06412480e+00  5.46874058e-05 -3.06344205e-04  5.46874058e-05  5.00000000e+00 
 5.47369821e-05  3.06412446e+00  5.47369821e-05 -3.06479156e-04  5.47369821e-05  5.00000000e+00 
 5.47865584e-05  3.06412480e+00  5.47865584e-05 -3.06347447e-04  5.47865584e-05  5.00000000e+00 
 5.48361348e-05  3.06412447e+00  5.48361348e-05 -3.06475973e-04  5.48361348e-05  5.00000000e+00 
 5.48857111e-05  3.06412480e+00  5.48857111e-05 -3.06350572e-04  5.48857111e-05  5.00000000e+00 
 5.49352875e-05  3.06412448e+00  5.49352875e-05 -3.06472905e-04  5.49352875e-05  5.00000000e+00 
 5.49848638e-05  3.06412479e+00  5.49848638e-05 -3.06353584e-04  5.49848638e-05  5.00000000e+00 
 5.50344402e-05  3.06412448e+00  5.50344402e-05 -3.06469949e-04  5.50344402e-05  5.00000000e+00 
 5.50840165e-05  3.06412479e+00  5.50840165e-05 -3.06356486e-04  5.50840165e-05  5.00000000e+00 
 5.51335929e-05  3.06412449e+00  5.51335929e-05 -3.06467100e-04  5.51335929e-05  5.00000000e+00 
 5.51831692e-05  3.06412478e+00  5.51831692e-05 -3.06359283e-04  5.51831692e-05  5.00000000e+00 
 5.52327456e-05  3.06412450e+00  5.52327456e-05 -3.06464354e-04  5.52327456e-05  5.00000000e+00 
 5.52823219e-05  3.06412478e+00  5.52823219e-05 -3.06361978e-04  5.52823219e-05  5.00000000e+00 
 5.53318982e-05  3.06412450e+00  5.53318982e-05 -3.06461709e-04  5.53318982e-05  5.00000000e+00 
 5.53814746e-05  3.06412478e+00  5.53814746e-05 -3.06364575e-04  5.53814746e-05  5.00000000e+00 
 5.54310509e-05  3.06412451e+00  5.54310509e-05 -3.06459160e-04  5.54310509e-05  5.00000000e+00 
 5.54806273e-05  3.06412477e+00  5.54806273e-05 -3.06367077e-04  5.54806273e-05  5.00000000e+00 
 5.55302036e-05  3.06412452e+00  5.55302036e-05 -3.06456704e-04  5.55302036e-05  5.00000000e+00 
 5.55797800e-05  3.06412477e+00  5.55797800e-05 -3.06369487e-04  5.55797800e-05  5.00000000e+00 
 5.56293563e-05  3.06412452e+00  5.56293563e-05 -3.06454338e-04  5.56293563e-05  5.00000000e+00 
 5.56789327e-05  3.06412477e+00  5.56789327e-05 -3.06371810e-04  5.56789327e-05  5.00000000e+00 
 5.57285090e-05  3.06412453e+00  5.57285090e-05 -3.06452059e-04  5.57285090e-05  5.00000000e+00 
 5.57780854e-05  3.06412476e+00  5.57780854e-05 -3.06374046e-04  5.57780854e-05  5.00000000e+00 
 5.58276617e-05  3.06412453e+00  5.58276617e-05 -3.06449864e-04  5.58276617e-05  5.00000000e+00 
 5.58772380e-05  3.06412476e+00  5.58772380e-05 -3.06376201e-04  5.58772380e-05  5.00000000e+00 
 5.59268144e-05  3.06412454e+00  5.59268144e-05 -3.06447750e-04  5.59268144e-05  5.00000000e+00 
 5.59763907e-05  3.06412476e+00  5.59763907e-05 -3.06378276e-04  5.59763907e-05  5.00000000e+00 
 5.60259671e-05  3.06412454e+00  5.60259671e-05 -3.06445714e-04  5.60259671e-05  5.00000000e+00 
 5.60755434e-05  3.06412475e+00  5.60755434e-05 -3.06380274e-04  5.60755434e-05  5.00000000e+00 
 5.61251198e-05  3.06412455e+00  5.61251198e-05 -3.06443753e-04  5.61251198e-05  5.00000000e+00 
 5.61746961e-05  3.06412475e+00  5.61746961e-05 -3.06382198e-04  5.61746961e-05  5.00000000e+00 
 5.62242725e-05  3.06412455e+00  5.62242725e-05 -3.06441864e-04  5.62242725e-05  5.00000000e+00 
 5.62738488e-05  3.06412475e+00  5.62738488e-05 -3.06384051e-04  5.62738488e-05  5.00000000e+00 
 5.63234252e-05  3.06412455e+00  5.63234252e-05 -3.06440046e-04  5.63234252e-05  5.00000000e+00 
 5.63730015e-05  3.06412475e+00  5.63730015e-05 -3.06385835e-04  5.63730015e-05  5.00000000e+00 
 5.64225778e-05  3.06412456e+00  5.64225778e-05 -3.06438296e-04  5.64225778e-05  5.00000000e+00 
 5.64721542e-05  3.06412474e+00  5.64721542e-05 -3.06387552e-04  5.64721542e-05  5.00000000e+00 
 5.65217305e-05  3.06412456e+00  5.65217305e-05 -3.06436611e-04  5.65217305e-05  5.00000000e+00 
 5.65713069e-05  3.06412474e+00  5.65713069e-05 -3.06389205e-04  5.65713069e-05  5.00000000e+00 
 5.66208832e-05  3.06412457e+00  5.66208832e-05 -3.06434989e-04  5.66208832e-05  5.00000000e+00 
 5.66704596e-05  3.06412474e+00  5.66704596e-05 -3.06390796e-04  5.66704596e-05  5.00000000e+00 
 5.67200359e-05  3.06412457e+00  5.67200359e-05 -3.06433429e-04  5.67200359e-05  5.00000000e+00 
 5.67696123e-05  3.06412474e+00  5.67696123e-05 -3.06392328e-04  5.67696123e-05  5.00000000e+00 
 5.68191886e-05  3.06412457e+00  5.68191886e-05 -3.06431926e-04  5.68191886e-05  5.00000000e+00 
 5.68687650e-05  3.06412473e+00  5.68687650e-05 -3.06393801e-04  5.68687650e-05  5.00000000e+00 
 5.69183413e-05  3.06412458e+00  5.69183413e-05 -3.06430481e-04  5.69183413e-05  5.00000000e+00 
 5.69679176e-05  3.06412473e+00  5.69679176e-05 -3.06395219e-04  5.69679176e-05  5.00000000e+00 
 5.70174940e-05  3.06412458e+00  5.70174940e-05 -3.06429090e-04  5.70174940e-05  5.00000000e+00 
 5.70670703e-05  3.06412473e+00  5.70670703e-05 -3.06396583e-04  5.70670703e-05  5.00000000e+00 
 5.71166467e-05  3.06412458e+00  5.71166467e-05 -3.06427752e-04  5.71166467e-05  5.00000000e+00 
 5.71662230e-05  3.06412473e+00  5.71662230e-05 -3.06397895e-04  5.71662230e-05  5.00000000e+00 
 5.72157994e-05  3.06412458e+00  5.72157994e-05 -3.06426465e-04  5.72157994e-05  5.00000000e+00 
 5.72653757e-05  3.06412472e+00  5.72653757e-05 -3.06399157e-04  5.72653757e-05  5.00000000e+00 
 5.73149521e-05  3.06412459e+00  5.73149521e-05 -3.06425228e-04  5.73149521e-05  5.00000000e+00 
 5.73645284e-05  3.06412472e+00  5.73645284e-05 -3.06400371e-04  5.73645284e-05  5.00000000e+00 
 5.74141048e-05  3.06412459e+00  5.74141048e-05 -3.06424037e-04  5.74141048e-05  5.00000000e+00 
 5.74636811e-05  3.06412472e+00  5.74636811e-05 -3.06401538e-04  5.74636811e-05  5.00000000e+00 
 5.75132574e-05  3.06412459e+00  5.75132574e-05 -3.06422893e-04  5.75132574e-05  5.00000000e+00 
 5.75628338e-05  3.06412472e+00  5.75628338e-05 -3.06402660e-04  5.75628338e-05  5.00000000e+00 
 5.76124101e-05  3.06412459e+00  5.76124101e-05 -3.06421793e-04  5.76124101e-05  5.00000000e+00 
 5.76619865e-05  3.06412471e+00  5.76619865e-05 -3.06403739e-04  5.76619865e-05  5.00000000e+00 
 5.77115628e-05  3.06412460e+00  5.77115628e-05 -3.06420735e-04  5.77115628e-05  5.00000000e+00 
 5.77611392e-05  3.06412471e+00  5.77611392e-05 -3.06404776e-04  5.77611392e-05  5.00000000e+00 
 5.78107155e-05  3.06412460e+00  5.78107155e-05 -3.06419719e-04  5.78107155e-05  5.00000000e+00 
 5.78602919e-05  3.06412471e+00  5.78602919e-05 -3.06405773e-04  5.78602919e-05  5.00000000e+00 
 5.79098682e-05  3.06412460e+00  5.79098682e-05 -3.06418742e-04  5.79098682e-05  5.00000000e+00 
 5.79594446e-05  3.06412471e+00  5.79594446e-05 -3.06406730e-04  5.79594446e-05  5.00000000e+00 
 5.80090209e-05  3.06412460e+00  5.80090209e-05 -3.06417803e-04  5.80090209e-05  5.00000000e+00 
 5.80585972e-05  3.06412471e+00  5.80585972e-05 -3.06407650e-04  5.80585972e-05  5.00000000e+00 
 5.81081736e-05  3.06412460e+00  5.81081736e-05 -3.06416902e-04  5.81081736e-05  5.00000000e+00 
 5.81577499e-05  3.06412471e+00  5.81577499e-05 -3.06408533e-04  5.81577499e-05  5.00000000e+00 
 5.82073263e-05  3.06412461e+00  5.82073263e-05 -3.06416036e-04  5.82073263e-05  5.00000000e+00 
 5.82569026e-05  3.06412470e+00  5.82569026e-05 -3.06409382e-04  5.82569026e-05  5.00000000e+00 
 5.83064790e-05  3.06412461e+00  5.83064790e-05 -3.06415204e-04  5.83064790e-05  5.00000000e+00 
 5.83560553e-05  3.06412470e+00  5.83560553e-05 -3.06410197e-04  5.83560553e-05  5.00000000e+00 
 5.84056317e-05  3.06412461e+00  5.84056317e-05 -3.06414406e-04  5.84056317e-05  5.00000000e+00 
 5.84552080e-05  3.06412470e+00  5.84552080e-05 -3.06410979e-04  5.84552080e-05  5.00000000e+00 
 5.85047844e-05  3.06412461e+00  5.85047844e-05 -3.06413640e-04  5.85047844e-05  5.00000000e+00 
 5.85543607e-05  3.06412470e+00  5.85543607e-05 -3.06411730e-04  5.85543607e-05  5.00000000e+00 
 5.86039370e-05  3.06412461e+00  5.86039370e-05 -3.06412904e-04  5.86039370e-05  5.00000000e+00 
 5.86535134e-05  3.06412470e+00  5.86535134e-05 -3.06412450e-04  5.86535134e-05  5.00000000e+00 
 5.87030897e-05  3.06412461e+00  5.87030897e-05 -3.06412199e-04  5.87030897e-05  5.00000000e+00 
 5.87526661e-05  3.06412470e+00  5.87526661e-05 -3.06413141e-04  5.87526661e-05  5.00000000e+00 
 5.88022424e-05  3.06412462e+00  5.88022424e-05 -3.06411522e-04  5.88022424e-05  5.00000000e+00 
 5.88518188e-05  3.06412469e+00  5.88518188e-05 -3.06413804e-04  5.88518188e-05  5.00000000e+00 
 5.89013951e-05  3.06412462e+00  5.89013951e-05 -3.06410873e-04  5.89013951e-05  5.00000000e+00 
 5.89509715e-05  3.06412469e+00  5.89509715e-05 -3.06414439e-04  5.89509715e-05  5.00000000e+00 
 5.90005478e-05  3.06412462e+00  5.90005478e-05 -3.06410250e-04  5.90005478e-05  5.00000000e+00 
 5.90501241e-05  3.06412469e+00  5.90501241e-05 -3.06415049e-04  5.90501241e-05  5.00000000e+00 
 5.90997005e-05  3.06412462e+00  5.90997005e-05 -3.06409654e-04  5.90997005e-05  5.00000000e+00 
 5.91492768e-05  3.06412469e+00  5.91492768e-05 -3.06415633e-04  5.91492768e-05  5.00000000e+00 
 5.91988532e-05  3.06412462e+00  5.91988532e-05 -3.06409082e-04  5.91988532e-05  5.00000000e+00 
 5.92484295e-05  3.06412469e+00  5.92484295e-05 -3.06416192e-04  5.92484295e-05  5.00000000e+00 
 5.92980059e-05  3.06412462e+00  5.92980059e-05 -3.06408534e-04  5.92980059e-05  5.00000000e+00 
 5.93475822e-05  3.06412469e+00  5.93475822e-05 -3.06416728e-04  5.93475822e-05  5.00000000e+00 
 5.93971586e-05  3.06412462e+00  5.93971586e-05 -3.06408010e-04  5.93971586e-05  5.00000000e+00 
 5.94467349e-05  3.06412469e+00  5.94467349e-05 -3.06417242e-04  5.94467349e-05  5.00000000e+00 
 5.94963113e-05  3.06412462e+00  5.94963113e-05 -3.06407508e-04  5.94963113e-05  5.00000000e+00 
 5.95458876e-05  3.06412469e+00  5.95458876e-05 -3.06417733e-04  5.95458876e-05  5.00000000e+00 
 5.95954639e-05  3.06412463e+00  5.95954639e-05 -3.06407027e-04  5.95954639e-05  5.00000000e+00 
 5.96450403e-05  3.06412469e+00  5.96450403e-05 -3.06418203e-04  5.96450403e-05  5.00000000e+00 
 5.96946166e-05  3.06412463e+00  5.96946166e-05 -3.06406567e-04  5.96946166e-05  5.00000000e+00 
 5.97441930e-05  3.06412468e+00  5.97441930e-05 -3.06418653e-04  5.97441930e-05  5.00000000e+00 
 5.97937693e-05  3.06412463e+00  5.97937693e-05 -3.06406127e-04  5.97937693e-05  5.00000000e+00 
 5.98433457e-05  3.06412468e+00  5.98433457e-05 -3.06419083e-04  5.98433457e-05  5.00000000e+00 
 5.98929220e-05  3.06412463e+00  5.98929220e-05 -3.06405706e-04  5.98929220e-05  5.00000000e+00 
 5.99424984e-05  3.06412468e+00  5.99424984e-05 -3.06419495e-04  5.99424984e-05  5.00000000e+00 
 5.99920747e-05  3.06412463e+00  5.99920747e-05 -3.06405304e-04  5.99920747e-05  5.00000000e+00 
 6.00416511e-05  3.06412468e+00  6.00416511e-05 -3.06419888e-04  6.00416511e-05  5.00000000e+00 
 6.00912274e-05  3.06412463e+00  6.00912274e-05 -3.06404920e-04  6.00912274e-05  5.00000000e+00 
 6.01408037e-05  3.06412468e+00  6.01408037e-05 -3.06420263e-04  6.01408037e-05  5.00000000e+00 
 6.01903801e-05  3.06412463e+00  6.01903801e-05 -3.06404553e-04  6.01903801e-05  5.00000000e+00 
 6.02399564e-05  3.06412468e+00  6.02399564e-05 -3.06420621e-04  6.02399564e-05  5.00000000e+00 
 6.02895328e-05  3.06412463e+00  6.02895328e-05 -3.06404203e-04  6.02895328e-05  5.00000000e+00 
 6.03391091e-05  3.06412468e+00  6.03391091e-05 -3.06420963e-04  6.03391091e-05  5.00000000e+00 
 6.03886855e-05  3.06412463e+00  6.03886855e-05 -3.06403869e-04  6.03886855e-05  5.00000000e+00 
 6.04382618e-05  3.06412468e+00  6.04382618e-05 -3.06421290e-04  6.04382618e-05  5.00000000e+00 
 6.04878382e-05  3.06412463e+00  6.04878382e-05 -3.06403551e-04  6.04878382e-05  5.00000000e+00 
 6.05374145e-05  3.06412468e+00  6.05374145e-05 -3.06421601e-04  6.05374145e-05  5.00000000e+00 
 6.05869909e-05  3.06412463e+00  6.05869909e-05 -3.06403247e-04  6.05869909e-05  5.00000000e+00 
 6.06365672e-05  3.06412468e+00  6.06365672e-05 -3.06421897e-04  6.06365672e-05  5.00000000e+00 
 6.06861435e-05  3.06412464e+00  6.06861435e-05 -3.06402958e-04  6.06861435e-05  5.00000000e+00 
 6.07357199e-05  3.06412468e+00  6.07357199e-05 -3.06422179e-04  6.07357199e-05  5.00000000e+00 
 6.07852962e-05  3.06412464e+00  6.07852962e-05 -3.06402683e-04  6.07852962e-05  5.00000000e+00 
 6.08348726e-05  3.06412467e+00  6.08348726e-05 -3.06422448e-04  6.08348726e-05  5.00000000e+00 
 6.08844489e-05  3.06412464e+00  6.08844489e-05 -3.06402421e-04  6.08844489e-05  5.00000000e+00 
 6.09340253e-05  3.06412467e+00  6.09340253e-05 -3.06422703e-04  6.09340253e-05  5.00000000e+00 
 6.09836016e-05  3.06412464e+00  6.09836016e-05 -3.06402172e-04  6.09836016e-05  5.00000000e+00 
 6.10331780e-05  3.06412467e+00  6.10331780e-05 -3.06422946e-04  6.10331780e-05  5.00000000e+00 
 6.10827543e-05  3.06412464e+00  6.10827543e-05 -3.06401935e-04  6.10827543e-05  5.00000000e+00 
 6.11323307e-05  3.06412467e+00  6.11323307e-05 -3.06423176e-04  6.11323307e-05  5.00000000e+00 
 6.11819070e-05  3.06412464e+00  6.11819070e-05 -3.06401711e-04  6.11819070e-05  5.00000000e+00 
 6.12314833e-05  3.06412467e+00  6.12314833e-05 -3.06423395e-04  6.12314833e-05  5.00000000e+00 
 6.12810597e-05  3.06412464e+00  6.12810597e-05 -3.06401497e-04  6.12810597e-05  5.00000000e+00 
 6.13306360e-05  3.06412467e+00  6.13306360e-05 -3.06423603e-04  6.13306360e-05  5.00000000e+00 
 6.13802124e-05  3.06412464e+00  6.13802124e-05 -3.06401296e-04  6.13802124e-05  5.00000000e+00 
 6.14297887e-05  3.06412467e+00  6.14297887e-05 -3.06423799e-04  6.14297887e-05  5.00000000e+00 
 6.14793651e-05  3.06412464e+00  6.14793651e-05 -3.06401104e-04  6.14793651e-05  5.00000000e+00 
 6.15289414e-05  3.06412467e+00  6.15289414e-05 -3.06423985e-04  6.15289414e-05  5.00000000e+00 
 6.15785178e-05  3.06412464e+00  6.15785178e-05 -3.06400923e-04  6.15785178e-05  5.00000000e+00 
 6.16280941e-05  3.06412467e+00  6.16280941e-05 -3.06424161e-04  6.16280941e-05  5.00000000e+00 
 6.16776705e-05  3.06412464e+00  6.16776705e-05 -3.06400752e-04  6.16776705e-05  5.00000000e+00 
 6.17272468e-05  3.06412467e+00  6.17272468e-05 -3.06424327e-04  6.17272468e-05  5.00000000e+00 
 6.17768231e-05  3.06412464e+00  6.17768231e-05 -3.06400591e-04  6.17768231e-05  5.00000000e+00 
 6.18263995e-05  3.06412467e+00  6.18263995e-05 -3.06424484e-04  6.18263995e-05  5.00000000e+00 
 6.18759758e-05  3.06412464e+00  6.18759758e-05 -3.06400439e-04  6.18759758e-05  5.00000000e+00 
 6.19255522e-05  3.06412467e+00  6.19255522e-05 -3.06424632e-04  6.19255522e-05  5.00000000e+00 
 6.19751285e-05  3.06412464e+00  6.19751285e-05 -3.06400295e-04  6.19751285e-05  5.00000000e+00 
 6.20247049e-05  3.06412467e+00  6.20247049e-05 -3.06424771e-04  6.20247049e-05  5.00000000e+00 
 6.20742812e-05  3.06412464e+00  6.20742812e-05 -3.06400161e-04  6.20742812e-05  5.00000000e+00 
 6.21238576e-05  3.06412467e+00  6.21238576e-05 -3.06424901e-04  6.21238576e-05  5.00000000e+00 
 6.21734339e-05  3.06412464e+00  6.21734339e-05 -3.06400034e-04  6.21734339e-05  5.00000000e+00 
 6.22230103e-05  3.06412467e+00  6.22230103e-05 -3.06425024e-04  6.22230103e-05  5.00000000e+00 
 6.22725866e-05  3.06412464e+00  6.22725866e-05 -3.06399915e-04  6.22725866e-05  5.00000000e+00 
 6.23221629e-05  3.06412467e+00  6.23221629e-05 -3.06425139e-04  6.23221629e-05  5.00000000e+00 
 6.23717393e-05  3.06412464e+00  6.23717393e-05 -3.06399804e-04  6.23717393e-05  5.00000000e+00 
 6.24213156e-05  3.06412467e+00  6.24213156e-05 -3.06425246e-04  6.24213156e-05  5.00000000e+00 
 6.24708920e-05  3.06412465e+00  6.24708920e-05 -3.06399701e-04  6.24708920e-05  5.00000000e+00 
 6.25204683e-05  3.06412467e+00  6.25204683e-05 -3.06425346e-04  6.25204683e-05  5.00000000e+00 
 6.25700447e-05  3.06412465e+00  6.25700447e-05 -3.06399604e-04  6.25700447e-05  5.00000000e+00 
 6.26196210e-05  3.06412467e+00  6.26196210e-05 -3.06425439e-04  6.26196210e-05  5.00000000e+00 
 6.26691974e-05  3.06412465e+00  6.26691974e-05 -3.06399514e-04  6.26691974e-05  5.00000000e+00 
 6.27187737e-05  3.06412466e+00  6.27187737e-05 -3.06425526e-04  6.27187737e-05  5.00000000e+00 
 6.27683501e-05  3.06412465e+00  6.27683501e-05 -3.06399431e-04  6.27683501e-05  5.00000000e+00 
 6.28179264e-05  3.06412466e+00  6.28179264e-05 -3.06425606e-04  6.28179264e-05  5.00000000e+00 
 6.28675027e-05  3.06412465e+00  6.28675027e-05 -3.06399354e-04  6.28675027e-05  5.00000000e+00 
 6.29170791e-05  3.06412466e+00  6.29170791e-05 -3.06425680e-04  6.29170791e-05  5.00000000e+00 
 6.29666554e-05  3.06412465e+00  6.29666554e-05 -3.06399283e-04  6.29666554e-05  5.00000000e+00 
 6.30162318e-05  3.06412466e+00  6.30162318e-05 -3.06425748e-04  6.30162318e-05  5.00000000e+00 
 6.30658081e-05  3.06412465e+00  6.30658081e-05 -3.06399218e-04  6.30658081e-05  5.00000000e+00 
 6.31153845e-05  3.06412466e+00  6.31153845e-05 -3.06425810e-04  6.31153845e-05  5.00000000e+00 
 6.31649608e-05  3.06412465e+00  6.31649608e-05 -3.06399159e-04  6.31649608e-05  5.00000000e+00 
 6.32145372e-05  3.06412466e+00  6.32145372e-05 -3.06425867e-04  6.32145372e-05  5.00000000e+00 
 6.32641135e-05  3.06412465e+00  6.32641135e-05 -3.06399105e-04  6.32641135e-05  5.00000000e+00 
 6.33136899e-05  3.06412466e+00  6.33136899e-05 -3.06425918e-04  6.33136899e-05  5.00000000e+00 
 6.33632662e-05  3.06412465e+00  6.33632662e-05 -3.06399056e-04  6.33632662e-05  5.00000000e+00 
 6.34128425e-05  3.06412466e+00  6.34128425e-05 -3.06425964e-04  6.34128425e-05  5.00000000e+00 
 6.34624189e-05  3.06412465e+00  6.34624189e-05 -3.06399012e-04  6.34624189e-05  5.00000000e+00 
 6.35119952e-05  3.06412466e+00  6.35119952e-05 -3.06426006e-04  6.35119952e-05  5.00000000e+00 
 6.35615716e-05  3.06412465e+00  6.35615716e-05 -3.06398973e-04  6.35615716e-05  5.00000000e+00 
 6.36111479e-05  3.06412466e+00  6.36111479e-05 -3.06426042e-04  6.36111479e-05  5.00000000e+00 
 6.36607243e-05  3.06412465e+00  6.36607243e-05 -3.06398939e-04  6.36607243e-05  5.00000000e+00 
 6.37103006e-05  3.06412466e+00  6.37103006e-05 -3.06426075e-04  6.37103006e-05  5.00000000e+00 
 6.37598770e-05  3.06412465e+00  6.37598770e-05 -3.06398909e-04  6.37598770e-05  5.00000000e+00 
 6.38094533e-05  3.06412466e+00  6.38094533e-05 -3.06426102e-04  6.38094533e-05  5.00000000e+00 
 6.38590297e-05  3.06412465e+00  6.38590297e-05 -3.06398883e-04  6.38590297e-05  5.00000000e+00 
 6.39086060e-05  3.06412466e+00  6.39086060e-05 -3.06426126e-04  6.39086060e-05  5.00000000e+00 
 6.39581823e-05  3.06412465e+00  6.39581823e-05 -3.06398861e-04  6.39581823e-05  5.00000000e+00 
 6.40077587e-05  3.06412466e+00  6.40077587e-05 -3.06426146e-04  6.40077587e-05  5.00000000e+00 
 6.40573350e-05  3.06412465e+00  6.40573350e-05 -3.06398843e-04  6.40573350e-05  5.00000000e+00 
 6.41069114e-05  3.06412466e+00  6.41069114e-05 -3.06426162e-04  6.41069114e-05  5.00000000e+00 
 6.41564877e-05  3.06412465e+00  6.41564877e-05 -3.06398829e-04  6.41564877e-05  5.00000000e+00 
 6.42060641e-05  3.06412466e+00  6.42060641e-05 -3.06426174e-04  6.42060641e-05  5.00000000e+00 
 6.42556404e-05  3.06412465e+00  6.42556404e-05 -3.06398819e-04  6.42556404e-05  5.00000000e+00 
 6.43052168e-05  3.06412466e+00  6.43052168e-05 -3.06426182e-04  6.43052168e-05  5.00000000e+00 
 6.43547931e-05  3.06412465e+00  6.43547931e-05 -3.06398812e-04  6.43547931e-05  5.00000000e+00 
 6.44043695e-05  3.06412466e+00  6.44043695e-05 -3.06426188e-04  6.44043695e-05  5.00000000e+00 
 6.44539458e-05  3.06412465e+00  6.44539458e-05 -3.06398809e-04  6.44539458e-05  5.00000000e+00 
 6.45035221e-05  3.06412466e+00  6.45035221e-05 -3.06426190e-04  6.45035221e-05  5.00000000e+00 
 6.45530985e-05  3.06412465e+00  6.45530985e-05 -3.06398808e-04  6.45530985e-05  5.00000000e+00 
 6.46026748e-05  3.06412466e+00  6.46026748e-05 -3.06426188e-04  6.46026748e-05  5.00000000e+00 
 6.46522512e-05  3.06412465e+00  6.46522512e-05 -3.06398811e-04  6.46522512e-05  5.00000000e+00 
 6.47018275e-05  3.06412466e+00  6.47018275e-05 -3.06426184e-04  6.47018275e-05  5.00000000e+00 
 6.47514039e-05  3.06412465e+00  6.47514039e-05 -3.06398817e-04  6.47514039e-05  5.00000000e+00 
 6.48009802e-05  3.06412466e+00  6.48009802e-05 -3.06426177e-04  6.48009802e-05  5.00000000e+00 
 6.48505566e-05  3.06412465e+00  6.48505566e-05 -3.06398825e-04  6.48505566e-05  5.00000000e+00 
 6.49001329e-05  3.06412466e+00  6.49001329e-05 -3.06426167e-04  6.49001329e-05  5.00000000e+00 
 6.49497093e-05  3.06412465e+00  6.49497093e-05 -3.06398836e-04  6.49497093e-05  5.00000000e+00 
 6.49992856e-05  3.06412466e+00  6.49992856e-05 -3.06426155e-04  6.49992856e-05  5.00000000e+00 
 6.50488619e-05  3.06412465e+00  6.50488619e-05 -3.06398850e-04  6.50488619e-05  5.00000000e+00 
 6.50984383e-05  3.06412466e+00  6.50984383e-05 -3.06426140e-04  6.50984383e-05  5.00000000e+00 
 6.51480146e-05  3.06412465e+00  6.51480146e-05 -3.06398867e-04  6.51480146e-05  5.00000000e+00 
 6.51975910e-05  3.06412466e+00  6.51975910e-05 -3.06426122e-04  6.51975910e-05  5.00000000e+00 
 6.52471673e-05  3.06412465e+00  6.52471673e-05 -3.06398885e-04  6.52471673e-05  5.00000000e+00 
 6.52967437e-05  3.06412466e+00  6.52967437e-05 -3.06426102e-04  6.52967437e-05  5.00000000e+00 
 6.53463200e-05  3.06412465e+00  6.53463200e-05 -3.06398906e-04  6.53463200e-05  5.00000000e+00 
 6.53958964e-05  3.06412466e+00  6.53958964e-05 -3.06426080e-04  6.53958964e-05  5.00000000e+00 
 6.54454727e-05  3.06412465e+00  6.54454727e-05 -3.06398929e-04  6.54454727e-05  5.00000000e+00 
 6.54950491e-05  3.06412466e+00  6.54950491e-05 -3.06426056e-04  6.54950491e-05  5.00000000e+00 
 6.55446254e-05  3.06412465e+00  6.55446254e-05 -3.06398955e-04  6.55446254e-05  5.00000000e+00 
 6.55942017e-05  3.06412466e+00  6.55942017e-05 -3.06426030e-04  6.55942017e-05  5.00000000e+00 
 6.56437781e-05  3.06412465e+00  6.56437781e-05 -3.06398982e-04  6.56437781e-05  5.00000000e+00 
 6.56933544e-05  3.06412466e+00  6.56933544e-05 -3.06426001e-04  6.56933544e-05  5.00000000e+00 
 6.57429308e-05  3.06412465e+00  6.57429308e-05 -3.06399011e-04  6.57429308e-05  5.00000000e+00 
 6.57925071e-05  3.06412466e+00  6.57925071e-05 -3.06425971e-04  6.57925071e-05  5.00000000e+00 
 6.58420835e-05  3.06412465e+00  6.58420835e-05 -3.06399042e-04  6.58420835e-05  5.00000000e+00 
 6.58916598e-05  3.06412466e+00  6.58916598e-05 -3.06425939e-04  6.58916598e-05  5.00000000e+00 
 6.59412362e-05  3.06412465e+00  6.59412362e-05 -3.06399075e-04  6.59412362e-05  5.00000000e+00 
 6.59908125e-05  3.06412466e+00  6.59908125e-05 -3.06425906e-04  6.59908125e-05  5.00000000e+00 
 6.60403889e-05  3.06412465e+00  6.60403889e-05 -3.06399109e-04  6.60403889e-05  5.00000000e+00 
 6.60899652e-05  3.06412466e+00  6.60899652e-05 -3.06425871e-04  6.60899652e-05  5.00000000e+00 
 6.61395415e-05  3.06412465e+00  6.61395415e-05 -3.06399145e-04  6.61395415e-05  5.00000000e+00 
 6.61891179e-05  3.06412466e+00  6.61891179e-05 -3.06425834e-04  6.61891179e-05  5.00000000e+00 
 6.62386942e-05  3.06412465e+00  6.62386942e-05 -3.06399183e-04  6.62386942e-05  5.00000000e+00 
 6.62882706e-05  3.06412466e+00  6.62882706e-05 -3.06425795e-04  6.62882706e-05  5.00000000e+00 
 6.63378469e-05  3.06412465e+00  6.63378469e-05 -3.06399222e-04  6.63378469e-05  5.00000000e+00 
 6.63874233e-05  3.06412466e+00  6.63874233e-05 -3.06425756e-04  6.63874233e-05  5.00000000e+00 
 6.64369996e-05  3.06412465e+00  6.64369996e-05 -3.06399262e-04  6.64369996e-05  5.00000000e+00 
 6.64865760e-05  3.06412466e+00  6.64865760e-05 -3.06425715e-04  6.64865760e-05  5.00000000e+00 
 6.65361523e-05  3.06412465e+00  6.65361523e-05 -3.06399304e-04  6.65361523e-05  5.00000000e+00 
 6.65857287e-05  3.06412466e+00  6.65857287e-05 -3.06425672e-04  6.65857287e-05  5.00000000e+00 
 6.66353050e-05  3.06412465e+00  6.66353050e-05 -3.06399347e-04  6.66353050e-05  5.00000000e+00 
 6.66848813e-05  3.06412466e+00  6.66848813e-05 -3.06425629e-04  6.66848813e-05  5.00000000e+00 
 6.67344577e-05  3.06412465e+00  6.67344577e-05 -3.06399391e-04  6.67344577e-05  5.00000000e+00 
 6.67840340e-05  3.06412466e+00  6.67840340e-05 -3.06425584e-04  6.67840340e-05  5.00000000e+00 
 6.68336104e-05  3.06412465e+00  6.68336104e-05 -3.06399436e-04  6.68336104e-05  5.00000000e+00 
 6.68831867e-05  3.06412466e+00  6.68831867e-05 -3.06425538e-04  6.68831867e-05  5.00000000e+00 
 6.69327631e-05  3.06412465e+00  6.69327631e-05 -3.06399483e-04  6.69327631e-05  5.00000000e+00 
 6.69823394e-05  3.06412466e+00  6.69823394e-05 -3.06425491e-04  6.69823394e-05  5.00000000e+00 
 6.70319158e-05  3.06412465e+00  6.70319158e-05 -3.06399530e-04  6.70319158e-05  5.00000000e+00 
 6.70814921e-05  3.06412466e+00  6.70814921e-05 -3.06425444e-04  6.70814921e-05  5.00000000e+00 
 6.71310685e-05  3.06412465e+00  6.71310685e-05 -3.06399578e-04  6.71310685e-05  5.00000000e+00 
 6.71806448e-05  3.06412466e+00  6.71806448e-05 -3.06425395e-04  6.71806448e-05  5.00000000e+00 
 6.72302211e-05  3.06412465e+00  6.72302211e-05 -3.06399628e-04  6.72302211e-05  5.00000000e+00 
 6.72797975e-05  3.06412466e+00  6.72797975e-05 -3.06425345e-04  6.72797975e-05  5.00000000e+00 
 6.73293738e-05  3.06412465e+00  6.73293738e-05 -3.06399678e-04  6.73293738e-05  5.00000000e+00 
 6.73789502e-05  3.06412466e+00  6.73789502e-05 -3.06425294e-04  6.73789502e-05  5.00000000e+00 
 6.74285265e-05  3.06412465e+00  6.74285265e-05 -3.06399729e-04  6.74285265e-05  5.00000000e+00 
 6.74781029e-05  3.06412466e+00  6.74781029e-05 -3.06425243e-04  6.74781029e-05  5.00000000e+00 
 6.75276792e-05  3.06412465e+00  6.75276792e-05 -3.06399781e-04  6.75276792e-05  5.00000000e+00 
 6.75772556e-05  3.06412466e+00  6.75772556e-05 -3.06425191e-04  6.75772556e-05  5.00000000e+00 
 6.76268319e-05  3.06412465e+00  6.76268319e-05 -3.06399833e-04  6.76268319e-05  5.00000000e+00 
 6.76764083e-05  3.06412466e+00  6.76764083e-05 -3.06425138e-04  6.76764083e-05  5.00000000e+00 
 6.77259846e-05  3.06412465e+00  6.77259846e-05 -3.06399886e-04  6.77259846e-05  5.00000000e+00 
 6.77755609e-05  3.06412466e+00  6.77755609e-05 -3.06425084e-04  6.77755609e-05  5.00000000e+00 
 6.78251373e-05  3.06412465e+00  6.78251373e-05 -3.06399940e-04  6.78251373e-05  5.00000000e+00 
 6.78747136e-05  3.06412466e+00  6.78747136e-05 -3.06425030e-04  6.78747136e-05  5.00000000e+00 
 6.79242900e-05  3.06412465e+00  6.79242900e-05 -3.06399995e-04  6.79242900e-05  5.00000000e+00 
 6.79738663e-05  3.06412466e+00  6.79738663e-05 -3.06424975e-04  6.79738663e-05  5.00000000e+00 
 6.80234427e-05  3.06412465e+00  6.80234427e-05 -3.06400050e-04  6.80234427e-05  5.00000000e+00 
 6.80730190e-05  3.06412466e+00  6.80730190e-05 -3.06424920e-04  6.80730190e-05  5.00000000e+00 
 6.81225954e-05  3.06412465e+00  6.81225954e-05 -3.06400106e-04  6.81225954e-05  5.00000000e+00 
 6.81721717e-05  3.06412466e+00  6.81721717e-05 -3.06424864e-04  6.81721717e-05  5.00000000e+00 
 6.82217481e-05  3.06412465e+00  6.82217481e-05 -3.06400162e-04  6.82217481e-05  5.00000000e+00 
 6.82713244e-05  3.06412466e+00  6.82713244e-05 -3.06424808e-04  6.82713244e-05  5.00000000e+00 
 6.83209007e-05  3.06412465e+00  6.83209007e-05 -3.06400218e-04  6.83209007e-05  5.00000000e+00 
 6.83704771e-05  3.06412466e+00  6.83704771e-05 -3.06424751e-04  6.83704771e-05  5.00000000e+00 
 6.84200534e-05  3.06412465e+00  6.84200534e-05 -3.06400275e-04  6.84200534e-05  5.00000000e+00 
 6.84696298e-05  3.06412466e+00  6.84696298e-05 -3.06424694e-04  6.84696298e-05  5.00000000e+00 
 6.85192061e-05  3.06412465e+00  6.85192061e-05 -3.06400333e-04  6.85192061e-05  5.00000000e+00 
 6.85687825e-05  3.06412466e+00  6.85687825e-05 -3.06424636e-04  6.85687825e-05  5.00000000e+00 
 6.86183588e-05  3.06412465e+00  6.86183588e-05 -3.06400391e-04  6.86183588e-05  5.00000000e+00 
 6.86679352e-05  3.06412466e+00  6.86679352e-05 -3.06424578e-04  6.86679352e-05  5.00000000e+00 
 6.87175115e-05  3.06412465e+00  6.87175115e-05 -3.06400449e-04  6.87175115e-05  5.00000000e+00 
 6.87670879e-05  3.06412466e+00  6.87670879e-05 -3.06424519e-04  6.87670879e-05  5.00000000e+00 
 6.88166642e-05  3.06412465e+00  6.88166642e-05 -3.06400508e-04  6.88166642e-05  5.00000000e+00 
 6.88662405e-05  3.06412466e+00  6.88662405e-05 -3.06424461e-04  6.88662405e-05  5.00000000e+00 
 6.89158169e-05  3.06412465e+00  6.89158169e-05 -3.06400566e-04  6.89158169e-05  5.00000000e+00 
 6.89653932e-05  3.06412466e+00  6.89653932e-05 -3.06424402e-04  6.89653932e-05  5.00000000e+00 
 6.90149696e-05  3.06412465e+00  6.90149696e-05 -3.06400626e-04  6.90149696e-05  5.00000000e+00 
 6.90645459e-05  3.06412466e+00  6.90645459e-05 -3.06424342e-04  6.90645459e-05  5.00000000e+00 
 6.91141223e-05  3.06412465e+00  6.91141223e-05 -3.06400685e-04  6.91141223e-05  5.00000000e+00 
 6.91636986e-05  3.06412466e+00  6.91636986e-05 -3.06424283e-04  6.91636986e-05  5.00000000e+00 
 6.92132750e-05  3.06412465e+00  6.92132750e-05 -3.06400745e-04  6.92132750e-05  5.00000000e+00 
 6.92628513e-05  3.06412466e+00  6.92628513e-05 -3.06424223e-04  6.92628513e-05  5.00000000e+00 
 6.93124277e-05  3.06412466e+00  6.93124277e-05 -3.06400804e-04  6.93124277e-05  5.00000000e+00 
 6.93620040e-05  3.06412466e+00  6.93620040e-05 -3.06424163e-04  6.93620040e-05  5.00000000e+00 
 6.94115803e-05  3.06412466e+00  6.94115803e-05 -3.06400865e-04  6.94115803e-05  5.00000000e+00 
 6.94611567e-05  3.06412466e+00  6.94611567e-05 -3.06424103e-04  6.94611567e-05  5.00000000e+00 
 6.95107330e-05  3.06412466e+00  6.95107330e-05 -3.06400925e-04  6.95107330e-05  5.00000000e+00 
 6.95603094e-05  3.06412466e+00  6.95603094e-05 -3.06424043e-04  6.95603094e-05  5.00000000e+00 
 6.96098857e-05  3.06412466e+00  6.96098857e-05 -3.06400985e-04  6.96098857e-05  5.00000000e+00 
 6.96594621e-05  3.06412466e+00  6.96594621e-05 -3.06423982e-04  6.96594621e-05  5.00000000e+00 
 6.97090384e-05  3.06412466e+00  6.97090384e-05 -3.06401046e-04  6.97090384e-05  5.00000000e+00 
 6.97586148e-05  3.06412466e+00  6.97586148e-05 -3.06423922e-04  6.97586148e-05  5.00000000e+00 
 6.98081911e-05  3.06412466e+00  6.98081911e-05 -3.06401106e-04  6.98081911e-05  5.00000000e+00 
 6.98577675e-05  3.06412466e+00  6.98577675e-05 -3.06423861e-04  6.98577675e-05  5.00000000e+00 
 6.99073438e-05  3.06412466e+00  6.99073438e-05 -3.06401167e-04  6.99073438e-05  5.00000000e+00 
 6.99569201e-05  3.06412466e+00  6.99569201e-05 -3.06423801e-04  6.99569201e-05  5.00000000e+00 
 7.00064965e-05  3.06412466e+00  7.00064965e-05 -3.06401228e-04  7.00064965e-05  5.00000000e+00 
 7.00560728e-05  3.06412466e+00  7.00560728e-05 -3.06423740e-04  7.00560728e-05  5.00000000e+00 
 7.01056492e-05  3.06412466e+00  7.01056492e-05 -3.06401288e-04  7.01056492e-05  5.00000000e+00 
 7.01552255e-05  3.06412466e+00  7.01552255e-05 -3.06423679e-04  7.01552255e-05  5.00000000e+00 
 7.02048019e-05  3.06412466e+00  7.02048019e-05 -3.06401349e-04  7.02048019e-05  5.00000000e+00 
 7.02543782e-05  3.06412466e+00  7.02543782e-05 -3.06423618e-04  7.02543782e-05  5.00000000e+00 
 7.03039546e-05  3.06412466e+00  7.03039546e-05 -3.06401410e-04  7.03039546e-05  5.00000000e+00 
 7.03535309e-05  3.06412466e+00  7.03535309e-05 -3.06423557e-04  7.03535309e-05  5.00000000e+00 
 7.04031072e-05  3.06412466e+00  7.04031072e-05 -3.06401471e-04  7.04031072e-05  5.00000000e+00 
 7.04526836e-05  3.06412466e+00  7.04526836e-05 -3.06423496e-04  7.04526836e-05  5.00000000e+00 
 7.05022599e-05  3.06412466e+00  7.05022599e-05 -3.06401532e-04  7.05022599e-05  5.00000000e+00 
 7.05518363e-05  3.06412466e+00  7.05518363e-05 -3.06423436e-04  7.05518363e-05  5.00000000e+00 
 7.06014126e-05  3.06412466e+00  7.06014126e-05 -3.06401593e-04  7.06014126e-05  5.00000000e+00 
 7.06509890e-05  3.06412466e+00  7.06509890e-05 -3.06423375e-04  7.06509890e-05  5.00000000e+00 
 7.07005653e-05  3.06412466e+00  7.07005653e-05 -3.06401653e-04  7.07005653e-05  5.00000000e+00 
 7.07501417e-05  3.06412466e+00  7.07501417e-05 -3.06423314e-04  7.07501417e-05  5.00000000e+00 
 7.07997180e-05  3.06412466e+00  7.07997180e-05 -3.06401714e-04  7.07997180e-05  5.00000000e+00 
 7.08492944e-05  3.06412466e+00  7.08492944e-05 -3.06423253e-04  7.08492944e-05  5.00000000e+00 
 7.08988707e-05  3.06412466e+00  7.08988707e-05 -3.06401775e-04  7.08988707e-05  5.00000000e+00 
 7.09484470e-05  3.06412466e+00  7.09484470e-05 -3.06423192e-04  7.09484470e-05  5.00000000e+00 
 7.09980234e-05  3.06412466e+00  7.09980234e-05 -3.06401836e-04  7.09980234e-05  5.00000000e+00 
 7.10475997e-05  3.06412466e+00  7.10475997e-05 -3.06423132e-04  7.10475997e-05  5.00000000e+00 
 7.10971761e-05  3.06412466e+00  7.10971761e-05 -3.06401896e-04  7.10971761e-05  5.00000000e+00 
 7.11467524e-05  3.06412466e+00  7.11467524e-05 -3.06423071e-04  7.11467524e-05  5.00000000e+00 
 7.11963288e-05  3.06412466e+00  7.11963288e-05 -3.06401957e-04  7.11963288e-05  5.00000000e+00 
 7.12459051e-05  3.06412466e+00  7.12459051e-05 -3.06423011e-04  7.12459051e-05  5.00000000e+00 
 7.12954815e-05  3.06412466e+00  7.12954815e-05 -3.06402017e-04  7.12954815e-05  5.00000000e+00 
 7.13450578e-05  3.06412466e+00  7.13450578e-05 -3.06422950e-04  7.13450578e-05  5.00000000e+00 
 7.13946342e-05  3.06412466e+00  7.13946342e-05 -3.06402078e-04  7.13946342e-05  5.00000000e+00 
 7.14442105e-05  3.06412466e+00  7.14442105e-05 -3.06422890e-04  7.14442105e-05  5.00000000e+00 
 7.14937868e-05  3.06412466e+00  7.14937868e-05 -3.06402138e-04  7.14937868e-05  5.00000000e+00 
 7.15433632e-05  3.06412466e+00  7.15433632e-05 -3.06422830e-04  7.15433632e-05  5.00000000e+00 
 7.15929395e-05  3.06412466e+00  7.15929395e-05 -3.06402198e-04  7.15929395e-05  5.00000000e+00 
 7.16425159e-05  3.06412466e+00  7.16425159e-05 -3.06422770e-04  7.16425159e-05  5.00000000e+00 
 7.16920922e-05  3.06412466e+00  7.16920922e-05 -3.06402258e-04  7.16920922e-05  5.00000000e+00 
 7.17416686e-05  3.06412466e+00  7.17416686e-05 -3.06422710e-04  7.17416686e-05  5.00000000e+00 
 7.17912449e-05  3.06412466e+00  7.17912449e-05 -3.06402318e-04  7.17912449e-05  5.00000000e+00 
 7.18408213e-05  3.06412466e+00  7.18408213e-05 -3.06422650e-04  7.18408213e-05  5.00000000e+00 
 7.18903976e-05  3.06412466e+00  7.18903976e-05 -3.06402377e-04  7.18903976e-05  5.00000000e+00 
 7.19399740e-05  3.06412466e+00  7.19399740e-05 -3.06422591e-04  7.19399740e-05  5.00000000e+00 
 7.19895503e-05  3.06412466e+00  7.19895503e-05 -3.06402437e-04  7.19895503e-05  5.00000000e+00 
 7.20391266e-05  3.06412466e+00  7.20391266e-05 -3.06422531e-04  7.20391266e-05  5.00000000e+00 
 7.20887030e-05  3.06412466e+00  7.20887030e-05 -3.06402496e-04  7.20887030e-05  5.00000000e+00 
 7.21382793e-05  3.06412466e+00  7.21382793e-05 -3.06422472e-04  7.21382793e-05  5.00000000e+00 
 7.21878557e-05  3.06412466e+00  7.21878557e-05 -3.06402555e-04  7.21878557e-05  5.00000000e+00 
 7.22374320e-05  3.06412466e+00  7.22374320e-05 -3.06422413e-04  7.22374320e-05  5.00000000e+00 
 7.22870084e-05  3.06412466e+00  7.22870084e-05 -3.06402614e-04  7.22870084e-05  5.00000000e+00 
 7.23365847e-05  3.06412466e+00  7.23365847e-05 -3.06422354e-04  7.23365847e-05  5.00000000e+00 
 7.23861611e-05  3.06412466e+00  7.23861611e-05 -3.06402673e-04  7.23861611e-05  5.00000000e+00 
 7.24357374e-05  3.06412466e+00  7.24357374e-05 -3.06422295e-04  7.24357374e-05  5.00000000e+00 
 7.24853138e-05  3.06412466e+00  7.24853138e-05 -3.06402732e-04  7.24853138e-05  5.00000000e+00 
 7.25348901e-05  3.06412466e+00  7.25348901e-05 -3.06422237e-04  7.25348901e-05  5.00000000e+00 
 7.25844664e-05  3.06412466e+00  7.25844664e-05 -3.06402790e-04  7.25844664e-05  5.00000000e+00 
 7.26340428e-05  3.06412466e+00  7.26340428e-05 -3.06422179e-04  7.26340428e-05  5.00000000e+00 
 7.26836191e-05  3.06412466e+00  7.26836191e-05 -3.06402848e-04  7.26836191e-05  5.00000000e+00 
 7.27331955e-05  3.06412466e+00  7.27331955e-05 -3.06422120e-04  7.27331955e-05  5.00000000e+00 
 7.27827718e-05  3.06412466e+00  7.27827718e-05 -3.06402906e-04  7.27827718e-05  5.00000000e+00 
 7.28323482e-05  3.06412466e+00  7.28323482e-05 -3.06422062e-04  7.28323482e-05  5.00000000e+00 
 7.28819245e-05  3.06412466e+00  7.28819245e-05 -3.06402964e-04  7.28819245e-05  5.00000000e+00 
 7.29315009e-05  3.06412466e+00  7.29315009e-05 -3.06422005e-04  7.29315009e-05  5.00000000e+00 
 7.29810772e-05  3.06412466e+00  7.29810772e-05 -3.06403022e-04  7.29810772e-05  5.00000000e+00 
 7.30306536e-05  3.06412466e+00  7.30306536e-05 -3.06421947e-04  7.30306536e-05  5.00000000e+00 
 7.30802299e-05  3.06412466e+00  7.30802299e-05 -3.06403079e-04  7.30802299e-05  5.00000000e+00 
 7.31298062e-05  3.06412466e+00  7.31298062e-05 -3.06421890e-04  7.31298062e-05  5.00000000e+00 
 7.31793826e-05  3.06412466e+00  7.31793826e-05 -3.06403136e-04  7.31793826e-05  5.00000000e+00 
 7.32289589e-05  3.06412466e+00  7.32289589e-05 -3.06421833e-04  7.32289589e-05  5.00000000e+00 
 7.32785353e-05  3.06412466e+00  7.32785353e-05 -3.06403193e-04  7.32785353e-05  5.00000000e+00 
 7.33281116e-05  3.06412466e+00  7.33281116e-05 -3.06421776e-04  7.33281116e-05  5.00000000e+00 
 7.33776880e-05  3.06412466e+00  7.33776880e-05 -3.06403250e-04  7.33776880e-05  5.00000000e+00 
 7.34272643e-05  3.06412466e+00  7.34272643e-05 -3.06421719e-04  7.34272643e-05  5.00000000e+00 
 7.34768407e-05  3.06412466e+00  7.34768407e-05 -3.06403307e-04  7.34768407e-05  5.00000000e+00 
 7.35264170e-05  3.06412466e+00  7.35264170e-05 -3.06421663e-04  7.35264170e-05  5.00000000e+00 
 7.35759934e-05  3.06412466e+00  7.35759934e-05 -3.06403363e-04  7.35759934e-05  5.00000000e+00 
 7.36255697e-05  3.06412466e+00  7.36255697e-05 -3.06421607e-04  7.36255697e-05  5.00000000e+00 
 7.36751460e-05  3.06412466e+00  7.36751460e-05 -3.06403419e-04  7.36751460e-05  5.00000000e+00 
 7.37247224e-05  3.06412466e+00  7.37247224e-05 -3.06421551e-04  7.37247224e-05  5.00000000e+00 
 7.37742987e-05  3.06412466e+00  7.37742987e-05 -3.06403475e-04  7.37742987e-05  5.00000000e+00 
 7.38238751e-05  3.06412466e+00  7.38238751e-05 -3.06421495e-04  7.38238751e-05  5.00000000e+00 
 7.38734514e-05  3.06412466e+00  7.38734514e-05 -3.06403530e-04  7.38734514e-05  5.00000000e+00 
 7.39230278e-05  3.06412466e+00  7.39230278e-05 -3.06421440e-04  7.39230278e-05  5.00000000e+00 
 7.39726041e-05  3.06412466e+00  7.39726041e-05 -3.06403586e-04  7.39726041e-05  5.00000000e+00 
 7.40221805e-05  3.06412466e+00  7.40221805e-05 -3.06421384e-04  7.40221805e-05  5.00000000e+00 
 7.40717568e-05  3.06412466e+00  7.40717568e-05 -3.06403641e-04  7.40717568e-05  5.00000000e+00 
 7.41213332e-05  3.06412466e+00  7.41213332e-05 -3.06421329e-04  7.41213332e-05  5.00000000e+00 
 7.41709095e-05  3.06412466e+00  7.41709095e-05 -3.06403696e-04  7.41709095e-05  5.00000000e+00 
 7.42204858e-05  3.06412466e+00  7.42204858e-05 -3.06421275e-04  7.42204858e-05  5.00000000e+00 
 7.42700622e-05  3.06412466e+00  7.42700622e-05 -3.06403750e-04  7.42700622e-05  5.00000000e+00 
 7.43196385e-05  3.06412466e+00  7.43196385e-05 -3.06421220e-04  7.43196385e-05  5.00000000e+00 
 7.43645181e-05  3.06412466e+00  7.43645181e-05 -3.06403807e-04  7.43645181e-05  5.00000000e+00 
 7.43670818e-05  3.06296966e+00  7.43670818e-05 -2.62012936e-04  7.43670818e-05  4.97414455e+00 
 7.43722090e-05  3.05856705e+00  7.43722090e-05 -1.80015734e-04  7.43722090e-05  4.92243366e+00 
 7.43824636e-05  3.04040856e+00  7.43824636e-05 -7.70912951e-05  7.43824636e-05  4.81901188e+00 
 7.43927245e-05  3.01473180e+00  7.43927245e-05 -2.89660364e-05  7.43927245e-05  4.71552609e+00 
 7.44016909e-05  2.98957559e+00  7.44016909e-05 -1.10062528e-05  7.44016909e-05  4.62509513e+00 
 7.44083212e-05  2.97034174e+00  7.44083212e-05 -5.24223735e-06  7.44083212e-05  4.55822593e+00 
 7.44153286e-05  2.94984915e+00  7.44153286e-05 -2.26560737e-06  7.44153286e-05  4.48755295e+00 
 7.44248537e-05  2.92201302e+00  7.44248537e-05 -7.77283525e-07  7.44248537e-05  4.39148845e+00 
 7.44348901e-05  2.89286787e+00  7.44348901e-05 -2.59825402e-07  7.44348901e-05  4.29026656e+00 
 7.44543308e-05  2.83717941e+00  7.44543308e-05 -1.75118867e-07  7.44543308e-05  4.09419797e+00 
 7.44785243e-05  2.76935341e+00  7.44785243e-05 -1.23208846e-07  7.44785243e-05  3.85019601e+00 
 7.45269112e-05  2.63850491e+00  7.45269112e-05 -1.69662728e-07  7.45269112e-05  3.36219211e+00 
 7.45764875e-05  2.51084486e+00  7.45764875e-05 -1.23134614e-07  7.45764875e-05  2.86219211e+00 
 7.46260639e-05  2.38935820e+00  7.46260639e-05 -1.69662718e-07  7.46260639e-05  2.36219211e+00 
 7.46756402e-05  2.27374604e+00  7.46756402e-05 -1.23134614e-07  7.46756402e-05  1.86219211e+00 
 7.47252166e-05  2.16372468e+00  7.47252166e-05 -1.69662718e-07  7.47252166e-05  1.36219211e+00 
 7.47747929e-05  2.05902339e+00  7.47747929e-05 -1.23134614e-07  7.47747929e-05  8.62192108e-01 
 7.48175372e-05  1.97282902e+00  7.48175372e-05 -1.69662718e-07  7.48175372e-05  4.31096054e-01 
 7.48602816e-05  1.89024016e+00  7.48602816e-05 -1.23134614e-07  7.48602816e-05  0.00000000e+00 
 7.48652392e-05  1.88091935e+00  7.48652392e-05 -2.40200000e-11  7.48652392e-05  0.00000000e+00 
 7.48728064e-05  1.86674586e+00  7.48728064e-05 -2.40200000e-11  7.48728064e-05  0.00000000e+00 
 7.48773590e-05  1.85827036e+00  7.48773590e-05 -2.40200000e-11  7.48773590e-05  0.00000000e+00 
 7.48816869e-05  1.85024869e+00  7.48816869e-05 -2.40200000e-11  7.48816869e-05  0.00000000e+00 
 7.48903429e-05  1.83430901e+00  7.48903429e-05 -2.40200000e-11  7.48903429e-05  0.00000000e+00 
 7.49064064e-05  1.80509083e+00  7.49064064e-05 -2.40200000e-11  7.49064064e-05  0.00000000e+00 
 7.49385336e-05  1.74803966e+00  7.49385336e-05 -2.40200000e-11  7.49385336e-05  0.00000000e+00 
 7.49881100e-05  1.66351037e+00  7.49881100e-05 -2.40200000e-11  7.49881100e-05  0.00000000e+00 
 7.50376863e-05  1.58306863e+00  7.50376863e-05 -2.40200000e-11  7.50376863e-05  0.00000000e+00 
 7.50872626e-05  1.50651678e+00  7.50872626e-05 -2.40200000e-11  7.50872626e-05  0.00000000e+00 
 7.51368390e-05  1.43366672e+00  7.51368390e-05 -2.40200000e-11  7.51368390e-05  0.00000000e+00 
 7.51864153e-05  1.36433944e+00  7.51864153e-05 -2.40200000e-11  7.51864153e-05  0.00000000e+00 
 7.52359917e-05  1.29836460e+00  7.52359917e-05 -2.40200000e-11  7.52359917e-05  0.00000000e+00 
 7.52855680e-05  1.23558008e+00  7.52855680e-05 -2.40200000e-11  7.52855680e-05  0.00000000e+00 
 7.53351444e-05  1.17583160e+00  7.53351444e-05 -2.40200000e-11  7.53351444e-05  0.00000000e+00 
 7.53847207e-05  1.11897236e+00  7.53847207e-05 -2.40200000e-11  7.53847207e-05  0.00000000e+00 
 7.54342971e-05  1.06486264e+00  7.54342971e-05 -2.40200000e-11  7.54342971e-05  0.00000000e+00 
 7.54838734e-05  1.01336948e+00  7.54838734e-05 -2.40200000e-11  7.54838734e-05  0.00000000e+00 
 7.55334498e-05  9.64366355e-01  7.55334498e-05 -2.40200000e-11  7.55334498e-05  0.00000000e+00 
 7.55830261e-05  9.17732859e-01  7.55830261e-05 -2.40200000e-11  7.55830261e-05  0.00000000e+00 
 7.56326024e-05  8.73354398e-01  7.56326024e-05 -2.40200000e-11  7.56326024e-05  0.00000000e+00 
 7.56821788e-05  8.31121933e-01  7.56821788e-05 -2.40200000e-11  7.56821788e-05  0.00000000e+00 
 7.57317551e-05  7.90931684e-01  7.57317551e-05 -2.40200000e-11  7.57317551e-05  0.00000000e+00 
 7.57813315e-05  7.52684903e-01  7.57813315e-05 -2.40200000e-11  7.57813315e-05  0.00000000e+00 
 7.58309078e-05  7.16287603e-01  7.58309078e-05 -2.40200000e-11  7.58309078e-05  0.00000000e+00 
 7.58804842e-05  6.81650358e-01  7.58804842e-05 -2.40200000e-11  7.58804842e-05  0.00000000e+00 
 7.59300605e-05  6.48688048e-01  7.59300605e-05 -2.40200000e-11  7.59300605e-05  0.00000000e+00 
 7.59796369e-05  6.17319689e-01  7.59796369e-05 -2.40200000e-11  7.59796369e-05  0.00000000e+00 
 7.60292132e-05  5.87468193e-01  7.60292132e-05 -2.40200000e-11  7.60292132e-05  0.00000000e+00 
 7.60787896e-05  5.59060219e-01  7.60787896e-05 -2.40200000e-11  7.60787896e-05  0.00000000e+00 
 7.61283659e-05  5.32025954e-01  7.61283659e-05 -2.40200000e-11  7.61283659e-05  0.00000000e+00 
 7.61779422e-05  5.06298979e-01  7.61779422e-05 -2.40200000e-11  7.61779422e-05  0.00000000e+00 
 7.62275186e-05  4.81816070e-01  7.62275186e-05 -2.40200000e-11  7.62275186e-05  0.00000000e+00 
 7.62770949e-05  4.58517075e-01  7.62770949e-05 -2.40200000e-11  7.62770949e-05  0.00000000e+00 
 7.63266713e-05  4.36344737e-01  7.63266713e-05 -2.40200000e-11  7.63266713e-05  0.00000000e+00 
 7.63762476e-05  4.15244583e-01  7.63762476e-05 -2.40200000e-11  7.63762476e-05  0.00000000e+00 
 7.64258240e-05  3.95164756e-01  7.64258240e-05 -2.40200001e-11  7.64258240e-05  0.00000000e+00 
 7.64754003e-05  3.76055926e-01  7.64754003e-05 -2.40200002e-11  7.64754003e-05  0.00000000e+00 
 7.65249767e-05  3.57871131e-01  7.65249767e-05 -2.40200004e-11  7.65249767e-05  0.00000000e+00 
 7.65745530e-05  3.40565694e-01  7.65745530e-05 -2.40200007e-11  7.65745530e-05  0.00000000e+00 
 7.66241294e-05  3.24097086e-01  7.66241294e-05 -2.40200014e-11  7.66241294e-05  0.00000000e+00 
 7.66737057e-05  3.08424849e-01  7.66737057e-05 -2.40200025e-11  7.66737057e-05  0.00000000e+00 
 7.67232820e-05  2.93510463e-01  7.67232820e-05 -2.40200046e-11  7.67232820e-05  0.00000000e+00 
 7.67728584e-05  2.79317291e-01  7.67728584e-05 -2.40200080e-11  7.67728584e-05  0.00000000e+00 
 7.68224347e-05  2.65810449e-01  7.68224347e-05 -2.40200137e-11  7.68224347e-05  0.00000000e+00 
 7.68720111e-05  2.52956756e-01  7.68720111e-05 -2.40200229e-11  7.68720111e-05  0.00000000e+00 
 7.69215874e-05  2.40724620e-01  7.69215874e-05 -2.40200372e-11  7.69215874e-05  0.00000000e+00 
 7.69711638e-05  2.29083994e-01  7.69711638e-05 -2.40200592e-11  7.69711638e-05  0.00000000e+00 
 7.70207401e-05  2.18006264e-01  7.70207401e-05 -2.40200921e-11  7.70207401e-05  0.00000000e+00 
 7.70703165e-05  2.07464220e-01  7.70703165e-05 -2.40201402e-11  7.70703165e-05  0.00000000e+00 
 7.71198928e-05  1.97431949e-01  7.71198928e-05 -2.40202093e-11  7.71198928e-05  0.00000000e+00 
 7.71694692e-05  1.87884809e-01  7.71694692e-05 -2.40203066e-11  7.71694692e-05  0.00000000e+00 
 7.72190455e-05  1.78799333e-01  7.72190455e-05 -2.40204409e-11  7.72190455e-05  0.00000000e+00 
 7.72686218e-05  1.70153204e-01  7.72686218e-05 -2.40206234e-11  7.72686218e-05  0.00000000e+00 
 7.73181982e-05  1.61925168e-01  7.73181982e-05 -2.40208667e-11  7.73181982e-05  0.00000000e+00 
 7.73677745e-05  1.54095016e-01  7.73677745e-05 -2.40211866e-11  7.73677745e-05  0.00000000e+00 
 7.74173509e-05  1.46643500e-01  7.74173509e-05 -2.40215997e-11  7.74173509e-05  0.00000000e+00 
 7.74669272e-05  1.39552318e-01  7.74669272e-05 -2.40221269e-11  7.74669272e-05  0.00000000e+00 
 7.75165036e-05  1.32804037e-01  7.75165036e-05 -2.40227884e-11  7.75165036e-05  0.00000000e+00 
 7.75660799e-05  1.26382085e-01  7.75660799e-05 -2.40236100e-11  7.75660799e-05  0.00000000e+00 
 7.76156563e-05  1.20270672e-01  7.76156563e-05 -2.40246143e-11  7.76156563e-05  0.00000000e+00 
 7.76652326e-05  1.14454791e-01  7.76652326e-05 -2.40258313e-11  7.76652326e-05  0.00000000e+00 
 7.77148090e-05  1.08920142e-01  7.77148090e-05 -2.40272840e-11  7.77148090e-05  0.00000000e+00 
 7.77643853e-05  1.03653134e-01  7.77643853e-05 -2.40290056e-11  7.77643853e-05  0.00000000e+00 
 7.78139616e-05  9.86408170e-02  7.78139616e-05 -2.40310166e-11  7.78139616e-05  0.00000000e+00 
 7.78635380e-05  9.38708825e-02  7.78635380e-05 -2.40333522e-11  7.78635380e-05  0.00000000e+00 
 7.79131143e-05  8.93316018e-02  7.79131143e-05 -2.40360275e-11  7.79131143e-05  0.00000000e+00 
 7.79626907e-05  8.50118295e-02  7.79626907e-05 -2.40390782e-11  7.79626907e-05  0.00000000e+00 
 7.80122670e-05  8.09009427e-02  7.80122670e-05 -2.40425109e-11  7.80122670e-05  0.00000000e+00 
 7.80618434e-05  7.69888486e-02  7.80618434e-05 -2.40463611e-11  7.80618434e-05  0.00000000e+00 
 7.81114197e-05  7.32659260e-02  7.81114197e-05 -2.40506236e-11  7.81114197e-05  0.00000000e+00 
 7.81609961e-05  6.97230355e-02  7.81609961e-05 -2.40553336e-11  7.81609961e-05  0.00000000e+00 
 7.82105724e-05  6.63514630e-02  7.82105724e-05 -2.40604717e-11  7.82105724e-05  0.00000000e+00 
 7.82601488e-05  6.31429327e-02  7.82601488e-05 -2.40660731e-11  7.82601488e-05  0.00000000e+00 
 7.83097251e-05  6.00895517e-02  7.83097251e-05 -2.40721020e-11  7.83097251e-05  0.00000000e+00 
 7.83593014e-05  5.71838262e-02  7.83593014e-05 -2.40785949e-11  7.83593014e-05  0.00000000e+00 
 7.84088778e-05  5.44186075e-02  7.84088778e-05 -2.40854986e-11  7.84088778e-05  0.00000000e+00 
 7.84584541e-05  5.17871097e-02  7.84584541e-05 -2.40928523e-11  7.84584541e-05  0.00000000e+00 
 7.85080305e-05  4.92828580e-02  7.85080305e-05 -2.41005847e-11  7.85080305e-05  0.00000000e+00 
 7.85576068e-05  4.68997077e-02  7.85576068e-05 -2.41087401e-11  7.85576068e-05  0.00000000e+00 
 7.86071832e-05  4.46317942e-02  7.86071832e-05 -2.41172287e-11  7.86071832e-05  0.00000000e+00 
 7.86567595e-05  4.24735537e-02  7.86567595e-05 -2.41261025e-11  7.86567595e-05  0.00000000e+00 
 7.87063359e-05  4.04196741e-02  7.87063359e-05 -2.41352535e-11  7.87063359e-05  0.00000000e+00 
 7.87559122e-05  3.84651174e-02  7.87559122e-05 -2.41447439e-11  7.87559122e-05  0.00000000e+00 
 7.88054886e-05  3.66050722e-02  7.88054886e-05 -2.41544479e-11  7.88054886e-05  0.00000000e+00 
 7.88550649e-05  3.48349768e-02  7.88550649e-05 -2.41644403e-11  7.88550649e-05  0.00000000e+00 
 7.89046412e-05  3.31504730e-02  7.89046412e-05 -2.41745783e-11  7.89046412e-05  0.00000000e+00 
 7.89542176e-05  3.15474304e-02  7.89542176e-05 -2.41849514e-11  7.89542176e-05  0.00000000e+00 
 7.90037939e-05  3.00219012e-02  7.90037939e-05 -2.41954005e-11  7.90037939e-05  0.00000000e+00 
 7.90533703e-05  2.85701457e-02  7.90533703e-05 -2.42060318e-11  7.90533703e-05  0.00000000e+00 
 7.91029466e-05  2.71885880e-02  7.91029466e-05 -2.42166703e-11  7.91029466e-05  0.00000000e+00 
 7.91525230e-05  2.58738419e-02  7.91525230e-05 -2.42274404e-11  7.91525230e-05  0.00000000e+00 
 7.92020993e-05  2.46226683e-02  7.92020993e-05 -2.42381522e-11  7.92020993e-05  0.00000000e+00 
 7.92516757e-05  2.34320015e-02  7.92516757e-05 -2.42489490e-11  7.92516757e-05  0.00000000e+00 
 7.93012520e-05  2.22989071e-02  7.93012520e-05 -2.42596266e-11  7.93012520e-05  0.00000000e+00 
 7.93508284e-05  2.12206095e-02  7.93508284e-05 -2.42703476e-11  7.93508284e-05  0.00000000e+00 
 7.94004047e-05  2.01944506e-02  7.94004047e-05 -2.42808943e-11  7.94004047e-05  0.00000000e+00 
 7.94499810e-05  1.92179174e-02  7.94499810e-05 -2.42914489e-11  7.94499810e-05  0.00000000e+00 
 7.94995574e-05  1.82886019e-02  7.94995574e-05 -2.43017806e-11  7.94995574e-05  0.00000000e+00 
 7.95491337e-05  1.74042292e-02  7.95491337e-05 -2.43120908e-11  7.95491337e-05  0.00000000e+00 
 7.95987101e-05  1.65626175e-02  7.95987101e-05 -2.43221362e-11  7.95987101e-05  0.00000000e+00 
 7.96482864e-05  1.57617075e-02  7.96482864e-05 -2.43321369e-11  7.96482864e-05  0.00000000e+00 
 7.96978628e-05  1.49995226e-02  7.96978628e-05 -2.43418377e-11  7.96978628e-05  0.00000000e+00 
 7.97474391e-05  1.42741987e-02  7.97474391e-05 -2.43514766e-11  7.97474391e-05  0.00000000e+00 
 7.97970155e-05  1.35839447e-02  7.97970155e-05 -2.43607870e-11  7.97970155e-05  0.00000000e+00 
 7.98465918e-05  1.29270733e-02  7.98465918e-05 -2.43700238e-11  7.98465918e-05  0.00000000e+00 
 7.98961682e-05  1.23019618e-02  7.98961682e-05 -2.43789096e-11  7.98961682e-05  0.00000000e+00 
 7.99457445e-05  1.17070828e-02  7.99457445e-05 -2.43877153e-11  7.99457445e-05  0.00000000e+00 
 7.99953208e-05  1.11409659e-02  7.99953208e-05 -2.43961528e-11  7.99953208e-05  0.00000000e+00 
 8.00448972e-05  1.06022287e-02  8.00448972e-05 -2.44045079e-11  8.00448972e-05  0.00000000e+00 
 8.00944735e-05  1.00895388e-02  8.00944735e-05 -2.44124829e-11  8.00944735e-05  0.00000000e+00 
 8.01440499e-05  9.60164510e-03  8.01440499e-05 -2.44203770e-11  8.01440499e-05  0.00000000e+00 
 8.01936262e-05  9.13734008e-03  8.01936262e-05 -2.44278831e-11  8.01936262e-05  0.00000000e+00 
 8.02432026e-05  8.69549149e-03  8.02432026e-05 -2.44353132e-11  8.02432026e-05  0.00000000e+00 
 8.02927789e-05  8.27500500e-03  8.02927789e-05 -2.44423511e-11  8.02927789e-05  0.00000000e+00 
 8.03423553e-05  7.87485602e-03  8.03423553e-05 -2.44493203e-11  8.03423553e-05  0.00000000e+00 
 8.03919316e-05  7.49405270e-03  8.03919316e-05 -2.44558964e-11  8.03919316e-05  0.00000000e+00 
 8.04415079e-05  7.13166794e-03  8.04415079e-05 -2.44624129e-11  8.04415079e-05  0.00000000e+00 
 8.04910843e-05  6.78680269e-03  8.04910843e-05 -2.44685380e-11  8.04910843e-05  0.00000000e+00 
 8.05406606e-05  6.45861816e-03  8.05406606e-05 -2.44746143e-11  8.05406606e-05  0.00000000e+00 
 8.05902370e-05  6.14629933e-03  8.05902370e-05 -2.44803029e-11  8.05902370e-05  0.00000000e+00 
 8.06398133e-05  5.84908738e-03  8.06398133e-05 -2.44859545e-11  8.06398133e-05  0.00000000e+00 
 8.06893897e-05  5.56624341e-03  8.06893897e-05 -2.44912237e-11  8.06893897e-05  0.00000000e+00 
 8.07389660e-05  5.29708100e-03  8.07389660e-05 -2.44964684e-11  8.07389660e-05  0.00000000e+00 
 8.07885424e-05  5.04093021e-03  8.07885424e-05 -2.45013374e-11  8.07885424e-05  0.00000000e+00 
 8.08381187e-05  4.79717017e-03  8.08381187e-05 -2.45061948e-11  8.08381187e-05  0.00000000e+00 
 8.08876951e-05  4.56519339e-03  8.08876951e-05 -2.45106840e-11  8.08876951e-05  0.00000000e+00 
 8.09372714e-05  4.34443837e-03  8.09372714e-05 -2.45151745e-11  8.09372714e-05  0.00000000e+00 
 8.09868477e-05  4.13435418e-03  8.09868477e-05 -2.45193051e-11  8.09868477e-05  0.00000000e+00 
 8.10364241e-05  3.93443309e-03  8.10364241e-05 -2.45234498e-11  8.10364241e-05  0.00000000e+00 
 8.10860004e-05  3.74417537e-03  8.10860004e-05 -2.45272433e-11  8.10860004e-05  0.00000000e+00 
 8.11355768e-05  3.56312202e-03  8.11355768e-05 -2.45310635e-11  8.11355768e-05  0.00000000e+00 
 8.11851531e-05  3.39081966e-03  8.11851531e-05 -2.45345413e-11  8.11851531e-05  0.00000000e+00 
 8.12347295e-05  3.22685339e-03  8.12347295e-05 -2.45380579e-11  8.12347295e-05  0.00000000e+00 
 8.12843058e-05  3.07081185e-03  8.12843058e-05 -2.45412412e-11  8.12843058e-05  0.00000000e+00 
 8.13338822e-05  2.92232007e-03  8.13338822e-05 -2.45444749e-11  8.13338822e-05  0.00000000e+00 
 8.13834585e-05  2.78100475e-03  8.13834585e-05 -2.45473842e-11  8.13834585e-05  0.00000000e+00 
 8.14330349e-05  2.64652706e-03  8.14330349e-05 -2.45503547e-11  8.14330349e-05  0.00000000e+00 
 8.14826112e-05  2.51854816e-03  8.14826112e-05 -2.45530099e-11  8.14826112e-05  0.00000000e+00 
 8.15321875e-05  2.39676199e-03  8.15321875e-05 -2.45557366e-11  8.15321875e-05  0.00000000e+00 
 8.15817639e-05  2.28086089e-03  8.15817639e-05 -2.45581565e-11  8.15817639e-05  0.00000000e+00 
 8.16313402e-05  2.17056846e-03  8.16313402e-05 -2.45606576e-11  8.16313402e-05  0.00000000e+00 
 8.16809166e-05  2.06560533e-03  8.16809166e-05 -2.45628603e-11  8.16809166e-05  0.00000000e+00 
 8.17304929e-05  1.96572193e-03  8.17304929e-05 -2.45651532e-11  8.17304929e-05  0.00000000e+00 
 8.17800693e-05  1.87066450e-03  8.17800693e-05 -2.45671558e-11  8.17800693e-05  0.00000000e+00 
 8.18296456e-05  1.78020777e-03  8.18296456e-05 -2.45692567e-11  8.18296456e-05  0.00000000e+00 
 8.18792220e-05  1.69412118e-03  8.18792220e-05 -2.45710752e-11  8.18792220e-05  0.00000000e+00 
 8.19287983e-05  1.61220149e-03  8.19287983e-05 -2.45729996e-11  8.19287983e-05  0.00000000e+00 
 8.19783747e-05  1.53423913e-03  8.19783747e-05 -2.45746490e-11  8.19783747e-05  0.00000000e+00 
 8.20279510e-05  1.46005079e-03  8.20279510e-05 -2.45764112e-11  8.20279510e-05  0.00000000e+00 
 8.20775273e-05  1.38944593e-03  8.20775273e-05 -2.45779056e-11  8.20775273e-05  0.00000000e+00 
 8.21271037e-05  1.32225929e-03  8.21271037e-05 -2.45795189e-11  8.21271037e-05  0.00000000e+00 
 8.21766800e-05  1.25831757e-03  8.21766800e-05 -2.45808714e-11  8.21766800e-05  0.00000000e+00 
 8.22262564e-05  1.19747185e-03  8.22262564e-05 -2.45823483e-11  8.22262564e-05  0.00000000e+00 
 8.22758327e-05  1.13956444e-03  8.22758327e-05 -2.45835709e-11  8.22758327e-05  0.00000000e+00 
 8.23254091e-05  1.08446121e-03  8.23254091e-05 -2.45849230e-11  8.23254091e-05  0.00000000e+00 
 8.23749854e-05  1.03201862e-03  8.23749854e-05 -2.45860270e-11  8.23749854e-05  0.00000000e+00 
 8.24245618e-05  9.82115939e-04  8.24245618e-05 -2.45872649e-11  8.24245618e-05  0.00000000e+00 
 8.24741381e-05  9.34622431e-04  8.24741381e-05 -2.45882605e-11  8.24741381e-05  0.00000000e+00 
 8.25237145e-05  8.89429493e-04  8.25237145e-05 -2.45893940e-11  8.25237145e-05  0.00000000e+00 
 8.25732908e-05  8.46417997e-04  8.25732908e-05 -2.45902909e-11  8.25732908e-05  0.00000000e+00 
 8.26228671e-05  8.05490320e-04  8.26228671e-05 -2.45913291e-11  8.26228671e-05  0.00000000e+00 
 8.26724435e-05  7.66537849e-04  8.26724435e-05 -2.45921360e-11  8.26724435e-05  0.00000000e+00 
 8.27220198e-05  7.29472898e-04  8.27220198e-05 -2.45930872e-11  8.27220198e-05  0.00000000e+00 
 8.27715962e-05  6.94196382e-04  8.27715962e-05 -2.45938121e-11  8.27715962e-05  0.00000000e+00 
 8.28211725e-05  6.60629612e-04  8.28211725e-05 -2.45946840e-11  8.28211725e-05  0.00000000e+00 
 8.28707489e-05  6.28682135e-04  8.28707489e-05 -2.45953344e-11  8.28707489e-05  0.00000000e+00 
 8.29203252e-05  5.98283403e-04  8.29203252e-05 -2.45961339e-11  8.29203252e-05  0.00000000e+00 
 8.29699016e-05  5.69350788e-04  8.29699016e-05 -2.45967165e-11  8.29699016e-05  0.00000000e+00 
 8.30194779e-05  5.41821112e-04  8.30194779e-05 -2.45974500e-11  8.30194779e-05  0.00000000e+00 
 8.30690543e-05  5.15618833e-04  8.30690543e-05 -2.45979711e-11  8.30690543e-05  0.00000000e+00 
 8.31186306e-05  4.90687443e-04  8.31186306e-05 -2.45986445e-11  8.31186306e-05  0.00000000e+00 
 8.31682069e-05  4.66957825e-04  8.31682069e-05 -2.45991097e-11  8.31682069e-05  0.00000000e+00 
 8.32177833e-05  4.44379508e-04  8.32177833e-05 -2.45997284e-11  8.32177833e-05  0.00000000e+00 
 8.32673596e-05  4.22889197e-04  8.32673596e-05 -2.46001429e-11  8.32673596e-05  0.00000000e+00 
 8.33169360e-05  4.02441879e-04  8.33169360e-05 -2.46007116e-11  8.33169360e-05  0.00000000e+00 
 8.33665123e-05  3.82979541e-04  8.33665123e-05 -2.46010801e-11  8.33665123e-05  0.00000000e+00 
 8.34160887e-05  3.64462110e-04  8.34160887e-05 -2.46016035e-11  8.34160887e-05  0.00000000e+00 
 8.34656650e-05  3.46836355e-04  8.34656650e-05 -2.46019303e-11  8.34656650e-05  0.00000000e+00 
 8.35152414e-05  3.30066677e-04  8.35152414e-05 -2.46024123e-11  8.35152414e-05  0.00000000e+00 
 8.35648177e-05  3.14104180e-04  8.35648177e-05 -2.46027014e-11  8.35648177e-05  0.00000000e+00 
 8.36143941e-05  2.98917309e-04  8.36143941e-05 -2.46031457e-11  8.36143941e-05  0.00000000e+00 
 8.36639704e-05  2.84461102e-04  8.36639704e-05 -2.46034006e-11  8.36639704e-05  0.00000000e+00 
 8.37135467e-05  2.70707658e-04  8.37135467e-05 -2.46038106e-11  8.37135467e-05  0.00000000e+00 
 8.37631231e-05  2.57615586e-04  8.37631231e-05 -2.46040346e-11  8.37631231e-05  0.00000000e+00 
 8.38126994e-05  2.45160290e-04  8.38126994e-05 -2.46044134e-11  8.38126994e-05  0.00000000e+00 
 8.38622758e-05  2.33303614e-04  8.38622758e-05 -2.46046095e-11  8.38622758e-05  0.00000000e+00 
 8.39118521e-05  2.22023952e-04  8.39118521e-05 -2.46049598e-11  8.39118521e-05  0.00000000e+00 
 8.39614285e-05  2.11286083e-04  8.39614285e-05 -2.46051306e-11  8.39614285e-05  0.00000000e+00 
 8.40110048e-05  2.01071103e-04  8.40110048e-05 -2.46054550e-11  8.40110048e-05  0.00000000e+00 
 8.40605812e-05  1.91346455e-04  8.40605812e-05 -2.46056030e-11  8.40605812e-05  0.00000000e+00 
 8.41101575e-05  1.82095676e-04  8.41101575e-05 -2.46059038e-11  8.41101575e-05  0.00000000e+00 
 8.41597339e-05  1.73288627e-04  8.41597339e-05 -2.46060312e-11  8.41597339e-05  0.00000000e+00 
 8.42093102e-05  1.64911052e-04  8.42093102e-05 -2.46063105e-11  8.42093102e-05  0.00000000e+00 
 8.42588865e-05  1.56935007e-04  8.42588865e-05 -2.46064193e-11  8.42588865e-05  0.00000000e+00 
 8.43084629e-05  1.49348225e-04  8.43084629e-05 -2.46066789e-11  8.43084629e-05  0.00000000e+00 
 8.43580392e-05  1.42124758e-04  8.43580392e-05 -2.46067711e-11  8.43580392e-05  0.00000000e+00 
 8.44076156e-05  1.35254138e-04  8.44076156e-05 -2.46070128e-11  8.44076156e-05  0.00000000e+00 
 8.44571919e-05  1.28712226e-04  8.44571919e-05 -2.46070899e-11  8.44571919e-05  0.00000000e+00 
 8.45067683e-05  1.22490178e-04  8.45067683e-05 -2.46073152e-11  8.45067683e-05  0.00000000e+00 
 8.45563446e-05  1.16565500e-04  8.45563446e-05 -2.46073788e-11  8.45563446e-05  0.00000000e+00 
 8.46059210e-05  1.10930815e-04  8.46059210e-05 -2.46075892e-11  8.46059210e-05  0.00000000e+00 
 8.46554973e-05  1.05565122e-04  8.46554973e-05 -2.46076406e-11  8.46554973e-05  0.00000000e+00 
 8.47050737e-05  1.00462364e-04  8.47050737e-05 -2.46078374e-11  8.47050737e-05  0.00000000e+00 
 8.47546500e-05  9.56029038e-05  8.47546500e-05 -2.46078779e-11  8.47546500e-05  0.00000000e+00 
 8.48042263e-05  9.09818723e-05  8.48042263e-05 -2.46080622e-11  8.48042263e-05  0.00000000e+00 
 8.48538027e-05  8.65808697e-05  8.48538027e-05 -2.46080929e-11  8.48538027e-05  0.00000000e+00 
 8.49033790e-05  8.23961001e-05  8.49033790e-05 -2.46082658e-11  8.49033790e-05  0.00000000e+00 
 8.49529554e-05  7.84102900e-05  8.49529554e-05 -2.46082878e-11  8.49529554e-05  0.00000000e+00 
 8.50025317e-05  7.46206085e-05  8.50025317e-05 -2.46084502e-11  8.50025317e-05  0.00000000e+00 
 8.50521081e-05  7.10108088e-05  8.50521081e-05 -2.46084644e-11  8.50521081e-05  0.00000000e+00 
 8.51016844e-05  6.75789274e-05  8.51016844e-05 -2.46086171e-11  8.51016844e-05  0.00000000e+00 
 8.51512608e-05  6.43096536e-05  8.51512608e-05 -2.46086244e-11  8.51512608e-05  0.00000000e+00 
 8.52008371e-05  6.12018035e-05  8.52008371e-05 -2.46087683e-11  8.52008371e-05  0.00000000e+00 
 8.52504135e-05  5.82409200e-05  8.52504135e-05 -2.46087694e-11  8.52504135e-05  0.00000000e+00 
 8.52999898e-05  5.54265192e-05  8.52999898e-05 -2.46089052e-11  8.52999898e-05  0.00000000e+00 
 8.53495661e-05  5.27449233e-05  8.53495661e-05 -2.46089008e-11  8.53495661e-05  0.00000000e+00 
 8.53991425e-05  5.01962761e-05  8.53991425e-05 -2.46090292e-11  8.53991425e-05  0.00000000e+00 
 8.54487188e-05  4.77676116e-05  8.54487188e-05 -2.46090199e-11  8.54487188e-05  0.00000000e+00 
 8.54982952e-05  4.54596358e-05  8.54982952e-05 -2.46091414e-11  8.54982952e-05  0.00000000e+00 
 8.55478715e-05  4.32600340e-05  8.55478715e-05 -2.46091279e-11  8.55478715e-05  0.00000000e+00 
 8.55974479e-05  4.11700147e-05  8.55974479e-05 -2.46092430e-11  8.55974479e-05  0.00000000e+00 
 8.56470242e-05  3.91778594e-05  8.56470242e-05 -2.46092257e-11  8.56470242e-05  0.00000000e+00 
 8.56966006e-05  3.72852254e-05  8.56966006e-05 -2.46093350e-11  8.56966006e-05  0.00000000e+00 
 8.57461769e-05  3.54809404e-05  8.57461769e-05 -2.46093144e-11  8.57461769e-05  0.00000000e+00 
 8.57957533e-05  3.37670618e-05  8.57957533e-05 -2.46094182e-11  8.57957533e-05  0.00000000e+00 
 8.58453296e-05  3.21329186e-05  8.58453296e-05 -2.46093947e-11  8.58453296e-05  0.00000000e+00 
 8.58949059e-05  3.05809238e-05  8.58949059e-05 -2.46094935e-11  8.58949059e-05  0.00000000e+00 
 8.59444823e-05  2.91008669e-05  8.59444823e-05 -2.46094676e-11  8.59444823e-05  0.00000000e+00 
 8.59940586e-05  2.76954764e-05  8.59940586e-05 -2.46095617e-11  8.59940586e-05  0.00000000e+00 
 8.60436350e-05  2.63549655e-05  8.60436350e-05 -2.46095336e-11  8.60436350e-05  0.00000000e+00 
 8.60932113e-05  2.50823420e-05  8.60932113e-05 -2.46096234e-11  8.60932113e-05  0.00000000e+00 
 8.61427877e-05  2.38682092e-05  8.61427877e-05 -2.46095935e-11  8.61427877e-05  0.00000000e+00 
 8.61923640e-05  2.27158210e-05  8.61923640e-05 -2.46096792e-11  8.61923640e-05  0.00000000e+00 
 8.62419404e-05  2.16161412e-05  8.62419404e-05 -2.46096478e-11  8.62419404e-05  0.00000000e+00 
 8.62915167e-05  2.05726394e-05  8.62915167e-05 -2.46097297e-11  8.62915167e-05  0.00000000e+00 
 8.63410931e-05  1.95766126e-05  8.63410931e-05 -2.46096970e-11  8.63410931e-05  0.00000000e+00 
 8.63906694e-05  1.86317194e-05  8.63906694e-05 -2.46097753e-11  8.63906694e-05  0.00000000e+00 
 8.64402457e-05  1.77295653e-05  8.64402457e-05 -2.46097417e-11  8.64402457e-05  0.00000000e+00 
 8.64898221e-05  1.68739727e-05  8.64898221e-05 -2.46098166e-11  8.64898221e-05  0.00000000e+00 
 8.65393984e-05  1.60568337e-05  8.65393984e-05 -2.46097822e-11  8.65393984e-05  0.00000000e+00 
 8.65889748e-05  1.52821123e-05  8.65889748e-05 -2.46098540e-11  8.65889748e-05  0.00000000e+00 
 8.66385511e-05  1.45419669e-05  8.66385511e-05 -2.46098189e-11  8.66385511e-05  0.00000000e+00 
 8.66881275e-05  1.38404827e-05  8.66881275e-05 -2.46098877e-11  8.66881275e-05  0.00000000e+00 
 8.67377038e-05  1.31700664e-05  8.67377038e-05 -2.46098523e-11  8.67377038e-05  0.00000000e+00 
 8.67872802e-05  1.25349059e-05  8.67872802e-05 -2.46099182e-11  8.67872802e-05  0.00000000e+00 
 8.68368565e-05  1.19276398e-05  8.68368565e-05 -2.46098825e-11  8.68368565e-05  0.00000000e+00 
 8.68864329e-05  1.13525418e-05  8.68864329e-05 -2.46099458e-11  8.68864329e-05  0.00000000e+00 
 8.69360092e-05  1.08024679e-05  8.69360092e-05 -2.46099100e-11  8.69360092e-05  0.00000000e+00 
 8.69855855e-05  1.02817624e-05  8.69855855e-05 -2.46099707e-11  8.69855855e-05  0.00000000e+00 
 8.70351619e-05  9.78348497e-06  8.70351619e-05 -2.46099350e-11  8.70351619e-05  0.00000000e+00 
 8.70847382e-05  9.31203669e-06  8.70847382e-05 -2.46099932e-11  8.70847382e-05  0.00000000e+00 
 8.71343146e-05  8.86066934e-06  8.71343146e-05 -2.46099576e-11  8.71343146e-05  0.00000000e+00 
 8.71838909e-05  8.43382787e-06  8.71838909e-05 -2.46100135e-11  8.71838909e-05  0.00000000e+00 
 8.72334673e-05  8.02494527e-06  8.72334673e-05 -2.46099782e-11  8.72334673e-05  0.00000000e+00 
 8.72830436e-05  7.63849899e-06  8.72830436e-05 -2.46100318e-11  8.72830436e-05  0.00000000e+00 
 8.73326200e-05  7.26809350e-06  8.73326200e-05 -2.46099969e-11  8.73326200e-05  0.00000000e+00 
 8.73821963e-05  6.91822827e-06  8.73821963e-05 -2.46100484e-11  8.73821963e-05  0.00000000e+00 
 8.74317727e-05  6.58267047e-06  8.74317727e-05 -2.46100139e-11  8.74317727e-05  0.00000000e+00 
 8.74813490e-05  6.26593209e-06  8.74813490e-05 -2.46100633e-11  8.74813490e-05  0.00000000e+00 
 8.75309253e-05  5.96193512e-06  8.75309253e-05 -2.46100293e-11  8.75309253e-05  0.00000000e+00 
 8.75805017e-05  5.67519536e-06  8.75805017e-05 -2.46100767e-11  8.75805017e-05  0.00000000e+00 
 8.76300780e-05  5.39978254e-06  8.76300780e-05 -2.46100434e-11  8.76300780e-05  0.00000000e+00 
 8.76796544e-05  5.14020840e-06  8.76796544e-05 -2.46100888e-11  8.76796544e-05  0.00000000e+00 
 8.77292307e-05  4.89068402e-06  8.77292307e-05 -2.46100562e-11  8.77292307e-05  0.00000000e+00 
 8.77788071e-05  4.65570983e-06  8.77788071e-05 -2.46100997e-11  8.77788071e-05  0.00000000e+00 
 8.78283834e-05  4.42963257e-06  8.78283834e-05 -2.46100678e-11  8.78283834e-05  0.00000000e+00 
 8.78779598e-05  4.21693480e-06  8.78779598e-05 -2.46101096e-11  8.78779598e-05  0.00000000e+00 
 8.79275361e-05  4.01209377e-06  8.79275361e-05 -2.46100784e-11  8.79275361e-05  0.00000000e+00 
 8.79771125e-05  3.81956815e-06  8.79771125e-05 -2.46101184e-11  8.79771125e-05  0.00000000e+00 
 8.80266888e-05  3.63396112e-06  8.80266888e-05 -2.46100881e-11  8.80266888e-05  0.00000000e+00 
 8.80762651e-05  3.45970198e-06  8.80762651e-05 -2.46101263e-11  8.80762651e-05  0.00000000e+00 
 8.81258415e-05  3.29151568e-06  8.81258415e-05 -2.46100970e-11  8.81258415e-05  0.00000000e+00 
 8.81754178e-05  3.13379716e-06  8.81754178e-05 -2.46101334e-11  8.81754178e-05  0.00000000e+00 
 8.82249942e-05  2.98138947e-06  8.82249942e-05 -2.46101050e-11  8.82249942e-05  0.00000000e+00 
 8.82745705e-05  2.83864860e-06  8.82745705e-05 -2.46101398e-11  8.82745705e-05  0.00000000e+00 
 8.83241469e-05  2.70053238e-06  8.83241469e-05 -2.46101124e-11  8.83241469e-05  0.00000000e+00 
 8.83737232e-05  2.57135366e-06  8.83737232e-05 -2.46101455e-11  8.83737232e-05  0.00000000e+00 
 8.84232996e-05  2.44618213e-06  8.84232996e-05 -2.46101191e-11  8.84232996e-05  0.00000000e+00 
 8.84728759e-05  2.32928367e-06  8.84728759e-05 -2.46101506e-11  8.84728759e-05  0.00000000e+00 
 8.85224523e-05  2.21583717e-06  8.85224523e-05 -2.46101253e-11  8.85224523e-05  0.00000000e+00 
 8.85720286e-05  2.11005801e-06  8.85720286e-05 -2.46101552e-11  8.85720286e-05  0.00000000e+00 
 8.86216049e-05  2.00723198e-06  8.86216049e-05 -2.46101309e-11  8.86216049e-05  0.00000000e+00 
 8.86711813e-05  1.91152074e-06  8.86711813e-05 -2.46101593e-11  8.86711813e-05  0.00000000e+00 
 8.87207576e-05  1.81831489e-06  8.87207576e-05 -2.46101361e-11  8.87207576e-05  0.00000000e+00 
 8.87703340e-05  1.73171941e-06  8.87703340e-05 -2.46101629e-11  8.87703340e-05  0.00000000e+00 
 8.88199103e-05  1.64722785e-06  8.88199103e-05 -2.46101408e-11  8.88199103e-05  0.00000000e+00 
 8.88694867e-05  1.56888580e-06  8.88694867e-05 -2.46101661e-11  8.88694867e-05  0.00000000e+00 
 8.89190630e-05  1.49228814e-06  8.89190630e-05 -2.46101452e-11  8.89190630e-05  0.00000000e+00 
 8.89686394e-05  1.42141857e-06  8.89686394e-05 -2.46101690e-11  8.89686394e-05  0.00000000e+00 
 8.90182157e-05  1.35197187e-06  8.90182157e-05 -2.46101492e-11  8.90182157e-05  0.00000000e+00 
 8.90677921e-05  1.28786753e-06  8.90677921e-05 -2.46101715e-11  8.90677921e-05  0.00000000e+00 
 8.91173684e-05  1.22489896e-06  8.91173684e-05 -2.46101529e-11  8.91173684e-05  0.00000000e+00 
 8.91669447e-05  1.16691934e-06  8.91669447e-05 -2.46101737e-11  8.91669447e-05  0.00000000e+00 
 8.92165211e-05  1.10981956e-06  8.92165211e-05 -2.46101563e-11  8.92165211e-05  0.00000000e+00 
 8.92660974e-05  1.05738458e-06  8.92660974e-05 -2.46101756e-11  8.92660974e-05  0.00000000e+00 
 8.93156738e-05  1.00560181e-06  8.93156738e-05 -2.46101595e-11  8.93156738e-05  0.00000000e+00 
 8.93652501e-05  9.58186128e-07  8.93652501e-05 -2.46101773e-11  8.93652501e-05  0.00000000e+00 
 8.94148265e-05  9.11220630e-07  8.94148265e-05 -2.46101624e-11  8.94148265e-05  0.00000000e+00 
 8.94644028e-05  8.68348480e-07  8.94644028e-05 -2.46101788e-11  8.94644028e-05  0.00000000e+00 
 8.95139792e-05  8.25747705e-07  8.95139792e-05 -2.46101651e-11  8.95139792e-05  0.00000000e+00 
 8.95635555e-05  7.86988211e-07  8.95635555e-05 -2.46101801e-11  8.95635555e-05  0.00000000e+00 
 8.96131319e-05  7.48342322e-07  8.96131319e-05 -2.46101677e-11  8.96131319e-05  0.00000000e+00 
 8.96627082e-05  7.13305263e-07  8.96627082e-05 -2.46101811e-11  8.96627082e-05  0.00000000e+00 
 8.97122845e-05  6.78243111e-07  8.97122845e-05 -2.46101700e-11  8.97122845e-05  0.00000000e+00 
 8.97618609e-05  6.46575088e-07  8.97618609e-05 -2.46101821e-11  8.97618609e-05  0.00000000e+00 
 8.98114372e-05  6.14760556e-07  8.98114372e-05 -2.46101722e-11  8.98114372e-05  0.00000000e+00 
 8.98610136e-05  5.86141515e-07  8.98610136e-05 -2.46101828e-11  8.98610136e-05  0.00000000e+00 
 8.99105899e-05  5.57270216e-07  8.99105899e-05 -2.46101742e-11  8.99105899e-05  0.00000000e+00 
 8.99601663e-05  5.31410299e-07  8.99601663e-05 -2.46101835e-11  8.99601663e-05  0.00000000e+00 
 9.00097426e-05  5.05206577e-07  9.00097426e-05 -2.46101762e-11  9.00097426e-05  0.00000000e+00 
 9.00593190e-05  4.81843277e-07  9.00593190e-05 -2.46101840e-11  9.00593190e-05  0.00000000e+00 
 9.01088953e-05  4.58057500e-07  9.01088953e-05 -2.46101780e-11  9.01088953e-05  0.00000000e+00 
 9.01584717e-05  4.36953076e-07  9.01584717e-05 -2.46101844e-11  9.01584717e-05  0.00000000e+00 
 9.02080480e-05  4.15359176e-07  9.02080480e-05 -2.46101797e-11  9.02080480e-05  0.00000000e+00 
 9.02576243e-05  3.96298318e-07  9.02576243e-05 -2.46101847e-11  9.02576243e-05  0.00000000e+00 
 9.03072007e-05  3.76691568e-07  9.03072007e-05 -2.46101813e-11  9.03072007e-05  0.00000000e+00 
 9.03567770e-05  3.59479281e-07  9.03567770e-05 -2.46101849e-11  9.03567770e-05  0.00000000e+00 
 9.04063534e-05  3.41674281e-07  9.04063534e-05 -2.46101828e-11  9.04063534e-05  0.00000000e+00 
 9.04559297e-05  3.26133967e-07  9.04559297e-05 -2.46101850e-11  9.04559297e-05  0.00000000e+00 
 9.05055061e-05  3.09962819e-07  9.05055061e-05 -2.46101842e-11  9.05055061e-05  0.00000000e+00 
 9.05550824e-05  2.95934540e-07  9.05550824e-05 -2.46101850e-11  9.05550824e-05  0.00000000e+00 
 9.06046588e-05  2.81245198e-07  9.06046588e-05 -2.46101856e-11  9.06046588e-05  0.00000000e+00 
 9.06542351e-05  2.68584105e-07  9.06542351e-05 -2.46101850e-11  9.06542351e-05  0.00000000e+00 
 9.07038115e-05  2.55238877e-07  9.07038115e-05 -2.46101869e-11  9.07038115e-05  0.00000000e+00 
 9.07533878e-05  2.43813787e-07  9.07533878e-05 -2.46101849e-11  9.07533878e-05  0.00000000e+00 
 9.08029641e-05  2.31687978e-07  9.08029641e-05 -2.46101881e-11  9.08029641e-05  0.00000000e+00 
 9.08525405e-05  2.21380084e-07  9.08525405e-05 -2.46101848e-11  9.08525405e-05  0.00000000e+00 
 9.09021168e-05  2.10360776e-07  9.09021168e-05 -2.46101893e-11  9.09021168e-05  0.00000000e+00 
 9.09516932e-05  2.01062477e-07  9.09516932e-05 -2.46101846e-11  9.09516932e-05  0.00000000e+00 
 9.10012695e-05  1.91047410e-07  9.10012695e-05 -2.46101904e-11  9.10012695e-05  0.00000000e+00 
 9.10508459e-05  1.82661258e-07  9.10508459e-05 -2.46101843e-11  9.10508459e-05  0.00000000e+00 
 9.11004222e-05  1.73557826e-07  9.11004222e-05 -2.46101915e-11  9.11004222e-05  0.00000000e+00 
 9.11499986e-05  1.65995565e-07  9.11499986e-05 -2.46101841e-11  9.11499986e-05  0.00000000e+00 
 9.11995749e-05  1.57719908e-07  9.11995749e-05 -2.46101926e-11  9.11995749e-05  0.00000000e+00 
 9.12491512e-05  1.50901607e-07  9.12491512e-05 -2.46101837e-11  9.12491512e-05  0.00000000e+00 
 9.12987276e-05  1.43377781e-07  9.12987276e-05 -2.46101936e-11  9.12987276e-05  0.00000000e+00 
 9.13483039e-05  1.37231049e-07  9.13483039e-05 -2.46101834e-11  9.13483039e-05  0.00000000e+00 
 9.13978803e-05  1.30390282e-07  9.13978803e-05 -2.46101946e-11  9.13978803e-05  0.00000000e+00 
 9.14474566e-05  1.24849557e-07  9.14474566e-05 -2.46101830e-11  9.14474566e-05  0.00000000e+00 
 9.14970330e-05  1.18629570e-07  9.14970330e-05 -2.46101955e-11  9.14970330e-05  0.00000000e+00 
 9.15466093e-05  1.13635474e-07  9.15466093e-05 -2.46101826e-11  9.15466093e-05  0.00000000e+00 
 9.15961857e-05  1.07979867e-07  9.15961857e-05 -2.46101965e-11  9.15961857e-05  0.00000000e+00 
 9.16457620e-05  1.03478624e-07  9.16457620e-05 -2.46101822e-11  9.16457620e-05  0.00000000e+00 
 9.16953384e-05  9.83363244e-08  9.16953384e-05 -2.46101974e-11  9.16953384e-05  0.00000000e+00 
 9.17449147e-05  9.42792308e-08  9.17449147e-05 -2.46101817e-11  9.17449147e-05  0.00000000e+00 
 9.17944910e-05  8.96039862e-08  9.17944910e-05 -2.46101982e-11  9.17944910e-05  0.00000000e+00 
 9.18440674e-05  8.59469323e-08  9.18440674e-05 -2.46101813e-11  9.18440674e-05  0.00000000e+00 
 9.18936437e-05  8.16968589e-08  9.18936437e-05 -2.46101991e-11  9.18936437e-05  0.00000000e+00 
 9.19432201e-05  7.83998959e-08  9.19432201e-05 -2.46101808e-11  9.19432201e-05  0.00000000e+00 
 9.19927964e-05  7.45370641e-08  9.19927964e-05 -2.46101999e-11  9.19927964e-05  0.00000000e+00 
 9.20423728e-05  7.15640118e-08  9.20423728e-05 -2.46101803e-11  9.20423728e-05  0.00000000e+00 
 9.20919491e-05  6.80540731e-08  9.20919491e-05 -2.46102008e-11  9.20919491e-05  0.00000000e+00 
 9.21415255e-05  6.53721644e-08  9.21415255e-05 -2.46101798e-11  9.21415255e-05  0.00000000e+00 
 9.21911018e-05  6.21840132e-08  9.21911018e-05 -2.46102016e-11  9.21911018e-05  0.00000000e+00 
 9.22406782e-05  5.97635722e-08  9.22406782e-05 -2.46101792e-11  9.22406782e-05  0.00000000e+00 
 9.22902545e-05  5.68690397e-08  9.22902545e-05 -2.46102023e-11  9.22902545e-05  0.00000000e+00 
 9.23398308e-05  5.46831901e-08  9.23398308e-05 -2.46101787e-11  9.23398308e-05  0.00000000e+00 
 9.23894072e-05  5.20567667e-08  9.23894072e-05 -2.46102031e-11  9.23894072e-05  0.00000000e+00 
 9.24389835e-05  5.00811681e-08  9.24389835e-05 -2.46101781e-11  9.24389835e-05  0.00000000e+00 
 9.24885599e-05  4.76997521e-08  9.24885599e-05 -2.46102039e-11  9.24885599e-05  0.00000000e+00 
 9.25381362e-05  4.59123606e-08  9.25381362e-05 -2.46101776e-11  9.25381362e-05  0.00000000e+00 
 9.25877126e-05  4.37550312e-08  9.25877126e-05 -2.46102046e-11  9.25877126e-05  0.00000000e+00 
 9.26372889e-05  4.21358832e-08  9.26372889e-05 -2.46101770e-11  9.26372889e-05  0.00000000e+00 
 9.26868653e-05  4.01836937e-08  9.26868653e-05 -2.46102054e-11  9.26868653e-05  0.00000000e+00 
 9.27364416e-05  3.87147096e-08  9.27364416e-05 -2.46101765e-11  9.27364416e-05  0.00000000e+00 
 9.27860180e-05  3.69505015e-08  9.27860180e-05 -2.46102061e-11  9.27860180e-05  0.00000000e+00 
 9.28355943e-05  3.56153085e-08  9.28355943e-05 -2.46101759e-11  9.28355943e-05  0.00000000e+00 
 9.28851706e-05  3.40235419e-08  9.28851706e-05 -2.46102068e-11  9.28851706e-05  0.00000000e+00 
 9.29347470e-05  3.28073127e-08  9.29347470e-05 -2.46101753e-11  9.29347470e-05  0.00000000e+00 
 9.29843233e-05  3.13739140e-08  9.29843233e-05 -2.46102075e-11  9.29843233e-05  0.00000000e+00 
 9.30338997e-05  3.02632214e-08  9.30338997e-05 -2.46101747e-11  9.30338997e-05  0.00000000e+00 
 9.30834760e-05  2.89754440e-08  9.30834760e-05 -2.46102083e-11  9.30834760e-05  0.00000000e+00 
 9.31330524e-05  2.79581292e-08  9.31330524e-05 -2.46101741e-11  9.31330524e-05  0.00000000e+00 
 9.31826287e-05  2.68044283e-08  9.31826287e-05 -2.46102089e-11  9.31826287e-05  0.00000000e+00 
 9.32322051e-05  2.58694813e-08  9.32322051e-05 -2.46101735e-11  9.32322051e-05  0.00000000e+00 
 9.32817814e-05  2.48394002e-08  9.32817814e-05 -2.46102096e-11  9.32817814e-05  0.00000000e+00 
 9.33313578e-05  2.39768515e-08  9.33313578e-05 -2.46101729e-11  9.33313578e-05  0.00000000e+00 
 9.33809341e-05  2.30609188e-08  9.33809341e-05 -2.46102103e-11  9.33809341e-05  0.00000000e+00 
 9.34305104e-05  2.22617416e-08  9.34305104e-05 -2.46101723e-11  9.34305104e-05  0.00000000e+00 
 9.34800868e-05  2.14513777e-08  9.34800868e-05 -2.46102110e-11  9.34800868e-05  0.00000000e+00 
 9.35296631e-05  2.07073992e-08  9.35296631e-05 -2.46101717e-11  9.35296631e-05  0.00000000e+00 
 9.35792395e-05  1.99948322e-08  9.35792395e-05 -2.46102117e-11  9.35792395e-05  0.00000000e+00 
 9.36288158e-05  1.92986530e-08  9.36288158e-05 -2.46101711e-11  9.36288158e-05  0.00000000e+00 
 9.36783922e-05  1.86768420e-08  9.36783922e-05 -2.46102123e-11  9.36783922e-05  0.00000000e+00 
 9.37279685e-05  1.80217639e-08  9.37279685e-05 -2.46101705e-11  9.37279685e-05  0.00000000e+00 
 9.37775449e-05  1.74843297e-08  9.37775449e-05 -2.46102130e-11  9.37775449e-05  0.00000000e+00 
 9.38271212e-05  1.68642890e-08  9.38271212e-05 -2.46101699e-11  9.38271212e-05  0.00000000e+00 
 9.38766976e-05  1.64054518e-08  9.38766976e-05 -2.46102136e-11  9.38766976e-05  0.00000000e+00 
 9.39262739e-05  1.58149604e-08  9.39262739e-05 -2.46101693e-11  9.39262739e-05  0.00000000e+00 
 9.39758502e-05  1.54294823e-08  9.39758502e-05 -2.46102143e-11  9.39758502e-05  0.00000000e+00 
 9.40254266e-05  1.48635734e-08  9.40254266e-05 -2.46101687e-11  9.40254266e-05  0.00000000e+00 
 9.40750029e-05  1.45467078e-08  9.40750029e-05 -2.46102149e-11  9.40750029e-05  0.00000000e+00 
 9.41245793e-05  1.40008866e-08  9.41245793e-05 -2.46101681e-11  9.41245793e-05  0.00000000e+00 
 9.41741556e-05  1.37483309e-08  9.41741556e-05 -2.46102156e-11  9.41741556e-05  0.00000000e+00 
 9.42237320e-05  1.32185307e-08  9.42237320e-05 -2.46101675e-11  9.42237320e-05  0.00000000e+00 
 9.42733083e-05  1.30263848e-08  9.42733083e-05 -2.46102162e-11  9.42733083e-05  0.00000000e+00 
 9.43228847e-05  1.25089267e-08  9.43228847e-05 -2.46101669e-11  9.43228847e-05  0.00000000e+00 
 9.43724610e-05  1.23736541e-08  9.43724610e-05 -2.46102168e-11  9.43724610e-05  0.00000000e+00 
 9.44220374e-05  1.18652107e-08  9.44220374e-05 -2.46101663e-11  9.44220374e-05  0.00000000e+00 
 9.44716137e-05  1.17836044e-08  9.44716137e-05 -2.46102175e-11  9.44716137e-05  0.00000000e+00 
 9.45211900e-05  1.12811669e-08  9.45211900e-05 -2.46101657e-11  9.45211900e-05  0.00000000e+00 
 9.45707664e-05  1.12503180e-08  9.45707664e-05 -2.46102181e-11  9.45707664e-05  0.00000000e+00 
 9.46203427e-05  1.07511660e-08  9.46203427e-05 -2.46101651e-11  9.46203427e-05  0.00000000e+00 
 9.46699191e-05  1.07684352e-08  9.46699191e-05 -2.46102187e-11  9.46699191e-05  0.00000000e+00 
 9.47194954e-05  1.02701104e-08  9.47194954e-05 -2.46101645e-11  9.47194954e-05  0.00000000e+00 
 9.47690718e-05  1.03331022e-08  9.47690718e-05 -2.46102193e-11  9.47690718e-05  0.00000000e+00 
 9.48186481e-05  9.83338352e-09  9.48186481e-05 -2.46101639e-11  9.48186481e-05  0.00000000e+00 
 9.48682245e-05  9.93992335e-09  9.48682245e-05 -2.46102199e-11  9.48682245e-05  0.00000000e+00 
 9.49178008e-05  9.43680454e-09  9.49178008e-05 -2.46101634e-11  9.49178008e-05  0.00000000e+00 
 9.49673772e-05  9.58491736e-09  9.49673772e-05 -2.46102205e-11  9.49673772e-05  0.00000000e+00 
 9.50169535e-05  9.07658744e-09  9.50169535e-05 -2.46101628e-11  9.50169535e-05  0.00000000e+00 
 9.50665298e-05  9.26447875e-09  9.50665298e-05 -2.46102211e-11  9.50665298e-05  0.00000000e+00 
 9.51161062e-05  8.74930360e-09  9.51161062e-05 -2.46101622e-11  9.51161062e-05  0.00000000e+00 
 9.51656825e-05  8.97534216e-09  9.51656825e-05 -2.46102217e-11  9.51656825e-05  0.00000000e+00 
 9.52152589e-05  8.45184806e-09  9.52152589e-05 -2.46101616e-11  9.52152589e-05  0.00000000e+00 
 9.52648352e-05  8.71455027e-09  9.52648352e-05 -2.46102223e-11  9.52648352e-05  0.00000000e+00 
 9.53144116e-05  8.18140904e-09  9.53144116e-05 -2.46101610e-11  9.53144116e-05  0.00000000e+00 
 9.53639879e-05  8.47942472e-09  9.53639879e-05 -2.46102229e-11  9.53639879e-05  0.00000000e+00 
 9.54135643e-05  7.93544024e-09  9.54135643e-05 -2.46101605e-11  9.54135643e-05  0.00000000e+00 
 9.54631406e-05  8.26753983e-09  9.54631406e-05 -2.46102235e-11  9.54631406e-05  0.00000000e+00 
 9.55127170e-05  7.71163578e-09  9.55127170e-05 -2.46101599e-11  9.55127170e-05  0.00000000e+00 
 9.55622933e-05  8.07669871e-09  9.55622933e-05 -2.46102240e-11  9.55622933e-05  0.00000000e+00 
 9.56118696e-05  7.50790751e-09  9.56118696e-05 -2.46101593e-11  9.56118696e-05  0.00000000e+00 
 9.56614460e-05  7.90491168e-09  9.56614460e-05 -2.46102246e-11  9.56614460e-05  0.00000000e+00 
 9.57110223e-05  7.32236448e-09  9.57110223e-05 -2.46101588e-11  9.57110223e-05  0.00000000e+00 
 9.57605987e-05  7.75037672e-09  9.57605987e-05 -2.46102252e-11  9.57605987e-05  0.00000000e+00 
 9.58101750e-05  7.15329432e-09  9.58101750e-05 -2.46101582e-11  9.58101750e-05  0.00000000e+00 
 9.58597514e-05  7.61146175e-09  9.58597514e-05 -2.46102257e-11  9.58597514e-05  0.00000000e+00 
 9.59093277e-05  6.99914635e-09  9.59093277e-05 -2.46101577e-11  9.59093277e-05  0.00000000e+00 
 9.59589041e-05  7.48668862e-09  9.59589041e-05 -2.46102263e-11  9.59589041e-05  0.00000000e+00 
 9.60084804e-05  6.85851639e-09  9.60084804e-05 -2.46101571e-11  9.60084804e-05  0.00000000e+00 
 9.60580568e-05  7.37471855e-09  9.60580568e-05 -2.46102269e-11  9.60580568e-05  0.00000000e+00 
 9.61076331e-05  6.73013288e-09  9.61076331e-05 -2.46101566e-11  9.61076331e-05  0.00000000e+00 
 9.61572094e-05  7.27433899e-09  9.61572094e-05 -2.46102274e-11  9.61572094e-05  0.00000000e+00 
 9.62067858e-05  6.61284438e-09  9.62067858e-05 -2.46101560e-11  9.62067858e-05  0.00000000e+00 
 9.62563621e-05  7.18445171e-09  9.62563621e-05 -2.46102280e-11  9.62563621e-05  0.00000000e+00 
 9.63059385e-05  6.50560823e-09  9.63059385e-05 -2.46101555e-11  9.63059385e-05  0.00000000e+00 
 9.63555148e-05  7.10406201e-09  9.63555148e-05 -2.46102285e-11  9.63555148e-05  0.00000000e+00 
 9.64050912e-05  6.40748030e-09  9.64050912e-05 -2.46101549e-11  9.64050912e-05  0.00000000e+00 
 9.64546675e-05  7.03226896e-09  9.64546675e-05 -2.46102290e-11  9.64546675e-05  0.00000000e+00 
 9.65042439e-05  6.31760565e-09  9.65042439e-05 -2.46101544e-11  9.65042439e-05  0.00000000e+00 
 9.65538202e-05  6.96825651e-09  9.65538202e-05 -2.46102296e-11  9.65538202e-05  0.00000000e+00 
 9.66033966e-05  6.23521017e-09  9.66033966e-05 -2.46101539e-11  9.66033966e-05  0.00000000e+00 
 9.66529729e-05  6.91128555e-09  9.66529729e-05 -2.46102301e-11  9.66529729e-05  0.00000000e+00 
 9.67025492e-05  6.15959289e-09  9.67025492e-05 -2.46101534e-11  9.67025492e-05  0.00000000e+00 
 9.67521256e-05  6.86068659e-09  9.67521256e-05 -2.46102306e-11  9.67521256e-05  0.00000000e+00 
 9.68017019e-05  6.09011914e-09  9.68017019e-05 -2.46101528e-11  9.68017019e-05  0.00000000e+00 
 9.68512783e-05  6.81585320e-09  9.68512783e-05 -2.46102311e-11  9.68512783e-05  0.00000000e+00 
 9.69008546e-05  6.02621424e-09  9.69008546e-05 -2.46101523e-11  9.69008546e-05  0.00000000e+00 
 9.69504310e-05  6.77623609e-09  9.69504310e-05 -2.46102317e-11  9.69504310e-05  0.00000000e+00 
 9.70000073e-05  5.96735785e-09  9.70000073e-05 -2.46101518e-11  9.70000073e-05  0.00000000e+00 
 9.70495837e-05  6.74133769e-09  9.70495837e-05 -2.46102322e-11  9.70495837e-05  0.00000000e+00 
 9.70991600e-05  5.91307886e-09  9.70991600e-05 -2.46101513e-11  9.70991600e-05  0.00000000e+00 
 9.71487364e-05  6.71070728e-09  9.71487364e-05 -2.46102327e-11  9.71487364e-05  0.00000000e+00 
 9.71983127e-05  5.86295073e-09  9.71983127e-05 -2.46101508e-11  9.71983127e-05  0.00000000e+00 
 9.72478890e-05  6.68393655e-09  9.72478890e-05 -2.46102332e-11  9.72478890e-05  0.00000000e+00 
 9.72974654e-05  5.81658729e-09  9.72974654e-05 -2.46101503e-11  9.72974654e-05  0.00000000e+00 
 9.73470417e-05  6.66065563e-09  9.73470417e-05 -2.46102337e-11  9.73470417e-05  0.00000000e+00 
 9.73966181e-05  5.77363892e-09  9.73966181e-05 -2.46101498e-11  9.73966181e-05  0.00000000e+00 
 9.74461944e-05  6.64052946e-09  9.74461944e-05 -2.46102341e-11  9.74461944e-05  0.00000000e+00 
 9.74957708e-05  5.73378909e-09  9.74957708e-05 -2.46101494e-11  9.74957708e-05  0.00000000e+00 
 9.75453471e-05  6.62325445e-09  9.75453471e-05 -2.46102346e-11  9.75453471e-05  0.00000000e+00 
 9.75949235e-05  5.69675127e-09  9.75949235e-05 -2.46101489e-11  9.75949235e-05  0.00000000e+00 
 9.76444998e-05  6.60855560e-09  9.76444998e-05 -2.46102351e-11  9.76444998e-05  0.00000000e+00 
 9.76940762e-05  5.66226608e-09  9.76940762e-05 -2.46101484e-11  9.76940762e-05  0.00000000e+00 
 9.77436525e-05  6.59618374e-09  9.77436525e-05 -2.46102356e-11  9.77436525e-05  0.00000000e+00 
 9.77932288e-05  5.63009871e-09  9.77932288e-05 -2.46101479e-11  9.77932288e-05  0.00000000e+00 
 9.78428052e-05  6.58591309e-09  9.78428052e-05 -2.46102360e-11  9.78428052e-05  0.00000000e+00 
 9.78923815e-05  5.60003663e-09  9.78923815e-05 -2.46101475e-11  9.78923815e-05  0.00000000e+00 
 9.79419579e-05  6.57753909e-09  9.79419579e-05 -2.46102365e-11  9.79419579e-05  0.00000000e+00 
 9.79915342e-05  5.57188746e-09  9.79915342e-05 -2.46101470e-11  9.79915342e-05  0.00000000e+00 
 9.80411106e-05  6.57087638e-09  9.80411106e-05 -2.46102370e-11  9.80411106e-05  0.00000000e+00 
 9.80906869e-05  5.54547709e-09  9.80906869e-05 -2.46101466e-11  9.80906869e-05  0.00000000e+00 
 9.81402633e-05  6.56575699e-09  9.81402633e-05 -2.46102374e-11  9.81402633e-05  0.00000000e+00 
 9.81898396e-05  5.52064795e-09  9.81898396e-05 -2.46101461e-11  9.81898396e-05  0.00000000e+00 
 9.82394160e-05  6.56202870e-09  9.82394160e-05 -2.46102378e-11  9.82394160e-05  0.00000000e+00 
 9.82889923e-05  5.49725743e-09  9.82889923e-05 -2.46101457e-11  9.82889923e-05  0.00000000e+00 
 9.83385686e-05  6.55955353e-09  9.83385686e-05 -2.46102383e-11  9.83385686e-05  0.00000000e+00 
 9.83881450e-05  5.47517649e-09  9.83881450e-05 -2.46101452e-11  9.83881450e-05  0.00000000e+00 
 9.84377213e-05  6.55820645e-09  9.84377213e-05 -2.46102387e-11  9.84377213e-05  0.00000000e+00 
 9.84872977e-05  5.45428837e-09  9.84872977e-05 -2.46101448e-11  9.84872977e-05  0.00000000e+00 
 9.85368740e-05  6.55787411e-09  9.85368740e-05 -2.46102392e-11  9.85368740e-05  0.00000000e+00 
 9.85864504e-05  5.43448743e-09  9.85864504e-05 -2.46101444e-11  9.85864504e-05  0.00000000e+00 
 9.86360267e-05  6.55845377e-09  9.86360267e-05 -2.46102396e-11  9.86360267e-05  0.00000000e+00 
 9.86856031e-05  5.41567810e-09  9.86856031e-05 -2.46101439e-11  9.86856031e-05  0.00000000e+00 
 9.87351794e-05  6.55985227e-09  9.87351794e-05 -2.46102400e-11  9.87351794e-05  0.00000000e+00 
 9.87847558e-05  5.39777393e-09  9.87847558e-05 -2.46101435e-11  9.87847558e-05  0.00000000e+00 
 9.88343321e-05  6.56198516e-09  9.88343321e-05 -2.46102404e-11  9.88343321e-05  0.00000000e+00 
 9.88839084e-05  5.38069671e-09  9.88839084e-05 -2.46101431e-11  9.88839084e-05  0.00000000e+00 
 9.89334848e-05  6.56477585e-09  9.89334848e-05 -2.46102408e-11  9.89334848e-05  0.00000000e+00 
 9.89830611e-05  5.36437574e-09  9.89830611e-05 -2.46101427e-11  9.89830611e-05  0.00000000e+00 
 9.90326375e-05  6.56815488e-09  9.90326375e-05 -2.46102412e-11  9.90326375e-05  0.00000000e+00 
 9.90822138e-05  5.34874707e-09  9.90822138e-05 -2.46101423e-11  9.90822138e-05  0.00000000e+00 
 9.91174523e-05  6.57479460e-09  9.91174523e-05 -2.46102417e-11  9.91174523e-05  0.00000000e+00 
 9.91526908e-05  5.33139354e-09  9.91526908e-05 -2.46101418e-11  9.91526908e-05  0.00000000e+00 
 9.91531970e-05  7.33962158e-07  9.91531970e-05  1.46349984e-07  9.91531970e-05  5.10535225e-03 
 9.91542095e-05  2.23747690e-06  9.91542095e-05  1.46349845e-07  9.91542095e-05  1.53160568e-02 
 9.91547662e-05  3.03098548e-06  9.91547662e-05  1.46349757e-07  9.91547662e-05  2.09313325e-02 
 9.91553326e-05  3.86919229e-06  9.91553326e-05  1.46349652e-07  9.91553326e-05  2.66439343e-02 
 9.91557930e-05  4.54112244e-06  9.91557930e-05  1.46349554e-07  9.91557930e-05  3.12867264e-02 
 9.91561790e-05  5.09047425e-06  9.91561790e-05  1.46349466e-07  9.91561790e-05  3.51802340e-02 
 9.91565726e-05  5.68654975e-06  9.91565726e-05  1.46349362e-07  9.91565726e-05  3.91491364e-02 
 9.91569389e-05  6.19863761e-06  9.91569389e-05  1.46349261e-07  9.91569389e-05  4.28432564e-02 
 9.91575109e-05  7.04587554e-06  9.91575109e-05  1.46349078e-07  9.91575109e-05  4.86123205e-02 
 9.91579452e-05  7.67574734e-06  9.91579452e-05  1.46348921e-07  9.91579452e-05  5.29929279e-02 
 9.91583228e-05  8.21339521e-06  9.91583228e-05  1.46348773e-07  9.91583228e-05  5.68006443e-02 
 9.91586665e-05  8.73517550e-06  9.91586665e-05  1.46348619e-07  9.91586665e-05  6.02674469e-02 
 9.91590190e-05  9.22636270e-06  9.91590190e-05  1.46348455e-07  9.91590190e-05  6.38229756e-02 
 9.91595121e-05  9.95591443e-06  9.91595121e-05  1.46348193e-07  9.91595121e-05  6.87960135e-02 
 9.91598948e-05  1.05124833e-05  9.91598948e-05  1.46347967e-07  9.91598948e-05  7.26551691e-02 
 9.91602266e-05  1.09789240e-05  9.91602266e-05  1.46347758e-07  9.91602266e-05  7.60013394e-02 
 9.91605641e-05  1.14919839e-05  9.91605641e-05  1.46347515e-07  9.91605641e-05  7.94058625e-02 
 9.91608961e-05  1.19558104e-05  9.91608961e-05  1.46347268e-07  9.91608961e-05  8.27541081e-02 
 9.91612670e-05  1.24982101e-05  9.91612670e-05  1.46346959e-07  9.91612670e-05  8.64949951e-02 
 9.91615624e-05  1.29390190e-05  9.91615624e-05  1.46346688e-07  9.91615624e-05  8.94741969e-02 
 9.91618649e-05  1.33551946e-05  9.91618649e-05  1.46346403e-07  9.91618649e-05  9.25244470e-02 
 9.91621472e-05  1.37817120e-05  9.91621472e-05  1.46346102e-07  9.91621472e-05  9.53716295e-02 
 9.91624720e-05  1.42511186e-05  9.91624720e-05  1.46345736e-07  9.91624720e-05  9.86479296e-02 
 9.91627249e-05  1.46015511e-05  9.91627249e-05  1.46345438e-07  9.91627249e-05  1.01197714e-01 
 9.91629843e-05  1.49989246e-05  9.91629843e-05  1.46345094e-07  9.91629843e-05  1.03814055e-01 
 9.91632853e-05  1.54239139e-05  9.91632853e-05  1.46344682e-07  9.91632853e-05  1.06849652e-01 
 9.91635433e-05  1.57891739e-05  9.91635433e-05  1.46344305e-07  9.91635433e-05  1.09452337e-01 
 9.91638054e-05  1.61899001e-05  9.91638054e-05  1.46343878e-07  9.91638054e-05  1.12095723e-01 
 9.91640526e-05  1.65310315e-05  9.91640526e-05  1.46343472e-07  9.91640526e-05  1.14588753e-01 
 9.91643441e-05  1.69514174e-05  9.91643441e-05  1.46342949e-07  9.91643441e-05  1.17528757e-01 
 9.91645817e-05  1.73130337e-05  9.91645817e-05  1.46342478e-07  9.91645817e-05  1.19924968e-01 
 9.91648270e-05  1.76477022e-05  9.91648270e-05  1.46341992e-07  9.91648270e-05  1.22398415e-01 
 9.91651338e-05  1.80968401e-05  9.91651338e-05  1.46341318e-07  9.91651338e-05  1.25492795e-01 
 9.91653773e-05  1.84618716e-05  9.91653773e-05  1.46340735e-07  9.91653773e-05  1.27948924e-01 
 9.91656336e-05  1.88101380e-05  9.91656336e-05  1.46340116e-07  9.91656336e-05  1.30533595e-01 
 9.91658817e-05  1.91799364e-05  9.91658817e-05  1.46339449e-07  9.91658817e-05  1.33035585e-01 
 9.91661215e-05  1.95353263e-05  9.91661215e-05  1.46338761e-07  9.91661215e-05  1.35454104e-01 
 9.91663339e-05  1.98209998e-05  9.91663339e-05  1.46338151e-07  9.91663339e-05  1.37596227e-01 
 9.91665541e-05  2.01499760e-05  9.91665541e-05  1.46337447e-07  9.91665541e-05  1.39817508e-01 
 9.91667741e-05  2.04781379e-05  9.91667741e-05  1.46336701e-07  9.91667741e-05  1.42036461e-01 
 9.91669968e-05  2.07780513e-05  9.91669968e-05  1.46335946e-07  9.91669968e-05  1.44281724e-01 
 9.91671986e-05  2.10777164e-05  9.91671986e-05  1.46335189e-07  9.91671986e-05  1.46317628e-01 
 9.91673988e-05  2.13803206e-05  9.91673988e-05  1.46334389e-07  9.91673988e-05  1.48336893e-01 
 9.91676083e-05  2.16624103e-05  9.91676083e-05  1.46333560e-07  9.91676083e-05  1.50449410e-01 
 9.91678156e-05  2.19639340e-05  9.91678156e-05  1.46332664e-07  9.91678156e-05  1.52540135e-01 
 9.91680006e-05  2.22481294e-05  9.91680006e-05  1.46331796e-07  9.91680006e-05  1.54406331e-01 
 9.91682052e-05  2.25266837e-05  9.91682052e-05  1.46330851e-07  9.91682052e-05  1.56469262e-01 
 9.91684616e-05  2.28927501e-05  9.91684616e-05  1.46329569e-07  9.91684616e-05  1.59055775e-01 
 9.91686731e-05  2.32166967e-05  9.91686731e-05  1.46328403e-07  9.91686731e-05  1.61187977e-01 
 9.91688942e-05  2.35190909e-05  9.91688942e-05  1.46327189e-07  9.91688942e-05  1.63418343e-01 
 9.91691619e-05  2.39013949e-05  9.91691619e-05  1.46325598e-07  9.91691619e-05  1.66117975e-01 
 9.91693833e-05  2.42393885e-05  9.91693833e-05  1.46324144e-07  9.91693833e-05  1.68351558e-01 
 9.91696127e-05  2.45519614e-05  9.91696127e-05  1.46322643e-07  9.91696127e-05  1.70664293e-01 
 9.91699067e-05  2.49751691e-05  9.91699067e-05  1.46320537e-07  9.91699067e-05  1.73630380e-01 
 9.91701398e-05  2.53276911e-05  9.91701398e-05  1.46318701e-07  9.91701398e-05  1.75981234e-01 
 9.91703822e-05  2.56560588e-05  9.91703822e-05  1.46316790e-07  9.91703822e-05  1.78426013e-01 
 9.91706746e-05  2.60823617e-05  9.91706746e-05  1.46314237e-07  9.91706746e-05  1.81374025e-01 
 9.91709109e-05  2.64352507e-05  9.91709109e-05  1.46311997e-07  9.91709109e-05  1.83757533e-01 
 9.91711609e-05  2.67726851e-05  9.91711609e-05  1.46309612e-07  9.91711609e-05  1.86278812e-01 
 9.91714027e-05  2.71305610e-05  9.91714027e-05  1.46307046e-07  9.91714027e-05  1.88717931e-01 
 9.91716327e-05  2.74715462e-05  9.91716327e-05  1.46304444e-07  9.91716327e-05  1.91037765e-01 
 9.91718430e-05  2.77526136e-05  9.91718430e-05  1.46302067e-07  9.91718430e-05  1.93158797e-01 
 9.91720614e-05  2.80751537e-05  9.91720614e-05  1.46299332e-07  9.91720614e-05  1.95361438e-01 
 9.91722688e-05  2.83858212e-05  9.91722688e-05  1.46296562e-07  9.91722688e-05  1.97453080e-01 
 9.91724847e-05  2.86749699e-05  9.91724847e-05  1.46293697e-07  9.91724847e-05  1.99629818e-01 
 9.91726940e-05  2.89803377e-05  9.91726940e-05  1.46290646e-07  9.91726940e-05  2.01740722e-01 
 9.91728846e-05  2.92700701e-05  9.91728846e-05  1.46287651e-07  9.91728846e-05  2.03663533e-01 
 9.91730924e-05  2.95501081e-05  9.91730924e-05  1.46284427e-07  9.91730924e-05  2.05759578e-01 
 9.91733245e-05  2.98821849e-05  9.91733245e-05  1.46280520e-07  9.91733245e-05  2.08100423e-01 
 9.91735213e-05  3.01829751e-05  9.91735213e-05  1.46276891e-07  9.91735213e-05  2.10084761e-01 
 9.91737344e-05  3.04726245e-05  9.91737344e-05  1.46272998e-07  9.91737344e-05  2.12233858e-01 
 9.91739914e-05  3.08370841e-05  9.91739914e-05  1.46267929e-07  9.91739914e-05  2.14825542e-01 
 9.91742065e-05  3.11649746e-05  9.91742065e-05  1.46263245e-07  9.91742065e-05  2.16995040e-01 
 9.91744298e-05  3.14688782e-05  9.91744298e-05  1.46258397e-07  9.91744298e-05  2.19247606e-01 
 9.91746993e-05  3.18520144e-05  9.91746993e-05  1.46252060e-07  9.91746993e-05  2.21965729e-01 
 9.91749221e-05  3.21902592e-05  9.91749221e-05  1.46246281e-07  9.91749221e-05  2.24212856e-01 
 9.91751527e-05  3.25028074e-05  9.91751527e-05  1.46240309e-07  9.91751527e-05  2.26538611e-01 
 9.91754522e-05  3.29322279e-05  9.91754522e-05  1.46231811e-07  9.91754522e-05  2.29558983e-01 
 9.91756879e-05  3.32864003e-05  9.91756879e-05  1.46224465e-07  9.91756879e-05  2.31936211e-01 
 9.91759332e-05  3.36167279e-05  9.91759332e-05  1.46216798e-07  9.91759332e-05  2.34409605e-01 
 9.91762197e-05  3.40337061e-05  9.91762197e-05  1.46206869e-07  9.91762197e-05  2.37299507e-01 
 9.91764557e-05  3.43837861e-05  9.91764557e-05  1.46198026e-07  9.91764557e-05  2.39679096e-01 
 9.91767052e-05  3.47187955e-05  9.91767052e-05  1.46188603e-07  9.91767052e-05  2.42195489e-01 
 9.91769405e-05  3.50661642e-05  9.91769405e-05  1.46178717e-07  9.91769405e-05  2.44569366e-01 
 9.91771698e-05  3.54043134e-05  9.91771698e-05  1.46168480e-07  9.91771698e-05  2.46881272e-01 
 9.91773774e-05  3.56802978e-05  9.91773774e-05  1.46159212e-07  9.91773774e-05  2.48975601e-01 
 9.91775932e-05  3.59975323e-05  9.91775932e-05  1.46148554e-07  9.91775932e-05  2.51152092e-01 
 9.91777985e-05  3.63040382e-05  9.91777985e-05  1.46137743e-07  9.91777985e-05  2.53221857e-01 
 9.91780124e-05  3.65893301e-05  9.91780124e-05  1.46126549e-07  9.91780124e-05  2.55379665e-01 
 9.91782222e-05  3.68934329e-05  9.91782222e-05  1.46114520e-07  9.91782222e-05  2.57495099e-01 
 9.91784112e-05  3.71800716e-05  9.91784112e-05  1.46102817e-07  9.91784112e-05  2.59401814e-01 
 9.91786187e-05  3.74587472e-05  9.91786187e-05  1.46090137e-07  9.91786187e-05  2.61494098e-01 
 9.91788564e-05  3.77968927e-05  9.91788564e-05  1.46074388e-07  9.91788564e-05  2.63891834e-01 
 9.91790565e-05  3.81015033e-05  9.91790565e-05  1.46059850e-07  9.91790565e-05  2.65909916e-01 
 9.91792717e-05  3.83928682e-05  9.91792717e-05  1.46044337e-07  9.91792717e-05  2.68080149e-01 
 9.91795316e-05  3.87602844e-05  9.91795316e-05  1.46024100e-07  9.91795316e-05  2.70701215e-01 
 9.91797485e-05  3.90895143e-05  9.91797485e-05  1.46005464e-07  9.91797485e-05  2.72889145e-01 
 9.91799736e-05  3.93943347e-05  9.91799736e-05  1.45986179e-07  9.91799736e-05  2.75159259e-01 
 9.91802500e-05  3.97867998e-05  9.91802500e-05  1.45960460e-07  9.91802500e-05  2.77946933e-01 
 9.91804757e-05  4.01275821e-05  9.91804757e-05  1.45937330e-07  9.91804757e-05  2.80223122e-01 
 9.91807097e-05  4.04429812e-05  9.91807097e-05  1.45913369e-07  9.91807097e-05  2.82582690e-01 
 9.91810315e-05  4.09052306e-05  9.91810315e-05  1.45877016e-07  9.91810315e-05  2.85828703e-01 
 9.91812784e-05  4.12723505e-05  9.91812784e-05  1.45846471e-07  9.91812784e-05  2.88318489e-01 
 9.91815356e-05  4.16176125e-05  9.91815356e-05  1.45814345e-07  9.91815356e-05  2.90912651e-01 
 9.91818065e-05  4.20147863e-05  9.91818065e-05  1.45776667e-07  9.91818065e-05  2.93644727e-01 
 9.91820516e-05  4.23739450e-05  9.91820516e-05  1.45740210e-07  9.91820516e-05  2.96116829e-01 
 9.91822738e-05  4.26698330e-05  9.91822738e-05  1.45706914e-07  9.91822738e-05  2.98357730e-01 
 9.91825035e-05  4.30097606e-05  9.91825035e-05  1.45668600e-07  9.91825035e-05  3.00673914e-01 
 9.91827367e-05  4.33516100e-05  9.91827367e-05  1.45627448e-07  9.91827367e-05  3.03026772e-01 
 9.91829421e-05  4.36238755e-05  9.91829421e-05  1.45591162e-07  9.91829421e-05  3.05097628e-01 
 9.91831546e-05  4.39371866e-05  9.91831546e-05  1.45549544e-07  9.91831546e-05  3.07240621e-01 
 9.91833650e-05  4.42495998e-05  9.91833650e-05  1.45505796e-07  9.91833650e-05  3.09362765e-01 
 9.91835804e-05  4.45363243e-05  9.91835804e-05  1.45461192e-07  9.91835804e-05  3.11535724e-01 
 9.91837844e-05  4.48334752e-05  9.91837844e-05  1.45414788e-07  9.91837844e-05  3.13592738e-01 
 9.91839761e-05  4.51229397e-05  9.91839761e-05  1.45367963e-07  9.91839761e-05  3.15526266e-01 
 9.91841826e-05  4.53994442e-05  9.91841826e-05  1.45318135e-07  9.91841826e-05  3.17609278e-01 
 9.91844072e-05  4.57198086e-05  9.91844072e-05  1.45259369e-07  9.91844072e-05  3.19873658e-01 
 9.91846001e-05  4.60140135e-05  9.91846001e-05  1.45204186e-07  9.91846001e-05  3.21819727e-01 
 9.91848106e-05  4.62992354e-05  9.91848106e-05  1.45144573e-07  9.91848106e-05  3.23942827e-01 
 9.91850632e-05  4.66557392e-05  9.91850632e-05  1.45067573e-07  9.91850632e-05  3.26490059e-01 
 9.91852771e-05  4.69813868e-05  9.91852771e-05  1.44995605e-07  9.91852771e-05  3.28647342e-01 
 9.91854989e-05  4.72831160e-05  9.91854989e-05  1.44921192e-07  9.91854989e-05  3.30884310e-01 
 9.91857607e-05  4.76534118e-05  9.91857607e-05  1.44826498e-07  9.91857607e-05  3.33524408e-01 
 9.91859821e-05  4.79899416e-05  9.91859821e-05  1.44738109e-07  9.91859821e-05  3.35757154e-01 
 9.91862102e-05  4.83000475e-05  9.91862102e-05  1.44647114e-07  9.91862102e-05  3.38058500e-01 
 9.91864914e-05  4.87010091e-05  9.91864914e-05  1.44525269e-07  9.91864914e-05  3.40893977e-01 
 9.91867207e-05  4.90481344e-05  9.91867207e-05  1.44415892e-07  9.91867207e-05  3.43207140e-01 
 9.91869582e-05  4.93697008e-05  9.91869582e-05  1.44302565e-07  9.91869582e-05  3.45602491e-01 
 9.91872753e-05  4.98285665e-05  9.91872753e-05  1.44135624e-07  9.91872753e-05  3.48800163e-01 
 9.91875221e-05  5.01971856e-05  9.91875221e-05  1.43993731e-07  9.91875221e-05  3.51289124e-01 
 9.91877804e-05  5.05465193e-05  9.91877804e-05  1.43843725e-07  9.91877804e-05  3.53894174e-01 
 9.91880446e-05  5.09377112e-05  9.91880446e-05  1.43672921e-07  9.91880446e-05  3.56558752e-01 
 9.91882918e-05  5.13025851e-05  9.91882918e-05  1.43502507e-07  9.91882918e-05  3.59052234e-01 
 9.91885137e-05  5.16012577e-05  9.91885137e-05  1.43348288e-07  9.91885137e-05  3.61290083e-01 
 9.91887430e-05  5.19445839e-05  9.91887430e-05  1.43170939e-07  9.91887430e-05  3.63602246e-01 
 9.91889816e-05  5.22973924e-05  9.91889816e-05  1.42976135e-07  9.91889816e-05  3.66008802e-01 
 9.91891898e-05  5.25775362e-05  9.91891898e-05  1.42805458e-07  9.91891898e-05  3.68108255e-01 
 9.91894049e-05  5.29000712e-05  9.91894049e-05  1.42609722e-07  9.91894049e-05  3.70278247e-01 
 9.91896259e-05  5.32308747e-05  9.91896259e-05  1.42397108e-07  9.91896259e-05  3.72507384e-01 
 9.91898486e-05  5.35326288e-05  9.91898486e-05  1.42182672e-07  9.91898486e-05  3.74753182e-01 
 9.91900518e-05  5.38364077e-05  9.91900518e-05  1.41966661e-07  9.91900518e-05  3.76802620e-01 
 9.91902561e-05  5.41471456e-05  9.91902561e-05  1.41735594e-07  9.91902561e-05  3.78863265e-01 
 9.91904691e-05  5.44370591e-05  9.91904691e-05  1.41496602e-07  9.91904691e-05  3.81010878e-01 
 9.91906791e-05  5.47470796e-05  9.91906791e-05  1.41239025e-07  9.91906791e-05  3.83128790e-01 
 9.91908700e-05  5.50428082e-05  9.91908700e-05  1.40986189e-07  9.91908700e-05  3.85053960e-01 
 9.91910795e-05  5.53319529e-05  9.91910795e-05  1.40711907e-07  9.91910795e-05  3.87167413e-01 
 9.91913270e-05  5.56933782e-05  9.91913270e-05  1.40360972e-07  9.91913270e-05  3.89663396e-01 
 9.91915357e-05  5.60185956e-05  9.91915357e-05  1.40036791e-07  9.91915357e-05  3.91767890e-01 
 9.91917583e-05  5.63293195e-05  9.91917583e-05  1.39692824e-07  9.91917583e-05  3.94013165e-01 
 9.91920767e-05  5.67992611e-05  9.91920767e-05  1.39154631e-07  9.91920767e-05  3.97224513e-01 
 9.91923247e-05  5.71832458e-05  9.91923247e-05  1.38693668e-07  9.91923247e-05  3.99725842e-01 
 9.91925799e-05  5.75411151e-05  9.91925799e-05  1.38215915e-07  9.91925799e-05  4.02299521e-01 
 9.91928848e-05  5.80043231e-05  9.91928848e-05  1.37581812e-07  9.91928848e-05  4.05374259e-01 
 9.91931432e-05  5.84008761e-05  9.91931432e-05  1.37002577e-07  9.91931432e-05  4.07980922e-01 
 9.91934132e-05  5.87843305e-05  9.91934132e-05  1.36385801e-07  9.91934132e-05  4.10703425e-01 
 9.91936600e-05  5.91718281e-05  9.91936600e-05  1.35755221e-07  9.91936600e-05  4.13192714e-01 
 9.91939473e-05  5.96094509e-05  9.91939473e-05  1.34984195e-07  9.91939473e-05  4.16089879e-01 
 9.91941820e-05  5.99475352e-05  9.91941820e-05  1.34336405e-07  9.91941820e-05  4.18457142e-01 
 9.91944235e-05  6.03352402e-05  9.91944235e-05  1.33590257e-07  9.91944235e-05  4.20893296e-01 
 9.91947860e-05  6.08871724e-05  9.91947860e-05  1.32420761e-07  9.91947860e-05  4.24548923e-01 
 9.91950617e-05  6.13012185e-05  9.91950617e-05  1.31474056e-07  9.91950617e-05  4.27329117e-01 
 9.91953443e-05  6.17631291e-05  9.91953443e-05  1.30389356e-07  9.91953443e-05  4.30179506e-01 
 9.91956465e-05  6.22200608e-05  9.91956465e-05  1.29200631e-07  9.91956465e-05  4.33227134e-01 
 9.91959898e-05  6.27636075e-05  9.91959898e-05  1.27715653e-07  9.91959898e-05  4.36690023e-01 
 9.91962787e-05  6.32392212e-05  9.91962787e-05  1.26341219e-07  9.91962787e-05  4.39603974e-01 
 9.91965736e-05  6.36907228e-05  9.91965736e-05  1.24905894e-07  9.91965736e-05  4.42577656e-01 
 9.91968841e-05  6.42093648e-05  9.91968841e-05  1.23211812e-07  9.91968841e-05  4.45708862e-01 
 9.91972097e-05  6.47448073e-05  9.91972097e-05  1.21318631e-07  9.91972097e-05  4.48992979e-01 
 9.91974907e-05  6.51934041e-05  9.91974907e-05  1.19608405e-07  9.91974907e-05  4.51827431e-01 
 9.91977770e-05  6.56947548e-05  9.91977770e-05  1.17652964e-07  9.91977770e-05  4.54714082e-01 
 9.91981293e-05  6.62799786e-05  9.91981293e-05  1.15151865e-07  9.91981293e-05  4.58268040e-01 
 9.91984635e-05  6.68521806e-05  9.91984635e-05  1.12563812e-07  9.91984635e-05  4.61638238e-01 
 9.91987972e-05  6.74535325e-05  9.91987972e-05  1.09699360e-07  9.91987972e-05  4.65004206e-01 
 9.91991093e-05  6.79854937e-05  9.91991093e-05  1.06935946e-07  9.91991093e-05  4.68151666e-01 
 9.91994847e-05  6.86796072e-05  9.91994847e-05  1.03193723e-07  9.91994847e-05  4.71937113e-01 
 9.91998732e-05  6.93958075e-05  9.91998732e-05  9.90130426e-08  9.91998732e-05  4.75855770e-01 
 9.92002577e-05  7.01096320e-05  9.92002577e-05  9.45450620e-08  9.92002577e-05  4.79733776e-01 
 9.92006104e-05  7.08138380e-05  9.92006104e-05  8.99243107e-08  9.92006104e-05  4.83290905e-01 
 9.92010087e-05  7.15827989e-05  9.92010087e-05  8.44555158e-08  9.92010087e-05  4.87307644e-01 
 9.92016143e-05  7.28439747e-05  9.92016143e-05  7.48730539e-08  9.92016143e-05  4.93415358e-01 
 9.92021704e-05  7.40380005e-05  9.92021704e-05  6.49143042e-08  9.92021704e-05  4.99024365e-01 
 9.92027318e-05  7.53013133e-05  9.92027318e-05  5.35254026e-08  9.92027318e-05  5.04686450e-01 
 9.92032960e-05  7.66612241e-05  9.92032960e-05  4.03285234e-08  9.92032960e-05  5.10375831e-01 
 9.92038504e-05  7.80364053e-05  9.92038504e-05  2.59644409e-08  9.92038504e-05  5.15967667e-01 
 9.92045035e-05  7.98165771e-05  9.92045035e-05  6.07335792e-09  9.92045035e-05  5.22553952e-01 
 9.92054096e-05  8.24661531e-05  9.92054096e-05 -2.61170075e-08  9.92054096e-05  5.31692880e-01 
 9.92072219e-05  8.89140437e-05  9.92072219e-05 -1.14332091e-07  9.92072219e-05  5.49970736e-01 
 9.92090778e-05  9.75236166e-05  9.92090778e-05 -2.47469449e-07  9.92090778e-05  5.68688506e-01 
 9.92117619e-05  1.15976220e-04  9.92117619e-05 -5.60174996e-07  9.92117619e-05  5.95759038e-01 
 9.92150873e-05  1.55717685e-04  9.92150873e-05 -1.26803848e-06  9.92150873e-05  6.29296694e-01 
 9.92217380e-05  3.83067369e-04  9.92217380e-05 -5.01980262e-06  9.92217380e-05  6.96372006e-01 
 9.92277247e-05  9.90736223e-04  9.92277247e-05 -1.47586987e-05  9.92277247e-05  7.56750874e-01 
 9.92361876e-05  3.93957245e-03  9.92361876e-05 -5.45351512e-05  9.92361876e-05  8.42103366e-01 
 9.92452658e-05  1.33547227e-02  9.92452658e-05 -1.53417892e-04  9.92452658e-05  9.33660252e-01 
 9.92569338e-05  4.18263235e-02  9.92569338e-05 -3.39038743e-04  9.92569338e-05  1.05133799e+00 
 9.92745425e-05  1.20226290e-01  9.92745425e-05 -5.67008264e-04  9.92745425e-05  1.22892961e+00 
 9.92919781e-05  2.24898971e-01  9.92919781e-05 -6.67941362e-04  9.92919781e-05  1.40477551e+00 
 9.93225019e-05  4.28990018e-01  9.93225019e-05 -7.34620170e-04  9.93225019e-05  1.71262239e+00 
 9.93545485e-05  6.53248540e-01  9.93545485e-05 -7.73144115e-04  9.93545485e-05  2.03582663e+00 
 9.94041249e-05  1.00936591e+00  9.94041249e-05 -8.29732815e-04  9.94041249e-05  2.53582663e+00 
 9.94537012e-05  1.37449347e+00  9.94537012e-05 -8.81625830e-04  9.94537012e-05  3.03582663e+00 
 9.95032776e-05  1.74600543e+00  9.95032776e-05 -9.29157118e-04  9.95032776e-05  3.53582663e+00 
 9.95528539e-05  2.12221933e+00  9.95528539e-05 -9.75366114e-04  9.95528539e-05  4.03582663e+00 
 9.96024302e-05  2.50188246e+00  9.96024302e-05 -1.01865871e-03  9.96024302e-05  4.53582663e+00 
 9.96484543e-05  2.85672654e+00  9.96484543e-05 -1.05917744e-03  9.96484543e-05  5.00000000e+00 
 9.96534119e-05  2.88842691e+00  9.96534119e-05 -9.28952460e-04  9.96534119e-05  5.00000000e+00 
 9.96633272e-05  2.94072151e+00  9.96633272e-05 -7.10042259e-04  9.96633272e-05  5.00000000e+00 
 9.96831577e-05  3.00086641e+00  9.96831577e-05 -4.91425231e-04  9.96831577e-05  5.00000000e+00 
 9.97008272e-05  3.02720440e+00  9.97008272e-05 -4.09845054e-04  9.97008272e-05  5.00000000e+00 
 9.97242611e-05  3.04568487e+00  9.97242611e-05 -3.55355374e-04  9.97242611e-05  5.00000000e+00 
 9.97522466e-05  3.05595545e+00  9.97522466e-05 -3.28290308e-04  9.97522466e-05  5.00000000e+00 
 9.98018229e-05  3.06252722e+00  9.98018229e-05 -3.10101984e-04  9.98018229e-05  5.00000000e+00 
 9.98513993e-05  3.06380104e+00  9.98513993e-05 -3.07674202e-04  9.98513993e-05  5.00000000e+00 
 9.99009756e-05  3.06405996e+00  9.99009756e-05 -3.06159181e-04  9.99009756e-05  5.00000000e+00 
 9.99505520e-05  3.06410987e+00  9.99505520e-05 -3.06857999e-04  9.99505520e-05  5.00000000e+00 
 1.00000000e-04  3.06412173e+00  1.00000000e-04 -3.06014651e-04  1.00000000e-04  5.00000000e+00 
