 0.00000000e+00  5.90191843e-09  0.00000000e+00 -2.46101919e-11  0.00000000e+00  0.00000000e+00 
 2.96413377e-10  6.96819211e-07  2.96413377e-10  2.44792902e-07  2.96413377e-10  5.00000000e-03 
 3.06443144e-10  7.20997193e-07  3.06443144e-10  2.44792897e-07  3.06443144e-10  5.16918546e-03 
 3.26502677e-10  7.70931924e-07  3.26502677e-10  2.44792893e-07  3.26502677e-10  5.50755637e-03 
 3.66621743e-10  8.79253108e-07  3.66621743e-10  2.44792885e-07  3.66621743e-10  6.18429820e-03 
 4.46859876e-10  1.11083671e-06  4.46859876e-10  2.44792867e-07  4.46859876e-10  7.53778186e-03 
 5.85967777e-10  1.47126448e-06  5.85967777e-10  2.44792835e-07  5.85967777e-10  9.88430047e-03 
 6.86595380e-10  1.68086663e-06  6.86595380e-10  2.44792814e-07  6.86595380e-10  1.15817205e-02 
 8.14051240e-10  1.96255686e-06  8.14051240e-10  2.44792787e-07  8.14051240e-10  1.37316886e-02 
 9.40208226e-10  2.30731458e-06  9.40208226e-10  2.44792754e-07  9.40208226e-10  1.58597469e-02 
 1.07908691e-09  2.67951680e-06  1.07908691e-09  2.44792714e-07  1.07908691e-09  1.82023989e-02 
 1.20301685e-09  2.94654998e-06  1.20301685e-09  2.44792682e-07  1.20301685e-09  2.02928906e-02 
 1.34497763e-09  3.26045394e-06  1.34497763e-09  2.44792644e-07  1.34497763e-09  2.26875325e-02 
 1.49039357e-09  3.65749997e-06  1.49039357e-09  2.44792596e-07  1.49039357e-09  2.51404574e-02 
 1.63586579e-09  4.03872121e-06  1.63586579e-09  2.44792545e-07  1.63586579e-09  2.75943313e-02 
 1.75394387e-09  4.28734382e-06  1.75394387e-09  2.44792507e-07  1.75394387e-09  2.95861119e-02 
 1.89644310e-09  4.60884097e-06  1.89644310e-09  2.44792458e-07  1.89644310e-09  3.19898366e-02 
 2.02574174e-09  4.96672106e-06  2.02574174e-09  2.44792404e-07  2.02574174e-09  3.41708893e-02 
 2.17027663e-09  5.34359015e-06  2.17027663e-09  2.44792341e-07  2.17027663e-09  3.66089522e-02 
 2.28159694e-09  5.57670036e-06  2.28159694e-09  2.44792297e-07  2.28159694e-09  3.84867404e-02 
 2.42020581e-09  5.88736679e-06  2.42020581e-09  2.44792237e-07  2.42020581e-09  4.08248411e-02 
 2.54846364e-09  6.24103110e-06  2.54846364e-09  2.44792171e-07  2.54846364e-09  4.29883371e-02 
 2.69110156e-09  6.61576030e-06  2.69110156e-09  2.44792094e-07  2.69110156e-09  4.53944014e-02 
 2.80539795e-09  6.85676412e-06  2.80539795e-09  2.44792036e-07  2.80539795e-09  4.73223910e-02 
 2.94483676e-09  7.16749175e-06  2.94483676e-09  2.44791962e-07  2.94483676e-09  4.96744915e-02 
 3.07790302e-09  7.53294439e-06  3.07790302e-09  2.44791877e-07  3.07790302e-09  5.19190976e-02 
 3.22107267e-09  7.90881580e-06  3.22107267e-09  2.44791780e-07  3.22107267e-09  5.43341312e-02 
 3.33678798e-09  8.15265762e-06  3.33678798e-09  2.44791708e-07  3.33678798e-09  5.62860558e-02 
 3.47714650e-09  8.46608738e-06  3.47714650e-09  2.44791615e-07  3.47714650e-09  5.86536702e-02 
 3.60957514e-09  8.83022086e-06  3.60957514e-09  2.44791509e-07  3.60957514e-09  6.08875209e-02 
 3.75319244e-09  9.20625834e-06  3.75319244e-09  2.44791388e-07  3.75319244e-09  6.33101056e-02 
 3.86775564e-09  9.44700881e-06  3.86775564e-09  2.44791299e-07  3.86775564e-09  6.52425959e-02 
 4.00768256e-09  9.75957443e-06  4.00768256e-09  2.44791182e-07  4.00768256e-09  6.76029300e-02 
 4.13887181e-09  1.01203670e-05  4.13887181e-09  2.44791051e-07  4.13887181e-09  6.98158741e-02 
 4.28223159e-09  1.04957449e-05  4.28223159e-09  2.44790902e-07  4.28223159e-09  7.22341149e-02 
 4.39663735e-09  1.07361289e-05  4.39663735e-09  2.44790790e-07  4.39663735e-09  7.41639495e-02 
 4.53639390e-09  1.10478333e-05  4.53639390e-09  2.44790645e-07  4.53639390e-09  7.65214098e-02 
 4.66802918e-09  1.14094610e-05  4.66802918e-09  2.44790482e-07  4.66802918e-09  7.87418776e-02 
 4.81131563e-09  1.17846583e-05  4.81131563e-09  2.44790295e-07  4.81131563e-09  8.11588815e-02 
 4.92608499e-09  1.20257841e-05  4.92608499e-09  2.44790156e-07  4.92608499e-09  8.30948494e-02 
 5.06599972e-09  1.23376444e-05  5.06599972e-09  2.44789975e-07  5.06599972e-09  8.54549779e-02 
 5.19789727e-09  1.26998020e-05  5.19789727e-09  2.44789770e-07  5.19789727e-09  8.76798698e-02 
 5.34127258e-09  1.30749506e-05  5.34127258e-09  2.44789539e-07  5.34127258e-09  9.00983725e-02 
 5.45601105e-09  1.33158062e-05  5.45601105e-09  2.44789365e-07  5.45601105e-09  9.20338194e-02 
 5.59594204e-09  1.36276134e-05  5.59594204e-09  2.44789139e-07  5.59594204e-09  9.43942222e-02 
 5.72765664e-09  1.39891683e-05  5.72765664e-09  2.44788884e-07  5.72765664e-09  9.66160281e-02 
 5.87103453e-09  1.43641045e-05  5.87103453e-09  2.44788595e-07  5.87103453e-09  9.90345743e-02 
 5.98567541e-09  1.46045851e-05  5.98567541e-09  2.44788379e-07  5.98567541e-09  1.00968375e-01 
 6.12555769e-09  1.49160914e-05  6.12555769e-09  2.44788097e-07  6.12555769e-09  1.03327956e-01 
 6.25723535e-09  1.52773687e-05  6.25723535e-09  2.44787780e-07  6.25723535e-09  1.05549139e-01 
 6.40058760e-09  1.56520900e-05  6.40058760e-09  2.44787420e-07  6.40058760e-09  1.07967253e-01 
 6.51525779e-09  1.58925073e-05  6.51525779e-09  2.44787151e-07  6.51525779e-09  1.09901548e-01 
 6.65514589e-09  1.62038257e-05  6.65514589e-09  2.44786798e-07  6.65514589e-09  1.12261227e-01 
 6.78688337e-09  1.65650817e-05  6.78688337e-09  2.44786403e-07  6.78688337e-09  1.14483419e-01 
 6.93024069e-09  1.69396362e-05  6.93024069e-09  2.44785955e-07  6.93024069e-09  1.16901618e-01 
 7.04493269e-09  1.71799554e-05  7.04493269e-09  2.44785619e-07  7.04493269e-09  1.18836281e-01 
 7.18483379e-09  1.74911341e-05  7.18483379e-09  2.44785179e-07  7.18483379e-09  1.21196180e-01 
 7.31656887e-09  1.78522225e-05  7.31656887e-09  2.44784687e-07  7.31656887e-09  1.23418331e-01 
 7.45993303e-09  1.82266019e-05  7.45993303e-09  2.44784129e-07  7.45993303e-09  1.25836646e-01 
 7.57461203e-09  1.84667417e-05  7.57461203e-09  2.44783710e-07  7.57461203e-09  1.27771089e-01 
 7.71450907e-09  1.87777392e-05  7.71450907e-09  2.44783162e-07  7.71450907e-09  1.30130919e-01 
 7.84622697e-09  1.91386180e-05  7.84622697e-09  2.44782548e-07  7.84622697e-09  1.32352781e-01 
 7.98958891e-09  1.95128115e-05  7.98958891e-09  2.44781853e-07  7.98958891e-09  1.34771058e-01 
 8.10426437e-09  1.97527996e-05  8.10426437e-09  2.44781331e-07  8.10426437e-09  1.36705442e-01 
 8.24415895e-09  2.00636124e-05  8.24415895e-09  2.44780647e-07  8.24415895e-09  1.39065231e-01 
 8.37588048e-09  2.04243330e-05  8.37588048e-09  2.44779882e-07  8.37588048e-09  1.41287154e-01 
 8.51924177e-09  2.07983466e-05  8.51924177e-09  2.44779016e-07  8.51924177e-09  1.43705420e-01 
 8.63392166e-09  2.10382015e-05  8.63392166e-09  2.44778366e-07  8.63392166e-09  1.45639879e-01 
 8.77381843e-09  2.13488438e-05  8.77381843e-09  2.44777513e-07  8.77381843e-09  1.47999704e-01 
 8.90554329e-09  2.17094084e-05  8.90554329e-09  2.44776560e-07  8.90554329e-09  1.50221683e-01 
 9.04890639e-09  2.20832458e-05  9.04890639e-09  2.44775481e-07  9.04890639e-09  1.52639980e-01 
 9.16358633e-09  2.23229568e-05  9.16358633e-09  2.44774670e-07  9.16358633e-09  1.54574439e-01 
 9.30348398e-09  2.26334287e-05  9.30348398e-09  2.44773606e-07  9.30348398e-09  1.56934280e-01 
 9.43520608e-09  2.29938232e-05  9.43520608e-09  2.44772419e-07  9.43520608e-09  1.59156212e-01 
 9.57857028e-09  2.33674841e-05  9.57857028e-09  2.44771075e-07  9.57857028e-09  1.61574528e-01 
 9.69324889e-09  2.36070495e-05  9.69324889e-09  2.44770064e-07  9.69324889e-09  1.63508965e-01 
 9.83314651e-09  2.39173494e-05  9.83314651e-09  2.44768738e-07  9.83314651e-09  1.65868805e-01 
 9.96486697e-09  2.42775776e-05  9.96486697e-09  2.44767258e-07  9.96486697e-09  1.68090709e-01 
 1.01082320e-08  2.46510637e-05  1.01082320e-08  2.44765584e-07  1.01082320e-08  1.70509039e-01 
 1.02229108e-08  2.48904886e-05  1.02229108e-08  2.44764324e-07  1.02229108e-08  1.72443480e-01 
 1.03628092e-08  2.52006199e-05  1.03628092e-08  2.44762671e-07  1.03628092e-08  1.74803332e-01 
 1.04945292e-08  2.55606867e-05  1.04945292e-08  2.44760827e-07  1.04945292e-08  1.77025229e-01 
 1.06378958e-08  2.59340011e-05  1.06378958e-08  2.44758741e-07  1.06378958e-08  1.79443584e-01 
 1.07525749e-08  2.61732869e-05  1.07525749e-08  2.44757170e-07  1.07525749e-08  1.81378029e-01 
 1.08924743e-08  2.64832533e-05  1.08924743e-08  2.44755110e-07  1.08924743e-08  1.83737900e-01 
 1.10241929e-08  2.68431587e-05  1.10241929e-08  2.44752813e-07  1.10241929e-08  1.85959774e-01 
 1.11675614e-08  2.72163043e-05  1.11675614e-08  2.44750213e-07  1.11675614e-08  1.88378161e-01 
 1.12822403e-08  2.74554519e-05  1.12822403e-08  2.44748257e-07  1.12822403e-08  1.90312603e-01 
 1.14221408e-08  2.77652564e-05  1.14221408e-08  2.44745689e-07  1.14221408e-08  1.92672491e-01 
 1.15538574e-08  2.81250014e-05  1.15538574e-08  2.44742827e-07  1.15538574e-08  1.94894331e-01 
 1.16972281e-08  2.84979819e-05  1.16972281e-08  2.44739587e-07  1.16972281e-08  1.97312757e-01 
 1.18119068e-08  2.87369938e-05  1.18119068e-08  2.44737149e-07  1.18119068e-08  1.99247196e-01 
 1.19518087e-08  2.90466405e-05  1.19518087e-08  2.44733949e-07  1.19518087e-08  2.01607107e-01 
 1.20835231e-08  2.94062283e-05  1.20835231e-08  2.44730384e-07  1.20835231e-08  2.03828910e-01 
 1.22268967e-08  2.97790482e-05  1.22268967e-08  2.44726348e-07  1.22268967e-08  2.06247383e-01 
 1.23415753e-08  3.00179276e-05  1.23415753e-08  2.44723309e-07  1.23415753e-08  2.08181821e-01 
 1.24814789e-08  3.03274221e-05  1.24814789e-08  2.44719322e-07  1.24814789e-08  2.10541762e-01 
 1.26131907e-08  3.06868555e-05  1.26131907e-08  2.44714880e-07  1.26131907e-08  2.12763519e-01 
 1.27565677e-08  3.10595208e-05  1.27565677e-08  2.44709852e-07  1.27565677e-08  2.15182052e-01 
 1.28712463e-08  3.12982710e-05  1.28712463e-08  2.44706066e-07  1.28712463e-08  2.17116488e-01 
 1.30111520e-08  3.16076201e-05  1.30111520e-08  2.44701098e-07  1.30111520e-08  2.19476465e-01 
 1.31428603e-08  3.19669024e-05  1.31428603e-08  2.44695564e-07  1.31428603e-08  2.21698164e-01 
 1.32862418e-08  3.23394201e-05  1.32862418e-08  2.44689300e-07  1.32862418e-08  2.24116770e-01 
 1.34009202e-08  3.25780455e-05  1.34009202e-08  2.44684584e-07  1.34009202e-08  2.26051204e-01 
 1.35408286e-08  3.28872574e-05  1.35408286e-08  2.44678393e-07  1.35408286e-08  2.28411226e-01 
 1.36725325e-08  3.32463931e-05  1.36725325e-08  2.44671501e-07  1.36725325e-08  2.30632852e-01 
 1.38159195e-08  3.36187721e-05  1.38159195e-08  2.44663698e-07  1.38159195e-08  2.33051551e-01 
 1.39305977e-08  3.38572782e-05  1.39305977e-08  2.44657822e-07  1.39305977e-08  2.34985981e-01 
 1.40705094e-08  3.41663633e-05  1.40705094e-08  2.44650110e-07  1.40705094e-08  2.37346059e-01 
 1.42022080e-08  3.45253579e-05  1.42022080e-08  2.44641525e-07  1.42022080e-08  2.39567596e-01 
 1.43456018e-08  3.48976093e-05  1.43456018e-08  2.44631806e-07  1.43456018e-08  2.41986409e-01 
 1.44602797e-08  3.51360029e-05  1.44602797e-08  2.44624487e-07  1.44602797e-08  2.43920835e-01 
 1.46001956e-08  3.54449739e-05  1.46001956e-08  2.44614880e-07  1.46001956e-08  2.46280984e-01 
 1.47318876e-08  3.58038342e-05  1.47318876e-08  2.44604188e-07  1.47318876e-08  2.48502408e-01 
 1.48752898e-08  3.61759717e-05  1.48752898e-08  2.44592084e-07  1.48752898e-08  2.50921365e-01 
 1.49899675e-08  3.64142612e-05  1.49899675e-08  2.44582968e-07  1.49899675e-08  2.52855785e-01 
 1.51298886e-08  3.67231341e-05  1.51298886e-08  2.44571001e-07  1.51298886e-08  2.55216021e-01 
 1.52615723e-08  3.70818686e-05  1.52615723e-08  2.44557687e-07  1.52615723e-08  2.57437306e-01 
 1.54049850e-08  3.74539091e-05  1.54049850e-08  2.44542612e-07  1.54049850e-08  2.59856440e-01 
 1.55196623e-08  3.76921050e-05  1.55196623e-08  2.44531260e-07  1.55196623e-08  2.61790855e-01 
 1.56595898e-08  3.80008997e-05  1.56595898e-08  2.44516356e-07  1.56595898e-08  2.64151199e-01 
 1.57912633e-08  3.83595188e-05  1.57912633e-08  2.44499779e-07  1.57912633e-08  2.66372311e-01 
 1.59346891e-08  3.87314835e-05  1.59346891e-08  2.44481007e-07  1.59346891e-08  2.68791666e-01 
 1.60493659e-08  3.89695989e-05  1.60493659e-08  2.44466870e-07  1.60493659e-08  2.70726072e-01 
 1.61893014e-08  3.92783400e-05  1.61893014e-08  2.44448311e-07  1.61893014e-08  2.73086552e-01 
 1.63209621e-08  3.96368567e-05  1.63209621e-08  2.44427673e-07  1.63209621e-08  2.75307448e-01 
 1.64644043e-08  4.00087721e-05  1.64644043e-08  2.44404301e-07  1.64644043e-08  2.77727078e-01 
 1.65790805e-08  4.02468230e-05  1.65790805e-08  2.44386699e-07  1.65790805e-08  2.79661475e-01 
 1.67190260e-08  4.05555412e-05  1.67190260e-08  2.44363590e-07  1.67190260e-08  2.82022123e-01 
 1.68506708e-08  4.09139717e-05  1.68506708e-08  2.44337902e-07  1.68506708e-08  2.84242751e-01 
 1.69941332e-08  4.12858705e-05  1.69941332e-08  2.44308804e-07  1.69941332e-08  2.86662724e-01 
 1.71088087e-08  4.15238771e-05  1.71088087e-08  2.44286893e-07  1.71088087e-08  2.88597108e-01 
 1.72487666e-08  4.18326106e-05  1.72487666e-08  2.44258122e-07  1.72487666e-08  2.90957965e-01 
 1.73803916e-08  4.21909751e-05  1.73803916e-08  2.44226155e-07  1.73803916e-08  2.93178260e-01 
 1.75238793e-08  4.25628980e-05  1.75238793e-08  2.44189934e-07  1.75238793e-08  2.95598659e-01 
 1.76385539e-08  4.28008852e-05  1.76385539e-08  2.44162663e-07  1.76385539e-08  2.97533028e-01 
 1.77785273e-08  4.31096815e-05  1.77785273e-08  2.44126848e-07  1.77785273e-08  2.99894146e-01 
 1.79101277e-08  4.34680049e-05  1.79101277e-08  2.44087073e-07  1.79101277e-08  3.02114026e-01 
 1.80536469e-08  4.38400025e-05  1.80536469e-08  2.44041993e-07  1.80536469e-08  3.04534955e-01 
 1.81683204e-08  4.40780015e-05  1.81683204e-08  2.44008056e-07  1.81683204e-08  3.06469305e-01 
 1.83083130e-08  4.43869196e-05  1.83083130e-08  2.43963480e-07  1.83083130e-08  3.08830747e-01 
 1.84398828e-08  4.47452331e-05  1.84398828e-08  2.43914004e-07  1.84398828e-08  3.11050112e-01 
 1.85834411e-08  4.51173684e-05  1.85834411e-08  2.43857906e-07  1.85834411e-08  3.13471700e-01 
 1.86981132e-08  4.53554177e-05  1.86981132e-08  2.43815683e-07  1.86981132e-08  3.15406027e-01 
 1.88381297e-08  4.56645310e-05  1.88381297e-08  2.43760212e-07  1.88381297e-08  3.17767873e-01 
 1.89696616e-08  4.60228733e-05  1.89696616e-08  2.43698683e-07  1.89696616e-08  3.19986598e-01 
 1.91132685e-08  4.63952244e-05  1.91132685e-08  2.43628886e-07  1.91132685e-08  3.22409006e-01 
 1.92279388e-08  4.66333720e-05  1.92279388e-08  2.43576367e-07  1.92279388e-08  3.24343304e-01 
 1.93679852e-08  4.69427719e-05  1.93679852e-08  2.43507350e-07  1.93679852e-08  3.26705653e-01 
 1.94994700e-08  4.73011910e-05  1.94994700e-08  2.43430856e-07  1.94994700e-08  3.28923583e-01 
 1.96431373e-08  4.76738552e-05  1.96431373e-08  2.43344030e-07  1.96431373e-08  3.31347010e-01 
 1.97578055e-08  4.79121608e-05  1.97578055e-08  2.43278721e-07  1.97578055e-08  3.33281272e-01 
 1.98978889e-08  4.82219609e-05  1.98978889e-08  2.43192867e-07  1.98978889e-08  3.35644246e-01 
 2.00293153e-08  4.85805164e-05  2.00293153e-08  2.43097799e-07  2.00293153e-08  3.37861190e-01 
 2.01730576e-08  4.89536145e-05  2.01730576e-08  2.42989810e-07  2.01730576e-08  3.40285884e-01 
 2.02877232e-08  4.91921521e-05  2.02877232e-08  2.42908620e-07  2.02877232e-08  3.42220101e-01 
 2.04278527e-08  4.95024936e-05  2.04278527e-08  2.42801841e-07  2.04278527e-08  3.44583853e-01 
 2.05592068e-08  4.98612598e-05  2.05592068e-08  2.42683735e-07  2.05592068e-08  3.46799577e-01 
 2.07030423e-08  5.02349417e-05  2.07030423e-08  2.42549451e-07  2.07030423e-08  3.49225843e-01 
 2.08177046e-08  5.04738033e-05  2.08177046e-08  2.42448552e-07  2.08177046e-08  3.51160005e-01 
 2.09578915e-08  5.07848619e-05  2.09578915e-08  2.42315774e-07  2.09578915e-08  3.53524724e-01 
 2.10891560e-08  5.11439308e-05  2.10891560e-08  2.42169110e-07  2.10891560e-08  3.55738937e-01 
 2.12331073e-08  5.15183831e-05  2.12331073e-08  2.42002161e-07  2.12331073e-08  3.58167156e-01 
 2.13477655e-08  5.17576829e-05  2.13477655e-08  2.41876814e-07  2.13477655e-08  3.60101249e-01 
 2.14880238e-08  5.20696771e-05  2.14880238e-08  2.41711741e-07  2.14880238e-08  3.62467174e-01 
 2.16191775e-08  5.24291631e-05  2.16191775e-08  2.41529703e-07  2.16191775e-08  3.64679518e-01 
 2.17632724e-08  5.28046170e-05  2.17632724e-08  2.41322186e-07  2.17632724e-08  3.67110159e-01 
 2.18779257e-08  5.30444969e-05  2.18779257e-08  2.41166528e-07  2.18779257e-08  3.69044169e-01 
 2.20182729e-08  5.33576986e-05  2.20182729e-08  2.40961346e-07  2.20182729e-08  3.71411592e-01 
 2.21492899e-08  5.37177436e-05  2.21492899e-08  2.40735527e-07  2.21492899e-08  3.73621631e-01 
 2.22935629e-08  5.40944865e-05  2.22935629e-08  2.40477636e-07  2.22935629e-08  3.76055276e-01 
 2.24082102e-08  5.43351226e-05  2.24082102e-08  2.40284422e-07  2.24082102e-08  3.77989185e-01 
 2.25486679e-08  5.46498700e-05  2.25486679e-08  2.40029435e-07  2.25486679e-08  3.80358472e-01 
 2.26795165e-08  5.50106502e-05  2.26795165e-08  2.39749482e-07  2.26795165e-08  3.82565671e-01 
 2.28240102e-08  5.53890388e-05  2.28240102e-08  2.39429050e-07  2.28240102e-08  3.85003039e-01 
 2.29386502e-08  5.56306495e-05  2.29386502e-08  2.39189336e-07  2.29386502e-08  3.86936824e-01 
 2.30792454e-08  5.59473638e-05  2.30792454e-08  2.38872509e-07  2.30792454e-08  3.89308432e-01 
 2.32098872e-08  5.63090978e-05  2.32098872e-08  2.38525690e-07  2.32098872e-08  3.91512141e-01 
 2.33546542e-08  5.66895747e-05  2.33546542e-08  2.38127622e-07  2.33546542e-08  3.93954119e-01 
 2.34692854e-08  5.69324315e-05  2.34692854e-08  2.37830376e-07  2.34692854e-08  3.95887757e-01 
 2.36100519e-08  5.72516373e-05  2.36100519e-08  2.37436769e-07  2.36100519e-08  3.98262253e-01 
 2.37404402e-08  5.76145962e-05  2.37404402e-08  2.37007457e-07  2.37404402e-08  4.00461687e-01 
 2.38855453e-08  5.79977111e-05  2.38855453e-08  2.36513020e-07  2.38855453e-08  4.02909368e-01 
 2.40001663e-08  5.82421507e-05  2.40001663e-08  2.36144647e-07  2.40001663e-08  4.04842834e-01 
 2.41411461e-08  5.85645022e-05  2.41411461e-08  2.35655703e-07  2.41411461e-08  4.07220927e-01 
 2.42712249e-08  5.89290225e-05  2.42712249e-08  2.35124756e-07  2.42712249e-08  4.09415141e-01 
 2.44167479e-08  5.93154576e-05  2.44167479e-08  2.34510690e-07  2.44167479e-08  4.11869870e-01 
 2.45313573e-08  5.95618984e-05  2.45313573e-08  2.34054460e-07  2.45313573e-08  4.13803140e-01 
 2.46726027e-08  5.98882123e-05  2.46726027e-08  2.33447108e-07  2.46726027e-08  4.16185716e-01 
 2.48023055e-08  6.02547114e-05  2.48023055e-08  2.32791129e-07  2.48023055e-08  4.18373585e-01 
 2.49483444e-08  6.06453141e-05  2.49483444e-08  2.32028540e-07  2.49483444e-08  4.20837019e-01 
 2.50629412e-08  6.08942764e-05  2.50629412e-08  2.31463882e-07  2.50629412e-08  4.22770076e-01 
 2.52045181e-08  6.12255743e-05  2.52045181e-08  2.30709403e-07  2.52045181e-08  4.25158242e-01 
 2.53337661e-08  6.15945701e-05  2.53337661e-08  2.29899860e-07  2.53337661e-08  4.27338440e-01 
 2.54804417e-08  6.19903931e-05  2.54804417e-08  2.28952817e-07  2.54804417e-08  4.29812614e-01 
 2.55950260e-08  6.22425253e-05  2.55950260e-08  2.28254468e-07  2.55950260e-08  4.31745460e-01 
 2.57370168e-08  6.25800881e-05  2.57370168e-08  2.27317040e-07  2.57370168e-08  4.34140608e-01 
 2.58657186e-08  6.29522242e-05  2.58657186e-08  2.26319224e-07  2.58657186e-08  4.36311594e-01 
 2.60131791e-08  6.33545770e-05  2.60131791e-08  2.25142992e-07  2.60131791e-08  4.38799006e-01 
 2.61277534e-08  6.36106886e-05  2.61277534e-08  2.24279945e-07  2.61277534e-08  4.40731685e-01 
 2.62702621e-08  6.39561282e-05  2.62702621e-08  2.23114761e-07  2.62702621e-08  4.43135568e-01 
 2.63983137e-08  6.43322057e-05  2.63983137e-08  2.21886543e-07  2.63983137e-08  4.45295586e-01 
 2.65467410e-08  6.47427189e-05  2.65467410e-08  2.20425327e-07  2.65467410e-08  4.47799307e-01 
 2.66613131e-08  6.50038266e-05  2.66613131e-08  2.19359533e-07  2.66613131e-08  4.49731948e-01 
 2.68044714e-08  6.53591807e-05  2.68044714e-08  2.17910321e-07  2.68044714e-08  4.52146790e-01 
 2.69317578e-08  6.57402001e-05  2.69317578e-08  2.16400659e-07  2.69317578e-08  4.54293899e-01 
 2.70813759e-08  6.61609088e-05  2.70813759e-08  2.14584709e-07  2.70813759e-08  4.56817708e-01 
 2.71959638e-08  6.64282998e-05  2.71959638e-08  2.13269427e-07  2.71959638e-08  4.58750614e-01 
 2.73399402e-08  6.67961616e-05  2.73399402e-08  2.11465118e-07  2.73399402e-08  4.61179257e-01 
 2.74663402e-08  6.71833815e-05  2.74663402e-08  2.09612206e-07  2.74663402e-08  4.63311415e-01 
 2.76174263e-08  6.76168326e-05  2.76174263e-08  2.07354058e-07  2.76174263e-08  4.65859985e-01 
 2.77320688e-08  6.78921595e-05  2.77320688e-08  2.05731660e-07  2.77320688e-08  4.67793813e-01 
 2.78770811e-08  6.82758605e-05  2.78770811e-08  2.03481760e-07  2.78770811e-08  4.70239928e-01 
 2.80024806e-08  6.86708872e-05  2.80024806e-08  2.01210592e-07  2.80024806e-08  4.72355209e-01 
 2.81553794e-08  6.91202796e-05  2.81553794e-08  1.98400130e-07  2.81553794e-08  4.74934358e-01 
 2.82711669e-08  6.94083323e-05  2.82711669e-08  1.96380660e-07  2.82711669e-08  4.76887500e-01 
 2.84168960e-08  6.98108330e-05  2.84168960e-08  1.93578370e-07  2.84168960e-08  4.79345707e-01 
 2.85408705e-08  7.02147553e-05  2.85408705e-08  1.90804159e-07  2.85408705e-08  4.81436950e-01 
 2.86960160e-08  7.06840395e-05  2.86960160e-08  1.87302335e-07  2.86960160e-08  4.84053997e-01 
 2.88142947e-08  7.09912311e-05  2.88142947e-08  1.84759987e-07  2.88142947e-08  4.86049161e-01 
 2.89603709e-08  7.14163961e-05  2.89603709e-08  1.81271850e-07  2.89603709e-08  4.88513223e-01 
 2.90833461e-08  7.18334132e-05  2.90833461e-08  1.77870980e-07  2.90833461e-08  4.90587611e-01 
 2.92407969e-08  7.23257825e-05  2.92407969e-08  1.73515192e-07  2.92407969e-08  4.93243543e-01 
 2.93629271e-08  7.26600729e-05  2.93629271e-08  1.70277741e-07  2.93629271e-08  4.95303676e-01 
 2.95093091e-08  7.31142328e-05  2.95093091e-08  1.65922473e-07  2.95093091e-08  4.97772896e-01 
 2.96367218e-08  7.35662858e-05  2.96367218e-08  1.61566409e-07  2.96367218e-08  4.99922138e-01 
 2.97943131e-08  7.40768100e-05  2.97943131e-08  1.56238728e-07  2.97943131e-08  5.02580440e-01 
 2.99262529e-08  7.44631897e-05  2.99262529e-08  1.51902132e-07  2.99262529e-08  5.04806045e-01 
 3.00740325e-08  7.49618908e-05  3.00740325e-08  1.46356117e-07  3.00740325e-08  5.07298839e-01 
 3.02153594e-08  7.54878607e-05  3.02153594e-08  1.40375014e-07  3.02153594e-08  5.09682789e-01 
 3.03750551e-08  7.60217092e-05  3.03750551e-08  1.33810723e-07  3.03750551e-08  5.12376589e-01 
 3.05338240e-08  7.65367526e-05  3.05338240e-08  1.27174779e-07  3.05338240e-08  5.15054757e-01 
 3.06950994e-08  7.71492433e-05  3.06950994e-08  1.19272308e-07  3.06950994e-08  5.17775204e-01 
 3.08960188e-08  7.79168186e-05  3.08960188e-08  1.08789116e-07  3.08960188e-08  5.21164380e-01 
 3.10739279e-08  7.85377942e-05  3.10739279e-08  9.97175783e-08  3.10739279e-08  5.24165410e-01 
 3.12597340e-08  7.92648469e-05  3.12597340e-08  8.89191377e-08  3.12597340e-08  5.27299650e-01 
 3.14326900e-08  8.00011436e-05  3.14326900e-08  7.75804430e-08  3.14326900e-08  5.30217129e-01 
 3.16256746e-08  8.07575051e-05  3.16256746e-08  6.52371020e-08  3.16256746e-08  5.33472458e-01 
 3.18650052e-08  8.17553134e-05  3.18650052e-08  4.84131437e-08  3.18650052e-08  5.37509567e-01 
 3.21007181e-08  8.28543109e-05  3.21007181e-08  2.90646240e-08  3.21007181e-08  5.41485651e-01 
 3.23219196e-08  8.38401797e-05  3.23219196e-08  1.08110382e-08  3.23219196e-08  5.45216952e-01 
 3.26056134e-08  8.51990400e-05  3.26056134e-08 -1.52762577e-08  3.26056134e-08  5.50002394e-01 
 3.28776530e-08  8.66421396e-05  3.28776530e-08 -4.44403012e-08  3.28776530e-08  5.54591248e-01 
 3.31393131e-08  8.80071660e-05  3.31393131e-08 -7.30112019e-08  3.31393131e-08  5.59005018e-01 
 3.35820416e-08  9.06086445e-05  3.35820416e-08 -1.30290806e-07  3.35820416e-08  5.66473111e-01 
 3.39752606e-08  9.31480746e-05  3.39752606e-08 -1.89499625e-07  3.39752606e-08  5.73106061e-01 
 3.43754625e-08  9.59205508e-05  3.43754625e-08 -2.56172580e-07  3.43754625e-08  5.79856800e-01 
 3.48379350e-08  9.96087416e-05  3.48379350e-08 -3.50251813e-07  3.48379350e-08  5.87657942e-01 
 3.54149743e-08  1.04743778e-04  3.54149743e-08 -4.84488547e-07  3.54149743e-08  5.97391634e-01 
 3.65690530e-08  1.18065382e-04  3.65690530e-08 -8.53291831e-07  3.65690530e-08  6.16859018e-01 
 3.77858771e-08  1.37723813e-04  3.77858771e-08 -1.41812759e-06  3.77858771e-08  6.37384815e-01 
 3.96428892e-08  1.86182709e-04  3.96428892e-08 -2.83021656e-06  3.96428892e-08  6.68709515e-01 
 4.19535105e-08  3.00728392e-04  4.19535105e-08 -6.10429331e-06  4.19535105e-08  7.07685849e-01 
 4.65747532e-08  1.01622014e-03  4.65747532e-08 -2.38056388e-05  4.65747532e-08  7.85638516e-01 
 5.09186962e-08  3.07307793e-03  5.09186962e-08 -6.96059916e-05  5.09186962e-08  8.58913599e-01 
 5.66552509e-08  1.08608674e-02  5.66552509e-08 -2.01095895e-04  5.66552509e-08  9.55679723e-01 
 6.35578814e-08  3.30104161e-02  6.35578814e-08 -4.43006307e-04  6.35578814e-08  1.07211560e+00 
 7.43321309e-08  9.97798290e-02  7.43321309e-08 -8.08306279e-04  7.43321309e-08  1.25385925e+00 
 8.63931134e-08  2.09542471e-01  8.63931134e-08 -1.04208350e-03  8.63931134e-08  1.45730793e+00 
 1.05797208e-07  4.19220371e-01  1.05797208e-07 -1.18172109e-03  1.05797208e-07  1.78462270e+00 
 1.31523727e-07  7.17912876e-01  1.31523727e-07 -1.25395515e-03  1.31523727e-07  2.21858622e+00 
 1.59998441e-07  1.05838545e+00  1.59998441e-07 -1.31500671e-03  1.59998441e-07  2.69890722e+00 
 1.89639779e-07  1.42029757e+00  1.89639779e-07 -1.37473844e-03  1.89639779e-07  3.19890722e+00 
 2.19281117e-07  1.78787643e+00  2.19281117e-07 -1.42619478e-03  2.19281117e-07  3.69890722e+00 
 2.48922454e-07  2.15935419e+00  2.48922454e-07 -1.47494551e-03  2.48922454e-07  4.19890722e+00 
 2.72667916e-07  2.45904766e+00  2.72667916e-07 -1.51103975e-03  2.72667916e-07  4.59945361e+00 
 2.96413377e-07  2.76018320e+00  2.96413377e-07 -1.54716694e-03  2.96413377e-07  5.00000000e+00 
 2.99377511e-07  2.79330911e+00  2.99377511e-07 -1.39799673e-03  2.99377511e-07  5.00000000e+00 
 3.05305779e-07  2.85083013e+00  3.05305779e-07 -1.10927622e-03  3.05305779e-07  5.00000000e+00 
 3.17162314e-07  2.92732279e+00  3.17162314e-07 -7.60418105e-04  3.17162314e-07  5.00000000e+00 
 3.30875801e-07  2.97812272e+00  3.30875801e-07 -5.71857176e-04  3.30875801e-07  5.00000000e+00 
 3.48384381e-07  3.01470569e+00  3.48384381e-07 -4.45818230e-04  3.48384381e-07  5.00000000e+00 
 3.65580223e-07  3.03448143e+00  3.65580223e-07 -3.89360225e-04  3.65580223e-07  5.00000000e+00 
 3.95221561e-07  3.05193980e+00  3.95221561e-07 -3.37224620e-04  3.95221561e-07  5.00000000e+00 
 4.24862899e-07  3.05895125e+00  4.24862899e-07 -3.21220110e-04  4.24862899e-07  5.00000000e+00 
 4.54504236e-07  3.06190888e+00  4.54504236e-07 -3.10852837e-04  4.54504236e-07  5.00000000e+00 
 4.84145574e-07  3.06315476e+00  4.84145574e-07 -3.10062311e-04  4.84145574e-07  5.00000000e+00 
 5.13786912e-07  3.06370082e+00  5.13786912e-07 -3.06319190e-04  5.13786912e-07  5.00000000e+00 
 5.43428250e-07  3.06393455e+00  5.43428250e-07 -3.08016377e-04  5.43428250e-07  5.00000000e+00 
 5.73069587e-07  3.06404174e+00  5.73069587e-07 -3.05512094e-04  5.73069587e-07  5.00000000e+00 
 6.02710925e-07  3.06408227e+00  6.02710925e-07 -3.07567714e-04  6.02710925e-07  5.00000000e+00 
 6.32352263e-07  3.06410623e+00  6.32352263e-07 -3.05419326e-04  6.32352263e-07  5.00000000e+00 
 6.61993601e-07  3.06411067e+00  6.61993601e-07 -3.07426344e-04  6.61993601e-07  5.00000000e+00 
 6.91634938e-07  3.06411879e+00  6.91634938e-07 -3.05457374e-04  6.91634938e-07  5.00000000e+00 
 7.21276276e-07  3.06411663e+00  7.21276276e-07 -3.07345981e-04  7.21276276e-07  5.00000000e+00 
 7.50917614e-07  3.06412155e+00  7.50917614e-07 -3.05516668e-04  7.50917614e-07  5.00000000e+00 
 7.80558952e-07  3.06411831e+00  7.80558952e-07 -3.07280208e-04  7.80558952e-07  5.00000000e+00 
 8.10200289e-07  3.06412243e+00  8.10200289e-07 -3.05576881e-04  8.10200289e-07  5.00000000e+00 
 8.39841627e-07  3.06411914e+00  8.39841627e-07 -3.07220145e-04  8.39841627e-07  5.00000000e+00 
 8.69482965e-07  3.06412291e+00  8.69482965e-07 -3.05634386e-04  8.69482965e-07  5.00000000e+00 
 8.99124303e-07  3.06412062e+00  8.99124303e-07 -3.07169933e-04  8.99124303e-07  5.00000000e+00 
 9.28765640e-07  3.06412536e+00  9.28765640e-07 -3.05691232e-04  9.28765640e-07  5.00000000e+00 
 9.58406978e-07  3.06412201e+00  9.58406978e-07 -3.07106619e-04  9.58406978e-07  5.00000000e+00 
 9.88048316e-07  3.06412432e+00  9.88048316e-07 -3.05737868e-04  9.88048316e-07  5.00000000e+00 
 1.01768965e-06  3.06412105e+00  1.01768965e-06 -3.07060608e-04  1.01768965e-06  5.00000000e+00 
 1.04733099e-06  3.06412397e+00  1.04733099e-06 -3.05787543e-04  1.04733099e-06  5.00000000e+00 
 1.07697233e-06  3.06412119e+00  1.07697233e-06 -3.07014536e-04  1.07697233e-06  5.00000000e+00 
 1.10661367e-06  3.06412407e+00  1.10661367e-06 -3.05833118e-04  1.10661367e-06  5.00000000e+00 
 1.13625500e-06  3.06412150e+00  1.13625500e-06 -3.06970678e-04  1.13625500e-06  5.00000000e+00 
 1.16589634e-06  3.06412423e+00  1.16589634e-06 -3.05875773e-04  1.16589634e-06  5.00000000e+00 
 1.19553768e-06  3.06412181e+00  1.19553768e-06 -3.06929322e-04  1.19553768e-06  5.00000000e+00 
 1.22517902e-06  3.06412438e+00  1.22517902e-06 -3.05915858e-04  1.22517902e-06  5.00000000e+00 
 1.25482036e-06  3.06412210e+00  1.25482036e-06 -3.06890406e-04  1.25482036e-06  5.00000000e+00 
 1.28446169e-06  3.06412452e+00  1.28446169e-06 -3.05953555e-04  1.28446169e-06  5.00000000e+00 
 1.31410303e-06  3.06412235e+00  1.31410303e-06 -3.06853802e-04  1.31410303e-06  5.00000000e+00 
 1.34374437e-06  3.06412463e+00  1.34374437e-06 -3.05989007e-04  1.34374437e-06  5.00000000e+00 
 1.37338571e-06  3.06412258e+00  1.37338571e-06 -3.06819381e-04  1.37338571e-06  5.00000000e+00 
 1.40302704e-06  3.06412472e+00  1.40302704e-06 -3.06022344e-04  1.40302704e-06  5.00000000e+00 
 1.43266838e-06  3.06412279e+00  1.43266838e-06 -3.06787018e-04  1.43266838e-06  5.00000000e+00 
 1.46230972e-06  3.06412480e+00  1.46230972e-06 -3.06053686e-04  1.46230972e-06  5.00000000e+00 
 1.49195106e-06  3.06412297e+00  1.49195106e-06 -3.06756596e-04  1.49195106e-06  5.00000000e+00 
 1.52159240e-06  3.06412486e+00  1.52159240e-06 -3.06083150e-04  1.52159240e-06  5.00000000e+00 
 1.55123373e-06  3.06412313e+00  1.55123373e-06 -3.06728002e-04  1.55123373e-06  5.00000000e+00 
 1.58087507e-06  3.06412491e+00  1.58087507e-06 -3.06110841e-04  1.58087507e-06  5.00000000e+00 
 1.61051641e-06  3.06412328e+00  1.61051641e-06 -3.06701132e-04  1.61051641e-06  5.00000000e+00 
 1.64015775e-06  3.06412495e+00  1.64015775e-06 -3.06136863e-04  1.64015775e-06  5.00000000e+00 
 1.66979908e-06  3.06412341e+00  1.66979908e-06 -3.06675886e-04  1.66979908e-06  5.00000000e+00 
 1.69944042e-06  3.06412498e+00  1.69944042e-06 -3.06161310e-04  1.69944042e-06  5.00000000e+00 
 1.72908176e-06  3.06412352e+00  1.72908176e-06 -3.06652171e-04  1.72908176e-06  5.00000000e+00 
 1.75872310e-06  3.06412500e+00  1.75872310e-06 -3.06184273e-04  1.75872310e-06  5.00000000e+00 
 1.78836443e-06  3.06412363e+00  1.78836443e-06 -3.06629899e-04  1.78836443e-06  5.00000000e+00 
 1.81800577e-06  3.06412502e+00  1.81800577e-06 -3.06205838e-04  1.81800577e-06  5.00000000e+00 
 1.84764711e-06  3.06412372e+00  1.84764711e-06 -3.06608987e-04  1.84764711e-06  5.00000000e+00 
 1.87728845e-06  3.06412503e+00  1.87728845e-06 -3.06226085e-04  1.87728845e-06  5.00000000e+00 
 1.90692979e-06  3.06412380e+00  1.90692979e-06 -3.06589356e-04  1.90692979e-06  5.00000000e+00 
 1.93657112e-06  3.06412504e+00  1.93657112e-06 -3.06245090e-04  1.93657112e-06  5.00000000e+00 
 1.96621246e-06  3.06412388e+00  1.96621246e-06 -3.06570932e-04  1.96621246e-06  5.00000000e+00 
 1.99585380e-06  3.06412504e+00  1.99585380e-06 -3.06262924e-04  1.99585380e-06  5.00000000e+00 
 2.02549514e-06  3.06412394e+00  2.02549514e-06 -3.06553647e-04  2.02549514e-06  5.00000000e+00 
 2.05513647e-06  3.06412504e+00  2.05513647e-06 -3.06279655e-04  2.05513647e-06  5.00000000e+00 
 2.08477781e-06  3.06412401e+00  2.08477781e-06 -3.06537434e-04  2.08477781e-06  5.00000000e+00 
 2.11441915e-06  3.06412503e+00  2.11441915e-06 -3.06295347e-04  2.11441915e-06  5.00000000e+00 
 2.14406049e-06  3.06412406e+00  2.14406049e-06 -3.06522231e-04  2.14406049e-06  5.00000000e+00 
 2.17370183e-06  3.06412503e+00  2.17370183e-06 -3.06310059e-04  2.17370183e-06  5.00000000e+00 
 2.20334316e-06  3.06412411e+00  2.20334316e-06 -3.06507980e-04  2.20334316e-06  5.00000000e+00 
 2.23298450e-06  3.06412502e+00  2.23298450e-06 -3.06323847e-04  2.23298450e-06  5.00000000e+00 
 2.26262584e-06  3.06412415e+00  2.26262584e-06 -3.06494625e-04  2.26262584e-06  5.00000000e+00 
 2.29226718e-06  3.06412501e+00  2.29226718e-06 -3.06336767e-04  2.29226718e-06  5.00000000e+00 
 2.32190851e-06  3.06412419e+00  2.32190851e-06 -3.06482116e-04  2.32190851e-06  5.00000000e+00 
 2.35154985e-06  3.06412500e+00  2.35154985e-06 -3.06348867e-04  2.35154985e-06  5.00000000e+00 
 2.38119119e-06  3.06412423e+00  2.38119119e-06 -3.06470402e-04  2.38119119e-06  5.00000000e+00 
 2.41083253e-06  3.06412499e+00  2.41083253e-06 -3.06360195e-04  2.41083253e-06  5.00000000e+00 
 2.44047386e-06  3.06412426e+00  2.44047386e-06 -3.06459438e-04  2.44047386e-06  5.00000000e+00 
 2.47011520e-06  3.06412497e+00  2.47011520e-06 -3.06370796e-04  2.47011520e-06  5.00000000e+00 
 2.49975654e-06  3.06412429e+00  2.49975654e-06 -3.06449180e-04  2.49975654e-06  5.00000000e+00 
 2.52939788e-06  3.06412496e+00  2.52939788e-06 -3.06380713e-04  2.52939788e-06  5.00000000e+00 
 2.55903922e-06  3.06412432e+00  2.55903922e-06 -3.06439588e-04  2.55903922e-06  5.00000000e+00 
 2.58868055e-06  3.06412495e+00  2.58868055e-06 -3.06389984e-04  2.58868055e-06  5.00000000e+00 
 2.61832189e-06  3.06412434e+00  2.61832189e-06 -3.06430621e-04  2.61832189e-06  5.00000000e+00 
 2.64796323e-06  3.06412494e+00  2.64796323e-06 -3.06398648e-04  2.64796323e-06  5.00000000e+00 
 2.67760457e-06  3.06412436e+00  2.67760457e-06 -3.06422245e-04  2.67760457e-06  5.00000000e+00 
 2.70724590e-06  3.06412492e+00  2.70724590e-06 -3.06406740e-04  2.70724590e-06  5.00000000e+00 
 2.73688724e-06  3.06412438e+00  2.73688724e-06 -3.06414425e-04  2.73688724e-06  5.00000000e+00 
 2.76652858e-06  3.06412491e+00  2.76652858e-06 -3.06414293e-04  2.76652858e-06  5.00000000e+00 
 2.79616992e-06  3.06412440e+00  2.79616992e-06 -3.06407127e-04  2.79616992e-06  5.00000000e+00 
 2.82581126e-06  3.06412490e+00  2.82581126e-06 -3.06421338e-04  2.82581126e-06  5.00000000e+00 
 2.85545259e-06  3.06412442e+00  2.85545259e-06 -3.06400322e-04  2.85545259e-06  5.00000000e+00 
 2.88509393e-06  3.06412488e+00  2.88509393e-06 -3.06427907e-04  2.88509393e-06  5.00000000e+00 
 2.91473527e-06  3.06412443e+00  2.91473527e-06 -3.06393981e-04  2.91473527e-06  5.00000000e+00 
 2.94437661e-06  3.06412487e+00  2.94437661e-06 -3.06434025e-04  2.94437661e-06  5.00000000e+00 
 2.97401794e-06  3.06412445e+00  2.97401794e-06 -3.06388076e-04  2.97401794e-06  5.00000000e+00 
 3.00365928e-06  3.06412486e+00  3.00365928e-06 -3.06439720e-04  3.00365928e-06  5.00000000e+00 
 3.03330062e-06  3.06412446e+00  3.03330062e-06 -3.06382582e-04  3.03330062e-06  5.00000000e+00 
 3.06294196e-06  3.06412485e+00  3.06294196e-06 -3.06445017e-04  3.06294196e-06  5.00000000e+00 
 3.09258330e-06  3.06412447e+00  3.09258330e-06 -3.06377474e-04  3.09258330e-06  5.00000000e+00 
 3.12222463e-06  3.06412484e+00  3.12222463e-06 -3.06449938e-04  3.12222463e-06  5.00000000e+00 
 3.15186597e-06  3.06412448e+00  3.15186597e-06 -3.06372731e-04  3.15186597e-06  5.00000000e+00 
 3.18150731e-06  3.06412483e+00  3.18150731e-06 -3.06454507e-04  3.18150731e-06  5.00000000e+00 
 3.21114865e-06  3.06412449e+00  3.21114865e-06 -3.06368330e-04  3.21114865e-06  5.00000000e+00 
 3.24078998e-06  3.06412481e+00  3.24078998e-06 -3.06458744e-04  3.24078998e-06  5.00000000e+00 
 3.27043132e-06  3.06412450e+00  3.27043132e-06 -3.06364251e-04  3.27043132e-06  5.00000000e+00 
 3.30007266e-06  3.06412480e+00  3.30007266e-06 -3.06462668e-04  3.30007266e-06  5.00000000e+00 
 3.32971400e-06  3.06412451e+00  3.32971400e-06 -3.06360476e-04  3.32971400e-06  5.00000000e+00 
 3.35935533e-06  3.06412480e+00  3.35935533e-06 -3.06466299e-04  3.35935533e-06  5.00000000e+00 
 3.38899667e-06  3.06412451e+00  3.38899667e-06 -3.06356985e-04  3.38899667e-06  5.00000000e+00 
 3.41863801e-06  3.06412479e+00  3.41863801e-06 -3.06469653e-04  3.41863801e-06  5.00000000e+00 
 3.44827935e-06  3.06412452e+00  3.44827935e-06 -3.06353762e-04  3.44827935e-06  5.00000000e+00 
 3.47792069e-06  3.06412478e+00  3.47792069e-06 -3.06472747e-04  3.47792069e-06  5.00000000e+00 
 3.50756202e-06  3.06412453e+00  3.50756202e-06 -3.06350792e-04  3.50756202e-06  5.00000000e+00 
 3.53720336e-06  3.06412477e+00  3.53720336e-06 -3.06475596e-04  3.53720336e-06  5.00000000e+00 
 3.56684470e-06  3.06412454e+00  3.56684470e-06 -3.06348059e-04  3.56684470e-06  5.00000000e+00 
 3.59648604e-06  3.06412476e+00  3.59648604e-06 -3.06478216e-04  3.59648604e-06  5.00000000e+00 
 3.62612737e-06  3.06412454e+00  3.62612737e-06 -3.06345548e-04  3.62612737e-06  5.00000000e+00 
 3.65576871e-06  3.06412475e+00  3.65576871e-06 -3.06480620e-04  3.65576871e-06  5.00000000e+00 
 3.68541005e-06  3.06412455e+00  3.68541005e-06 -3.06343247e-04  3.68541005e-06  5.00000000e+00 
 3.71505139e-06  3.06412475e+00  3.71505139e-06 -3.06482821e-04  3.71505139e-06  5.00000000e+00 
 3.74469273e-06  3.06412455e+00  3.74469273e-06 -3.06341143e-04  3.74469273e-06  5.00000000e+00 
 3.77433406e-06  3.06412474e+00  3.77433406e-06 -3.06484831e-04  3.77433406e-06  5.00000000e+00 
 3.80397540e-06  3.06412456e+00  3.80397540e-06 -3.06339224e-04  3.80397540e-06  5.00000000e+00 
 3.83361674e-06  3.06412473e+00  3.83361674e-06 -3.06486662e-04  3.83361674e-06  5.00000000e+00 
 3.86325808e-06  3.06412456e+00  3.86325808e-06 -3.06337479e-04  3.86325808e-06  5.00000000e+00 
 3.89289941e-06  3.06412473e+00  3.89289941e-06 -3.06488325e-04  3.89289941e-06  5.00000000e+00 
 3.92254075e-06  3.06412456e+00  3.92254075e-06 -3.06335896e-04  3.92254075e-06  5.00000000e+00 
 3.95218209e-06  3.06412472e+00  3.95218209e-06 -3.06489829e-04  3.95218209e-06  5.00000000e+00 
 3.98182343e-06  3.06412457e+00  3.98182343e-06 -3.06334467e-04  3.98182343e-06  5.00000000e+00 
 4.01146477e-06  3.06412471e+00  4.01146477e-06 -3.06491185e-04  4.01146477e-06  5.00000000e+00 
 4.04110610e-06  3.06412457e+00  4.04110610e-06 -3.06333182e-04  4.04110610e-06  5.00000000e+00 
 4.07074744e-06  3.06412471e+00  4.07074744e-06 -3.06492402e-04  4.07074744e-06  5.00000000e+00 
 4.10038878e-06  3.06412458e+00  4.10038878e-06 -3.06332031e-04  4.10038878e-06  5.00000000e+00 
 4.13003012e-06  3.06412470e+00  4.13003012e-06 -3.06493488e-04  4.13003012e-06  5.00000000e+00 
 4.15967145e-06  3.06412458e+00  4.15967145e-06 -3.06331008e-04  4.15967145e-06  5.00000000e+00 
 4.18931279e-06  3.06412470e+00  4.18931279e-06 -3.06494452e-04  4.18931279e-06  5.00000000e+00 
 4.21895413e-06  3.06412458e+00  4.21895413e-06 -3.06330103e-04  4.21895413e-06  5.00000000e+00 
 4.24859547e-06  3.06412470e+00  4.24859547e-06 -3.06495300e-04  4.24859547e-06  5.00000000e+00 
 4.27823680e-06  3.06412458e+00  4.27823680e-06 -3.06329309e-04  4.27823680e-06  5.00000000e+00 
 4.30787814e-06  3.06412469e+00  4.30787814e-06 -3.06496041e-04  4.30787814e-06  5.00000000e+00 
 4.33751948e-06  3.06412459e+00  4.33751948e-06 -3.06328620e-04  4.33751948e-06  5.00000000e+00 
 4.36716082e-06  3.06412469e+00  4.36716082e-06 -3.06496680e-04  4.36716082e-06  5.00000000e+00 
 4.39680216e-06  3.06412459e+00  4.39680216e-06 -3.06328028e-04  4.39680216e-06  5.00000000e+00 
 4.42644349e-06  3.06412468e+00  4.42644349e-06 -3.06497225e-04  4.42644349e-06  5.00000000e+00 
 4.45608483e-06  3.06412459e+00  4.45608483e-06 -3.06327528e-04  4.45608483e-06  5.00000000e+00 
 4.48572617e-06  3.06412468e+00  4.48572617e-06 -3.06497682e-04  4.48572617e-06  5.00000000e+00 
 4.51536751e-06  3.06412460e+00  4.51536751e-06 -3.06327114e-04  4.51536751e-06  5.00000000e+00 
 4.54500884e-06  3.06412468e+00  4.54500884e-06 -3.06498055e-04  4.54500884e-06  5.00000000e+00 
 4.57465018e-06  3.06412460e+00  4.57465018e-06 -3.06326781e-04  4.57465018e-06  5.00000000e+00 
 4.60429152e-06  3.06412467e+00  4.60429152e-06 -3.06498351e-04  4.60429152e-06  5.00000000e+00 
 4.63393286e-06  3.06412460e+00  4.63393286e-06 -3.06326522e-04  4.63393286e-06  5.00000000e+00 
 4.66357420e-06  3.06412467e+00  4.66357420e-06 -3.06498574e-04  4.66357420e-06  5.00000000e+00 
 4.69321553e-06  3.06412460e+00  4.69321553e-06 -3.06326334e-04  4.69321553e-06  5.00000000e+00 
 4.72285687e-06  3.06412467e+00  4.72285687e-06 -3.06498729e-04  4.72285687e-06  5.00000000e+00 
 4.75249821e-06  3.06412460e+00  4.75249821e-06 -3.06326211e-04  4.75249821e-06  5.00000000e+00 
 4.78213955e-06  3.06412467e+00  4.78213955e-06 -3.06498820e-04  4.78213955e-06  5.00000000e+00 
 4.81178088e-06  3.06412461e+00  4.81178088e-06 -3.06326149e-04  4.81178088e-06  5.00000000e+00 
 4.84142222e-06  3.06412466e+00  4.84142222e-06 -3.06498853e-04  4.84142222e-06  5.00000000e+00 
 4.87106356e-06  3.06412461e+00  4.87106356e-06 -3.06326145e-04  4.87106356e-06  5.00000000e+00 
 4.90070490e-06  3.06412466e+00  4.90070490e-06 -3.06498830e-04  4.90070490e-06  5.00000000e+00 
 4.93034624e-06  3.06412461e+00  4.93034624e-06 -3.06326195e-04  4.93034624e-06  5.00000000e+00 
 4.95998757e-06  3.06412466e+00  4.95998757e-06 -3.06498755e-04  4.95998757e-06  5.00000000e+00 
 4.98962891e-06  3.06412461e+00  4.98962891e-06 -3.06326294e-04  4.98962891e-06  5.00000000e+00 
 5.01927025e-06  3.06412466e+00  5.01927025e-06 -3.06498633e-04  5.01927025e-06  5.00000000e+00 
 5.04891159e-06  3.06412461e+00  5.04891159e-06 -3.06326439e-04  5.04891159e-06  5.00000000e+00 
 5.07855292e-06  3.06412466e+00  5.07855292e-06 -3.06498465e-04  5.07855292e-06  5.00000000e+00 
 5.10819426e-06  3.06412461e+00  5.10819426e-06 -3.06326628e-04  5.10819426e-06  5.00000000e+00 
 5.13783560e-06  3.06412466e+00  5.13783560e-06 -3.06498256e-04  5.13783560e-06  5.00000000e+00 
 5.16747694e-06  3.06412462e+00  5.16747694e-06 -3.06326857e-04  5.16747694e-06  5.00000000e+00 
 5.19711827e-06  3.06412465e+00  5.19711827e-06 -3.06498008e-04  5.19711827e-06  5.00000000e+00 
 5.22675961e-06  3.06412462e+00  5.22675961e-06 -3.06327123e-04  5.22675961e-06  5.00000000e+00 
 5.25640095e-06  3.06412465e+00  5.25640095e-06 -3.06497724e-04  5.25640095e-06  5.00000000e+00 
 5.28604229e-06  3.06412462e+00  5.28604229e-06 -3.06327424e-04  5.28604229e-06  5.00000000e+00 
 5.31568363e-06  3.06412465e+00  5.31568363e-06 -3.06497407e-04  5.31568363e-06  5.00000000e+00 
 5.34532496e-06  3.06412462e+00  5.34532496e-06 -3.06327758e-04  5.34532496e-06  5.00000000e+00 
 5.37496630e-06  3.06412465e+00  5.37496630e-06 -3.06497058e-04  5.37496630e-06  5.00000000e+00 
 5.40460764e-06  3.06412462e+00  5.40460764e-06 -3.06328121e-04  5.40460764e-06  5.00000000e+00 
 5.43424898e-06  3.06412465e+00  5.43424898e-06 -3.06496681e-04  5.43424898e-06  5.00000000e+00 
 5.46389031e-06  3.06412462e+00  5.46389031e-06 -3.06328511e-04  5.46389031e-06  5.00000000e+00 
 5.49353165e-06  3.06412465e+00  5.49353165e-06 -3.06496278e-04  5.49353165e-06  5.00000000e+00 
 5.52317299e-06  3.06412462e+00  5.52317299e-06 -3.06328928e-04  5.52317299e-06  5.00000000e+00 
 5.55281433e-06  3.06412465e+00  5.55281433e-06 -3.06495849e-04  5.55281433e-06  5.00000000e+00 
 5.58245567e-06  3.06412462e+00  5.58245567e-06 -3.06329368e-04  5.58245567e-06  5.00000000e+00 
 5.61209700e-06  3.06412465e+00  5.61209700e-06 -3.06495399e-04  5.61209700e-06  5.00000000e+00 
 5.64173834e-06  3.06412462e+00  5.64173834e-06 -3.06329829e-04  5.64173834e-06  5.00000000e+00 
 5.67137968e-06  3.06412465e+00  5.67137968e-06 -3.06494927e-04  5.67137968e-06  5.00000000e+00 
 5.70102102e-06  3.06412463e+00  5.70102102e-06 -3.06330311e-04  5.70102102e-06  5.00000000e+00 
 5.73066235e-06  3.06412465e+00  5.73066235e-06 -3.06494436e-04  5.73066235e-06  5.00000000e+00 
 5.76030369e-06  3.06412463e+00  5.76030369e-06 -3.06330810e-04  5.76030369e-06  5.00000000e+00 
 5.78994503e-06  3.06412465e+00  5.78994503e-06 -3.06493928e-04  5.78994503e-06  5.00000000e+00 
 5.81958637e-06  3.06412463e+00  5.81958637e-06 -3.06331327e-04  5.81958637e-06  5.00000000e+00 
 5.84922770e-06  3.06412465e+00  5.84922770e-06 -3.06493403e-04  5.84922770e-06  5.00000000e+00 
 5.87886904e-06  3.06412463e+00  5.87886904e-06 -3.06331859e-04  5.87886904e-06  5.00000000e+00 
 5.90851038e-06  3.06412464e+00  5.90851038e-06 -3.06492864e-04  5.90851038e-06  5.00000000e+00 
 5.93815172e-06  3.06412463e+00  5.93815172e-06 -3.06332405e-04  5.93815172e-06  5.00000000e+00 
 5.96779306e-06  3.06412464e+00  5.96779306e-06 -3.06492312e-04  5.96779306e-06  5.00000000e+00 
 5.99743439e-06  3.06412463e+00  5.99743439e-06 -3.06332964e-04  5.99743439e-06  5.00000000e+00 
 6.02707573e-06  3.06412464e+00  6.02707573e-06 -3.06491747e-04  6.02707573e-06  5.00000000e+00 
 6.05671707e-06  3.06412463e+00  6.05671707e-06 -3.06333534e-04  6.05671707e-06  5.00000000e+00 
 6.08635841e-06  3.06412464e+00  6.08635841e-06 -3.06491171e-04  6.08635841e-06  5.00000000e+00 
 6.11599974e-06  3.06412463e+00  6.11599974e-06 -3.06334115e-04  6.11599974e-06  5.00000000e+00 
 6.14564108e-06  3.06412464e+00  6.14564108e-06 -3.06490586e-04  6.14564108e-06  5.00000000e+00 
 6.17528242e-06  3.06412463e+00  6.17528242e-06 -3.06334705e-04  6.17528242e-06  5.00000000e+00 
 6.20492376e-06  3.06412464e+00  6.20492376e-06 -3.06489991e-04  6.20492376e-06  5.00000000e+00 
 6.23456510e-06  3.06412463e+00  6.23456510e-06 -3.06335304e-04  6.23456510e-06  5.00000000e+00 
 6.26420643e-06  3.06412464e+00  6.26420643e-06 -3.06489389e-04  6.26420643e-06  5.00000000e+00 
 6.29384777e-06  3.06412463e+00  6.29384777e-06 -3.06335910e-04  6.29384777e-06  5.00000000e+00 
 6.32348911e-06  3.06412464e+00  6.32348911e-06 -3.06488780e-04  6.32348911e-06  5.00000000e+00 
 6.35313045e-06  3.06412463e+00  6.35313045e-06 -3.06336522e-04  6.35313045e-06  5.00000000e+00 
 6.38277178e-06  3.06412464e+00  6.38277178e-06 -3.06488164e-04  6.38277178e-06  5.00000000e+00 
 6.41241312e-06  3.06412464e+00  6.41241312e-06 -3.06337141e-04  6.41241312e-06  5.00000000e+00 
 6.44205446e-06  3.06412464e+00  6.44205446e-06 -3.06487543e-04  6.44205446e-06  5.00000000e+00 
 6.47169580e-06  3.06412464e+00  6.47169580e-06 -3.06337764e-04  6.47169580e-06  5.00000000e+00 
 6.50133714e-06  3.06412464e+00  6.50133714e-06 -3.06486918e-04  6.50133714e-06  5.00000000e+00 
 6.53097847e-06  3.06412464e+00  6.53097847e-06 -3.06338392e-04  6.53097847e-06  5.00000000e+00 
 6.56061981e-06  3.06412464e+00  6.56061981e-06 -3.06486288e-04  6.56061981e-06  5.00000000e+00 
 6.59026115e-06  3.06412464e+00  6.59026115e-06 -3.06339023e-04  6.59026115e-06  5.00000000e+00 
 6.61990249e-06  3.06412464e+00  6.61990249e-06 -3.06485656e-04  6.61990249e-06  5.00000000e+00 
 6.64954382e-06  3.06412464e+00  6.64954382e-06 -3.06339657e-04  6.64954382e-06  5.00000000e+00 
 6.67918516e-06  3.06412464e+00  6.67918516e-06 -3.06485020e-04  6.67918516e-06  5.00000000e+00 
 6.70882650e-06  3.06412464e+00  6.70882650e-06 -3.06340294e-04  6.70882650e-06  5.00000000e+00 
 6.73846784e-06  3.06412464e+00  6.73846784e-06 -3.06484383e-04  6.73846784e-06  5.00000000e+00 
 6.76810917e-06  3.06412464e+00  6.76810917e-06 -3.06340932e-04  6.76810917e-06  5.00000000e+00 
 6.79775051e-06  3.06412464e+00  6.79775051e-06 -3.06483743e-04  6.79775051e-06  5.00000000e+00 
 6.82739185e-06  3.06412464e+00  6.82739185e-06 -3.06341572e-04  6.82739185e-06  5.00000000e+00 
 6.85703319e-06  3.06412464e+00  6.85703319e-06 -3.06483103e-04  6.85703319e-06  5.00000000e+00 
 6.88667453e-06  3.06412464e+00  6.88667453e-06 -3.06342213e-04  6.88667453e-06  5.00000000e+00 
 6.91631586e-06  3.06412464e+00  6.91631586e-06 -3.06482462e-04  6.91631586e-06  5.00000000e+00 
 6.94595720e-06  3.06412464e+00  6.94595720e-06 -3.06342854e-04  6.94595720e-06  5.00000000e+00 
 6.97559854e-06  3.06412464e+00  6.97559854e-06 -3.06481821e-04  6.97559854e-06  5.00000000e+00 
 7.00523988e-06  3.06412464e+00  7.00523988e-06 -3.06343495e-04  7.00523988e-06  5.00000000e+00 
 7.03488121e-06  3.06412464e+00  7.03488121e-06 -3.06481180e-04  7.03488121e-06  5.00000000e+00 
 7.06452255e-06  3.06412464e+00  7.06452255e-06 -3.06344136e-04  7.06452255e-06  5.00000000e+00 
 7.09416389e-06  3.06412464e+00  7.09416389e-06 -3.06480540e-04  7.09416389e-06  5.00000000e+00 
 7.12380523e-06  3.06412464e+00  7.12380523e-06 -3.06344776e-04  7.12380523e-06  5.00000000e+00 
 7.15344657e-06  3.06412464e+00  7.15344657e-06 -3.06479901e-04  7.15344657e-06  5.00000000e+00 
 7.18308790e-06  3.06412464e+00  7.18308790e-06 -3.06345414e-04  7.18308790e-06  5.00000000e+00 
 7.21272924e-06  3.06412464e+00  7.21272924e-06 -3.06479263e-04  7.21272924e-06  5.00000000e+00 
 7.24237058e-06  3.06412464e+00  7.24237058e-06 -3.06346052e-04  7.24237058e-06  5.00000000e+00 
 7.27201192e-06  3.06412464e+00  7.27201192e-06 -3.06478626e-04  7.27201192e-06  5.00000000e+00 
 7.30165325e-06  3.06412464e+00  7.30165325e-06 -3.06346688e-04  7.30165325e-06  5.00000000e+00 
 7.33129459e-06  3.06412464e+00  7.33129459e-06 -3.06477991e-04  7.33129459e-06  5.00000000e+00 
 7.36093593e-06  3.06412464e+00  7.36093593e-06 -3.06347321e-04  7.36093593e-06  5.00000000e+00 
 7.39057727e-06  3.06412464e+00  7.39057727e-06 -3.06477359e-04  7.39057727e-06  5.00000000e+00 
 7.42021861e-06  3.06412464e+00  7.42021861e-06 -3.06347953e-04  7.42021861e-06  5.00000000e+00 
 7.44985994e-06  3.06412464e+00  7.44985994e-06 -3.06476729e-04  7.44985994e-06  5.00000000e+00 
 7.47950128e-06  3.06412464e+00  7.47950128e-06 -3.06348582e-04  7.47950128e-06  5.00000000e+00 
 7.50914262e-06  3.06412464e+00  7.50914262e-06 -3.06476101e-04  7.50914262e-06  5.00000000e+00 
 7.53878396e-06  3.06412464e+00  7.53878396e-06 -3.06349208e-04  7.53878396e-06  5.00000000e+00 
 7.56842529e-06  3.06412464e+00  7.56842529e-06 -3.06475476e-04  7.56842529e-06  5.00000000e+00 
 7.59806663e-06  3.06412464e+00  7.59806663e-06 -3.06349831e-04  7.59806663e-06  5.00000000e+00 
 7.62770797e-06  3.06412464e+00  7.62770797e-06 -3.06474855e-04  7.62770797e-06  5.00000000e+00 
 7.65734931e-06  3.06412465e+00  7.65734931e-06 -3.06350451e-04  7.65734931e-06  5.00000000e+00 
 7.68699064e-06  3.06412464e+00  7.68699064e-06 -3.06474236e-04  7.68699064e-06  5.00000000e+00 
 7.71663198e-06  3.06412465e+00  7.71663198e-06 -3.06351068e-04  7.71663198e-06  5.00000000e+00 
 7.74627332e-06  3.06412464e+00  7.74627332e-06 -3.06473621e-04  7.74627332e-06  5.00000000e+00 
 7.77591466e-06  3.06412465e+00  7.77591466e-06 -3.06351682e-04  7.77591466e-06  5.00000000e+00 
 7.80555600e-06  3.06412464e+00  7.80555600e-06 -3.06473009e-04  7.80555600e-06  5.00000000e+00 
 7.83519733e-06  3.06412465e+00  7.83519733e-06 -3.06352292e-04  7.83519733e-06  5.00000000e+00 
 7.86483867e-06  3.06412464e+00  7.86483867e-06 -3.06472401e-04  7.86483867e-06  5.00000000e+00 
 7.89448001e-06  3.06412465e+00  7.89448001e-06 -3.06352898e-04  7.89448001e-06  5.00000000e+00 
 7.92412135e-06  3.06412464e+00  7.92412135e-06 -3.06471797e-04  7.92412135e-06  5.00000000e+00 
 7.95376268e-06  3.06412465e+00  7.95376268e-06 -3.06353501e-04  7.95376268e-06  5.00000000e+00 
 7.98340402e-06  3.06412464e+00  7.98340402e-06 -3.06471196e-04  7.98340402e-06  5.00000000e+00 
 8.01304536e-06  3.06412465e+00  8.01304536e-06 -3.06354099e-04  8.01304536e-06  5.00000000e+00 
 8.04268670e-06  3.06412464e+00  8.04268670e-06 -3.06470600e-04  8.04268670e-06  5.00000000e+00 
 8.07232804e-06  3.06412465e+00  8.07232804e-06 -3.06354694e-04  8.07232804e-06  5.00000000e+00 
 8.10196937e-06  3.06412464e+00  8.10196937e-06 -3.06470007e-04  8.10196937e-06  5.00000000e+00 
 8.13161071e-06  3.06412465e+00  8.13161071e-06 -3.06355284e-04  8.13161071e-06  5.00000000e+00 
 8.16125205e-06  3.06412464e+00  8.16125205e-06 -3.06469419e-04  8.16125205e-06  5.00000000e+00 
 8.19089339e-06  3.06412465e+00  8.19089339e-06 -3.06355870e-04  8.19089339e-06  5.00000000e+00 
 8.22053472e-06  3.06412464e+00  8.22053472e-06 -3.06468835e-04  8.22053472e-06  5.00000000e+00 
 8.25017606e-06  3.06412465e+00  8.25017606e-06 -3.06356452e-04  8.25017606e-06  5.00000000e+00 
 8.27981740e-06  3.06412464e+00  8.27981740e-06 -3.06468255e-04  8.27981740e-06  5.00000000e+00 
 8.30945874e-06  3.06412465e+00  8.30945874e-06 -3.06357029e-04  8.30945874e-06  5.00000000e+00 
 8.33910007e-06  3.06412464e+00  8.33910007e-06 -3.06467680e-04  8.33910007e-06  5.00000000e+00 
 8.36874141e-06  3.06412465e+00  8.36874141e-06 -3.06357602e-04  8.36874141e-06  5.00000000e+00 
 8.39838275e-06  3.06412464e+00  8.39838275e-06 -3.06467109e-04  8.39838275e-06  5.00000000e+00 
 8.42802409e-06  3.06412465e+00  8.42802409e-06 -3.06358171e-04  8.42802409e-06  5.00000000e+00 
 8.45766543e-06  3.06412465e+00  8.45766543e-06 -3.06466543e-04  8.45766543e-06  5.00000000e+00 
 8.48730676e-06  3.06412465e+00  8.48730676e-06 -3.06358735e-04  8.48730676e-06  5.00000000e+00 
 8.51694810e-06  3.06412465e+00  8.51694810e-06 -3.06465981e-04  8.51694810e-06  5.00000000e+00 
 8.54658944e-06  3.06412465e+00  8.54658944e-06 -3.06359294e-04  8.54658944e-06  5.00000000e+00 
 8.57623078e-06  3.06412465e+00  8.57623078e-06 -3.06465424e-04  8.57623078e-06  5.00000000e+00 
 8.60587211e-06  3.06412465e+00  8.60587211e-06 -3.06359849e-04  8.60587211e-06  5.00000000e+00 
 8.63551345e-06  3.06412465e+00  8.63551345e-06 -3.06464872e-04  8.63551345e-06  5.00000000e+00 
 8.66515479e-06  3.06412465e+00  8.66515479e-06 -3.06360400e-04  8.66515479e-06  5.00000000e+00 
 8.69479613e-06  3.06412465e+00  8.69479613e-06 -3.06464324e-04  8.69479613e-06  5.00000000e+00 
 8.72443747e-06  3.06412465e+00  8.72443747e-06 -3.06360945e-04  8.72443747e-06  5.00000000e+00 
 8.75407880e-06  3.06412465e+00  8.75407880e-06 -3.06463780e-04  8.75407880e-06  5.00000000e+00 
 8.78372014e-06  3.06412465e+00  8.78372014e-06 -3.06361486e-04  8.78372014e-06  5.00000000e+00 
 8.81336148e-06  3.06412465e+00  8.81336148e-06 -3.06463242e-04  8.81336148e-06  5.00000000e+00 
 8.84300282e-06  3.06412465e+00  8.84300282e-06 -3.06362022e-04  8.84300282e-06  5.00000000e+00 
 8.87264415e-06  3.06412465e+00  8.87264415e-06 -3.06462708e-04  8.87264415e-06  5.00000000e+00 
 8.90228549e-06  3.06412465e+00  8.90228549e-06 -3.06362554e-04  8.90228549e-06  5.00000000e+00 
 8.93192683e-06  3.06412465e+00  8.93192683e-06 -3.06462179e-04  8.93192683e-06  5.00000000e+00 
 8.96156817e-06  3.06412465e+00  8.96156817e-06 -3.06363081e-04  8.96156817e-06  5.00000000e+00 
 8.99120951e-06  3.06412465e+00  8.99120951e-06 -3.06461655e-04  8.99120951e-06  5.00000000e+00 
 9.02085084e-06  3.06412465e+00  9.02085084e-06 -3.06363603e-04  9.02085084e-06  5.00000000e+00 
 9.05049218e-06  3.06412465e+00  9.05049218e-06 -3.06461135e-04  9.05049218e-06  5.00000000e+00 
 9.08013352e-06  3.06412465e+00  9.08013352e-06 -3.06364120e-04  9.08013352e-06  5.00000000e+00 
 9.10977486e-06  3.06412465e+00  9.10977486e-06 -3.06460620e-04  9.10977486e-06  5.00000000e+00 
 9.13941619e-06  3.06412465e+00  9.13941619e-06 -3.06364633e-04  9.13941619e-06  5.00000000e+00 
 9.16905753e-06  3.06412465e+00  9.16905753e-06 -3.06460110e-04  9.16905753e-06  5.00000000e+00 
 9.19869887e-06  3.06412465e+00  9.19869887e-06 -3.06365140e-04  9.19869887e-06  5.00000000e+00 
 9.22834021e-06  3.06412465e+00  9.22834021e-06 -3.06459604e-04  9.22834021e-06  5.00000000e+00 
 9.25798154e-06  3.06412465e+00  9.25798154e-06 -3.06365644e-04  9.25798154e-06  5.00000000e+00 
 9.28762288e-06  3.06412465e+00  9.28762288e-06 -3.06459103e-04  9.28762288e-06  5.00000000e+00 
 9.31726422e-06  3.06412465e+00  9.31726422e-06 -3.06366142e-04  9.31726422e-06  5.00000000e+00 
 9.34690556e-06  3.06412465e+00  9.34690556e-06 -3.06458607e-04  9.34690556e-06  5.00000000e+00 
 9.37654690e-06  3.06412465e+00  9.37654690e-06 -3.06366636e-04  9.37654690e-06  5.00000000e+00 
 9.40618823e-06  3.06412465e+00  9.40618823e-06 -3.06458116e-04  9.40618823e-06  5.00000000e+00 
 9.43582957e-06  3.06412465e+00  9.43582957e-06 -3.06367125e-04  9.43582957e-06  5.00000000e+00 
 9.46547091e-06  3.06412465e+00  9.46547091e-06 -3.06457629e-04  9.46547091e-06  5.00000000e+00 
 9.49511225e-06  3.06412465e+00  9.49511225e-06 -3.06367609e-04  9.49511225e-06  5.00000000e+00 
 9.52475358e-06  3.06412465e+00  9.52475358e-06 -3.06457147e-04  9.52475358e-06  5.00000000e+00 
 9.55439492e-06  3.06412465e+00  9.55439492e-06 -3.06368089e-04  9.55439492e-06  5.00000000e+00 
 9.58403626e-06  3.06412465e+00  9.58403626e-06 -3.06456670e-04  9.58403626e-06  5.00000000e+00 
 9.61367760e-06  3.06412465e+00  9.61367760e-06 -3.06368564e-04  9.61367760e-06  5.00000000e+00 
 9.64331894e-06  3.06412465e+00  9.64331894e-06 -3.06456197e-04  9.64331894e-06  5.00000000e+00 
 9.67296027e-06  3.06412465e+00  9.67296027e-06 -3.06369034e-04  9.67296027e-06  5.00000000e+00 
 9.70260161e-06  3.06412465e+00  9.70260161e-06 -3.06455729e-04  9.70260161e-06  5.00000000e+00 
 9.73224295e-06  3.06412465e+00  9.73224295e-06 -3.06369500e-04  9.73224295e-06  5.00000000e+00 
 9.76188429e-06  3.06412465e+00  9.76188429e-06 -3.06455265e-04  9.76188429e-06  5.00000000e+00 
 9.79152562e-06  3.06412465e+00  9.79152562e-06 -3.06369962e-04  9.79152562e-06  5.00000000e+00 
 9.82116696e-06  3.06412465e+00  9.82116696e-06 -3.06454806e-04  9.82116696e-06  5.00000000e+00 
 9.85080830e-06  3.06412465e+00  9.85080830e-06 -3.06370418e-04  9.85080830e-06  5.00000000e+00 
 9.88044964e-06  3.06412465e+00  9.88044964e-06 -3.06454352e-04  9.88044964e-06  5.00000000e+00 
 9.91009098e-06  3.06412465e+00  9.91009098e-06 -3.06370871e-04  9.91009098e-06  5.00000000e+00 
 9.93973231e-06  3.06412465e+00  9.93973231e-06 -3.06453902e-04  9.93973231e-06  5.00000000e+00 
 9.96937365e-06  3.06412465e+00  9.96937365e-06 -3.06371318e-04  9.96937365e-06  5.00000000e+00 
 9.99901499e-06  3.06412465e+00  9.99901499e-06 -3.06453457e-04  9.99901499e-06  5.00000000e+00 
 1.00286563e-05  3.06412465e+00  1.00286563e-05 -3.06371762e-04  1.00286563e-05  5.00000000e+00 
 1.00582977e-05  3.06412465e+00  1.00582977e-05 -3.06453016e-04  1.00582977e-05  5.00000000e+00 
 1.00879390e-05  3.06412465e+00  1.00879390e-05 -3.06372200e-04  1.00879390e-05  5.00000000e+00 
 1.01175803e-05  3.06412465e+00  1.01175803e-05 -3.06452579e-04  1.01175803e-05  5.00000000e+00 
 1.01472217e-05  3.06412465e+00  1.01472217e-05 -3.06372635e-04  1.01472217e-05  5.00000000e+00 
 1.01768630e-05  3.06412465e+00  1.01768630e-05 -3.06452147e-04  1.01768630e-05  5.00000000e+00 
 1.02065044e-05  3.06412465e+00  1.02065044e-05 -3.06373065e-04  1.02065044e-05  5.00000000e+00 
 1.02361457e-05  3.06412465e+00  1.02361457e-05 -3.06451719e-04  1.02361457e-05  5.00000000e+00 
 1.02657870e-05  3.06412465e+00  1.02657870e-05 -3.06373490e-04  1.02657870e-05  5.00000000e+00 
 1.02954284e-05  3.06412465e+00  1.02954284e-05 -3.06451295e-04  1.02954284e-05  5.00000000e+00 
 1.03250697e-05  3.06412465e+00  1.03250697e-05 -3.06373912e-04  1.03250697e-05  5.00000000e+00 
 1.03547110e-05  3.06412465e+00  1.03547110e-05 -3.06450876e-04  1.03547110e-05  5.00000000e+00 
 1.03843524e-05  3.06412465e+00  1.03843524e-05 -3.06374329e-04  1.03843524e-05  5.00000000e+00 
 1.04139937e-05  3.06412465e+00  1.04139937e-05 -3.06450461e-04  1.04139937e-05  5.00000000e+00 
 1.04436351e-05  3.06412465e+00  1.04436351e-05 -3.06374742e-04  1.04436351e-05  5.00000000e+00 
 1.04732764e-05  3.06412465e+00  1.04732764e-05 -3.06450051e-04  1.04732764e-05  5.00000000e+00 
 1.05029177e-05  3.06412465e+00  1.05029177e-05 -3.06375150e-04  1.05029177e-05  5.00000000e+00 
 1.05325591e-05  3.06412465e+00  1.05325591e-05 -3.06449644e-04  1.05325591e-05  5.00000000e+00 
 1.05622004e-05  3.06412465e+00  1.05622004e-05 -3.06375555e-04  1.05622004e-05  5.00000000e+00 
 1.05918417e-05  3.06412465e+00  1.05918417e-05 -3.06449242e-04  1.05918417e-05  5.00000000e+00 
 1.06214831e-05  3.06412465e+00  1.06214831e-05 -3.06375955e-04  1.06214831e-05  5.00000000e+00 
 1.06511244e-05  3.06412465e+00  1.06511244e-05 -3.06448844e-04  1.06511244e-05  5.00000000e+00 
 1.06807658e-05  3.06412465e+00  1.06807658e-05 -3.06376351e-04  1.06807658e-05  5.00000000e+00 
 1.07104071e-05  3.06412465e+00  1.07104071e-05 -3.06448450e-04  1.07104071e-05  5.00000000e+00 
 1.07400484e-05  3.06412465e+00  1.07400484e-05 -3.06376743e-04  1.07400484e-05  5.00000000e+00 
 1.07696898e-05  3.06412465e+00  1.07696898e-05 -3.06448060e-04  1.07696898e-05  5.00000000e+00 
 1.07993311e-05  3.06412465e+00  1.07993311e-05 -3.06377131e-04  1.07993311e-05  5.00000000e+00 
 1.08289724e-05  3.06412465e+00  1.08289724e-05 -3.06447674e-04  1.08289724e-05  5.00000000e+00 
 1.08586138e-05  3.06412465e+00  1.08586138e-05 -3.06377515e-04  1.08586138e-05  5.00000000e+00 
 1.08882551e-05  3.06412465e+00  1.08882551e-05 -3.06447292e-04  1.08882551e-05  5.00000000e+00 
 1.09178965e-05  3.06412465e+00  1.09178965e-05 -3.06377895e-04  1.09178965e-05  5.00000000e+00 
 1.09475378e-05  3.06412465e+00  1.09475378e-05 -3.06446914e-04  1.09475378e-05  5.00000000e+00 
 1.09771791e-05  3.06412465e+00  1.09771791e-05 -3.06378271e-04  1.09771791e-05  5.00000000e+00 
 1.10068205e-05  3.06412465e+00  1.10068205e-05 -3.06446540e-04  1.10068205e-05  5.00000000e+00 
 1.10364618e-05  3.06412465e+00  1.10364618e-05 -3.06378643e-04  1.10364618e-05  5.00000000e+00 
 1.10661031e-05  3.06412465e+00  1.10661031e-05 -3.06446170e-04  1.10661031e-05  5.00000000e+00 
 1.10957445e-05  3.06412465e+00  1.10957445e-05 -3.06379011e-04  1.10957445e-05  5.00000000e+00 
 1.11253858e-05  3.06412465e+00  1.11253858e-05 -3.06445804e-04  1.11253858e-05  5.00000000e+00 
 1.11550272e-05  3.06412465e+00  1.11550272e-05 -3.06379375e-04  1.11550272e-05  5.00000000e+00 
 1.11846685e-05  3.06412465e+00  1.11846685e-05 -3.06445441e-04  1.11846685e-05  5.00000000e+00 
 1.12143098e-05  3.06412465e+00  1.12143098e-05 -3.06379736e-04  1.12143098e-05  5.00000000e+00 
 1.12439512e-05  3.06412465e+00  1.12439512e-05 -3.06445083e-04  1.12439512e-05  5.00000000e+00 
 1.12735925e-05  3.06412465e+00  1.12735925e-05 -3.06380093e-04  1.12735925e-05  5.00000000e+00 
 1.13032338e-05  3.06412465e+00  1.13032338e-05 -3.06444728e-04  1.13032338e-05  5.00000000e+00 
 1.13328752e-05  3.06412465e+00  1.13328752e-05 -3.06380446e-04  1.13328752e-05  5.00000000e+00 
 1.13625165e-05  3.06412465e+00  1.13625165e-05 -3.06444377e-04  1.13625165e-05  5.00000000e+00 
 1.13921579e-05  3.06412465e+00  1.13921579e-05 -3.06380795e-04  1.13921579e-05  5.00000000e+00 
 1.14217992e-05  3.06412465e+00  1.14217992e-05 -3.06444029e-04  1.14217992e-05  5.00000000e+00 
 1.14514405e-05  3.06412465e+00  1.14514405e-05 -3.06381141e-04  1.14514405e-05  5.00000000e+00 
 1.14810819e-05  3.06412465e+00  1.14810819e-05 -3.06443685e-04  1.14810819e-05  5.00000000e+00 
 1.15107232e-05  3.06412465e+00  1.15107232e-05 -3.06381483e-04  1.15107232e-05  5.00000000e+00 
 1.15403646e-05  3.06412465e+00  1.15403646e-05 -3.06443345e-04  1.15403646e-05  5.00000000e+00 
 1.15700059e-05  3.06412465e+00  1.15700059e-05 -3.06381821e-04  1.15700059e-05  5.00000000e+00 
 1.15996472e-05  3.06412465e+00  1.15996472e-05 -3.06443008e-04  1.15996472e-05  5.00000000e+00 
 1.16292886e-05  3.06412465e+00  1.16292886e-05 -3.06382156e-04  1.16292886e-05  5.00000000e+00 
 1.16589299e-05  3.06412465e+00  1.16589299e-05 -3.06442675e-04  1.16589299e-05  5.00000000e+00 
 1.16885712e-05  3.06412465e+00  1.16885712e-05 -3.06382487e-04  1.16885712e-05  5.00000000e+00 
 1.17182126e-05  3.06412465e+00  1.17182126e-05 -3.06442346e-04  1.17182126e-05  5.00000000e+00 
 1.17478539e-05  3.06412465e+00  1.17478539e-05 -3.06382815e-04  1.17478539e-05  5.00000000e+00 
 1.17774953e-05  3.06412465e+00  1.17774953e-05 -3.06442020e-04  1.17774953e-05  5.00000000e+00 
 1.18071366e-05  3.06412465e+00  1.18071366e-05 -3.06383139e-04  1.18071366e-05  5.00000000e+00 
 1.18367779e-05  3.06412465e+00  1.18367779e-05 -3.06441697e-04  1.18367779e-05  5.00000000e+00 
 1.18664193e-05  3.06412465e+00  1.18664193e-05 -3.06383460e-04  1.18664193e-05  5.00000000e+00 
 1.18960606e-05  3.06412465e+00  1.18960606e-05 -3.06441378e-04  1.18960606e-05  5.00000000e+00 
 1.19257019e-05  3.06412465e+00  1.19257019e-05 -3.06383778e-04  1.19257019e-05  5.00000000e+00 
 1.19553433e-05  3.06412465e+00  1.19553433e-05 -3.06441062e-04  1.19553433e-05  5.00000000e+00 
 1.19849846e-05  3.06412465e+00  1.19849846e-05 -3.06384092e-04  1.19849846e-05  5.00000000e+00 
 1.20146260e-05  3.06412465e+00  1.20146260e-05 -3.06440750e-04  1.20146260e-05  5.00000000e+00 
 1.20442673e-05  3.06412465e+00  1.20442673e-05 -3.06384403e-04  1.20442673e-05  5.00000000e+00 
 1.20739086e-05  3.06412465e+00  1.20739086e-05 -3.06440441e-04  1.20739086e-05  5.00000000e+00 
 1.21035500e-05  3.06412465e+00  1.21035500e-05 -3.06384710e-04  1.21035500e-05  5.00000000e+00 
 1.21331913e-05  3.06412465e+00  1.21331913e-05 -3.06440135e-04  1.21331913e-05  5.00000000e+00 
 1.21628326e-05  3.06412465e+00  1.21628326e-05 -3.06385014e-04  1.21628326e-05  5.00000000e+00 
 1.21924740e-05  3.06412465e+00  1.21924740e-05 -3.06439832e-04  1.21924740e-05  5.00000000e+00 
 1.22221153e-05  3.06412465e+00  1.22221153e-05 -3.06385315e-04  1.22221153e-05  5.00000000e+00 
 1.22517567e-05  3.06412465e+00  1.22517567e-05 -3.06439533e-04  1.22517567e-05  5.00000000e+00 
 1.22813980e-05  3.06412465e+00  1.22813980e-05 -3.06385613e-04  1.22813980e-05  5.00000000e+00 
 1.23110393e-05  3.06412465e+00  1.23110393e-05 -3.06439237e-04  1.23110393e-05  5.00000000e+00 
 1.23406807e-05  3.06412465e+00  1.23406807e-05 -3.06385908e-04  1.23406807e-05  5.00000000e+00 
 1.23703220e-05  3.06412465e+00  1.23703220e-05 -3.06438944e-04  1.23703220e-05  5.00000000e+00 
 1.23999633e-05  3.06412465e+00  1.23999633e-05 -3.06386199e-04  1.23999633e-05  5.00000000e+00 
 1.24296047e-05  3.06412465e+00  1.24296047e-05 -3.06438654e-04  1.24296047e-05  5.00000000e+00 
 1.24592460e-05  3.06412465e+00  1.24592460e-05 -3.06386488e-04  1.24592460e-05  5.00000000e+00 
 1.24888874e-05  3.06412465e+00  1.24888874e-05 -3.06438367e-04  1.24888874e-05  5.00000000e+00 
 1.25185287e-05  3.06412465e+00  1.25185287e-05 -3.06386773e-04  1.25185287e-05  5.00000000e+00 
 1.25481700e-05  3.06412465e+00  1.25481700e-05 -3.06438083e-04  1.25481700e-05  5.00000000e+00 
 1.25778114e-05  3.06412466e+00  1.25778114e-05 -3.06387055e-04  1.25778114e-05  5.00000000e+00 
 1.26074527e-05  3.06412465e+00  1.26074527e-05 -3.06437802e-04  1.26074527e-05  5.00000000e+00 
 1.26370940e-05  3.06412466e+00  1.26370940e-05 -3.06387334e-04  1.26370940e-05  5.00000000e+00 
 1.26667354e-05  3.06412465e+00  1.26667354e-05 -3.06437525e-04  1.26667354e-05  5.00000000e+00 
 1.26963767e-05  3.06412466e+00  1.26963767e-05 -3.06387611e-04  1.26963767e-05  5.00000000e+00 
 1.27260181e-05  3.06412465e+00  1.27260181e-05 -3.06437250e-04  1.27260181e-05  5.00000000e+00 
 1.27556594e-05  3.06412466e+00  1.27556594e-05 -3.06387884e-04  1.27556594e-05  5.00000000e+00 
 1.27853007e-05  3.06412465e+00  1.27853007e-05 -3.06436978e-04  1.27853007e-05  5.00000000e+00 
 1.28149421e-05  3.06412466e+00  1.28149421e-05 -3.06388154e-04  1.28149421e-05  5.00000000e+00 
 1.28445834e-05  3.06412465e+00  1.28445834e-05 -3.06436709e-04  1.28445834e-05  5.00000000e+00 
 1.28742247e-05  3.06412466e+00  1.28742247e-05 -3.06388422e-04  1.28742247e-05  5.00000000e+00 
 1.29038661e-05  3.06412465e+00  1.29038661e-05 -3.06436443e-04  1.29038661e-05  5.00000000e+00 
 1.29335074e-05  3.06412466e+00  1.29335074e-05 -3.06388686e-04  1.29335074e-05  5.00000000e+00 
 1.29631488e-05  3.06412465e+00  1.29631488e-05 -3.06436180e-04  1.29631488e-05  5.00000000e+00 
 1.29927901e-05  3.06412466e+00  1.29927901e-05 -3.06388948e-04  1.29927901e-05  5.00000000e+00 
 1.30224314e-05  3.06412465e+00  1.30224314e-05 -3.06435919e-04  1.30224314e-05  5.00000000e+00 
 1.30520728e-05  3.06412466e+00  1.30520728e-05 -3.06389207e-04  1.30520728e-05  5.00000000e+00 
 1.30817141e-05  3.06412465e+00  1.30817141e-05 -3.06435662e-04  1.30817141e-05  5.00000000e+00 
 1.31113555e-05  3.06412466e+00  1.31113555e-05 -3.06389464e-04  1.31113555e-05  5.00000000e+00 
 1.31409968e-05  3.06412465e+00  1.31409968e-05 -3.06435407e-04  1.31409968e-05  5.00000000e+00 
 1.31706381e-05  3.06412466e+00  1.31706381e-05 -3.06389717e-04  1.31706381e-05  5.00000000e+00 
 1.32002795e-05  3.06412465e+00  1.32002795e-05 -3.06435155e-04  1.32002795e-05  5.00000000e+00 
 1.32299208e-05  3.06412466e+00  1.32299208e-05 -3.06389968e-04  1.32299208e-05  5.00000000e+00 
 1.32595621e-05  3.06412465e+00  1.32595621e-05 -3.06434905e-04  1.32595621e-05  5.00000000e+00 
 1.32892035e-05  3.06412466e+00  1.32892035e-05 -3.06390216e-04  1.32892035e-05  5.00000000e+00 
 1.33188448e-05  3.06412465e+00  1.33188448e-05 -3.06434659e-04  1.33188448e-05  5.00000000e+00 
 1.33484862e-05  3.06412466e+00  1.33484862e-05 -3.06390461e-04  1.33484862e-05  5.00000000e+00 
 1.33781275e-05  3.06412465e+00  1.33781275e-05 -3.06434414e-04  1.33781275e-05  5.00000000e+00 
 1.34077688e-05  3.06412466e+00  1.34077688e-05 -3.06390704e-04  1.34077688e-05  5.00000000e+00 
 1.34374102e-05  3.06412465e+00  1.34374102e-05 -3.06434173e-04  1.34374102e-05  5.00000000e+00 
 1.34670515e-05  3.06412466e+00  1.34670515e-05 -3.06390945e-04  1.34670515e-05  5.00000000e+00 
 1.34966928e-05  3.06412465e+00  1.34966928e-05 -3.06433934e-04  1.34966928e-05  5.00000000e+00 
 1.35263342e-05  3.06412466e+00  1.35263342e-05 -3.06391182e-04  1.35263342e-05  5.00000000e+00 
 1.35559755e-05  3.06412465e+00  1.35559755e-05 -3.06433698e-04  1.35559755e-05  5.00000000e+00 
 1.35856169e-05  3.06412466e+00  1.35856169e-05 -3.06391417e-04  1.35856169e-05  5.00000000e+00 
 1.36152582e-05  3.06412465e+00  1.36152582e-05 -3.06433464e-04  1.36152582e-05  5.00000000e+00 
 1.36448995e-05  3.06412466e+00  1.36448995e-05 -3.06391650e-04  1.36448995e-05  5.00000000e+00 
 1.36745409e-05  3.06412465e+00  1.36745409e-05 -3.06433232e-04  1.36745409e-05  5.00000000e+00 
 1.37041822e-05  3.06412466e+00  1.37041822e-05 -3.06391880e-04  1.37041822e-05  5.00000000e+00 
 1.37338235e-05  3.06412465e+00  1.37338235e-05 -3.06433004e-04  1.37338235e-05  5.00000000e+00 
 1.37634649e-05  3.06412466e+00  1.37634649e-05 -3.06392108e-04  1.37634649e-05  5.00000000e+00 
 1.37931062e-05  3.06412465e+00  1.37931062e-05 -3.06432777e-04  1.37931062e-05  5.00000000e+00 
 1.38227476e-05  3.06412466e+00  1.38227476e-05 -3.06392333e-04  1.38227476e-05  5.00000000e+00 
 1.38523889e-05  3.06412465e+00  1.38523889e-05 -3.06432553e-04  1.38523889e-05  5.00000000e+00 
 1.38820302e-05  3.06412466e+00  1.38820302e-05 -3.06392556e-04  1.38820302e-05  5.00000000e+00 
 1.39116716e-05  3.06412465e+00  1.39116716e-05 -3.06432332e-04  1.39116716e-05  5.00000000e+00 
 1.39413129e-05  3.06412466e+00  1.39413129e-05 -3.06392776e-04  1.39413129e-05  5.00000000e+00 
 1.39709542e-05  3.06412465e+00  1.39709542e-05 -3.06432112e-04  1.39709542e-05  5.00000000e+00 
 1.40005956e-05  3.06412466e+00  1.40005956e-05 -3.06392994e-04  1.40005956e-05  5.00000000e+00 
 1.40302369e-05  3.06412465e+00  1.40302369e-05 -3.06431896e-04  1.40302369e-05  5.00000000e+00 
 1.40598783e-05  3.06412466e+00  1.40598783e-05 -3.06393210e-04  1.40598783e-05  5.00000000e+00 
 1.40895196e-05  3.06412465e+00  1.40895196e-05 -3.06431681e-04  1.40895196e-05  5.00000000e+00 
 1.41191609e-05  3.06412466e+00  1.41191609e-05 -3.06393423e-04  1.41191609e-05  5.00000000e+00 
 1.41488023e-05  3.06412465e+00  1.41488023e-05 -3.06431469e-04  1.41488023e-05  5.00000000e+00 
 1.41784436e-05  3.06412466e+00  1.41784436e-05 -3.06393634e-04  1.41784436e-05  5.00000000e+00 
 1.42080849e-05  3.06412465e+00  1.42080849e-05 -3.06431259e-04  1.42080849e-05  5.00000000e+00 
 1.42377263e-05  3.06412466e+00  1.42377263e-05 -3.06393843e-04  1.42377263e-05  5.00000000e+00 
 1.42673676e-05  3.06412465e+00  1.42673676e-05 -3.06431051e-04  1.42673676e-05  5.00000000e+00 
 1.42970090e-05  3.06412466e+00  1.42970090e-05 -3.06394049e-04  1.42970090e-05  5.00000000e+00 
 1.43266503e-05  3.06412465e+00  1.43266503e-05 -3.06430846e-04  1.43266503e-05  5.00000000e+00 
 1.43562916e-05  3.06412466e+00  1.43562916e-05 -3.06394254e-04  1.43562916e-05  5.00000000e+00 
 1.43859330e-05  3.06412465e+00  1.43859330e-05 -3.06430643e-04  1.43859330e-05  5.00000000e+00 
 1.44155743e-05  3.06412466e+00  1.44155743e-05 -3.06394456e-04  1.44155743e-05  5.00000000e+00 
 1.44452156e-05  3.06412465e+00  1.44452156e-05 -3.06430442e-04  1.44452156e-05  5.00000000e+00 
 1.44748570e-05  3.06412466e+00  1.44748570e-05 -3.06394656e-04  1.44748570e-05  5.00000000e+00 
 1.45044983e-05  3.06412465e+00  1.45044983e-05 -3.06430243e-04  1.45044983e-05  5.00000000e+00 
 1.45341397e-05  3.06412466e+00  1.45341397e-05 -3.06394854e-04  1.45341397e-05  5.00000000e+00 
 1.45637810e-05  3.06412465e+00  1.45637810e-05 -3.06430046e-04  1.45637810e-05  5.00000000e+00 
 1.45934223e-05  3.06412466e+00  1.45934223e-05 -3.06395049e-04  1.45934223e-05  5.00000000e+00 
 1.46230637e-05  3.06412465e+00  1.46230637e-05 -3.06429851e-04  1.46230637e-05  5.00000000e+00 
 1.46527050e-05  3.06412466e+00  1.46527050e-05 -3.06395243e-04  1.46527050e-05  5.00000000e+00 
 1.46823464e-05  3.06412465e+00  1.46823464e-05 -3.06429659e-04  1.46823464e-05  5.00000000e+00 
 1.47119877e-05  3.06412466e+00  1.47119877e-05 -3.06395434e-04  1.47119877e-05  5.00000000e+00 
 1.47416290e-05  3.06412465e+00  1.47416290e-05 -3.06429468e-04  1.47416290e-05  5.00000000e+00 
 1.47712704e-05  3.06412466e+00  1.47712704e-05 -3.06395624e-04  1.47712704e-05  5.00000000e+00 
 1.47959696e-05  3.06412465e+00  1.47959696e-05 -3.06429261e-04  1.47959696e-05  5.00000000e+00 
 1.48206689e-05  3.06412466e+00  1.48206689e-05 -3.06395848e-04  1.48206689e-05  5.00000000e+00 
 1.48220711e-05  3.06356510e+00  1.48220711e-05 -2.67676382e-04  1.48220711e-05  4.97634733e+00 
 1.48248754e-05  3.06132853e+00  1.48248754e-05 -1.88121394e-04  1.48248754e-05  4.92904200e+00 
 1.48298750e-05  3.05288518e+00  1.48298750e-05 -8.81649371e-05  1.48298750e-05  4.84470743e+00 
 1.48349882e-05  3.04040484e+00  1.48349882e-05 -3.51356066e-05  1.48349882e-05  4.75845661e+00 
 1.48409402e-05  3.02364971e+00  1.48409402e-05 -9.68149264e-06  1.48409402e-05  4.65805575e+00 
 1.48450020e-05  3.01165167e+00  1.48450020e-05 -3.95086967e-06  1.48450020e-05  4.58954009e+00 
 1.48492160e-05  2.99908403e+00  1.48492160e-05 -1.42004340e-06  1.48492160e-05  4.51845825e+00 
 1.48549027e-05  2.98211254e+00  1.48549027e-05 -5.42656802e-07  1.48549027e-05  4.42253171e+00 
 1.48619682e-05  2.96111792e+00  1.48619682e-05 -2.20270011e-07  1.48619682e-05  4.30334949e+00 
 1.48760991e-05  2.91955399e+00  1.48760991e-05 -2.94909830e-07  1.48760991e-05  4.06498504e+00 
 1.48988324e-05  2.85390179e+00  1.48988324e-05 -1.94962149e-07  1.48988324e-05  3.68151221e+00 
 1.49284737e-05  2.77050832e+00  1.49284737e-05 -2.94721067e-07  1.49284737e-05  3.18151221e+00 
 1.49581150e-05  2.68954899e+00  1.49581150e-05 -1.94962095e-07  1.49581150e-05  2.68151221e+00 
 1.49877564e-05  2.61095395e+00  1.49877564e-05 -2.94721067e-07  1.49877564e-05  2.18151221e+00 
 1.50173977e-05  2.53465296e+00  1.50173977e-05 -1.94962095e-07  1.50173977e-05  1.68151221e+00 
 1.50470390e-05  2.46058025e+00  1.50470390e-05 -2.94721067e-07  1.50470390e-05  1.18151221e+00 
 1.50766804e-05  2.38866955e+00  1.50766804e-05 -1.94962095e-07  1.50766804e-05  6.81512205e-01 
 1.50968813e-05  2.34087066e+00  1.50968813e-05 -2.94721067e-07  1.50968813e-05  3.40756103e-01 
 1.51170822e-05  2.29402666e+00  1.51170822e-05 -1.94962095e-07  1.51170822e-05  0.00000000e+00 
 1.51200464e-05  2.28725005e+00  1.51200464e-05 -2.40200000e-11  1.51200464e-05  0.00000000e+00 
 1.51236702e-05  2.27898001e+00  1.51236702e-05 -2.40200000e-11  1.51236702e-05  0.00000000e+00 
 1.51260804e-05  2.27349614e+00  1.51260804e-05 -2.40200000e-11  1.51260804e-05  0.00000000e+00 
 1.51283561e-05  2.26833053e+00  1.51283561e-05 -2.40200000e-11  1.51283561e-05  0.00000000e+00 
 1.51329075e-05  2.25803446e+00  1.51329075e-05 -2.40200000e-11  1.51329075e-05  0.00000000e+00 
 1.51384510e-05  2.24555708e+00  1.51384510e-05 -2.40200000e-11  1.51384510e-05  0.00000000e+00 
 1.51482914e-05  2.22357758e+00  1.51482914e-05 -2.40200000e-11  1.51482914e-05  0.00000000e+00 
 1.51679722e-05  2.18026086e+00  1.51679722e-05 -2.40200000e-11  1.51679722e-05  0.00000000e+00 
 1.51976135e-05  2.11660612e+00  1.51976135e-05 -2.40200000e-11  1.51976135e-05  0.00000000e+00 
 1.52272549e-05  2.05480986e+00  1.52272549e-05 -2.40200000e-11  1.52272549e-05  0.00000000e+00 
 1.52568962e-05  1.99481778e+00  1.52568962e-05 -2.40200000e-11  1.52568962e-05  0.00000000e+00 
 1.52865376e-05  1.93657724e+00  1.52865376e-05 -2.40200000e-11  1.52865376e-05  0.00000000e+00 
 1.53161789e-05  1.88003707e+00  1.53161789e-05 -2.40200000e-11  1.53161789e-05  0.00000000e+00 
 1.53458202e-05  1.82514766e+00  1.53458202e-05 -2.40200000e-11  1.53458202e-05  0.00000000e+00 
 1.53754616e-05  1.77186078e+00  1.53754616e-05 -2.40200000e-11  1.53754616e-05  0.00000000e+00 
 1.54051029e-05  1.72012968e+00  1.54051029e-05 -2.40200000e-11  1.54051029e-05  0.00000000e+00 
 1.54347442e-05  1.66990890e+00  1.54347442e-05 -2.40200000e-11  1.54347442e-05  0.00000000e+00 
 1.54643856e-05  1.62115437e+00  1.54643856e-05 -2.40200000e-11  1.54643856e-05  0.00000000e+00 
 1.54940269e-05  1.57382327e+00  1.54940269e-05 -2.40200000e-11  1.54940269e-05  0.00000000e+00 
 1.55236683e-05  1.52787405e+00  1.55236683e-05 -2.40200000e-11  1.55236683e-05  0.00000000e+00 
 1.55533096e-05  1.48326635e+00  1.55533096e-05 -2.40200000e-11  1.55533096e-05  0.00000000e+00 
 1.55829509e-05  1.43996103e+00  1.55829509e-05 -2.40200000e-11  1.55829509e-05  0.00000000e+00 
 1.56125923e-05  1.39792003e+00  1.56125923e-05 -2.40200000e-11  1.56125923e-05  0.00000000e+00 
 1.56422336e-05  1.35710647e+00  1.56422336e-05 -2.40200000e-11  1.56422336e-05  0.00000000e+00 
 1.56718750e-05  1.31748448e+00  1.56718750e-05 -2.40200000e-11  1.56718750e-05  0.00000000e+00 
 1.57015163e-05  1.27901931e+00  1.57015163e-05 -2.40200000e-11  1.57015163e-05  0.00000000e+00 
 1.57311576e-05  1.24167716e+00  1.57311576e-05 -2.40200000e-11  1.57311576e-05  0.00000000e+00 
 1.57607990e-05  1.20542525e+00  1.57607990e-05 -2.40200000e-11  1.57607990e-05  0.00000000e+00 
 1.57904403e-05  1.17023174e+00  1.57904403e-05 -2.40200000e-11  1.57904403e-05  0.00000000e+00 
 1.58200816e-05  1.13606575e+00  1.58200816e-05 -2.40200000e-11  1.58200816e-05  0.00000000e+00 
 1.58497230e-05  1.10289726e+00  1.58497230e-05 -2.40200000e-11  1.58497230e-05  0.00000000e+00 
 1.58793643e-05  1.07069716e+00  1.58793643e-05 -2.40200000e-11  1.58793643e-05  0.00000000e+00 
 1.59090057e-05  1.03943716e+00  1.59090057e-05 -2.40200000e-11  1.59090057e-05  0.00000000e+00 
 1.59386470e-05  1.00908984e+00  1.59386470e-05 -2.40200000e-11  1.59386470e-05  0.00000000e+00 
 1.59682883e-05  9.79628522e-01  1.59682883e-05 -2.40200000e-11  1.59682883e-05  0.00000000e+00 
 1.59979297e-05  9.51027371e-01  1.59979297e-05 -2.40200000e-11  1.59979297e-05  0.00000000e+00 
 1.60275710e-05  9.23261240e-01  1.60275710e-05 -2.40200000e-11  1.60275710e-05  0.00000000e+00 
 1.60572123e-05  8.96305784e-01  1.60572123e-05 -2.40200000e-11  1.60572123e-05  0.00000000e+00 
 1.60868537e-05  8.70137300e-01  1.60868537e-05 -2.40200000e-11  1.60868537e-05  0.00000000e+00 
 1.61164950e-05  8.44732847e-01  1.61164950e-05 -2.40200000e-11  1.61164950e-05  0.00000000e+00 
 1.61461364e-05  8.20070083e-01  1.61461364e-05 -2.40200000e-11  1.61461364e-05  0.00000000e+00 
 1.61757777e-05  7.96127388e-01  1.61757777e-05 -2.40200000e-11  1.61757777e-05  0.00000000e+00 
 1.62054190e-05  7.72883705e-01  1.62054190e-05 -2.40200000e-11  1.62054190e-05  0.00000000e+00 
 1.62350604e-05  7.50318660e-01  1.62350604e-05 -2.40200000e-11  1.62350604e-05  0.00000000e+00 
 1.62647017e-05  7.28412405e-01  1.62647017e-05 -2.40200000e-11  1.62647017e-05  0.00000000e+00 
 1.62943430e-05  7.07145741e-01  1.62943430e-05 -2.40200000e-11  1.62943430e-05  0.00000000e+00 
 1.63239844e-05  6.86499959e-01  1.63239844e-05 -2.40200000e-11  1.63239844e-05  0.00000000e+00 
 1.63536257e-05  6.66456968e-01  1.63536257e-05 -2.40200000e-11  1.63536257e-05  0.00000000e+00 
 1.63832671e-05  6.46999132e-01  1.63832671e-05 -2.40200000e-11  1.63832671e-05  0.00000000e+00 
 1.64129084e-05  6.28109404e-01  1.64129084e-05 -2.40200000e-11  1.64129084e-05  0.00000000e+00 
 1.64425497e-05  6.09771161e-01  1.64425497e-05 -2.40200000e-11  1.64425497e-05  0.00000000e+00 
 1.64721911e-05  5.91968338e-01  1.64721911e-05 -2.40200000e-11  1.64721911e-05  0.00000000e+00 
 1.65018324e-05  5.74685266e-01  1.65018324e-05 -2.40200000e-11  1.65018324e-05  0.00000000e+00 
 1.65314737e-05  5.57906808e-01  1.65314737e-05 -2.40200000e-11  1.65314737e-05  0.00000000e+00 
 1.65611151e-05  5.41618195e-01  1.65611151e-05 -2.40200000e-11  1.65611151e-05  0.00000000e+00 
 1.65907564e-05  5.25805160e-01  1.65907564e-05 -2.40200000e-11  1.65907564e-05  0.00000000e+00 
 1.66203978e-05  5.10453784e-01  1.66203978e-05 -2.40200000e-11  1.66203978e-05  0.00000000e+00 
 1.66500391e-05  4.95550623e-01  1.66500391e-05 -2.40200000e-11  1.66500391e-05  0.00000000e+00 
 1.66796804e-05  4.81082556e-01  1.66796804e-05 -2.40200000e-11  1.66796804e-05  0.00000000e+00 
 1.67093218e-05  4.67036916e-01  1.67093218e-05 -2.40200000e-11  1.67093218e-05  0.00000000e+00 
 1.67389631e-05  4.53401333e-01  1.67389631e-05 -2.40200000e-11  1.67389631e-05  0.00000000e+00 
 1.67686044e-05  4.40163871e-01  1.67686044e-05 -2.40200000e-11  1.67686044e-05  0.00000000e+00 
 1.67982458e-05  4.27312871e-01  1.67982458e-05 -2.40200000e-11  1.67982458e-05  0.00000000e+00 
 1.68278871e-05  4.14837086e-01  1.68278871e-05 -2.40200000e-11  1.68278871e-05  0.00000000e+00 
 1.68575285e-05  4.02725525e-01  1.68575285e-05 -2.40200001e-11  1.68575285e-05  0.00000000e+00 
 1.68871698e-05  3.90967591e-01  1.68871698e-05 -2.40200001e-11  1.68871698e-05  0.00000000e+00 
 1.69168111e-05  3.79552922e-01  1.69168111e-05 -2.40200002e-11  1.69168111e-05  0.00000000e+00 
 1.69464525e-05  3.68471533e-01  1.69464525e-05 -2.40200002e-11  1.69464525e-05  0.00000000e+00 
 1.69760938e-05  3.57713657e-01  1.69760938e-05 -2.40200004e-11  1.69760938e-05  0.00000000e+00 
 1.70057351e-05  3.47269885e-01  1.70057351e-05 -2.40200005e-11  1.70057351e-05  0.00000000e+00 
 1.70353765e-05  3.37131012e-01  1.70353765e-05 -2.40200008e-11  1.70353765e-05  0.00000000e+00 
 1.70650178e-05  3.27288169e-01  1.70650178e-05 -2.40200012e-11  1.70650178e-05  0.00000000e+00 
 1.70946592e-05  3.17732680e-01  1.70946592e-05 -2.40200018e-11  1.70946592e-05  0.00000000e+00 
 1.71243005e-05  3.08456190e-01  1.71243005e-05 -2.40200025e-11  1.71243005e-05  0.00000000e+00 
 1.71539418e-05  2.99450518e-01  1.71539418e-05 -2.40200036e-11  1.71539418e-05  0.00000000e+00 
 1.71835832e-05  2.90707792e-01  1.71835832e-05 -2.40200051e-11  1.71835832e-05  0.00000000e+00 
 1.72132245e-05  2.82220301e-01  1.72132245e-05 -2.40200072e-11  1.72132245e-05  0.00000000e+00 
 1.72428659e-05  2.73980627e-01  1.72428659e-05 -2.40200099e-11  1.72428659e-05  0.00000000e+00 
 1.72725072e-05  2.65981501e-01  1.72725072e-05 -2.40200137e-11  1.72725072e-05  0.00000000e+00 
 1.73021485e-05  2.58215934e-01  1.73021485e-05 -2.40200186e-11  1.73021485e-05  0.00000000e+00 
 1.73317899e-05  2.50677073e-01  1.73317899e-05 -2.40200251e-11  1.73317899e-05  0.00000000e+00 
 1.73614312e-05  2.43358333e-01  1.73614312e-05 -2.40200335e-11  1.73614312e-05  0.00000000e+00 
 1.73910725e-05  2.36253253e-01  1.73910725e-05 -2.40200445e-11  1.73910725e-05  0.00000000e+00 
 1.74207139e-05  2.29355629e-01  1.74207139e-05 -2.40200586e-11  1.74207139e-05  0.00000000e+00 
 1.74503552e-05  2.22659371e-01  1.74503552e-05 -2.40200765e-11  1.74503552e-05  0.00000000e+00 
 1.74799966e-05  2.16158634e-01  1.74799966e-05 -2.40200991e-11  1.74799966e-05  0.00000000e+00 
 1.75096379e-05  2.09847674e-01  1.75096379e-05 -2.40201275e-11  1.75096379e-05  0.00000000e+00 
 1.75392792e-05  2.03720986e-01  1.75392792e-05 -2.40201629e-11  1.75392792e-05  0.00000000e+00 
 1.75689206e-05  1.97773155e-01  1.75689206e-05 -2.40202064e-11  1.75689206e-05  0.00000000e+00 
 1.75985619e-05  1.91998994e-01  1.75985619e-05 -2.40202602e-11  1.75985619e-05  0.00000000e+00 
 1.76282032e-05  1.86393397e-01  1.76282032e-05 -2.40203254e-11  1.76282032e-05  0.00000000e+00 
 1.76578446e-05  1.80951478e-01  1.76578446e-05 -2.40204048e-11  1.76578446e-05  0.00000000e+00 
 1.76874859e-05  1.75668425e-01  1.76874859e-05 -2.40204997e-11  1.76874859e-05  0.00000000e+00 
 1.77171273e-05  1.70539631e-01  1.77171273e-05 -2.40206141e-11  1.77171273e-05  0.00000000e+00 
 1.77467686e-05  1.65560561e-01  1.77467686e-05 -2.40207491e-11  1.77467686e-05  0.00000000e+00 
 1.77764099e-05  1.60726875e-01  1.77764099e-05 -2.40209099e-11  1.77764099e-05  0.00000000e+00 
 1.78060513e-05  1.56034298e-01  1.78060513e-05 -2.40210974e-11  1.78060513e-05  0.00000000e+00 
 1.78356926e-05  1.51478740e-01  1.78356926e-05 -2.40213184e-11  1.78356926e-05  0.00000000e+00 
 1.78653339e-05  1.47056170e-01  1.78653339e-05 -2.40215732e-11  1.78653339e-05  0.00000000e+00 
 1.78949753e-05  1.42762738e-01  1.78949753e-05 -2.40218704e-11  1.78949753e-05  0.00000000e+00 
 1.79246166e-05  1.38594640e-01  1.79246166e-05 -2.40222094e-11  1.79246166e-05  0.00000000e+00 
 1.79542580e-05  1.34548249e-01  1.79542580e-05 -2.40226012e-11  1.79542580e-05  0.00000000e+00 
 1.79838993e-05  1.30619981e-01  1.79838993e-05 -2.40230436e-11  1.79838993e-05  0.00000000e+00 
 1.80135406e-05  1.26806418e-01  1.80135406e-05 -2.40235502e-11  1.80135406e-05  0.00000000e+00 
 1.80431820e-05  1.23104179e-01  1.80431820e-05 -2.40241167e-11  1.80431820e-05  0.00000000e+00 
 1.80728233e-05  1.19510047e-01  1.80728233e-05 -2.40247602e-11  1.80728233e-05  0.00000000e+00 
 1.81024646e-05  1.16020833e-01  1.81024646e-05 -2.40254731e-11  1.81024646e-05  0.00000000e+00 
 1.81321060e-05  1.12633505e-01  1.81321060e-05 -2.40262766e-11  1.81321060e-05  0.00000000e+00 
 1.81617473e-05  1.09345058e-01  1.81617473e-05 -2.40271590e-11  1.81617473e-05  0.00000000e+00 
 1.81913887e-05  1.06152636e-01  1.81913887e-05 -2.40281463e-11  1.81913887e-05  0.00000000e+00 
 1.82210300e-05  1.03053404e-01  1.82210300e-05 -2.40292217e-11  1.82210300e-05  0.00000000e+00 
 1.82506713e-05  1.00044673e-01  1.82506713e-05 -2.40304166e-11  1.82506713e-05  0.00000000e+00 
 1.82803127e-05  9.71237682e-02  1.82803127e-05 -2.40317080e-11  1.82803127e-05  0.00000000e+00 
 1.83099540e-05  9.42881578e-02  1.83099540e-05 -2.40331336e-11  1.83099540e-05  0.00000000e+00 
 1.83395953e-05  9.15353203e-02  1.83395953e-05 -2.40346630e-11  1.83395953e-05  0.00000000e+00 
 1.83692367e-05  8.88628696e-02  1.83692367e-05 -2.40363411e-11  1.83692367e-05  0.00000000e+00 
 1.83988780e-05  8.62684285e-02  1.83988780e-05 -2.40381287e-11  1.83988780e-05  0.00000000e+00 
 1.84285194e-05  8.37497496e-02  1.84285194e-05 -2.40400791e-11  1.84285194e-05  0.00000000e+00 
 1.84581607e-05  8.13045908e-02  1.84581607e-05 -2.40421429e-11  1.84581607e-05  0.00000000e+00 
 1.84878020e-05  7.89308356e-02  1.84878020e-05 -2.40443829e-11  1.84878020e-05  0.00000000e+00 
 1.85174434e-05  7.66263695e-02  1.85174434e-05 -2.40467379e-11  1.85174434e-05  0.00000000e+00 
 1.85470847e-05  7.43891993e-02  1.85470847e-05 -2.40492814e-11  1.85470847e-05  0.00000000e+00 
 1.85767261e-05  7.22173306e-02  1.85767261e-05 -2.40519394e-11  1.85767261e-05  0.00000000e+00 
 1.86063674e-05  7.01088862e-02  1.86063674e-05 -2.40547970e-11  1.86063674e-05  0.00000000e+00 
 1.86360087e-05  6.80619852e-02  1.86360087e-05 -2.40577659e-11  1.86360087e-05  0.00000000e+00 
 1.86656501e-05  6.60748599e-02  1.86656501e-05 -2.40609443e-11  1.86656501e-05  0.00000000e+00 
 1.86952914e-05  6.41457362e-02  1.86952914e-05 -2.40642283e-11  1.86952914e-05  0.00000000e+00 
 1.87249327e-05  6.22729493e-02  1.87249327e-05 -2.40677302e-11  1.87249327e-05  0.00000000e+00 
 1.87545741e-05  6.04548260e-02  1.87545741e-05 -2.40713294e-11  1.87545741e-05  0.00000000e+00 
 1.87842154e-05  5.86897985e-02  1.87842154e-05 -2.40751533e-11  1.87842154e-05  0.00000000e+00 
 1.88138568e-05  5.69762886e-02  1.88138568e-05 -2.40790637e-11  1.88138568e-05  0.00000000e+00 
 1.88434981e-05  5.53128202e-02  1.88434981e-05 -2.40832044e-11  1.88434981e-05  0.00000000e+00 
 1.88731394e-05  5.36979045e-02  1.88731394e-05 -2.40874183e-11  1.88731394e-05  0.00000000e+00 
 1.89027808e-05  5.21301513e-02  1.89027808e-05 -2.40918664e-11  1.89027808e-05  0.00000000e+00 
 1.89324221e-05  5.06081567e-02  1.89324221e-05 -2.40963724e-11  1.89324221e-05  0.00000000e+00 
 1.89620634e-05  4.91306115e-02  1.89620634e-05 -2.41011152e-11  1.89620634e-05  0.00000000e+00 
 1.89917048e-05  4.76961913e-02  1.89917048e-05 -2.41058985e-11  1.89917048e-05  0.00000000e+00 
 1.90213461e-05  4.63036635e-02  1.90213461e-05 -2.41109200e-11  1.90213461e-05  0.00000000e+00 
 1.90509875e-05  4.49517788e-02  1.90509875e-05 -2.41159629e-11  1.90509875e-05  0.00000000e+00 
 1.90806288e-05  4.36393766e-02  1.90806288e-05 -2.41212442e-11  1.90806288e-05  0.00000000e+00 
 1.91102701e-05  4.23652783e-02  1.91102701e-05 -2.41265266e-11  1.91102701e-05  0.00000000e+00 
 1.91399115e-05  4.11283912e-02  1.91399115e-05 -2.41320463e-11  1.91399115e-05  0.00000000e+00 
 1.91695528e-05  3.99276036e-02  1.91695528e-05 -2.41375458e-11  1.91695528e-05  0.00000000e+00 
 1.91991941e-05  3.87618866e-02  1.91991941e-05 -2.41432809e-11  1.91991941e-05  0.00000000e+00 
 1.92288355e-05  3.76301913e-02  1.92288355e-05 -2.41489735e-11  1.92288355e-05  0.00000000e+00 
 1.92584768e-05  3.65315493e-02  1.92584768e-05 -2.41548992e-11  1.92584768e-05  0.00000000e+00 
 1.92881182e-05  3.54649709e-02  1.92881182e-05 -2.41607598e-11  1.92881182e-05  0.00000000e+00 
 1.93177595e-05  3.44295444e-02  1.93177595e-05 -2.41668504e-11  1.93177595e-05  0.00000000e+00 
 1.93474008e-05  3.34243361e-02  1.93474008e-05 -2.41728533e-11  1.93474008e-05  0.00000000e+00 
 1.93770422e-05  3.24484877e-02  1.93770422e-05 -2.41790824e-11  1.93770422e-05  0.00000000e+00 
 1.94066835e-05  3.15011183e-02  1.94066835e-05 -2.41852014e-11  1.94066835e-05  0.00000000e+00 
 1.94363248e-05  3.05814199e-02  1.94363248e-05 -2.41915426e-11  1.94363248e-05  0.00000000e+00 
 1.94659662e-05  2.96885614e-02  1.94659662e-05 -2.41977517e-11  1.94659662e-05  0.00000000e+00 
 1.94956075e-05  2.88217821e-02  1.94956075e-05 -2.42041785e-11  1.94956075e-05  0.00000000e+00 
 1.95252489e-05  2.79802980e-02  1.95252489e-05 -2.42104522e-11  1.95252489e-05  0.00000000e+00 
 1.95548902e-05  2.71633929e-02  1.95548902e-05 -2.42169389e-11  1.95548902e-05  0.00000000e+00 
 1.95845315e-05  2.63703271e-02  1.95845315e-05 -2.42232523e-11  1.95845315e-05  0.00000000e+00 
 1.96141729e-05  2.56004266e-02  1.96141729e-05 -2.42297739e-11  1.96141729e-05  0.00000000e+00 
 1.96438142e-05  2.48529932e-02  1.96438142e-05 -2.42361031e-11  1.96438142e-05  0.00000000e+00 
 1.96734555e-05  2.41273924e-02  1.96734555e-05 -2.42426357e-11  1.96734555e-05  0.00000000e+00 
 1.97030969e-05  2.34229657e-02  1.97030969e-05 -2.42489581e-11  1.97030969e-05  0.00000000e+00 
 1.97327382e-05  2.27391158e-02  1.97327382e-05 -2.42554789e-11  1.97327382e-05  0.00000000e+00 
 1.97623796e-05  2.20752213e-02  1.97623796e-05 -2.42617733e-11  1.97623796e-05  0.00000000e+00 
 1.97920209e-05  2.14307199e-02  1.97920209e-05 -2.42682610e-11  1.97920209e-05  0.00000000e+00 
 1.98216622e-05  2.08050253e-02  1.98216622e-05 -2.42745076e-11  1.98216622e-05  0.00000000e+00 
 1.98513036e-05  2.01976084e-02  1.98513036e-05 -2.42809424e-11  1.98513036e-05  0.00000000e+00 
 1.98809449e-05  1.96079158e-02  1.98809449e-05 -2.42871231e-11  1.98809449e-05  0.00000000e+00 
 1.99105862e-05  1.90354494e-02  1.99105862e-05 -2.42934869e-11  1.99105862e-05  0.00000000e+00 
 1.99402276e-05  1.84796872e-02  1.99402276e-05 -2.42995851e-11  1.99402276e-05  0.00000000e+00 
 1.99698689e-05  1.79401604e-02  1.99698689e-05 -2.43058614e-11  1.99698689e-05  0.00000000e+00 
 1.99995103e-05  1.74163764e-02  1.99995103e-05 -2.43118623e-11  1.99995103e-05  0.00000000e+00 
 2.00291516e-05  1.69078937e-02  2.00291516e-05 -2.43180361e-11  2.00291516e-05  0.00000000e+00 
 2.00587929e-05  1.64142478e-02  2.00587929e-05 -2.43239267e-11  2.00587929e-05  0.00000000e+00 
 2.00884343e-05  1.59350231e-02  2.00884343e-05 -2.43299848e-11  2.00884343e-05  0.00000000e+00 
 2.01180756e-05  1.54697812e-02  2.01180756e-05 -2.43357536e-11  2.01180756e-05  0.00000000e+00 
 2.01477170e-05  1.50181310e-02  2.01477170e-05 -2.43416843e-11  2.01477170e-05  0.00000000e+00 
 2.01773583e-05  1.45796587e-02  2.01773583e-05 -2.43473213e-11  2.01773583e-05  0.00000000e+00 
 2.02069996e-05  1.41539963e-02  2.02069996e-05 -2.43531147e-11  2.02069996e-05  0.00000000e+00 
 2.02366410e-05  1.37407533e-02  2.02366410e-05 -2.43586114e-11  2.02366410e-05  0.00000000e+00 
 2.02662823e-05  1.33395834e-02  2.02662823e-05 -2.43642590e-11  2.02662823e-05  0.00000000e+00 
 2.02959236e-05  1.29501182e-02  2.02959236e-05 -2.43696086e-11  2.02959236e-05  0.00000000e+00 
 2.03255650e-05  1.25720314e-02  2.03255650e-05 -2.43751032e-11  2.03255650e-05  0.00000000e+00 
 2.03552063e-05  1.22049757e-02  2.03552063e-05 -2.43803001e-11  2.03552063e-05  0.00000000e+00 
 2.03848477e-05  1.18486439e-02  2.03848477e-05 -2.43856359e-11  2.03848477e-05  0.00000000e+00 
 2.04144890e-05  1.15027083e-02  2.04144890e-05 -2.43906760e-11  2.04144890e-05  0.00000000e+00 
 2.04441303e-05  1.11668797e-02  2.04441303e-05 -2.43958485e-11  2.04441303e-05  0.00000000e+00 
 2.04737717e-05  1.08408490e-02  2.04737717e-05 -2.44007285e-11  2.04737717e-05  0.00000000e+00 
 2.05034130e-05  1.05243439e-02  2.05034130e-05 -2.44057343e-11  2.05034130e-05  0.00000000e+00 
 2.05330543e-05  1.02170728e-02  2.05330543e-05 -2.44104523e-11  2.05330543e-05  0.00000000e+00 
 2.05626957e-05  9.91877923e-03  2.05626957e-05 -2.44152892e-11  2.05626957e-05  0.00000000e+00 
 2.05923370e-05  9.62918827e-03  2.05923370e-05 -2.44198442e-11  2.05923370e-05  0.00000000e+00 
 2.06219784e-05  9.34805841e-03  2.06219784e-05 -2.44245109e-11  2.06219784e-05  0.00000000e+00 
 2.06516197e-05  9.07513032e-03  2.06516197e-05 -2.44289027e-11  2.06516197e-05  0.00000000e+00 
 2.06812610e-05  8.81017655e-03  2.06812610e-05 -2.44333987e-11  2.06812610e-05  0.00000000e+00 
 2.07109024e-05  8.55295257e-03  2.07109024e-05 -2.44376280e-11  2.07109024e-05  0.00000000e+00 
 2.07405437e-05  8.30324411e-03  2.07405437e-05 -2.44419536e-11  2.07405437e-05  0.00000000e+00 
 2.07701850e-05  8.06082065e-03  2.07701850e-05 -2.44460220e-11  2.07701850e-05  0.00000000e+00 
 2.07998264e-05  7.82548029e-03  2.07998264e-05 -2.44501783e-11  2.07998264e-05  0.00000000e+00 
 2.08294677e-05  7.59700574e-03  2.08294677e-05 -2.44540876e-11  2.08294677e-05  0.00000000e+00 
 2.08591091e-05  7.37520673e-03  2.08591091e-05 -2.44580763e-11  2.08591091e-05  0.00000000e+00 
 2.08887504e-05  7.15987848e-03  2.08887504e-05 -2.44618291e-11  2.08887504e-05  0.00000000e+00 
 2.09183917e-05  6.95084167e-03  2.09183917e-05 -2.44656524e-11  2.09183917e-05  0.00000000e+00 
 2.09480331e-05  6.74790330e-03  2.09480331e-05 -2.44692518e-11  2.09480331e-05  0.00000000e+00 
 2.09776744e-05  6.55089433e-03  2.09776744e-05 -2.44729123e-11  2.09776744e-05  0.00000000e+00 
 2.10073157e-05  6.35963295e-03  2.10073157e-05 -2.44763618e-11  2.10073157e-05  0.00000000e+00 
 2.10369571e-05  6.17395974e-03  2.10369571e-05 -2.44798626e-11  2.10369571e-05  0.00000000e+00 
 2.10665984e-05  5.99370348e-03  2.10665984e-05 -2.44831659e-11  2.10665984e-05  0.00000000e+00 
 2.10962398e-05  5.81871376e-03  2.10962398e-05 -2.44865105e-11  2.10962398e-05  0.00000000e+00 
 2.11258811e-05  5.64882939e-03  2.11258811e-05 -2.44896716e-11  2.11258811e-05  0.00000000e+00 
 2.11555224e-05  5.48390844e-03  2.11555224e-05 -2.44928636e-11  2.11555224e-05  0.00000000e+00 
 2.11851638e-05  5.32379917e-03  2.11851638e-05 -2.44958868e-11  2.11851638e-05  0.00000000e+00 
 2.12148051e-05  5.16836762e-03  2.12148051e-05 -2.44989302e-11  2.12148051e-05  0.00000000e+00 
 2.12444464e-05  5.01747102e-03  2.12444464e-05 -2.45018199e-11  2.12444464e-05  0.00000000e+00 
 2.12740878e-05  4.87098285e-03  2.12740878e-05 -2.45047187e-11  2.12740878e-05  0.00000000e+00 
 2.13037291e-05  4.72876883e-03  2.13037291e-05 -2.45074796e-11  2.13037291e-05  0.00000000e+00 
 2.13333705e-05  4.59070943e-03  2.13333705e-05 -2.45102381e-11  2.13333705e-05  0.00000000e+00 
 2.13630118e-05  4.45667841e-03  2.13630118e-05 -2.45128747e-11  2.13630118e-05  0.00000000e+00 
 2.13926531e-05  4.32656279e-03  2.13926531e-05 -2.45154972e-11  2.13926531e-05  0.00000000e+00 
 2.14222945e-05  4.20024393e-03  2.14222945e-05 -2.45180142e-11  2.14222945e-05  0.00000000e+00 
 2.14519358e-05  4.07761500e-03  2.14519358e-05 -2.45205052e-11  2.14519358e-05  0.00000000e+00 
 2.14815771e-05  3.95856456e-03  2.14815771e-05 -2.45229073e-11  2.14815771e-05  0.00000000e+00 
 2.15112185e-05  3.84299152e-03  2.15112185e-05 -2.45252711e-11  2.15112185e-05  0.00000000e+00 
 2.15408598e-05  3.73079129e-03  2.15408598e-05 -2.45275631e-11  2.15408598e-05  0.00000000e+00 
 2.15705012e-05  3.62186815e-03  2.15705012e-05 -2.45298042e-11  2.15705012e-05  0.00000000e+00 
 2.16001425e-05  3.51612398e-03  2.16001425e-05 -2.45319906e-11  2.16001425e-05  0.00000000e+00 
 2.16297838e-05  3.41346809e-03  2.16297838e-05 -2.45341135e-11  2.16297838e-05  0.00000000e+00 
 2.16594252e-05  3.31380851e-03  2.16594252e-05 -2.45361990e-11  2.16594252e-05  0.00000000e+00 
 2.16890665e-05  3.21705926e-03  2.16890665e-05 -2.45382080e-11  2.16890665e-05  0.00000000e+00 
 2.17187079e-05  3.12313417e-03  2.17187079e-05 -2.45401971e-11  2.17187079e-05  0.00000000e+00 
 2.17472017e-05  3.03543189e-03  2.17472017e-05 -2.45420230e-11  2.17472017e-05  0.00000000e+00 
 2.17757855e-05  2.94992732e-03  2.17757855e-05 -2.45438563e-11  2.17757855e-05  0.00000000e+00 
 2.18036171e-05  2.86898770e-03  2.18036171e-05 -2.45455433e-11  2.18036171e-05  0.00000000e+00 
 2.18311119e-05  2.79120884e-03  2.18311119e-05 -2.45472324e-11  2.18311119e-05  0.00000000e+00 
 2.18581842e-05  2.71668553e-03  2.18581842e-05 -2.45487849e-11  2.18581842e-05  0.00000000e+00 
 2.18847766e-05  2.64542138e-03  2.18847766e-05 -2.45503532e-11  2.18847766e-05  0.00000000e+00 
 2.19112569e-05  2.57631464e-03  2.19112569e-05 -2.45517898e-11  2.19112569e-05  0.00000000e+00 
 2.19404910e-05  2.50211593e-03  2.19404910e-05 -2.45534386e-11  2.19404910e-05  0.00000000e+00 
 2.19701323e-05  2.42906396e-03  2.19701323e-05 -2.45549610e-11  2.19701323e-05  0.00000000e+00 
 2.19997736e-05  2.35814596e-03  2.19997736e-05 -2.45565562e-11  2.19997736e-05  0.00000000e+00 
 2.20294150e-05  2.28929718e-03  2.20294150e-05 -2.45579884e-11  2.20294150e-05  0.00000000e+00 
 2.20590563e-05  2.22245996e-03  2.20590563e-05 -2.45595113e-11  2.20590563e-05  0.00000000e+00 
 2.20886977e-05  2.15757249e-03  2.20886977e-05 -2.45608572e-11  2.20886977e-05  0.00000000e+00 
 2.21183390e-05  2.09458126e-03  2.21183390e-05 -2.45623114e-11  2.21183390e-05  0.00000000e+00 
 2.21479803e-05  2.03342717e-03  2.21479803e-05 -2.45635746e-11  2.21479803e-05  0.00000000e+00 
 2.21776217e-05  1.97406063e-03  2.21776217e-05 -2.45649639e-11  2.21776217e-05  0.00000000e+00 
 2.22072630e-05  1.91642510e-03  2.22072630e-05 -2.45661480e-11  2.22072630e-05  0.00000000e+00 
 2.22369043e-05  1.86047470e-03  2.22369043e-05 -2.45674758e-11  2.22369043e-05  0.00000000e+00 
 2.22665457e-05  1.80615526e-03  2.22665457e-05 -2.45685844e-11  2.22665457e-05  0.00000000e+00 
 2.22961870e-05  1.75342445e-03  2.22961870e-05 -2.45698540e-11  2.22961870e-05  0.00000000e+00 
 2.23258284e-05  1.70223028e-03  2.23258284e-05 -2.45708903e-11  2.23258284e-05  0.00000000e+00 
 2.23554697e-05  1.65253381e-03  2.23554697e-05 -2.45721050e-11  2.23554697e-05  0.00000000e+00 
 2.23851110e-05  1.60428509e-03  2.23851110e-05 -2.45730722e-11  2.23851110e-05  0.00000000e+00 
 2.24147524e-05  1.55744837e-03  2.24147524e-05 -2.45742351e-11  2.24147524e-05  0.00000000e+00 
 2.24443937e-05  1.51197560e-03  2.24443937e-05 -2.45751363e-11  2.24443937e-05  0.00000000e+00 
 2.24740350e-05  1.46783411e-03  2.24740350e-05 -2.45762504e-11  2.24740350e-05  0.00000000e+00 
 2.25036764e-05  1.42497755e-03  2.25036764e-05 -2.45770885e-11  2.25036764e-05  0.00000000e+00 
 2.25333177e-05  1.38337620e-03  2.25333177e-05 -2.45781565e-11  2.25333177e-05  0.00000000e+00 
 2.25629591e-05  1.34298532e-03  2.25629591e-05 -2.45789345e-11  2.25629591e-05  0.00000000e+00 
 2.25926004e-05  1.30377796e-03  2.25926004e-05 -2.45799592e-11  2.25926004e-05  0.00000000e+00 
 2.26222417e-05  1.26571087e-03  2.26222417e-05 -2.45806797e-11  2.26222417e-05  0.00000000e+00 
 2.26518831e-05  1.22875976e-03  2.26518831e-05 -2.45816636e-11  2.26518831e-05  0.00000000e+00 
 2.26815244e-05  1.19288274e-03  2.26815244e-05 -2.45823293e-11  2.26815244e-05  0.00000000e+00 
 2.27111657e-05  1.15805807e-03  2.27111657e-05 -2.45832748e-11  2.27111657e-05  0.00000000e+00 
 2.27408071e-05  1.12424511e-03  2.27408071e-05 -2.45838883e-11  2.27408071e-05  0.00000000e+00 
 2.27704484e-05  1.09142452e-03  2.27704484e-05 -2.45847978e-11  2.27704484e-05  0.00000000e+00 
 2.28000898e-05  1.05955684e-03  2.28000898e-05 -2.45853613e-11  2.28000898e-05  0.00000000e+00 
 2.28297311e-05  1.02862504e-03  2.28297311e-05 -2.45862370e-11  2.28297311e-05  0.00000000e+00 
 2.28593724e-05  9.98590694e-04  2.28593724e-05 -2.45867530e-11  2.28593724e-05  0.00000000e+00 
 2.28890138e-05  9.69439009e-04  2.28890138e-05 -2.45875970e-11  2.28890138e-05  0.00000000e+00 
 2.29186551e-05  9.41132504e-04  2.29186551e-05 -2.45880676e-11  2.29186551e-05  0.00000000e+00 
 2.29482964e-05  9.13658513e-04  2.29482964e-05 -2.45888818e-11  2.29482964e-05  0.00000000e+00 
 2.29779378e-05  8.86980424e-04  2.29779378e-05 -2.45893092e-11  2.29779378e-05  0.00000000e+00 
 2.30075791e-05  8.61087601e-04  2.30075791e-05 -2.45900955e-11  2.30075791e-05  0.00000000e+00 
 2.30372205e-05  8.35944222e-04  2.30372205e-05 -2.45904817e-11  2.30372205e-05  0.00000000e+00 
 2.30668618e-05  8.11541594e-04  2.30668618e-05 -2.45912419e-11  2.30668618e-05  0.00000000e+00 
 2.30965031e-05  7.87844611e-04  2.30965031e-05 -2.45915888e-11  2.30965031e-05  0.00000000e+00 
 2.31261445e-05  7.64846442e-04  2.31261445e-05 -2.45923246e-11  2.31261445e-05  0.00000000e+00 
 2.31557858e-05  7.42512622e-04  2.31557858e-05 -2.45926340e-11  2.31557858e-05  0.00000000e+00 
 2.31854272e-05  7.20838107e-04  2.31854272e-05 -2.45933469e-11  2.31854272e-05  0.00000000e+00 
 2.32150685e-05  6.99789008e-04  2.32150685e-05 -2.45936207e-11  2.32150685e-05  0.00000000e+00 
 2.32447098e-05  6.79361992e-04  2.32447098e-05 -2.45943123e-11  2.32447098e-05  0.00000000e+00 
 2.32743512e-05  6.59523683e-04  2.32743512e-05 -2.45945520e-11  2.32743512e-05  0.00000000e+00 
 2.33039925e-05  6.40272393e-04  2.33039925e-05 -2.45952238e-11  2.33039925e-05  0.00000000e+00 
 2.33336338e-05  6.21575201e-04  2.33336338e-05 -2.45954311e-11  2.33336338e-05  0.00000000e+00 
 2.33632752e-05  6.03431992e-04  2.33632752e-05 -2.45960842e-11  2.33632752e-05  0.00000000e+00 
 2.33929165e-05  5.85810249e-04  2.33929165e-05 -2.45962606e-11  2.33929165e-05  0.00000000e+00 
 2.34225579e-05  5.68711372e-04  2.34225579e-05 -2.45968964e-11  2.34225579e-05  0.00000000e+00 
 2.34521992e-05  5.52103191e-04  2.34521992e-05 -2.45970434e-11  2.34521992e-05  0.00000000e+00 
 2.34818405e-05  5.35988561e-04  2.34818405e-05 -2.45976631e-11  2.34818405e-05  0.00000000e+00 
 2.35114819e-05  5.20335615e-04  2.35114819e-05 -2.45977820e-11  2.35114819e-05  0.00000000e+00 
 2.35411232e-05  5.05148605e-04  2.35411232e-05 -2.45983867e-11  2.35411232e-05  0.00000000e+00 
 2.35707645e-05  4.90395925e-04  2.35707645e-05 -2.45984789e-11  2.35707645e-05  0.00000000e+00 
 2.36004059e-05  4.76083168e-04  2.36004059e-05 -2.45990695e-11  2.36004059e-05  0.00000000e+00 
 2.36300472e-05  4.62178945e-04  2.36300472e-05 -2.45991363e-11  2.36300472e-05  0.00000000e+00 
 2.36596886e-05  4.48690143e-04  2.36596886e-05 -2.45997140e-11  2.36596886e-05  0.00000000e+00 
 2.36893299e-05  4.35585552e-04  2.36893299e-05 -2.45997565e-11  2.36893299e-05  0.00000000e+00 
 2.37189712e-05  4.22873301e-04  2.37189712e-05 -2.46003221e-11  2.37189712e-05  0.00000000e+00 
 2.37486126e-05  4.10522326e-04  2.37486126e-05 -2.46003416e-11  2.37486126e-05  0.00000000e+00 
 2.37782539e-05  3.98541950e-04  2.37782539e-05 -2.46008958e-11  2.37782539e-05  0.00000000e+00 
 2.38078952e-05  3.86901221e-04  2.38078952e-05 -2.46008934e-11  2.38078952e-05  0.00000000e+00 
 2.38375366e-05  3.75610614e-04  2.38375366e-05 -2.46014372e-11  2.38375366e-05  0.00000000e+00 
 2.38671779e-05  3.64639258e-04  2.38671779e-05 -2.46014138e-11  2.38671779e-05  0.00000000e+00 
 2.38968193e-05  3.53998738e-04  2.38968193e-05 -2.46019480e-11  2.38968193e-05  0.00000000e+00 
 2.39264606e-05  3.43658234e-04  2.39264606e-05 -2.46019047e-11  2.39264606e-05  0.00000000e+00 
 2.39561019e-05  3.33630400e-04  2.39561019e-05 -2.46024299e-11  2.39561019e-05  0.00000000e+00 
 2.39857433e-05  3.23884444e-04  2.39857433e-05 -2.46023676e-11  2.39857433e-05  0.00000000e+00 
 2.40153846e-05  3.14434049e-04  2.40153846e-05 -2.46028844e-11  2.40153846e-05  0.00000000e+00 
 2.40450259e-05  3.05248424e-04  2.40450259e-05 -2.46028041e-11  2.40450259e-05  0.00000000e+00 
 2.40746673e-05  2.96342247e-04  2.40746673e-05 -2.46033132e-11  2.40746673e-05  0.00000000e+00 
 2.41043086e-05  2.87684708e-04  2.41043086e-05 -2.46032158e-11  2.41043086e-05  0.00000000e+00 
 2.41339500e-05  2.79291441e-04  2.41339500e-05 -2.46037177e-11  2.41339500e-05  0.00000000e+00 
 2.41635913e-05  2.71131597e-04  2.41635913e-05 -2.46036040e-11  2.41635913e-05  0.00000000e+00 
 2.41932326e-05  2.63221732e-04  2.41932326e-05 -2.46040993e-11  2.41932326e-05  0.00000000e+00 
 2.42228740e-05  2.55530940e-04  2.42228740e-05 -2.46039700e-11  2.42228740e-05  0.00000000e+00 
 2.42525153e-05  2.48076667e-04  2.42525153e-05 -2.46044591e-11  2.42525153e-05  0.00000000e+00 
 2.42821566e-05  2.40827933e-04  2.42821566e-05 -2.46043151e-11  2.42821566e-05  0.00000000e+00 
 2.43117980e-05  2.33803044e-04  2.43117980e-05 -2.46047986e-11  2.43117980e-05  0.00000000e+00 
 2.43414393e-05  2.26970928e-04  2.43414393e-05 -2.46046405e-11  2.43414393e-05  0.00000000e+00 
 2.43710807e-05  2.20350720e-04  2.43710807e-05 -2.46051186e-11  2.43710807e-05  0.00000000e+00 
 2.44007220e-05  2.13911245e-04  2.44007220e-05 -2.46049473e-11  2.44007220e-05  0.00000000e+00 
 2.44303633e-05  2.07672437e-04  2.44303633e-05 -2.46054205e-11  2.44303633e-05  0.00000000e+00 
 2.44600047e-05  2.01603006e-04  2.44600047e-05 -2.46052365e-11  2.44600047e-05  0.00000000e+00 
 2.44896460e-05  1.95723658e-04  2.44896460e-05 -2.46057052e-11  2.44896460e-05  0.00000000e+00 
 2.45192874e-05  1.90002975e-04  2.45192874e-05 -2.46055093e-11  2.45192874e-05  0.00000000e+00 
 2.45489287e-05  1.84462408e-04  2.45489287e-05 -2.46059737e-11  2.45489287e-05  0.00000000e+00 
 2.45785700e-05  1.79070401e-04  2.45785700e-05 -2.46057664e-11  2.45785700e-05  0.00000000e+00 
 2.46082114e-05  1.73849126e-04  2.46082114e-05 -2.46062268e-11  2.46082114e-05  0.00000000e+00 
 2.46378527e-05  1.68766880e-04  2.46378527e-05 -2.46060088e-11  2.46378527e-05  0.00000000e+00 
 2.46674940e-05  1.63846528e-04  2.46674940e-05 -2.46064655e-11  2.46674940e-05  0.00000000e+00 
 2.46971354e-05  1.59056216e-04  2.46971354e-05 -2.46062373e-11  2.46971354e-05  0.00000000e+00 
 2.47267767e-05  1.54419477e-04  2.47267767e-05 -2.46066906e-11  2.47267767e-05  0.00000000e+00 
 2.47564181e-05  1.49904296e-04  2.47564181e-05 -2.46064527e-11  2.47564181e-05  0.00000000e+00 
 2.47860594e-05  1.45534854e-04  2.47860594e-05 -2.46069028e-11  2.47860594e-05  0.00000000e+00 
 2.48157007e-05  1.41278971e-04  2.48157007e-05 -2.46066558e-11  2.48157007e-05  0.00000000e+00 
 2.48453421e-05  1.37161450e-04  2.48453421e-05 -2.46071029e-11  2.48453421e-05  0.00000000e+00 
 2.48749834e-05  1.33149941e-04  2.48749834e-05 -2.46068473e-11  2.48749834e-05  0.00000000e+00 
 2.49046247e-05  1.29269849e-04  2.49046247e-05 -2.46072915e-11  2.49046247e-05  0.00000000e+00 
 2.49342661e-05  1.25488649e-04  2.49342661e-05 -2.46070278e-11  2.49342661e-05  0.00000000e+00 
 2.49639074e-05  1.21832327e-04  2.49639074e-05 -2.46074693e-11  2.49639074e-05  0.00000000e+00 
 2.49935488e-05  1.18268183e-04  2.49935488e-05 -2.46071980e-11  2.49935488e-05  0.00000000e+00 
 2.50231901e-05  1.14822758e-04  2.50231901e-05 -2.46076370e-11  2.50231901e-05  0.00000000e+00 
 2.50528314e-05  1.11463177e-04  2.50528314e-05 -2.46073585e-11  2.50528314e-05  0.00000000e+00 
 2.50824728e-05  1.08216518e-04  2.50824728e-05 -2.46077950e-11  2.50824728e-05  0.00000000e+00 
 2.51121141e-05  1.05049725e-04  2.51121141e-05 -2.46075098e-11  2.51121141e-05  0.00000000e+00 
 2.51417554e-05  1.01990398e-04  2.51417554e-05 -2.46079439e-11  2.51417554e-05  0.00000000e+00 
 2.51713968e-05  9.90052991e-05  2.51713968e-05 -2.46076524e-11  2.51713968e-05  0.00000000e+00 
 2.52010381e-05  9.61225266e-05  2.52010381e-05 -2.46080843e-11  2.52010381e-05  0.00000000e+00 
 2.52306795e-05  9.33086649e-05  2.52306795e-05 -2.46077869e-11  2.52306795e-05  0.00000000e+00 
 2.52603208e-05  9.05922909e-05  2.52603208e-05 -2.46082166e-11  2.52603208e-05  0.00000000e+00 
 2.52899621e-05  8.79398107e-05  2.52899621e-05 -2.46079137e-11  2.52899621e-05  0.00000000e+00 
 2.53196035e-05  8.53802630e-05  2.53196035e-05 -2.46083413e-11  2.53196035e-05  0.00000000e+00 
 2.53492448e-05  8.28798765e-05  2.53492448e-05 -2.46080333e-11  2.53492448e-05  0.00000000e+00 
 2.53788861e-05  8.04681334e-05  2.53788861e-05 -2.46084588e-11  2.53788861e-05  0.00000000e+00 
 2.54085275e-05  7.81110873e-05  2.54085275e-05 -2.46081461e-11  2.54085275e-05  0.00000000e+00 
 2.54381688e-05  7.58386460e-05  2.54381688e-05 -2.46085695e-11  2.54381688e-05  0.00000000e+00 
 2.54678102e-05  7.36166907e-05  2.54678102e-05 -2.46082524e-11  2.54678102e-05  0.00000000e+00 
 2.54974515e-05  7.14755376e-05  2.54974515e-05 -2.46086737e-11  2.54974515e-05  0.00000000e+00 
 2.55270928e-05  6.93808985e-05  2.55270928e-05 -2.46083527e-11  2.55270928e-05  0.00000000e+00 
 2.55567342e-05  6.73634808e-05  2.55567342e-05 -2.46087720e-11  2.55567342e-05  0.00000000e+00 
 2.55863755e-05  6.53888308e-05  2.55863755e-05 -2.46084473e-11  2.55863755e-05  0.00000000e+00 
 2.56160168e-05  6.34880303e-05  2.56160168e-05 -2.46088646e-11  2.56160168e-05  0.00000000e+00 
 2.56456582e-05  6.16264639e-05  2.56456582e-05 -2.46085365e-11  2.56456582e-05  0.00000000e+00 
 2.56752995e-05  5.98355716e-05  2.56752995e-05 -2.46089518e-11  2.56752995e-05  0.00000000e+00 
 2.57049409e-05  5.80805810e-05  2.57049409e-05 -2.46086207e-11  2.57049409e-05  0.00000000e+00 
 2.57345822e-05  5.63932739e-05  2.57345822e-05 -2.46090339e-11  2.57345822e-05  0.00000000e+00 
 2.57642235e-05  5.47387259e-05  2.57642235e-05 -2.46087001e-11  2.57642235e-05  0.00000000e+00 
 2.57938649e-05  5.31490446e-05  2.57938649e-05 -2.46091112e-11  2.57938649e-05  0.00000000e+00 
 2.58235062e-05  5.15891590e-05  2.58235062e-05 -2.46087750e-11  2.58235062e-05  0.00000000e+00 
 2.58531475e-05  5.00914868e-05  2.58531475e-05 -2.46091840e-11  2.58531475e-05  0.00000000e+00 
 2.58827889e-05  4.86208161e-05  2.58827889e-05 -2.46088457e-11  2.58827889e-05  0.00000000e+00 
 2.59124302e-05  4.72098595e-05  2.59124302e-05 -2.46092525e-11  2.59124302e-05  0.00000000e+00 
 2.59420716e-05  4.58232700e-05  2.59420716e-05 -2.46089125e-11  2.59420716e-05  0.00000000e+00 
 2.59717129e-05  4.44940395e-05  2.59717129e-05 -2.46093170e-11  2.59717129e-05  0.00000000e+00 
 2.60013542e-05  4.31866930e-05  2.60013542e-05 -2.46089755e-11  2.60013542e-05  0.00000000e+00 
 2.60309956e-05  4.19344865e-05  2.60309956e-05 -2.46093777e-11  2.60309956e-05  0.00000000e+00 
 2.60606369e-05  4.07018232e-05  2.60606369e-05 -2.46090349e-11  2.60606369e-05  0.00000000e+00 
 2.60902783e-05  3.95222087e-05  2.60902783e-05 -2.46094349e-11  2.60902783e-05  0.00000000e+00 
 2.61199196e-05  3.83599315e-05  2.61199196e-05 -2.46090911e-11  2.61199196e-05  0.00000000e+00 
 2.61495609e-05  3.72487320e-05  2.61495609e-05 -2.46094886e-11  2.61495609e-05  0.00000000e+00 
 2.61792023e-05  3.61527912e-05  2.61792023e-05 -2.46091441e-11  2.61792023e-05  0.00000000e+00 
 2.62088436e-05  3.51060697e-05  2.62088436e-05 -2.46095392e-11  2.62088436e-05  0.00000000e+00 
 2.62384849e-05  3.40726488e-05  2.62384849e-05 -2.46091942e-11  2.62384849e-05  0.00000000e+00 
 2.62681263e-05  3.30866947e-05  2.62681263e-05 -2.46095867e-11  2.62681263e-05  0.00000000e+00 
 2.62977676e-05  3.21121970e-05  2.62977676e-05 -2.46092416e-11  2.62977676e-05  0.00000000e+00 
 2.63274090e-05  3.11835132e-05  2.63274090e-05 -2.46096314e-11  2.63274090e-05  0.00000000e+00 
 2.63570503e-05  3.02645490e-05  2.63570503e-05 -2.46092863e-11  2.63570503e-05  0.00000000e+00 
 2.63866916e-05  2.93898392e-05  2.63866916e-05 -2.46096734e-11  2.63866916e-05  0.00000000e+00 
 2.64163330e-05  2.85232141e-05  2.64163330e-05 -2.46093286e-11  2.64163330e-05  0.00000000e+00 
 2.64459743e-05  2.76993717e-05  2.64459743e-05 -2.46097128e-11  2.64459743e-05  0.00000000e+00 
 2.64756156e-05  2.68820752e-05  2.64756156e-05 -2.46093686e-11  2.64756156e-05  0.00000000e+00 
 2.65052570e-05  2.61061721e-05  2.65052570e-05 -2.46097498e-11  2.65052570e-05  0.00000000e+00 
 2.65348983e-05  2.53353673e-05  2.65348983e-05 -2.46094064e-11  2.65348983e-05  0.00000000e+00 
 2.65645397e-05  2.46046437e-05  2.65645397e-05 -2.46097846e-11  2.65645397e-05  0.00000000e+00 
 2.65941810e-05  2.38776569e-05  2.65941810e-05 -2.46094422e-11  2.65941810e-05  0.00000000e+00 
 2.66238223e-05  2.31895117e-05  2.66238223e-05 -2.46098173e-11  2.66238223e-05  0.00000000e+00 
 2.66534637e-05  2.25038232e-05  2.66534637e-05 -2.46094760e-11  2.66534637e-05  0.00000000e+00 
 2.66831050e-05  2.18558046e-05  2.66831050e-05 -2.46098479e-11  2.66831050e-05  0.00000000e+00 
 2.67127463e-05  2.12090400e-05  2.67127463e-05 -2.46095081e-11  2.67127463e-05  0.00000000e+00 
 2.67423877e-05  2.05988375e-05  2.67423877e-05 -2.46098766e-11  2.67423877e-05  0.00000000e+00 
 2.67720290e-05  1.99887590e-05  2.67720290e-05 -2.46095385e-11  2.67720290e-05  0.00000000e+00 
 2.68016704e-05  1.94141944e-05  2.68016704e-05 -2.46099036e-11  2.68016704e-05  0.00000000e+00 
 2.68313117e-05  1.88386934e-05  2.68313117e-05 -2.46095673e-11  2.68313117e-05  0.00000000e+00 
 2.68609530e-05  1.82977140e-05  2.68609530e-05 -2.46099288e-11  2.68609530e-05  0.00000000e+00 
 2.68905944e-05  1.77548031e-05  2.68905944e-05 -2.46095946e-11  2.68905944e-05  0.00000000e+00 
 2.69202357e-05  1.72454740e-05  2.69202357e-05 -2.46099524e-11  2.69202357e-05  0.00000000e+00 
 2.69498770e-05  1.67332805e-05  2.69498770e-05 -2.46096204e-11  2.69498770e-05  0.00000000e+00 
 2.69795184e-05  1.62537781e-05  2.69795184e-05 -2.46099745e-11  2.69795184e-05  0.00000000e+00 
 2.70091597e-05  1.57705371e-05  2.70091597e-05 -2.46096450e-11  2.70091597e-05  0.00000000e+00 
 2.70388011e-05  1.53191424e-05  2.70388011e-05 -2.46099951e-11  2.70388011e-05  0.00000000e+00 
 2.70684424e-05  1.48631909e-05  2.70684424e-05 -2.46096683e-11  2.70684424e-05  0.00000000e+00 
 2.70980837e-05  1.44382837e-05  2.70980837e-05 -2.46100144e-11  2.70980837e-05  0.00000000e+00 
 2.71277251e-05  1.40080544e-05  2.71277251e-05 -2.46096905e-11  2.71277251e-05  0.00000000e+00 
 2.71573664e-05  1.36081076e-05  2.71573664e-05 -2.46100324e-11  2.71573664e-05  0.00000000e+00 
 2.71870077e-05  1.32021235e-05  2.71870077e-05 -2.46097115e-11  2.71870077e-05  0.00000000e+00 
 2.72166491e-05  1.28256977e-05  2.72166491e-05 -2.46100492e-11  2.72166491e-05  0.00000000e+00 
 2.72462904e-05  1.24425672e-05  2.72462904e-05 -2.46097316e-11  2.72462904e-05  0.00000000e+00 
 2.72759318e-05  1.20883056e-05  2.72759318e-05 -2.46100648e-11  2.72759318e-05  0.00000000e+00 
 2.73055731e-05  1.17267170e-05  2.73055731e-05 -2.46097506e-11  2.73055731e-05  0.00000000e+00 
 2.73352144e-05  1.13933409e-05  2.73352144e-05 -2.46100793e-11  2.73352144e-05  0.00000000e+00 
 2.73648558e-05  1.10520583e-05  2.73648558e-05 -2.46097688e-11  2.73648558e-05  0.00000000e+00 
 2.73944971e-05  1.07383622e-05  2.73944971e-05 -2.46100929e-11  2.73944971e-05  0.00000000e+00 
 2.74241384e-05  1.04162210e-05  2.74241384e-05 -2.46097861e-11  2.74241384e-05  0.00000000e+00 
 2.74537798e-05  1.01210686e-05  2.74537798e-05 -2.46101054e-11  2.74537798e-05  0.00000000e+00 
 2.74834211e-05  9.81697147e-06  2.74834211e-05 -2.46098026e-11  2.74834211e-05  0.00000000e+00 
 2.75130625e-05  9.53929180e-06  2.75130625e-05 -2.46101170e-11  2.75130625e-05  0.00000000e+00 
 2.75427038e-05  9.25220445e-06  2.75427038e-05 -2.46098184e-11  2.75427038e-05  0.00000000e+00 
 2.75723451e-05  8.99098801e-06  2.75723451e-05 -2.46101278e-11  2.75723451e-05  0.00000000e+00 
 2.76019865e-05  8.71993596e-06  2.76019865e-05 -2.46098334e-11  2.76019865e-05  0.00000000e+00 
 2.76316278e-05  8.47423114e-06  2.76316278e-05 -2.46101377e-11  2.76316278e-05  0.00000000e+00 
 2.76612692e-05  8.21829611e-06  2.76612692e-05 -2.46098478e-11  2.76612692e-05  0.00000000e+00 
 2.76909105e-05  7.98720594e-06  2.76909105e-05 -2.46101469e-11  2.76909105e-05  0.00000000e+00 
 2.77205518e-05  7.74552265e-06  2.77205518e-05 -2.46098616e-11  2.77205518e-05  0.00000000e+00 
 2.77501932e-05  7.52820158e-06  2.77501932e-05 -2.46101553e-11  2.77501932e-05  0.00000000e+00 
 2.77798345e-05  7.29995467e-06  2.77798345e-05 -2.46098748e-11  2.77798345e-05  0.00000000e+00 
 2.78094758e-05  7.09560568e-06  2.78094758e-05 -2.46101630e-11  2.78094758e-05  0.00000000e+00 
 2.78391172e-05  6.88002688e-06  2.78391172e-05 -2.46098875e-11  2.78391172e-05  0.00000000e+00 
 2.78687585e-05  6.68789865e-06  2.78687585e-05 -2.46101701e-11  2.78687585e-05  0.00000000e+00 
 2.78983999e-05  6.48426401e-06  2.78983999e-05 -2.46098996e-11  2.78983999e-05  0.00000000e+00 
 2.79280412e-05  6.30364831e-06  2.79280412e-05 -2.46101765e-11  2.79280412e-05  0.00000000e+00 
 2.79576825e-05  6.11127571e-06  2.79576825e-05 -2.46099113e-11  2.79576825e-05  0.00000000e+00 
 2.79873239e-05  5.94150490e-06  2.79873239e-05 -2.46101823e-11  2.79873239e-05  0.00000000e+00 
 2.80169652e-05  5.75975160e-06  2.80169652e-05 -2.46099226e-11  2.80169652e-05  0.00000000e+00 
 2.80466065e-05  5.60019635e-06  2.80466065e-05 -2.46101876e-11  2.80466065e-05  0.00000000e+00 
 2.80762479e-05  5.42845674e-06  2.80762479e-05 -2.46099334e-11  2.80762479e-05  0.00000000e+00 
 2.81058892e-05  5.27852374e-06  2.81058892e-05 -2.46101923e-11  2.81058892e-05  0.00000000e+00 
 2.81355306e-05  5.11622719e-06  2.81355306e-05 -2.46099438e-11  2.81355306e-05  0.00000000e+00 
 2.81651719e-05  4.97535716e-06  2.81651719e-05 -2.46101966e-11  2.81651719e-05  0.00000000e+00 
 2.81948132e-05  4.82196604e-06  2.81948132e-05 -2.46099539e-11  2.81948132e-05  0.00000000e+00 
 2.82244546e-05  4.68963173e-06  2.82244546e-05 -2.46102003e-11  2.82244546e-05  0.00000000e+00 
 2.82540959e-05  4.54463944e-06  2.82540959e-05 -2.46099636e-11  2.82540959e-05  0.00000000e+00 
 2.82837372e-05  4.42034382e-06  2.82837372e-05 -2.46102036e-11  2.82837372e-05  0.00000000e+00 
 2.83133786e-05  4.28327307e-06  2.83133786e-05 -2.46099730e-11  2.83133786e-05  0.00000000e+00 
 2.83430199e-05  4.16654755e-06  2.83430199e-05 -2.46102065e-11  2.83430199e-05  0.00000000e+00 
 2.83726613e-05  4.03694865e-06  2.83726613e-05 -2.46099821e-11  2.83726613e-05  0.00000000e+00 
 2.84023026e-05  3.92735148e-06  2.84023026e-05 -2.46102090e-11  2.84023026e-05  0.00000000e+00 
 2.84319439e-05  3.80480073e-06  2.84319439e-05 -2.46099910e-11  2.84319439e-05  0.00000000e+00 
 2.84615853e-05  3.70191546e-06  2.84615853e-05 -2.46102110e-11  2.84615853e-05  0.00000000e+00 
 2.84912266e-05  3.58601368e-06  2.84912266e-05 -2.46099996e-11  2.84912266e-05  0.00000000e+00 
 2.85208679e-05  3.48944768e-06  2.85208679e-05 -2.46102127e-11  2.85208679e-05  0.00000000e+00 
 2.85505093e-05  3.37981878e-06  2.85505093e-05 -2.46100079e-11  2.85505093e-05  0.00000000e+00 
 2.85801506e-05  3.28920188e-06  2.85801506e-05 -2.46102141e-11  2.85801506e-05  0.00000000e+00 
 2.86097920e-05  3.18549155e-06  2.86097920e-05 -2.46100160e-11  2.86097920e-05  0.00000000e+00 
 2.86394333e-05  3.10047476e-06  2.86394333e-05 -2.46102151e-11  2.86394333e-05  0.00000000e+00 
 2.86690746e-05  3.00234919e-06  2.86690746e-05 -2.46100239e-11  2.86690746e-05  0.00000000e+00 
 2.86987160e-05  2.92260349e-06  2.86987160e-05 -2.46102158e-11  2.86987160e-05  0.00000000e+00 
 2.87283573e-05  2.82974819e-06  2.87283573e-05 -2.46100316e-11  2.87283573e-05  0.00000000e+00 
 2.87579986e-05  2.75496335e-06  2.87579986e-05 -2.46102162e-11  2.87579986e-05  0.00000000e+00 
 2.87876400e-05  2.66708206e-06  2.87876400e-05 -2.46100391e-11  2.87876400e-05  0.00000000e+00 
 2.88172813e-05  2.59696560e-06  2.88172813e-05 -2.46102164e-11  2.88172813e-05  0.00000000e+00 
 2.88469227e-05  2.51377922e-06  2.88469227e-05 -2.46100465e-11  2.88469227e-05  0.00000000e+00 
 2.88765640e-05  2.44805537e-06  2.88765640e-05 -2.46102162e-11  2.88765640e-05  0.00000000e+00 
 2.89062053e-05  2.36930096e-06  2.89062053e-05 -2.46100537e-11  2.89062053e-05  0.00000000e+00 
 2.89358467e-05  2.30770970e-06  2.89358467e-05 -2.46102158e-11  2.89358467e-05  0.00000000e+00 
 2.89654880e-05  2.23313957e-06  2.89654880e-05 -2.46100607e-11  2.89654880e-05  0.00000000e+00 
 2.89951293e-05  2.17543574e-06  2.89951293e-05 -2.46102152e-11  2.89951293e-05  0.00000000e+00 
 2.90247707e-05  2.10481658e-06  2.90247707e-05 -2.46100676e-11  2.90247707e-05  0.00000000e+00 
 2.90544120e-05  2.05076899e-06  2.90544120e-05 -2.46102143e-11  2.90544120e-05  0.00000000e+00 
 2.90840534e-05  1.98388100e-06  2.90840534e-05 -2.46100744e-11  2.90840534e-05  0.00000000e+00 
 2.91136947e-05  1.93327169e-06  2.91136947e-05 -2.46102133e-11  2.91136947e-05  0.00000000e+00 
 2.91433360e-05  1.86990783e-06  2.91433360e-05 -2.46100810e-11  2.91433360e-05  0.00000000e+00 
 2.91729774e-05  1.82253126e-06  2.91729774e-05 -2.46102120e-11  2.91729774e-05  0.00000000e+00 
 2.92026187e-05  1.76249650e-06  2.92026187e-05 -2.46100876e-11  2.92026187e-05  0.00000000e+00 
 2.92322601e-05  1.71815886e-06  2.92322601e-05 -2.46102105e-11  2.92322601e-05  0.00000000e+00 
 2.92619014e-05  1.66126950e-06  2.92619014e-05 -2.46100940e-11  2.92619014e-05  0.00000000e+00 
 2.92915427e-05  1.61978802e-06  2.92915427e-05 -2.46102088e-11  2.92915427e-05  0.00000000e+00 
 2.93211841e-05  1.56587104e-06  2.93211841e-05 -2.46101003e-11  2.93211841e-05  0.00000000e+00 
 2.93508254e-05  1.52707339e-06  2.93508254e-05 -2.46102070e-11  2.93508254e-05  0.00000000e+00 
 2.93804667e-05  1.47596578e-06  2.93804667e-05 -2.46101066e-11  2.93804667e-05  0.00000000e+00 
 2.94101081e-05  1.43968944e-06  2.94101081e-05 -2.46102050e-11  2.94101081e-05  0.00000000e+00 
 2.94397494e-05  1.39123771e-06  2.94397494e-05 -2.46101128e-11  2.94397494e-05  0.00000000e+00 
 2.94693908e-05  1.35732941e-06  2.94693908e-05 -2.46102028e-11  2.94693908e-05  0.00000000e+00 
 2.94990321e-05  1.31138897e-06  2.94990321e-05 -2.46101189e-11  2.94990321e-05  0.00000000e+00 
 2.95286734e-05  1.27970419e-06  2.95286734e-05 -2.46102005e-11  2.95286734e-05  0.00000000e+00 
 2.95583148e-05  1.23613885e-06  2.95583148e-05 -2.46101249e-11  2.95583148e-05  0.00000000e+00 
 2.95879561e-05  1.20654130e-06  2.95879561e-05 -2.46101980e-11  2.95879561e-05  0.00000000e+00 
 2.96146469e-05  1.16866013e-06  2.96146469e-05 -2.46101310e-11  2.96146469e-05  0.00000000e+00 
 2.96413377e-05  1.14425526e-06  2.96413377e-05 -2.46101948e-11  2.96413377e-05  0.00000000e+00 
 2.96417633e-05  2.15780130e-06  2.96417633e-05  2.44792879e-07  2.96417633e-05  7.17899114e-03 
 2.96426145e-05  4.28335900e-06  2.96426145e-05  2.44792660e-07  2.96426145e-05  2.15369734e-02 
 2.96430953e-05  5.42327584e-06  2.96430953e-05  2.44792507e-07  2.96430953e-05  2.96466594e-02 
 2.96436026e-05  6.67559994e-06  2.96436026e-05  2.44792305e-07  2.96436026e-05  3.82048137e-02 
 2.96439744e-05  7.59596782e-06  2.96439744e-05  2.44792124e-07  2.96439744e-05  4.44754633e-02 
 2.96442857e-05  8.31694044e-06  2.96442857e-05  2.44791959e-07  2.96442857e-05  4.97272836e-02 
 2.96446068e-05  9.14318162e-06  2.96446068e-05  2.44791751e-07  2.96446068e-05  5.51431104e-02 
 2.96449769e-05  1.00203867e-05  2.96449769e-05  2.44791487e-07  2.96449769e-05  6.13868933e-02 
 2.96452710e-05  1.07288550e-05  2.96452710e-05  2.44791245e-07  2.96452710e-05  6.63470912e-02 
 2.96455258e-05  1.13875753e-05  2.96455258e-05  2.44790999e-07  2.96455258e-05  7.06449913e-02 
 2.96457892e-05  1.19902896e-05  2.96457892e-05  2.44790734e-07  2.96457892e-05  7.50892389e-02 
 2.96461019e-05  1.27626645e-05  2.96461019e-05  2.44790367e-07  2.96461019e-05  8.03629488e-02 
 2.96463375e-05  1.33620873e-05  2.96463375e-05  2.44790049e-07  2.96463375e-05  8.43379519e-02 
 2.96465849e-05  1.39214072e-05  2.96465849e-05  2.44789704e-07  2.96465849e-05  8.85103543e-02 
 2.96468150e-05  1.45006048e-05  2.96468150e-05  2.44789330e-07  2.96468150e-05  9.23930961e-02 
 2.96470214e-05  1.50261089e-05  2.96470214e-05  2.44788958e-07  2.96470214e-05  9.58738091e-02 
 2.96472133e-05  1.54537776e-05  2.96472133e-05  2.44788609e-07  2.96472133e-05  9.91108331e-02 
 2.96474144e-05  1.59496155e-05  2.96474144e-05  2.44788192e-07  2.96474144e-05  1.02502702e-01 
 2.96475824e-05  1.63915827e-05  2.96475824e-05  2.44787799e-07  2.96475824e-05  1.05336770e-01 
 2.96477709e-05  1.68215552e-05  2.96477709e-05  2.44787360e-07  2.96477709e-05  1.08516679e-01 
 2.96479798e-05  1.73138583e-05  2.96479798e-05  2.44786826e-07  2.96479798e-05  1.12040420e-01 
 2.96481625e-05  1.77971335e-05  2.96481625e-05  2.44786284e-07  2.96481625e-05  1.15122813e-01 
 2.96483528e-05  1.82460463e-05  2.96483528e-05  2.44785708e-07  2.96483528e-05  1.18331684e-01 
 2.96485196e-05  1.86205962e-05  2.96485196e-05  2.44785182e-07  2.96485196e-05  1.21145975e-01 
 2.96486924e-05  1.90699647e-05  2.96486924e-05  2.44784550e-07  2.96486924e-05  1.24060791e-01 
 2.96489212e-05  1.96375783e-05  2.96489212e-05  2.44783656e-07  2.96489212e-05  1.27920224e-01 
 2.96490908e-05  2.00113001e-05  2.96490908e-05  2.44782983e-07  2.96490908e-05  1.30782023e-01 
 2.96492716e-05  2.04643481e-05  2.96492716e-05  2.44782160e-07  2.96492716e-05  1.33831632e-01 
 2.96494401e-05  2.09034993e-05  2.96494401e-05  2.44781311e-07  2.96494401e-05  1.36673065e-01 
 2.96496196e-05  2.13078725e-05  2.96496196e-05  2.44780412e-07  2.96496196e-05  1.39700876e-01 
 2.96498212e-05  2.17852627e-05  2.96498212e-05  2.44779297e-07  2.96498212e-05  1.43101800e-01 
 2.96499928e-05  2.22398536e-05  2.96499928e-05  2.44778204e-07  2.96499928e-05  1.45996568e-01 
 2.96501782e-05  2.26762287e-05  2.96501782e-05  2.44777005e-07  2.96501782e-05  1.49124073e-01 
 2.96503421e-05  2.30427703e-05  2.96503421e-05  2.44775902e-07  2.96503421e-05  1.51888875e-01 
 2.96505114e-05  2.34817129e-05  2.96505114e-05  2.44774582e-07  2.96505114e-05  1.54744140e-01 
 2.96507409e-05  2.40518094e-05  2.96507409e-05  2.44772671e-07  2.96507409e-05  1.58615224e-01 
 2.96509114e-05  2.44267558e-05  2.96509114e-05  2.44771227e-07  2.96509114e-05  1.61491942e-01 
 2.96510919e-05  2.48769572e-05  2.96510919e-05  2.44769478e-07  2.96510919e-05  1.64537157e-01 
 2.96512577e-05  2.53097254e-05  2.96512577e-05  2.44767699e-07  2.96512577e-05  1.67333113e-01 
 2.96514364e-05  2.57127867e-05  2.96514364e-05  2.44765790e-07  2.96514364e-05  1.70346946e-01 
 2.96516445e-05  2.62032052e-05  2.96516445e-05  2.44763340e-07  2.96516445e-05  1.73857668e-01 
 2.96518215e-05  2.66704891e-05  2.96518215e-05  2.44760935e-07  2.96518215e-05  1.76842796e-01 
 2.96520089e-05  2.71107689e-05  2.96520089e-05  2.44758342e-07  2.96520089e-05  1.80004321e-01 
 2.96521744e-05  2.74807856e-05  2.96521744e-05  2.44755954e-07  2.96521744e-05  1.82796908e-01 
 2.96523454e-05  2.79238812e-05  2.96523454e-05  2.44753098e-07  2.96523454e-05  1.85681236e-01 
 2.96525735e-05  2.84886165e-05  2.96525735e-05  2.44749033e-07  2.96525735e-05  1.89528990e-01 
 2.96527430e-05  2.88603704e-05  2.96527430e-05  2.44745961e-07  2.96527430e-05  1.92387448e-01 
 2.96529233e-05  2.93098549e-05  2.96529233e-05  2.44742221e-07  2.96529233e-05  1.95428727e-01 
 2.96530899e-05  2.97438143e-05  2.96530899e-05  2.44738394e-07  2.96530899e-05  1.98240141e-01 
 2.96532687e-05  3.01458367e-05  2.96532687e-05  2.44734309e-07  2.96532687e-05  2.01255652e-01 
 2.96534741e-05  3.06293665e-05  2.96534741e-05  2.44729132e-07  2.96534741e-05  2.04719675e-01 
 2.96536488e-05  3.10904119e-05  2.96536488e-05  2.44724056e-07  2.96536488e-05  2.07667540e-01 
 2.96538354e-05  3.15279907e-05  2.96538354e-05  2.44718546e-07  2.96538354e-05  2.10814111e-01 
 2.96540000e-05  3.18949842e-05  2.96540000e-05  2.44713477e-07  2.96540000e-05  2.13591242e-01 
 2.96541702e-05  3.23350048e-05  2.96541702e-05  2.44707414e-07  2.96541702e-05  2.16461763e-01 
 2.96543995e-05  3.29023439e-05  2.96543995e-05  2.44698694e-07  2.96543995e-05  2.20329739e-01 
 2.96545698e-05  3.32754387e-05  2.96545698e-05  2.44692099e-07  2.96545698e-05  2.23202857e-01 
 2.96547504e-05  3.37247757e-05  2.96547504e-05  2.44684102e-07  2.96547504e-05  2.26249613e-01 
 2.96549169e-05  3.41576821e-05  2.96549169e-05  2.44675945e-07  2.96549169e-05  2.29057229e-01 
 2.96550958e-05  3.45594996e-05  2.96550958e-05  2.44667216e-07  2.96550958e-05  2.32074883e-01 
 2.96553022e-05  3.50447070e-05  2.96553022e-05  2.44656106e-07  2.96553022e-05  2.35557186e-01 
 2.96554778e-05  3.55071524e-05  2.96554778e-05  2.44645221e-07  2.96554778e-05  2.38518853e-01 
 2.96556647e-05  3.59448804e-05  2.96556647e-05  2.44633428e-07  2.96556647e-05  2.41672223e-01 
 2.96558299e-05  3.63127509e-05  2.96558299e-05  2.44622559e-07  2.96558299e-05  2.44458823e-01 
 2.96560005e-05  3.67534956e-05  2.96560005e-05  2.44609572e-07  2.96560005e-05  2.47336700e-01 
 2.96562290e-05  3.73176578e-05  2.96562290e-05  2.44591022e-07  2.96562290e-05  2.51190506e-01 
 2.96563988e-05  3.76889159e-05  2.96563988e-05  2.44576988e-07  2.96563988e-05  2.54054261e-01 
 2.96565792e-05  3.81373254e-05  2.96565792e-05  2.44559936e-07  2.96565792e-05  2.57097647e-01 
 2.96567458e-05  3.85700449e-05  2.96567458e-05  2.44542515e-07  2.96567458e-05  2.59908092e-01 
 2.96569246e-05  3.89711198e-05  2.96569246e-05  2.44523893e-07  2.96569246e-05  2.62925026e-01 
 2.96571305e-05  3.94544797e-05  2.96571305e-05  2.44500254e-07  2.96571305e-05  2.66397775e-01 
 2.96573057e-05  3.99154241e-05  2.96573057e-05  2.44477095e-07  2.96573057e-05  2.69352604e-01 
 2.96574925e-05  4.03523327e-05  2.96574925e-05  2.44451970e-07  2.96574925e-05  2.72503401e-01 
 2.96576576e-05  4.07194892e-05  2.96576576e-05  2.44428815e-07  2.96576576e-05  2.75288128e-01 
 2.96578281e-05  4.11595415e-05  2.96578281e-05  2.44401155e-07  2.96578281e-05  2.78164481e-01 
 2.96580568e-05  4.17240121e-05  2.96580568e-05  2.44361574e-07  2.96580568e-05  2.82023383e-01 
 2.96582269e-05  4.20955634e-05  2.96582269e-05  2.44331614e-07  2.96582269e-05  2.84891749e-01 
 2.96584075e-05  4.25440760e-05  2.96584075e-05  2.44295246e-07  2.96584075e-05  2.87938034e-01 
 2.96585743e-05  4.29770120e-05  2.96585743e-05  2.44258089e-07  2.96585743e-05  2.90752086e-01 
 2.96587533e-05  4.33782161e-05  2.96587533e-05  2.44218374e-07  2.96587533e-05  2.93772271e-01 
 2.96589592e-05  4.38613717e-05  2.96589592e-05  2.44168019e-07  2.96589592e-05  2.97244455e-01 
 2.96591343e-05  4.43220446e-05  2.96591343e-05  2.44118719e-07  2.96591343e-05  3.00198624e-01 
 2.96593212e-05  4.47589885e-05  2.96593212e-05  2.44065195e-07  2.96593212e-05  3.03351384e-01 
 2.96594867e-05  4.51271886e-05  2.96594867e-05  2.44015753e-07  2.96594867e-05  3.06143323e-01 
 2.96596575e-05  4.55680869e-05  2.96596575e-05  2.43956766e-07  2.96596575e-05  3.09024450e-01 
 2.96598858e-05  4.61310783e-05  2.96598858e-05  2.43872744e-07  2.96598858e-05  3.12874479e-01 
 2.96600556e-05  4.65022596e-05  2.96600556e-05  2.43809081e-07  2.96600556e-05  3.15739196e-01 
 2.96602362e-05  4.69511613e-05  2.96602362e-05  2.43731715e-07  2.96602362e-05  3.18785770e-01 
 2.96604035e-05  4.73853748e-05  2.96604035e-05  2.43652505e-07  2.96604035e-05  3.21607780e-01 
 2.96605828e-05  4.77872755e-05  2.96605828e-05  2.43567957e-07  2.96605828e-05  3.24631870e-01 
 2.96607881e-05  4.82698791e-05  2.96607881e-05  2.43461182e-07  2.96607881e-05  3.28094696e-01 
 2.96609628e-05  4.87300618e-05  2.96609628e-05  2.43356692e-07  2.96609628e-05  3.31042166e-01 
 2.96611498e-05  4.91676487e-05  2.96611498e-05  2.43243002e-07  2.96611498e-05  3.34195811e-01 
 2.96613159e-05  4.95380582e-05  2.96613159e-05  2.43137598e-07  2.96613159e-05  3.36997754e-01 
 2.96614871e-05  4.99809280e-05  2.96614871e-05  2.43012057e-07  2.96614871e-05  3.39885421e-01 
 2.96617148e-05  5.05435816e-05  2.96617148e-05  2.42834188e-07  2.96617148e-05  3.43726810e-01 
 2.96618846e-05  5.09157777e-05  2.96618846e-05  2.42699143e-07  2.96618846e-05  3.46590790e-01 
 2.96620654e-05  5.13668022e-05  2.96620654e-05  2.42534821e-07  2.96620654e-05  3.49641088e-01 
 2.96622337e-05  5.18046608e-05  2.96622337e-05  2.42365907e-07  2.96622337e-05  3.52480571e-01 
 2.96624136e-05  5.22092137e-05  2.96624136e-05  2.42186071e-07  2.96624136e-05  3.55514860e-01 
 2.96626179e-05  5.26921790e-05  2.96626179e-05  2.41960683e-07  2.96626179e-05  3.58961446e-01 
 2.96627920e-05  5.31525396e-05  2.96627920e-05  2.41740267e-07  2.96627920e-05  3.61897217e-01 
 2.96629791e-05  5.35925501e-05  2.96629791e-05  2.41499446e-07  2.96629791e-05  3.65054209e-01 
 2.96631467e-05  5.39690542e-05  2.96631467e-05  2.41274187e-07  2.96631467e-05  3.67880941e-01 
 2.96633189e-05  5.44173862e-05  2.96633189e-05  2.41006835e-07  2.96633189e-05  3.70784763e-01 
 2.96635452e-05  5.49794934e-05  2.96635452e-05  2.40633161e-07  2.96635452e-05  3.74602399e-01 
 2.96637147e-05  5.53542546e-05  2.96637147e-05  2.40348129e-07  2.96637147e-05  3.77461717e-01 
 2.96638959e-05  5.58104835e-05  2.96638959e-05  2.40000003e-07  2.96638959e-05  3.80518228e-01 
 2.96640665e-05  5.62571613e-05  2.96640665e-05  2.39638647e-07  2.96640665e-05  3.83396471e-01 
 2.96642477e-05  5.66682795e-05  2.96642477e-05  2.39256169e-07  2.96642477e-05  3.86452587e-01 
 2.96644499e-05  5.71528489e-05  2.96644499e-05  2.38784488e-07  2.96644499e-05  3.89863701e-01 
 2.96646225e-05  5.76144619e-05  2.96646225e-05  2.38323416e-07  2.96646225e-05  3.92775431e-01 
 2.96648100e-05  5.80603776e-05  2.96648100e-05  2.37815383e-07  2.96648100e-05  3.95938794e-01 
 2.96649809e-05  5.84512691e-05  2.96649809e-05  2.37330510e-07  2.96649809e-05  3.98821159e-01 
 2.96651552e-05  5.89124097e-05  2.96651552e-05  2.36759156e-07  2.96651552e-05  4.01761116e-01 
 2.96653786e-05  5.94743433e-05  2.96653786e-05  2.35983384e-07  2.96653786e-05  4.05529578e-01 
 2.96655478e-05  5.98558780e-05  2.96655478e-05  2.35384878e-07  2.96655478e-05  4.08382618e-01 
 2.96657298e-05  6.03242417e-05  2.96657298e-05  2.34648383e-07  2.96657298e-05  4.11452816e-01 
 2.96659059e-05  6.07920897e-05  2.96659059e-05  2.33865733e-07  2.96659059e-05  4.14423401e-01 
 2.96660902e-05  6.12191330e-05  2.96660902e-05  2.33047852e-07  2.96660902e-05  4.17532205e-01 
 2.96662881e-05  6.17085478e-05  2.96662881e-05  2.32073331e-07  2.96662881e-05  4.20871647e-01 
 2.96664583e-05  6.21747048e-05  2.96664583e-05  2.31119090e-07  2.96664583e-05  4.23742280e-01 
 2.96666467e-05  6.26337954e-05  2.96666467e-05  2.30051697e-07  2.96666467e-05  4.26920063e-01 
 2.96668262e-05  6.30614695e-05  2.96668262e-05  2.28978188e-07  2.96668262e-05  4.29948444e-01 
 2.96670062e-05  6.35541889e-05  2.96670062e-05  2.27734861e-07  2.96670062e-05  4.32983363e-01 
 2.96672231e-05  6.41143011e-05  2.96672231e-05  2.26159934e-07  2.96672231e-05  4.36642662e-01 
 2.96673925e-05  6.45139443e-05  2.96673925e-05  2.24902217e-07  2.96673925e-05  4.39500231e-01 
 2.96675764e-05  6.50104795e-05  2.96675764e-05  2.23336101e-07  2.96675764e-05  4.42602532e-01 
 2.96677690e-05  6.55373497e-05  2.96677690e-05  2.21550526e-07  2.96677690e-05  4.45851925e-01 
 2.96679631e-05  6.60085753e-05  2.96679631e-05  2.19740230e-07  2.96679631e-05  4.49125666e-01 
 2.96681529e-05  6.65125246e-05  2.96681529e-05  2.17751330e-07  2.96681529e-05  4.52327751e-01 
 2.96683226e-05  6.69994691e-05  2.96683226e-05  2.15756138e-07  2.96683226e-05  4.55189557e-01 
 2.96685138e-05  6.74878588e-05  2.96685138e-05  2.13500676e-07  2.96685138e-05  4.58415038e-01 
 2.96687237e-05  6.80366923e-05  2.96687237e-05  2.10815247e-07  2.96687237e-05  4.61955883e-01 
 2.96689294e-05  6.86394115e-05  2.96689294e-05  2.07777852e-07  2.96689294e-05  4.65425430e-01 
 2.96691318e-05  6.91847168e-05  2.96691318e-05  2.04702013e-07  2.96691318e-05  4.68840076e-01 
 2.96693247e-05  6.96952941e-05  2.96693247e-05  2.01604215e-07  2.96693247e-05  4.72093981e-01 
 2.96695219e-05  7.02891785e-05  2.96695219e-05  1.97940934e-07  2.96695219e-05  4.75420627e-01 
 2.96697574e-05  7.09632098e-05  2.96697574e-05  1.93341655e-07  2.96697574e-05  4.79393032e-01 
 2.96699520e-05  7.14952747e-05  2.96699520e-05  1.89376457e-07  2.96699520e-05  4.82675470e-01 
 2.96701589e-05  7.21383479e-05  2.96701589e-05  1.84497498e-07  2.96701589e-05  4.86164975e-01 
 2.96704384e-05  7.29851207e-05  2.96704384e-05  1.77423137e-07  2.96704384e-05  4.90879753e-01 
 2.96706630e-05  7.36408440e-05  2.96706630e-05  1.71413081e-07  2.96706630e-05  4.94668127e-01 
 2.96708948e-05  7.44051647e-05  2.96708948e-05  1.64191028e-07  2.96708948e-05  4.98579045e-01 
 2.96712628e-05  7.55913344e-05  2.96712628e-05  1.51727215e-07  2.96712628e-05  5.04786310e-01 
 2.96715524e-05  7.65395397e-05  2.96715524e-05  1.40812781e-07  2.96715524e-05  5.09671766e-01 
 2.96718471e-05  7.76069918e-05  2.96718471e-05  1.27786885e-07  2.96718471e-05  5.14641643e-01 
 2.96721808e-05  7.87816744e-05  2.96721808e-05  1.11983063e-07  2.96721808e-05  5.20270516e-01 
 2.96726156e-05  8.04526509e-05  2.96726156e-05  8.76635471e-08  2.96726156e-05  5.27604840e-01 
 2.96730283e-05  8.21528060e-05  2.96730283e-05  6.04617849e-08  2.96730283e-05  5.34566829e-01 
 2.96734104e-05  8.37788738e-05  2.96734104e-05  3.22310344e-08  2.96734104e-05  5.41012684e-01 
 2.96738464e-05  8.58678675e-05  2.96738464e-05 -6.75743006e-09  2.96738464e-05  5.48366754e-01 
 2.96744037e-05  8.87140298e-05  2.96744037e-05 -6.44682613e-08  2.96744037e-05  5.57768354e-01 
 2.96752483e-05  9.38331769e-05  2.96752483e-05 -1.78917281e-07  2.96752483e-05  5.72014199e-01 
 2.96760652e-05  9.98168123e-05  2.96760652e-05 -3.25703593e-07  2.96760652e-05  5.85794737e-01 
 2.96770437e-05  1.08884690e-04  2.96770437e-05 -5.65017693e-07  2.96770437e-05  6.02300680e-01 
 2.96781994e-05  1.23334072e-04  2.96781994e-05 -9.69783315e-07  2.96781994e-05  6.21794310e-01 
 2.96797277e-05  1.51789095e-04  2.96797277e-05 -1.79139894e-06  2.96797277e-05  6.47575174e-01 
 2.96817266e-05  2.16011985e-04  2.96817266e-05 -3.66087321e-06  2.96817266e-05  6.81292318e-01 
 2.96857243e-05  5.65365857e-04  2.96857243e-05 -1.28159800e-05  2.96857243e-05  7.48726605e-01 
 2.96897988e-05  1.64445510e-03  2.96897988e-05 -3.89842694e-05  2.96897988e-05  8.17457990e-01 
 2.96949702e-05  5.81787916e-03  2.96949702e-05 -1.21169203e-04  2.96949702e-05  9.04690151e-01 
 2.97010497e-05  1.86601906e-02  2.97010497e-05 -3.01537641e-04  2.97010497e-05  1.00724109e+00 
 2.97093478e-05  5.61259177e-02  2.97093478e-05 -6.07152228e-04  2.97093478e-05  1.14721616e+00 
 2.97223079e-05  1.56512826e-01  2.97223079e-05 -9.62263964e-04  2.97223079e-05  1.36583217e+00 
 2.97357607e-05  2.93513717e-01  2.97357607e-05 -1.11911106e-03  2.97357607e-05  1.59275834e+00 
 2.97581360e-05  5.45466723e-01  2.97581360e-05 -1.21670581e-03  2.97581360e-05  1.97019160e+00 
 2.97820101e-05  8.26358789e-01  2.97820101e-05 -1.27350431e-03  2.97820101e-05  2.37290816e+00 
 2.98116514e-05  1.18349125e+00  2.98116514e-05 -1.33710456e-03  2.98116514e-05  2.87290816e+00 
 2.98412928e-05  1.54769304e+00  2.98412928e-05 -1.39334208e-03  2.98412928e-05  3.37290816e+00 
 2.98709341e-05  1.91677257e+00  2.98709341e-05 -1.44334474e-03  2.98709341e-05  3.87290816e+00 
 2.99005754e-05  2.28933883e+00  2.99005754e-05 -1.49102584e-03  2.99005754e-05  4.37290816e+00 
 2.99191633e-05  2.52434271e+00  2.99191633e-05 -1.51884541e-03  2.99191633e-05  4.68645408e+00 
 2.99377511e-05  2.76018620e+00  2.99377511e-05 -1.54713770e-03  2.99377511e-05  5.00000000e+00 
 2.99407152e-05  2.79331209e+00  2.99407152e-05 -1.39799605e-03  2.99407152e-05  5.00000000e+00 
 2.99466435e-05  2.85083244e+00  2.99466435e-05 -1.10925502e-03  2.99466435e-05  5.00000000e+00 
 2.99585001e-05  2.92732396e+00  2.99585001e-05 -7.60420297e-04  2.99585001e-05  5.00000000e+00 
 2.99722333e-05  2.97818189e+00  2.99722333e-05 -5.71642052e-04  2.99722333e-05  5.00000000e+00 
 2.99897218e-05  3.01470444e+00  2.99897218e-05 -4.45826929e-04  2.99897218e-05  5.00000000e+00 
 3.00069333e-05  3.03449507e+00  3.00069333e-05 -3.89316361e-04  3.00069333e-05  5.00000000e+00 
 3.00365746e-05  3.05194508e+00  3.00365746e-05 -3.37213890e-04  3.00365746e-05  5.00000000e+00 
 3.00662160e-05  3.05895347e+00  3.00662160e-05 -3.21210919e-04  3.00662160e-05  5.00000000e+00 
 3.00958573e-05  3.06190979e+00  3.00958573e-05 -3.10853517e-04  3.00958573e-05  5.00000000e+00 
 3.01254987e-05  3.06315518e+00  3.01254987e-05 -3.10058457e-04  3.01254987e-05  5.00000000e+00 
 3.01551400e-05  3.06370102e+00  3.01551400e-05 -3.06321592e-04  3.01551400e-05  5.00000000e+00 
 3.01847813e-05  3.06393466e+00  3.01847813e-05 -3.08013450e-04  3.01847813e-05  5.00000000e+00 
 3.02144227e-05  3.06404180e+00  3.02144227e-05 -3.05514636e-04  3.02144227e-05  5.00000000e+00 
 3.02440640e-05  3.06408232e+00  3.02440640e-05 -3.07565160e-04  3.02440640e-05  5.00000000e+00 
 3.02737053e-05  3.06410626e+00  3.02737053e-05 -3.05421710e-04  3.02737053e-05  5.00000000e+00 
 3.03033467e-05  3.06411070e+00  3.03033467e-05 -3.07424041e-04  3.03033467e-05  5.00000000e+00 
 3.03329880e-05  3.06411881e+00  3.03329880e-05 -3.05459554e-04  3.03329880e-05  5.00000000e+00 
 3.03626294e-05  3.06411666e+00  3.03626294e-05 -3.07343894e-04  3.03626294e-05  5.00000000e+00 
 3.03922707e-05  3.06412157e+00  3.03922707e-05 -3.05518646e-04  3.03922707e-05  5.00000000e+00 
 3.04219120e-05  3.06411834e+00  3.04219120e-05 -3.07278320e-04  3.04219120e-05  5.00000000e+00 
 3.04515534e-05  3.06412245e+00  3.04515534e-05 -3.05578668e-04  3.04515534e-05  5.00000000e+00 
 3.04811947e-05  3.06411916e+00  3.04811947e-05 -3.07218443e-04  3.04811947e-05  5.00000000e+00 
 3.05108360e-05  3.06412292e+00  3.05108360e-05 -3.05635994e-04  3.05108360e-05  5.00000000e+00 
 3.05404774e-05  3.06412063e+00  3.05404774e-05 -3.07168378e-04  3.05404774e-05  5.00000000e+00 
 3.05701187e-05  3.06412536e+00  3.05701187e-05 -3.05692659e-04  3.05701187e-05  5.00000000e+00 
 3.05997601e-05  3.06412202e+00  3.05997601e-05 -3.07105277e-04  3.05997601e-05  5.00000000e+00 
 3.06294014e-05  3.06412433e+00  3.06294014e-05 -3.05739158e-04  3.06294014e-05  5.00000000e+00 
 3.06590427e-05  3.06412106e+00  3.06590427e-05 -3.07059402e-04  3.06590427e-05  5.00000000e+00 
 3.06886841e-05  3.06412397e+00  3.06886841e-05 -3.05788676e-04  3.06886841e-05  5.00000000e+00 
 3.07183254e-05  3.06412120e+00  3.07183254e-05 -3.07013472e-04  3.07183254e-05  5.00000000e+00 
 3.07479667e-05  3.06412407e+00  3.07479667e-05 -3.05834111e-04  3.07479667e-05  5.00000000e+00 
 3.07776081e-05  3.06412151e+00  3.07776081e-05 -3.06969748e-04  3.07776081e-05  5.00000000e+00 
 3.08072494e-05  3.06412423e+00  3.08072494e-05 -3.05876635e-04  3.08072494e-05  5.00000000e+00 
 3.08368908e-05  3.06412182e+00  3.08368908e-05 -3.06928520e-04  3.08368908e-05  5.00000000e+00 
 3.08665321e-05  3.06412439e+00  3.08665321e-05 -3.05916598e-04  3.08665321e-05  5.00000000e+00 
 3.08961734e-05  3.06412211e+00  3.08961734e-05 -3.06889721e-04  3.08961734e-05  5.00000000e+00 
 3.09258148e-05  3.06412452e+00  3.09258148e-05 -3.05954180e-04  3.09258148e-05  5.00000000e+00 
 3.09554561e-05  3.06412236e+00  3.09554561e-05 -3.06853229e-04  3.09554561e-05  5.00000000e+00 
 3.09850974e-05  3.06412463e+00  3.09850974e-05 -3.05989525e-04  3.09850974e-05  5.00000000e+00 
 3.10147388e-05  3.06412259e+00  3.10147388e-05 -3.06818912e-04  3.10147388e-05  5.00000000e+00 
 3.10443801e-05  3.06412472e+00  3.10443801e-05 -3.06022761e-04  3.10443801e-05  5.00000000e+00 
 3.10740215e-05  3.06412279e+00  3.10740215e-05 -3.06786647e-04  3.10740215e-05  5.00000000e+00 
 3.11036628e-05  3.06412480e+00  3.11036628e-05 -3.06054010e-04  3.11036628e-05  5.00000000e+00 
 3.11333041e-05  3.06412297e+00  3.11333041e-05 -3.06756316e-04  3.11333041e-05  5.00000000e+00 
 3.11629455e-05  3.06412486e+00  3.11629455e-05 -3.06083385e-04  3.11629455e-05  5.00000000e+00 
 3.11925868e-05  3.06412314e+00  3.11925868e-05 -3.06727807e-04  3.11925868e-05  5.00000000e+00 
 3.12222281e-05  3.06412491e+00  3.12222281e-05 -3.06110995e-04  3.12222281e-05  5.00000000e+00 
 3.12518695e-05  3.06412328e+00  3.12518695e-05 -3.06701016e-04  3.12518695e-05  5.00000000e+00 
 3.12815108e-05  3.06412495e+00  3.12815108e-05 -3.06136940e-04  3.12815108e-05  5.00000000e+00 
 3.13111522e-05  3.06412341e+00  3.13111522e-05 -3.06675844e-04  3.13111522e-05  5.00000000e+00 
 3.13407935e-05  3.06412498e+00  3.13407935e-05 -3.06161315e-04  3.13407935e-05  5.00000000e+00 
 3.13704348e-05  3.06412353e+00  3.13704348e-05 -3.06652199e-04  3.13704348e-05  5.00000000e+00 
 3.14000762e-05  3.06412500e+00  3.14000762e-05 -3.06184212e-04  3.14000762e-05  5.00000000e+00 
 3.14297175e-05  3.06412363e+00  3.14297175e-05 -3.06629991e-04  3.14297175e-05  5.00000000e+00 
 3.14593589e-05  3.06412502e+00  3.14593589e-05 -3.06205715e-04  3.14593589e-05  5.00000000e+00 
 3.14890002e-05  3.06412372e+00  3.14890002e-05 -3.06609139e-04  3.14890002e-05  5.00000000e+00 
 3.15186415e-05  3.06412503e+00  3.15186415e-05 -3.06225903e-04  3.15186415e-05  5.00000000e+00 
 3.15482829e-05  3.06412381e+00  3.15482829e-05 -3.06589565e-04  3.15482829e-05  5.00000000e+00 
 3.15779242e-05  3.06412503e+00  3.15779242e-05 -3.06244854e-04  3.15779242e-05  5.00000000e+00 
 3.16075655e-05  3.06412388e+00  3.16075655e-05 -3.06571194e-04  3.16075655e-05  5.00000000e+00 
 3.16372069e-05  3.06412504e+00  3.16372069e-05 -3.06262638e-04  3.16372069e-05  5.00000000e+00 
 3.16668482e-05  3.06412395e+00  3.16668482e-05 -3.06553957e-04  3.16668482e-05  5.00000000e+00 
 3.16964896e-05  3.06412504e+00  3.16964896e-05 -3.06279322e-04  3.16964896e-05  5.00000000e+00 
 3.17261309e-05  3.06412401e+00  3.17261309e-05 -3.06537789e-04  3.17261309e-05  5.00000000e+00 
 3.17557722e-05  3.06412503e+00  3.17557722e-05 -3.06294970e-04  3.17557722e-05  5.00000000e+00 
 3.17854136e-05  3.06412406e+00  3.17854136e-05 -3.06522628e-04  3.17854136e-05  5.00000000e+00 
 3.18150549e-05  3.06412503e+00  3.18150549e-05 -3.06309642e-04  3.18150549e-05  5.00000000e+00 
 3.18446962e-05  3.06412411e+00  3.18446962e-05 -3.06508415e-04  3.18446962e-05  5.00000000e+00 
 3.18743376e-05  3.06412502e+00  3.18743376e-05 -3.06323393e-04  3.18743376e-05  5.00000000e+00 
 3.19039789e-05  3.06412415e+00  3.19039789e-05 -3.06495097e-04  3.19039789e-05  5.00000000e+00 
 3.19336203e-05  3.06412501e+00  3.19336203e-05 -3.06336278e-04  3.19336203e-05  5.00000000e+00 
 3.19632616e-05  3.06412419e+00  3.19632616e-05 -3.06482621e-04  3.19632616e-05  5.00000000e+00 
 3.19929029e-05  3.06412500e+00  3.19929029e-05 -3.06348346e-04  3.19929029e-05  5.00000000e+00 
 3.20225443e-05  3.06412423e+00  3.20225443e-05 -3.06470938e-04  3.20225443e-05  5.00000000e+00 
 3.20521856e-05  3.06412499e+00  3.20521856e-05 -3.06359645e-04  3.20521856e-05  5.00000000e+00 
 3.20818269e-05  3.06412426e+00  3.20818269e-05 -3.06460002e-04  3.20818269e-05  5.00000000e+00 
 3.21114683e-05  3.06412497e+00  3.21114683e-05 -3.06370219e-04  3.21114683e-05  5.00000000e+00 
 3.21411096e-05  3.06412429e+00  3.21411096e-05 -3.06449771e-04  3.21411096e-05  5.00000000e+00 
 3.21707510e-05  3.06412496e+00  3.21707510e-05 -3.06380110e-04  3.21707510e-05  5.00000000e+00 
 3.22003923e-05  3.06412432e+00  3.22003923e-05 -3.06440202e-04  3.22003923e-05  5.00000000e+00 
 3.22300336e-05  3.06412495e+00  3.22300336e-05 -3.06389359e-04  3.22300336e-05  5.00000000e+00 
 3.22596750e-05  3.06412434e+00  3.22596750e-05 -3.06431258e-04  3.22596750e-05  5.00000000e+00 
 3.22893163e-05  3.06412494e+00  3.22893163e-05 -3.06398001e-04  3.22893163e-05  5.00000000e+00 
 3.23189576e-05  3.06412436e+00  3.23189576e-05 -3.06422902e-04  3.23189576e-05  5.00000000e+00 
 3.23485990e-05  3.06412492e+00  3.23485990e-05 -3.06406074e-04  3.23485990e-05  5.00000000e+00 
 3.23782403e-05  3.06412438e+00  3.23782403e-05 -3.06415100e-04  3.23782403e-05  5.00000000e+00 
 3.24078817e-05  3.06412491e+00  3.24078817e-05 -3.06413609e-04  3.24078817e-05  5.00000000e+00 
 3.24375230e-05  3.06412440e+00  3.24375230e-05 -3.06407819e-04  3.24375230e-05  5.00000000e+00 
 3.24671643e-05  3.06412490e+00  3.24671643e-05 -3.06420639e-04  3.24671643e-05  5.00000000e+00 
 3.24968057e-05  3.06412442e+00  3.24968057e-05 -3.06401029e-04  3.24968057e-05  5.00000000e+00 
 3.25264470e-05  3.06412488e+00  3.25264470e-05 -3.06427193e-04  3.25264470e-05  5.00000000e+00 
 3.25560883e-05  3.06412443e+00  3.25560883e-05 -3.06394701e-04  3.25560883e-05  5.00000000e+00 
 3.25857297e-05  3.06412487e+00  3.25857297e-05 -3.06433298e-04  3.25857297e-05  5.00000000e+00 
 3.26153710e-05  3.06412445e+00  3.26153710e-05 -3.06388809e-04  3.26153710e-05  5.00000000e+00 
 3.26450124e-05  3.06412486e+00  3.26450124e-05 -3.06438981e-04  3.26450124e-05  5.00000000e+00 
 3.26746537e-05  3.06412446e+00  3.26746537e-05 -3.06383326e-04  3.26746537e-05  5.00000000e+00 
 3.27042950e-05  3.06412485e+00  3.27042950e-05 -3.06444267e-04  3.27042950e-05  5.00000000e+00 
 3.27339364e-05  3.06412447e+00  3.27339364e-05 -3.06378229e-04  3.27339364e-05  5.00000000e+00 
 3.27635777e-05  3.06412484e+00  3.27635777e-05 -3.06449180e-04  3.27635777e-05  5.00000000e+00 
 3.27932190e-05  3.06412448e+00  3.27932190e-05 -3.06373494e-04  3.27932190e-05  5.00000000e+00 
 3.28228604e-05  3.06412483e+00  3.28228604e-05 -3.06453740e-04  3.28228604e-05  5.00000000e+00 
 3.28525017e-05  3.06412449e+00  3.28525017e-05 -3.06369101e-04  3.28525017e-05  5.00000000e+00 
 3.28821431e-05  3.06412481e+00  3.28821431e-05 -3.06457970e-04  3.28821431e-05  5.00000000e+00 
 3.29117844e-05  3.06412450e+00  3.29117844e-05 -3.06365029e-04  3.29117844e-05  5.00000000e+00 
 3.29414257e-05  3.06412480e+00  3.29414257e-05 -3.06461888e-04  3.29414257e-05  5.00000000e+00 
 3.29710671e-05  3.06412451e+00  3.29710671e-05 -3.06361259e-04  3.29710671e-05  5.00000000e+00 
 3.30007084e-05  3.06412479e+00  3.30007084e-05 -3.06465513e-04  3.30007084e-05  5.00000000e+00 
 3.30303498e-05  3.06412452e+00  3.30303498e-05 -3.06357773e-04  3.30303498e-05  5.00000000e+00 
 3.30599911e-05  3.06412479e+00  3.30599911e-05 -3.06468862e-04  3.30599911e-05  5.00000000e+00 
 3.30896324e-05  3.06412452e+00  3.30896324e-05 -3.06354555e-04  3.30896324e-05  5.00000000e+00 
 3.31192738e-05  3.06412478e+00  3.31192738e-05 -3.06471953e-04  3.31192738e-05  5.00000000e+00 
 3.31489151e-05  3.06412453e+00  3.31489151e-05 -3.06351588e-04  3.31489151e-05  5.00000000e+00 
 3.31785564e-05  3.06412477e+00  3.31785564e-05 -3.06474799e-04  3.31785564e-05  5.00000000e+00 
 3.32081978e-05  3.06412454e+00  3.32081978e-05 -3.06348857e-04  3.32081978e-05  5.00000000e+00 
 3.32378391e-05  3.06412476e+00  3.32378391e-05 -3.06477417e-04  3.32378391e-05  5.00000000e+00 
 3.32674805e-05  3.06412454e+00  3.32674805e-05 -3.06346349e-04  3.32674805e-05  5.00000000e+00 
 3.32971218e-05  3.06412475e+00  3.32971218e-05 -3.06479819e-04  3.32971218e-05  5.00000000e+00 
 3.33267631e-05  3.06412455e+00  3.33267631e-05 -3.06344049e-04  3.33267631e-05  5.00000000e+00 
 3.33564045e-05  3.06412475e+00  3.33564045e-05 -3.06482019e-04  3.33564045e-05  5.00000000e+00 
 3.33860458e-05  3.06412455e+00  3.33860458e-05 -3.06341946e-04  3.33860458e-05  5.00000000e+00 
 3.34156871e-05  3.06412474e+00  3.34156871e-05 -3.06484028e-04  3.34156871e-05  5.00000000e+00 
 3.34453285e-05  3.06412456e+00  3.34453285e-05 -3.06340027e-04  3.34453285e-05  5.00000000e+00 
 3.34749698e-05  3.06412473e+00  3.34749698e-05 -3.06485859e-04  3.34749698e-05  5.00000000e+00 
 3.35046112e-05  3.06412456e+00  3.35046112e-05 -3.06338281e-04  3.35046112e-05  5.00000000e+00 
 3.35342525e-05  3.06412473e+00  3.35342525e-05 -3.06487522e-04  3.35342525e-05  5.00000000e+00 
 3.35638938e-05  3.06412457e+00  3.35638938e-05 -3.06336698e-04  3.35638938e-05  5.00000000e+00 
 3.35935352e-05  3.06412472e+00  3.35935352e-05 -3.06489028e-04  3.35935352e-05  5.00000000e+00 
 3.36231765e-05  3.06412457e+00  3.36231765e-05 -3.06335268e-04  3.36231765e-05  5.00000000e+00 
 3.36528178e-05  3.06412471e+00  3.36528178e-05 -3.06490385e-04  3.36528178e-05  5.00000000e+00 
 3.36824592e-05  3.06412457e+00  3.36824592e-05 -3.06333981e-04  3.36824592e-05  5.00000000e+00 
 3.37121005e-05  3.06412471e+00  3.37121005e-05 -3.06491604e-04  3.37121005e-05  5.00000000e+00 
 3.37417419e-05  3.06412458e+00  3.37417419e-05 -3.06332829e-04  3.37417419e-05  5.00000000e+00 
 3.37713832e-05  3.06412470e+00  3.37713832e-05 -3.06492692e-04  3.37713832e-05  5.00000000e+00 
 3.38010245e-05  3.06412458e+00  3.38010245e-05 -3.06331803e-04  3.38010245e-05  5.00000000e+00 
 3.38306659e-05  3.06412470e+00  3.38306659e-05 -3.06493658e-04  3.38306659e-05  5.00000000e+00 
 3.38603072e-05  3.06412458e+00  3.38603072e-05 -3.06330895e-04  3.38603072e-05  5.00000000e+00 
 3.38899485e-05  3.06412470e+00  3.38899485e-05 -3.06494509e-04  3.38899485e-05  5.00000000e+00 
 3.39195899e-05  3.06412459e+00  3.39195899e-05 -3.06330098e-04  3.39195899e-05  5.00000000e+00 
 3.39492312e-05  3.06412469e+00  3.39492312e-05 -3.06495253e-04  3.39492312e-05  5.00000000e+00 
 3.39788726e-05  3.06412459e+00  3.39788726e-05 -3.06329406e-04  3.39788726e-05  5.00000000e+00 
 3.40085139e-05  3.06412469e+00  3.40085139e-05 -3.06495896e-04  3.40085139e-05  5.00000000e+00 
 3.40381552e-05  3.06412459e+00  3.40381552e-05 -3.06328811e-04  3.40381552e-05  5.00000000e+00 
 3.40677966e-05  3.06412468e+00  3.40677966e-05 -3.06496445e-04  3.40677966e-05  5.00000000e+00 
 3.40974379e-05  3.06412459e+00  3.40974379e-05 -3.06328307e-04  3.40974379e-05  5.00000000e+00 
 3.41270792e-05  3.06412468e+00  3.41270792e-05 -3.06496905e-04  3.41270792e-05  5.00000000e+00 
 3.41567206e-05  3.06412460e+00  3.41567206e-05 -3.06327889e-04  3.41567206e-05  5.00000000e+00 
 3.41863619e-05  3.06412468e+00  3.41863619e-05 -3.06497282e-04  3.41863619e-05  5.00000000e+00 
 3.42160033e-05  3.06412460e+00  3.42160033e-05 -3.06327551e-04  3.42160033e-05  5.00000000e+00 
 3.42456446e-05  3.06412468e+00  3.42456446e-05 -3.06497582e-04  3.42456446e-05  5.00000000e+00 
 3.42752859e-05  3.06412460e+00  3.42752859e-05 -3.06327288e-04  3.42752859e-05  5.00000000e+00 
 3.43049273e-05  3.06412467e+00  3.43049273e-05 -3.06497810e-04  3.43049273e-05  5.00000000e+00 
 3.43345686e-05  3.06412460e+00  3.43345686e-05 -3.06327095e-04  3.43345686e-05  5.00000000e+00 
 3.43642099e-05  3.06412467e+00  3.43642099e-05 -3.06497969e-04  3.43642099e-05  5.00000000e+00 
 3.43938513e-05  3.06412460e+00  3.43938513e-05 -3.06326968e-04  3.43938513e-05  5.00000000e+00 
 3.44234926e-05  3.06412467e+00  3.44234926e-05 -3.06498066e-04  3.44234926e-05  5.00000000e+00 
 3.44531340e-05  3.06412461e+00  3.44531340e-05 -3.06326902e-04  3.44531340e-05  5.00000000e+00 
 3.44827753e-05  3.06412467e+00  3.44827753e-05 -3.06498103e-04  3.44827753e-05  5.00000000e+00 
 3.45124166e-05  3.06412461e+00  3.45124166e-05 -3.06326893e-04  3.45124166e-05  5.00000000e+00 
 3.45420580e-05  3.06412466e+00  3.45420580e-05 -3.06498085e-04  3.45420580e-05  5.00000000e+00 
 3.45716993e-05  3.06412461e+00  3.45716993e-05 -3.06326937e-04  3.45716993e-05  5.00000000e+00 
 3.46013407e-05  3.06412466e+00  3.46013407e-05 -3.06498016e-04  3.46013407e-05  5.00000000e+00 
 3.46309820e-05  3.06412461e+00  3.46309820e-05 -3.06327031e-04  3.46309820e-05  5.00000000e+00 
 3.46606233e-05  3.06412466e+00  3.46606233e-05 -3.06497898e-04  3.46606233e-05  5.00000000e+00 
 3.46902647e-05  3.06412461e+00  3.46902647e-05 -3.06327171e-04  3.46902647e-05  5.00000000e+00 
 3.47199060e-05  3.06412466e+00  3.47199060e-05 -3.06497736e-04  3.47199060e-05  5.00000000e+00 
 3.47495473e-05  3.06412461e+00  3.47495473e-05 -3.06327354e-04  3.47495473e-05  5.00000000e+00 
 3.47791887e-05  3.06412466e+00  3.47791887e-05 -3.06497533e-04  3.47791887e-05  5.00000000e+00 
 3.48088300e-05  3.06412462e+00  3.48088300e-05 -3.06327578e-04  3.48088300e-05  5.00000000e+00 
 3.48384714e-05  3.06412465e+00  3.48384714e-05 -3.06497290e-04  3.48384714e-05  5.00000000e+00 
 3.48681127e-05  3.06412462e+00  3.48681127e-05 -3.06327838e-04  3.48681127e-05  5.00000000e+00 
 3.48977540e-05  3.06412465e+00  3.48977540e-05 -3.06497012e-04  3.48977540e-05  5.00000000e+00 
 3.49273954e-05  3.06412462e+00  3.49273954e-05 -3.06328134e-04  3.49273954e-05  5.00000000e+00 
 3.49570367e-05  3.06412465e+00  3.49570367e-05 -3.06496700e-04  3.49570367e-05  5.00000000e+00 
 3.49866780e-05  3.06412462e+00  3.49866780e-05 -3.06328461e-04  3.49866780e-05  5.00000000e+00 
 3.50163194e-05  3.06412465e+00  3.50163194e-05 -3.06496357e-04  3.50163194e-05  5.00000000e+00 
 3.50459607e-05  3.06412462e+00  3.50459607e-05 -3.06328819e-04  3.50459607e-05  5.00000000e+00 
 3.50756021e-05  3.06412465e+00  3.50756021e-05 -3.06495986e-04  3.50756021e-05  5.00000000e+00 
 3.51052434e-05  3.06412462e+00  3.51052434e-05 -3.06329204e-04  3.51052434e-05  5.00000000e+00 
 3.51348847e-05  3.06412465e+00  3.51348847e-05 -3.06495588e-04  3.51348847e-05  5.00000000e+00 
 3.51645261e-05  3.06412462e+00  3.51645261e-05 -3.06329614e-04  3.51645261e-05  5.00000000e+00 
 3.51941674e-05  3.06412465e+00  3.51941674e-05 -3.06495166e-04  3.51941674e-05  5.00000000e+00 
 3.52238087e-05  3.06412462e+00  3.52238087e-05 -3.06330048e-04  3.52238087e-05  5.00000000e+00 
 3.52534501e-05  3.06412465e+00  3.52534501e-05 -3.06494721e-04  3.52534501e-05  5.00000000e+00 
 3.52830914e-05  3.06412463e+00  3.52830914e-05 -3.06330504e-04  3.52830914e-05  5.00000000e+00 
 3.53127328e-05  3.06412465e+00  3.53127328e-05 -3.06494255e-04  3.53127328e-05  5.00000000e+00 
 3.53423741e-05  3.06412463e+00  3.53423741e-05 -3.06330980e-04  3.53423741e-05  5.00000000e+00 
 3.53720154e-05  3.06412465e+00  3.53720154e-05 -3.06493770e-04  3.53720154e-05  5.00000000e+00 
 3.54016568e-05  3.06412463e+00  3.54016568e-05 -3.06331473e-04  3.54016568e-05  5.00000000e+00 
 3.54312981e-05  3.06412465e+00  3.54312981e-05 -3.06493268e-04  3.54312981e-05  5.00000000e+00 
 3.54609394e-05  3.06412463e+00  3.54609394e-05 -3.06331984e-04  3.54609394e-05  5.00000000e+00 
 3.54905808e-05  3.06412465e+00  3.54905808e-05 -3.06492749e-04  3.54905808e-05  5.00000000e+00 
 3.55202221e-05  3.06412463e+00  3.55202221e-05 -3.06332510e-04  3.55202221e-05  5.00000000e+00 
 3.55498635e-05  3.06412464e+00  3.55498635e-05 -3.06492216e-04  3.55498635e-05  5.00000000e+00 
 3.55795048e-05  3.06412463e+00  3.55795048e-05 -3.06333051e-04  3.55795048e-05  5.00000000e+00 
 3.56091461e-05  3.06412464e+00  3.56091461e-05 -3.06491669e-04  3.56091461e-05  5.00000000e+00 
 3.56387875e-05  3.06412463e+00  3.56387875e-05 -3.06333603e-04  3.56387875e-05  5.00000000e+00 
 3.56684288e-05  3.06412464e+00  3.56684288e-05 -3.06491111e-04  3.56684288e-05  5.00000000e+00 
 3.56980701e-05  3.06412463e+00  3.56980701e-05 -3.06334168e-04  3.56980701e-05  5.00000000e+00 
 3.57277115e-05  3.06412464e+00  3.57277115e-05 -3.06490541e-04  3.57277115e-05  5.00000000e+00 
 3.57573528e-05  3.06412463e+00  3.57573528e-05 -3.06334743e-04  3.57573528e-05  5.00000000e+00 
 3.57869942e-05  3.06412464e+00  3.57869942e-05 -3.06489961e-04  3.57869942e-05  5.00000000e+00 
 3.58166355e-05  3.06412463e+00  3.58166355e-05 -3.06335327e-04  3.58166355e-05  5.00000000e+00 
 3.58462768e-05  3.06412464e+00  3.58462768e-05 -3.06489373e-04  3.58462768e-05  5.00000000e+00 
 3.58759182e-05  3.06412463e+00  3.58759182e-05 -3.06335920e-04  3.58759182e-05  5.00000000e+00 
 3.59055595e-05  3.06412464e+00  3.59055595e-05 -3.06488776e-04  3.59055595e-05  5.00000000e+00 
 3.59352008e-05  3.06412463e+00  3.59352008e-05 -3.06336520e-04  3.59352008e-05  5.00000000e+00 
 3.59648422e-05  3.06412464e+00  3.59648422e-05 -3.06488173e-04  3.59648422e-05  5.00000000e+00 
 3.59944835e-05  3.06412464e+00  3.59944835e-05 -3.06337127e-04  3.59944835e-05  5.00000000e+00 
 3.60241249e-05  3.06412464e+00  3.60241249e-05 -3.06487563e-04  3.60241249e-05  5.00000000e+00 
 3.60537662e-05  3.06412464e+00  3.60537662e-05 -3.06337739e-04  3.60537662e-05  5.00000000e+00 
 3.60834075e-05  3.06412464e+00  3.60834075e-05 -3.06486948e-04  3.60834075e-05  5.00000000e+00 
 3.61130489e-05  3.06412464e+00  3.61130489e-05 -3.06338357e-04  3.61130489e-05  5.00000000e+00 
 3.61426902e-05  3.06412464e+00  3.61426902e-05 -3.06486328e-04  3.61426902e-05  5.00000000e+00 
 3.61723316e-05  3.06412464e+00  3.61723316e-05 -3.06338979e-04  3.61723316e-05  5.00000000e+00 
 3.62019729e-05  3.06412464e+00  3.62019729e-05 -3.06485705e-04  3.62019729e-05  5.00000000e+00 
 3.62316142e-05  3.06412464e+00  3.62316142e-05 -3.06339604e-04  3.62316142e-05  5.00000000e+00 
 3.62612556e-05  3.06412464e+00  3.62612556e-05 -3.06485077e-04  3.62612556e-05  5.00000000e+00 
 3.62908969e-05  3.06412464e+00  3.62908969e-05 -3.06340233e-04  3.62908969e-05  5.00000000e+00 
 3.63205382e-05  3.06412464e+00  3.63205382e-05 -3.06484448e-04  3.63205382e-05  5.00000000e+00 
 3.63501796e-05  3.06412464e+00  3.63501796e-05 -3.06340864e-04  3.63501796e-05  5.00000000e+00 
 3.63798209e-05  3.06412464e+00  3.63798209e-05 -3.06483816e-04  3.63798209e-05  5.00000000e+00 
 3.64094623e-05  3.06412464e+00  3.64094623e-05 -3.06341496e-04  3.64094623e-05  5.00000000e+00 
 3.64391036e-05  3.06412464e+00  3.64391036e-05 -3.06483182e-04  3.64391036e-05  5.00000000e+00 
 3.64687449e-05  3.06412464e+00  3.64687449e-05 -3.06342131e-04  3.64687449e-05  5.00000000e+00 
 3.64983863e-05  3.06412464e+00  3.64983863e-05 -3.06482547e-04  3.64983863e-05  5.00000000e+00 
 3.65280276e-05  3.06412464e+00  3.65280276e-05 -3.06342766e-04  3.65280276e-05  5.00000000e+00 
 3.65576689e-05  3.06412464e+00  3.65576689e-05 -3.06481912e-04  3.65576689e-05  5.00000000e+00 
 3.65873103e-05  3.06412464e+00  3.65873103e-05 -3.06343401e-04  3.65873103e-05  5.00000000e+00 
 3.66169516e-05  3.06412464e+00  3.66169516e-05 -3.06481277e-04  3.66169516e-05  5.00000000e+00 
 3.66465930e-05  3.06412464e+00  3.66465930e-05 -3.06344037e-04  3.66465930e-05  5.00000000e+00 
 3.66762343e-05  3.06412464e+00  3.66762343e-05 -3.06480641e-04  3.66762343e-05  5.00000000e+00 
 3.67058756e-05  3.06412464e+00  3.67058756e-05 -3.06344672e-04  3.67058756e-05  5.00000000e+00 
 3.67355170e-05  3.06412464e+00  3.67355170e-05 -3.06480006e-04  3.67355170e-05  5.00000000e+00 
 3.67651583e-05  3.06412464e+00  3.67651583e-05 -3.06345307e-04  3.67651583e-05  5.00000000e+00 
 3.67947996e-05  3.06412464e+00  3.67947996e-05 -3.06479372e-04  3.67947996e-05  5.00000000e+00 
 3.68244410e-05  3.06412464e+00  3.68244410e-05 -3.06345940e-04  3.68244410e-05  5.00000000e+00 
 3.68540823e-05  3.06412464e+00  3.68540823e-05 -3.06478740e-04  3.68540823e-05  5.00000000e+00 
 3.68837237e-05  3.06412464e+00  3.68837237e-05 -3.06346572e-04  3.68837237e-05  5.00000000e+00 
 3.69133650e-05  3.06412464e+00  3.69133650e-05 -3.06478108e-04  3.69133650e-05  5.00000000e+00 
 3.69430063e-05  3.06412464e+00  3.69430063e-05 -3.06347202e-04  3.69430063e-05  5.00000000e+00 
 3.69726477e-05  3.06412464e+00  3.69726477e-05 -3.06477479e-04  3.69726477e-05  5.00000000e+00 
 3.70022890e-05  3.06412464e+00  3.70022890e-05 -3.06347831e-04  3.70022890e-05  5.00000000e+00 
 3.70319303e-05  3.06412464e+00  3.70319303e-05 -3.06476852e-04  3.70319303e-05  5.00000000e+00 
 3.70615717e-05  3.06412464e+00  3.70615717e-05 -3.06348457e-04  3.70615717e-05  5.00000000e+00 
 3.70912130e-05  3.06412464e+00  3.70912130e-05 -3.06476227e-04  3.70912130e-05  5.00000000e+00 
 3.71208544e-05  3.06412464e+00  3.71208544e-05 -3.06349081e-04  3.71208544e-05  5.00000000e+00 
 3.71504957e-05  3.06412464e+00  3.71504957e-05 -3.06475604e-04  3.71504957e-05  5.00000000e+00 
 3.71801370e-05  3.06412464e+00  3.71801370e-05 -3.06349702e-04  3.71801370e-05  5.00000000e+00 
 3.72097784e-05  3.06412464e+00  3.72097784e-05 -3.06474985e-04  3.72097784e-05  5.00000000e+00 
 3.72394197e-05  3.06412464e+00  3.72394197e-05 -3.06350320e-04  3.72394197e-05  5.00000000e+00 
 3.72690610e-05  3.06412464e+00  3.72690610e-05 -3.06474368e-04  3.72690610e-05  5.00000000e+00 
 3.72987024e-05  3.06412465e+00  3.72987024e-05 -3.06350935e-04  3.72987024e-05  5.00000000e+00 
 3.73283437e-05  3.06412464e+00  3.73283437e-05 -3.06473755e-04  3.73283437e-05  5.00000000e+00 
 3.73579851e-05  3.06412465e+00  3.73579851e-05 -3.06351547e-04  3.73579851e-05  5.00000000e+00 
 3.73876264e-05  3.06412464e+00  3.73876264e-05 -3.06473144e-04  3.73876264e-05  5.00000000e+00 
 3.74172677e-05  3.06412465e+00  3.74172677e-05 -3.06352156e-04  3.74172677e-05  5.00000000e+00 
 3.74469091e-05  3.06412464e+00  3.74469091e-05 -3.06472537e-04  3.74469091e-05  5.00000000e+00 
 3.74765504e-05  3.06412465e+00  3.74765504e-05 -3.06352761e-04  3.74765504e-05  5.00000000e+00 
 3.75061917e-05  3.06412464e+00  3.75061917e-05 -3.06471934e-04  3.75061917e-05  5.00000000e+00 
 3.75358331e-05  3.06412465e+00  3.75358331e-05 -3.06353362e-04  3.75358331e-05  5.00000000e+00 
 3.75654744e-05  3.06412464e+00  3.75654744e-05 -3.06471335e-04  3.75654744e-05  5.00000000e+00 
 3.75951158e-05  3.06412465e+00  3.75951158e-05 -3.06353960e-04  3.75951158e-05  5.00000000e+00 
 3.76247571e-05  3.06412464e+00  3.76247571e-05 -3.06470739e-04  3.76247571e-05  5.00000000e+00 
 3.76543984e-05  3.06412465e+00  3.76543984e-05 -3.06354554e-04  3.76543984e-05  5.00000000e+00 
 3.76840398e-05  3.06412464e+00  3.76840398e-05 -3.06470147e-04  3.76840398e-05  5.00000000e+00 
 3.77136811e-05  3.06412465e+00  3.77136811e-05 -3.06355143e-04  3.77136811e-05  5.00000000e+00 
 3.77433225e-05  3.06412464e+00  3.77433225e-05 -3.06469560e-04  3.77433225e-05  5.00000000e+00 
 3.77729638e-05  3.06412465e+00  3.77729638e-05 -3.06355729e-04  3.77729638e-05  5.00000000e+00 
 3.78026051e-05  3.06412464e+00  3.78026051e-05 -3.06468976e-04  3.78026051e-05  5.00000000e+00 
 3.78322465e-05  3.06412465e+00  3.78322465e-05 -3.06356311e-04  3.78322465e-05  5.00000000e+00 
 3.78618878e-05  3.06412464e+00  3.78618878e-05 -3.06468397e-04  3.78618878e-05  5.00000000e+00 
 3.78915291e-05  3.06412465e+00  3.78915291e-05 -3.06356888e-04  3.78915291e-05  5.00000000e+00 
 3.79211705e-05  3.06412464e+00  3.79211705e-05 -3.06467822e-04  3.79211705e-05  5.00000000e+00 
 3.79508118e-05  3.06412465e+00  3.79508118e-05 -3.06357461e-04  3.79508118e-05  5.00000000e+00 
 3.79804532e-05  3.06412464e+00  3.79804532e-05 -3.06467251e-04  3.79804532e-05  5.00000000e+00 
 3.80100945e-05  3.06412465e+00  3.80100945e-05 -3.06358029e-04  3.80100945e-05  5.00000000e+00 
 3.80397358e-05  3.06412465e+00  3.80397358e-05 -3.06466685e-04  3.80397358e-05  5.00000000e+00 
 3.80693772e-05  3.06412465e+00  3.80693772e-05 -3.06358593e-04  3.80693772e-05  5.00000000e+00 
 3.80990185e-05  3.06412465e+00  3.80990185e-05 -3.06466123e-04  3.80990185e-05  5.00000000e+00 
 3.81286598e-05  3.06412465e+00  3.81286598e-05 -3.06359153e-04  3.81286598e-05  5.00000000e+00 
 3.81583012e-05  3.06412465e+00  3.81583012e-05 -3.06465566e-04  3.81583012e-05  5.00000000e+00 
 3.81879425e-05  3.06412465e+00  3.81879425e-05 -3.06359708e-04  3.81879425e-05  5.00000000e+00 
 3.82175839e-05  3.06412465e+00  3.82175839e-05 -3.06465013e-04  3.82175839e-05  5.00000000e+00 
 3.82472252e-05  3.06412465e+00  3.82472252e-05 -3.06360258e-04  3.82472252e-05  5.00000000e+00 
 3.82768665e-05  3.06412465e+00  3.82768665e-05 -3.06464465e-04  3.82768665e-05  5.00000000e+00 
 3.83065079e-05  3.06412465e+00  3.83065079e-05 -3.06360804e-04  3.83065079e-05  5.00000000e+00 
 3.83361492e-05  3.06412465e+00  3.83361492e-05 -3.06463921e-04  3.83361492e-05  5.00000000e+00 
 3.83657905e-05  3.06412465e+00  3.83657905e-05 -3.06361346e-04  3.83657905e-05  5.00000000e+00 
 3.83954319e-05  3.06412465e+00  3.83954319e-05 -3.06463382e-04  3.83954319e-05  5.00000000e+00 
 3.84250732e-05  3.06412465e+00  3.84250732e-05 -3.06361882e-04  3.84250732e-05  5.00000000e+00 
 3.84547146e-05  3.06412465e+00  3.84547146e-05 -3.06462848e-04  3.84547146e-05  5.00000000e+00 
 3.84843559e-05  3.06412465e+00  3.84843559e-05 -3.06362414e-04  3.84843559e-05  5.00000000e+00 
 3.85139972e-05  3.06412465e+00  3.85139972e-05 -3.06462318e-04  3.85139972e-05  5.00000000e+00 
 3.85436386e-05  3.06412465e+00  3.85436386e-05 -3.06362942e-04  3.85436386e-05  5.00000000e+00 
 3.85732799e-05  3.06412465e+00  3.85732799e-05 -3.06461793e-04  3.85732799e-05  5.00000000e+00 
 3.86029212e-05  3.06412465e+00  3.86029212e-05 -3.06363464e-04  3.86029212e-05  5.00000000e+00 
 3.86325626e-05  3.06412465e+00  3.86325626e-05 -3.06461273e-04  3.86325626e-05  5.00000000e+00 
 3.86622039e-05  3.06412465e+00  3.86622039e-05 -3.06363982e-04  3.86622039e-05  5.00000000e+00 
 3.86918453e-05  3.06412465e+00  3.86918453e-05 -3.06460757e-04  3.86918453e-05  5.00000000e+00 
 3.87214866e-05  3.06412465e+00  3.87214866e-05 -3.06364496e-04  3.87214866e-05  5.00000000e+00 
 3.87511279e-05  3.06412465e+00  3.87511279e-05 -3.06460246e-04  3.87511279e-05  5.00000000e+00 
 3.87807693e-05  3.06412465e+00  3.87807693e-05 -3.06365004e-04  3.87807693e-05  5.00000000e+00 
 3.88104106e-05  3.06412465e+00  3.88104106e-05 -3.06459740e-04  3.88104106e-05  5.00000000e+00 
 3.88400519e-05  3.06412465e+00  3.88400519e-05 -3.06365508e-04  3.88400519e-05  5.00000000e+00 
 3.88696933e-05  3.06412465e+00  3.88696933e-05 -3.06459238e-04  3.88696933e-05  5.00000000e+00 
 3.88993346e-05  3.06412465e+00  3.88993346e-05 -3.06366008e-04  3.88993346e-05  5.00000000e+00 
 3.89289760e-05  3.06412465e+00  3.89289760e-05 -3.06458742e-04  3.89289760e-05  5.00000000e+00 
 3.89586173e-05  3.06412465e+00  3.89586173e-05 -3.06366502e-04  3.89586173e-05  5.00000000e+00 
 3.89882586e-05  3.06412465e+00  3.89882586e-05 -3.06458249e-04  3.89882586e-05  5.00000000e+00 
 3.90179000e-05  3.06412465e+00  3.90179000e-05 -3.06366992e-04  3.90179000e-05  5.00000000e+00 
 3.90475413e-05  3.06412465e+00  3.90475413e-05 -3.06457762e-04  3.90475413e-05  5.00000000e+00 
 3.90771826e-05  3.06412465e+00  3.90771826e-05 -3.06367477e-04  3.90771826e-05  5.00000000e+00 
 3.91068240e-05  3.06412465e+00  3.91068240e-05 -3.06457279e-04  3.91068240e-05  5.00000000e+00 
 3.91364653e-05  3.06412465e+00  3.91364653e-05 -3.06367958e-04  3.91364653e-05  5.00000000e+00 
 3.91661067e-05  3.06412465e+00  3.91661067e-05 -3.06456800e-04  3.91661067e-05  5.00000000e+00 
 3.91957480e-05  3.06412465e+00  3.91957480e-05 -3.06368434e-04  3.91957480e-05  5.00000000e+00 
 3.92253893e-05  3.06412465e+00  3.92253893e-05 -3.06456327e-04  3.92253893e-05  5.00000000e+00 
 3.92550307e-05  3.06412465e+00  3.92550307e-05 -3.06368905e-04  3.92550307e-05  5.00000000e+00 
 3.92846720e-05  3.06412465e+00  3.92846720e-05 -3.06455858e-04  3.92846720e-05  5.00000000e+00 
 3.93143134e-05  3.06412465e+00  3.93143134e-05 -3.06369372e-04  3.93143134e-05  5.00000000e+00 
 3.93439547e-05  3.06412465e+00  3.93439547e-05 -3.06455393e-04  3.93439547e-05  5.00000000e+00 
 3.93735960e-05  3.06412465e+00  3.93735960e-05 -3.06369834e-04  3.93735960e-05  5.00000000e+00 
 3.94032374e-05  3.06412465e+00  3.94032374e-05 -3.06454933e-04  3.94032374e-05  5.00000000e+00 
 3.94328787e-05  3.06412465e+00  3.94328787e-05 -3.06370292e-04  3.94328787e-05  5.00000000e+00 
 3.94625200e-05  3.06412465e+00  3.94625200e-05 -3.06454478e-04  3.94625200e-05  5.00000000e+00 
 3.94921614e-05  3.06412465e+00  3.94921614e-05 -3.06370745e-04  3.94921614e-05  5.00000000e+00 
 3.95218027e-05  3.06412465e+00  3.95218027e-05 -3.06454027e-04  3.95218027e-05  5.00000000e+00 
 3.95514441e-05  3.06412465e+00  3.95514441e-05 -3.06371194e-04  3.95514441e-05  5.00000000e+00 
 3.95810854e-05  3.06412465e+00  3.95810854e-05 -3.06453580e-04  3.95810854e-05  5.00000000e+00 
 3.96107267e-05  3.06412465e+00  3.96107267e-05 -3.06371638e-04  3.96107267e-05  5.00000000e+00 
 3.96403681e-05  3.06412465e+00  3.96403681e-05 -3.06453138e-04  3.96403681e-05  5.00000000e+00 
 3.96700094e-05  3.06412465e+00  3.96700094e-05 -3.06372078e-04  3.96700094e-05  5.00000000e+00 
 3.96996507e-05  3.06412465e+00  3.96996507e-05 -3.06452701e-04  3.96996507e-05  5.00000000e+00 
 3.97292921e-05  3.06412465e+00  3.97292921e-05 -3.06372514e-04  3.97292921e-05  5.00000000e+00 
 3.97589334e-05  3.06412465e+00  3.97589334e-05 -3.06452267e-04  3.97589334e-05  5.00000000e+00 
 3.97885748e-05  3.06412465e+00  3.97885748e-05 -3.06372945e-04  3.97885748e-05  5.00000000e+00 
 3.98182161e-05  3.06412465e+00  3.98182161e-05 -3.06451838e-04  3.98182161e-05  5.00000000e+00 
 3.98478574e-05  3.06412465e+00  3.98478574e-05 -3.06373372e-04  3.98478574e-05  5.00000000e+00 
 3.98774988e-05  3.06412465e+00  3.98774988e-05 -3.06451414e-04  3.98774988e-05  5.00000000e+00 
 3.99071401e-05  3.06412465e+00  3.99071401e-05 -3.06373794e-04  3.99071401e-05  5.00000000e+00 
 3.99367814e-05  3.06412465e+00  3.99367814e-05 -3.06450994e-04  3.99367814e-05  5.00000000e+00 
 3.99664228e-05  3.06412465e+00  3.99664228e-05 -3.06374212e-04  3.99664228e-05  5.00000000e+00 
 3.99960641e-05  3.06412465e+00  3.99960641e-05 -3.06450578e-04  3.99960641e-05  5.00000000e+00 
 4.00257055e-05  3.06412465e+00  4.00257055e-05 -3.06374626e-04  4.00257055e-05  5.00000000e+00 
 4.00553468e-05  3.06412465e+00  4.00553468e-05 -3.06450166e-04  4.00553468e-05  5.00000000e+00 
 4.00849881e-05  3.06412465e+00  4.00849881e-05 -3.06375035e-04  4.00849881e-05  5.00000000e+00 
 4.01146295e-05  3.06412465e+00  4.01146295e-05 -3.06449758e-04  4.01146295e-05  5.00000000e+00 
 4.01442708e-05  3.06412465e+00  4.01442708e-05 -3.06375441e-04  4.01442708e-05  5.00000000e+00 
 4.01739121e-05  3.06412465e+00  4.01739121e-05 -3.06449355e-04  4.01739121e-05  5.00000000e+00 
 4.02035535e-05  3.06412465e+00  4.02035535e-05 -3.06375842e-04  4.02035535e-05  5.00000000e+00 
 4.02331948e-05  3.06412465e+00  4.02331948e-05 -3.06448956e-04  4.02331948e-05  5.00000000e+00 
 4.02628362e-05  3.06412465e+00  4.02628362e-05 -3.06376239e-04  4.02628362e-05  5.00000000e+00 
 4.02924775e-05  3.06412465e+00  4.02924775e-05 -3.06448561e-04  4.02924775e-05  5.00000000e+00 
 4.03221188e-05  3.06412465e+00  4.03221188e-05 -3.06376632e-04  4.03221188e-05  5.00000000e+00 
 4.03517602e-05  3.06412465e+00  4.03517602e-05 -3.06448170e-04  4.03517602e-05  5.00000000e+00 
 4.03814015e-05  3.06412465e+00  4.03814015e-05 -3.06377021e-04  4.03814015e-05  5.00000000e+00 
 4.04110428e-05  3.06412465e+00  4.04110428e-05 -3.06447783e-04  4.04110428e-05  5.00000000e+00 
 4.04406842e-05  3.06412465e+00  4.04406842e-05 -3.06377406e-04  4.04406842e-05  5.00000000e+00 
 4.04703255e-05  3.06412465e+00  4.04703255e-05 -3.06447400e-04  4.04703255e-05  5.00000000e+00 
 4.04999669e-05  3.06412465e+00  4.04999669e-05 -3.06377787e-04  4.04999669e-05  5.00000000e+00 
 4.05296082e-05  3.06412465e+00  4.05296082e-05 -3.06447021e-04  4.05296082e-05  5.00000000e+00 
 4.05592495e-05  3.06412465e+00  4.05592495e-05 -3.06378164e-04  4.05592495e-05  5.00000000e+00 
 4.05888909e-05  3.06412465e+00  4.05888909e-05 -3.06446646e-04  4.05888909e-05  5.00000000e+00 
 4.06185322e-05  3.06412465e+00  4.06185322e-05 -3.06378538e-04  4.06185322e-05  5.00000000e+00 
 4.06481735e-05  3.06412465e+00  4.06481735e-05 -3.06446275e-04  4.06481735e-05  5.00000000e+00 
 4.06778149e-05  3.06412465e+00  4.06778149e-05 -3.06378907e-04  4.06778149e-05  5.00000000e+00 
 4.07074562e-05  3.06412465e+00  4.07074562e-05 -3.06445907e-04  4.07074562e-05  5.00000000e+00 
 4.07370976e-05  3.06412465e+00  4.07370976e-05 -3.06379272e-04  4.07370976e-05  5.00000000e+00 
 4.07667389e-05  3.06412465e+00  4.07667389e-05 -3.06445544e-04  4.07667389e-05  5.00000000e+00 
 4.07963802e-05  3.06412465e+00  4.07963802e-05 -3.06379634e-04  4.07963802e-05  5.00000000e+00 
 4.08260216e-05  3.06412465e+00  4.08260216e-05 -3.06445184e-04  4.08260216e-05  5.00000000e+00 
 4.08556629e-05  3.06412465e+00  4.08556629e-05 -3.06379992e-04  4.08556629e-05  5.00000000e+00 
 4.08853043e-05  3.06412465e+00  4.08853043e-05 -3.06444828e-04  4.08853043e-05  5.00000000e+00 
 4.09149456e-05  3.06412465e+00  4.09149456e-05 -3.06380346e-04  4.09149456e-05  5.00000000e+00 
 4.09445869e-05  3.06412465e+00  4.09445869e-05 -3.06444476e-04  4.09445869e-05  5.00000000e+00 
 4.09742283e-05  3.06412465e+00  4.09742283e-05 -3.06380696e-04  4.09742283e-05  5.00000000e+00 
 4.10038696e-05  3.06412465e+00  4.10038696e-05 -3.06444128e-04  4.10038696e-05  5.00000000e+00 
 4.10335109e-05  3.06412465e+00  4.10335109e-05 -3.06381043e-04  4.10335109e-05  5.00000000e+00 
 4.10631523e-05  3.06412465e+00  4.10631523e-05 -3.06443783e-04  4.10631523e-05  5.00000000e+00 
 4.10927936e-05  3.06412465e+00  4.10927936e-05 -3.06381386e-04  4.10927936e-05  5.00000000e+00 
 4.11224350e-05  3.06412465e+00  4.11224350e-05 -3.06443442e-04  4.11224350e-05  5.00000000e+00 
 4.11520763e-05  3.06412465e+00  4.11520763e-05 -3.06381725e-04  4.11520763e-05  5.00000000e+00 
 4.11817176e-05  3.06412465e+00  4.11817176e-05 -3.06443104e-04  4.11817176e-05  5.00000000e+00 
 4.12113590e-05  3.06412465e+00  4.12113590e-05 -3.06382061e-04  4.12113590e-05  5.00000000e+00 
 4.12410003e-05  3.06412465e+00  4.12410003e-05 -3.06442770e-04  4.12410003e-05  5.00000000e+00 
 4.12706416e-05  3.06412465e+00  4.12706416e-05 -3.06382393e-04  4.12706416e-05  5.00000000e+00 
 4.13002830e-05  3.06412465e+00  4.13002830e-05 -3.06442440e-04  4.13002830e-05  5.00000000e+00 
 4.13299243e-05  3.06412465e+00  4.13299243e-05 -3.06382722e-04  4.13299243e-05  5.00000000e+00 
 4.13595657e-05  3.06412465e+00  4.13595657e-05 -3.06442113e-04  4.13595657e-05  5.00000000e+00 
 4.13892070e-05  3.06412465e+00  4.13892070e-05 -3.06383047e-04  4.13892070e-05  5.00000000e+00 
 4.14188483e-05  3.06412465e+00  4.14188483e-05 -3.06441789e-04  4.14188483e-05  5.00000000e+00 
 4.14484897e-05  3.06412465e+00  4.14484897e-05 -3.06383369e-04  4.14484897e-05  5.00000000e+00 
 4.14781310e-05  3.06412465e+00  4.14781310e-05 -3.06441469e-04  4.14781310e-05  5.00000000e+00 
 4.15077723e-05  3.06412465e+00  4.15077723e-05 -3.06383687e-04  4.15077723e-05  5.00000000e+00 
 4.15374137e-05  3.06412465e+00  4.15374137e-05 -3.06441152e-04  4.15374137e-05  5.00000000e+00 
 4.15670550e-05  3.06412465e+00  4.15670550e-05 -3.06384002e-04  4.15670550e-05  5.00000000e+00 
 4.15966964e-05  3.06412465e+00  4.15966964e-05 -3.06440839e-04  4.15966964e-05  5.00000000e+00 
 4.16263377e-05  3.06412465e+00  4.16263377e-05 -3.06384314e-04  4.16263377e-05  5.00000000e+00 
 4.16559790e-05  3.06412465e+00  4.16559790e-05 -3.06440529e-04  4.16559790e-05  5.00000000e+00 
 4.16856204e-05  3.06412465e+00  4.16856204e-05 -3.06384622e-04  4.16856204e-05  5.00000000e+00 
 4.17152617e-05  3.06412465e+00  4.17152617e-05 -3.06440222e-04  4.17152617e-05  5.00000000e+00 
 4.17449030e-05  3.06412465e+00  4.17449030e-05 -3.06384928e-04  4.17449030e-05  5.00000000e+00 
 4.17745444e-05  3.06412465e+00  4.17745444e-05 -3.06439919e-04  4.17745444e-05  5.00000000e+00 
 4.18041857e-05  3.06412465e+00  4.18041857e-05 -3.06385229e-04  4.18041857e-05  5.00000000e+00 
 4.18338271e-05  3.06412465e+00  4.18338271e-05 -3.06439618e-04  4.18338271e-05  5.00000000e+00 
 4.18634684e-05  3.06412465e+00  4.18634684e-05 -3.06385528e-04  4.18634684e-05  5.00000000e+00 
 4.18931097e-05  3.06412465e+00  4.18931097e-05 -3.06439321e-04  4.18931097e-05  5.00000000e+00 
 4.19227511e-05  3.06412465e+00  4.19227511e-05 -3.06385824e-04  4.19227511e-05  5.00000000e+00 
 4.19523924e-05  3.06412465e+00  4.19523924e-05 -3.06439027e-04  4.19523924e-05  5.00000000e+00 
 4.19820337e-05  3.06412465e+00  4.19820337e-05 -3.06386116e-04  4.19820337e-05  5.00000000e+00 
 4.20116751e-05  3.06412465e+00  4.20116751e-05 -3.06438736e-04  4.20116751e-05  5.00000000e+00 
 4.20413164e-05  3.06412465e+00  4.20413164e-05 -3.06386405e-04  4.20413164e-05  5.00000000e+00 
 4.20709578e-05  3.06412465e+00  4.20709578e-05 -3.06438449e-04  4.20709578e-05  5.00000000e+00 
 4.21005991e-05  3.06412465e+00  4.21005991e-05 -3.06386691e-04  4.21005991e-05  5.00000000e+00 
 4.21302404e-05  3.06412465e+00  4.21302404e-05 -3.06438164e-04  4.21302404e-05  5.00000000e+00 
 4.21598818e-05  3.06412466e+00  4.21598818e-05 -3.06386975e-04  4.21598818e-05  5.00000000e+00 
 4.21895231e-05  3.06412465e+00  4.21895231e-05 -3.06437882e-04  4.21895231e-05  5.00000000e+00 
 4.22191644e-05  3.06412466e+00  4.22191644e-05 -3.06387255e-04  4.22191644e-05  5.00000000e+00 
 4.22488058e-05  3.06412465e+00  4.22488058e-05 -3.06437604e-04  4.22488058e-05  5.00000000e+00 
 4.22784471e-05  3.06412466e+00  4.22784471e-05 -3.06387532e-04  4.22784471e-05  5.00000000e+00 
 4.23080885e-05  3.06412465e+00  4.23080885e-05 -3.06437328e-04  4.23080885e-05  5.00000000e+00 
 4.23377298e-05  3.06412466e+00  4.23377298e-05 -3.06387806e-04  4.23377298e-05  5.00000000e+00 
 4.23673711e-05  3.06412465e+00  4.23673711e-05 -3.06437056e-04  4.23673711e-05  5.00000000e+00 
 4.23970125e-05  3.06412466e+00  4.23970125e-05 -3.06388077e-04  4.23970125e-05  5.00000000e+00 
 4.24266538e-05  3.06412465e+00  4.24266538e-05 -3.06436786e-04  4.24266538e-05  5.00000000e+00 
 4.24562952e-05  3.06412466e+00  4.24562952e-05 -3.06388346e-04  4.24562952e-05  5.00000000e+00 
 4.24859365e-05  3.06412465e+00  4.24859365e-05 -3.06436519e-04  4.24859365e-05  5.00000000e+00 
 4.25155778e-05  3.06412466e+00  4.25155778e-05 -3.06388611e-04  4.25155778e-05  5.00000000e+00 
 4.25452192e-05  3.06412465e+00  4.25452192e-05 -3.06436255e-04  4.25452192e-05  5.00000000e+00 
 4.25748605e-05  3.06412466e+00  4.25748605e-05 -3.06388874e-04  4.25748605e-05  5.00000000e+00 
 4.26045018e-05  3.06412465e+00  4.26045018e-05 -3.06435994e-04  4.26045018e-05  5.00000000e+00 
 4.26341432e-05  3.06412466e+00  4.26341432e-05 -3.06389133e-04  4.26341432e-05  5.00000000e+00 
 4.26637845e-05  3.06412465e+00  4.26637845e-05 -3.06435735e-04  4.26637845e-05  5.00000000e+00 
 4.26934259e-05  3.06412466e+00  4.26934259e-05 -3.06389391e-04  4.26934259e-05  5.00000000e+00 
 4.27230672e-05  3.06412465e+00  4.27230672e-05 -3.06435480e-04  4.27230672e-05  5.00000000e+00 
 4.27527085e-05  3.06412466e+00  4.27527085e-05 -3.06389645e-04  4.27527085e-05  5.00000000e+00 
 4.27823499e-05  3.06412465e+00  4.27823499e-05 -3.06435227e-04  4.27823499e-05  5.00000000e+00 
 4.28119912e-05  3.06412466e+00  4.28119912e-05 -3.06389896e-04  4.28119912e-05  5.00000000e+00 
 4.28416325e-05  3.06412465e+00  4.28416325e-05 -3.06434976e-04  4.28416325e-05  5.00000000e+00 
 4.28712739e-05  3.06412466e+00  4.28712739e-05 -3.06390145e-04  4.28712739e-05  5.00000000e+00 
 4.29009152e-05  3.06412465e+00  4.29009152e-05 -3.06434729e-04  4.29009152e-05  5.00000000e+00 
 4.29305566e-05  3.06412466e+00  4.29305566e-05 -3.06390392e-04  4.29305566e-05  5.00000000e+00 
 4.29601979e-05  3.06412465e+00  4.29601979e-05 -3.06434484e-04  4.29601979e-05  5.00000000e+00 
 4.29898392e-05  3.06412466e+00  4.29898392e-05 -3.06390635e-04  4.29898392e-05  5.00000000e+00 
 4.30194806e-05  3.06412465e+00  4.30194806e-05 -3.06434242e-04  4.30194806e-05  5.00000000e+00 
 4.30491219e-05  3.06412466e+00  4.30491219e-05 -3.06390876e-04  4.30491219e-05  5.00000000e+00 
 4.30787632e-05  3.06412465e+00  4.30787632e-05 -3.06434002e-04  4.30787632e-05  5.00000000e+00 
 4.31084046e-05  3.06412466e+00  4.31084046e-05 -3.06391114e-04  4.31084046e-05  5.00000000e+00 
 4.31380459e-05  3.06412465e+00  4.31380459e-05 -3.06433765e-04  4.31380459e-05  5.00000000e+00 
 4.31676873e-05  3.06412466e+00  4.31676873e-05 -3.06391350e-04  4.31676873e-05  5.00000000e+00 
 4.31973286e-05  3.06412465e+00  4.31973286e-05 -3.06433530e-04  4.31973286e-05  5.00000000e+00 
 4.32269699e-05  3.06412466e+00  4.32269699e-05 -3.06391584e-04  4.32269699e-05  5.00000000e+00 
 4.32566113e-05  3.06412465e+00  4.32566113e-05 -3.06433298e-04  4.32566113e-05  5.00000000e+00 
 4.32862526e-05  3.06412466e+00  4.32862526e-05 -3.06391814e-04  4.32862526e-05  5.00000000e+00 
 4.33158939e-05  3.06412465e+00  4.33158939e-05 -3.06433069e-04  4.33158939e-05  5.00000000e+00 
 4.33455353e-05  3.06412466e+00  4.33455353e-05 -3.06392043e-04  4.33455353e-05  5.00000000e+00 
 4.33751766e-05  3.06412465e+00  4.33751766e-05 -3.06432842e-04  4.33751766e-05  5.00000000e+00 
 4.34048180e-05  3.06412466e+00  4.34048180e-05 -3.06392269e-04  4.34048180e-05  5.00000000e+00 
 4.34344593e-05  3.06412465e+00  4.34344593e-05 -3.06432617e-04  4.34344593e-05  5.00000000e+00 
 4.34641006e-05  3.06412466e+00  4.34641006e-05 -3.06392492e-04  4.34641006e-05  5.00000000e+00 
 4.34937420e-05  3.06412465e+00  4.34937420e-05 -3.06432395e-04  4.34937420e-05  5.00000000e+00 
 4.35233833e-05  3.06412466e+00  4.35233833e-05 -3.06392713e-04  4.35233833e-05  5.00000000e+00 
 4.35530246e-05  3.06412465e+00  4.35530246e-05 -3.06432175e-04  4.35530246e-05  5.00000000e+00 
 4.35826660e-05  3.06412466e+00  4.35826660e-05 -3.06392932e-04  4.35826660e-05  5.00000000e+00 
 4.36123073e-05  3.06412465e+00  4.36123073e-05 -3.06431957e-04  4.36123073e-05  5.00000000e+00 
 4.36419487e-05  3.06412466e+00  4.36419487e-05 -3.06393148e-04  4.36419487e-05  5.00000000e+00 
 4.36715900e-05  3.06412465e+00  4.36715900e-05 -3.06431742e-04  4.36715900e-05  5.00000000e+00 
 4.37012313e-05  3.06412466e+00  4.37012313e-05 -3.06393362e-04  4.37012313e-05  5.00000000e+00 
 4.37308727e-05  3.06412465e+00  4.37308727e-05 -3.06431529e-04  4.37308727e-05  5.00000000e+00 
 4.37605140e-05  3.06412466e+00  4.37605140e-05 -3.06393574e-04  4.37605140e-05  5.00000000e+00 
 4.37901553e-05  3.06412465e+00  4.37901553e-05 -3.06431319e-04  4.37901553e-05  5.00000000e+00 
 4.38197967e-05  3.06412466e+00  4.38197967e-05 -3.06393783e-04  4.38197967e-05  5.00000000e+00 
 4.38494380e-05  3.06412465e+00  4.38494380e-05 -3.06431110e-04  4.38494380e-05  5.00000000e+00 
 4.38790794e-05  3.06412466e+00  4.38790794e-05 -3.06393991e-04  4.38790794e-05  5.00000000e+00 
 4.39087207e-05  3.06412465e+00  4.39087207e-05 -3.06430904e-04  4.39087207e-05  5.00000000e+00 
 4.39383620e-05  3.06412466e+00  4.39383620e-05 -3.06394196e-04  4.39383620e-05  5.00000000e+00 
 4.39680034e-05  3.06412465e+00  4.39680034e-05 -3.06430700e-04  4.39680034e-05  5.00000000e+00 
 4.39976447e-05  3.06412466e+00  4.39976447e-05 -3.06394398e-04  4.39976447e-05  5.00000000e+00 
 4.40272861e-05  3.06412465e+00  4.40272861e-05 -3.06430499e-04  4.40272861e-05  5.00000000e+00 
 4.40569274e-05  3.06412466e+00  4.40569274e-05 -3.06394599e-04  4.40569274e-05  5.00000000e+00 
 4.40865687e-05  3.06412465e+00  4.40865687e-05 -3.06430299e-04  4.40865687e-05  5.00000000e+00 
 4.41162101e-05  3.06412466e+00  4.41162101e-05 -3.06394797e-04  4.41162101e-05  5.00000000e+00 
 4.41458514e-05  3.06412465e+00  4.41458514e-05 -3.06430102e-04  4.41458514e-05  5.00000000e+00 
 4.41754927e-05  3.06412466e+00  4.41754927e-05 -3.06394994e-04  4.41754927e-05  5.00000000e+00 
 4.42051341e-05  3.06412465e+00  4.42051341e-05 -3.06429907e-04  4.42051341e-05  5.00000000e+00 
 4.42347754e-05  3.06412466e+00  4.42347754e-05 -3.06395188e-04  4.42347754e-05  5.00000000e+00 
 4.42644168e-05  3.06412465e+00  4.42644168e-05 -3.06429713e-04  4.42644168e-05  5.00000000e+00 
 4.42940581e-05  3.06412466e+00  4.42940581e-05 -3.06395380e-04  4.42940581e-05  5.00000000e+00 
 4.43236994e-05  3.06412465e+00  4.43236994e-05 -3.06429522e-04  4.43236994e-05  5.00000000e+00 
 4.43533408e-05  3.06412466e+00  4.43533408e-05 -3.06395570e-04  4.43533408e-05  5.00000000e+00 
 4.43829821e-05  3.06412465e+00  4.43829821e-05 -3.06429333e-04  4.43829821e-05  5.00000000e+00 
 4.44126234e-05  3.06412466e+00  4.44126234e-05 -3.06395758e-04  4.44126234e-05  5.00000000e+00 
 4.44373150e-05  3.06412465e+00  4.44373150e-05 -3.06429128e-04  4.44373150e-05  5.00000000e+00 
 4.44620066e-05  3.06412466e+00  4.44620066e-05 -3.06395981e-04  4.44620066e-05  5.00000000e+00 
 4.44634084e-05  3.06356542e+00  4.44634084e-05 -2.67688257e-04  4.44634084e-05  4.97635389e+00 
 4.44662120e-05  3.06133005e+00  4.44662120e-05 -1.88150963e-04  4.44662120e-05  4.92906168e+00 
 4.44712108e-05  3.05288958e+00  4.44712108e-05 -8.81941714e-05  4.44712108e-05  4.84474133e+00 
 4.44763230e-05  3.04041278e+00  4.44763230e-05 -3.51561886e-05  4.44763230e-05  4.75850644e+00 
 4.44822761e-05  3.02365532e+00  4.44822761e-05 -9.68558806e-06  4.44822761e-05  4.65808750e+00 
 4.44863383e-05  3.01165621e+00  4.44863383e-05 -3.95218458e-06  4.44863383e-05  4.58956524e+00 
 4.44905527e-05  2.99908706e+00  4.44905527e-05 -1.42038086e-06  4.44905527e-05  4.51847477e+00 
 4.44962391e-05  2.98211668e+00  4.44962391e-05 -5.42734928e-07  4.44962391e-05  4.42255457e+00 
 4.45033053e-05  2.96111986e+00  4.45033053e-05 -2.20298257e-07  4.45033053e-05  4.30335996e+00 
 4.45174376e-05  2.91955161e+00  4.45174376e-05 -2.94886648e-07  4.45174376e-05  4.06497075e+00 
 4.45401756e-05  2.85388624e+00  4.45401756e-05 -1.94985274e-07  4.45401756e-05  3.68141979e+00 
 4.45698169e-05  2.77049322e+00  4.45698169e-05 -2.94697942e-07  4.45698169e-05  3.18141979e+00 
 4.45994582e-05  2.68953434e+00  4.45994582e-05 -1.94985220e-07  4.45994582e-05  2.68141979e+00 
 4.46290996e-05  2.61093972e+00  4.46290996e-05 -2.94697942e-07  4.46290996e-05  2.18141979e+00 
 4.46587409e-05  2.53463915e+00  4.46587409e-05 -1.94985220e-07  4.46587409e-05  1.68141979e+00 
 4.46883823e-05  2.46056684e+00  4.46883823e-05 -2.94697942e-07  4.46883823e-05  1.18141979e+00 
 4.47180236e-05  2.38865654e+00  4.47180236e-05 -1.94985220e-07  4.47180236e-05  6.81419789e-01 
 4.47382218e-05  2.34086432e+00  4.47382218e-05 -2.94697942e-07  4.47382218e-05  3.40709895e-01 
 4.47584200e-05  2.29402674e+00  4.47584200e-05 -1.94985220e-07  4.47584200e-05  4.08562073e-14 
 4.47613841e-05  2.28725013e+00  4.47613841e-05 -2.40200002e-11  4.47613841e-05  0.00000000e+00 
 4.47650076e-05  2.27898088e+00  4.47650076e-05 -2.40199998e-11  4.47650076e-05  0.00000000e+00 
 4.47674177e-05  2.27349735e+00  4.47674177e-05 -2.40200002e-11  4.47674177e-05  0.00000000e+00 
 4.47696932e-05  2.26833202e+00  4.47696932e-05 -2.40199998e-11  4.47696932e-05  0.00000000e+00 
 4.47742443e-05  2.25803652e+00  4.47742443e-05 -2.40200002e-11  4.47742443e-05  0.00000000e+00 
 4.47797876e-05  2.24555966e+00  4.47797876e-05 -2.40199998e-11  4.47797876e-05  0.00000000e+00 
 4.47896277e-05  2.22358076e+00  4.47896277e-05 -2.40200002e-11  4.47896277e-05  0.00000000e+00 
 4.48093080e-05  2.18026521e+00  4.48093080e-05 -2.40199998e-11  4.48093080e-05  0.00000000e+00 
 4.48389493e-05  2.11661034e+00  4.48389493e-05 -2.40200002e-11  4.48389493e-05  0.00000000e+00 
 4.48685907e-05  2.05481396e+00  4.48685907e-05 -2.40199998e-11  4.48685907e-05  0.00000000e+00 
 4.48982320e-05  1.99482176e+00  4.48982320e-05 -2.40200002e-11  4.48982320e-05  0.00000000e+00 
 4.49278733e-05  1.93658110e+00  4.49278733e-05 -2.40199998e-11  4.49278733e-05  0.00000000e+00 
 4.49575147e-05  1.88004082e+00  4.49575147e-05 -2.40200002e-11  4.49575147e-05  0.00000000e+00 
 4.49871560e-05  1.82515130e+00  4.49871560e-05 -2.40199998e-11  4.49871560e-05  0.00000000e+00 
 4.50167974e-05  1.77186432e+00  4.50167974e-05 -2.40200002e-11  4.50167974e-05  0.00000000e+00 
 4.50464387e-05  1.72013311e+00  4.50464387e-05 -2.40199998e-11  4.50464387e-05  0.00000000e+00 
 4.50760800e-05  1.66991223e+00  4.50760800e-05 -2.40200002e-11  4.50760800e-05  0.00000000e+00 
 4.51057214e-05  1.62115760e+00  4.51057214e-05 -2.40199998e-11  4.51057214e-05  0.00000000e+00 
 4.51353627e-05  1.57382640e+00  4.51353627e-05 -2.40200002e-11  4.51353627e-05  0.00000000e+00 
 4.51650040e-05  1.52787710e+00  4.51650040e-05 -2.40199998e-11  4.51650040e-05  0.00000000e+00 
 4.51946454e-05  1.48326930e+00  4.51946454e-05 -2.40200002e-11  4.51946454e-05  0.00000000e+00 
 4.52242867e-05  1.43996390e+00  4.52242867e-05 -2.40199998e-11  4.52242867e-05  0.00000000e+00 
 4.52539281e-05  1.39792281e+00  4.52539281e-05 -2.40200002e-11  4.52539281e-05  0.00000000e+00 
 4.52835694e-05  1.35710917e+00  4.52835694e-05 -2.40199998e-11  4.52835694e-05  0.00000000e+00 
 4.53132107e-05  1.31748711e+00  4.53132107e-05 -2.40200002e-11  4.53132107e-05  0.00000000e+00 
 4.53428521e-05  1.27902186e+00  4.53428521e-05 -2.40199998e-11  4.53428521e-05  0.00000000e+00 
 4.53724934e-05  1.24167963e+00  4.53724934e-05 -2.40200002e-11  4.53724934e-05  0.00000000e+00 
 4.54021347e-05  1.20542766e+00  4.54021347e-05 -2.40199998e-11  4.54021347e-05  0.00000000e+00 
 4.54317761e-05  1.17023407e+00  4.54317761e-05 -2.40200002e-11  4.54317761e-05  0.00000000e+00 
 4.54614174e-05  1.13606802e+00  4.54614174e-05 -2.40199998e-11  4.54614174e-05  0.00000000e+00 
 4.54910588e-05  1.10289945e+00  4.54910588e-05 -2.40200002e-11  4.54910588e-05  0.00000000e+00 
 4.55207001e-05  1.07069929e+00  4.55207001e-05 -2.40199998e-11  4.55207001e-05  0.00000000e+00 
 4.55503414e-05  1.03943923e+00  4.55503414e-05 -2.40200002e-11  4.55503414e-05  0.00000000e+00 
 4.55799828e-05  1.00909185e+00  4.55799828e-05 -2.40199998e-11  4.55799828e-05  0.00000000e+00 
 4.56096241e-05  9.79630475e-01  4.56096241e-05 -2.40200002e-11  4.56096241e-05  0.00000000e+00 
 4.56392654e-05  9.51029267e-01  4.56392654e-05 -2.40199998e-11  4.56392654e-05  0.00000000e+00 
 4.56689068e-05  9.23263080e-01  4.56689068e-05 -2.40200002e-11  4.56689068e-05  0.00000000e+00 
 4.56985481e-05  8.96307571e-01  4.56985481e-05 -2.40199998e-11  4.56985481e-05  0.00000000e+00 
 4.57281895e-05  8.70139035e-01  4.57281895e-05 -2.40200002e-11  4.57281895e-05  0.00000000e+00 
 4.57578308e-05  8.44734531e-01  4.57578308e-05 -2.40199998e-11  4.57578308e-05  0.00000000e+00 
 4.57874721e-05  8.20071717e-01  4.57874721e-05 -2.40200002e-11  4.57874721e-05  0.00000000e+00 
 4.58171135e-05  7.96128975e-01  4.58171135e-05 -2.40199998e-11  4.58171135e-05  0.00000000e+00 
 4.58467548e-05  7.72885245e-01  4.58467548e-05 -2.40200002e-11  4.58467548e-05  0.00000000e+00 
 4.58763961e-05  7.50320156e-01  4.58763961e-05 -2.40199998e-11  4.58763961e-05  0.00000000e+00 
 4.59060375e-05  7.28413857e-01  4.59060375e-05 -2.40200002e-11  4.59060375e-05  0.00000000e+00 
 4.59356788e-05  7.07147151e-01  4.59356788e-05 -2.40199998e-11  4.59356788e-05  0.00000000e+00 
 4.59653202e-05  6.86501328e-01  4.59653202e-05 -2.40200002e-11  4.59653202e-05  0.00000000e+00 
 4.59949615e-05  6.66458296e-01  4.59949615e-05 -2.40199998e-11  4.59949615e-05  0.00000000e+00 
 4.60246028e-05  6.47000422e-01  4.60246028e-05 -2.40200002e-11  4.60246028e-05  0.00000000e+00 
 4.60542442e-05  6.28110656e-01  4.60542442e-05 -2.40199998e-11  4.60542442e-05  0.00000000e+00 
 4.60838855e-05  6.09772376e-01  4.60838855e-05 -2.40200002e-11  4.60838855e-05  0.00000000e+00 
 4.61135268e-05  5.91969518e-01  4.61135268e-05 -2.40199998e-11  4.61135268e-05  0.00000000e+00 
 4.61431682e-05  5.74686412e-01  4.61431682e-05 -2.40200002e-11  4.61431682e-05  0.00000000e+00 
 4.61728095e-05  5.57907920e-01  4.61728095e-05 -2.40199998e-11  4.61728095e-05  0.00000000e+00 
 4.62024509e-05  5.41619274e-01  4.62024509e-05 -2.40200002e-11  4.62024509e-05  0.00000000e+00 
 4.62320922e-05  5.25806208e-01  4.62320922e-05 -2.40199998e-11  4.62320922e-05  0.00000000e+00 
 4.62617335e-05  5.10454802e-01  4.62617335e-05 -2.40200002e-11  4.62617335e-05  0.00000000e+00 
 4.62913749e-05  4.95551611e-01  4.62913749e-05 -2.40199998e-11  4.62913749e-05  0.00000000e+00 
 4.63210162e-05  4.81083515e-01  4.63210162e-05 -2.40200002e-11  4.63210162e-05  0.00000000e+00 
 4.63506576e-05  4.67037847e-01  4.63506576e-05 -2.40199998e-11  4.63506576e-05  0.00000000e+00 
 4.63802989e-05  4.53402236e-01  4.63802989e-05 -2.40200002e-11  4.63802989e-05  0.00000000e+00 
 4.64099402e-05  4.40164748e-01  4.64099402e-05 -2.40199998e-11  4.64099402e-05  0.00000000e+00 
 4.64395816e-05  4.27313723e-01  4.64395816e-05 -2.40200002e-11  4.64395816e-05  0.00000000e+00 
 4.64692229e-05  4.14837913e-01  4.64692229e-05 -2.40199998e-11  4.64692229e-05  0.00000000e+00 
 4.64988642e-05  4.02726328e-01  4.64988642e-05 -2.40200003e-11  4.64988642e-05  0.00000000e+00 
 4.65285056e-05  3.90968370e-01  4.65285056e-05 -2.40199999e-11  4.65285056e-05  0.00000000e+00 
 4.65581469e-05  3.79553679e-01  4.65581469e-05 -2.40200004e-11  4.65581469e-05  0.00000000e+00 
 4.65877883e-05  3.68472267e-01  4.65877883e-05 -2.40200000e-11  4.65877883e-05  0.00000000e+00 
 4.66174296e-05  3.57714370e-01  4.66174296e-05 -2.40200006e-11  4.66174296e-05  0.00000000e+00 
 4.66470709e-05  3.47270578e-01  4.66470709e-05 -2.40200003e-11  4.66470709e-05  0.00000000e+00 
 4.66767123e-05  3.37131684e-01  4.66767123e-05 -2.40200010e-11  4.66767123e-05  0.00000000e+00 
 4.67063536e-05  3.27288821e-01  4.67063536e-05 -2.40200010e-11  4.67063536e-05  0.00000000e+00 
 4.67359949e-05  3.17733313e-01  4.67359949e-05 -2.40200020e-11  4.67359949e-05  0.00000000e+00 
 4.67656363e-05  3.08456804e-01  4.67656363e-05 -2.40200023e-11  4.67656363e-05  0.00000000e+00 
 4.67952776e-05  2.99451114e-01  4.67952776e-05 -2.40200038e-11  4.67952776e-05  0.00000000e+00 
 4.68249190e-05  2.90708371e-01  4.68249190e-05 -2.40200049e-11  4.68249190e-05  0.00000000e+00 
 4.68545603e-05  2.82220863e-01  4.68545603e-05 -2.40200074e-11  4.68545603e-05  0.00000000e+00 
 4.68842016e-05  2.73981173e-01  4.68842016e-05 -2.40200097e-11  4.68842016e-05  0.00000000e+00 
 4.69138430e-05  2.65982031e-01  4.69138430e-05 -2.40200139e-11  4.69138430e-05  0.00000000e+00 
 4.69434843e-05  2.58216449e-01  4.69434843e-05 -2.40200184e-11  4.69434843e-05  0.00000000e+00 
 4.69731256e-05  2.50677572e-01  4.69731256e-05 -2.40200253e-11  4.69731256e-05  0.00000000e+00 
 4.70027670e-05  2.43358818e-01  4.70027670e-05 -2.40200333e-11  4.70027670e-05  0.00000000e+00 
 4.70324083e-05  2.36253724e-01  4.70324083e-05 -2.40200447e-11  4.70324083e-05  0.00000000e+00 
 4.70620497e-05  2.29356087e-01  4.70620497e-05 -2.40200584e-11  4.70620497e-05  0.00000000e+00 
 4.70916910e-05  2.22659815e-01  4.70916910e-05 -2.40200767e-11  4.70916910e-05  0.00000000e+00 
 4.71213323e-05  2.16159065e-01  4.71213323e-05 -2.40200989e-11  4.71213323e-05  0.00000000e+00 
 4.71509737e-05  2.09848093e-01  4.71509737e-05 -2.40201277e-11  4.71509737e-05  0.00000000e+00 
 4.71806150e-05  2.03721392e-01  4.71806150e-05 -2.40201627e-11  4.71806150e-05  0.00000000e+00 
 4.72102563e-05  1.97773550e-01  4.72102563e-05 -2.40202066e-11  4.72102563e-05  0.00000000e+00 
 4.72398977e-05  1.91999377e-01  4.72398977e-05 -2.40202600e-11  4.72398977e-05  0.00000000e+00 
 4.72695390e-05  1.86393769e-01  4.72695390e-05 -2.40203256e-11  4.72695390e-05  0.00000000e+00 
 4.72991804e-05  1.80951839e-01  4.72991804e-05 -2.40204046e-11  4.72991804e-05  0.00000000e+00 
 4.73288217e-05  1.75668775e-01  4.73288217e-05 -2.40204999e-11  4.73288217e-05  0.00000000e+00 
 4.73584630e-05  1.70539971e-01  4.73584630e-05 -2.40206139e-11  4.73584630e-05  0.00000000e+00 
 4.73881044e-05  1.65560891e-01  4.73881044e-05 -2.40207493e-11  4.73881044e-05  0.00000000e+00 
 4.74177457e-05  1.60727196e-01  4.74177457e-05 -2.40209097e-11  4.74177457e-05  0.00000000e+00 
 4.74473870e-05  1.56034609e-01  4.74473870e-05 -2.40210976e-11  4.74473870e-05  0.00000000e+00 
 4.74770284e-05  1.51479042e-01  4.74770284e-05 -2.40213182e-11  4.74770284e-05  0.00000000e+00 
 4.75066697e-05  1.47056464e-01  4.75066697e-05 -2.40215734e-11  4.75066697e-05  0.00000000e+00 
 4.75363111e-05  1.42763022e-01  4.75363111e-05 -2.40218702e-11  4.75363111e-05  0.00000000e+00 
 4.75659524e-05  1.38594916e-01  4.75659524e-05 -2.40222096e-11  4.75659524e-05  0.00000000e+00 
 4.75955937e-05  1.34548518e-01  4.75955937e-05 -2.40226010e-11  4.75955937e-05  0.00000000e+00 
 4.76252351e-05  1.30620241e-01  4.76252351e-05 -2.40230437e-11  4.76252351e-05  0.00000000e+00 
 4.76548764e-05  1.26806671e-01  4.76548764e-05 -2.40235500e-11  4.76548764e-05  0.00000000e+00 
 4.76845177e-05  1.23104425e-01  4.76845177e-05 -2.40241169e-11  4.76845177e-05  0.00000000e+00 
 4.77141591e-05  1.19510285e-01  4.77141591e-05 -2.40247599e-11  4.77141591e-05  0.00000000e+00 
 4.77438004e-05  1.16021064e-01  4.77438004e-05 -2.40254733e-11  4.77438004e-05  0.00000000e+00 
 4.77734418e-05  1.12633730e-01  4.77734418e-05 -2.40262763e-11  4.77734418e-05  0.00000000e+00 
 4.78030831e-05  1.09345276e-01  4.78030831e-05 -2.40271592e-11  4.78030831e-05  0.00000000e+00 
 4.78327244e-05  1.06152848e-01  4.78327244e-05 -2.40281460e-11  4.78327244e-05  0.00000000e+00 
 4.78623658e-05  1.03053610e-01  4.78623658e-05 -2.40292219e-11  4.78623658e-05  0.00000000e+00 
 4.78920071e-05  1.00044872e-01  4.78920071e-05 -2.40304163e-11  4.78920071e-05  0.00000000e+00 
 4.79216485e-05  9.71239618e-02  4.79216485e-05 -2.40317081e-11  4.79216485e-05  0.00000000e+00 
 4.79512898e-05  9.42883457e-02  4.79512898e-05 -2.40331333e-11  4.79512898e-05  0.00000000e+00 
 4.79809311e-05  9.15355027e-02  4.79809311e-05 -2.40346631e-11  4.79809311e-05  0.00000000e+00 
 4.80105725e-05  8.88630468e-02  4.80105725e-05 -2.40363407e-11  4.80105725e-05  0.00000000e+00 
 4.80402138e-05  8.62686005e-02  4.80402138e-05 -2.40381288e-11  4.80402138e-05  0.00000000e+00 
 4.80698551e-05  8.37499165e-02  4.80698551e-05 -2.40400788e-11  4.80698551e-05  0.00000000e+00 
 4.80994965e-05  8.13047529e-02  4.80994965e-05 -2.40421430e-11  4.80994965e-05  0.00000000e+00 
 4.81291378e-05  7.89309929e-02  4.81291378e-05 -2.40443825e-11  4.81291378e-05  0.00000000e+00 
 4.81587792e-05  7.66265223e-02  4.81587792e-05 -2.40467380e-11  4.81587792e-05  0.00000000e+00 
 4.81884205e-05  7.43893475e-02  4.81884205e-05 -2.40492810e-11  4.81884205e-05  0.00000000e+00 
 4.82180618e-05  7.22174745e-02  4.82180618e-05 -2.40519394e-11  4.82180618e-05  0.00000000e+00 
 4.82477032e-05  7.01090259e-02  4.82477032e-05 -2.40547966e-11  4.82477032e-05  0.00000000e+00 
 4.82773445e-05  6.80621209e-02  4.82773445e-05 -2.40577660e-11  4.82773445e-05  0.00000000e+00 
 4.83069858e-05  6.60749916e-02  4.83069858e-05 -2.40609439e-11  4.83069858e-05  0.00000000e+00 
 4.83366272e-05  6.41458641e-02  4.83366272e-05 -2.40642283e-11  4.83366272e-05  0.00000000e+00 
 4.83662685e-05  6.22730734e-02  4.83662685e-05 -2.40677297e-11  4.83662685e-05  0.00000000e+00 
 4.83959099e-05  6.04549465e-02  4.83959099e-05 -2.40713293e-11  4.83959099e-05  0.00000000e+00 
 4.84255512e-05  5.86899154e-02  4.84255512e-05 -2.40751528e-11  4.84255512e-05  0.00000000e+00 
 4.84551925e-05  5.69764022e-02  4.84551925e-05 -2.40790637e-11  4.84551925e-05  0.00000000e+00 
 4.84848339e-05  5.53129304e-02  4.84848339e-05 -2.40832039e-11  4.84848339e-05  0.00000000e+00 
 4.85144752e-05  5.36980115e-02  4.85144752e-05 -2.40874182e-11  4.85144752e-05  0.00000000e+00 
 4.85441165e-05  5.21302552e-02  4.85441165e-05 -2.40918659e-11  4.85441165e-05  0.00000000e+00 
 4.85737579e-05  5.06082576e-02  4.85737579e-05 -2.40963723e-11  4.85737579e-05  0.00000000e+00 
 4.86033992e-05  4.91307094e-02  4.86033992e-05 -2.41011147e-11  4.86033992e-05  0.00000000e+00 
 4.86330406e-05  4.76962864e-02  4.86330406e-05 -2.41058984e-11  4.86330406e-05  0.00000000e+00 
 4.86626819e-05  4.63037558e-02  4.86626819e-05 -2.41109194e-11  4.86626819e-05  0.00000000e+00 
 4.86923232e-05  4.49518684e-02  4.86923232e-05 -2.41159628e-11  4.86923232e-05  0.00000000e+00 
 4.87219646e-05  4.36394636e-02  4.87219646e-05 -2.41212436e-11  4.87219646e-05  0.00000000e+00 
 4.87516059e-05  4.23653627e-02  4.87516059e-05 -2.41265264e-11  4.87516059e-05  0.00000000e+00 
 4.87812472e-05  4.11284732e-02  4.87812472e-05 -2.41320458e-11  4.87812472e-05  0.00000000e+00 
 4.88108886e-05  3.99276831e-02  4.88108886e-05 -2.41375456e-11  4.88108886e-05  0.00000000e+00 
 4.88405299e-05  3.87619638e-02  4.88405299e-05 -2.41432803e-11  4.88405299e-05  0.00000000e+00 
 4.88701713e-05  3.76302663e-02  4.88701713e-05 -2.41489733e-11  4.88701713e-05  0.00000000e+00 
 4.88998126e-05  3.65316221e-02  4.88998126e-05 -2.41548986e-11  4.88998126e-05  0.00000000e+00 
 4.89294539e-05  3.54650416e-02  4.89294539e-05 -2.41607597e-11  4.89294539e-05  0.00000000e+00 
 4.89590953e-05  3.44296130e-02  4.89590953e-05 -2.41668498e-11  4.89590953e-05  0.00000000e+00 
 4.89887366e-05  3.34244027e-02  4.89887366e-05 -2.41728531e-11  4.89887366e-05  0.00000000e+00 
 4.90183779e-05  3.24485523e-02  4.90183779e-05 -2.41790818e-11  4.90183779e-05  0.00000000e+00 
 4.90480193e-05  3.15011811e-02  4.90480193e-05 -2.41852012e-11  4.90480193e-05  0.00000000e+00 
 4.90776606e-05  3.05814808e-02  4.90776606e-05 -2.41915419e-11  4.90776606e-05  0.00000000e+00 
 4.91073020e-05  2.96886205e-02  4.91073020e-05 -2.41977515e-11  4.91073020e-05  0.00000000e+00 
 4.91369433e-05  2.88218395e-02  4.91369433e-05 -2.42041779e-11  4.91369433e-05  0.00000000e+00 
 4.91665846e-05  2.79803538e-02  4.91665846e-05 -2.42104520e-11  4.91665846e-05  0.00000000e+00 
 4.91962260e-05  2.71634471e-02  4.91962260e-05 -2.42169383e-11  4.91962260e-05  0.00000000e+00 
 4.92258673e-05  2.63703797e-02  4.92258673e-05 -2.42232521e-11  4.92258673e-05  0.00000000e+00 
 4.92555086e-05  2.56004776e-02  4.92555086e-05 -2.42297733e-11  4.92555086e-05  0.00000000e+00 
 4.92851500e-05  2.48530427e-02  4.92851500e-05 -2.42361029e-11  4.92851500e-05  0.00000000e+00 
 4.93147913e-05  2.41274405e-02  4.93147913e-05 -2.42426350e-11  4.93147913e-05  0.00000000e+00 
 4.93444327e-05  2.34230124e-02  4.93444327e-05 -2.42489579e-11  4.93444327e-05  0.00000000e+00 
 4.93740740e-05  2.27391612e-02  4.93740740e-05 -2.42554782e-11  4.93740740e-05  0.00000000e+00 
 4.94037153e-05  2.20752653e-02  4.94037153e-05 -2.42617730e-11  4.94037153e-05  0.00000000e+00 
 4.94333567e-05  2.14307626e-02  4.94333567e-05 -2.42682603e-11  4.94333567e-05  0.00000000e+00 
 4.94629980e-05  2.08050668e-02  4.94629980e-05 -2.42745073e-11  4.94629980e-05  0.00000000e+00 
 4.94926394e-05  2.01976486e-02  4.94926394e-05 -2.42809418e-11  4.94926394e-05  0.00000000e+00 
 4.95222807e-05  1.96079549e-02  4.95222807e-05 -2.42871229e-11  4.95222807e-05  0.00000000e+00 
 4.95519220e-05  1.90354873e-02  4.95519220e-05 -2.42934862e-11  4.95519220e-05  0.00000000e+00 
 4.95815634e-05  1.84797241e-02  4.95815634e-05 -2.42995849e-11  4.95815634e-05  0.00000000e+00 
 4.96112047e-05  1.79401962e-02  4.96112047e-05 -2.43058607e-11  4.96112047e-05  0.00000000e+00 
 4.96408460e-05  1.74164111e-02  4.96408460e-05 -2.43118622e-11  4.96408460e-05  0.00000000e+00 
 4.96704874e-05  1.69079275e-02  4.96704874e-05 -2.43180355e-11  4.96704874e-05  0.00000000e+00 
 4.97001287e-05  1.64142805e-02  4.97001287e-05 -2.43239266e-11  4.97001287e-05  0.00000000e+00 
 4.97297701e-05  1.59350549e-02  4.97297701e-05 -2.43299842e-11  4.97297701e-05  0.00000000e+00 
 4.97594114e-05  1.54698120e-02  4.97594114e-05 -2.43357534e-11  4.97594114e-05  0.00000000e+00 
 4.97890527e-05  1.50181609e-02  4.97890527e-05 -2.43416837e-11  4.97890527e-05  0.00000000e+00 
 4.98186941e-05  1.45796878e-02  4.98186941e-05 -2.43473211e-11  4.98186941e-05  0.00000000e+00 
 4.98483354e-05  1.41540245e-02  4.98483354e-05 -2.43531141e-11  4.98483354e-05  0.00000000e+00 
 4.98779767e-05  1.37407807e-02  4.98779767e-05 -2.43586113e-11  4.98779767e-05  0.00000000e+00 
 4.99076181e-05  1.33396100e-02  4.99076181e-05 -2.43642584e-11  4.99076181e-05  0.00000000e+00 
 4.99372594e-05  1.29501440e-02  4.99372594e-05 -2.43696085e-11  4.99372594e-05  0.00000000e+00 
 4.99669008e-05  1.25720564e-02  4.99669008e-05 -2.43751026e-11  4.99669008e-05  0.00000000e+00 
 4.99965421e-05  1.22050000e-02  4.99965421e-05 -2.43803000e-11  4.99965421e-05  0.00000000e+00 
 5.00261834e-05  1.18486675e-02  5.00261834e-05 -2.43856354e-11  5.00261834e-05  0.00000000e+00 
 5.00558248e-05  1.15027312e-02  5.00558248e-05 -2.43906758e-11  5.00558248e-05  0.00000000e+00 
 5.00854661e-05  1.11669020e-02  5.00854661e-05 -2.43958479e-11  5.00854661e-05  0.00000000e+00 
 5.01151074e-05  1.08408706e-02  5.01151074e-05 -2.44007284e-11  5.01151074e-05  0.00000000e+00 
 5.01447488e-05  1.05243649e-02  5.01447488e-05 -2.44057338e-11  5.01447488e-05  0.00000000e+00 
 5.01743901e-05  1.02170931e-02  5.01743901e-05 -2.44104522e-11  5.01743901e-05  0.00000000e+00 
 5.02040315e-05  9.91879900e-03  5.02040315e-05 -2.44152887e-11  5.02040315e-05  0.00000000e+00 
 5.02336728e-05  9.62920746e-03  5.02336728e-05 -2.44198441e-11  5.02336728e-05  0.00000000e+00 
 5.02633141e-05  9.34807704e-03  5.02633141e-05 -2.44245103e-11  5.02633141e-05  0.00000000e+00 
 5.02929555e-05  9.07514841e-03  5.02929555e-05 -2.44289026e-11  5.02929555e-05  0.00000000e+00 
 5.03225968e-05  8.81019411e-03  5.03225968e-05 -2.44333981e-11  5.03225968e-05  0.00000000e+00 
 5.03522381e-05  8.55296962e-03  5.03522381e-05 -2.44376280e-11  5.03522381e-05  0.00000000e+00 
 5.03818795e-05  8.30326066e-03  5.03818795e-05 -2.44419531e-11  5.03818795e-05  0.00000000e+00 
 5.04115208e-05  8.06083672e-03  5.04115208e-05 -2.44460219e-11  5.04115208e-05  0.00000000e+00 
 5.04411622e-05  7.82549589e-03  5.04411622e-05 -2.44501778e-11  5.04411622e-05  0.00000000e+00 
 5.04708035e-05  7.59702088e-03  5.04708035e-05 -2.44540876e-11  5.04708035e-05  0.00000000e+00 
 5.05004448e-05  7.37522143e-03  5.05004448e-05 -2.44580758e-11  5.05004448e-05  0.00000000e+00 
 5.05300862e-05  7.15989276e-03  5.05300862e-05 -2.44618291e-11  5.05300862e-05  0.00000000e+00 
 5.05597275e-05  6.95085552e-03  5.05597275e-05 -2.44656519e-11  5.05597275e-05  0.00000000e+00 
 5.05893688e-05  6.74791675e-03  5.05893688e-05 -2.44692518e-11  5.05893688e-05  0.00000000e+00 
 5.06190102e-05  6.55090739e-03  5.06190102e-05 -2.44729119e-11  5.06190102e-05  0.00000000e+00 
 5.06486515e-05  6.35964563e-03  5.06486515e-05 -2.44763618e-11  5.06486515e-05  0.00000000e+00 
 5.06782929e-05  6.17397205e-03  5.06782929e-05 -2.44798622e-11  5.06782929e-05  0.00000000e+00 
 5.07079342e-05  5.99371542e-03  5.07079342e-05 -2.44831659e-11  5.07079342e-05  0.00000000e+00 
 5.07375755e-05  5.81872536e-03  5.07375755e-05 -2.44865100e-11  5.07375755e-05  0.00000000e+00 
 5.07672169e-05  5.64884064e-03  5.07672169e-05 -2.44896716e-11  5.07672169e-05  0.00000000e+00 
 5.07968582e-05  5.48391937e-03  5.07968582e-05 -2.44928631e-11  5.07968582e-05  0.00000000e+00 
 5.08264995e-05  5.32380978e-03  5.08264995e-05 -2.44958868e-11  5.08264995e-05  0.00000000e+00 
 5.08561409e-05  5.16837792e-03  5.08561409e-05 -2.44989297e-11  5.08561409e-05  0.00000000e+00 
 5.08857822e-05  5.01748102e-03  5.08857822e-05 -2.45018200e-11  5.08857822e-05  0.00000000e+00 
 5.09154236e-05  4.87099256e-03  5.09154236e-05 -2.45047183e-11  5.09154236e-05  0.00000000e+00 
 5.09450649e-05  4.72877825e-03  5.09450649e-05 -2.45074796e-11  5.09450649e-05  0.00000000e+00 
 5.09747062e-05  4.59071858e-03  5.09747062e-05 -2.45102377e-11  5.09747062e-05  0.00000000e+00 
 5.10043476e-05  4.45668729e-03  5.10043476e-05 -2.45128747e-11  5.10043476e-05  0.00000000e+00 
 5.10339889e-05  4.32657142e-03  5.10339889e-05 -2.45154968e-11  5.10339889e-05  0.00000000e+00 
 5.10636303e-05  4.20025230e-03  5.10636303e-05 -2.45180143e-11  5.10636303e-05  0.00000000e+00 
 5.10932716e-05  4.07762313e-03  5.10932716e-05 -2.45205048e-11  5.10932716e-05  0.00000000e+00 
 5.11229129e-05  3.95857245e-03  5.11229129e-05 -2.45229074e-11  5.11229129e-05  0.00000000e+00 
 5.11525543e-05  3.84299918e-03  5.11525543e-05 -2.45252707e-11  5.11525543e-05  0.00000000e+00 
 5.11821956e-05  3.73079873e-03  5.11821956e-05 -2.45275632e-11  5.11821956e-05  0.00000000e+00 
 5.12118369e-05  3.62187537e-03  5.12118369e-05 -2.45298038e-11  5.12118369e-05  0.00000000e+00 
 5.12414783e-05  3.51613099e-03  5.12414783e-05 -2.45319908e-11  5.12414783e-05  0.00000000e+00 
 5.12711196e-05  3.41347490e-03  5.12711196e-05 -2.45341131e-11  5.12711196e-05  0.00000000e+00 
 5.13007610e-05  3.31381512e-03  5.13007610e-05 -2.45361991e-11  5.13007610e-05  0.00000000e+00 
 5.13304023e-05  3.21706567e-03  5.13304023e-05 -2.45382076e-11  5.13304023e-05  0.00000000e+00 
 5.13600436e-05  3.12314040e-03  5.13600436e-05 -2.45401973e-11  5.13600436e-05  0.00000000e+00 
 5.13885340e-05  3.03544863e-03  5.13885340e-05 -2.45420224e-11  5.13885340e-05  0.00000000e+00 
 5.14171145e-05  2.94995314e-03  5.14171145e-05 -2.45438560e-11  5.14171145e-05  0.00000000e+00 
 5.14449406e-05  2.86902848e-03  5.14449406e-05 -2.45455422e-11  5.14449406e-05  0.00000000e+00 
 5.14724290e-05  2.79126644e-03  5.14724290e-05 -2.45472315e-11  5.14724290e-05  0.00000000e+00 
 5.14994937e-05  2.71676228e-03  5.14994937e-05 -2.45487830e-11  5.14994937e-05  0.00000000e+00 
 5.15260771e-05  2.64551979e-03  5.15260771e-05 -2.45503513e-11  5.15260771e-05  0.00000000e+00 
 5.15525701e-05  2.57637801e-03  5.15525701e-05 -2.45517882e-11  5.15525701e-05  0.00000000e+00 
 5.15818193e-05  2.50213957e-03  5.15818193e-05 -2.45534384e-11  5.15818193e-05  0.00000000e+00 
 5.16114606e-05  2.42908691e-03  5.16114606e-05 -2.45549603e-11  5.16114606e-05  0.00000000e+00 
 5.16411020e-05  2.35816824e-03  5.16411020e-05 -2.45565560e-11  5.16411020e-05  0.00000000e+00 
 5.16707433e-05  2.28931881e-03  5.16707433e-05 -2.45579877e-11  5.16707433e-05  0.00000000e+00 
 5.17003846e-05  2.22248096e-03  5.17003846e-05 -2.45595111e-11  5.17003846e-05  0.00000000e+00 
 5.17300260e-05  2.15759288e-03  5.17300260e-05 -2.45608564e-11  5.17300260e-05  0.00000000e+00 
 5.17596673e-05  2.09460105e-03  5.17596673e-05 -2.45623112e-11  5.17596673e-05  0.00000000e+00 
 5.17893087e-05  2.03344638e-03  5.17893087e-05 -2.45635739e-11  5.17893087e-05  0.00000000e+00 
 5.18189500e-05  1.97407928e-03  5.18189500e-05 -2.45649637e-11  5.18189500e-05  0.00000000e+00 
 5.18485913e-05  1.91644321e-03  5.18485913e-05 -2.45661474e-11  5.18485913e-05  0.00000000e+00 
 5.18782327e-05  1.86049228e-03  5.18782327e-05 -2.45674757e-11  5.18782327e-05  0.00000000e+00 
 5.19078740e-05  1.80617233e-03  5.19078740e-05 -2.45685837e-11  5.19078740e-05  0.00000000e+00 
 5.19375153e-05  1.75344101e-03  5.19375153e-05 -2.45698539e-11  5.19375153e-05  0.00000000e+00 
 5.19671567e-05  1.70224637e-03  5.19671567e-05 -2.45708896e-11  5.19671567e-05  0.00000000e+00 
 5.19967980e-05  1.65254943e-03  5.19967980e-05 -2.45721050e-11  5.19967980e-05  0.00000000e+00 
 5.20264394e-05  1.60430025e-03  5.20264394e-05 -2.45730716e-11  5.20264394e-05  0.00000000e+00 
 5.20560807e-05  1.55746309e-03  5.20560807e-05 -2.45742351e-11  5.20560807e-05  0.00000000e+00 
 5.20857220e-05  1.51198989e-03  5.20857220e-05 -2.45751357e-11  5.20857220e-05  0.00000000e+00 
 5.21153634e-05  1.46784797e-03  5.21153634e-05 -2.45762503e-11  5.21153634e-05  0.00000000e+00 
 5.21450047e-05  1.42499102e-03  5.21450047e-05 -2.45770879e-11  5.21450047e-05  0.00000000e+00 
 5.21746460e-05  1.38338927e-03  5.21746460e-05 -2.45781565e-11  5.21746460e-05  0.00000000e+00 
 5.22042874e-05  1.34299801e-03  5.22042874e-05 -2.45789339e-11  5.22042874e-05  0.00000000e+00 
 5.22339287e-05  1.30379027e-03  5.22339287e-05 -2.45799592e-11  5.22339287e-05  0.00000000e+00 
 5.22635701e-05  1.26572283e-03  5.22635701e-05 -2.45806791e-11  5.22635701e-05  0.00000000e+00 
 5.22932114e-05  1.22877137e-03  5.22932114e-05 -2.45816636e-11  5.22932114e-05  0.00000000e+00 
 5.23228527e-05  1.19289401e-03  5.23228527e-05 -2.45823288e-11  5.23228527e-05  0.00000000e+00 
 5.23524941e-05  1.15806901e-03  5.23524941e-05 -2.45832749e-11  5.23524941e-05  0.00000000e+00 
 5.23821354e-05  1.12425573e-03  5.23821354e-05 -2.45838877e-11  5.23821354e-05  0.00000000e+00 
 5.24117767e-05  1.09143484e-03  5.24117767e-05 -2.45847978e-11  5.24117767e-05  0.00000000e+00 
 5.24414181e-05  1.05956685e-03  5.24414181e-05 -2.45853608e-11  5.24414181e-05  0.00000000e+00 
 5.24710594e-05  1.02863476e-03  5.24710594e-05 -2.45862371e-11  5.24710594e-05  0.00000000e+00 
 5.25007008e-05  9.98600128e-04  5.25007008e-05 -2.45867525e-11  5.25007008e-05  0.00000000e+00 
 5.25303421e-05  9.69448168e-04  5.25303421e-05 -2.45875970e-11  5.25303421e-05  0.00000000e+00 
 5.25599834e-05  9.41141395e-04  5.25599834e-05 -2.45880671e-11  5.25599834e-05  0.00000000e+00 
 5.25896248e-05  9.13667146e-04  5.25896248e-05 -2.45888819e-11  5.25896248e-05  0.00000000e+00 
 5.26192661e-05  8.86988804e-04  5.26192661e-05 -2.45893087e-11  5.26192661e-05  0.00000000e+00 
 5.26489074e-05  8.61095737e-04  5.26489074e-05 -2.45900956e-11  5.26489074e-05  0.00000000e+00 
 5.26785488e-05  8.35952119e-04  5.26785488e-05 -2.45904812e-11  5.26785488e-05  0.00000000e+00 
 5.27081901e-05  8.11549262e-04  5.27081901e-05 -2.45912420e-11  5.27081901e-05  0.00000000e+00 
 5.27378315e-05  7.87852054e-04  5.27378315e-05 -2.45915883e-11  5.27378315e-05  0.00000000e+00 
 5.27674728e-05  7.64853669e-04  5.27674728e-05 -2.45923247e-11  5.27674728e-05  0.00000000e+00 
 5.27971141e-05  7.42519636e-04  5.27971141e-05 -2.45926335e-11  5.27971141e-05  0.00000000e+00 
 5.28267555e-05  7.20844918e-04  5.28267555e-05 -2.45933471e-11  5.28267555e-05  0.00000000e+00 
 5.28563968e-05  6.99795618e-04  5.28563968e-05 -2.45936202e-11  5.28563968e-05  0.00000000e+00 
 5.28860381e-05  6.79368411e-04  5.28860381e-05 -2.45943125e-11  5.28860381e-05  0.00000000e+00 
 5.29156795e-05  6.59529914e-04  5.29156795e-05 -2.45945516e-11  5.29156795e-05  0.00000000e+00 
 5.29453208e-05  6.40278443e-04  5.29453208e-05 -2.45952239e-11  5.29453208e-05  0.00000000e+00 
 5.29749622e-05  6.21581072e-04  5.29749622e-05 -2.45954306e-11  5.29749622e-05  0.00000000e+00 
 5.30046035e-05  6.03437694e-04  5.30046035e-05 -2.45960844e-11  5.30046035e-05  0.00000000e+00 
 5.30342448e-05  5.85815783e-04  5.30342448e-05 -2.45962602e-11  5.30342448e-05  0.00000000e+00 
 5.30638862e-05  5.68716746e-04  5.30638862e-05 -2.45968966e-11  5.30638862e-05  0.00000000e+00 
 5.30935275e-05  5.52108406e-04  5.30935275e-05 -2.45970430e-11  5.30935275e-05  0.00000000e+00 
 5.31231689e-05  5.35993625e-04  5.31231689e-05 -2.45976632e-11  5.31231689e-05  0.00000000e+00 
 5.31528102e-05  5.20340530e-04  5.31528102e-05 -2.45977816e-11  5.31528102e-05  0.00000000e+00 
 5.31824515e-05  5.05153379e-04  5.31824515e-05 -2.45983868e-11  5.31824515e-05  0.00000000e+00 
 5.32120929e-05  4.90400557e-04  5.32120929e-05 -2.45984785e-11  5.32120929e-05  0.00000000e+00 
 5.32417342e-05  4.76087667e-04  5.32417342e-05 -2.45990697e-11  5.32417342e-05  0.00000000e+00 
 5.32713755e-05  4.62183311e-04  5.32713755e-05 -2.45991359e-11  5.32713755e-05  0.00000000e+00 
 5.33010169e-05  4.48694383e-04  5.33010169e-05 -2.45997142e-11  5.33010169e-05  0.00000000e+00 
 5.33306582e-05  4.35589667e-04  5.33306582e-05 -2.45997561e-11  5.33306582e-05  0.00000000e+00 
 5.33602996e-05  4.22877297e-04  5.33602996e-05 -2.46003223e-11  5.33602996e-05  0.00000000e+00 
 5.33899409e-05  4.10526203e-04  5.33899409e-05 -2.46003412e-11  5.33899409e-05  0.00000000e+00 
 5.34195822e-05  3.98545716e-04  5.34195822e-05 -2.46008961e-11  5.34195822e-05  0.00000000e+00 
 5.34492236e-05  3.86904875e-04  5.34492236e-05 -2.46008930e-11  5.34492236e-05  0.00000000e+00 
 5.34788649e-05  3.75614164e-04  5.34788649e-05 -2.46014374e-11  5.34788649e-05  0.00000000e+00 
 5.35085062e-05  3.64642702e-04  5.35085062e-05 -2.46014134e-11  5.35085062e-05  0.00000000e+00 
 5.35381476e-05  3.54002083e-04  5.35381476e-05 -2.46019482e-11  5.35381476e-05  0.00000000e+00 
 5.35677889e-05  3.43661480e-04  5.35677889e-05 -2.46019043e-11  5.35677889e-05  0.00000000e+00 
 5.35974303e-05  3.33633553e-04  5.35974303e-05 -2.46024301e-11  5.35974303e-05  0.00000000e+00 
 5.36270716e-05  3.23887503e-04  5.36270716e-05 -2.46023672e-11  5.36270716e-05  0.00000000e+00 
 5.36567129e-05  3.14437020e-04  5.36567129e-05 -2.46028847e-11  5.36567129e-05  0.00000000e+00 
 5.36863543e-05  3.05251307e-04  5.36863543e-05 -2.46028038e-11  5.36863543e-05  0.00000000e+00 
 5.37159956e-05  2.96345048e-04  5.37159956e-05 -2.46033135e-11  5.37159956e-05  0.00000000e+00 
 5.37456369e-05  2.87687426e-04  5.37456369e-05 -2.46032154e-11  5.37456369e-05  0.00000000e+00 
 5.37752783e-05  2.79294081e-04  5.37752783e-05 -2.46037180e-11  5.37752783e-05  0.00000000e+00 
 5.38049196e-05  2.71134157e-04  5.38049196e-05 -2.46036036e-11  5.38049196e-05  0.00000000e+00 
 5.38345610e-05  2.63224219e-04  5.38345610e-05 -2.46040995e-11  5.38345610e-05  0.00000000e+00 
 5.38642023e-05  2.55533353e-04  5.38642023e-05 -2.46039696e-11  5.38642023e-05  0.00000000e+00 
 5.38938436e-05  2.48079012e-04  5.38938436e-05 -2.46044594e-11  5.38938436e-05  0.00000000e+00 
 5.39234850e-05  2.40830208e-04  5.39234850e-05 -2.46043147e-11  5.39234850e-05  0.00000000e+00 
 5.39531263e-05  2.33805254e-04  5.39531263e-05 -2.46047988e-11  5.39531263e-05  0.00000000e+00 
 5.39827676e-05  2.26973071e-04  5.39827676e-05 -2.46046401e-11  5.39827676e-05  0.00000000e+00 
 5.40124090e-05  2.20352802e-04  5.40124090e-05 -2.46051189e-11  5.40124090e-05  0.00000000e+00 
 5.40420503e-05  2.13913265e-04  5.40420503e-05 -2.46049469e-11  5.40420503e-05  0.00000000e+00 
 5.40716917e-05  2.07674400e-04  5.40716917e-05 -2.46054208e-11  5.40716917e-05  0.00000000e+00 
 5.41013330e-05  2.01604910e-04  5.41013330e-05 -2.46052362e-11  5.41013330e-05  0.00000000e+00 
 5.41309743e-05  1.95725508e-04  5.41309743e-05 -2.46057055e-11  5.41309743e-05  0.00000000e+00 
 5.41606157e-05  1.90004769e-04  5.41606157e-05 -2.46055089e-11  5.41606157e-05  0.00000000e+00 
 5.41902570e-05  1.84464152e-04  5.41902570e-05 -2.46059740e-11  5.41902570e-05  0.00000000e+00 
 5.42198983e-05  1.79072092e-04  5.42198983e-05 -2.46057660e-11  5.42198983e-05  0.00000000e+00 
 5.42495397e-05  1.73850769e-04  5.42495397e-05 -2.46062271e-11  5.42495397e-05  0.00000000e+00 
 5.42791810e-05  1.68768474e-04  5.42791810e-05 -2.46060084e-11  5.42791810e-05  0.00000000e+00 
 5.43088224e-05  1.63848077e-04  5.43088224e-05 -2.46064658e-11  5.43088224e-05  0.00000000e+00 
 5.43384637e-05  1.59057718e-04  5.43384637e-05 -2.46062369e-11  5.43384637e-05  0.00000000e+00 
 5.43681050e-05  1.54420936e-04  5.43681050e-05 -2.46066909e-11  5.43681050e-05  0.00000000e+00 
 5.43977464e-05  1.49905711e-04  5.43977464e-05 -2.46064524e-11  5.43977464e-05  0.00000000e+00 
 5.44273877e-05  1.45536230e-04  5.44273877e-05 -2.46069031e-11  5.44273877e-05  0.00000000e+00 
 5.44570290e-05  1.41280305e-04  5.44570290e-05 -2.46066555e-11  5.44570290e-05  0.00000000e+00 
 5.44866704e-05  1.37162747e-04  5.44866704e-05 -2.46071032e-11  5.44866704e-05  0.00000000e+00 
 5.45163117e-05  1.33151198e-04  5.45163117e-05 -2.46068470e-11  5.45163117e-05  0.00000000e+00 
 5.45459531e-05  1.29271071e-04  5.45459531e-05 -2.46072918e-11  5.45459531e-05  0.00000000e+00 
 5.45755944e-05  1.25489834e-04  5.45755944e-05 -2.46070275e-11  5.45755944e-05  0.00000000e+00 
 5.46052357e-05  1.21833479e-04  5.46052357e-05 -2.46074696e-11  5.46052357e-05  0.00000000e+00 
 5.46348771e-05  1.18269299e-04  5.46348771e-05 -2.46071977e-11  5.46348771e-05  0.00000000e+00 
 5.46645184e-05  1.14823844e-04  5.46645184e-05 -2.46076372e-11  5.46645184e-05  0.00000000e+00 
 5.46941598e-05  1.11464229e-04  5.46941598e-05 -2.46073582e-11  5.46941598e-05  0.00000000e+00 
 5.47238011e-05  1.08217541e-04  5.47238011e-05 -2.46077953e-11  5.47238011e-05  0.00000000e+00 
 5.47534424e-05  1.05050717e-04  5.47534424e-05 -2.46075095e-11  5.47534424e-05  0.00000000e+00 
 5.47830838e-05  1.01991362e-04  5.47830838e-05 -2.46079442e-11  5.47830838e-05  0.00000000e+00 
 5.48127251e-05  9.90062334e-05  5.48127251e-05 -2.46076521e-11  5.48127251e-05  0.00000000e+00 
 5.48423664e-05  9.61234358e-05  5.48423664e-05 -2.46080846e-11  5.48423664e-05  0.00000000e+00 
 5.48720078e-05  9.33095453e-05  5.48720078e-05 -2.46077866e-11  5.48720078e-05  0.00000000e+00 
 5.49016491e-05  9.05931478e-05  5.49016491e-05 -2.46082169e-11  5.49016491e-05  0.00000000e+00 
 5.49312905e-05  8.79406405e-05  5.49312905e-05 -2.46079134e-11  5.49312905e-05  0.00000000e+00 
 5.49609318e-05  8.53810707e-05  5.49609318e-05 -2.46083415e-11  5.49609318e-05  0.00000000e+00 
 5.49905731e-05  8.28806585e-05  5.49905731e-05 -2.46080330e-11  5.49905731e-05  0.00000000e+00 
 5.50202145e-05  8.04688947e-05  5.50202145e-05 -2.46084590e-11  5.50202145e-05  0.00000000e+00 
 5.50498558e-05  7.81118241e-05  5.50498558e-05 -2.46081457e-11  5.50498558e-05  0.00000000e+00 
 5.50794971e-05  7.58393635e-05  5.50794971e-05 -2.46085697e-11  5.50794971e-05  0.00000000e+00 
 5.51091385e-05  7.36173851e-05  5.51091385e-05 -2.46082521e-11  5.51091385e-05  0.00000000e+00 
 5.51387798e-05  7.14762139e-05  5.51387798e-05 -2.46086740e-11  5.51387798e-05  0.00000000e+00 
 5.51684212e-05  6.93815529e-05  5.51684212e-05 -2.46083524e-11  5.51684212e-05  0.00000000e+00 
 5.51980625e-05  6.73641183e-05  5.51980625e-05 -2.46087723e-11  5.51980625e-05  0.00000000e+00 
 5.52277038e-05  6.53894475e-05  5.52277038e-05 -2.46084470e-11  5.52277038e-05  0.00000000e+00 
 5.52573452e-05  6.34886311e-05  5.52573452e-05 -2.46088649e-11  5.52573452e-05  0.00000000e+00 
 5.52869865e-05  6.16270450e-05  5.52869865e-05 -2.46085362e-11  5.52869865e-05  0.00000000e+00 
 5.53166278e-05  5.98361380e-05  5.53166278e-05 -2.46089520e-11  5.53166278e-05  0.00000000e+00 
 5.53462692e-05  5.80811286e-05  5.53462692e-05 -2.46086204e-11  5.53462692e-05  0.00000000e+00 
 5.53759105e-05  5.63938078e-05  5.53759105e-05 -2.46090342e-11  5.53759105e-05  0.00000000e+00 
 5.54055519e-05  5.47392419e-05  5.54055519e-05 -2.46086998e-11  5.54055519e-05  0.00000000e+00 
 5.54351932e-05  5.31495478e-05  5.54351932e-05 -2.46091115e-11  5.54351932e-05  0.00000000e+00 
 5.54648345e-05  5.15896452e-05  5.54648345e-05 -2.46087747e-11  5.54648345e-05  0.00000000e+00 
 5.54944759e-05  5.00919611e-05  5.54944759e-05 -2.46091843e-11  5.54944759e-05  0.00000000e+00 
 5.55241172e-05  4.86212744e-05  5.55241172e-05 -2.46088454e-11  5.55241172e-05  0.00000000e+00 
 5.55537585e-05  4.72103065e-05  5.55537585e-05 -2.46092528e-11  5.55537585e-05  0.00000000e+00 
 5.55833999e-05  4.58237017e-05  5.55833999e-05 -2.46089122e-11  5.55833999e-05  0.00000000e+00 
 5.56130412e-05  4.44944610e-05  5.56130412e-05 -2.46093173e-11  5.56130412e-05  0.00000000e+00 
 5.56426826e-05  4.31870998e-05  5.56426826e-05 -2.46089752e-11  5.56426826e-05  0.00000000e+00 
 5.56723239e-05  4.19348837e-05  5.56723239e-05 -2.46093780e-11  5.56723239e-05  0.00000000e+00 
 5.57019652e-05  4.07022066e-05  5.57019652e-05 -2.46090346e-11  5.57019652e-05  0.00000000e+00 
 5.57316066e-05  3.95225832e-05  5.57316066e-05 -2.46094352e-11  5.57316066e-05  0.00000000e+00 
 5.57612479e-05  3.83602928e-05  5.57612479e-05 -2.46090908e-11  5.57612479e-05  0.00000000e+00 
 5.57908892e-05  3.72490850e-05  5.57908892e-05 -2.46094889e-11  5.57908892e-05  0.00000000e+00 
 5.58205306e-05  3.61531317e-05  5.58205306e-05 -2.46091438e-11  5.58205306e-05  0.00000000e+00 
 5.58501719e-05  3.51064024e-05  5.58501719e-05 -2.46095394e-11  5.58501719e-05  0.00000000e+00 
 5.58798133e-05  3.40729696e-05  5.58798133e-05 -2.46091939e-11  5.58798133e-05  0.00000000e+00 
 5.59094546e-05  3.30870084e-05  5.59094546e-05 -2.46095870e-11  5.59094546e-05  0.00000000e+00 
 5.59390959e-05  3.21124993e-05  5.59390959e-05 -2.46092412e-11  5.59390959e-05  0.00000000e+00 
 5.59687373e-05  3.11838088e-05  5.59687373e-05 -2.46096317e-11  5.59687373e-05  0.00000000e+00 
 5.59983786e-05  3.02648338e-05  5.59983786e-05 -2.46092860e-11  5.59983786e-05  0.00000000e+00 
 5.60280199e-05  2.93901179e-05  5.60280199e-05 -2.46096736e-11  5.60280199e-05  0.00000000e+00 
 5.60576613e-05  2.85234824e-05  5.60576613e-05 -2.46093283e-11  5.60576613e-05  0.00000000e+00 
 5.60873026e-05  2.76996344e-05  5.60873026e-05 -2.46097131e-11  5.60873026e-05  0.00000000e+00 
 5.61169440e-05  2.68823281e-05  5.61169440e-05 -2.46093683e-11  5.61169440e-05  0.00000000e+00 
 5.61465853e-05  2.61064198e-05  5.61465853e-05 -2.46097501e-11  5.61465853e-05  0.00000000e+00 
 5.61762266e-05  2.53356055e-05  5.61762266e-05 -2.46094061e-11  5.61762266e-05  0.00000000e+00 
 5.62058680e-05  2.46048772e-05  5.62058680e-05 -2.46097849e-11  5.62058680e-05  0.00000000e+00 
 5.62355093e-05  2.38778813e-05  5.62355093e-05 -2.46094419e-11  5.62355093e-05  0.00000000e+00 
 5.62651507e-05  2.31897318e-05  5.62651507e-05 -2.46098176e-11  5.62651507e-05  0.00000000e+00 
 5.62947920e-05  2.25040346e-05  5.62947920e-05 -2.46094757e-11  5.62947920e-05  0.00000000e+00 
 5.63244333e-05  2.18560122e-05  5.63244333e-05 -2.46098482e-11  5.63244333e-05  0.00000000e+00 
 5.63540747e-05  2.12092393e-05  5.63540747e-05 -2.46095078e-11  5.63540747e-05  0.00000000e+00 
 5.63837160e-05  2.05990331e-05  5.63837160e-05 -2.46098769e-11  5.63837160e-05  0.00000000e+00 
 5.64133573e-05  1.99889467e-05  5.64133573e-05 -2.46095382e-11  5.64133573e-05  0.00000000e+00 
 5.64429987e-05  1.94143789e-05  5.64429987e-05 -2.46099039e-11  5.64429987e-05  0.00000000e+00 
 5.64726400e-05  1.88388702e-05  5.64726400e-05 -2.46095670e-11  5.64726400e-05  0.00000000e+00 
 5.65022814e-05  1.82978879e-05  5.65022814e-05 -2.46099291e-11  5.65022814e-05  0.00000000e+00 
 5.65319227e-05  1.77549697e-05  5.65319227e-05 -2.46095943e-11  5.65319227e-05  0.00000000e+00 
 5.65615640e-05  1.72456380e-05  5.65615640e-05 -2.46099527e-11  5.65615640e-05  0.00000000e+00 
 5.65912054e-05  1.67334375e-05  5.65912054e-05 -2.46096201e-11  5.65912054e-05  0.00000000e+00 
 5.66208467e-05  1.62539326e-05  5.66208467e-05 -2.46099747e-11  5.66208467e-05  0.00000000e+00 
 5.66504880e-05  1.57706850e-05  5.66504880e-05 -2.46096447e-11  5.66504880e-05  0.00000000e+00 
 5.66801294e-05  1.53192881e-05  5.66801294e-05 -2.46099954e-11  5.66801294e-05  0.00000000e+00 
 5.67097707e-05  1.48633302e-05  5.67097707e-05 -2.46096680e-11  5.67097707e-05  0.00000000e+00 
 5.67394121e-05  1.44384211e-05  5.67394121e-05 -2.46100147e-11  5.67394121e-05  0.00000000e+00 
 5.67690534e-05  1.40081856e-05  5.67690534e-05 -2.46096902e-11  5.67690534e-05  0.00000000e+00 
 5.67986947e-05  1.36082371e-05  5.67986947e-05 -2.46100327e-11  5.67986947e-05  0.00000000e+00 
 5.68283361e-05  1.32022472e-05  5.68283361e-05 -2.46097112e-11  5.68283361e-05  0.00000000e+00 
 5.68579774e-05  1.28258199e-05  5.68579774e-05 -2.46100495e-11  5.68579774e-05  0.00000000e+00 
 5.68876187e-05  1.24426836e-05  5.68876187e-05 -2.46097313e-11  5.68876187e-05  0.00000000e+00 
 5.69172601e-05  1.20884208e-05  5.69172601e-05 -2.46100651e-11  5.69172601e-05  0.00000000e+00 
 5.69469014e-05  1.17268267e-05  5.69469014e-05 -2.46097503e-11  5.69469014e-05  0.00000000e+00 
 5.69765428e-05  1.13934495e-05  5.69765428e-05 -2.46100796e-11  5.69765428e-05  0.00000000e+00 
 5.70061841e-05  1.10521617e-05  5.70061841e-05 -2.46097685e-11  5.70061841e-05  0.00000000e+00 
 5.70358254e-05  1.07384646e-05  5.70358254e-05 -2.46100932e-11  5.70358254e-05  0.00000000e+00 
 5.70654668e-05  1.04163184e-05  5.70654668e-05 -2.46097858e-11  5.70654668e-05  0.00000000e+00 
 5.70951081e-05  1.01211652e-05  5.70951081e-05 -2.46101057e-11  5.70951081e-05  0.00000000e+00 
 5.71247494e-05  9.81706315e-06  5.71247494e-05 -2.46098023e-11  5.71247494e-05  0.00000000e+00 
 5.71543908e-05  9.53938288e-06  5.71543908e-05 -2.46101173e-11  5.71543908e-05  0.00000000e+00 
 5.71840321e-05  9.25229080e-06  5.71840321e-05 -2.46098181e-11  5.71840321e-05  0.00000000e+00 
 5.72136735e-05  8.99107390e-06  5.72136735e-05 -2.46101281e-11  5.72136735e-05  0.00000000e+00 
 5.72433148e-05  8.72001729e-06  5.72433148e-05 -2.46098331e-11  5.72433148e-05  0.00000000e+00 
 5.72729561e-05  8.47431214e-06  5.72729561e-05 -2.46101380e-11  5.72729561e-05  0.00000000e+00 
 5.73025975e-05  8.21837272e-06  5.73025975e-05 -2.46098475e-11  5.73025975e-05  0.00000000e+00 
 5.73322388e-05  7.98728233e-06  5.73322388e-05 -2.46101472e-11  5.73322388e-05  0.00000000e+00 
 5.73618801e-05  7.74559479e-06  5.73618801e-05 -2.46098613e-11  5.73618801e-05  0.00000000e+00 
 5.73915215e-05  7.52827363e-06  5.73915215e-05 -2.46101556e-11  5.73915215e-05  0.00000000e+00 
 5.74211628e-05  7.30002261e-06  5.74211628e-05 -2.46098745e-11  5.74211628e-05  0.00000000e+00 
 5.74508042e-05  7.09567363e-06  5.74508042e-05 -2.46101633e-11  5.74508042e-05  0.00000000e+00 
 5.74804455e-05  6.88009086e-06  5.74804455e-05 -2.46098872e-11  5.74804455e-05  0.00000000e+00 
 5.75100868e-05  6.68796274e-06  5.75100868e-05 -2.46101704e-11  5.75100868e-05  0.00000000e+00 
 5.75397282e-05  6.48432426e-06  5.75397282e-05 -2.46098994e-11  5.75397282e-05  0.00000000e+00 
 5.75693695e-05  6.30370876e-06  5.75693695e-05 -2.46101768e-11  5.75693695e-05  0.00000000e+00 
 5.75990108e-05  6.11133245e-06  5.75990108e-05 -2.46099110e-11  5.75990108e-05  0.00000000e+00 
 5.76286522e-05  5.94156192e-06  5.76286522e-05 -2.46101826e-11  5.76286522e-05  0.00000000e+00 
 5.76582935e-05  5.75980503e-06  5.76582935e-05 -2.46099223e-11  5.76582935e-05  0.00000000e+00 
 5.76879349e-05  5.60025013e-06  5.76879349e-05 -2.46101879e-11  5.76879349e-05  0.00000000e+00 
 5.77175762e-05  5.42850705e-06  5.77175762e-05 -2.46099331e-11  5.77175762e-05  0.00000000e+00 
 5.77472175e-05  5.27857447e-06  5.77472175e-05 -2.46101926e-11  5.77472175e-05  0.00000000e+00 
 5.77768589e-05  5.11627456e-06  5.77768589e-05 -2.46099436e-11  5.77768589e-05  0.00000000e+00 
 5.78065002e-05  4.97540502e-06  5.78065002e-05 -2.46101969e-11  5.78065002e-05  0.00000000e+00 
 5.78361416e-05  4.82201064e-06  5.78361416e-05 -2.46099536e-11  5.78361416e-05  0.00000000e+00 
 5.78657829e-05  4.68967688e-06  5.78657829e-05 -2.46102006e-11  5.78657829e-05  0.00000000e+00 
 5.78954242e-05  4.54468143e-06  5.78954242e-05 -2.46099633e-11  5.78954242e-05  0.00000000e+00 
 5.79250656e-05  4.42038641e-06  5.79250656e-05 -2.46102039e-11  5.79250656e-05  0.00000000e+00 
 5.79547069e-05  4.28331260e-06  5.79547069e-05 -2.46099728e-11  5.79547069e-05  0.00000000e+00 
 5.79843482e-05  4.16658773e-06  5.79843482e-05 -2.46102068e-11  5.79843482e-05  0.00000000e+00 
 5.80139896e-05  4.03698587e-06  5.80139896e-05 -2.46099819e-11  5.80139896e-05  0.00000000e+00 
 5.80436309e-05  3.92738939e-06  5.80436309e-05 -2.46102092e-11  5.80436309e-05  0.00000000e+00 
 5.80732723e-05  3.80483577e-06  5.80732723e-05 -2.46099907e-11  5.80732723e-05  0.00000000e+00 
 5.81029136e-05  3.70195123e-06  5.81029136e-05 -2.46102113e-11  5.81029136e-05  0.00000000e+00 
 5.81325549e-05  3.58604666e-06  5.81325549e-05 -2.46099993e-11  5.81325549e-05  0.00000000e+00 
 5.81621963e-05  3.48948143e-06  5.81621963e-05 -2.46102130e-11  5.81621963e-05  0.00000000e+00 
 5.81918376e-05  3.37984983e-06  5.81918376e-05 -2.46100076e-11  5.81918376e-05  0.00000000e+00 
 5.82214789e-05  3.28923372e-06  5.82214789e-05 -2.46102144e-11  5.82214789e-05  0.00000000e+00 
 5.82511203e-05  3.18552077e-06  5.82511203e-05 -2.46100157e-11  5.82511203e-05  0.00000000e+00 
 5.82807616e-05  3.10050481e-06  5.82807616e-05 -2.46102154e-11  5.82807616e-05  0.00000000e+00 
 5.83104030e-05  3.00237670e-06  5.83104030e-05 -2.46100236e-11  5.83104030e-05  0.00000000e+00 
 5.83400443e-05  2.92263184e-06  5.83400443e-05 -2.46102161e-11  5.83400443e-05  0.00000000e+00 
 5.83696856e-05  2.82977408e-06  5.83696856e-05 -2.46100313e-11  5.83696856e-05  0.00000000e+00 
 5.83993270e-05  2.75499011e-06  5.83993270e-05 -2.46102165e-11  5.83993270e-05  0.00000000e+00 
 5.84289683e-05  2.66710642e-06  5.84289683e-05 -2.46100388e-11  5.84289683e-05  0.00000000e+00 
 5.84586096e-05  2.59699085e-06  5.84586096e-05 -2.46102166e-11  5.84586096e-05  0.00000000e+00 
 5.84882510e-05  2.51380215e-06  5.84882510e-05 -2.46100462e-11  5.84882510e-05  0.00000000e+00 
 5.85178923e-05  2.44807920e-06  5.85178923e-05 -2.46102165e-11  5.85178923e-05  0.00000000e+00 
 5.85475337e-05  2.36932254e-06  5.85475337e-05 -2.46100534e-11  5.85475337e-05  0.00000000e+00 
 5.85771750e-05  2.30773219e-06  5.85771750e-05 -2.46102161e-11  5.85771750e-05  0.00000000e+00 
 5.86068163e-05  2.23315988e-06  5.86068163e-05 -2.46100604e-11  5.86068163e-05  0.00000000e+00 
 5.86364577e-05  2.17545696e-06  5.86364577e-05 -2.46102155e-11  5.86364577e-05  0.00000000e+00 
 5.86660990e-05  2.10483569e-06  5.86660990e-05 -2.46100673e-11  5.86660990e-05  0.00000000e+00 
 5.86957403e-05  2.05078902e-06  5.86957403e-05 -2.46102146e-11  5.86957403e-05  0.00000000e+00 
 5.87253817e-05  1.98389898e-06  5.87253817e-05 -2.46100741e-11  5.87253817e-05  0.00000000e+00 
 5.87550230e-05  1.93329060e-06  5.87550230e-05 -2.46102135e-11  5.87550230e-05  0.00000000e+00 
 5.87846644e-05  1.86992475e-06  5.87846644e-05 -2.46100808e-11  5.87846644e-05  0.00000000e+00 
 5.88143057e-05  1.82254911e-06  5.88143057e-05 -2.46102122e-11  5.88143057e-05  0.00000000e+00 
 5.88439470e-05  1.76251242e-06  5.88439470e-05 -2.46100873e-11  5.88439470e-05  0.00000000e+00 
 5.88735884e-05  1.71817570e-06  5.88735884e-05 -2.46102108e-11  5.88735884e-05  0.00000000e+00 
 5.89032297e-05  1.66128448e-06  5.89032297e-05 -2.46100937e-11  5.89032297e-05  0.00000000e+00 
 5.89328710e-05  1.61980393e-06  5.89328710e-05 -2.46102091e-11  5.89328710e-05  0.00000000e+00 
 5.89625124e-05  1.56588513e-06  5.89625124e-05 -2.46101001e-11  5.89625124e-05  0.00000000e+00 
 5.89921537e-05  1.52708839e-06  5.89921537e-05 -2.46102072e-11  5.89921537e-05  0.00000000e+00 
 5.90217951e-05  1.47597904e-06  5.90217951e-05 -2.46101063e-11  5.90217951e-05  0.00000000e+00 
 5.90514364e-05  1.43970361e-06  5.90514364e-05 -2.46102052e-11  5.90514364e-05  0.00000000e+00 
 5.90810777e-05  1.39125018e-06  5.90810777e-05 -2.46101125e-11  5.90810777e-05  0.00000000e+00 
 5.91107191e-05  1.35734279e-06  5.91107191e-05 -2.46102031e-11  5.91107191e-05  0.00000000e+00 
 5.91403604e-05  1.31140070e-06  5.91403604e-05 -2.46101186e-11  5.91403604e-05  0.00000000e+00 
 5.91700017e-05  1.27971682e-06  5.91700017e-05 -2.46102007e-11  5.91700017e-05  0.00000000e+00 
 5.91996431e-05  1.23614989e-06  5.91996431e-05 -2.46101246e-11  5.91996431e-05  0.00000000e+00 
 5.92292844e-05  1.20655321e-06  5.92292844e-05 -2.46101983e-11  5.92292844e-05  0.00000000e+00 
 5.92559800e-05  1.16866506e-06  5.92559800e-05 -2.46101307e-11  5.92559800e-05  0.00000000e+00 
 5.92826755e-05  1.14425589e-06  5.92826755e-05 -2.46101950e-11  5.92826755e-05  0.00000000e+00 
 5.92831011e-05  2.15797734e-06  5.92831011e-05  2.44792879e-07  5.92831011e-05  7.18017894e-03 
 5.92839525e-05  4.28387221e-06  5.92839525e-05  2.44792660e-07  5.92839525e-05  2.15405368e-02 
 5.92844333e-05  5.42395309e-06  5.92844333e-05  2.44792506e-07  5.92844333e-05  2.96513438e-02 
 5.92849407e-05  6.67642599e-06  5.92849407e-05  2.44792304e-07  5.92849407e-05  3.82104917e-02 
 5.92853125e-05  7.59696189e-06  5.92853125e-05  2.44792124e-07  5.92853125e-05  4.44823974e-02 
 5.92856239e-05  8.31809620e-06  5.92856239e-05  2.44791959e-07  5.92856239e-05  4.97352397e-02 
 5.92859450e-05  9.14447883e-06  5.92859450e-05  2.44791751e-07  5.92859450e-05  5.51520484e-02 
 5.92863151e-05  1.00215122e-05  5.92863151e-05  2.44791486e-07  5.92863151e-05  6.13947552e-02 
 5.92866092e-05  1.07301794e-05  5.92866092e-05  2.44791245e-07  5.92866092e-05  6.63561530e-02 
 5.92868641e-05  1.13889146e-05  5.92868641e-05  2.44790998e-07  5.92868641e-05  7.06542953e-02 
 5.92871275e-05  1.19916604e-05  5.92871275e-05  2.44790734e-07  5.92871275e-05  7.50988188e-02 
 5.92874400e-05  1.27636621e-05  5.92874400e-05  2.44790366e-07  5.92874400e-05  8.03697933e-02 
 5.92876756e-05  1.33629550e-05  5.92876756e-05  2.44790048e-07  5.92876756e-05  8.43440060e-02 
 5.92879229e-05  1.39222016e-05  5.92879229e-05  2.44789704e-07  5.92879229e-05  8.85158476e-02 
 5.92881530e-05  1.45011755e-05  5.92881530e-05  2.44789330e-07  5.92881530e-05  9.23970899e-02 
 5.92883593e-05  1.50266015e-05  5.92883593e-05  2.44788957e-07  5.92883593e-05  9.58772278e-02 
 5.92885512e-05  1.54542930e-05  5.92885512e-05  2.44788608e-07  5.92885512e-05  9.91143461e-02 
 5.92887523e-05  1.59500975e-05  5.92887523e-05  2.44788191e-07  5.92887523e-05  1.02506093e-01 
 5.92889203e-05  1.63920695e-05  5.92889203e-05  2.44787799e-07  5.92889203e-05  1.05340186e-01 
 5.92891088e-05  1.68220697e-05  5.92891088e-05  2.44787359e-07  5.92891088e-05  1.08520188e-01 
 5.92893177e-05  1.73142977e-05  5.92893177e-05  2.44786825e-07  5.92893177e-05  1.12043493e-01 
 5.92895005e-05  1.77976210e-05  5.92895005e-05  2.44786283e-07  5.92895005e-05  1.15126255e-01 
 5.92896907e-05  1.82465848e-05  5.92896907e-05  2.44785707e-07  5.92896907e-05  1.18335387e-01 
 5.92898576e-05  1.86211348e-05  5.92898576e-05  2.44785181e-07  5.92898576e-05  1.21149686e-01 
 5.92900304e-05  1.90705266e-05  5.92900304e-05  2.44784549e-07  5.92900304e-05  1.24064732e-01 
 5.92902592e-05  1.96382964e-05  5.92902592e-05  2.44783655e-07  5.92902592e-05  1.27925240e-01 
 5.92904289e-05  2.00121381e-05  5.92904289e-05  2.44782981e-07  5.92904289e-05  1.30787852e-01 
 5.92906098e-05  2.04652897e-05  5.92906098e-05  2.44782158e-07  5.92906098e-05  1.33838086e-01 
 5.92907783e-05  2.09045732e-05  5.92907783e-05  2.44781309e-07  5.92907783e-05  1.36680557e-01 
 5.92909578e-05  2.13090285e-05  5.92909578e-05  2.44780410e-07  5.92909578e-05  1.39709084e-01 
 5.92911594e-05  2.17863152e-05  5.92911594e-05  2.44779295e-07  5.92911594e-05  1.43109008e-01 
 5.92913309e-05  2.22407662e-05  5.92913309e-05  2.44778201e-07  5.92913309e-05  1.46002888e-01 
 5.92915163e-05  2.26771184e-05  5.92915163e-05  2.44777002e-07  5.92915163e-05  1.49130356e-01 
 5.92916803e-05  2.30437865e-05  5.92916803e-05  2.44775899e-07  5.92916803e-05  1.51895926e-01 
 5.92918496e-05  2.34827988e-05  5.92918496e-05  2.44774579e-07  5.92918496e-05  1.54751550e-01 
 5.92920790e-05  2.40526338e-05  5.92920790e-05  2.44772668e-07  5.92920790e-05  1.58621046e-01 
 5.92922494e-05  2.44274611e-05  5.92922494e-05  2.44771224e-07  5.92922494e-05  1.61496854e-01 
 5.92924300e-05  2.48776232e-05  5.92924300e-05  2.44769476e-07  5.92924300e-05  1.64541761e-01 
 5.92925957e-05  2.53104157e-05  5.92925957e-05  2.44767696e-07  5.92925957e-05  1.67337947e-01 
 5.92927744e-05  2.57134751e-05  5.92927744e-05  2.44765787e-07  5.92927744e-05  1.70351774e-01 
 5.92929825e-05  2.62038512e-05  5.92929825e-05  2.44763336e-07  5.92929825e-05  1.73862132e-01 
 5.92931594e-05  2.66710988e-05  5.92931594e-05  2.44760931e-07  5.92931594e-05  1.76847060e-01 
 5.92933469e-05  2.71113852e-05  5.92933469e-05  2.44758339e-07  5.92933469e-05  1.80008640e-01 
 5.92935124e-05  2.74814562e-05  5.92935124e-05  2.44755950e-07  5.92935124e-05  1.82801556e-01 
 5.92936834e-05  2.79245913e-05  5.92936834e-05  2.44753093e-07  5.92936834e-05  1.85686143e-01 
 5.92939115e-05  2.84892914e-05  5.92939115e-05  2.44749028e-07  5.92939115e-05  1.89533748e-01 
 5.92940810e-05  2.88610593e-05  5.92940810e-05  2.44745955e-07  5.92940810e-05  1.92392255e-01 
 5.92942613e-05  2.93105802e-05  5.92942613e-05  2.44742214e-07  5.92942613e-05  1.95433723e-01 
 5.92944280e-05  2.97446194e-05  5.92944280e-05  2.44738386e-07  5.92944280e-05  1.98245781e-01 
 5.92946068e-05  3.01466837e-05  5.92946068e-05  2.44734300e-07  5.92946068e-05  2.01261667e-01 
 5.92948121e-05  3.06301351e-05  5.92948121e-05  2.44729124e-07  5.92948121e-05  2.04724965e-01 
 5.92949868e-05  3.10910837e-05  5.92949868e-05  2.44724048e-07  5.92949868e-05  2.07672223e-01 
 5.92951734e-05  3.15286540e-05  5.92951734e-05  2.44718537e-07  5.92951734e-05  2.10818798e-01 
 5.92953380e-05  3.18957329e-05  5.92953380e-05  2.44713467e-07  5.92953380e-05  2.13596445e-01 
 5.92955082e-05  3.23358038e-05  5.92955082e-05  2.44707402e-07  5.92955082e-05  2.16467253e-01 
 5.92957375e-05  3.29030049e-05  5.92957375e-05  2.44698683e-07  5.92957375e-05  2.20334421e-01 
 5.92959078e-05  3.32760536e-05  5.92959078e-05  2.44692089e-07  5.92959078e-05  2.23207154e-01 
 5.92960884e-05  3.37253917e-05  5.92960884e-05  2.44684091e-07  5.92960884e-05  2.26253867e-01 
 5.92962549e-05  3.41583512e-05  5.92962549e-05  2.44675931e-07  5.92962549e-05  2.29061929e-01 
 5.92964338e-05  3.45601904e-05  5.92964338e-05  2.44667201e-07  5.92964338e-05  2.32079781e-01 
 5.92966402e-05  3.50453385e-05  5.92966402e-05  2.44656092e-07  5.92966402e-05  2.35561543e-01 
 5.92968157e-05  3.55077173e-05  5.92968157e-05  2.44645206e-07  5.92968157e-05  2.38522807e-01 
 5.92970027e-05  3.59454447e-05  5.92970027e-05  2.44633412e-07  5.92970027e-05  2.41676210e-01 
 5.92971679e-05  3.63133870e-05  5.92971679e-05  2.44622540e-07  5.92971679e-05  2.44463245e-01 
 5.92973385e-05  3.67541780e-05  5.92973385e-05  2.44609550e-07  5.92973385e-05  2.47341403e-01 
 5.92975670e-05  3.73182504e-05  5.92975670e-05  2.44591001e-07  5.92975670e-05  2.51194710e-01 
 5.92977367e-05  3.76894911e-05  5.92977367e-05  2.44576967e-07  5.92977367e-05  2.54058288e-01 
 5.92979172e-05  3.81379186e-05  5.92979172e-05  2.44559912e-07  5.92979172e-05  2.57101740e-01 
 5.92980838e-05  3.85707050e-05  5.92980838e-05  2.44542486e-07  5.92980838e-05  2.59912735e-01 
 5.92982627e-05  3.89718113e-05  5.92982627e-05  2.44523861e-07  5.92982627e-05  2.62929954e-01 
 5.92984685e-05  3.94551005e-05  5.92984685e-05  2.44500223e-07  5.92984685e-05  2.66402053e-01 
 5.92986436e-05  3.99159617e-05  5.92986436e-05  2.44477066e-07  5.92986436e-05  2.69356366e-01 
 5.92988304e-05  4.03528651e-05  5.92988304e-05  2.44451939e-07  5.92988304e-05  2.72507175e-01 
 5.92989955e-05  4.07200992e-05  5.92989955e-05  2.44428776e-07  5.92989955e-05  2.75292373e-01 
 5.92991661e-05  4.11601990e-05  5.92991661e-05  2.44401111e-07  5.92991661e-05  2.78169005e-01 
 5.92993948e-05  4.17245584e-05  5.92993948e-05  2.44361533e-07  5.92993948e-05  2.82027270e-01 
 5.92995648e-05  4.20960799e-05  5.92995648e-05  2.44331573e-07  5.92995648e-05  2.84895368e-01 
 5.92997454e-05  4.25446028e-05  5.92997454e-05  2.44295201e-07  5.92997454e-05  2.87941669e-01 
 5.92999123e-05  4.29775998e-05  5.92999123e-05  2.44258035e-07  5.92999123e-05  2.90756225e-01 
 5.93000913e-05  4.33788313e-05  5.93000913e-05  2.44218312e-07  5.93000913e-05  2.93776659e-01 
 5.93002971e-05  4.38619228e-05  5.93002971e-05  2.44167960e-07  5.93002971e-05  2.97248251e-01 
 5.93004723e-05  4.43225215e-05  5.93004723e-05  2.44118664e-07  5.93004723e-05  3.00201965e-01 
 5.93006592e-05  4.47594626e-05  5.93006592e-05  2.44065136e-07  5.93006592e-05  3.03354748e-01 
 5.93008247e-05  4.51277397e-05  5.93008247e-05  2.44015680e-07  5.93008247e-05  3.06147155e-01 
 5.93009955e-05  4.55686864e-05  5.93009955e-05  2.43956681e-07  5.93009955e-05  3.09028570e-01 
 5.93012237e-05  4.61315745e-05  5.93012237e-05  2.43872665e-07  5.93012237e-05  3.12878014e-01 
 5.93013935e-05  4.65027315e-05  5.93013935e-05  2.43809001e-07  5.93013935e-05  3.15742501e-01 
 5.93015741e-05  4.69516470e-05  5.93015741e-05  2.43731627e-07  5.93015741e-05  3.18789112e-01 
 5.93017415e-05  4.73859260e-05  5.93017415e-05  2.43652397e-07  5.93017415e-05  3.21611661e-01 
 5.93019208e-05  4.77878570e-05  5.93019208e-05  2.43567834e-07  5.93019208e-05  3.24636022e-01 
 5.93021260e-05  4.82703927e-05  5.93021260e-05  2.43461067e-07  5.93021260e-05  3.28098223e-01 
 5.93023007e-05  4.87304971e-05  5.93023007e-05  2.43356584e-07  5.93023007e-05  3.31045209e-01 
 5.93024877e-05  4.91680794e-05  5.93024877e-05  2.43242888e-07  5.93024877e-05  3.34198870e-01 
 5.93026538e-05  4.95385696e-05  5.93026538e-05  2.43137454e-07  5.93026538e-05  3.37001302e-01 
 5.93028250e-05  4.99814894e-05  5.93028250e-05  2.43011888e-07  5.93028250e-05  3.39889263e-01 
 5.93030527e-05  5.05440335e-05  5.93030527e-05  2.42834035e-07  5.93030527e-05  3.43730029e-01 
 5.93032225e-05  5.09162031e-05  5.93032225e-05  2.42698991e-07  5.93032225e-05  3.46593763e-01 
 5.93034033e-05  5.13672400e-05  5.93034033e-05  2.42534654e-07  5.93034033e-05  3.49644085e-01 
 5.93035717e-05  5.18051661e-05  5.93035717e-05  2.42365697e-07  5.93035717e-05  3.52484120e-01 
 5.93037516e-05  5.22097502e-05  5.93037516e-05  2.42185830e-07  5.93037516e-05  3.55518685e-01 
 5.93039559e-05  5.26926493e-05  5.93039559e-05  2.41960460e-07  5.93039559e-05  3.58964653e-01 
 5.93041299e-05  5.31529344e-05  5.93041299e-05  2.41740063e-07  5.93041299e-05  3.61899963e-01 
 5.93043170e-05  5.35929402e-05  5.93043170e-05  2.41499226e-07  5.93043170e-05  3.65056972e-01 
 5.93044846e-05  5.39695317e-05  5.93044846e-05  2.41273904e-07  5.93044846e-05  3.67884231e-01 
 5.93046568e-05  5.44179183e-05  5.93046568e-05  2.41006498e-07  5.93046568e-05  3.70788373e-01 
 5.93048831e-05  5.49799120e-05  5.93048831e-05  2.40632863e-07  5.93048831e-05  3.74605368e-01 
 5.93050526e-05  5.53546481e-05  5.93050526e-05  2.40347835e-07  5.93050526e-05  3.77464447e-01 
 5.93052338e-05  5.58108905e-05  5.93052338e-05  2.39999678e-07  5.93052338e-05  3.80520981e-01 
 5.93054044e-05  5.62576453e-05  5.93054044e-05  2.39638226e-07  5.93054044e-05  3.83399842e-01 
 5.93055856e-05  5.66687998e-05  5.93055856e-05  2.39255680e-07  5.93055856e-05  3.86456269e-01 
 5.93057878e-05  5.71533011e-05  5.93057878e-05  2.38784039e-07  5.93057878e-05  3.89866742e-01 
 5.93059604e-05  5.76148391e-05  5.93059604e-05  2.38323010e-07  5.93059604e-05  3.92778018e-01 
 5.93061479e-05  5.80607479e-05  5.93061479e-05  2.37814949e-07  5.93061479e-05  3.95941393e-01 
 5.93063189e-05  5.84517452e-05  5.93063189e-05  2.37329923e-07  5.93063189e-05  3.98824389e-01 
 5.93064932e-05  5.89129521e-05  5.93064932e-05  2.36758444e-07  5.93064932e-05  4.01764727e-01 
 5.93067165e-05  5.94747578e-05  5.93067165e-05  2.35982774e-07  5.93067165e-05  4.05532480e-01 
 5.93068856e-05  5.98562701e-05  5.93068856e-05  2.35384271e-07  5.93068856e-05  4.08385293e-01 
 5.93070677e-05  6.03246488e-05  5.93070677e-05  2.34647715e-07  5.93070677e-05  4.11455503e-01 
 5.93072438e-05  6.07925997e-05  5.93072438e-05  2.33864819e-07  5.93072438e-05  4.14426884e-01 
 5.93074281e-05  6.12196944e-05  5.93074281e-05  2.33046766e-07  5.93074281e-05  4.17536096e-01 
 5.93076261e-05  6.17090390e-05  5.93076261e-05  2.32072335e-07  5.93076261e-05  4.20874854e-01 
 5.93077962e-05  6.21751272e-05  5.93077962e-05  2.31118161e-07  5.93077962e-05  4.23745091e-01 
 5.93079846e-05  6.26342067e-05  5.93079846e-05  2.30050713e-07  5.93079846e-05  4.26922883e-01 
 5.93081642e-05  6.30620516e-05  5.93081642e-05  2.28976729e-07  5.93081642e-05  4.29952262e-01 
 5.93083442e-05  6.35548792e-05  5.93083442e-05  2.27733019e-07  5.93083442e-05  4.32987791e-01 
 5.93085610e-05  6.41148288e-05  5.93085610e-05  2.26158363e-07  5.93085610e-05  4.36646240e-01 
 5.93087304e-05  6.45144780e-05  5.93087304e-05  2.24900553e-07  5.93087304e-05  4.39503740e-01 
 5.93089143e-05  6.50110453e-05  5.93089143e-05  2.23334243e-07  5.93089143e-05  4.42606085e-01 
 5.93091071e-05  6.55381566e-05  5.93091071e-05  2.21547612e-07  5.93091071e-05  4.45857214e-01 
 5.93093012e-05  6.60095294e-05  5.93093012e-05  2.19736531e-07  5.93093012e-05  4.49131950e-01 
 5.93094910e-05  6.65134250e-05  5.93094910e-05  2.17747695e-07  5.93094910e-05  4.52333291e-01 
 5.93096607e-05  6.70003915e-05  5.93096607e-05  2.15752118e-07  5.93096607e-05  4.55195345e-01 
 5.93098519e-05  6.74887770e-05  5.93098519e-05  2.13496329e-07  5.93098519e-05  4.58421007e-01 
 5.93100620e-05  6.80381879e-05  5.93100620e-05  2.10807839e-07  5.93100620e-05  4.61964970e-01 
 5.93102679e-05  6.86414572e-05  5.93102679e-05  2.07766925e-07  5.93102679e-05  4.65437733e-01 
 5.93104702e-05  6.91864805e-05  5.93104702e-05  2.04691700e-07  5.93104702e-05  4.68851177e-01 
 5.93106634e-05  6.96978356e-05  5.93106634e-05  2.01588723e-07  5.93106634e-05  4.72109115e-01 
 5.93108607e-05  7.02921933e-05  5.93108607e-05  1.97921420e-07  5.93108607e-05  4.75437956e-01 
 5.93110958e-05  7.09649493e-05  5.93110958e-05  1.93329173e-07  5.93110958e-05  4.79403572e-01 
 5.93112903e-05  7.14968731e-05  5.93112903e-05  1.89364494e-07  5.93112903e-05  4.82684676e-01 
 5.93114971e-05  7.21397939e-05  5.93114971e-05  1.84486074e-07  5.93114971e-05  4.86172869e-01 
 5.93117771e-05  7.29879052e-05  5.93117771e-05  1.77398625e-07  5.93117771e-05  4.90895576e-01 
 5.93120019e-05  7.36443961e-05  5.93120019e-05  1.71380143e-07  5.93120019e-05  4.94687378e-01 
 5.93122339e-05  7.44096363e-05  5.93122339e-05  1.64146895e-07  5.93122339e-05  4.98602179e-01 
 5.93126007e-05  7.55916708e-05  5.93126007e-05  1.51723209e-07  5.93126007e-05  5.04788424e-01 
 5.93128899e-05  7.65385076e-05  5.93128899e-05  1.40825084e-07  5.93128899e-05  5.09666556e-01 
 5.93131842e-05  7.76047993e-05  5.93131842e-05  1.27814919e-07  5.93131842e-05  5.14631203e-01 
 5.93135168e-05  7.87753704e-05  5.93135168e-05  1.12070388e-07  5.93135168e-05  5.20241732e-01 
 5.93139507e-05  8.04421496e-05  5.93139507e-05  8.78238445e-08  5.93139507e-05  5.27560216e-01 
 5.93143625e-05  8.21379223e-05  5.93143625e-05  6.07101576e-08  5.93143625e-05  5.34507094e-01 
 5.93147437e-05  8.37586300e-05  5.93147437e-05  3.25933099e-08  5.93147437e-05  5.40936984e-01 
 5.93151789e-05  8.58424540e-05  5.93151789e-05 -6.26465791e-09  5.93151789e-05  5.48279272e-01 
 5.93157368e-05  8.86887887e-05  5.93157368e-05 -6.39360187e-08  5.93157368e-05  5.57690246e-01 
 5.93165767e-05  9.37712333e-05  5.93165767e-05 -1.77466087e-07  5.93165767e-05  5.71857438e-01 
 5.93173889e-05  9.97029858e-05  5.93173889e-05 -3.22824873e-07  5.93173889e-05  5.85558300e-01 
 5.93183603e-05  1.08660459e-04  5.93183603e-05 -5.58942996e-07  5.93183603e-05  6.01943314e-01 
 5.93195061e-05  1.22878285e-04  5.93195061e-05 -9.56854805e-07  5.93195061e-05  6.21270725e-01 
 5.93210164e-05  1.50648051e-04  5.93210164e-05 -1.75831978e-06  5.93210164e-05  6.46746729e-01 
 5.93229951e-05  2.13056919e-04  5.93229951e-05 -3.57606979e-06  5.93229951e-05  6.80124877e-01 
 5.93269526e-05  5.49168040e-04  5.93269526e-05 -1.24107612e-05  5.93269526e-05  7.46881174e-01 
 5.93310287e-05  1.59900270e-03  5.93310287e-05 -3.79410129e-05  5.93310287e-05  8.15637812e-01 
 5.93361673e-05  5.63852901e-03  5.93361673e-05 -1.18019197e-04  5.93361673e-05  9.02318613e-01 
 5.93422173e-05  1.81447734e-02  5.93422173e-05 -2.95566094e-04  5.93422173e-05  1.00437160e+00 
 5.93504213e-05  5.45646506e-02  5.93504213e-05 -5.97766026e-04  5.93504213e-05  1.14275852e+00 
 5.93635005e-05  1.55123473e-01  5.93635005e-05 -9.59867495e-04  5.93635005e-05  1.36338290e+00 
 5.93767791e-05  2.90074397e-01  5.93767791e-05 -1.11685128e-03  5.93767791e-05  1.58737188e+00 
 5.93991673e-05  5.41905739e-01  5.93991673e-05 -1.21587295e-03  5.93991673e-05  1.96502377e+00 
 5.94229513e-05  8.21635908e-01  5.94229513e-05 -1.27265693e-03  5.94229513e-05  2.36621968e+00 
 5.94525926e-05  1.17865979e+00  5.94525926e-05 -1.33626395e-03  5.94525926e-05  2.86621968e+00 
 5.94822340e-05  1.54278483e+00  5.94822340e-05 -1.39269069e-03  5.94822340e-05  3.36621968e+00 
 5.95118753e-05  1.91181040e+00  5.95118753e-05 -1.44264523e-03  5.95118753e-05  3.86621968e+00 
 5.95415167e-05  2.28433591e+00  5.95415167e-05 -1.49045386e-03  5.95415167e-05  4.36621968e+00 
 5.95603028e-05  2.52183195e+00  5.95603028e-05 -1.51851327e-03  5.95603028e-05  4.68310984e+00 
 5.95790889e-05  2.76018592e+00  5.95790889e-05 -1.54716542e-03  5.95790889e-05  5.00000000e+00 
 5.95820530e-05  2.79331194e+00  5.95820530e-05 -1.39800071e-03  5.95820530e-05  5.00000000e+00 
 5.95879813e-05  2.85083237e+00  5.95879813e-05 -1.10925300e-03  5.95879813e-05  5.00000000e+00 
 5.95998378e-05  2.92732389e+00  5.95998378e-05 -7.60422382e-04  5.95998378e-05  5.00000000e+00 
 5.96135760e-05  2.97819658e+00  5.96135760e-05 -5.71588537e-04  5.96135760e-05  5.00000000e+00 
 5.96310596e-05  3.01470421e+00  5.96310596e-05 -4.45828935e-04  5.96310596e-05  5.00000000e+00 
 5.96482749e-05  3.03449842e+00  5.96482749e-05 -3.89305474e-04  5.96482749e-05  5.00000000e+00 
 5.96779162e-05  3.05194638e+00  5.96779162e-05 -3.37211364e-04  5.96779162e-05  5.00000000e+00 
 5.97075576e-05  3.05895401e+00  5.97075576e-05 -3.21208551e-04  5.97075576e-05  5.00000000e+00 
 5.97371989e-05  3.06191002e+00  5.97371989e-05 -3.10853794e-04  5.97371989e-05  5.00000000e+00 
 5.97668402e-05  3.06315528e+00  5.97668402e-05 -3.10057400e-04  5.97668402e-05  5.00000000e+00 
 5.97964816e-05  3.06370107e+00  5.97964816e-05 -3.06322298e-04  5.97964816e-05  5.00000000e+00 
 5.98261229e-05  3.06393469e+00  5.98261229e-05 -3.08012615e-04  5.98261229e-05  5.00000000e+00 
 5.98557642e-05  3.06404181e+00  5.98557642e-05 -3.05515380e-04  5.98557642e-05  5.00000000e+00 
 5.98854056e-05  3.06408234e+00  5.98854056e-05 -3.07564411e-04  5.98854056e-05  5.00000000e+00 
 5.99150469e-05  3.06410627e+00  5.99150469e-05 -3.05422418e-04  5.99150469e-05  5.00000000e+00 
 5.99446883e-05  3.06411071e+00  5.99446883e-05 -3.07423350e-04  5.99446883e-05  5.00000000e+00 
 5.99743296e-05  3.06411881e+00  5.99743296e-05 -3.05460216e-04  5.99743296e-05  5.00000000e+00 
 6.00039709e-05  3.06411667e+00  6.00039709e-05 -3.07343252e-04  6.00039709e-05  5.00000000e+00 
 6.00336123e-05  3.06412158e+00  6.00336123e-05 -3.05519262e-04  6.00336123e-05  5.00000000e+00 
 6.00632536e-05  3.06411835e+00  6.00632536e-05 -3.07277725e-04  6.00632536e-05  5.00000000e+00 
 6.00928949e-05  3.06412245e+00  6.00928949e-05 -3.05579240e-04  6.00928949e-05  5.00000000e+00 
 6.01225363e-05  3.06411917e+00  6.01225363e-05 -3.07217891e-04  6.01225363e-05  5.00000000e+00 
 6.01521776e-05  3.06412293e+00  6.01521776e-05 -3.05636524e-04  6.01521776e-05  5.00000000e+00 
 6.01818190e-05  3.06412064e+00  6.01818190e-05 -3.07167858e-04  6.01818190e-05  5.00000000e+00 
 6.02114603e-05  3.06412536e+00  6.02114603e-05 -3.05693147e-04  6.02114603e-05  5.00000000e+00 
 6.02411016e-05  3.06412202e+00  6.02411016e-05 -3.07104809e-04  6.02411016e-05  5.00000000e+00 
 6.02707430e-05  3.06412433e+00  6.02707430e-05 -3.05739615e-04  6.02707430e-05  5.00000000e+00 
 6.03003843e-05  3.06412107e+00  6.03003843e-05 -3.07058966e-04  6.03003843e-05  5.00000000e+00 
 6.03300256e-05  3.06412397e+00  6.03300256e-05 -3.05789097e-04  6.03300256e-05  5.00000000e+00 
 6.03596670e-05  3.06412121e+00  6.03596670e-05 -3.07013068e-04  6.03596670e-05  5.00000000e+00 
 6.03893083e-05  3.06412407e+00  6.03893083e-05 -3.05834498e-04  6.03893083e-05  5.00000000e+00 
 6.04189497e-05  3.06412152e+00  6.04189497e-05 -3.06969376e-04  6.04189497e-05  5.00000000e+00 
 6.04485910e-05  3.06412424e+00  6.04485910e-05 -3.05876992e-04  6.04485910e-05  5.00000000e+00 
 6.04782323e-05  3.06412183e+00  6.04782323e-05 -3.06928177e-04  6.04782323e-05  5.00000000e+00 
 6.05078737e-05  3.06412439e+00  6.05078737e-05 -3.05916926e-04  6.05078737e-05  5.00000000e+00 
 6.05375150e-05  3.06412211e+00  6.05375150e-05 -3.06889407e-04  6.05375150e-05  5.00000000e+00 
 6.05671563e-05  3.06412452e+00  6.05671563e-05 -3.05954481e-04  6.05671563e-05  5.00000000e+00 
 6.05967977e-05  3.06412236e+00  6.05967977e-05 -3.06852941e-04  6.05967977e-05  5.00000000e+00 
 6.06264390e-05  3.06412463e+00  6.06264390e-05 -3.05989800e-04  6.06264390e-05  5.00000000e+00 
 6.06560804e-05  3.06412259e+00  6.06560804e-05 -3.06818649e-04  6.06560804e-05  5.00000000e+00 
 6.06857217e-05  3.06412472e+00  6.06857217e-05 -3.06023012e-04  6.06857217e-05  5.00000000e+00 
 6.07153630e-05  3.06412279e+00  6.07153630e-05 -3.06786407e-04  6.07153630e-05  5.00000000e+00 
 6.07450044e-05  3.06412480e+00  6.07450044e-05 -3.06054239e-04  6.07450044e-05  5.00000000e+00 
 6.07746457e-05  3.06412298e+00  6.07746457e-05 -3.06756097e-04  6.07746457e-05  5.00000000e+00 
 6.08042870e-05  3.06412486e+00  6.08042870e-05 -3.06083593e-04  6.08042870e-05  5.00000000e+00 
 6.08339284e-05  3.06412314e+00  6.08339284e-05 -3.06727609e-04  6.08339284e-05  5.00000000e+00 
 6.08635697e-05  3.06412491e+00  6.08635697e-05 -3.06111183e-04  6.08635697e-05  5.00000000e+00 
 6.08932111e-05  3.06412328e+00  6.08932111e-05 -3.06700837e-04  6.08932111e-05  5.00000000e+00 
 6.09228524e-05  3.06412495e+00  6.09228524e-05 -3.06137109e-04  6.09228524e-05  5.00000000e+00 
 6.09524937e-05  3.06412341e+00  6.09524937e-05 -3.06675684e-04  6.09524937e-05  5.00000000e+00 
 6.09821351e-05  3.06412498e+00  6.09821351e-05 -3.06161467e-04  6.09821351e-05  5.00000000e+00 
 6.10117764e-05  3.06412353e+00  6.10117764e-05 -3.06652055e-04  6.10117764e-05  5.00000000e+00 
 6.10414177e-05  3.06412500e+00  6.10414177e-05 -3.06184347e-04  6.10414177e-05  5.00000000e+00 
 6.10710591e-05  3.06412363e+00  6.10710591e-05 -3.06629864e-04  6.10710591e-05  5.00000000e+00 
 6.11007004e-05  3.06412502e+00  6.11007004e-05 -3.06205834e-04  6.11007004e-05  5.00000000e+00 
 6.11303418e-05  3.06412372e+00  6.11303418e-05 -3.06609027e-04  6.11303418e-05  5.00000000e+00 
 6.11599831e-05  3.06412503e+00  6.11599831e-05 -3.06226009e-04  6.11599831e-05  5.00000000e+00 
 6.11896244e-05  3.06412381e+00  6.11896244e-05 -3.06589466e-04  6.11896244e-05  5.00000000e+00 
 6.12192658e-05  3.06412503e+00  6.12192658e-05 -3.06244946e-04  6.12192658e-05  5.00000000e+00 
 6.12489071e-05  3.06412388e+00  6.12489071e-05 -3.06571108e-04  6.12489071e-05  5.00000000e+00 
 6.12785485e-05  3.06412504e+00  6.12785485e-05 -3.06262717e-04  6.12785485e-05  5.00000000e+00 
 6.13081898e-05  3.06412395e+00  6.13081898e-05 -3.06553883e-04  6.13081898e-05  5.00000000e+00 
 6.13378311e-05  3.06412503e+00  6.13378311e-05 -3.06279390e-04  6.13378311e-05  5.00000000e+00 
 6.13674725e-05  3.06412401e+00  6.13674725e-05 -3.06537727e-04  6.13674725e-05  5.00000000e+00 
 6.13971138e-05  3.06412503e+00  6.13971138e-05 -3.06295026e-04  6.13971138e-05  5.00000000e+00 
 6.14267551e-05  3.06412406e+00  6.14267551e-05 -3.06522576e-04  6.14267551e-05  5.00000000e+00 
 6.14563965e-05  3.06412502e+00  6.14563965e-05 -3.06309688e-04  6.14563965e-05  5.00000000e+00 
 6.14860378e-05  3.06412411e+00  6.14860378e-05 -3.06508374e-04  6.14860378e-05  5.00000000e+00 
 6.15156792e-05  3.06412502e+00  6.15156792e-05 -3.06323429e-04  6.15156792e-05  5.00000000e+00 
 6.15453205e-05  3.06412415e+00  6.15453205e-05 -3.06495065e-04  6.15453205e-05  5.00000000e+00 
 6.15749618e-05  3.06412501e+00  6.15749618e-05 -3.06336305e-04  6.15749618e-05  5.00000000e+00 
 6.16046032e-05  3.06412419e+00  6.16046032e-05 -3.06482598e-04  6.16046032e-05  5.00000000e+00 
 6.16342445e-05  3.06412500e+00  6.16342445e-05 -3.06348365e-04  6.16342445e-05  5.00000000e+00 
 6.16638858e-05  3.06412423e+00  6.16638858e-05 -3.06470923e-04  6.16638858e-05  5.00000000e+00 
 6.16935272e-05  3.06412499e+00  6.16935272e-05 -3.06359656e-04  6.16935272e-05  5.00000000e+00 
 6.17231685e-05  3.06412426e+00  6.17231685e-05 -3.06459995e-04  6.17231685e-05  5.00000000e+00 
 6.17528099e-05  3.06412497e+00  6.17528099e-05 -3.06370222e-04  6.17528099e-05  5.00000000e+00 
 6.17824512e-05  3.06412429e+00  6.17824512e-05 -3.06449771e-04  6.17824512e-05  5.00000000e+00 
 6.18120925e-05  3.06412496e+00  6.18120925e-05 -3.06380107e-04  6.18120925e-05  5.00000000e+00 
 6.18417339e-05  3.06412432e+00  6.18417339e-05 -3.06440209e-04  6.18417339e-05  5.00000000e+00 
 6.18713752e-05  3.06412495e+00  6.18713752e-05 -3.06389349e-04  6.18713752e-05  5.00000000e+00 
 6.19010165e-05  3.06412434e+00  6.19010165e-05 -3.06431271e-04  6.19010165e-05  5.00000000e+00 
 6.19306579e-05  3.06412493e+00  6.19306579e-05 -3.06397985e-04  6.19306579e-05  5.00000000e+00 
 6.19602992e-05  3.06412436e+00  6.19602992e-05 -3.06422921e-04  6.19602992e-05  5.00000000e+00 
 6.19899406e-05  3.06412492e+00  6.19899406e-05 -3.06406052e-04  6.19899406e-05  5.00000000e+00 
 6.20195819e-05  3.06412438e+00  6.20195819e-05 -3.06415124e-04  6.20195819e-05  5.00000000e+00 
 6.20492232e-05  3.06412491e+00  6.20492232e-05 -3.06413582e-04  6.20492232e-05  5.00000000e+00 
 6.20788646e-05  3.06412440e+00  6.20788646e-05 -3.06407848e-04  6.20788646e-05  5.00000000e+00 
 6.21085059e-05  3.06412490e+00  6.21085059e-05 -3.06420607e-04  6.21085059e-05  5.00000000e+00 
 6.21381472e-05  3.06412442e+00  6.21381472e-05 -3.06401063e-04  6.21381472e-05  5.00000000e+00 
 6.21677886e-05  3.06412488e+00  6.21677886e-05 -3.06427156e-04  6.21677886e-05  5.00000000e+00 
 6.21974299e-05  3.06412443e+00  6.21974299e-05 -3.06394740e-04  6.21974299e-05  5.00000000e+00 
 6.22270713e-05  3.06412487e+00  6.22270713e-05 -3.06433257e-04  6.22270713e-05  5.00000000e+00 
 6.22567126e-05  3.06412445e+00  6.22567126e-05 -3.06388851e-04  6.22567126e-05  5.00000000e+00 
 6.22863539e-05  3.06412486e+00  6.22863539e-05 -3.06438937e-04  6.22863539e-05  5.00000000e+00 
 6.23159953e-05  3.06412446e+00  6.23159953e-05 -3.06383372e-04  6.23159953e-05  5.00000000e+00 
 6.23456366e-05  3.06412485e+00  6.23456366e-05 -3.06444219e-04  6.23456366e-05  5.00000000e+00 
 6.23752779e-05  3.06412447e+00  6.23752779e-05 -3.06378278e-04  6.23752779e-05  5.00000000e+00 
 6.24049193e-05  3.06412484e+00  6.24049193e-05 -3.06449128e-04  6.24049193e-05  5.00000000e+00 
 6.24345606e-05  3.06412448e+00  6.24345606e-05 -3.06373547e-04  6.24345606e-05  5.00000000e+00 
 6.24642020e-05  3.06412482e+00  6.24642020e-05 -3.06453686e-04  6.24642020e-05  5.00000000e+00 
 6.24938433e-05  3.06412449e+00  6.24938433e-05 -3.06369157e-04  6.24938433e-05  5.00000000e+00 
 6.25234846e-05  3.06412481e+00  6.25234846e-05 -3.06457912e-04  6.25234846e-05  5.00000000e+00 
 6.25531260e-05  3.06412450e+00  6.25531260e-05 -3.06365087e-04  6.25531260e-05  5.00000000e+00 
 6.25827673e-05  3.06412480e+00  6.25827673e-05 -3.06461828e-04  6.25827673e-05  5.00000000e+00 
 6.26124086e-05  3.06412451e+00  6.26124086e-05 -3.06361320e-04  6.26124086e-05  5.00000000e+00 
 6.26420500e-05  3.06412479e+00  6.26420500e-05 -3.06465451e-04  6.26420500e-05  5.00000000e+00 
 6.26716913e-05  3.06412452e+00  6.26716913e-05 -3.06357837e-04  6.26716913e-05  5.00000000e+00 
 6.27013327e-05  3.06412479e+00  6.27013327e-05 -3.06468798e-04  6.27013327e-05  5.00000000e+00 
 6.27309740e-05  3.06412452e+00  6.27309740e-05 -3.06354620e-04  6.27309740e-05  5.00000000e+00 
 6.27606153e-05  3.06412478e+00  6.27606153e-05 -3.06471886e-04  6.27606153e-05  5.00000000e+00 
 6.27902567e-05  3.06412453e+00  6.27902567e-05 -3.06351655e-04  6.27902567e-05  5.00000000e+00 
 6.28198980e-05  3.06412477e+00  6.28198980e-05 -3.06474731e-04  6.28198980e-05  5.00000000e+00 
 6.28495394e-05  3.06412454e+00  6.28495394e-05 -3.06348926e-04  6.28495394e-05  5.00000000e+00 
 6.28791807e-05  3.06412476e+00  6.28791807e-05 -3.06477347e-04  6.28791807e-05  5.00000000e+00 
 6.29088220e-05  3.06412454e+00  6.29088220e-05 -3.06346420e-04  6.29088220e-05  5.00000000e+00 
 6.29384634e-05  3.06412475e+00  6.29384634e-05 -3.06479748e-04  6.29384634e-05  5.00000000e+00 
 6.29681047e-05  3.06412455e+00  6.29681047e-05 -3.06344121e-04  6.29681047e-05  5.00000000e+00 
 6.29977460e-05  3.06412475e+00  6.29977460e-05 -3.06481946e-04  6.29977460e-05  5.00000000e+00 
 6.30273874e-05  3.06412455e+00  6.30273874e-05 -3.06342019e-04  6.30273874e-05  5.00000000e+00 
 6.30570287e-05  3.06412474e+00  6.30570287e-05 -3.06483954e-04  6.30570287e-05  5.00000000e+00 
 6.30866701e-05  3.06412456e+00  6.30866701e-05 -3.06340102e-04  6.30866701e-05  5.00000000e+00 
 6.31163114e-05  3.06412473e+00  6.31163114e-05 -3.06485784e-04  6.31163114e-05  5.00000000e+00 
 6.31459527e-05  3.06412456e+00  6.31459527e-05 -3.06338357e-04  6.31459527e-05  5.00000000e+00 
 6.31755941e-05  3.06412473e+00  6.31755941e-05 -3.06487446e-04  6.31755941e-05  5.00000000e+00 
 6.32052354e-05  3.06412457e+00  6.32052354e-05 -3.06336775e-04  6.32052354e-05  5.00000000e+00 
 6.32348767e-05  3.06412472e+00  6.32348767e-05 -3.06488951e-04  6.32348767e-05  5.00000000e+00 
 6.32645181e-05  3.06412457e+00  6.32645181e-05 -3.06335345e-04  6.32645181e-05  5.00000000e+00 
 6.32941594e-05  3.06412471e+00  6.32941594e-05 -3.06490308e-04  6.32941594e-05  5.00000000e+00 
 6.33238008e-05  3.06412457e+00  6.33238008e-05 -3.06334059e-04  6.33238008e-05  5.00000000e+00 
 6.33534421e-05  3.06412471e+00  6.33534421e-05 -3.06491525e-04  6.33534421e-05  5.00000000e+00 
 6.33830834e-05  3.06412458e+00  6.33830834e-05 -3.06332907e-04  6.33830834e-05  5.00000000e+00 
 6.34127248e-05  3.06412470e+00  6.34127248e-05 -3.06492613e-04  6.34127248e-05  5.00000000e+00 
 6.34423661e-05  3.06412458e+00  6.34423661e-05 -3.06331882e-04  6.34423661e-05  5.00000000e+00 
 6.34720074e-05  3.06412470e+00  6.34720074e-05 -3.06493579e-04  6.34720074e-05  5.00000000e+00 
 6.35016488e-05  3.06412458e+00  6.35016488e-05 -3.06330975e-04  6.35016488e-05  5.00000000e+00 
 6.35312901e-05  3.06412470e+00  6.35312901e-05 -3.06494430e-04  6.35312901e-05  5.00000000e+00 
 6.35609315e-05  3.06412459e+00  6.35609315e-05 -3.06330178e-04  6.35609315e-05  5.00000000e+00 
 6.35905728e-05  3.06412469e+00  6.35905728e-05 -3.06495173e-04  6.35905728e-05  5.00000000e+00 
 6.36202141e-05  3.06412459e+00  6.36202141e-05 -3.06329486e-04  6.36202141e-05  5.00000000e+00 
 6.36498555e-05  3.06412469e+00  6.36498555e-05 -3.06495816e-04  6.36498555e-05  5.00000000e+00 
 6.36794968e-05  3.06412459e+00  6.36794968e-05 -3.06328891e-04  6.36794968e-05  5.00000000e+00 
 6.37091381e-05  3.06412468e+00  6.37091381e-05 -3.06496364e-04  6.37091381e-05  5.00000000e+00 
 6.37387795e-05  3.06412459e+00  6.37387795e-05 -3.06328388e-04  6.37387795e-05  5.00000000e+00 
 6.37684208e-05  3.06412468e+00  6.37684208e-05 -3.06496824e-04  6.37684208e-05  5.00000000e+00 
 6.37980622e-05  3.06412460e+00  6.37980622e-05 -3.06327970e-04  6.37980622e-05  5.00000000e+00 
 6.38277035e-05  3.06412468e+00  6.38277035e-05 -3.06497201e-04  6.38277035e-05  5.00000000e+00 
 6.38573448e-05  3.06412460e+00  6.38573448e-05 -3.06327632e-04  6.38573448e-05  5.00000000e+00 
 6.38869862e-05  3.06412468e+00  6.38869862e-05 -3.06497501e-04  6.38869862e-05  5.00000000e+00 
 6.39166275e-05  3.06412460e+00  6.39166275e-05 -3.06327369e-04  6.39166275e-05  5.00000000e+00 
 6.39462688e-05  3.06412467e+00  6.39462688e-05 -3.06497729e-04  6.39462688e-05  5.00000000e+00 
 6.39759102e-05  3.06412460e+00  6.39759102e-05 -3.06327176e-04  6.39759102e-05  5.00000000e+00 
 6.40055515e-05  3.06412467e+00  6.40055515e-05 -3.06497889e-04  6.40055515e-05  5.00000000e+00 
 6.40351929e-05  3.06412460e+00  6.40351929e-05 -3.06327049e-04  6.40351929e-05  5.00000000e+00 
 6.40648342e-05  3.06412467e+00  6.40648342e-05 -3.06497985e-04  6.40648342e-05  5.00000000e+00 
 6.40944755e-05  3.06412461e+00  6.40944755e-05 -3.06326982e-04  6.40944755e-05  5.00000000e+00 
 6.41241169e-05  3.06412467e+00  6.41241169e-05 -3.06498023e-04  6.41241169e-05  5.00000000e+00 
 6.41537582e-05  3.06412461e+00  6.41537582e-05 -3.06326973e-04  6.41537582e-05  5.00000000e+00 
 6.41833995e-05  3.06412466e+00  6.41833995e-05 -3.06498005e-04  6.41833995e-05  5.00000000e+00 
 6.42130409e-05  3.06412461e+00  6.42130409e-05 -3.06327017e-04  6.42130409e-05  5.00000000e+00 
 6.42426822e-05  3.06412466e+00  6.42426822e-05 -3.06497936e-04  6.42426822e-05  5.00000000e+00 
 6.42723236e-05  3.06412461e+00  6.42723236e-05 -3.06327111e-04  6.42723236e-05  5.00000000e+00 
 6.43019649e-05  3.06412466e+00  6.43019649e-05 -3.06497819e-04  6.43019649e-05  5.00000000e+00 
 6.43316062e-05  3.06412461e+00  6.43316062e-05 -3.06327250e-04  6.43316062e-05  5.00000000e+00 
 6.43612476e-05  3.06412466e+00  6.43612476e-05 -3.06497657e-04  6.43612476e-05  5.00000000e+00 
 6.43908889e-05  3.06412461e+00  6.43908889e-05 -3.06327433e-04  6.43908889e-05  5.00000000e+00 
 6.44205303e-05  3.06412466e+00  6.44205303e-05 -3.06497454e-04  6.44205303e-05  5.00000000e+00 
 6.44501716e-05  3.06412462e+00  6.44501716e-05 -3.06327657e-04  6.44501716e-05  5.00000000e+00 
 6.44798129e-05  3.06412466e+00  6.44798129e-05 -3.06497212e-04  6.44798129e-05  5.00000000e+00 
 6.45094543e-05  3.06412462e+00  6.45094543e-05 -3.06327917e-04  6.45094543e-05  5.00000000e+00 
 6.45390956e-05  3.06412465e+00  6.45390956e-05 -3.06496934e-04  6.45390956e-05  5.00000000e+00 
 6.45687369e-05  3.06412462e+00  6.45687369e-05 -3.06328212e-04  6.45687369e-05  5.00000000e+00 
 6.45983783e-05  3.06412465e+00  6.45983783e-05 -3.06496622e-04  6.45983783e-05  5.00000000e+00 
 6.46280196e-05  3.06412462e+00  6.46280196e-05 -3.06328539e-04  6.46280196e-05  5.00000000e+00 
 6.46576610e-05  3.06412465e+00  6.46576610e-05 -3.06496280e-04  6.46576610e-05  5.00000000e+00 
 6.46873023e-05  3.06412462e+00  6.46873023e-05 -3.06328896e-04  6.46873023e-05  5.00000000e+00 
 6.47169436e-05  3.06412465e+00  6.47169436e-05 -3.06495909e-04  6.47169436e-05  5.00000000e+00 
 6.47465850e-05  3.06412462e+00  6.47465850e-05 -3.06329281e-04  6.47465850e-05  5.00000000e+00 
 6.47762263e-05  3.06412465e+00  6.47762263e-05 -3.06495512e-04  6.47762263e-05  5.00000000e+00 
 6.48058676e-05  3.06412462e+00  6.48058676e-05 -3.06329691e-04  6.48058676e-05  5.00000000e+00 
 6.48355090e-05  3.06412465e+00  6.48355090e-05 -3.06495090e-04  6.48355090e-05  5.00000000e+00 
 6.48651503e-05  3.06412462e+00  6.48651503e-05 -3.06330124e-04  6.48651503e-05  5.00000000e+00 
 6.48947917e-05  3.06412465e+00  6.48947917e-05 -3.06494645e-04  6.48947917e-05  5.00000000e+00 
 6.49244330e-05  3.06412463e+00  6.49244330e-05 -3.06330579e-04  6.49244330e-05  5.00000000e+00 
 6.49540743e-05  3.06412465e+00  6.49540743e-05 -3.06494180e-04  6.49540743e-05  5.00000000e+00 
 6.49837157e-05  3.06412463e+00  6.49837157e-05 -3.06331054e-04  6.49837157e-05  5.00000000e+00 
 6.50133570e-05  3.06412465e+00  6.50133570e-05 -3.06493696e-04  6.50133570e-05  5.00000000e+00 
 6.50429983e-05  3.06412463e+00  6.50429983e-05 -3.06331548e-04  6.50429983e-05  5.00000000e+00 
 6.50726397e-05  3.06412465e+00  6.50726397e-05 -3.06493194e-04  6.50726397e-05  5.00000000e+00 
 6.51022810e-05  3.06412463e+00  6.51022810e-05 -3.06332058e-04  6.51022810e-05  5.00000000e+00 
 6.51319224e-05  3.06412465e+00  6.51319224e-05 -3.06492676e-04  6.51319224e-05  5.00000000e+00 
 6.51615637e-05  3.06412463e+00  6.51615637e-05 -3.06332584e-04  6.51615637e-05  5.00000000e+00 
 6.51912050e-05  3.06412464e+00  6.51912050e-05 -3.06492143e-04  6.51912050e-05  5.00000000e+00 
 6.52208464e-05  3.06412463e+00  6.52208464e-05 -3.06333123e-04  6.52208464e-05  5.00000000e+00 
 6.52504877e-05  3.06412464e+00  6.52504877e-05 -3.06491597e-04  6.52504877e-05  5.00000000e+00 
 6.52801290e-05  3.06412463e+00  6.52801290e-05 -3.06333676e-04  6.52801290e-05  5.00000000e+00 
 6.53097704e-05  3.06412464e+00  6.53097704e-05 -3.06491039e-04  6.53097704e-05  5.00000000e+00 
 6.53394117e-05  3.06412463e+00  6.53394117e-05 -3.06334239e-04  6.53394117e-05  5.00000000e+00 
 6.53690531e-05  3.06412464e+00  6.53690531e-05 -3.06490470e-04  6.53690531e-05  5.00000000e+00 
 6.53986944e-05  3.06412463e+00  6.53986944e-05 -3.06334814e-04  6.53986944e-05  5.00000000e+00 
 6.54283357e-05  3.06412464e+00  6.54283357e-05 -3.06489891e-04  6.54283357e-05  5.00000000e+00 
 6.54579771e-05  3.06412463e+00  6.54579771e-05 -3.06335397e-04  6.54579771e-05  5.00000000e+00 
 6.54876184e-05  3.06412464e+00  6.54876184e-05 -3.06489303e-04  6.54876184e-05  5.00000000e+00 
 6.55172597e-05  3.06412463e+00  6.55172597e-05 -3.06335990e-04  6.55172597e-05  5.00000000e+00 
 6.55469011e-05  3.06412464e+00  6.55469011e-05 -3.06488707e-04  6.55469011e-05  5.00000000e+00 
 6.55765424e-05  3.06412463e+00  6.55765424e-05 -3.06336589e-04  6.55765424e-05  5.00000000e+00 
 6.56061838e-05  3.06412464e+00  6.56061838e-05 -3.06488104e-04  6.56061838e-05  5.00000000e+00 
 6.56358251e-05  3.06412464e+00  6.56358251e-05 -3.06337195e-04  6.56358251e-05  5.00000000e+00 
 6.56654664e-05  3.06412464e+00  6.56654664e-05 -3.06487495e-04  6.56654664e-05  5.00000000e+00 
 6.56951078e-05  3.06412464e+00  6.56951078e-05 -3.06337807e-04  6.56951078e-05  5.00000000e+00 
 6.57247491e-05  3.06412464e+00  6.57247491e-05 -3.06486880e-04  6.57247491e-05  5.00000000e+00 
 6.57543904e-05  3.06412464e+00  6.57543904e-05 -3.06338424e-04  6.57543904e-05  5.00000000e+00 
 6.57840318e-05  3.06412464e+00  6.57840318e-05 -3.06486261e-04  6.57840318e-05  5.00000000e+00 
 6.58136731e-05  3.06412464e+00  6.58136731e-05 -3.06339045e-04  6.58136731e-05  5.00000000e+00 
 6.58433145e-05  3.06412464e+00  6.58433145e-05 -3.06485638e-04  6.58433145e-05  5.00000000e+00 
 6.58729558e-05  3.06412464e+00  6.58729558e-05 -3.06339670e-04  6.58729558e-05  5.00000000e+00 
 6.59025971e-05  3.06412464e+00  6.59025971e-05 -3.06485011e-04  6.59025971e-05  5.00000000e+00 
 6.59322385e-05  3.06412464e+00  6.59322385e-05 -3.06340298e-04  6.59322385e-05  5.00000000e+00 
 6.59618798e-05  3.06412464e+00  6.59618798e-05 -3.06484382e-04  6.59618798e-05  5.00000000e+00 
 6.59915212e-05  3.06412464e+00  6.59915212e-05 -3.06340929e-04  6.59915212e-05  5.00000000e+00 
 6.60211625e-05  3.06412464e+00  6.60211625e-05 -3.06483751e-04  6.60211625e-05  5.00000000e+00 
 6.60508038e-05  3.06412464e+00  6.60508038e-05 -3.06341561e-04  6.60508038e-05  5.00000000e+00 
 6.60804452e-05  3.06412464e+00  6.60804452e-05 -3.06483118e-04  6.60804452e-05  5.00000000e+00 
 6.61100865e-05  3.06412464e+00  6.61100865e-05 -3.06342195e-04  6.61100865e-05  5.00000000e+00 
 6.61397278e-05  3.06412464e+00  6.61397278e-05 -3.06482484e-04  6.61397278e-05  5.00000000e+00 
 6.61693692e-05  3.06412464e+00  6.61693692e-05 -3.06342829e-04  6.61693692e-05  5.00000000e+00 
 6.61990105e-05  3.06412464e+00  6.61990105e-05 -3.06481849e-04  6.61990105e-05  5.00000000e+00 
 6.62286519e-05  3.06412464e+00  6.62286519e-05 -3.06343464e-04  6.62286519e-05  5.00000000e+00 
 6.62582932e-05  3.06412464e+00  6.62582932e-05 -3.06481214e-04  6.62582932e-05  5.00000000e+00 
 6.62879345e-05  3.06412464e+00  6.62879345e-05 -3.06344099e-04  6.62879345e-05  5.00000000e+00 
 6.63175759e-05  3.06412464e+00  6.63175759e-05 -3.06480579e-04  6.63175759e-05  5.00000000e+00 
 6.63472172e-05  3.06412464e+00  6.63472172e-05 -3.06344734e-04  6.63472172e-05  5.00000000e+00 
 6.63768585e-05  3.06412464e+00  6.63768585e-05 -3.06479945e-04  6.63768585e-05  5.00000000e+00 
 6.64064999e-05  3.06412464e+00  6.64064999e-05 -3.06345368e-04  6.64064999e-05  5.00000000e+00 
 6.64361412e-05  3.06412464e+00  6.64361412e-05 -3.06479312e-04  6.64361412e-05  5.00000000e+00 
 6.64657826e-05  3.06412464e+00  6.64657826e-05 -3.06346000e-04  6.64657826e-05  5.00000000e+00 
 6.64954239e-05  3.06412464e+00  6.64954239e-05 -3.06478680e-04  6.64954239e-05  5.00000000e+00 
 6.65250652e-05  3.06412464e+00  6.65250652e-05 -3.06346632e-04  6.65250652e-05  5.00000000e+00 
 6.65547066e-05  3.06412464e+00  6.65547066e-05 -3.06478049e-04  6.65547066e-05  5.00000000e+00 
 6.65843479e-05  3.06412464e+00  6.65843479e-05 -3.06347262e-04  6.65843479e-05  5.00000000e+00 
 6.66139892e-05  3.06412464e+00  6.66139892e-05 -3.06477420e-04  6.66139892e-05  5.00000000e+00 
 6.66436306e-05  3.06412464e+00  6.66436306e-05 -3.06347889e-04  6.66436306e-05  5.00000000e+00 
 6.66732719e-05  3.06412464e+00  6.66732719e-05 -3.06476794e-04  6.66732719e-05  5.00000000e+00 
 6.67029133e-05  3.06412464e+00  6.67029133e-05 -3.06348515e-04  6.67029133e-05  5.00000000e+00 
 6.67325546e-05  3.06412464e+00  6.67325546e-05 -3.06476169e-04  6.67325546e-05  5.00000000e+00 
 6.67621959e-05  3.06412464e+00  6.67621959e-05 -3.06349138e-04  6.67621959e-05  5.00000000e+00 
 6.67918373e-05  3.06412464e+00  6.67918373e-05 -3.06475547e-04  6.67918373e-05  5.00000000e+00 
 6.68214786e-05  3.06412464e+00  6.68214786e-05 -3.06349759e-04  6.68214786e-05  5.00000000e+00 
 6.68511199e-05  3.06412464e+00  6.68511199e-05 -3.06474928e-04  6.68511199e-05  5.00000000e+00 
 6.68807613e-05  3.06412464e+00  6.68807613e-05 -3.06350376e-04  6.68807613e-05  5.00000000e+00 
 6.69104026e-05  3.06412464e+00  6.69104026e-05 -3.06474312e-04  6.69104026e-05  5.00000000e+00 
 6.69400440e-05  3.06412465e+00  6.69400440e-05 -3.06350991e-04  6.69400440e-05  5.00000000e+00 
 6.69696853e-05  3.06412464e+00  6.69696853e-05 -3.06473699e-04  6.69696853e-05  5.00000000e+00 
 6.69993266e-05  3.06412465e+00  6.69993266e-05 -3.06351602e-04  6.69993266e-05  5.00000000e+00 
 6.70289680e-05  3.06412464e+00  6.70289680e-05 -3.06473089e-04  6.70289680e-05  5.00000000e+00 
 6.70586093e-05  3.06412465e+00  6.70586093e-05 -3.06352210e-04  6.70586093e-05  5.00000000e+00 
 6.70882506e-05  3.06412464e+00  6.70882506e-05 -3.06472483e-04  6.70882506e-05  5.00000000e+00 
 6.71178920e-05  3.06412465e+00  6.71178920e-05 -3.06352815e-04  6.71178920e-05  5.00000000e+00 
 6.71475333e-05  3.06412464e+00  6.71475333e-05 -3.06471881e-04  6.71475333e-05  5.00000000e+00 
 6.71771747e-05  3.06412465e+00  6.71771747e-05 -3.06353416e-04  6.71771747e-05  5.00000000e+00 
 6.72068160e-05  3.06412464e+00  6.72068160e-05 -3.06471282e-04  6.72068160e-05  5.00000000e+00 
 6.72364573e-05  3.06412465e+00  6.72364573e-05 -3.06354013e-04  6.72364573e-05  5.00000000e+00 
 6.72660987e-05  3.06412464e+00  6.72660987e-05 -3.06470687e-04  6.72660987e-05  5.00000000e+00 
 6.72957400e-05  3.06412465e+00  6.72957400e-05 -3.06354606e-04  6.72957400e-05  5.00000000e+00 
 6.73253814e-05  3.06412464e+00  6.73253814e-05 -3.06470095e-04  6.73253814e-05  5.00000000e+00 
 6.73550227e-05  3.06412465e+00  6.73550227e-05 -3.06355195e-04  6.73550227e-05  5.00000000e+00 
 6.73846640e-05  3.06412464e+00  6.73846640e-05 -3.06469508e-04  6.73846640e-05  5.00000000e+00 
 6.74143054e-05  3.06412465e+00  6.74143054e-05 -3.06355780e-04  6.74143054e-05  5.00000000e+00 
 6.74439467e-05  3.06412464e+00  6.74439467e-05 -3.06468925e-04  6.74439467e-05  5.00000000e+00 
 6.74735880e-05  3.06412465e+00  6.74735880e-05 -3.06356361e-04  6.74735880e-05  5.00000000e+00 
 6.75032294e-05  3.06412464e+00  6.75032294e-05 -3.06468346e-04  6.75032294e-05  5.00000000e+00 
 6.75328707e-05  3.06412465e+00  6.75328707e-05 -3.06356938e-04  6.75328707e-05  5.00000000e+00 
 6.75625121e-05  3.06412464e+00  6.75625121e-05 -3.06467772e-04  6.75625121e-05  5.00000000e+00 
 6.75921534e-05  3.06412465e+00  6.75921534e-05 -3.06357510e-04  6.75921534e-05  5.00000000e+00 
 6.76217947e-05  3.06412464e+00  6.76217947e-05 -3.06467202e-04  6.76217947e-05  5.00000000e+00 
 6.76514361e-05  3.06412465e+00  6.76514361e-05 -3.06358078e-04  6.76514361e-05  5.00000000e+00 
 6.76810774e-05  3.06412465e+00  6.76810774e-05 -3.06466636e-04  6.76810774e-05  5.00000000e+00 
 6.77107187e-05  3.06412465e+00  6.77107187e-05 -3.06358642e-04  6.77107187e-05  5.00000000e+00 
 6.77403601e-05  3.06412465e+00  6.77403601e-05 -3.06466075e-04  6.77403601e-05  5.00000000e+00 
 6.77700014e-05  3.06412465e+00  6.77700014e-05 -3.06359201e-04  6.77700014e-05  5.00000000e+00 
 6.77996428e-05  3.06412465e+00  6.77996428e-05 -3.06465518e-04  6.77996428e-05  5.00000000e+00 
 6.78292841e-05  3.06412465e+00  6.78292841e-05 -3.06359756e-04  6.78292841e-05  5.00000000e+00 
 6.78589254e-05  3.06412465e+00  6.78589254e-05 -3.06464965e-04  6.78589254e-05  5.00000000e+00 
 6.78885668e-05  3.06412465e+00  6.78885668e-05 -3.06360306e-04  6.78885668e-05  5.00000000e+00 
 6.79182081e-05  3.06412465e+00  6.79182081e-05 -3.06464418e-04  6.79182081e-05  5.00000000e+00 
 6.79478494e-05  3.06412465e+00  6.79478494e-05 -3.06360851e-04  6.79478494e-05  5.00000000e+00 
 6.79774908e-05  3.06412465e+00  6.79774908e-05 -3.06463875e-04  6.79774908e-05  5.00000000e+00 
 6.80071321e-05  3.06412465e+00  6.80071321e-05 -3.06361392e-04  6.80071321e-05  5.00000000e+00 
 6.80367735e-05  3.06412465e+00  6.80367735e-05 -3.06463336e-04  6.80367735e-05  5.00000000e+00 
 6.80664148e-05  3.06412465e+00  6.80664148e-05 -3.06361928e-04  6.80664148e-05  5.00000000e+00 
 6.80960561e-05  3.06412465e+00  6.80960561e-05 -3.06462802e-04  6.80960561e-05  5.00000000e+00 
 6.81256975e-05  3.06412465e+00  6.81256975e-05 -3.06362460e-04  6.81256975e-05  5.00000000e+00 
 6.81553388e-05  3.06412465e+00  6.81553388e-05 -3.06462273e-04  6.81553388e-05  5.00000000e+00 
 6.81849801e-05  3.06412465e+00  6.81849801e-05 -3.06362987e-04  6.81849801e-05  5.00000000e+00 
 6.82146215e-05  3.06412465e+00  6.82146215e-05 -3.06461749e-04  6.82146215e-05  5.00000000e+00 
 6.82442628e-05  3.06412465e+00  6.82442628e-05 -3.06363509e-04  6.82442628e-05  5.00000000e+00 
 6.82739042e-05  3.06412465e+00  6.82739042e-05 -3.06461229e-04  6.82739042e-05  5.00000000e+00 
 6.83035455e-05  3.06412465e+00  6.83035455e-05 -3.06364026e-04  6.83035455e-05  5.00000000e+00 
 6.83331868e-05  3.06412465e+00  6.83331868e-05 -3.06460714e-04  6.83331868e-05  5.00000000e+00 
 6.83628282e-05  3.06412465e+00  6.83628282e-05 -3.06364539e-04  6.83628282e-05  5.00000000e+00 
 6.83924695e-05  3.06412465e+00  6.83924695e-05 -3.06460203e-04  6.83924695e-05  5.00000000e+00 
 6.84221108e-05  3.06412465e+00  6.84221108e-05 -3.06365047e-04  6.84221108e-05  5.00000000e+00 
 6.84517522e-05  3.06412465e+00  6.84517522e-05 -3.06459697e-04  6.84517522e-05  5.00000000e+00 
 6.84813935e-05  3.06412465e+00  6.84813935e-05 -3.06365551e-04  6.84813935e-05  5.00000000e+00 
 6.85110349e-05  3.06412465e+00  6.85110349e-05 -3.06459196e-04  6.85110349e-05  5.00000000e+00 
 6.85406762e-05  3.06412465e+00  6.85406762e-05 -3.06366049e-04  6.85406762e-05  5.00000000e+00 
 6.85703175e-05  3.06412465e+00  6.85703175e-05 -3.06458700e-04  6.85703175e-05  5.00000000e+00 
 6.85999589e-05  3.06412465e+00  6.85999589e-05 -3.06366544e-04  6.85999589e-05  5.00000000e+00 
 6.86296002e-05  3.06412465e+00  6.86296002e-05 -3.06458208e-04  6.86296002e-05  5.00000000e+00 
 6.86592415e-05  3.06412465e+00  6.86592415e-05 -3.06367033e-04  6.86592415e-05  5.00000000e+00 
 6.86888829e-05  3.06412465e+00  6.86888829e-05 -3.06457721e-04  6.86888829e-05  5.00000000e+00 
 6.87185242e-05  3.06412465e+00  6.87185242e-05 -3.06367518e-04  6.87185242e-05  5.00000000e+00 
 6.87481656e-05  3.06412465e+00  6.87481656e-05 -3.06457238e-04  6.87481656e-05  5.00000000e+00 
 6.87778069e-05  3.06412465e+00  6.87778069e-05 -3.06367998e-04  6.87778069e-05  5.00000000e+00 
 6.88074482e-05  3.06412465e+00  6.88074482e-05 -3.06456761e-04  6.88074482e-05  5.00000000e+00 
 6.88370896e-05  3.06412465e+00  6.88370896e-05 -3.06368474e-04  6.88370896e-05  5.00000000e+00 
 6.88667309e-05  3.06412465e+00  6.88667309e-05 -3.06456287e-04  6.88667309e-05  5.00000000e+00 
 6.88963723e-05  3.06412465e+00  6.88963723e-05 -3.06368945e-04  6.88963723e-05  5.00000000e+00 
 6.89260136e-05  3.06412465e+00  6.89260136e-05 -3.06455819e-04  6.89260136e-05  5.00000000e+00 
 6.89556549e-05  3.06412465e+00  6.89556549e-05 -3.06369411e-04  6.89556549e-05  5.00000000e+00 
 6.89852963e-05  3.06412465e+00  6.89852963e-05 -3.06455354e-04  6.89852963e-05  5.00000000e+00 
 6.90149376e-05  3.06412465e+00  6.90149376e-05 -3.06369873e-04  6.90149376e-05  5.00000000e+00 
 6.90445789e-05  3.06412465e+00  6.90445789e-05 -3.06454895e-04  6.90445789e-05  5.00000000e+00 
 6.90742203e-05  3.06412465e+00  6.90742203e-05 -3.06370330e-04  6.90742203e-05  5.00000000e+00 
 6.91038616e-05  3.06412465e+00  6.91038616e-05 -3.06454440e-04  6.91038616e-05  5.00000000e+00 
 6.91335030e-05  3.06412465e+00  6.91335030e-05 -3.06370783e-04  6.91335030e-05  5.00000000e+00 
 6.91631443e-05  3.06412465e+00  6.91631443e-05 -3.06453989e-04  6.91631443e-05  5.00000000e+00 
 6.91927856e-05  3.06412465e+00  6.91927856e-05 -3.06371231e-04  6.91927856e-05  5.00000000e+00 
 6.92224270e-05  3.06412465e+00  6.92224270e-05 -3.06453543e-04  6.92224270e-05  5.00000000e+00 
 6.92520683e-05  3.06412465e+00  6.92520683e-05 -3.06371675e-04  6.92520683e-05  5.00000000e+00 
 6.92817096e-05  3.06412465e+00  6.92817096e-05 -3.06453102e-04  6.92817096e-05  5.00000000e+00 
 6.93113510e-05  3.06412465e+00  6.93113510e-05 -3.06372115e-04  6.93113510e-05  5.00000000e+00 
 6.93409923e-05  3.06412465e+00  6.93409923e-05 -3.06452664e-04  6.93409923e-05  5.00000000e+00 
 6.93706337e-05  3.06412465e+00  6.93706337e-05 -3.06372550e-04  6.93706337e-05  5.00000000e+00 
 6.94002750e-05  3.06412465e+00  6.94002750e-05 -3.06452232e-04  6.94002750e-05  5.00000000e+00 
 6.94299163e-05  3.06412465e+00  6.94299163e-05 -3.06372980e-04  6.94299163e-05  5.00000000e+00 
 6.94595577e-05  3.06412465e+00  6.94595577e-05 -3.06451803e-04  6.94595577e-05  5.00000000e+00 
 6.94891990e-05  3.06412465e+00  6.94891990e-05 -3.06373407e-04  6.94891990e-05  5.00000000e+00 
 6.95188403e-05  3.06412465e+00  6.95188403e-05 -3.06451379e-04  6.95188403e-05  5.00000000e+00 
 6.95484817e-05  3.06412465e+00  6.95484817e-05 -3.06373829e-04  6.95484817e-05  5.00000000e+00 
 6.95781230e-05  3.06412465e+00  6.95781230e-05 -3.06450959e-04  6.95781230e-05  5.00000000e+00 
 6.96077644e-05  3.06412465e+00  6.96077644e-05 -3.06374247e-04  6.96077644e-05  5.00000000e+00 
 6.96374057e-05  3.06412465e+00  6.96374057e-05 -3.06450543e-04  6.96374057e-05  5.00000000e+00 
 6.96670470e-05  3.06412465e+00  6.96670470e-05 -3.06374660e-04  6.96670470e-05  5.00000000e+00 
 6.96966884e-05  3.06412465e+00  6.96966884e-05 -3.06450132e-04  6.96966884e-05  5.00000000e+00 
 6.97263297e-05  3.06412465e+00  6.97263297e-05 -3.06375069e-04  6.97263297e-05  5.00000000e+00 
 6.97559710e-05  3.06412465e+00  6.97559710e-05 -3.06449725e-04  6.97559710e-05  5.00000000e+00 
 6.97856124e-05  3.06412465e+00  6.97856124e-05 -3.06375474e-04  6.97856124e-05  5.00000000e+00 
 6.98152537e-05  3.06412465e+00  6.98152537e-05 -3.06449322e-04  6.98152537e-05  5.00000000e+00 
 6.98448951e-05  3.06412465e+00  6.98448951e-05 -3.06375875e-04  6.98448951e-05  5.00000000e+00 
 6.98745364e-05  3.06412465e+00  6.98745364e-05 -3.06448923e-04  6.98745364e-05  5.00000000e+00 
 6.99041777e-05  3.06412465e+00  6.99041777e-05 -3.06376272e-04  6.99041777e-05  5.00000000e+00 
 6.99338191e-05  3.06412465e+00  6.99338191e-05 -3.06448528e-04  6.99338191e-05  5.00000000e+00 
 6.99634604e-05  3.06412465e+00  6.99634604e-05 -3.06376665e-04  6.99634604e-05  5.00000000e+00 
 6.99931017e-05  3.06412465e+00  6.99931017e-05 -3.06448138e-04  6.99931017e-05  5.00000000e+00 
 7.00227431e-05  3.06412465e+00  7.00227431e-05 -3.06377053e-04  7.00227431e-05  5.00000000e+00 
 7.00523844e-05  3.06412465e+00  7.00523844e-05 -3.06447751e-04  7.00523844e-05  5.00000000e+00 
 7.00820258e-05  3.06412465e+00  7.00820258e-05 -3.06377438e-04  7.00820258e-05  5.00000000e+00 
 7.01116671e-05  3.06412465e+00  7.01116671e-05 -3.06447368e-04  7.01116671e-05  5.00000000e+00 
 7.01413084e-05  3.06412465e+00  7.01413084e-05 -3.06377819e-04  7.01413084e-05  5.00000000e+00 
 7.01709498e-05  3.06412465e+00  7.01709498e-05 -3.06446990e-04  7.01709498e-05  5.00000000e+00 
 7.02005911e-05  3.06412465e+00  7.02005911e-05 -3.06378195e-04  7.02005911e-05  5.00000000e+00 
 7.02302324e-05  3.06412465e+00  7.02302324e-05 -3.06446615e-04  7.02302324e-05  5.00000000e+00 
 7.02598738e-05  3.06412465e+00  7.02598738e-05 -3.06378568e-04  7.02598738e-05  5.00000000e+00 
 7.02895151e-05  3.06412465e+00  7.02895151e-05 -3.06446244e-04  7.02895151e-05  5.00000000e+00 
 7.03191565e-05  3.06412465e+00  7.03191565e-05 -3.06378937e-04  7.03191565e-05  5.00000000e+00 
 7.03487978e-05  3.06412465e+00  7.03487978e-05 -3.06445877e-04  7.03487978e-05  5.00000000e+00 
 7.03784391e-05  3.06412465e+00  7.03784391e-05 -3.06379302e-04  7.03784391e-05  5.00000000e+00 
 7.04080805e-05  3.06412465e+00  7.04080805e-05 -3.06445514e-04  7.04080805e-05  5.00000000e+00 
 7.04377218e-05  3.06412465e+00  7.04377218e-05 -3.06379663e-04  7.04377218e-05  5.00000000e+00 
 7.04673632e-05  3.06412465e+00  7.04673632e-05 -3.06445155e-04  7.04673632e-05  5.00000000e+00 
 7.04970045e-05  3.06412465e+00  7.04970045e-05 -3.06380021e-04  7.04970045e-05  5.00000000e+00 
 7.05266458e-05  3.06412465e+00  7.05266458e-05 -3.06444799e-04  7.05266458e-05  5.00000000e+00 
 7.05562872e-05  3.06412465e+00  7.05562872e-05 -3.06380375e-04  7.05562872e-05  5.00000000e+00 
 7.05859285e-05  3.06412465e+00  7.05859285e-05 -3.06444447e-04  7.05859285e-05  5.00000000e+00 
 7.06155698e-05  3.06412465e+00  7.06155698e-05 -3.06380725e-04  7.06155698e-05  5.00000000e+00 
 7.06452112e-05  3.06412465e+00  7.06452112e-05 -3.06444099e-04  7.06452112e-05  5.00000000e+00 
 7.06748525e-05  3.06412465e+00  7.06748525e-05 -3.06381071e-04  7.06748525e-05  5.00000000e+00 
 7.07044939e-05  3.06412465e+00  7.07044939e-05 -3.06443755e-04  7.07044939e-05  5.00000000e+00 
 7.07341352e-05  3.06412465e+00  7.07341352e-05 -3.06381414e-04  7.07341352e-05  5.00000000e+00 
 7.07637765e-05  3.06412465e+00  7.07637765e-05 -3.06443414e-04  7.07637765e-05  5.00000000e+00 
 7.07934179e-05  3.06412465e+00  7.07934179e-05 -3.06381753e-04  7.07934179e-05  5.00000000e+00 
 7.08230592e-05  3.06412465e+00  7.08230592e-05 -3.06443077e-04  7.08230592e-05  5.00000000e+00 
 7.08527005e-05  3.06412465e+00  7.08527005e-05 -3.06382088e-04  7.08527005e-05  5.00000000e+00 
 7.08823419e-05  3.06412465e+00  7.08823419e-05 -3.06442743e-04  7.08823419e-05  5.00000000e+00 
 7.09119832e-05  3.06412465e+00  7.09119832e-05 -3.06382420e-04  7.09119832e-05  5.00000000e+00 
 7.09416246e-05  3.06412465e+00  7.09416246e-05 -3.06442413e-04  7.09416246e-05  5.00000000e+00 
 7.09712659e-05  3.06412465e+00  7.09712659e-05 -3.06382749e-04  7.09712659e-05  5.00000000e+00 
 7.10009072e-05  3.06412465e+00  7.10009072e-05 -3.06442086e-04  7.10009072e-05  5.00000000e+00 
 7.10305486e-05  3.06412465e+00  7.10305486e-05 -3.06383074e-04  7.10305486e-05  5.00000000e+00 
 7.10601899e-05  3.06412465e+00  7.10601899e-05 -3.06441763e-04  7.10601899e-05  5.00000000e+00 
 7.10898312e-05  3.06412465e+00  7.10898312e-05 -3.06383395e-04  7.10898312e-05  5.00000000e+00 
 7.11194726e-05  3.06412465e+00  7.11194726e-05 -3.06441443e-04  7.11194726e-05  5.00000000e+00 
 7.11491139e-05  3.06412465e+00  7.11491139e-05 -3.06383713e-04  7.11491139e-05  5.00000000e+00 
 7.11787553e-05  3.06412465e+00  7.11787553e-05 -3.06441126e-04  7.11787553e-05  5.00000000e+00 
 7.12083966e-05  3.06412465e+00  7.12083966e-05 -3.06384028e-04  7.12083966e-05  5.00000000e+00 
 7.12380379e-05  3.06412465e+00  7.12380379e-05 -3.06440813e-04  7.12380379e-05  5.00000000e+00 
 7.12676793e-05  3.06412465e+00  7.12676793e-05 -3.06384339e-04  7.12676793e-05  5.00000000e+00 
 7.12973206e-05  3.06412465e+00  7.12973206e-05 -3.06440504e-04  7.12973206e-05  5.00000000e+00 
 7.13269619e-05  3.06412465e+00  7.13269619e-05 -3.06384648e-04  7.13269619e-05  5.00000000e+00 
 7.13566033e-05  3.06412465e+00  7.13566033e-05 -3.06440197e-04  7.13566033e-05  5.00000000e+00 
 7.13862446e-05  3.06412465e+00  7.13862446e-05 -3.06384952e-04  7.13862446e-05  5.00000000e+00 
 7.14158860e-05  3.06412465e+00  7.14158860e-05 -3.06439894e-04  7.14158860e-05  5.00000000e+00 
 7.14455273e-05  3.06412465e+00  7.14455273e-05 -3.06385254e-04  7.14455273e-05  5.00000000e+00 
 7.14751686e-05  3.06412465e+00  7.14751686e-05 -3.06439594e-04  7.14751686e-05  5.00000000e+00 
 7.15048100e-05  3.06412465e+00  7.15048100e-05 -3.06385552e-04  7.15048100e-05  5.00000000e+00 
 7.15344513e-05  3.06412465e+00  7.15344513e-05 -3.06439297e-04  7.15344513e-05  5.00000000e+00 
 7.15640926e-05  3.06412465e+00  7.15640926e-05 -3.06385848e-04  7.15640926e-05  5.00000000e+00 
 7.15937340e-05  3.06412465e+00  7.15937340e-05 -3.06439003e-04  7.15937340e-05  5.00000000e+00 
 7.16233753e-05  3.06412465e+00  7.16233753e-05 -3.06386140e-04  7.16233753e-05  5.00000000e+00 
 7.16530167e-05  3.06412465e+00  7.16530167e-05 -3.06438713e-04  7.16530167e-05  5.00000000e+00 
 7.16826580e-05  3.06412465e+00  7.16826580e-05 -3.06386429e-04  7.16826580e-05  5.00000000e+00 
 7.17122993e-05  3.06412465e+00  7.17122993e-05 -3.06438425e-04  7.17122993e-05  5.00000000e+00 
 7.17419407e-05  3.06412465e+00  7.17419407e-05 -3.06386715e-04  7.17419407e-05  5.00000000e+00 
 7.17715820e-05  3.06412465e+00  7.17715820e-05 -3.06438141e-04  7.17715820e-05  5.00000000e+00 
 7.18012233e-05  3.06412466e+00  7.18012233e-05 -3.06386998e-04  7.18012233e-05  5.00000000e+00 
 7.18308647e-05  3.06412465e+00  7.18308647e-05 -3.06437860e-04  7.18308647e-05  5.00000000e+00 
 7.18605060e-05  3.06412466e+00  7.18605060e-05 -3.06387277e-04  7.18605060e-05  5.00000000e+00 
 7.18901474e-05  3.06412465e+00  7.18901474e-05 -3.06437581e-04  7.18901474e-05  5.00000000e+00 
 7.19197887e-05  3.06412466e+00  7.19197887e-05 -3.06387554e-04  7.19197887e-05  5.00000000e+00 
 7.19494300e-05  3.06412465e+00  7.19494300e-05 -3.06437306e-04  7.19494300e-05  5.00000000e+00 
 7.19790714e-05  3.06412466e+00  7.19790714e-05 -3.06387828e-04  7.19790714e-05  5.00000000e+00 
 7.20087127e-05  3.06412465e+00  7.20087127e-05 -3.06437033e-04  7.20087127e-05  5.00000000e+00 
 7.20383541e-05  3.06412466e+00  7.20383541e-05 -3.06388099e-04  7.20383541e-05  5.00000000e+00 
 7.20679954e-05  3.06412465e+00  7.20679954e-05 -3.06436764e-04  7.20679954e-05  5.00000000e+00 
 7.20976367e-05  3.06412466e+00  7.20976367e-05 -3.06388367e-04  7.20976367e-05  5.00000000e+00 
 7.21272781e-05  3.06412465e+00  7.21272781e-05 -3.06436497e-04  7.21272781e-05  5.00000000e+00 
 7.21569194e-05  3.06412466e+00  7.21569194e-05 -3.06388633e-04  7.21569194e-05  5.00000000e+00 
 7.21865607e-05  3.06412465e+00  7.21865607e-05 -3.06436233e-04  7.21865607e-05  5.00000000e+00 
 7.22162021e-05  3.06412466e+00  7.22162021e-05 -3.06388895e-04  7.22162021e-05  5.00000000e+00 
 7.22458434e-05  3.06412465e+00  7.22458434e-05 -3.06435972e-04  7.22458434e-05  5.00000000e+00 
 7.22754848e-05  3.06412466e+00  7.22754848e-05 -3.06389155e-04  7.22754848e-05  5.00000000e+00 
 7.23051261e-05  3.06412465e+00  7.23051261e-05 -3.06435714e-04  7.23051261e-05  5.00000000e+00 
 7.23347674e-05  3.06412466e+00  7.23347674e-05 -3.06389411e-04  7.23347674e-05  5.00000000e+00 
 7.23644088e-05  3.06412465e+00  7.23644088e-05 -3.06435459e-04  7.23644088e-05  5.00000000e+00 
 7.23940501e-05  3.06412466e+00  7.23940501e-05 -3.06389665e-04  7.23940501e-05  5.00000000e+00 
 7.24236914e-05  3.06412465e+00  7.24236914e-05 -3.06435206e-04  7.24236914e-05  5.00000000e+00 
 7.24533328e-05  3.06412466e+00  7.24533328e-05 -3.06389917e-04  7.24533328e-05  5.00000000e+00 
 7.24829741e-05  3.06412465e+00  7.24829741e-05 -3.06434956e-04  7.24829741e-05  5.00000000e+00 
 7.25126155e-05  3.06412466e+00  7.25126155e-05 -3.06390165e-04  7.25126155e-05  5.00000000e+00 
 7.25422568e-05  3.06412465e+00  7.25422568e-05 -3.06434709e-04  7.25422568e-05  5.00000000e+00 
 7.25718981e-05  3.06412466e+00  7.25718981e-05 -3.06390411e-04  7.25718981e-05  5.00000000e+00 
 7.26015395e-05  3.06412465e+00  7.26015395e-05 -3.06434464e-04  7.26015395e-05  5.00000000e+00 
 7.26311808e-05  3.06412466e+00  7.26311808e-05 -3.06390655e-04  7.26311808e-05  5.00000000e+00 
 7.26608221e-05  3.06412465e+00  7.26608221e-05 -3.06434222e-04  7.26608221e-05  5.00000000e+00 
 7.26904635e-05  3.06412466e+00  7.26904635e-05 -3.06390896e-04  7.26904635e-05  5.00000000e+00 
 7.27201048e-05  3.06412465e+00  7.27201048e-05 -3.06433983e-04  7.27201048e-05  5.00000000e+00 
 7.27497462e-05  3.06412466e+00  7.27497462e-05 -3.06391134e-04  7.27497462e-05  5.00000000e+00 
 7.27793875e-05  3.06412465e+00  7.27793875e-05 -3.06433746e-04  7.27793875e-05  5.00000000e+00 
 7.28090288e-05  3.06412466e+00  7.28090288e-05 -3.06391369e-04  7.28090288e-05  5.00000000e+00 
 7.28386702e-05  3.06412465e+00  7.28386702e-05 -3.06433511e-04  7.28386702e-05  5.00000000e+00 
 7.28683115e-05  3.06412466e+00  7.28683115e-05 -3.06391602e-04  7.28683115e-05  5.00000000e+00 
 7.28979528e-05  3.06412465e+00  7.28979528e-05 -3.06433280e-04  7.28979528e-05  5.00000000e+00 
 7.29275942e-05  3.06412466e+00  7.29275942e-05 -3.06391833e-04  7.29275942e-05  5.00000000e+00 
 7.29572355e-05  3.06412465e+00  7.29572355e-05 -3.06433050e-04  7.29572355e-05  5.00000000e+00 
 7.29868769e-05  3.06412466e+00  7.29868769e-05 -3.06392061e-04  7.29868769e-05  5.00000000e+00 
 7.30165182e-05  3.06412465e+00  7.30165182e-05 -3.06432823e-04  7.30165182e-05  5.00000000e+00 
 7.30461595e-05  3.06412466e+00  7.30461595e-05 -3.06392287e-04  7.30461595e-05  5.00000000e+00 
 7.30758009e-05  3.06412465e+00  7.30758009e-05 -3.06432599e-04  7.30758009e-05  5.00000000e+00 
 7.31054422e-05  3.06412466e+00  7.31054422e-05 -3.06392510e-04  7.31054422e-05  5.00000000e+00 
 7.31350835e-05  3.06412465e+00  7.31350835e-05 -3.06432377e-04  7.31350835e-05  5.00000000e+00 
 7.31647249e-05  3.06412466e+00  7.31647249e-05 -3.06392731e-04  7.31647249e-05  5.00000000e+00 
 7.31943662e-05  3.06412465e+00  7.31943662e-05 -3.06432157e-04  7.31943662e-05  5.00000000e+00 
 7.32240076e-05  3.06412466e+00  7.32240076e-05 -3.06392949e-04  7.32240076e-05  5.00000000e+00 
 7.32536489e-05  3.06412465e+00  7.32536489e-05 -3.06431940e-04  7.32536489e-05  5.00000000e+00 
 7.32832902e-05  3.06412466e+00  7.32832902e-05 -3.06393166e-04  7.32832902e-05  5.00000000e+00 
 7.33129316e-05  3.06412465e+00  7.33129316e-05 -3.06431725e-04  7.33129316e-05  5.00000000e+00 
 7.33425729e-05  3.06412466e+00  7.33425729e-05 -3.06393379e-04  7.33425729e-05  5.00000000e+00 
 7.33722142e-05  3.06412465e+00  7.33722142e-05 -3.06431512e-04  7.33722142e-05  5.00000000e+00 
 7.34018556e-05  3.06412466e+00  7.34018556e-05 -3.06393591e-04  7.34018556e-05  5.00000000e+00 
 7.34314969e-05  3.06412465e+00  7.34314969e-05 -3.06431302e-04  7.34314969e-05  5.00000000e+00 
 7.34611383e-05  3.06412466e+00  7.34611383e-05 -3.06393800e-04  7.34611383e-05  5.00000000e+00 
 7.34907796e-05  3.06412465e+00  7.34907796e-05 -3.06431094e-04  7.34907796e-05  5.00000000e+00 
 7.35204209e-05  3.06412466e+00  7.35204209e-05 -3.06394007e-04  7.35204209e-05  5.00000000e+00 
 7.35500623e-05  3.06412465e+00  7.35500623e-05 -3.06430888e-04  7.35500623e-05  5.00000000e+00 
 7.35797036e-05  3.06412466e+00  7.35797036e-05 -3.06394212e-04  7.35797036e-05  5.00000000e+00 
 7.36093450e-05  3.06412465e+00  7.36093450e-05 -3.06430684e-04  7.36093450e-05  5.00000000e+00 
 7.36389863e-05  3.06412466e+00  7.36389863e-05 -3.06394415e-04  7.36389863e-05  5.00000000e+00 
 7.36686276e-05  3.06412465e+00  7.36686276e-05 -3.06430482e-04  7.36686276e-05  5.00000000e+00 
 7.36982690e-05  3.06412466e+00  7.36982690e-05 -3.06394615e-04  7.36982690e-05  5.00000000e+00 
 7.37279103e-05  3.06412465e+00  7.37279103e-05 -3.06430283e-04  7.37279103e-05  5.00000000e+00 
 7.37575516e-05  3.06412466e+00  7.37575516e-05 -3.06394813e-04  7.37575516e-05  5.00000000e+00 
 7.37871930e-05  3.06412465e+00  7.37871930e-05 -3.06430086e-04  7.37871930e-05  5.00000000e+00 
 7.38168343e-05  3.06412466e+00  7.38168343e-05 -3.06395010e-04  7.38168343e-05  5.00000000e+00 
 7.38464757e-05  3.06412465e+00  7.38464757e-05 -3.06429891e-04  7.38464757e-05  5.00000000e+00 
 7.38761170e-05  3.06412466e+00  7.38761170e-05 -3.06395204e-04  7.38761170e-05  5.00000000e+00 
 7.39057583e-05  3.06412465e+00  7.39057583e-05 -3.06429698e-04  7.39057583e-05  5.00000000e+00 
 7.39353997e-05  3.06412466e+00  7.39353997e-05 -3.06395396e-04  7.39353997e-05  5.00000000e+00 
 7.39650410e-05  3.06412465e+00  7.39650410e-05 -3.06429507e-04  7.39650410e-05  5.00000000e+00 
 7.39946823e-05  3.06412466e+00  7.39946823e-05 -3.06395585e-04  7.39946823e-05  5.00000000e+00 
 7.40243237e-05  3.06412465e+00  7.40243237e-05 -3.06429318e-04  7.40243237e-05  5.00000000e+00 
 7.40539650e-05  3.06412466e+00  7.40539650e-05 -3.06395773e-04  7.40539650e-05  5.00000000e+00 
 7.40786547e-05  3.06412465e+00  7.40786547e-05 -3.06429113e-04  7.40786547e-05  5.00000000e+00 
 7.41033443e-05  3.06412466e+00  7.41033443e-05 -3.06395996e-04  7.41033443e-05  5.00000000e+00 
 7.41047461e-05  3.06356550e+00  7.41047461e-05 -2.67691225e-04  7.41047461e-05  4.97635554e+00 
 7.41075495e-05  3.06133043e+00  7.41075495e-05 -1.88158355e-04  7.41075495e-05  4.92906661e+00 
 7.41125480e-05  3.05289068e+00  7.41125480e-05 -8.82014942e-05  7.41125480e-05  4.84474982e+00 
 7.41176600e-05  3.04041476e+00  7.41176600e-05 -3.51613476e-05  7.41176600e-05  4.75851893e+00 
 7.41236134e-05  3.02365672e+00  7.41236134e-05 -9.68661298e-06  7.41236134e-05  4.65809544e+00 
 7.41276756e-05  3.01165734e+00  7.41276756e-05 -3.95251281e-06  7.41276756e-05  4.58957152e+00 
 7.41318902e-05  2.99908781e+00  7.41318902e-05 -1.42046457e-06  7.41318902e-05  4.51847887e+00 
 7.41375765e-05  2.98211770e+00  7.41375765e-05 -5.42754235e-07  7.41375765e-05  4.42256022e+00 
 7.41446429e-05  2.96112033e+00  7.41446429e-05 -2.20305194e-07  7.41446429e-05  4.30336248e+00 
 7.41587756e-05  2.91955099e+00  7.41587756e-05 -2.94880922e-07  7.41587756e-05  4.06496700e+00 
 7.41815147e-05  2.85388229e+00  7.41815147e-05 -1.94990985e-07  7.41815147e-05  3.68139632e+00 
 7.42111560e-05  2.77048939e+00  7.42111560e-05 -2.94692231e-07  7.42111560e-05  3.18139632e+00 
 7.42407974e-05  2.68953061e+00  7.42407974e-05 -1.94990930e-07  7.42407974e-05  2.68139632e+00 
 7.42704387e-05  2.61093611e+00  7.42704387e-05 -2.94692231e-07  7.42704387e-05  2.18139632e+00 
 7.43000801e-05  2.53463564e+00  7.43000801e-05 -1.94990930e-07  7.43000801e-05  1.68139632e+00 
 7.43297214e-05  2.46056344e+00  7.43297214e-05 -2.94692231e-07  7.43297214e-05  1.18139632e+00 
 7.43593627e-05  2.38865324e+00  7.43593627e-05 -1.94990930e-07  7.43593627e-05  6.81396319e-01 
 7.43795602e-05  2.34086271e+00  7.43795602e-05 -2.94692231e-07  7.43795602e-05  3.40698160e-01 
 7.43997577e-05  2.29402676e+00  7.43997577e-05 -1.94990930e-07  7.43997577e-05  0.00000000e+00 
 7.44027219e-05  2.28725014e+00  7.44027219e-05 -2.40200000e-11  7.44027219e-05  0.00000000e+00 
 7.44063453e-05  2.27898110e+00  7.44063453e-05 -2.40200000e-11  7.44063453e-05  0.00000000e+00 
 7.44087553e-05  2.27349765e+00  7.44087553e-05 -2.40200000e-11  7.44087553e-05  0.00000000e+00 
 7.44110308e-05  2.26833240e+00  7.44110308e-05 -2.40200000e-11  7.44110308e-05  0.00000000e+00 
 7.44155819e-05  2.25803704e+00  7.44155819e-05 -2.40200000e-11  7.44155819e-05  0.00000000e+00 
 7.44211251e-05  2.24556032e+00  7.44211251e-05 -2.40200000e-11  7.44211251e-05  0.00000000e+00 
 7.44309651e-05  2.22358160e+00  7.44309651e-05 -2.40200000e-11  7.44309651e-05  0.00000000e+00 
 7.44506452e-05  2.18026640e+00  7.44506452e-05 -2.40200000e-11  7.44506452e-05  0.00000000e+00 
 7.44802865e-05  2.11661150e+00  7.44802865e-05 -2.40200000e-11  7.44802865e-05  0.00000000e+00 
 7.45099279e-05  2.05481508e+00  7.45099279e-05 -2.40200000e-11  7.45099279e-05  0.00000000e+00 
 7.45395692e-05  1.99482285e+00  7.45395692e-05 -2.40200000e-11  7.45395692e-05  0.00000000e+00 
 7.45692105e-05  1.93658216e+00  7.45692105e-05 -2.40200000e-11  7.45692105e-05  0.00000000e+00 
 7.45988519e-05  1.88004185e+00  7.45988519e-05 -2.40200000e-11  7.45988519e-05  0.00000000e+00 
 7.46284932e-05  1.82515230e+00  7.46284932e-05 -2.40200000e-11  7.46284932e-05  0.00000000e+00 
 7.46581346e-05  1.77186528e+00  7.46581346e-05 -2.40200000e-11  7.46581346e-05  0.00000000e+00 
 7.46877759e-05  1.72013405e+00  7.46877759e-05 -2.40200000e-11  7.46877759e-05  0.00000000e+00 
 7.47174172e-05  1.66991314e+00  7.47174172e-05 -2.40200000e-11  7.47174172e-05  0.00000000e+00 
 7.47470586e-05  1.62115849e+00  7.47470586e-05 -2.40200000e-11  7.47470586e-05  0.00000000e+00 
 7.47766999e-05  1.57382726e+00  7.47766999e-05 -2.40200000e-11  7.47766999e-05  0.00000000e+00 
 7.48063412e-05  1.52787793e+00  7.48063412e-05 -2.40200000e-11  7.48063412e-05  0.00000000e+00 
 7.48359826e-05  1.48327011e+00  7.48359826e-05 -2.40200000e-11  7.48359826e-05  0.00000000e+00 
 7.48656239e-05  1.43996468e+00  7.48656239e-05 -2.40200000e-11  7.48656239e-05  0.00000000e+00 
 7.48952653e-05  1.39792357e+00  7.48952653e-05 -2.40200000e-11  7.48952653e-05  0.00000000e+00 
 7.49249066e-05  1.35710991e+00  7.49249066e-05 -2.40200000e-11  7.49249066e-05  0.00000000e+00 
 7.49545479e-05  1.31748783e+00  7.49545479e-05 -2.40200000e-11  7.49545479e-05  0.00000000e+00 
 7.49841893e-05  1.27902256e+00  7.49841893e-05 -2.40200000e-11  7.49841893e-05  0.00000000e+00 
 7.50138306e-05  1.24168031e+00  7.50138306e-05 -2.40200000e-11  7.50138306e-05  0.00000000e+00 
 7.50434719e-05  1.20542831e+00  7.50434719e-05 -2.40200000e-11  7.50434719e-05  0.00000000e+00 
 7.50731133e-05  1.17023471e+00  7.50731133e-05 -2.40200000e-11  7.50731133e-05  0.00000000e+00 
 7.51027546e-05  1.13606864e+00  7.51027546e-05 -2.40200000e-11  7.51027546e-05  0.00000000e+00 
 7.51323960e-05  1.10290006e+00  7.51323960e-05 -2.40200000e-11  7.51323960e-05  0.00000000e+00 
 7.51620373e-05  1.07069988e+00  7.51620373e-05 -2.40200000e-11  7.51620373e-05  0.00000000e+00 
 7.51916786e-05  1.03943980e+00  7.51916786e-05 -2.40200000e-11  7.51916786e-05  0.00000000e+00 
 7.52213200e-05  1.00909240e+00  7.52213200e-05 -2.40200000e-11  7.52213200e-05  0.00000000e+00 
 7.52509613e-05  9.79631008e-01  7.52509613e-05 -2.40200000e-11  7.52509613e-05  0.00000000e+00 
 7.52806026e-05  9.51029785e-01  7.52806026e-05 -2.40200000e-11  7.52806026e-05  0.00000000e+00 
 7.53102440e-05  9.23263583e-01  7.53102440e-05 -2.40200000e-11  7.53102440e-05  0.00000000e+00 
 7.53398853e-05  8.96308059e-01  7.53398853e-05 -2.40200000e-11  7.53398853e-05  0.00000000e+00 
 7.53695267e-05  8.70139509e-01  7.53695267e-05 -2.40200000e-11  7.53695267e-05  0.00000000e+00 
 7.53991680e-05  8.44734991e-01  7.53991680e-05 -2.40200000e-11  7.53991680e-05  0.00000000e+00 
 7.54288093e-05  8.20072164e-01  7.54288093e-05 -2.40200000e-11  7.54288093e-05  0.00000000e+00 
 7.54584507e-05  7.96129409e-01  7.54584507e-05 -2.40200000e-11  7.54584507e-05  0.00000000e+00 
 7.54880920e-05  7.72885666e-01  7.54880920e-05 -2.40200000e-11  7.54880920e-05  0.00000000e+00 
 7.55177333e-05  7.50320564e-01  7.55177333e-05 -2.40200000e-11  7.55177333e-05  0.00000000e+00 
 7.55473747e-05  7.28414254e-01  7.55473747e-05 -2.40200000e-11  7.55473747e-05  0.00000000e+00 
 7.55770160e-05  7.07147536e-01  7.55770160e-05 -2.40200000e-11  7.55770160e-05  0.00000000e+00 
 7.56066574e-05  6.86501702e-01  7.56066574e-05 -2.40200000e-11  7.56066574e-05  0.00000000e+00 
 7.56362987e-05  6.66458659e-01  7.56362987e-05 -2.40200000e-11  7.56362987e-05  0.00000000e+00 
 7.56659400e-05  6.47000774e-01  7.56659400e-05 -2.40200000e-11  7.56659400e-05  0.00000000e+00 
 7.56955814e-05  6.28110998e-01  7.56955814e-05 -2.40200000e-11  7.56955814e-05  0.00000000e+00 
 7.57252227e-05  6.09772708e-01  7.57252227e-05 -2.40200000e-11  7.57252227e-05  0.00000000e+00 
 7.57548641e-05  5.91969840e-01  7.57548641e-05 -2.40200000e-11  7.57548641e-05  0.00000000e+00 
 7.57845054e-05  5.74686725e-01  7.57845054e-05 -2.40200000e-11  7.57845054e-05  0.00000000e+00 
 7.58141467e-05  5.57908224e-01  7.58141467e-05 -2.40200000e-11  7.58141467e-05  0.00000000e+00 
 7.58437881e-05  5.41619569e-01  7.58437881e-05 -2.40200000e-11  7.58437881e-05  0.00000000e+00 
 7.58734294e-05  5.25806495e-01  7.58734294e-05 -2.40200000e-11  7.58734294e-05  0.00000000e+00 
 7.59030707e-05  5.10455080e-01  7.59030707e-05 -2.40200000e-11  7.59030707e-05  0.00000000e+00 
 7.59327121e-05  4.95551881e-01  7.59327121e-05 -2.40200000e-11  7.59327121e-05  0.00000000e+00 
 7.59623534e-05  4.81083777e-01  7.59623534e-05 -2.40200000e-11  7.59623534e-05  0.00000000e+00 
 7.59919948e-05  4.67038101e-01  7.59919948e-05 -2.40200000e-11  7.59919948e-05  0.00000000e+00 
 7.60216361e-05  4.53402483e-01  7.60216361e-05 -2.40200000e-11  7.60216361e-05  0.00000000e+00 
 7.60512774e-05  4.40164988e-01  7.60512774e-05 -2.40200000e-11  7.60512774e-05  0.00000000e+00 
 7.60809188e-05  4.27313956e-01  7.60809188e-05 -2.40200000e-11  7.60809188e-05  0.00000000e+00 
 7.61105601e-05  4.14838139e-01  7.61105601e-05 -2.40200000e-11  7.61105601e-05  0.00000000e+00 
 7.61402014e-05  4.02726548e-01  7.61402014e-05 -2.40200001e-11  7.61402014e-05  0.00000000e+00 
 7.61698428e-05  3.90968583e-01  7.61698428e-05 -2.40200001e-11  7.61698428e-05  0.00000000e+00 
 7.61994841e-05  3.79553885e-01  7.61994841e-05 -2.40200002e-11  7.61994841e-05  0.00000000e+00 
 7.62291255e-05  3.68472468e-01  7.62291255e-05 -2.40200002e-11  7.62291255e-05  0.00000000e+00 
 7.62587668e-05  3.57714565e-01  7.62587668e-05 -2.40200004e-11  7.62587668e-05  0.00000000e+00 
 7.62884081e-05  3.47270767e-01  7.62884081e-05 -2.40200005e-11  7.62884081e-05  0.00000000e+00 
 7.63180495e-05  3.37131867e-01  7.63180495e-05 -2.40200008e-11  7.63180495e-05  0.00000000e+00 
 7.63476908e-05  3.27289000e-01  7.63476908e-05 -2.40200012e-11  7.63476908e-05  0.00000000e+00 
 7.63773321e-05  3.17733486e-01  7.63773321e-05 -2.40200018e-11  7.63773321e-05  0.00000000e+00 
 7.64069735e-05  3.08456972e-01  7.64069735e-05 -2.40200025e-11  7.64069735e-05  0.00000000e+00 
 7.64366148e-05  2.99451278e-01  7.64366148e-05 -2.40200036e-11  7.64366148e-05  0.00000000e+00 
 7.64662562e-05  2.90708530e-01  7.64662562e-05 -2.40200051e-11  7.64662562e-05  0.00000000e+00 
 7.64958975e-05  2.82221017e-01  7.64958975e-05 -2.40200072e-11  7.64958975e-05  0.00000000e+00 
 7.65255388e-05  2.73981322e-01  7.65255388e-05 -2.40200099e-11  7.65255388e-05  0.00000000e+00 
 7.65551802e-05  2.65982176e-01  7.65551802e-05 -2.40200137e-11  7.65551802e-05  0.00000000e+00 
 7.65848215e-05  2.58216589e-01  7.65848215e-05 -2.40200186e-11  7.65848215e-05  0.00000000e+00 
 7.66144628e-05  2.50677709e-01  7.66144628e-05 -2.40200251e-11  7.66144628e-05  0.00000000e+00 
 7.66441042e-05  2.43358950e-01  7.66441042e-05 -2.40200335e-11  7.66441042e-05  0.00000000e+00 
 7.66737455e-05  2.36253852e-01  7.66737455e-05 -2.40200445e-11  7.66737455e-05  0.00000000e+00 
 7.67033869e-05  2.29356211e-01  7.67033869e-05 -2.40200586e-11  7.67033869e-05  0.00000000e+00 
 7.67330282e-05  2.22659936e-01  7.67330282e-05 -2.40200765e-11  7.67330282e-05  0.00000000e+00 
 7.67626695e-05  2.16159182e-01  7.67626695e-05 -2.40200991e-11  7.67626695e-05  0.00000000e+00 
 7.67923109e-05  2.09848207e-01  7.67923109e-05 -2.40201275e-11  7.67923109e-05  0.00000000e+00 
 7.68219522e-05  2.03721503e-01  7.68219522e-05 -2.40201629e-11  7.68219522e-05  0.00000000e+00 
 7.68515935e-05  1.97773657e-01  7.68515935e-05 -2.40202064e-11  7.68515935e-05  0.00000000e+00 
 7.68812349e-05  1.91999481e-01  7.68812349e-05 -2.40202602e-11  7.68812349e-05  0.00000000e+00 
 7.69108762e-05  1.86393871e-01  7.69108762e-05 -2.40203253e-11  7.69108762e-05  0.00000000e+00 
 7.69405176e-05  1.80951938e-01  7.69405176e-05 -2.40204048e-11  7.69405176e-05  0.00000000e+00 
 7.69701589e-05  1.75668870e-01  7.69701589e-05 -2.40204997e-11  7.69701589e-05  0.00000000e+00 
 7.69998002e-05  1.70540064e-01  7.69998002e-05 -2.40206141e-11  7.69998002e-05  0.00000000e+00 
 7.70294416e-05  1.65560981e-01  7.70294416e-05 -2.40207491e-11  7.70294416e-05  0.00000000e+00 
 7.70590829e-05  1.60727283e-01  7.70590829e-05 -2.40209099e-11  7.70590829e-05  0.00000000e+00 
 7.70887242e-05  1.56034694e-01  7.70887242e-05 -2.40210974e-11  7.70887242e-05  0.00000000e+00 
 7.71183656e-05  1.51479125e-01  7.71183656e-05 -2.40213184e-11  7.71183656e-05  0.00000000e+00 
 7.71480069e-05  1.47056544e-01  7.71480069e-05 -2.40215732e-11  7.71480069e-05  0.00000000e+00 
 7.71776483e-05  1.42763100e-01  7.71776483e-05 -2.40218704e-11  7.71776483e-05  0.00000000e+00 
 7.72072896e-05  1.38594991e-01  7.72072896e-05 -2.40222094e-11  7.72072896e-05  0.00000000e+00 
 7.72369309e-05  1.34548591e-01  7.72369309e-05 -2.40226012e-11  7.72369309e-05  0.00000000e+00 
 7.72665723e-05  1.30620312e-01  7.72665723e-05 -2.40230435e-11  7.72665723e-05  0.00000000e+00 
 7.72962136e-05  1.26806740e-01  7.72962136e-05 -2.40235502e-11  7.72962136e-05  0.00000000e+00 
 7.73258550e-05  1.23104492e-01  7.73258550e-05 -2.40241167e-11  7.73258550e-05  0.00000000e+00 
 7.73554963e-05  1.19510350e-01  7.73554963e-05 -2.40247601e-11  7.73554963e-05  0.00000000e+00 
 7.73851376e-05  1.16021127e-01  7.73851376e-05 -2.40254731e-11  7.73851376e-05  0.00000000e+00 
 7.74147790e-05  1.12633791e-01  7.74147790e-05 -2.40262765e-11  7.74147790e-05  0.00000000e+00 
 7.74444203e-05  1.09345336e-01  7.74444203e-05 -2.40271590e-11  7.74444203e-05  0.00000000e+00 
 7.74740616e-05  1.06152906e-01  7.74740616e-05 -2.40281462e-11  7.74740616e-05  0.00000000e+00 
 7.75037030e-05  1.03053666e-01  7.75037030e-05 -2.40292216e-11  7.75037030e-05  0.00000000e+00 
 7.75333443e-05  1.00044926e-01  7.75333443e-05 -2.40304165e-11  7.75333443e-05  0.00000000e+00 
 7.75629857e-05  9.71240147e-02  7.75629857e-05 -2.40317079e-11  7.75629857e-05  0.00000000e+00 
 7.75926270e-05  9.42883971e-02  7.75926270e-05 -2.40331334e-11  7.75926270e-05  0.00000000e+00 
 7.76222683e-05  9.15355526e-02  7.76222683e-05 -2.40346628e-11  7.76222683e-05  0.00000000e+00 
 7.76519097e-05  8.88630952e-02  7.76519097e-05 -2.40363409e-11  7.76519097e-05  0.00000000e+00 
 7.76815510e-05  8.62686475e-02  7.76815510e-05 -2.40381286e-11  7.76815510e-05  0.00000000e+00 
 7.77111923e-05  8.37499621e-02  7.77111923e-05 -2.40400790e-11  7.77111923e-05  0.00000000e+00 
 7.77408337e-05  8.13047971e-02  7.77408337e-05 -2.40421428e-11  7.77408337e-05  0.00000000e+00 
 7.77704750e-05  7.89310359e-02  7.77704750e-05 -2.40443827e-11  7.77704750e-05  0.00000000e+00 
 7.78001164e-05  7.66265640e-02  7.78001164e-05 -2.40467377e-11  7.78001164e-05  0.00000000e+00 
 7.78297577e-05  7.43893881e-02  7.78297577e-05 -2.40492812e-11  7.78297577e-05  0.00000000e+00 
 7.78593990e-05  7.22175138e-02  7.78593990e-05 -2.40519392e-11  7.78593990e-05  0.00000000e+00 
 7.78890404e-05  7.01090641e-02  7.78890404e-05 -2.40547967e-11  7.78890404e-05  0.00000000e+00 
 7.79186817e-05  6.80621580e-02  7.79186817e-05 -2.40577657e-11  7.79186817e-05  0.00000000e+00 
 7.79483230e-05  6.60750276e-02  7.79483230e-05 -2.40609440e-11  7.79483230e-05  0.00000000e+00 
 7.79779644e-05  6.41458990e-02  7.79779644e-05 -2.40642281e-11  7.79779644e-05  0.00000000e+00 
 7.80076057e-05  6.22731073e-02  7.80076057e-05 -2.40677299e-11  7.80076057e-05  0.00000000e+00 
 7.80372471e-05  6.04549794e-02  7.80372471e-05 -2.40713291e-11  7.80372471e-05  0.00000000e+00 
 7.80668884e-05  5.86899474e-02  7.80668884e-05 -2.40751530e-11  7.80668884e-05  0.00000000e+00 
 7.80965297e-05  5.69764333e-02  7.80965297e-05 -2.40790634e-11  7.80965297e-05  0.00000000e+00 
 7.81261711e-05  5.53129605e-02  7.81261711e-05 -2.40832040e-11  7.81261711e-05  0.00000000e+00 
 7.81558124e-05  5.36980407e-02  7.81558124e-05 -2.40874179e-11  7.81558124e-05  0.00000000e+00 
 7.81854537e-05  5.21302836e-02  7.81854537e-05 -2.40918660e-11  7.81854537e-05  0.00000000e+00 
 7.82150951e-05  5.06082851e-02  7.82150951e-05 -2.40963720e-11  7.82150951e-05  0.00000000e+00 
 7.82447364e-05  4.91307362e-02  7.82447364e-05 -2.41011148e-11  7.82447364e-05  0.00000000e+00 
 7.82743778e-05  4.76963123e-02  7.82743778e-05 -2.41058981e-11  7.82743778e-05  0.00000000e+00 
 7.83040191e-05  4.63037810e-02  7.83040191e-05 -2.41109195e-11  7.83040191e-05  0.00000000e+00 
 7.83336604e-05  4.49518929e-02  7.83336604e-05 -2.41159625e-11  7.83336604e-05  0.00000000e+00 
 7.83633018e-05  4.36394873e-02  7.83633018e-05 -2.41212437e-11  7.83633018e-05  0.00000000e+00 
 7.83929431e-05  4.23653858e-02  7.83929431e-05 -2.41265261e-11  7.83929431e-05  0.00000000e+00 
 7.84225844e-05  4.11284956e-02  7.84225844e-05 -2.41320459e-11  7.84225844e-05  0.00000000e+00 
 7.84522258e-05  3.99277049e-02  7.84522258e-05 -2.41375453e-11  7.84522258e-05  0.00000000e+00 
 7.84818671e-05  3.87619849e-02  7.84818671e-05 -2.41432804e-11  7.84818671e-05  0.00000000e+00 
 7.85115085e-05  3.76302868e-02  7.85115085e-05 -2.41489730e-11  7.85115085e-05  0.00000000e+00 
 7.85411498e-05  3.65316420e-02  7.85411498e-05 -2.41548987e-11  7.85411498e-05  0.00000000e+00 
 7.85707911e-05  3.54650609e-02  7.85707911e-05 -2.41607593e-11  7.85707911e-05  0.00000000e+00 
 7.86004325e-05  3.44296317e-02  7.86004325e-05 -2.41668499e-11  7.86004325e-05  0.00000000e+00 
 7.86300738e-05  3.34244209e-02  7.86300738e-05 -2.41728528e-11  7.86300738e-05  0.00000000e+00 
 7.86597151e-05  3.24485700e-02  7.86597151e-05 -2.41790819e-11  7.86597151e-05  0.00000000e+00 
 7.86893565e-05  3.15011982e-02  7.86893565e-05 -2.41852009e-11  7.86893565e-05  0.00000000e+00 
 7.87189978e-05  3.05814975e-02  7.87189978e-05 -2.41915420e-11  7.87189978e-05  0.00000000e+00 
 7.87486392e-05  2.96886367e-02  7.87486392e-05 -2.41977512e-11  7.87486392e-05  0.00000000e+00 
 7.87782805e-05  2.88218552e-02  7.87782805e-05 -2.42041780e-11  7.87782805e-05  0.00000000e+00 
 7.88079218e-05  2.79803690e-02  7.88079218e-05 -2.42104517e-11  7.88079218e-05  0.00000000e+00 
 7.88375632e-05  2.71634619e-02  7.88375632e-05 -2.42169384e-11  7.88375632e-05  0.00000000e+00 
 7.88672045e-05  2.63703941e-02  7.88672045e-05 -2.42232518e-11  7.88672045e-05  0.00000000e+00 
 7.88968459e-05  2.56004915e-02  7.88968459e-05 -2.42297734e-11  7.88968459e-05  0.00000000e+00 
 7.89264872e-05  2.48530562e-02  7.89264872e-05 -2.42361026e-11  7.89264872e-05  0.00000000e+00 
 7.89561285e-05  2.41274536e-02  7.89561285e-05 -2.42426351e-11  7.89561285e-05  0.00000000e+00 
 7.89857699e-05  2.34230252e-02  7.89857699e-05 -2.42489576e-11  7.89857699e-05  0.00000000e+00 
 7.90154112e-05  2.27391735e-02  7.90154112e-05 -2.42554783e-11  7.90154112e-05  0.00000000e+00 
 7.90450525e-05  2.20752773e-02  7.90450525e-05 -2.42617727e-11  7.90450525e-05  0.00000000e+00 
 7.90746939e-05  2.14307743e-02  7.90746939e-05 -2.42682604e-11  7.90746939e-05  0.00000000e+00 
 7.91043352e-05  2.08050781e-02  7.91043352e-05 -2.42745070e-11  7.91043352e-05  0.00000000e+00 
 7.91339766e-05  2.01976596e-02  7.91339766e-05 -2.42809419e-11  7.91339766e-05  0.00000000e+00 
 7.91636179e-05  1.96079655e-02  7.91636179e-05 -2.42871225e-11  7.91636179e-05  0.00000000e+00 
 7.91932592e-05  1.90354977e-02  7.91932592e-05 -2.42934863e-11  7.91932592e-05  0.00000000e+00 
 7.92229006e-05  1.84797341e-02  7.92229006e-05 -2.42995846e-11  7.92229006e-05  0.00000000e+00 
 7.92525419e-05  1.79402059e-02  7.92525419e-05 -2.43058608e-11  7.92525419e-05  0.00000000e+00 
 7.92821832e-05  1.74164206e-02  7.92821832e-05 -2.43118618e-11  7.92821832e-05  0.00000000e+00 
 7.93118246e-05  1.69079367e-02  7.93118246e-05 -2.43180356e-11  7.93118246e-05  0.00000000e+00 
 7.93414659e-05  1.64142895e-02  7.93414659e-05 -2.43239262e-11  7.93414659e-05  0.00000000e+00 
 7.93711073e-05  1.59350636e-02  7.93711073e-05 -2.43299843e-11  7.93711073e-05  0.00000000e+00 
 7.94007486e-05  1.54698205e-02  7.94007486e-05 -2.43357531e-11  7.94007486e-05  0.00000000e+00 
 7.94303899e-05  1.50181691e-02  7.94303899e-05 -2.43416839e-11  7.94303899e-05  0.00000000e+00 
 7.94600313e-05  1.45796957e-02  7.94600313e-05 -2.43473208e-11  7.94600313e-05  0.00000000e+00 
 7.94896726e-05  1.41540322e-02  7.94896726e-05 -2.43531142e-11  7.94896726e-05  0.00000000e+00 
 7.95193139e-05  1.37407882e-02  7.95193139e-05 -2.43586110e-11  7.95193139e-05  0.00000000e+00 
 7.95489553e-05  1.33396172e-02  7.95489553e-05 -2.43642585e-11  7.95489553e-05  0.00000000e+00 
 7.95785966e-05  1.29501510e-02  7.95785966e-05 -2.43696082e-11  7.95785966e-05  0.00000000e+00 
 7.96082380e-05  1.25720633e-02  7.96082380e-05 -2.43751027e-11  7.96082380e-05  0.00000000e+00 
 7.96378793e-05  1.22050067e-02  7.96378793e-05 -2.43802997e-11  7.96378793e-05  0.00000000e+00 
 7.96675206e-05  1.18486740e-02  7.96675206e-05 -2.43856355e-11  7.96675206e-05  0.00000000e+00 
 7.96971620e-05  1.15027375e-02  7.96971620e-05 -2.43906755e-11  7.96971620e-05  0.00000000e+00 
 7.97268033e-05  1.11669081e-02  7.97268033e-05 -2.43958480e-11  7.97268033e-05  0.00000000e+00 
 7.97564446e-05  1.08408765e-02  7.97564446e-05 -2.44007281e-11  7.97564446e-05  0.00000000e+00 
 7.97860860e-05  1.05243706e-02  7.97860860e-05 -2.44057339e-11  7.97860860e-05  0.00000000e+00 
 7.98157273e-05  1.02170987e-02  7.98157273e-05 -2.44104519e-11  7.98157273e-05  0.00000000e+00 
 7.98453687e-05  9.91880440e-03  7.98453687e-05 -2.44152888e-11  7.98453687e-05  0.00000000e+00 
 7.98750100e-05  9.62921271e-03  7.98750100e-05 -2.44198438e-11  7.98750100e-05  0.00000000e+00 
 7.99046513e-05  9.34808213e-03  7.99046513e-05 -2.44245105e-11  7.99046513e-05  0.00000000e+00 
 7.99342927e-05  9.07515335e-03  7.99342927e-05 -2.44289023e-11  7.99342927e-05  0.00000000e+00 
 7.99639340e-05  8.81019891e-03  7.99639340e-05 -2.44333983e-11  7.99639340e-05  0.00000000e+00 
 7.99935753e-05  8.55297428e-03  7.99935753e-05 -2.44376277e-11  7.99935753e-05  0.00000000e+00 
 8.00232167e-05  8.30326519e-03  8.00232167e-05 -2.44419533e-11  8.00232167e-05  0.00000000e+00 
 8.00528580e-05  8.06084111e-03  8.00528580e-05 -2.44460216e-11  8.00528580e-05  0.00000000e+00 
 8.00824994e-05  7.82550015e-03  8.00824994e-05 -2.44501779e-11  8.00824994e-05  0.00000000e+00 
 8.01121407e-05  7.59702502e-03  8.01121407e-05 -2.44540873e-11  8.01121407e-05  0.00000000e+00 
 8.01417820e-05  7.37522545e-03  8.01417820e-05 -2.44580759e-11  8.01417820e-05  0.00000000e+00 
 8.01714234e-05  7.15989666e-03  8.01714234e-05 -2.44618288e-11  8.01714234e-05  0.00000000e+00 
 8.02010647e-05  6.95085931e-03  8.02010647e-05 -2.44656520e-11  8.02010647e-05  0.00000000e+00 
 8.02307060e-05  6.74792043e-03  8.02307060e-05 -2.44692515e-11  8.02307060e-05  0.00000000e+00 
 8.02603474e-05  6.55091096e-03  8.02603474e-05 -2.44729120e-11  8.02603474e-05  0.00000000e+00 
 8.02899887e-05  6.35964909e-03  8.02899887e-05 -2.44763615e-11  8.02899887e-05  0.00000000e+00 
 8.03196301e-05  6.17397541e-03  8.03196301e-05 -2.44798623e-11  8.03196301e-05  0.00000000e+00 
 8.03492714e-05  5.99371869e-03  8.03492714e-05 -2.44831656e-11  8.03492714e-05  0.00000000e+00 
 8.03789127e-05  5.81872853e-03  8.03789127e-05 -2.44865102e-11  8.03789127e-05  0.00000000e+00 
 8.04085541e-05  5.64884372e-03  8.04085541e-05 -2.44896713e-11  8.04085541e-05  0.00000000e+00 
 8.04381954e-05  5.48392235e-03  8.04381954e-05 -2.44928633e-11  8.04381954e-05  0.00000000e+00 
 8.04678368e-05  5.32381268e-03  8.04678368e-05 -2.44958866e-11  8.04678368e-05  0.00000000e+00 
 8.04974781e-05  5.16838074e-03  8.04974781e-05 -2.44989299e-11  8.04974781e-05  0.00000000e+00 
 8.05271194e-05  5.01748375e-03  8.05271194e-05 -2.45018197e-11  8.05271194e-05  0.00000000e+00 
 8.05567608e-05  4.87099521e-03  8.05567608e-05 -2.45047185e-11  8.05567608e-05  0.00000000e+00 
 8.05864021e-05  4.72878083e-03  8.05864021e-05 -2.45074794e-11  8.05864021e-05  0.00000000e+00 
 8.06160434e-05  4.59072108e-03  8.06160434e-05 -2.45102378e-11  8.06160434e-05  0.00000000e+00 
 8.06456848e-05  4.45668972e-03  8.06456848e-05 -2.45128745e-11  8.06456848e-05  0.00000000e+00 
 8.06753261e-05  4.32657377e-03  8.06753261e-05 -2.45154970e-11  8.06753261e-05  0.00000000e+00 
 8.07049675e-05  4.20025459e-03  8.07049675e-05 -2.45180140e-11  8.07049675e-05  0.00000000e+00 
 8.07346088e-05  4.07762535e-03  8.07346088e-05 -2.45205049e-11  8.07346088e-05  0.00000000e+00 
 8.07642501e-05  3.95857460e-03  8.07642501e-05 -2.45229071e-11  8.07642501e-05  0.00000000e+00 
 8.07938915e-05  3.84300128e-03  8.07938915e-05 -2.45252709e-11  8.07938915e-05  0.00000000e+00 
 8.08235328e-05  3.73080076e-03  8.08235328e-05 -2.45275629e-11  8.08235328e-05  0.00000000e+00 
 8.08531741e-05  3.62187734e-03  8.08531741e-05 -2.45298040e-11  8.08531741e-05  0.00000000e+00 
 8.08828155e-05  3.51613290e-03  8.08828155e-05 -2.45319905e-11  8.08828155e-05  0.00000000e+00 
 8.09124568e-05  3.41347676e-03  8.09124568e-05 -2.45341133e-11  8.09124568e-05  0.00000000e+00 
 8.09420982e-05  3.31381692e-03  8.09420982e-05 -2.45361989e-11  8.09420982e-05  0.00000000e+00 
 8.09717395e-05  3.21706742e-03  8.09717395e-05 -2.45382077e-11  8.09717395e-05  0.00000000e+00 
 8.10013808e-05  3.12314210e-03  8.10013808e-05 -2.45401970e-11  8.10013808e-05  0.00000000e+00 
 8.10298703e-05  3.03545297e-03  8.10298703e-05 -2.45420225e-11  8.10298703e-05  0.00000000e+00 
 8.10584500e-05  2.94995974e-03  8.10584500e-05 -2.45438557e-11  8.10584500e-05  0.00000000e+00 
 8.10862748e-05  2.86903883e-03  8.10862748e-05 -2.45455422e-11  8.10862748e-05  0.00000000e+00 
 8.11137616e-05  2.79128099e-03  8.11137616e-05 -2.45472310e-11  8.11137616e-05  0.00000000e+00 
 8.11408243e-05  2.71678163e-03  8.11408243e-05 -2.45487828e-11  8.11408243e-05  0.00000000e+00 
 8.11674055e-05  2.64554456e-03  8.11674055e-05 -2.45503506e-11  8.11674055e-05  0.00000000e+00 
 8.11939013e-05  2.57639477e-03  8.11939013e-05 -2.45517880e-11  8.11939013e-05  0.00000000e+00 
 8.12231540e-05  2.50214725e-03  8.12231540e-05 -2.45534380e-11  8.12231540e-05  0.00000000e+00 
 8.12527953e-05  2.42909437e-03  8.12527953e-05 -2.45549603e-11  8.12527953e-05  0.00000000e+00 
 8.12824366e-05  2.35817548e-03  8.12824366e-05 -2.45565556e-11  8.12824366e-05  0.00000000e+00 
 8.13120780e-05  2.28932583e-03  8.13120780e-05 -2.45579878e-11  8.13120780e-05  0.00000000e+00 
 8.13417193e-05  2.22248778e-03  8.13417193e-05 -2.45595107e-11  8.13417193e-05  0.00000000e+00 
 8.13713607e-05  2.15759950e-03  8.13713607e-05 -2.45608565e-11  8.13713607e-05  0.00000000e+00 
 8.14010020e-05  2.09460748e-03  8.14010020e-05 -2.45623109e-11  8.14010020e-05  0.00000000e+00 
 8.14306433e-05  2.03345262e-03  8.14306433e-05 -2.45635740e-11  8.14306433e-05  0.00000000e+00 
 8.14602847e-05  1.97408534e-03  8.14602847e-05 -2.45649634e-11  8.14602847e-05  0.00000000e+00 
 8.14899260e-05  1.91644909e-03  8.14899260e-05 -2.45661474e-11  8.14899260e-05  0.00000000e+00 
 8.15195673e-05  1.86049799e-03  8.15195673e-05 -2.45674754e-11  8.15195673e-05  0.00000000e+00 
 8.15492087e-05  1.80617787e-03  8.15492087e-05 -2.45685838e-11  8.15492087e-05  0.00000000e+00 
 8.15788500e-05  1.75344640e-03  8.15788500e-05 -2.45698536e-11  8.15788500e-05  0.00000000e+00 
 8.16084914e-05  1.70225159e-03  8.16084914e-05 -2.45708897e-11  8.16084914e-05  0.00000000e+00 
 8.16381327e-05  1.65255450e-03  8.16381327e-05 -2.45721046e-11  8.16381327e-05  0.00000000e+00 
 8.16677740e-05  1.60430517e-03  8.16677740e-05 -2.45730717e-11  8.16677740e-05  0.00000000e+00 
 8.16974154e-05  1.55746787e-03  8.16974154e-05 -2.45742348e-11  8.16974154e-05  0.00000000e+00 
 8.17270567e-05  1.51199453e-03  8.17270567e-05 -2.45751358e-11  8.17270567e-05  0.00000000e+00 
 8.17566980e-05  1.46785248e-03  8.17566980e-05 -2.45762500e-11  8.17566980e-05  0.00000000e+00 
 8.17863394e-05  1.42499539e-03  8.17863394e-05 -2.45770880e-11  8.17863394e-05  0.00000000e+00 
 8.18159807e-05  1.38339351e-03  8.18159807e-05 -2.45781562e-11  8.18159807e-05  0.00000000e+00 
 8.18456221e-05  1.34300213e-03  8.18456221e-05 -2.45789340e-11  8.18456221e-05  0.00000000e+00 
 8.18752634e-05  1.30379428e-03  8.18752634e-05 -2.45799589e-11  8.18752634e-05  0.00000000e+00 
 8.19049047e-05  1.26572671e-03  8.19049047e-05 -2.45806793e-11  8.19049047e-05  0.00000000e+00 
 8.19345461e-05  1.22877514e-03  8.19345461e-05 -2.45816633e-11  8.19345461e-05  0.00000000e+00 
 8.19641874e-05  1.19289768e-03  8.19641874e-05 -2.45823289e-11  8.19641874e-05  0.00000000e+00 
 8.19938287e-05  1.15807257e-03  8.19938287e-05 -2.45832746e-11  8.19938287e-05  0.00000000e+00 
 8.20234701e-05  1.12425918e-03  8.20234701e-05 -2.45838879e-11  8.20234701e-05  0.00000000e+00 
 8.20531114e-05  1.09143819e-03  8.20531114e-05 -2.45847975e-11  8.20531114e-05  0.00000000e+00 
 8.20827528e-05  1.05957010e-03  8.20827528e-05 -2.45853610e-11  8.20827528e-05  0.00000000e+00 
 8.21123941e-05  1.02863792e-03  8.21123941e-05 -2.45862368e-11  8.21123941e-05  0.00000000e+00 
 8.21420354e-05  9.98603193e-04  8.21420354e-05 -2.45867527e-11  8.21420354e-05  0.00000000e+00 
 8.21716768e-05  9.69451144e-04  8.21716768e-05 -2.45875968e-11  8.21716768e-05  0.00000000e+00 
 8.22013181e-05  9.41144284e-04  8.22013181e-05 -2.45880673e-11  8.22013181e-05  0.00000000e+00 
 8.22309594e-05  9.13669950e-04  8.22309594e-05 -2.45888816e-11  8.22309594e-05  0.00000000e+00 
 8.22606008e-05  8.86991526e-04  8.22606008e-05 -2.45893089e-11  8.22606008e-05  0.00000000e+00 
 8.22902421e-05  8.61098380e-04  8.22902421e-05 -2.45900953e-11  8.22902421e-05  0.00000000e+00 
 8.23198835e-05  8.35954685e-04  8.23198835e-05 -2.45904814e-11  8.23198835e-05  0.00000000e+00 
 8.23495248e-05  8.11551754e-04  8.23495248e-05 -2.45912417e-11  8.23495248e-05  0.00000000e+00 
 8.23791661e-05  7.87854472e-04  8.23791661e-05 -2.45915885e-11  8.23791661e-05  0.00000000e+00 
 8.24088075e-05  7.64856017e-04  8.24088075e-05 -2.45923244e-11  8.24088075e-05  0.00000000e+00 
 8.24384488e-05  7.42521915e-04  8.24384488e-05 -2.45926337e-11  8.24384488e-05  0.00000000e+00 
 8.24680902e-05  7.20847131e-04  8.24680902e-05 -2.45933468e-11  8.24680902e-05  0.00000000e+00 
 8.24977315e-05  6.99797766e-04  8.24977315e-05 -2.45936204e-11  8.24977315e-05  0.00000000e+00 
 8.25273728e-05  6.79370496e-04  8.25273728e-05 -2.45943122e-11  8.25273728e-05  0.00000000e+00 
 8.25570142e-05  6.59531938e-04  8.25570142e-05 -2.45945518e-11  8.25570142e-05  0.00000000e+00 
 8.25866555e-05  6.40280409e-04  8.25866555e-05 -2.45952237e-11  8.25866555e-05  0.00000000e+00 
 8.26162968e-05  6.21582980e-04  8.26162968e-05 -2.45954308e-11  8.26162968e-05  0.00000000e+00 
 8.26459382e-05  6.03439547e-04  8.26459382e-05 -2.45960841e-11  8.26459382e-05  0.00000000e+00 
 8.26755795e-05  5.85817581e-04  8.26755795e-05 -2.45962603e-11  8.26755795e-05  0.00000000e+00 
 8.27052209e-05  5.68718492e-04  8.27052209e-05 -2.45968963e-11  8.27052209e-05  0.00000000e+00 
 8.27348622e-05  5.52110101e-04  8.27348622e-05 -2.45970432e-11  8.27348622e-05  0.00000000e+00 
 8.27645035e-05  5.35995271e-04  8.27645035e-05 -2.45976630e-11  8.27645035e-05  0.00000000e+00 
 8.27941449e-05  5.20342127e-04  8.27941449e-05 -2.45977818e-11  8.27941449e-05  0.00000000e+00 
 8.28237862e-05  5.05154930e-04  8.28237862e-05 -2.45983866e-11  8.28237862e-05  0.00000000e+00 
 8.28534275e-05  4.90402063e-04  8.28534275e-05 -2.45984787e-11  8.28534275e-05  0.00000000e+00 
 8.28830689e-05  4.76089128e-04  8.28830689e-05 -2.45990695e-11  8.28830689e-05  0.00000000e+00 
 8.29127102e-05  4.62184730e-04  8.29127102e-05 -2.45991361e-11  8.29127102e-05  0.00000000e+00 
 8.29423516e-05  4.48695761e-04  8.29423516e-05 -2.45997139e-11  8.29423516e-05  0.00000000e+00 
 8.29719929e-05  4.35591004e-04  8.29719929e-05 -2.45997563e-11  8.29719929e-05  0.00000000e+00 
 8.30016342e-05  4.22878596e-04  8.30016342e-05 -2.46003220e-11  8.30016342e-05  0.00000000e+00 
 8.30312756e-05  4.10527463e-04  8.30312756e-05 -2.46003413e-11  8.30312756e-05  0.00000000e+00 
 8.30609169e-05  3.98546939e-04  8.30609169e-05 -2.46008958e-11  8.30609169e-05  0.00000000e+00 
 8.30905582e-05  3.86906063e-04  8.30905582e-05 -2.46008932e-11  8.30905582e-05  0.00000000e+00 
 8.31201996e-05  3.75615317e-04  8.31201996e-05 -2.46014372e-11  8.31201996e-05  0.00000000e+00 
 8.31498409e-05  3.64643821e-04  8.31498409e-05 -2.46014136e-11  8.31498409e-05  0.00000000e+00 
 8.31794823e-05  3.54003170e-04  8.31794823e-05 -2.46019480e-11  8.31794823e-05  0.00000000e+00 
 8.32091236e-05  3.43662535e-04  8.32091236e-05 -2.46019045e-11  8.32091236e-05  0.00000000e+00 
 8.32387649e-05  3.33634577e-04  8.32387649e-05 -2.46024298e-11  8.32387649e-05  0.00000000e+00 
 8.32684063e-05  3.23888497e-04  8.32684063e-05 -2.46023674e-11  8.32684063e-05  0.00000000e+00 
 8.32980476e-05  3.14437985e-04  8.32980476e-05 -2.46028844e-11  8.32980476e-05  0.00000000e+00 
 8.33276889e-05  3.05252244e-04  8.33276889e-05 -2.46028040e-11  8.33276889e-05  0.00000000e+00 
 8.33573303e-05  2.96345958e-04  8.33573303e-05 -2.46033133e-11  8.33573303e-05  0.00000000e+00 
 8.33869716e-05  2.87688308e-04  8.33869716e-05 -2.46032156e-11  8.33869716e-05  0.00000000e+00 
 8.34166130e-05  2.79294938e-04  8.34166130e-05 -2.46037178e-11  8.34166130e-05  0.00000000e+00 
 8.34462543e-05  2.71134989e-04  8.34462543e-05 -2.46036038e-11  8.34462543e-05  0.00000000e+00 
 8.34758956e-05  2.63225028e-04  8.34758956e-05 -2.46040993e-11  8.34758956e-05  0.00000000e+00 
 8.35055370e-05  2.55534137e-04  8.35055370e-05 -2.46039698e-11  8.35055370e-05  0.00000000e+00 
 8.35351783e-05  2.48079774e-04  8.35351783e-05 -2.46044592e-11  8.35351783e-05  0.00000000e+00 
 8.35648196e-05  2.40830947e-04  8.35648196e-05 -2.46043149e-11  8.35648196e-05  0.00000000e+00 
 8.35944610e-05  2.33805972e-04  8.35944610e-05 -2.46047986e-11  8.35944610e-05  0.00000000e+00 
 8.36241023e-05  2.26973768e-04  8.36241023e-05 -2.46046403e-11  8.36241023e-05  0.00000000e+00 
 8.36537437e-05  2.20353479e-04  8.36537437e-05 -2.46051187e-11  8.36537437e-05  0.00000000e+00 
 8.36833850e-05  2.13913921e-04  8.36833850e-05 -2.46049471e-11  8.36833850e-05  0.00000000e+00 
 8.37130263e-05  2.07675038e-04  8.37130263e-05 -2.46054206e-11  8.37130263e-05  0.00000000e+00 
 8.37426677e-05  2.01605529e-04  8.37426677e-05 -2.46052364e-11  8.37426677e-05  0.00000000e+00 
 8.37723090e-05  1.95726109e-04  8.37723090e-05 -2.46057053e-11  8.37723090e-05  0.00000000e+00 
 8.38019503e-05  1.90005352e-04  8.38019503e-05 -2.46055091e-11  8.38019503e-05  0.00000000e+00 
 8.38315917e-05  1.84464718e-04  8.38315917e-05 -2.46059737e-11  8.38315917e-05  0.00000000e+00 
 8.38612330e-05  1.79072642e-04  8.38612330e-05 -2.46057662e-11  8.38612330e-05  0.00000000e+00 
 8.38908744e-05  1.73851303e-04  8.38908744e-05 -2.46062269e-11  8.38908744e-05  0.00000000e+00 
 8.39205157e-05  1.68768991e-04  8.39205157e-05 -2.46060086e-11  8.39205157e-05  0.00000000e+00 
 8.39501570e-05  1.63848580e-04  8.39501570e-05 -2.46064656e-11  8.39501570e-05  0.00000000e+00 
 8.39797984e-05  1.59058206e-04  8.39797984e-05 -2.46062371e-11  8.39797984e-05  0.00000000e+00 
 8.40094397e-05  1.54421411e-04  8.40094397e-05 -2.46066907e-11  8.40094397e-05  0.00000000e+00 
 8.40390811e-05  1.49906171e-04  8.40390811e-05 -2.46064526e-11  8.40390811e-05  0.00000000e+00 
 8.40687224e-05  1.45536677e-04  8.40687224e-05 -2.46069029e-11  8.40687224e-05  0.00000000e+00 
 8.40983637e-05  1.41280738e-04  8.40983637e-05 -2.46066557e-11  8.40983637e-05  0.00000000e+00 
 8.41280051e-05  1.37163168e-04  8.41280051e-05 -2.46071030e-11  8.41280051e-05  0.00000000e+00 
 8.41576464e-05  1.33151607e-04  8.41576464e-05 -2.46068472e-11  8.41576464e-05  0.00000000e+00 
 8.41872877e-05  1.29271468e-04  8.41872877e-05 -2.46072916e-11  8.41872877e-05  0.00000000e+00 
 8.42169291e-05  1.25490219e-04  8.42169291e-05 -2.46070277e-11  8.42169291e-05  0.00000000e+00 
 8.42465704e-05  1.21833853e-04  8.42465704e-05 -2.46074694e-11  8.42465704e-05  0.00000000e+00 
 8.42762118e-05  1.18269662e-04  8.42762118e-05 -2.46071979e-11  8.42762118e-05  0.00000000e+00 
 8.43058531e-05  1.14824197e-04  8.43058531e-05 -2.46076370e-11  8.43058531e-05  0.00000000e+00 
 8.43354944e-05  1.11464570e-04  8.43354944e-05 -2.46073584e-11  8.43354944e-05  0.00000000e+00 
 8.43651358e-05  1.08217873e-04  8.43651358e-05 -2.46077951e-11  8.43651358e-05  0.00000000e+00 
 8.43947771e-05  1.05051039e-04  8.43947771e-05 -2.46075096e-11  8.43947771e-05  0.00000000e+00 
 8.44244184e-05  1.01991676e-04  8.44244184e-05 -2.46079440e-11  8.44244184e-05  0.00000000e+00 
 8.44540598e-05  9.90065370e-05  8.44540598e-05 -2.46076523e-11  8.44540598e-05  0.00000000e+00 
 8.44837011e-05  9.61237311e-05  8.44837011e-05 -2.46080844e-11  8.44837011e-05  0.00000000e+00 
 8.45133425e-05  9.33098315e-05  8.45133425e-05 -2.46077868e-11  8.45133425e-05  0.00000000e+00 
 8.45429838e-05  9.05934261e-05  8.45429838e-05 -2.46082167e-11  8.45429838e-05  0.00000000e+00 
 8.45726251e-05  8.79409101e-05  8.45726251e-05 -2.46079136e-11  8.45726251e-05  0.00000000e+00 
 8.46022665e-05  8.53813330e-05  8.46022665e-05 -2.46083413e-11  8.46022665e-05  0.00000000e+00 
 8.46319078e-05  8.28809126e-05  8.46319078e-05 -2.46080332e-11  8.46319078e-05  0.00000000e+00 
 8.46615491e-05  8.04691419e-05  8.46615491e-05 -2.46084588e-11  8.46615491e-05  0.00000000e+00 
 8.46911905e-05  7.81120636e-05  8.46911905e-05 -2.46081459e-11  8.46911905e-05  0.00000000e+00 
 8.47208318e-05  7.58395965e-05  8.47208318e-05 -2.46085695e-11  8.47208318e-05  0.00000000e+00 
 8.47504732e-05  7.36176108e-05  8.47504732e-05 -2.46082523e-11  8.47504732e-05  0.00000000e+00 
 8.47801145e-05  7.14764335e-05  8.47801145e-05 -2.46086738e-11  8.47801145e-05  0.00000000e+00 
 8.48097558e-05  6.93817656e-05  8.48097558e-05 -2.46083526e-11  8.48097558e-05  0.00000000e+00 
 8.48393972e-05  6.73643253e-05  8.48393972e-05 -2.46087721e-11  8.48393972e-05  0.00000000e+00 
 8.48690385e-05  6.53896479e-05  8.48690385e-05 -2.46084472e-11  8.48690385e-05  0.00000000e+00 
 8.48986798e-05  6.34888263e-05  8.48986798e-05 -2.46088647e-11  8.48986798e-05  0.00000000e+00 
 8.49283212e-05  6.16272339e-05  8.49283212e-05 -2.46085364e-11  8.49283212e-05  0.00000000e+00 
 8.49579625e-05  5.98363219e-05  8.49579625e-05 -2.46089518e-11  8.49579625e-05  0.00000000e+00 
 8.49876039e-05  5.80813066e-05  8.49876039e-05 -2.46086206e-11  8.49876039e-05  0.00000000e+00 
 8.50172452e-05  5.63939811e-05  8.50172452e-05 -2.46090340e-11  8.50172452e-05  0.00000000e+00 
 8.50468865e-05  5.47394097e-05  8.50468865e-05 -2.46087000e-11  8.50468865e-05  0.00000000e+00 
 8.50765279e-05  5.31497112e-05  8.50765279e-05 -2.46091113e-11  8.50765279e-05  0.00000000e+00 
 8.51061692e-05  5.15898033e-05  8.51061692e-05 -2.46087749e-11  8.51061692e-05  0.00000000e+00 
 8.51358105e-05  5.00921151e-05  8.51358105e-05 -2.46091841e-11  8.51358105e-05  0.00000000e+00 
 8.51654519e-05  4.86214233e-05  8.51654519e-05 -2.46088456e-11  8.51654519e-05  0.00000000e+00 
 8.51950932e-05  4.72104517e-05  8.51950932e-05 -2.46092526e-11  8.51950932e-05  0.00000000e+00 
 8.52247346e-05  4.58238421e-05  8.52247346e-05 -2.46089124e-11  8.52247346e-05  0.00000000e+00 
 8.52543759e-05  4.44945978e-05  8.52543759e-05 -2.46093171e-11  8.52543759e-05  0.00000000e+00 
 8.52840172e-05  4.31872321e-05  8.52840172e-05 -2.46089754e-11  8.52840172e-05  0.00000000e+00 
 8.53136586e-05  4.19350127e-05  8.53136586e-05 -2.46093778e-11  8.53136586e-05  0.00000000e+00 
 8.53432999e-05  4.07023312e-05  8.53432999e-05 -2.46090348e-11  8.53432999e-05  0.00000000e+00 
 8.53729412e-05  3.95227047e-05  8.53729412e-05 -2.46094349e-11  8.53729412e-05  0.00000000e+00 
 8.54025826e-05  3.83604103e-05  8.54025826e-05 -2.46090910e-11  8.54025826e-05  0.00000000e+00 
 8.54322239e-05  3.72491995e-05  8.54322239e-05 -2.46094887e-11  8.54322239e-05  0.00000000e+00 
 8.54618653e-05  3.61532423e-05  8.54618653e-05 -2.46091440e-11  8.54618653e-05  0.00000000e+00 
 8.54915066e-05  3.51065104e-05  8.54915066e-05 -2.46095392e-11  8.54915066e-05  0.00000000e+00 
 8.55211479e-05  3.40730739e-05  8.55211479e-05 -2.46091941e-11  8.55211479e-05  0.00000000e+00 
 8.55507893e-05  3.30871102e-05  8.55507893e-05 -2.46095868e-11  8.55507893e-05  0.00000000e+00 
 8.55804306e-05  3.21125975e-05  8.55804306e-05 -2.46092415e-11  8.55804306e-05  0.00000000e+00 
 8.56100720e-05  3.11839048e-05  8.56100720e-05 -2.46096315e-11  8.56100720e-05  0.00000000e+00 
 8.56397133e-05  3.02649264e-05  8.56397133e-05 -2.46092862e-11  8.56397133e-05  0.00000000e+00 
 8.56693546e-05  2.93902083e-05  8.56693546e-05 -2.46096734e-11  8.56693546e-05  0.00000000e+00 
 8.56989960e-05  2.85235697e-05  8.56989960e-05 -2.46093285e-11  8.56989960e-05  0.00000000e+00 
 8.57286373e-05  2.76997197e-05  8.57286373e-05 -2.46097129e-11  8.57286373e-05  0.00000000e+00 
 8.57582786e-05  2.68824103e-05  8.57582786e-05 -2.46093685e-11  8.57582786e-05  0.00000000e+00 
 8.57879200e-05  2.61065002e-05  8.57879200e-05 -2.46097499e-11  8.57879200e-05  0.00000000e+00 
 8.58175613e-05  2.53356830e-05  8.58175613e-05 -2.46094063e-11  8.58175613e-05  0.00000000e+00 
 8.58472027e-05  2.46049530e-05  8.58472027e-05 -2.46097847e-11  8.58472027e-05  0.00000000e+00 
 8.58768440e-05  2.38779543e-05  8.58768440e-05 -2.46094421e-11  8.58768440e-05  0.00000000e+00 
 8.59064853e-05  2.31898032e-05  8.59064853e-05 -2.46098174e-11  8.59064853e-05  0.00000000e+00 
 8.59361267e-05  2.25041034e-05  8.59361267e-05 -2.46094759e-11  8.59361267e-05  0.00000000e+00 
 8.59657680e-05  2.18560795e-05  8.59657680e-05 -2.46098480e-11  8.59657680e-05  0.00000000e+00 
 8.59954093e-05  2.12093041e-05  8.59954093e-05 -2.46095080e-11  8.59954093e-05  0.00000000e+00 
 8.60250507e-05  2.05990966e-05  8.60250507e-05 -2.46098767e-11  8.60250507e-05  0.00000000e+00 
 8.60546920e-05  1.99890078e-05  8.60546920e-05 -2.46095384e-11  8.60546920e-05  0.00000000e+00 
 8.60843334e-05  1.94144387e-05  8.60843334e-05 -2.46099036e-11  8.60843334e-05  0.00000000e+00 
 8.61139747e-05  1.88389278e-05  8.61139747e-05 -2.46095672e-11  8.61139747e-05  0.00000000e+00 
 8.61436160e-05  1.82979443e-05  8.61436160e-05 -2.46099289e-11  8.61436160e-05  0.00000000e+00 
 8.61732574e-05  1.77550239e-05  8.61732574e-05 -2.46095945e-11  8.61732574e-05  0.00000000e+00 
 8.62028987e-05  1.72456911e-05  8.62028987e-05 -2.46099525e-11  8.62028987e-05  0.00000000e+00 
 8.62325400e-05  1.67334885e-05  8.62325400e-05 -2.46096203e-11  8.62325400e-05  0.00000000e+00 
 8.62621814e-05  1.62539828e-05  8.62621814e-05 -2.46099745e-11  8.62621814e-05  0.00000000e+00 
 8.62918227e-05  1.57707331e-05  8.62918227e-05 -2.46096449e-11  8.62918227e-05  0.00000000e+00 
 8.63214641e-05  1.53193354e-05  8.63214641e-05 -2.46099952e-11  8.63214641e-05  0.00000000e+00 
 8.63511054e-05  1.48633755e-05  8.63511054e-05 -2.46096682e-11  8.63511054e-05  0.00000000e+00 
 8.63807467e-05  1.44384657e-05  8.63807467e-05 -2.46100145e-11  8.63807467e-05  0.00000000e+00 
 8.64103881e-05  1.40082283e-05  8.64103881e-05 -2.46096904e-11  8.64103881e-05  0.00000000e+00 
 8.64400294e-05  1.36082792e-05  8.64400294e-05 -2.46100325e-11  8.64400294e-05  0.00000000e+00 
 8.64696707e-05  1.32022874e-05  8.64696707e-05 -2.46097114e-11  8.64696707e-05  0.00000000e+00 
 8.64993121e-05  1.28258595e-05  8.64993121e-05 -2.46100492e-11  8.64993121e-05  0.00000000e+00 
 8.65289534e-05  1.24427216e-05  8.65289534e-05 -2.46097315e-11  8.65289534e-05  0.00000000e+00 
 8.65585948e-05  1.20884582e-05  8.65585948e-05 -2.46100649e-11  8.65585948e-05  0.00000000e+00 
 8.65882361e-05  1.17268625e-05  8.65882361e-05 -2.46097505e-11  8.65882361e-05  0.00000000e+00 
 8.66178774e-05  1.13934847e-05  8.66178774e-05 -2.46100794e-11  8.66178774e-05  0.00000000e+00 
 8.66475188e-05  1.10521953e-05  8.66475188e-05 -2.46097687e-11  8.66475188e-05  0.00000000e+00 
 8.66771601e-05  1.07384978e-05  8.66771601e-05 -2.46100930e-11  8.66771601e-05  0.00000000e+00 
 8.67068014e-05  1.04163501e-05  8.67068014e-05 -2.46097860e-11  8.67068014e-05  0.00000000e+00 
 8.67364428e-05  1.01211965e-05  8.67364428e-05 -2.46101055e-11  8.67364428e-05  0.00000000e+00 
 8.67660841e-05  9.81709302e-06  8.67660841e-05 -2.46098025e-11  8.67660841e-05  0.00000000e+00 
 8.67957255e-05  9.53941239e-06  8.67957255e-05 -2.46101171e-11  8.67957255e-05  0.00000000e+00 
 8.68253668e-05  9.25231894e-06  8.68253668e-05 -2.46098183e-11  8.68253668e-05  0.00000000e+00 
 8.68550081e-05  8.99110173e-06  8.68550081e-05 -2.46101279e-11  8.68550081e-05  0.00000000e+00 
 8.68846495e-05  8.72004379e-06  8.68846495e-05 -2.46098333e-11  8.68846495e-05  0.00000000e+00 
 8.69142908e-05  8.47433838e-06  8.69142908e-05 -2.46101378e-11  8.69142908e-05  0.00000000e+00 
 8.69439321e-05  8.21839768e-06  8.69439321e-05 -2.46098478e-11  8.69439321e-05  0.00000000e+00 
 8.69735735e-05  7.98730708e-06  8.69735735e-05 -2.46101470e-11  8.69735735e-05  0.00000000e+00 
 8.70032148e-05  7.74561830e-06  8.70032148e-05 -2.46098615e-11  8.70032148e-05  0.00000000e+00 
 8.70328562e-05  7.52829696e-06  8.70328562e-05 -2.46101554e-11  8.70328562e-05  0.00000000e+00 
 8.70624975e-05  7.30004476e-06  8.70624975e-05 -2.46098747e-11  8.70624975e-05  0.00000000e+00 
 8.70921388e-05  7.09569564e-06  8.70921388e-05 -2.46101631e-11  8.70921388e-05  0.00000000e+00 
 8.71217802e-05  6.88011172e-06  8.71217802e-05 -2.46098874e-11  8.71217802e-05  0.00000000e+00 
 8.71514215e-05  6.68798349e-06  8.71514215e-05 -2.46101702e-11  8.71514215e-05  0.00000000e+00 
 8.71810629e-05  6.48434391e-06  8.71810629e-05 -2.46098996e-11  8.71810629e-05  0.00000000e+00 
 8.72107042e-05  6.30372832e-06  8.72107042e-05 -2.46101766e-11  8.72107042e-05  0.00000000e+00 
 8.72403455e-05  6.11135095e-06  8.72403455e-05 -2.46099112e-11  8.72403455e-05  0.00000000e+00 
 8.72699869e-05  5.94158037e-06  8.72699869e-05 -2.46101824e-11  8.72699869e-05  0.00000000e+00 
 8.72996282e-05  5.75982246e-06  8.72996282e-05 -2.46099225e-11  8.72996282e-05  0.00000000e+00 
 8.73292695e-05  5.60026753e-06  8.73292695e-05 -2.46101877e-11  8.73292695e-05  0.00000000e+00 
 8.73589109e-05  5.42852346e-06  8.73589109e-05 -2.46099333e-11  8.73589109e-05  0.00000000e+00 
 8.73885522e-05  5.27859088e-06  8.73885522e-05 -2.46101924e-11  8.73885522e-05  0.00000000e+00 
 8.74181936e-05  5.11629002e-06  8.74181936e-05 -2.46099438e-11  8.74181936e-05  0.00000000e+00 
 8.74478349e-05  4.97542050e-06  8.74478349e-05 -2.46101967e-11  8.74478349e-05  0.00000000e+00 
 8.74774762e-05  4.82202520e-06  8.74774762e-05 -2.46099538e-11  8.74774762e-05  0.00000000e+00 
 8.75071176e-05  4.68969148e-06  8.75071176e-05 -2.46102004e-11  8.75071176e-05  0.00000000e+00 
 8.75367589e-05  4.54469514e-06  8.75367589e-05 -2.46099635e-11  8.75367589e-05  0.00000000e+00 
 8.75664002e-05  4.42040018e-06  8.75664002e-05 -2.46102037e-11  8.75664002e-05  0.00000000e+00 
 8.75960416e-05  4.28332551e-06  8.75960416e-05 -2.46099730e-11  8.75960416e-05  0.00000000e+00 
 8.76256829e-05  4.16660072e-06  8.76256829e-05 -2.46102066e-11  8.76256829e-05  0.00000000e+00 
 8.76553243e-05  4.03699802e-06  8.76553243e-05 -2.46099821e-11  8.76553243e-05  0.00000000e+00 
 8.76849656e-05  3.92740165e-06  8.76849656e-05 -2.46102090e-11  8.76849656e-05  0.00000000e+00 
 8.77146069e-05  3.80484722e-06  8.77146069e-05 -2.46099909e-11  8.77146069e-05  0.00000000e+00 
 8.77442483e-05  3.70196279e-06  8.77442483e-05 -2.46102111e-11  8.77442483e-05  0.00000000e+00 
 8.77738896e-05  3.58605744e-06  8.77738896e-05 -2.46099995e-11  8.77738896e-05  0.00000000e+00 
 8.78035309e-05  3.48949233e-06  8.78035309e-05 -2.46102128e-11  8.78035309e-05  0.00000000e+00 
 8.78331723e-05  3.37985998e-06  8.78331723e-05 -2.46100078e-11  8.78331723e-05  0.00000000e+00 
 8.78628136e-05  3.28924401e-06  8.78628136e-05 -2.46102141e-11  8.78628136e-05  0.00000000e+00 
 8.78924550e-05  3.18553033e-06  8.78924550e-05 -2.46100159e-11  8.78924550e-05  0.00000000e+00 
 8.79220963e-05  3.10051451e-06  8.79220963e-05 -2.46102152e-11  8.79220963e-05  0.00000000e+00 
 8.79517376e-05  3.00238569e-06  8.79517376e-05 -2.46100238e-11  8.79517376e-05  0.00000000e+00 
 8.79813790e-05  2.92264099e-06  8.79813790e-05 -2.46102159e-11  8.79813790e-05  0.00000000e+00 
 8.80110203e-05  2.82978255e-06  8.80110203e-05 -2.46100315e-11  8.80110203e-05  0.00000000e+00 
 8.80406616e-05  2.75499874e-06  8.80406616e-05 -2.46102163e-11  8.80406616e-05  0.00000000e+00 
 8.80703030e-05  2.66711440e-06  8.80703030e-05 -2.46100391e-11  8.80703030e-05  0.00000000e+00 
 8.80999443e-05  2.59699900e-06  8.80999443e-05 -2.46102164e-11  8.80999443e-05  0.00000000e+00 
 8.81295857e-05  2.51380965e-06  8.81295857e-05 -2.46100464e-11  8.81295857e-05  0.00000000e+00 
 8.81592270e-05  2.44808688e-06  8.81592270e-05 -2.46102163e-11  8.81592270e-05  0.00000000e+00 
 8.81888683e-05  2.36932960e-06  8.81888683e-05 -2.46100536e-11  8.81888683e-05  0.00000000e+00 
 8.82185097e-05  2.30773944e-06  8.82185097e-05 -2.46102159e-11  8.82185097e-05  0.00000000e+00 
 8.82481510e-05  2.23316654e-06  8.82481510e-05 -2.46100606e-11  8.82481510e-05  0.00000000e+00 
 8.82777923e-05  2.17546380e-06  8.82777923e-05 -2.46102153e-11  8.82777923e-05  0.00000000e+00 
 8.83074337e-05  2.10484195e-06  8.83074337e-05 -2.46100675e-11  8.83074337e-05  0.00000000e+00 
 8.83370750e-05  2.05079548e-06  8.83370750e-05 -2.46102144e-11  8.83370750e-05  0.00000000e+00 
 8.83667164e-05  1.98390488e-06  8.83667164e-05 -2.46100743e-11  8.83667164e-05  0.00000000e+00 
 8.83963577e-05  1.93329669e-06  8.83963577e-05 -2.46102133e-11  8.83963577e-05  0.00000000e+00 
 8.84259990e-05  1.86993030e-06  8.84259990e-05 -2.46100810e-11  8.84259990e-05  0.00000000e+00 
 8.84556404e-05  1.82255485e-06  8.84556404e-05 -2.46102120e-11  8.84556404e-05  0.00000000e+00 
 8.84852817e-05  1.76251764e-06  8.84852817e-05 -2.46100875e-11  8.84852817e-05  0.00000000e+00 
 8.85149230e-05  1.71818113e-06  8.85149230e-05 -2.46102105e-11  8.85149230e-05  0.00000000e+00 
 8.85445644e-05  1.66128940e-06  8.85445644e-05 -2.46100939e-11  8.85445644e-05  0.00000000e+00 
 8.85742057e-05  1.61980904e-06  8.85742057e-05 -2.46102089e-11  8.85742057e-05  0.00000000e+00 
 8.86038471e-05  1.56588976e-06  8.86038471e-05 -2.46101003e-11  8.86038471e-05  0.00000000e+00 
 8.86334884e-05  1.52709322e-06  8.86334884e-05 -2.46102070e-11  8.86334884e-05  0.00000000e+00 
 8.86631297e-05  1.47598340e-06  8.86631297e-05 -2.46101065e-11  8.86631297e-05  0.00000000e+00 
 8.86927711e-05  1.43970816e-06  8.86927711e-05 -2.46102050e-11  8.86927711e-05  0.00000000e+00 
 8.87224124e-05  1.39125428e-06  8.87224124e-05 -2.46101127e-11  8.87224124e-05  0.00000000e+00 
 8.87520538e-05  1.35734709e-06  8.87520538e-05 -2.46102028e-11  8.87520538e-05  0.00000000e+00 
 8.87816951e-05  1.31140456e-06  8.87816951e-05 -2.46101188e-11  8.87816951e-05  0.00000000e+00 
 8.88113364e-05  1.27972087e-06  8.88113364e-05 -2.46102005e-11  8.88113364e-05  0.00000000e+00 
 8.88409778e-05  1.23615352e-06  8.88409778e-05 -2.46101248e-11  8.88409778e-05  0.00000000e+00 
 8.88706191e-05  1.20655704e-06  8.88706191e-05 -2.46101980e-11  8.88706191e-05  0.00000000e+00 
 8.88973162e-05  1.16866670e-06  8.88973162e-05 -2.46101310e-11  8.88973162e-05  0.00000000e+00 
 8.89240132e-05  1.14425605e-06  8.89240132e-05 -2.46101948e-11  8.89240132e-05  0.00000000e+00 
 8.89244389e-05  2.15803395e-06  8.89244389e-05  2.44792879e-07  8.89244389e-05  7.18056101e-03 
 8.89252903e-05  4.28403731e-06  8.89252903e-05  2.44792660e-07  8.89252903e-05  2.15416830e-02 
 8.89257711e-05  5.42417088e-06  8.89257711e-05  2.44792506e-07  8.89257711e-05  2.96528503e-02 
 8.89262785e-05  6.67669127e-06  8.89262785e-05  2.44792304e-07  8.89262785e-05  3.82123151e-02 
 8.89266504e-05  7.59728089e-06  8.89266504e-05  2.44792124e-07  8.89266504e-05  4.44846227e-02 
 8.89269618e-05  8.31846681e-06  8.89269618e-05  2.44791959e-07  8.89269618e-05  4.97377910e-02 
 8.89272829e-05  9.14489457e-06  8.89272829e-05  2.44791751e-07  8.89272829e-05  5.51549130e-02 
 8.89276530e-05  1.00218726e-05  8.89276530e-05  2.44791486e-07  8.89276530e-05  6.13972732e-02 
 8.89279472e-05  1.07306033e-05  8.89279472e-05  2.44791244e-07  8.89279472e-05  6.63590539e-02 
 8.89282020e-05  1.13893431e-05  8.89282020e-05  2.44790998e-07  8.89282020e-05  7.06572727e-02 
 8.89284655e-05  1.19920990e-05  8.89284655e-05  2.44790733e-07  8.89284655e-05  7.51018836e-02 
 8.89287779e-05  1.27639816e-05  8.89287779e-05  2.44790366e-07  8.89287779e-05  8.03719853e-02 
 8.89290135e-05  1.33632330e-05  8.89290135e-05  2.44790048e-07  8.89290135e-05  8.43459459e-02 
 8.89292608e-05  1.39224562e-05  8.89292608e-05  2.44789704e-07  8.89292608e-05  8.85176083e-02 
 8.89294908e-05  1.45013587e-05  8.89294908e-05  2.44789330e-07  8.89294908e-05  9.23983725e-02 
 8.89296971e-05  1.50267598e-05  8.89296971e-05  2.44788957e-07  8.89296971e-05  9.58783268e-02 
 8.89298890e-05  1.54544586e-05  8.89298890e-05  2.44788608e-07  8.89298890e-05  9.91154754e-02 
 8.89300901e-05  1.59502524e-05  8.89300901e-05  2.44788191e-07  8.89300901e-05  1.02507184e-01 
 8.89302581e-05  1.63922260e-05  8.89302581e-05  2.44787799e-07  8.89302581e-05  1.05341285e-01 
 8.89304466e-05  1.68222351e-05  8.89304466e-05  2.44787359e-07  8.89304466e-05  1.08521316e-01 
 8.89306555e-05  1.73144392e-05  8.89306555e-05  2.44786825e-07  8.89306555e-05  1.12044482e-01 
 8.89308383e-05  1.77977778e-05  8.89308383e-05  2.44786283e-07  8.89308383e-05  1.15127362e-01 
 8.89310285e-05  1.82467578e-05  8.89310285e-05  2.44785707e-07  8.89310285e-05  1.18336578e-01 
 8.89311954e-05  1.86213079e-05  8.89311954e-05  2.44785181e-07  8.89311954e-05  1.21150879e-01 
 8.89313682e-05  1.90707072e-05  8.89313682e-05  2.44784548e-07  8.89313682e-05  1.24065999e-01 
 8.89315971e-05  1.96385268e-05  8.89315971e-05  2.44783654e-07  8.89315971e-05  1.27926850e-01 
 8.89317668e-05  2.00124067e-05  8.89317668e-05  2.44782981e-07  8.89317668e-05  1.30789721e-01 
 8.89319476e-05  2.04655914e-05  8.89319476e-05  2.44782157e-07  8.89319476e-05  1.33840153e-01 
 8.89321161e-05  2.09049171e-05  8.89321161e-05  2.44781309e-07  8.89321161e-05  1.36682957e-01 
 8.89322957e-05  2.13093986e-05  8.89322957e-05  2.44780409e-07  8.89322957e-05  1.39711712e-01 
 8.89324972e-05  2.17866524e-05  8.89324972e-05  2.44779294e-07  8.89324972e-05  1.43111317e-01 
 8.89326688e-05  2.22410588e-05  8.89326688e-05  2.44778201e-07  8.89326688e-05  1.46004914e-01 
 8.89328542e-05  2.26774038e-05  8.89328542e-05  2.44777001e-07  8.89328542e-05  1.49132371e-01 
 8.89330181e-05  2.30441122e-05  8.89330181e-05  2.44775898e-07  8.89330181e-05  1.51898186e-01 
 8.89331874e-05  2.34831469e-05  8.89331874e-05  2.44774578e-07  8.89331874e-05  1.54753926e-01 
 8.89334168e-05  2.40528984e-05  8.89334168e-05  2.44772667e-07  8.89334168e-05  1.58622915e-01 
 8.89335873e-05  2.44276876e-05  8.89335873e-05  2.44771224e-07  8.89335873e-05  1.61498432e-01 
 8.89337678e-05  2.48778371e-05  8.89337678e-05  2.44769475e-07  8.89337678e-05  1.64543240e-01 
 8.89339335e-05  2.53106375e-05  8.89339335e-05  2.44767695e-07  8.89339335e-05  1.67339500e-01 
 8.89341122e-05  2.57136963e-05  8.89341122e-05  2.44765786e-07  8.89341122e-05  1.70353325e-01 
 8.89343203e-05  2.62040587e-05  8.89343203e-05  2.44763335e-07  8.89343203e-05  1.73863566e-01 
 8.89344973e-05  2.66712946e-05  8.89344973e-05  2.44760930e-07  8.89344973e-05  1.76848429e-01 
 8.89346847e-05  2.71115831e-05  8.89346847e-05  2.44758337e-07  8.89346847e-05  1.80010027e-01 
 8.89348503e-05  2.74816712e-05  8.89348503e-05  2.44755949e-07  8.89348503e-05  1.82803046e-01 
 8.89350213e-05  2.79248188e-05  8.89350213e-05  2.44753091e-07  8.89350213e-05  1.85687715e-01 
 8.89352494e-05  2.84895078e-05  8.89352494e-05  2.44749026e-07  8.89352494e-05  1.89535273e-01 
 8.89354188e-05  2.88612803e-05  8.89354188e-05  2.44745954e-07  8.89354188e-05  1.92393798e-01 
 8.89355991e-05  2.93108128e-05  8.89355991e-05  2.44742212e-07  8.89355991e-05  1.95435326e-01 
 8.89357659e-05  2.97448775e-05  8.89357659e-05  2.44738384e-07  8.89357659e-05  1.98247589e-01 
 8.89359447e-05  3.01469552e-05  8.89359447e-05  2.44734297e-07  8.89359447e-05  2.01263595e-01 
 8.89361500e-05  3.06303817e-05  8.89361500e-05  2.44729121e-07  8.89361500e-05  2.04726662e-01 
 8.89363247e-05  3.10912995e-05  8.89363247e-05  2.44724046e-07  8.89363247e-05  2.07673728e-01 
 8.89365112e-05  3.15288671e-05  8.89365112e-05  2.44718534e-07  8.89365112e-05  2.10820304e-01 
 8.89366759e-05  3.18959733e-05  8.89366759e-05  2.44713463e-07  8.89366759e-05  2.13598116e-01 
 8.89368461e-05  3.23360604e-05  8.89368461e-05  2.44707399e-07  8.89368461e-05  2.16469016e-01 
 8.89370753e-05  3.29032172e-05  8.89370753e-05  2.44698679e-07  8.89370753e-05  2.20335925e-01 
 8.89372456e-05  3.32762512e-05  8.89372456e-05  2.44692085e-07  8.89372456e-05  2.23208535e-01 
 8.89374262e-05  3.37255896e-05  8.89374262e-05  2.44684087e-07  8.89374262e-05  2.26255234e-01 
 8.89375927e-05  3.41585661e-05  8.89375927e-05  2.44675927e-07  8.89375927e-05  2.29063438e-01 
 8.89377716e-05  3.45604123e-05  8.89377716e-05  2.44667196e-07  8.89377716e-05  2.32081354e-01 
 8.89379780e-05  3.50455413e-05  8.89379780e-05  2.44656087e-07  8.89379780e-05  2.35562943e-01 
 8.89381536e-05  3.55078988e-05  8.89381536e-05  2.44645202e-07  8.89381536e-05  2.38524077e-01 
 8.89383405e-05  3.59456260e-05  8.89383405e-05  2.44633407e-07  8.89383405e-05  2.41677490e-01 
 8.89385057e-05  3.63135912e-05  8.89385057e-05  2.44622534e-07  8.89385057e-05  2.44464665e-01 
 8.89386764e-05  3.67543969e-05  8.89386764e-05  2.44609543e-07  8.89386764e-05  2.47342912e-01 
 8.89389048e-05  3.73184407e-05  8.89389048e-05  2.44590995e-07  8.89389048e-05  2.51196060e-01 
 8.89390745e-05  3.76896760e-05  8.89390745e-05  2.44576960e-07  8.89390745e-05  2.54059581e-01 
 8.89392550e-05  3.81381092e-05  8.89392550e-05  2.44559905e-07  8.89392550e-05  2.57103055e-01 
 8.89394216e-05  3.85709169e-05  8.89394216e-05  2.44542477e-07  8.89394216e-05  2.59914225e-01 
 8.89396005e-05  3.89720333e-05  8.89396005e-05  2.44523851e-07  8.89396005e-05  2.62931535e-01 
 8.89398063e-05  3.94552999e-05  8.89398063e-05  2.44500213e-07  8.89398063e-05  2.66403427e-01 
 8.89399815e-05  3.99161346e-05  8.89399815e-05  2.44477056e-07  8.89399815e-05  2.69357576e-01 
 8.89401682e-05  4.03530363e-05  8.89401682e-05  2.44451928e-07  8.89401682e-05  2.72508389e-01 
 8.89403334e-05  4.07202952e-05  8.89403334e-05  2.44428764e-07  8.89403334e-05  2.75293737e-01 
 8.89405039e-05  4.11604103e-05  8.89405039e-05  2.44401096e-07  8.89405039e-05  2.78170459e-01 
 8.89407326e-05  4.17247342e-05  8.89407326e-05  2.44361520e-07  8.89407326e-05  2.82028520e-01 
 8.89409026e-05  4.20962461e-05  8.89409026e-05  2.44331560e-07  8.89409026e-05  2.84896532e-01 
 8.89410832e-05  4.25447723e-05  8.89410832e-05  2.44295187e-07  8.89410832e-05  2.87942839e-01 
 8.89412501e-05  4.29777887e-05  8.89412501e-05  2.44258017e-07  8.89412501e-05  2.90757556e-01 
 8.89414292e-05  4.33790290e-05  8.89414292e-05  2.44218293e-07  8.89414292e-05  2.93778068e-01 
 8.89416350e-05  4.38621000e-05  8.89416350e-05  2.44167941e-07  8.89416350e-05  2.97249471e-01 
 8.89418101e-05  4.43226750e-05  8.89418101e-05  2.44118646e-07  8.89418101e-05  3.00203040e-01 
 8.89419970e-05  4.47596151e-05  8.89419970e-05  2.44065117e-07  8.89419970e-05  3.03355831e-01 
 8.89421625e-05  4.51279168e-05  8.89421625e-05  2.44015656e-07  8.89421625e-05  3.06148387e-01 
 8.89423333e-05  4.55688790e-05  8.89423333e-05  2.43956653e-07  8.89423333e-05  3.09029894e-01 
 8.89425615e-05  4.61317342e-05  8.89425615e-05  2.43872640e-07  8.89425615e-05  3.12879152e-01 
 8.89427313e-05  4.65028833e-05  8.89427313e-05  2.43808975e-07  8.89427313e-05  3.15743565e-01 
 8.89429120e-05  4.69518033e-05  8.89429120e-05  2.43731599e-07  8.89429120e-05  3.18790188e-01 
 8.89430793e-05  4.73861032e-05  8.89430793e-05  2.43652362e-07  8.89430793e-05  3.21612909e-01 
 8.89432586e-05  4.77880438e-05  8.89432586e-05  2.43567794e-07  8.89432586e-05  3.24637357e-01 
 8.89434638e-05  4.82705580e-05  8.89434638e-05  2.43461029e-07  8.89434638e-05  3.28099358e-01 
 8.89436385e-05  4.87306374e-05  8.89436385e-05  2.43356550e-07  8.89436385e-05  3.31046190e-01 
 8.89438255e-05  4.91682182e-05  8.89438255e-05  2.43242850e-07  8.89438255e-05  3.34199856e-01 
 8.89439916e-05  4.95387342e-05  8.89439916e-05  2.43137407e-07  8.89439916e-05  3.37002443e-01 
 8.89441628e-05  4.99816699e-05  8.89441628e-05  2.43011833e-07  8.89441628e-05  3.39890499e-01 
 8.89443905e-05  5.05441791e-05  8.89443905e-05  2.42833986e-07  8.89443905e-05  3.43731066e-01 
 8.89445603e-05  5.09163402e-05  8.89445603e-05  2.42698942e-07  8.89445603e-05  3.46594721e-01 
 8.89447411e-05  5.13673811e-05  8.89447411e-05  2.42534600e-07  8.89447411e-05  3.49645051e-01 
 8.89449095e-05  5.18053287e-05  8.89449095e-05  2.42365630e-07  8.89449095e-05  3.52485263e-01 
 8.89450894e-05  5.22099228e-05  8.89450894e-05  2.42185753e-07  8.89450894e-05  3.55519915e-01 
 8.89452937e-05  5.26928007e-05  8.89452937e-05  2.41960387e-07  8.89452937e-05  3.58965687e-01 
 8.89454677e-05  5.31530618e-05  8.89454677e-05  2.41739997e-07  8.89454677e-05  3.61900848e-01 
 8.89456548e-05  5.35930661e-05  8.89456548e-05  2.41499155e-07  8.89456548e-05  3.65057863e-01 
 8.89458224e-05  5.39696855e-05  8.89458224e-05  2.41273813e-07  8.89458224e-05  3.67885290e-01 
 8.89459946e-05  5.44180895e-05  8.89459946e-05  2.41006390e-07  8.89459946e-05  3.70789534e-01 
 8.89462209e-05  5.49800469e-05  8.89462209e-05  2.40632768e-07  8.89462209e-05  3.74606325e-01 
 8.89463904e-05  5.53547751e-05  8.89463904e-05  2.40347739e-07  8.89463904e-05  3.77465328e-01 
 8.89465716e-05  5.58110218e-05  8.89465716e-05  2.39999573e-07  8.89465716e-05  3.80521869e-01 
 8.89467422e-05  5.62578011e-05  8.89467422e-05  2.39638091e-07  8.89467422e-05  3.83400928e-01 
 8.89469234e-05  5.66689673e-05  8.89469234e-05  2.39255523e-07  8.89469234e-05  3.86457453e-01 
 8.89471256e-05  5.71534468e-05  8.89471256e-05  2.38783894e-07  8.89471256e-05  3.89867722e-01 
 8.89472982e-05  5.76149608e-05  8.89472982e-05  2.38322878e-07  8.89472982e-05  3.92778853e-01 
 8.89474857e-05  5.80608675e-05  8.89474857e-05  2.37814808e-07  8.89474857e-05  3.95942232e-01 
 8.89476567e-05  5.84518987e-05  8.89476567e-05  2.37329734e-07  8.89476567e-05  3.98825430e-01 
 8.89478310e-05  5.89131267e-05  8.89478310e-05  2.36758215e-07  8.89478310e-05  4.01765889e-01 
 8.89480543e-05  5.94748915e-05  8.89480543e-05  2.35982577e-07  8.89480543e-05  4.05533416e-01 
 8.89482234e-05  5.98563966e-05  8.89482234e-05  2.35384075e-07  8.89482234e-05  4.08386156e-01 
 8.89484055e-05  6.03247802e-05  8.89484055e-05  2.34647500e-07  8.89484055e-05  4.11456371e-01 
 8.89485816e-05  6.07927640e-05  8.89485816e-05  2.33864524e-07  8.89485816e-05  4.14428006e-01 
 8.89487659e-05  6.12198751e-05  8.89487659e-05  2.33046417e-07  8.89487659e-05  4.17537348e-01 
 8.89489639e-05  6.17091973e-05  8.89489639e-05  2.32072014e-07  8.89489639e-05  4.20875888e-01 
 8.89491340e-05  6.21752636e-05  8.89491340e-05  2.31117861e-07  8.89491340e-05  4.23745999e-01 
 8.89493224e-05  6.26343394e-05  8.89493224e-05  2.30050395e-07  8.89493224e-05  4.26923793e-01 
 8.89495020e-05  6.30622390e-05  8.89495020e-05  2.28976260e-07  8.89495020e-05  4.29953491e-01 
 8.89496820e-05  6.35551013e-05  8.89496820e-05  2.27732426e-07  8.89496820e-05  4.32989215e-01 
 8.89498988e-05  6.41149989e-05  8.89498988e-05  2.26157856e-07  8.89498988e-05  4.36647394e-01 
 8.89500682e-05  6.45146501e-05  8.89500682e-05  2.24900017e-07  8.89500682e-05  4.39504871e-01 
 8.89502522e-05  6.50112277e-05  8.89502522e-05  2.23333644e-07  8.89502522e-05  4.42607230e-01 
 8.89504449e-05  6.55384162e-05  8.89504449e-05  2.21546674e-07  8.89504449e-05  4.45858915e-01 
 8.89506391e-05  6.60098362e-05  8.89506391e-05  2.19735342e-07  8.89506391e-05  4.49133971e-01 
 8.89508288e-05  6.65137147e-05  8.89508288e-05  2.17746525e-07  8.89508288e-05  4.52335074e-01 
 8.89509985e-05  6.70006885e-05  8.89509985e-05  2.15750824e-07  8.89509985e-05  4.55197208e-01 
 8.89511898e-05  6.74890727e-05  8.89511898e-05  2.13494929e-07  8.89511898e-05  4.58422929e-01 
 8.89513999e-05  6.80386690e-05  8.89513999e-05  2.10805456e-07  8.89513999e-05  4.61967893e-01 
 8.89516058e-05  6.86421150e-05  8.89516058e-05  2.07763411e-07  8.89516058e-05  4.65441689e-01 
 8.89518082e-05  6.91870482e-05  8.89518082e-05  2.04688380e-07  8.89518082e-05  4.68854750e-01 
 8.89520014e-05  6.96986537e-05  8.89520014e-05  2.01583735e-07  8.89520014e-05  4.72113986e-01 
 8.89521988e-05  7.02931640e-05  8.89521988e-05  1.97915135e-07  8.89521988e-05  4.75443536e-01 
 8.89524337e-05  7.09655132e-05  8.89524337e-05  1.93325127e-07  8.89524337e-05  4.79406988e-01 
 8.89526282e-05  7.14973951e-05  8.89526282e-05  1.89360587e-07  8.89526282e-05  4.82687682e-01 
 8.89528350e-05  7.21402690e-05  8.89528350e-05  1.84482319e-07  8.89528350e-05  4.86175464e-01 
 8.89531151e-05  7.29888200e-05  8.89531151e-05  1.77390572e-07  8.89531151e-05  4.90900774e-01 
 8.89533400e-05  7.36455644e-05  8.89533400e-05  1.71369307e-07  8.89533400e-05  4.94693709e-01 
 8.89535721e-05  7.44111075e-05  8.89535721e-05  1.64132370e-07  8.89535721e-05  4.98609791e-01 
 8.89539385e-05  7.55918049e-05  8.89539385e-05  1.51721634e-07  8.89539385e-05  5.04789239e-01 
 8.89542275e-05  7.65382080e-05  8.89542275e-05  1.40828658e-07  8.89542275e-05  5.09665039e-01 
 8.89545217e-05  7.76041306e-05  8.89545217e-05  1.27823467e-07  8.89545217e-05  5.14628017e-01 
 8.89548540e-05  7.87733681e-05  8.89548540e-05  1.12098115e-07  8.89548540e-05  5.20232590e-01 
 8.89552876e-05  8.04388064e-05  8.89552876e-05  8.78748572e-08  8.89552876e-05  5.27546005e-01 
 8.89556991e-05  8.21331975e-05  8.89556991e-05  6.07889663e-08  8.89556991e-05  5.34488125e-01 
 8.89560800e-05  8.37521906e-05  8.89560800e-05  3.27084841e-08  8.89560800e-05  5.40912891e-01 
 8.89565150e-05  8.58343760e-05  8.89565150e-05 -6.10811519e-09  8.89565150e-05  5.48251447e-01 
 8.89570731e-05  8.86807451e-05  8.89570731e-05 -6.37664824e-08  8.89570731e-05  5.57665340e-01 
 8.89579115e-05  9.37516730e-05  8.89579115e-05 -1.77008113e-07  8.89579115e-05  5.71807861e-01 
 8.89587223e-05  9.96672066e-05  8.89587223e-05 -3.21920615e-07  8.89587223e-05  5.85483796e-01 
 8.89596914e-05  1.08590269e-04  8.89596914e-05 -5.57042755e-07  8.89596914e-05  6.01831006e-01 
 8.89608341e-05  1.22736225e-04  8.89608341e-05 -9.52827093e-07  8.89608341e-05  6.21106535e-01 
 8.89623388e-05  1.50295437e-04  8.89623388e-05 -1.74809639e-06  8.89623388e-05  6.46488124e-01 
 8.89643113e-05  2.12148475e-04  8.89643113e-05 -3.54997860e-06  8.89643113e-05  6.79760874e-01 
 8.89682563e-05  5.44230003e-04  8.89682563e-05 -1.22868947e-05  8.89682563e-05  7.46306373e-01 
 8.89723329e-05  1.58514416e-03  8.89723329e-05 -3.76218741e-05  8.89723329e-05  8.15072820e-01 
 8.89774615e-05  5.58382011e-03  8.89774615e-05 -1.17052815e-04  8.89774615e-05  9.01583046e-01 
 8.89835024e-05  1.79872940e-02  8.89835024e-05 -2.93725764e-04  8.89835024e-05  1.00348370e+00 
 8.89916775e-05  5.40880250e-02  8.89916775e-05 -5.94860137e-04  8.89916775e-05  1.14138445e+00 
 8.90047958e-05  1.54716703e-01  8.90047958e-05 -9.59171069e-04  8.90047958e-05  1.36266716e+00 
 8.90180217e-05  2.89050244e-01  8.90180217e-05 -1.11617364e-03  8.90180217e-05  1.58576635e+00 
 8.90404159e-05  5.40868622e-01  8.90404159e-05 -1.21562992e-03  8.90404159e-05  1.96351867e+00 
 8.90641734e-05  8.20259157e-01  8.90641734e-05 -1.27241153e-03  8.90641734e-05  2.36426954e+00 
 8.90938148e-05  1.17725132e+00  8.90938148e-05 -1.33601680e-03  8.90938148e-05  2.86426954e+00 
 8.91234561e-05  1.54135390e+00  8.91234561e-05 -1.39250230e-03  8.91234561e-05  3.36426954e+00 
 8.91530975e-05  1.91036374e+00  8.91530975e-05 -1.44243973e-03  8.91530975e-05  3.86426954e+00 
 8.91827388e-05  2.28287730e+00  8.91827388e-05 -1.49028820e-03  8.91827388e-05  4.36426954e+00 
 8.92015827e-05  2.52109993e+00  8.92015827e-05 -1.51841548e-03  8.92015827e-05  4.68213477e+00 
 8.92204266e-05  2.76018583e+00  8.92204266e-05 -1.54717431e-03  8.92204266e-05  5.00000000e+00 
 8.92233907e-05  2.79331189e+00  8.92233907e-05 -1.39800221e-03  8.92233907e-05  5.00000000e+00 
 8.92293190e-05  2.85083235e+00  8.92293190e-05 -1.10925235e-03  8.92293190e-05  5.00000000e+00 
 8.92411755e-05  2.92732387e+00  8.92411755e-05 -7.60423050e-04  8.92411755e-05  5.00000000e+00 
 8.92549153e-05  2.97820129e+00  8.92549153e-05 -5.71571381e-04  8.92549153e-05  5.00000000e+00 
 8.92723973e-05  3.01470414e+00  8.92723973e-05 -4.45829571e-04  8.92723973e-05  5.00000000e+00 
 8.92896138e-05  3.03449949e+00  8.92896138e-05 -3.89301981e-04  8.92896138e-05  5.00000000e+00 
 8.93192552e-05  3.05194680e+00  8.93192552e-05 -3.37210553e-04  8.93192552e-05  5.00000000e+00 
 8.93488965e-05  3.05895419e+00  8.93488965e-05 -3.21207791e-04  8.93488965e-05  5.00000000e+00 
 8.93785379e-05  3.06191009e+00  8.93785379e-05 -3.10853883e-04  8.93785379e-05  5.00000000e+00 
 8.94081792e-05  3.06315531e+00  8.94081792e-05 -3.10057062e-04  8.94081792e-05  5.00000000e+00 
 8.94378205e-05  3.06370108e+00  8.94378205e-05 -3.06322524e-04  8.94378205e-05  5.00000000e+00 
 8.94674619e-05  3.06393470e+00  8.94674619e-05 -3.08012347e-04  8.94674619e-05  5.00000000e+00 
 8.94971032e-05  3.06404182e+00  8.94971032e-05 -3.05515619e-04  8.94971032e-05  5.00000000e+00 
 8.95267445e-05  3.06408234e+00  8.95267445e-05 -3.07564171e-04  8.95267445e-05  5.00000000e+00 
 8.95563859e-05  3.06410627e+00  8.95563859e-05 -3.05422646e-04  8.95563859e-05  5.00000000e+00 
 8.95860272e-05  3.06411072e+00  8.95860272e-05 -3.07423128e-04  8.95860272e-05  5.00000000e+00 
 8.96156686e-05  3.06411881e+00  8.96156686e-05 -3.05460428e-04  8.96156686e-05  5.00000000e+00 
 8.96453099e-05  3.06411667e+00  8.96453099e-05 -3.07343047e-04  8.96453099e-05  5.00000000e+00 
 8.96749512e-05  3.06412158e+00  8.96749512e-05 -3.05519459e-04  8.96749512e-05  5.00000000e+00 
 8.97045926e-05  3.06411835e+00  8.97045926e-05 -3.07277534e-04  8.97045926e-05  5.00000000e+00 
 8.97342339e-05  3.06412245e+00  8.97342339e-05 -3.05579423e-04  8.97342339e-05  5.00000000e+00 
 8.97638752e-05  3.06411917e+00  8.97638752e-05 -3.07217714e-04  8.97638752e-05  5.00000000e+00 
 8.97935166e-05  3.06412293e+00  8.97935166e-05 -3.05636694e-04  8.97935166e-05  5.00000000e+00 
 8.98231579e-05  3.06412064e+00  8.98231579e-05 -3.07167692e-04  8.98231579e-05  5.00000000e+00 
 8.98527993e-05  3.06412536e+00  8.98527993e-05 -3.05693303e-04  8.98527993e-05  5.00000000e+00 
 8.98824406e-05  3.06412202e+00  8.98824406e-05 -3.07104660e-04  8.98824406e-05  5.00000000e+00 
 8.99120819e-05  3.06412433e+00  8.99120819e-05 -3.05739761e-04  8.99120819e-05  5.00000000e+00 
 8.99417233e-05  3.06412107e+00  8.99417233e-05 -3.07058826e-04  8.99417233e-05  5.00000000e+00 
 8.99713646e-05  3.06412397e+00  8.99713646e-05 -3.05789231e-04  8.99713646e-05  5.00000000e+00 
 9.00010060e-05  3.06412121e+00  9.00010060e-05 -3.07012939e-04  9.00010060e-05  5.00000000e+00 
 9.00306473e-05  3.06412407e+00  9.00306473e-05 -3.05834622e-04  9.00306473e-05  5.00000000e+00 
 9.00602886e-05  3.06412152e+00  9.00602886e-05 -3.06969257e-04  9.00602886e-05  5.00000000e+00 
 9.00899300e-05  3.06412424e+00  9.00899300e-05 -3.05877106e-04  9.00899300e-05  5.00000000e+00 
 9.01195713e-05  3.06412183e+00  9.01195713e-05 -3.06928067e-04  9.01195713e-05  5.00000000e+00 
 9.01492126e-05  3.06412439e+00  9.01492126e-05 -3.05917030e-04  9.01492126e-05  5.00000000e+00 
 9.01788540e-05  3.06412211e+00  9.01788540e-05 -3.06889306e-04  9.01788540e-05  5.00000000e+00 
 9.02084953e-05  3.06412452e+00  9.02084953e-05 -3.05954577e-04  9.02084953e-05  5.00000000e+00 
 9.02381367e-05  3.06412236e+00  9.02381367e-05 -3.06852848e-04  9.02381367e-05  5.00000000e+00 
 9.02677780e-05  3.06412463e+00  9.02677780e-05 -3.05989888e-04  9.02677780e-05  5.00000000e+00 
 9.02974193e-05  3.06412259e+00  9.02974193e-05 -3.06818564e-04  9.02974193e-05  5.00000000e+00 
 9.03270607e-05  3.06412472e+00  9.03270607e-05 -3.06023093e-04  9.03270607e-05  5.00000000e+00 
 9.03567020e-05  3.06412279e+00  9.03567020e-05 -3.06786330e-04  9.03567020e-05  5.00000000e+00 
 9.03863433e-05  3.06412480e+00  9.03863433e-05 -3.06054312e-04  9.03863433e-05  5.00000000e+00 
 9.04159847e-05  3.06412298e+00  9.04159847e-05 -3.06756027e-04  9.04159847e-05  5.00000000e+00 
 9.04456260e-05  3.06412486e+00  9.04456260e-05 -3.06083660e-04  9.04456260e-05  5.00000000e+00 
 9.04752674e-05  3.06412314e+00  9.04752674e-05 -3.06727546e-04  9.04752674e-05  5.00000000e+00 
 9.05049087e-05  3.06412491e+00  9.05049087e-05 -3.06111243e-04  9.05049087e-05  5.00000000e+00 
 9.05345500e-05  3.06412328e+00  9.05345500e-05 -3.06700780e-04  9.05345500e-05  5.00000000e+00 
 9.05641914e-05  3.06412495e+00  9.05641914e-05 -3.06137163e-04  9.05641914e-05  5.00000000e+00 
 9.05938327e-05  3.06412341e+00  9.05938327e-05 -3.06675632e-04  9.05938327e-05  5.00000000e+00 
 9.06234740e-05  3.06412498e+00  9.06234740e-05 -3.06161516e-04  9.06234740e-05  5.00000000e+00 
 9.06531154e-05  3.06412353e+00  9.06531154e-05 -3.06652009e-04  9.06531154e-05  5.00000000e+00 
 9.06827567e-05  3.06412500e+00  9.06827567e-05 -3.06184391e-04  9.06827567e-05  5.00000000e+00 
 9.07123981e-05  3.06412363e+00  9.07123981e-05 -3.06629823e-04  9.07123981e-05  5.00000000e+00 
 9.07420394e-05  3.06412502e+00  9.07420394e-05 -3.06205873e-04  9.07420394e-05  5.00000000e+00 
 9.07716807e-05  3.06412372e+00  9.07716807e-05 -3.06608991e-04  9.07716807e-05  5.00000000e+00 
 9.08013221e-05  3.06412503e+00  9.08013221e-05 -3.06226043e-04  9.08013221e-05  5.00000000e+00 
 9.08309634e-05  3.06412381e+00  9.08309634e-05 -3.06589434e-04  9.08309634e-05  5.00000000e+00 
 9.08606047e-05  3.06412503e+00  9.08606047e-05 -3.06244976e-04  9.08606047e-05  5.00000000e+00 
 9.08902461e-05  3.06412388e+00  9.08902461e-05 -3.06571081e-04  9.08902461e-05  5.00000000e+00 
 9.09198874e-05  3.06412504e+00  9.09198874e-05 -3.06262743e-04  9.09198874e-05  5.00000000e+00 
 9.09495288e-05  3.06412395e+00  9.09495288e-05 -3.06553860e-04  9.09495288e-05  5.00000000e+00 
 9.09791701e-05  3.06412503e+00  9.09791701e-05 -3.06279411e-04  9.09791701e-05  5.00000000e+00 
 9.10088114e-05  3.06412401e+00  9.10088114e-05 -3.06537707e-04  9.10088114e-05  5.00000000e+00 
 9.10384528e-05  3.06412503e+00  9.10384528e-05 -3.06295044e-04  9.10384528e-05  5.00000000e+00 
 9.10680941e-05  3.06412406e+00  9.10680941e-05 -3.06522560e-04  9.10680941e-05  5.00000000e+00 
 9.10977354e-05  3.06412502e+00  9.10977354e-05 -3.06309702e-04  9.10977354e-05  5.00000000e+00 
 9.11273768e-05  3.06412411e+00  9.11273768e-05 -3.06508361e-04  9.11273768e-05  5.00000000e+00 
 9.11570181e-05  3.06412502e+00  9.11570181e-05 -3.06323441e-04  9.11570181e-05  5.00000000e+00 
 9.11866595e-05  3.06412415e+00  9.11866595e-05 -3.06495055e-04  9.11866595e-05  5.00000000e+00 
 9.12163008e-05  3.06412501e+00  9.12163008e-05 -3.06336314e-04  9.12163008e-05  5.00000000e+00 
 9.12459421e-05  3.06412419e+00  9.12459421e-05 -3.06482590e-04  9.12459421e-05  5.00000000e+00 
 9.12755835e-05  3.06412500e+00  9.12755835e-05 -3.06348371e-04  9.12755835e-05  5.00000000e+00 
 9.13052248e-05  3.06412423e+00  9.13052248e-05 -3.06470918e-04  9.13052248e-05  5.00000000e+00 
 9.13348661e-05  3.06412499e+00  9.13348661e-05 -3.06359659e-04  9.13348661e-05  5.00000000e+00 
 9.13645075e-05  3.06412426e+00  9.13645075e-05 -3.06459993e-04  9.13645075e-05  5.00000000e+00 
 9.13941488e-05  3.06412497e+00  9.13941488e-05 -3.06370223e-04  9.13941488e-05  5.00000000e+00 
 9.14237902e-05  3.06412429e+00  9.14237902e-05 -3.06449771e-04  9.14237902e-05  5.00000000e+00 
 9.14534315e-05  3.06412496e+00  9.14534315e-05 -3.06380105e-04  9.14534315e-05  5.00000000e+00 
 9.14830728e-05  3.06412432e+00  9.14830728e-05 -3.06440211e-04  9.14830728e-05  5.00000000e+00 
 9.15127142e-05  3.06412495e+00  9.15127142e-05 -3.06389345e-04  9.15127142e-05  5.00000000e+00 
 9.15423555e-05  3.06412434e+00  9.15423555e-05 -3.06431275e-04  9.15423555e-05  5.00000000e+00 
 9.15719969e-05  3.06412493e+00  9.15719969e-05 -3.06397980e-04  9.15719969e-05  5.00000000e+00 
 9.16016382e-05  3.06412436e+00  9.16016382e-05 -3.06422927e-04  9.16016382e-05  5.00000000e+00 
 9.16312795e-05  3.06412492e+00  9.16312795e-05 -3.06406045e-04  9.16312795e-05  5.00000000e+00 
 9.16609209e-05  3.06412438e+00  9.16609209e-05 -3.06415132e-04  9.16609209e-05  5.00000000e+00 
 9.16905622e-05  3.06412491e+00  9.16905622e-05 -3.06413574e-04  9.16905622e-05  5.00000000e+00 
 9.17202035e-05  3.06412440e+00  9.17202035e-05 -3.06407858e-04  9.17202035e-05  5.00000000e+00 
 9.17498449e-05  3.06412490e+00  9.17498449e-05 -3.06420597e-04  9.17498449e-05  5.00000000e+00 
 9.17794862e-05  3.06412442e+00  9.17794862e-05 -3.06401074e-04  9.17794862e-05  5.00000000e+00 
 9.18091276e-05  3.06412488e+00  9.18091276e-05 -3.06427145e-04  9.18091276e-05  5.00000000e+00 
 9.18387689e-05  3.06412443e+00  9.18387689e-05 -3.06394752e-04  9.18387689e-05  5.00000000e+00 
 9.18684102e-05  3.06412487e+00  9.18684102e-05 -3.06433244e-04  9.18684102e-05  5.00000000e+00 
 9.18980516e-05  3.06412445e+00  9.18980516e-05 -3.06388865e-04  9.18980516e-05  5.00000000e+00 
 9.19276929e-05  3.06412486e+00  9.19276929e-05 -3.06438923e-04  9.19276929e-05  5.00000000e+00 
 9.19573342e-05  3.06412446e+00  9.19573342e-05 -3.06383387e-04  9.19573342e-05  5.00000000e+00 
 9.19869756e-05  3.06412485e+00  9.19869756e-05 -3.06444204e-04  9.19869756e-05  5.00000000e+00 
 9.20166169e-05  3.06412447e+00  9.20166169e-05 -3.06378294e-04  9.20166169e-05  5.00000000e+00 
 9.20462583e-05  3.06412484e+00  9.20462583e-05 -3.06449112e-04  9.20462583e-05  5.00000000e+00 
 9.20758996e-05  3.06412448e+00  9.20758996e-05 -3.06373564e-04  9.20758996e-05  5.00000000e+00 
 9.21055409e-05  3.06412482e+00  9.21055409e-05 -3.06453668e-04  9.21055409e-05  5.00000000e+00 
 9.21351823e-05  3.06412449e+00  9.21351823e-05 -3.06369174e-04  9.21351823e-05  5.00000000e+00 
 9.21648236e-05  3.06412481e+00  9.21648236e-05 -3.06457894e-04  9.21648236e-05  5.00000000e+00 
 9.21944649e-05  3.06412450e+00  9.21944649e-05 -3.06365106e-04  9.21944649e-05  5.00000000e+00 
 9.22241063e-05  3.06412480e+00  9.22241063e-05 -3.06461809e-04  9.22241063e-05  5.00000000e+00 
 9.22537476e-05  3.06412451e+00  9.22537476e-05 -3.06361339e-04  9.22537476e-05  5.00000000e+00 
 9.22833890e-05  3.06412479e+00  9.22833890e-05 -3.06465431e-04  9.22833890e-05  5.00000000e+00 
 9.23130303e-05  3.06412452e+00  9.23130303e-05 -3.06357857e-04  9.23130303e-05  5.00000000e+00 
 9.23426716e-05  3.06412479e+00  9.23426716e-05 -3.06468777e-04  9.23426716e-05  5.00000000e+00 
 9.23723130e-05  3.06412452e+00  9.23723130e-05 -3.06354641e-04  9.23723130e-05  5.00000000e+00 
 9.24019543e-05  3.06412478e+00  9.24019543e-05 -3.06471865e-04  9.24019543e-05  5.00000000e+00 
 9.24315956e-05  3.06412453e+00  9.24315956e-05 -3.06351677e-04  9.24315956e-05  5.00000000e+00 
 9.24612370e-05  3.06412477e+00  9.24612370e-05 -3.06474709e-04  9.24612370e-05  5.00000000e+00 
 9.24908783e-05  3.06412454e+00  9.24908783e-05 -3.06348949e-04  9.24908783e-05  5.00000000e+00 
 9.25205197e-05  3.06412476e+00  9.25205197e-05 -3.06477325e-04  9.25205197e-05  5.00000000e+00 
 9.25501610e-05  3.06412454e+00  9.25501610e-05 -3.06346442e-04  9.25501610e-05  5.00000000e+00 
 9.25798023e-05  3.06412475e+00  9.25798023e-05 -3.06479725e-04  9.25798023e-05  5.00000000e+00 
 9.26094437e-05  3.06412455e+00  9.26094437e-05 -3.06344145e-04  9.26094437e-05  5.00000000e+00 
 9.26390850e-05  3.06412475e+00  9.26390850e-05 -3.06481923e-04  9.26390850e-05  5.00000000e+00 
 9.26687263e-05  3.06412455e+00  9.26687263e-05 -3.06342043e-04  9.26687263e-05  5.00000000e+00 
 9.26983677e-05  3.06412474e+00  9.26983677e-05 -3.06483931e-04  9.26983677e-05  5.00000000e+00 
 9.27280090e-05  3.06412456e+00  9.27280090e-05 -3.06340126e-04  9.27280090e-05  5.00000000e+00 
 9.27576504e-05  3.06412473e+00  9.27576504e-05 -3.06485760e-04  9.27576504e-05  5.00000000e+00 
 9.27872917e-05  3.06412456e+00  9.27872917e-05 -3.06338381e-04  9.27872917e-05  5.00000000e+00 
 9.28169330e-05  3.06412473e+00  9.28169330e-05 -3.06487422e-04  9.28169330e-05  5.00000000e+00 
 9.28465744e-05  3.06412457e+00  9.28465744e-05 -3.06336799e-04  9.28465744e-05  5.00000000e+00 
 9.28762157e-05  3.06412472e+00  9.28762157e-05 -3.06488926e-04  9.28762157e-05  5.00000000e+00 
 9.29058570e-05  3.06412457e+00  9.29058570e-05 -3.06335370e-04  9.29058570e-05  5.00000000e+00 
 9.29354984e-05  3.06412471e+00  9.29354984e-05 -3.06490283e-04  9.29354984e-05  5.00000000e+00 
 9.29651397e-05  3.06412457e+00  9.29651397e-05 -3.06334084e-04  9.29651397e-05  5.00000000e+00 
 9.29947811e-05  3.06412471e+00  9.29947811e-05 -3.06491500e-04  9.29947811e-05  5.00000000e+00 
 9.30244224e-05  3.06412458e+00  9.30244224e-05 -3.06332933e-04  9.30244224e-05  5.00000000e+00 
 9.30540637e-05  3.06412470e+00  9.30540637e-05 -3.06492588e-04  9.30540637e-05  5.00000000e+00 
 9.30837051e-05  3.06412458e+00  9.30837051e-05 -3.06331907e-04  9.30837051e-05  5.00000000e+00 
 9.31133464e-05  3.06412470e+00  9.31133464e-05 -3.06493553e-04  9.31133464e-05  5.00000000e+00 
 9.31429878e-05  3.06412458e+00  9.31429878e-05 -3.06331000e-04  9.31429878e-05  5.00000000e+00 
 9.31726291e-05  3.06412470e+00  9.31726291e-05 -3.06494404e-04  9.31726291e-05  5.00000000e+00 
 9.32022704e-05  3.06412459e+00  9.32022704e-05 -3.06330204e-04  9.32022704e-05  5.00000000e+00 
 9.32319118e-05  3.06412469e+00  9.32319118e-05 -3.06495147e-04  9.32319118e-05  5.00000000e+00 
 9.32615531e-05  3.06412459e+00  9.32615531e-05 -3.06329512e-04  9.32615531e-05  5.00000000e+00 
 9.32911944e-05  3.06412469e+00  9.32911944e-05 -3.06495790e-04  9.32911944e-05  5.00000000e+00 
 9.33208358e-05  3.06412459e+00  9.33208358e-05 -3.06328917e-04  9.33208358e-05  5.00000000e+00 
 9.33504771e-05  3.06412468e+00  9.33504771e-05 -3.06496338e-04  9.33504771e-05  5.00000000e+00 
 9.33801185e-05  3.06412459e+00  9.33801185e-05 -3.06328414e-04  9.33801185e-05  5.00000000e+00 
 9.34097598e-05  3.06412468e+00  9.34097598e-05 -3.06496798e-04  9.34097598e-05  5.00000000e+00 
 9.34394011e-05  3.06412460e+00  9.34394011e-05 -3.06327996e-04  9.34394011e-05  5.00000000e+00 
 9.34690425e-05  3.06412468e+00  9.34690425e-05 -3.06497176e-04  9.34690425e-05  5.00000000e+00 
 9.34986838e-05  3.06412460e+00  9.34986838e-05 -3.06327658e-04  9.34986838e-05  5.00000000e+00 
 9.35283251e-05  3.06412468e+00  9.35283251e-05 -3.06497475e-04  9.35283251e-05  5.00000000e+00 
 9.35579665e-05  3.06412460e+00  9.35579665e-05 -3.06327395e-04  9.35579665e-05  5.00000000e+00 
 9.35876078e-05  3.06412467e+00  9.35876078e-05 -3.06497703e-04  9.35876078e-05  5.00000000e+00 
 9.36172492e-05  3.06412460e+00  9.36172492e-05 -3.06327202e-04  9.36172492e-05  5.00000000e+00 
 9.36468905e-05  3.06412467e+00  9.36468905e-05 -3.06497863e-04  9.36468905e-05  5.00000000e+00 
 9.36765318e-05  3.06412460e+00  9.36765318e-05 -3.06327074e-04  9.36765318e-05  5.00000000e+00 
 9.37061732e-05  3.06412467e+00  9.37061732e-05 -3.06497959e-04  9.37061732e-05  5.00000000e+00 
 9.37358145e-05  3.06412461e+00  9.37358145e-05 -3.06327008e-04  9.37358145e-05  5.00000000e+00 
 9.37654558e-05  3.06412467e+00  9.37654558e-05 -3.06497997e-04  9.37654558e-05  5.00000000e+00 
 9.37950972e-05  3.06412461e+00  9.37950972e-05 -3.06326999e-04  9.37950972e-05  5.00000000e+00 
 9.38247385e-05  3.06412466e+00  9.38247385e-05 -3.06497979e-04  9.38247385e-05  5.00000000e+00 
 9.38543799e-05  3.06412461e+00  9.38543799e-05 -3.06327043e-04  9.38543799e-05  5.00000000e+00 
 9.38840212e-05  3.06412466e+00  9.38840212e-05 -3.06497910e-04  9.38840212e-05  5.00000000e+00 
 9.39136625e-05  3.06412461e+00  9.39136625e-05 -3.06327136e-04  9.39136625e-05  5.00000000e+00 
 9.39433039e-05  3.06412466e+00  9.39433039e-05 -3.06497793e-04  9.39433039e-05  5.00000000e+00 
 9.39729452e-05  3.06412461e+00  9.39729452e-05 -3.06327276e-04  9.39729452e-05  5.00000000e+00 
 9.40025865e-05  3.06412466e+00  9.40025865e-05 -3.06497631e-04  9.40025865e-05  5.00000000e+00 
 9.40322279e-05  3.06412461e+00  9.40322279e-05 -3.06327459e-04  9.40322279e-05  5.00000000e+00 
 9.40618692e-05  3.06412466e+00  9.40618692e-05 -3.06497428e-04  9.40618692e-05  5.00000000e+00 
 9.40915106e-05  3.06412462e+00  9.40915106e-05 -3.06327682e-04  9.40915106e-05  5.00000000e+00 
 9.41211519e-05  3.06412466e+00  9.41211519e-05 -3.06497186e-04  9.41211519e-05  5.00000000e+00 
 9.41507932e-05  3.06412462e+00  9.41507932e-05 -3.06327942e-04  9.41507932e-05  5.00000000e+00 
 9.41804346e-05  3.06412465e+00  9.41804346e-05 -3.06496908e-04  9.41804346e-05  5.00000000e+00 
 9.42100759e-05  3.06412462e+00  9.42100759e-05 -3.06328237e-04  9.42100759e-05  5.00000000e+00 
 9.42397172e-05  3.06412465e+00  9.42397172e-05 -3.06496597e-04  9.42397172e-05  5.00000000e+00 
 9.42693586e-05  3.06412462e+00  9.42693586e-05 -3.06328564e-04  9.42693586e-05  5.00000000e+00 
 9.42989999e-05  3.06412465e+00  9.42989999e-05 -3.06496255e-04  9.42989999e-05  5.00000000e+00 
 9.43286413e-05  3.06412462e+00  9.43286413e-05 -3.06328921e-04  9.43286413e-05  5.00000000e+00 
 9.43582826e-05  3.06412465e+00  9.43582826e-05 -3.06495884e-04  9.43582826e-05  5.00000000e+00 
 9.43879239e-05  3.06412462e+00  9.43879239e-05 -3.06329305e-04  9.43879239e-05  5.00000000e+00 
 9.44175653e-05  3.06412465e+00  9.44175653e-05 -3.06495487e-04  9.44175653e-05  5.00000000e+00 
 9.44472066e-05  3.06412462e+00  9.44472066e-05 -3.06329715e-04  9.44472066e-05  5.00000000e+00 
 9.44768479e-05  3.06412465e+00  9.44768479e-05 -3.06495065e-04  9.44768479e-05  5.00000000e+00 
 9.45064893e-05  3.06412462e+00  9.45064893e-05 -3.06330148e-04  9.45064893e-05  5.00000000e+00 
 9.45361306e-05  3.06412465e+00  9.45361306e-05 -3.06494621e-04  9.45361306e-05  5.00000000e+00 
 9.45657720e-05  3.06412463e+00  9.45657720e-05 -3.06330603e-04  9.45657720e-05  5.00000000e+00 
 9.45954133e-05  3.06412465e+00  9.45954133e-05 -3.06494156e-04  9.45954133e-05  5.00000000e+00 
 9.46250546e-05  3.06412463e+00  9.46250546e-05 -3.06331078e-04  9.46250546e-05  5.00000000e+00 
 9.46546960e-05  3.06412465e+00  9.46546960e-05 -3.06493672e-04  9.46546960e-05  5.00000000e+00 
 9.46843373e-05  3.06412463e+00  9.46843373e-05 -3.06331572e-04  9.46843373e-05  5.00000000e+00 
 9.47139787e-05  3.06412465e+00  9.47139787e-05 -3.06493170e-04  9.47139787e-05  5.00000000e+00 
 9.47436200e-05  3.06412463e+00  9.47436200e-05 -3.06332082e-04  9.47436200e-05  5.00000000e+00 
 9.47732613e-05  3.06412465e+00  9.47732613e-05 -3.06492652e-04  9.47732613e-05  5.00000000e+00 
 9.48029027e-05  3.06412463e+00  9.48029027e-05 -3.06332607e-04  9.48029027e-05  5.00000000e+00 
 9.48325440e-05  3.06412464e+00  9.48325440e-05 -3.06492120e-04  9.48325440e-05  5.00000000e+00 
 9.48621853e-05  3.06412463e+00  9.48621853e-05 -3.06333147e-04  9.48621853e-05  5.00000000e+00 
 9.48918267e-05  3.06412464e+00  9.48918267e-05 -3.06491574e-04  9.48918267e-05  5.00000000e+00 
 9.49214680e-05  3.06412463e+00  9.49214680e-05 -3.06333699e-04  9.49214680e-05  5.00000000e+00 
 9.49511094e-05  3.06412464e+00  9.49511094e-05 -3.06491016e-04  9.49511094e-05  5.00000000e+00 
 9.49807507e-05  3.06412463e+00  9.49807507e-05 -3.06334262e-04  9.49807507e-05  5.00000000e+00 
 9.50103920e-05  3.06412464e+00  9.50103920e-05 -3.06490447e-04  9.50103920e-05  5.00000000e+00 
 9.50400334e-05  3.06412463e+00  9.50400334e-05 -3.06334836e-04  9.50400334e-05  5.00000000e+00 
 9.50696747e-05  3.06412464e+00  9.50696747e-05 -3.06489868e-04  9.50696747e-05  5.00000000e+00 
 9.50993160e-05  3.06412463e+00  9.50993160e-05 -3.06335420e-04  9.50993160e-05  5.00000000e+00 
 9.51289574e-05  3.06412464e+00  9.51289574e-05 -3.06489280e-04  9.51289574e-05  5.00000000e+00 
 9.51585987e-05  3.06412463e+00  9.51585987e-05 -3.06336012e-04  9.51585987e-05  5.00000000e+00 
 9.51882401e-05  3.06412464e+00  9.51882401e-05 -3.06488684e-04  9.51882401e-05  5.00000000e+00 
 9.52178814e-05  3.06412463e+00  9.52178814e-05 -3.06336611e-04  9.52178814e-05  5.00000000e+00 
 9.52475227e-05  3.06412464e+00  9.52475227e-05 -3.06488082e-04  9.52475227e-05  5.00000000e+00 
 9.52771641e-05  3.06412464e+00  9.52771641e-05 -3.06337217e-04  9.52771641e-05  5.00000000e+00 
 9.53068054e-05  3.06412464e+00  9.53068054e-05 -3.06487473e-04  9.53068054e-05  5.00000000e+00 
 9.53364467e-05  3.06412464e+00  9.53364467e-05 -3.06337829e-04  9.53364467e-05  5.00000000e+00 
 9.53660881e-05  3.06412464e+00  9.53660881e-05 -3.06486859e-04  9.53660881e-05  5.00000000e+00 
 9.53957294e-05  3.06412464e+00  9.53957294e-05 -3.06338446e-04  9.53957294e-05  5.00000000e+00 
 9.54253708e-05  3.06412464e+00  9.54253708e-05 -3.06486240e-04  9.54253708e-05  5.00000000e+00 
 9.54550121e-05  3.06412464e+00  9.54550121e-05 -3.06339067e-04  9.54550121e-05  5.00000000e+00 
 9.54846534e-05  3.06412464e+00  9.54846534e-05 -3.06485617e-04  9.54846534e-05  5.00000000e+00 
 9.55142948e-05  3.06412464e+00  9.55142948e-05 -3.06339692e-04  9.55142948e-05  5.00000000e+00 
 9.55439361e-05  3.06412464e+00  9.55439361e-05 -3.06484990e-04  9.55439361e-05  5.00000000e+00 
 9.55735774e-05  3.06412464e+00  9.55735774e-05 -3.06340319e-04  9.55735774e-05  5.00000000e+00 
 9.56032188e-05  3.06412464e+00  9.56032188e-05 -3.06484361e-04  9.56032188e-05  5.00000000e+00 
 9.56328601e-05  3.06412464e+00  9.56328601e-05 -3.06340950e-04  9.56328601e-05  5.00000000e+00 
 9.56625015e-05  3.06412464e+00  9.56625015e-05 -3.06483730e-04  9.56625015e-05  5.00000000e+00 
 9.56921428e-05  3.06412464e+00  9.56921428e-05 -3.06341582e-04  9.56921428e-05  5.00000000e+00 
 9.57217841e-05  3.06412464e+00  9.57217841e-05 -3.06483097e-04  9.57217841e-05  5.00000000e+00 
 9.57514255e-05  3.06412464e+00  9.57514255e-05 -3.06342215e-04  9.57514255e-05  5.00000000e+00 
 9.57810668e-05  3.06412464e+00  9.57810668e-05 -3.06482464e-04  9.57810668e-05  5.00000000e+00 
 9.58107081e-05  3.06412464e+00  9.58107081e-05 -3.06342849e-04  9.58107081e-05  5.00000000e+00 
 9.58403495e-05  3.06412464e+00  9.58403495e-05 -3.06481829e-04  9.58403495e-05  5.00000000e+00 
 9.58699908e-05  3.06412464e+00  9.58699908e-05 -3.06343484e-04  9.58699908e-05  5.00000000e+00 
 9.58996322e-05  3.06412464e+00  9.58996322e-05 -3.06481194e-04  9.58996322e-05  5.00000000e+00 
 9.59292735e-05  3.06412464e+00  9.59292735e-05 -3.06344119e-04  9.59292735e-05  5.00000000e+00 
 9.59589148e-05  3.06412464e+00  9.59589148e-05 -3.06480560e-04  9.59589148e-05  5.00000000e+00 
 9.59885562e-05  3.06412464e+00  9.59885562e-05 -3.06344753e-04  9.59885562e-05  5.00000000e+00 
 9.60181975e-05  3.06412464e+00  9.60181975e-05 -3.06479926e-04  9.60181975e-05  5.00000000e+00 
 9.60478388e-05  3.06412464e+00  9.60478388e-05 -3.06345387e-04  9.60478388e-05  5.00000000e+00 
 9.60774802e-05  3.06412464e+00  9.60774802e-05 -3.06479292e-04  9.60774802e-05  5.00000000e+00 
 9.61071215e-05  3.06412464e+00  9.61071215e-05 -3.06346020e-04  9.61071215e-05  5.00000000e+00 
 9.61367629e-05  3.06412464e+00  9.61367629e-05 -3.06478660e-04  9.61367629e-05  5.00000000e+00 
 9.61664042e-05  3.06412464e+00  9.61664042e-05 -3.06346651e-04  9.61664042e-05  5.00000000e+00 
 9.61960455e-05  3.06412464e+00  9.61960455e-05 -3.06478030e-04  9.61960455e-05  5.00000000e+00 
 9.62256869e-05  3.06412464e+00  9.62256869e-05 -3.06347280e-04  9.62256869e-05  5.00000000e+00 
 9.62553282e-05  3.06412464e+00  9.62553282e-05 -3.06477401e-04  9.62553282e-05  5.00000000e+00 
 9.62849696e-05  3.06412464e+00  9.62849696e-05 -3.06347908e-04  9.62849696e-05  5.00000000e+00 
 9.63146109e-05  3.06412464e+00  9.63146109e-05 -3.06476775e-04  9.63146109e-05  5.00000000e+00 
 9.63442522e-05  3.06412464e+00  9.63442522e-05 -3.06348534e-04  9.63442522e-05  5.00000000e+00 
 9.63738936e-05  3.06412464e+00  9.63738936e-05 -3.06476151e-04  9.63738936e-05  5.00000000e+00 
 9.64035349e-05  3.06412464e+00  9.64035349e-05 -3.06349157e-04  9.64035349e-05  5.00000000e+00 
 9.64331762e-05  3.06412464e+00  9.64331762e-05 -3.06475529e-04  9.64331762e-05  5.00000000e+00 
 9.64628176e-05  3.06412464e+00  9.64628176e-05 -3.06349777e-04  9.64628176e-05  5.00000000e+00 
 9.64924589e-05  3.06412464e+00  9.64924589e-05 -3.06474910e-04  9.64924589e-05  5.00000000e+00 
 9.65221003e-05  3.06412464e+00  9.65221003e-05 -3.06350394e-04  9.65221003e-05  5.00000000e+00 
 9.65517416e-05  3.06412464e+00  9.65517416e-05 -3.06474294e-04  9.65517416e-05  5.00000000e+00 
 9.65813829e-05  3.06412465e+00  9.65813829e-05 -3.06351009e-04  9.65813829e-05  5.00000000e+00 
 9.66110243e-05  3.06412464e+00  9.66110243e-05 -3.06473681e-04  9.66110243e-05  5.00000000e+00 
 9.66406656e-05  3.06412465e+00  9.66406656e-05 -3.06351620e-04  9.66406656e-05  5.00000000e+00 
 9.66703069e-05  3.06412464e+00  9.66703069e-05 -3.06473072e-04  9.66703069e-05  5.00000000e+00 
 9.66999483e-05  3.06412465e+00  9.66999483e-05 -3.06352228e-04  9.66999483e-05  5.00000000e+00 
 9.67295896e-05  3.06412464e+00  9.67295896e-05 -3.06472466e-04  9.67295896e-05  5.00000000e+00 
 9.67592310e-05  3.06412465e+00  9.67592310e-05 -3.06352832e-04  9.67592310e-05  5.00000000e+00 
 9.67888723e-05  3.06412464e+00  9.67888723e-05 -3.06471863e-04  9.67888723e-05  5.00000000e+00 
 9.68185136e-05  3.06412465e+00  9.68185136e-05 -3.06353433e-04  9.68185136e-05  5.00000000e+00 
 9.68481550e-05  3.06412464e+00  9.68481550e-05 -3.06471265e-04  9.68481550e-05  5.00000000e+00 
 9.68777963e-05  3.06412465e+00  9.68777963e-05 -3.06354030e-04  9.68777963e-05  5.00000000e+00 
 9.69074376e-05  3.06412464e+00  9.69074376e-05 -3.06470670e-04  9.69074376e-05  5.00000000e+00 
 9.69370790e-05  3.06412465e+00  9.69370790e-05 -3.06354623e-04  9.69370790e-05  5.00000000e+00 
 9.69667203e-05  3.06412464e+00  9.69667203e-05 -3.06470079e-04  9.69667203e-05  5.00000000e+00 
 9.69963617e-05  3.06412465e+00  9.69963617e-05 -3.06355212e-04  9.69963617e-05  5.00000000e+00 
 9.70260030e-05  3.06412464e+00  9.70260030e-05 -3.06469492e-04  9.70260030e-05  5.00000000e+00 
 9.70556443e-05  3.06412465e+00  9.70556443e-05 -3.06355797e-04  9.70556443e-05  5.00000000e+00 
 9.70852857e-05  3.06412464e+00  9.70852857e-05 -3.06468909e-04  9.70852857e-05  5.00000000e+00 
 9.71149270e-05  3.06412465e+00  9.71149270e-05 -3.06356377e-04  9.71149270e-05  5.00000000e+00 
 9.71445683e-05  3.06412464e+00  9.71445683e-05 -3.06468330e-04  9.71445683e-05  5.00000000e+00 
 9.71742097e-05  3.06412465e+00  9.71742097e-05 -3.06356954e-04  9.71742097e-05  5.00000000e+00 
 9.72038510e-05  3.06412464e+00  9.72038510e-05 -3.06467756e-04  9.72038510e-05  5.00000000e+00 
 9.72334924e-05  3.06412465e+00  9.72334924e-05 -3.06357526e-04  9.72334924e-05  5.00000000e+00 
 9.72631337e-05  3.06412464e+00  9.72631337e-05 -3.06467186e-04  9.72631337e-05  5.00000000e+00 
 9.72927750e-05  3.06412465e+00  9.72927750e-05 -3.06358094e-04  9.72927750e-05  5.00000000e+00 
 9.73224164e-05  3.06412465e+00  9.73224164e-05 -3.06466620e-04  9.73224164e-05  5.00000000e+00 
 9.73520577e-05  3.06412465e+00  9.73520577e-05 -3.06358657e-04  9.73520577e-05  5.00000000e+00 
 9.73816990e-05  3.06412465e+00  9.73816990e-05 -3.06466059e-04  9.73816990e-05  5.00000000e+00 
 9.74113404e-05  3.06412465e+00  9.74113404e-05 -3.06359216e-04  9.74113404e-05  5.00000000e+00 
 9.74409817e-05  3.06412465e+00  9.74409817e-05 -3.06465502e-04  9.74409817e-05  5.00000000e+00 
 9.74706231e-05  3.06412465e+00  9.74706231e-05 -3.06359771e-04  9.74706231e-05  5.00000000e+00 
 9.75002644e-05  3.06412465e+00  9.75002644e-05 -3.06464950e-04  9.75002644e-05  5.00000000e+00 
 9.75299057e-05  3.06412465e+00  9.75299057e-05 -3.06360321e-04  9.75299057e-05  5.00000000e+00 
 9.75595471e-05  3.06412465e+00  9.75595471e-05 -3.06464403e-04  9.75595471e-05  5.00000000e+00 
 9.75891884e-05  3.06412465e+00  9.75891884e-05 -3.06360866e-04  9.75891884e-05  5.00000000e+00 
 9.76188297e-05  3.06412465e+00  9.76188297e-05 -3.06463860e-04  9.76188297e-05  5.00000000e+00 
 9.76484711e-05  3.06412465e+00  9.76484711e-05 -3.06361407e-04  9.76484711e-05  5.00000000e+00 
 9.76781124e-05  3.06412465e+00  9.76781124e-05 -3.06463321e-04  9.76781124e-05  5.00000000e+00 
 9.77077538e-05  3.06412465e+00  9.77077538e-05 -3.06361943e-04  9.77077538e-05  5.00000000e+00 
 9.77373951e-05  3.06412465e+00  9.77373951e-05 -3.06462788e-04  9.77373951e-05  5.00000000e+00 
 9.77670364e-05  3.06412465e+00  9.77670364e-05 -3.06362474e-04  9.77670364e-05  5.00000000e+00 
 9.77966778e-05  3.06412465e+00  9.77966778e-05 -3.06462259e-04  9.77966778e-05  5.00000000e+00 
 9.78263191e-05  3.06412465e+00  9.78263191e-05 -3.06363001e-04  9.78263191e-05  5.00000000e+00 
 9.78559605e-05  3.06412465e+00  9.78559605e-05 -3.06461734e-04  9.78559605e-05  5.00000000e+00 
 9.78856018e-05  3.06412465e+00  9.78856018e-05 -3.06363523e-04  9.78856018e-05  5.00000000e+00 
 9.79152431e-05  3.06412465e+00  9.79152431e-05 -3.06461215e-04  9.79152431e-05  5.00000000e+00 
 9.79448845e-05  3.06412465e+00  9.79448845e-05 -3.06364040e-04  9.79448845e-05  5.00000000e+00 
 9.79745258e-05  3.06412465e+00  9.79745258e-05 -3.06460700e-04  9.79745258e-05  5.00000000e+00 
 9.80041671e-05  3.06412465e+00  9.80041671e-05 -3.06364553e-04  9.80041671e-05  5.00000000e+00 
 9.80338085e-05  3.06412465e+00  9.80338085e-05 -3.06460189e-04  9.80338085e-05  5.00000000e+00 
 9.80634498e-05  3.06412465e+00  9.80634498e-05 -3.06365061e-04  9.80634498e-05  5.00000000e+00 
 9.80930912e-05  3.06412465e+00  9.80930912e-05 -3.06459684e-04  9.80930912e-05  5.00000000e+00 
 9.81227325e-05  3.06412465e+00  9.81227325e-05 -3.06365564e-04  9.81227325e-05  5.00000000e+00 
 9.81523738e-05  3.06412465e+00  9.81523738e-05 -3.06459183e-04  9.81523738e-05  5.00000000e+00 
 9.81820152e-05  3.06412465e+00  9.81820152e-05 -3.06366063e-04  9.81820152e-05  5.00000000e+00 
 9.82116565e-05  3.06412465e+00  9.82116565e-05 -3.06458686e-04  9.82116565e-05  5.00000000e+00 
 9.82412978e-05  3.06412465e+00  9.82412978e-05 -3.06366557e-04  9.82412978e-05  5.00000000e+00 
 9.82709392e-05  3.06412465e+00  9.82709392e-05 -3.06458195e-04  9.82709392e-05  5.00000000e+00 
 9.83005805e-05  3.06412465e+00  9.83005805e-05 -3.06367046e-04  9.83005805e-05  5.00000000e+00 
 9.83302219e-05  3.06412465e+00  9.83302219e-05 -3.06457708e-04  9.83302219e-05  5.00000000e+00 
 9.83598632e-05  3.06412465e+00  9.83598632e-05 -3.06367531e-04  9.83598632e-05  5.00000000e+00 
 9.83895045e-05  3.06412465e+00  9.83895045e-05 -3.06457225e-04  9.83895045e-05  5.00000000e+00 
 9.84191459e-05  3.06412465e+00  9.84191459e-05 -3.06368011e-04  9.84191459e-05  5.00000000e+00 
 9.84487872e-05  3.06412465e+00  9.84487872e-05 -3.06456748e-04  9.84487872e-05  5.00000000e+00 
 9.84784285e-05  3.06412465e+00  9.84784285e-05 -3.06368486e-04  9.84784285e-05  5.00000000e+00 
 9.85080699e-05  3.06412465e+00  9.85080699e-05 -3.06456275e-04  9.85080699e-05  5.00000000e+00 
 9.85377112e-05  3.06412465e+00  9.85377112e-05 -3.06368957e-04  9.85377112e-05  5.00000000e+00 
 9.85673526e-05  3.06412465e+00  9.85673526e-05 -3.06455806e-04  9.85673526e-05  5.00000000e+00 
 9.85969939e-05  3.06412465e+00  9.85969939e-05 -3.06369424e-04  9.85969939e-05  5.00000000e+00 
 9.86266352e-05  3.06412465e+00  9.86266352e-05 -3.06455342e-04  9.86266352e-05  5.00000000e+00 
 9.86562766e-05  3.06412465e+00  9.86562766e-05 -3.06369885e-04  9.86562766e-05  5.00000000e+00 
 9.86859179e-05  3.06412465e+00  9.86859179e-05 -3.06454883e-04  9.86859179e-05  5.00000000e+00 
 9.87155592e-05  3.06412465e+00  9.87155592e-05 -3.06370342e-04  9.87155592e-05  5.00000000e+00 
 9.87452006e-05  3.06412465e+00  9.87452006e-05 -3.06454428e-04  9.87452006e-05  5.00000000e+00 
 9.87748419e-05  3.06412465e+00  9.87748419e-05 -3.06370795e-04  9.87748419e-05  5.00000000e+00 
 9.88044833e-05  3.06412465e+00  9.88044833e-05 -3.06453977e-04  9.88044833e-05  5.00000000e+00 
 9.88341246e-05  3.06412465e+00  9.88341246e-05 -3.06371243e-04  9.88341246e-05  5.00000000e+00 
 9.88637659e-05  3.06412465e+00  9.88637659e-05 -3.06453531e-04  9.88637659e-05  5.00000000e+00 
 9.88934073e-05  3.06412465e+00  9.88934073e-05 -3.06371687e-04  9.88934073e-05  5.00000000e+00 
 9.89230486e-05  3.06412465e+00  9.89230486e-05 -3.06453090e-04  9.89230486e-05  5.00000000e+00 
 9.89526899e-05  3.06412465e+00  9.89526899e-05 -3.06372126e-04  9.89526899e-05  5.00000000e+00 
 9.89823313e-05  3.06412465e+00  9.89823313e-05 -3.06452653e-04  9.89823313e-05  5.00000000e+00 
 9.90119726e-05  3.06412465e+00  9.90119726e-05 -3.06372561e-04  9.90119726e-05  5.00000000e+00 
 9.90416140e-05  3.06412465e+00  9.90416140e-05 -3.06452220e-04  9.90416140e-05  5.00000000e+00 
 9.90712553e-05  3.06412465e+00  9.90712553e-05 -3.06372992e-04  9.90712553e-05  5.00000000e+00 
 9.91008966e-05  3.06412465e+00  9.91008966e-05 -3.06451792e-04  9.91008966e-05  5.00000000e+00 
 9.91305380e-05  3.06412465e+00  9.91305380e-05 -3.06373418e-04  9.91305380e-05  5.00000000e+00 
 9.91601793e-05  3.06412465e+00  9.91601793e-05 -3.06451368e-04  9.91601793e-05  5.00000000e+00 
 9.91898206e-05  3.06412465e+00  9.91898206e-05 -3.06373840e-04  9.91898206e-05  5.00000000e+00 
 9.92194620e-05  3.06412465e+00  9.92194620e-05 -3.06450948e-04  9.92194620e-05  5.00000000e+00 
 9.92491033e-05  3.06412465e+00  9.92491033e-05 -3.06374258e-04  9.92491033e-05  5.00000000e+00 
 9.92787447e-05  3.06412465e+00  9.92787447e-05 -3.06450532e-04  9.92787447e-05  5.00000000e+00 
 9.93083860e-05  3.06412465e+00  9.93083860e-05 -3.06374671e-04  9.93083860e-05  5.00000000e+00 
 9.93380273e-05  3.06412465e+00  9.93380273e-05 -3.06450121e-04  9.93380273e-05  5.00000000e+00 
 9.93676687e-05  3.06412465e+00  9.93676687e-05 -3.06375080e-04  9.93676687e-05  5.00000000e+00 
 9.93973100e-05  3.06412465e+00  9.93973100e-05 -3.06449714e-04  9.93973100e-05  5.00000000e+00 
 9.94269514e-05  3.06412465e+00  9.94269514e-05 -3.06375485e-04  9.94269514e-05  5.00000000e+00 
 9.94565927e-05  3.06412465e+00  9.94565927e-05 -3.06449311e-04  9.94565927e-05  5.00000000e+00 
 9.94862340e-05  3.06412465e+00  9.94862340e-05 -3.06375886e-04  9.94862340e-05  5.00000000e+00 
 9.95158754e-05  3.06412465e+00  9.95158754e-05 -3.06448913e-04  9.95158754e-05  5.00000000e+00 
 9.95455167e-05  3.06412465e+00  9.95455167e-05 -3.06376283e-04  9.95455167e-05  5.00000000e+00 
 9.95751580e-05  3.06412465e+00  9.95751580e-05 -3.06448518e-04  9.95751580e-05  5.00000000e+00 
 9.96047994e-05  3.06412465e+00  9.96047994e-05 -3.06376675e-04  9.96047994e-05  5.00000000e+00 
 9.96344407e-05  3.06412465e+00  9.96344407e-05 -3.06448127e-04  9.96344407e-05  5.00000000e+00 
 9.96640821e-05  3.06412465e+00  9.96640821e-05 -3.06377064e-04  9.96640821e-05  5.00000000e+00 
 9.96937234e-05  3.06412465e+00  9.96937234e-05 -3.06447741e-04  9.96937234e-05  5.00000000e+00 
 9.97233647e-05  3.06412465e+00  9.97233647e-05 -3.06377448e-04  9.97233647e-05  5.00000000e+00 
 9.97530061e-05  3.06412465e+00  9.97530061e-05 -3.06447358e-04  9.97530061e-05  5.00000000e+00 
 9.97826474e-05  3.06412465e+00  9.97826474e-05 -3.06377829e-04  9.97826474e-05  5.00000000e+00 
 9.98122887e-05  3.06412465e+00  9.98122887e-05 -3.06446980e-04  9.98122887e-05  5.00000000e+00 
 9.98419301e-05  3.06412465e+00  9.98419301e-05 -3.06378205e-04  9.98419301e-05  5.00000000e+00 
 9.98715714e-05  3.06412465e+00  9.98715714e-05 -3.06446605e-04  9.98715714e-05  5.00000000e+00 
 9.99012128e-05  3.06412465e+00  9.99012128e-05 -3.06378578e-04  9.99012128e-05  5.00000000e+00 
 9.99308541e-05  3.06412465e+00  9.99308541e-05 -3.06446234e-04  9.99308541e-05  5.00000000e+00 
 9.99604954e-05  3.06412465e+00  9.99604954e-05 -3.06378947e-04  9.99604954e-05  5.00000000e+00 
 9.99802477e-05  3.06412465e+00  9.99802477e-05 -3.06445779e-04  9.99802477e-05  5.00000000e+00 
 1.00000000e-04  3.06412465e+00  1.00000000e-04 -3.06379492e-04  1.00000000e-04  5.00000000e+00 
