 0.00000000e+00  5.90192003e-10  0.00000000e+00 -2.46101920e-11  0.00000000e+00  0.00000000e+00 
 2.96413377e-10  6.89670517e-07  2.96413377e-10  2.44792902e-07  2.96413377e-10  5.00000000e-03 
 3.06443168e-10  7.13784227e-07  3.06443168e-10  2.44792897e-07  3.06443168e-10  5.16918587e-03 
 3.26502750e-10  7.63585929e-07  3.26502750e-10  2.44792893e-07  3.26502750e-10  5.50755760e-03 
 3.66621914e-10  8.71612614e-07  3.66621914e-10  2.44792885e-07  3.66621914e-10  6.18430108e-03 
 4.46860241e-10  1.10248493e-06  4.46860241e-10  2.44792867e-07  4.46860241e-10  7.53778802e-03 
 5.85968344e-10  1.46131004e-06  5.85968344e-10  2.44792835e-07  5.85968344e-10  9.88431004e-03 
 6.86596240e-10  1.66949669e-06  6.86596240e-10  2.44792814e-07  6.86596240e-10  1.15817350e-02 
 8.14052041e-10  1.94911414e-06  8.14052041e-10  2.44792787e-07  8.14052041e-10  1.37317021e-02 
 9.40208523e-10  2.29146621e-06  9.40208523e-10  2.44792754e-07  9.40208523e-10  1.58597519e-02 
 1.07908744e-09  2.66057779e-06  1.07908744e-09  2.44792714e-07  1.07908744e-09  1.82024080e-02 
 1.20301713e-09  2.92449946e-06  1.20301713e-09  2.44792682e-07  1.20301713e-09  2.02928953e-02 
 1.34497796e-09  3.23447434e-06  1.34497796e-09  2.44792644e-07  1.34497796e-09  2.26875381e-02 
 1.49039467e-09  3.62703854e-06  1.49039467e-09  2.44792596e-07  1.49039467e-09  2.51404758e-02 
 1.63586660e-09  4.00327066e-06  1.63586660e-09  2.44792545e-07  1.63586660e-09  2.75943450e-02 
 1.75394454e-09  4.24751511e-06  1.75394454e-09  2.44792507e-07  1.75394454e-09  2.95861232e-02 
 1.89644406e-09  4.56337187e-06  1.89644406e-09  2.44792458e-07  1.89644406e-09  3.19898527e-02 
 2.02574245e-09  4.91574470e-06  2.02574245e-09  2.44792404e-07  2.02574245e-09  3.41709013e-02 
 2.17027782e-09  5.28599001e-06  2.17027782e-09  2.44792341e-07  2.17027782e-09  3.66089723e-02 
 2.28159824e-09  5.51369938e-06  2.28159824e-09  2.44792297e-07  2.28159824e-09  3.84867623e-02 
 2.42020745e-09  5.81731184e-06  2.42020745e-09  2.44792237e-07  2.42020745e-09  4.08248688e-02 
 2.54846487e-09  6.16407256e-06  2.54846487e-09  2.44792171e-07  2.54846487e-09  4.29883579e-02 
 2.69110343e-09  6.53066944e-06  2.69110343e-09  2.44792094e-07  2.69110343e-09  4.53944328e-02 
 2.80539971e-09  6.76484756e-06  2.80539971e-09  2.44792036e-07  2.80539971e-09  4.73224207e-02 
 2.94483887e-09  7.06691479e-06  2.94483887e-09  2.44791962e-07  2.94483887e-09  4.96745272e-02 
 3.07790440e-09  7.42370660e-06  3.07790440e-09  2.44791877e-07  3.07790440e-09  5.19191210e-02 
 3.22107477e-09  7.78979820e-06  3.22107477e-09  2.44791780e-07  3.22107477e-09  5.43341666e-02 
 3.33678998e-09  8.02542210e-06  3.33678998e-09  2.44791708e-07  3.33678998e-09  5.62860895e-02 
 3.47714889e-09  8.32854718e-06  3.47714889e-09  2.44791615e-07  3.47714889e-09  5.86537105e-02 
 3.60957680e-09  8.68256495e-06  3.60957680e-09  2.44791509e-07  3.60957680e-09  6.08875489e-02 
 3.75319493e-09  9.04717239e-06  3.75319493e-09  2.44791388e-07  3.75319493e-09  6.33101476e-02 
 3.86775810e-09  9.27849786e-06  3.86775810e-09  2.44791299e-07  3.86775810e-09  6.52426374e-02 
 4.00768552e-09  9.57922091e-06  4.00768552e-09  2.44791182e-07  4.00768552e-09  6.76029799e-02 
 4.13887394e-09  9.92852466e-06  4.13887394e-09  2.44791051e-07  4.13887394e-09  6.98159100e-02 
 4.28223470e-09  1.02908943e-05  4.28223470e-09  2.44790902e-07  4.28223470e-09  7.22341674e-02 
 4.39664035e-09  1.05205921e-05  4.39664035e-09  2.44790790e-07  4.39664035e-09  7.41640001e-02 
 4.53639745e-09  1.08189151e-05  4.53639745e-09  2.44790645e-07  4.53639745e-09  7.65214697e-02 
 4.66803167e-09  1.11675533e-05  4.66803167e-09  2.44790482e-07  4.66803167e-09  7.87419196e-02 
 4.81131922e-09  1.15281604e-05  4.81131922e-09  2.44790295e-07  4.81131922e-09  8.11589420e-02 
 4.92608841e-09  1.17572948e-05  4.92608841e-09  2.44790156e-07  4.92608841e-09  8.30949071e-02 
 5.06600373e-09  1.20542106e-05  5.06600373e-09  2.44789975e-07  5.06600373e-09  8.54550455e-02 
 5.19790009e-09  1.24018946e-05  5.19790009e-09  2.44789770e-07  5.19790009e-09  8.76799175e-02 
 5.34127661e-09  1.27608611e-05  5.34127661e-09  2.44789538e-07  5.34127661e-09  9.00984405e-02 
 5.45601492e-09  1.29884636e-05  5.45601492e-09  2.44789365e-07  5.45601492e-09  9.20338847e-02 
 5.59594657e-09  1.32837843e-05  5.59594657e-09  2.44789138e-07  5.59594657e-09  9.43942986e-02 
 5.72765988e-09  1.36294379e-05  5.72765988e-09  2.44788884e-07  5.72765988e-09  9.66160828e-02 
 5.87103910e-09  1.39866187e-05  5.87103910e-09  2.44788595e-07  5.87103910e-09  9.90346515e-02 
 5.98567980e-09  1.42126013e-05  5.98567980e-09  2.44788379e-07  5.98567980e-09  1.00968449e-01 
 6.12556281e-09  1.45060970e-05  6.12556281e-09  2.44788097e-07  6.12556281e-09  1.03328042e-01 
 6.25723903e-09  1.48500390e-05  6.25723903e-09  2.44787780e-07  6.25723903e-09  1.05549201e-01 
 6.40059274e-09  1.52054452e-05  6.40059274e-09  2.44787420e-07  6.40059274e-09  1.07967339e-01 
 6.51526270e-09  1.54301120e-05  6.51526270e-09  2.44787151e-07  6.51526270e-09  1.09901631e-01 
 6.65515159e-09  1.57218981e-05  6.65515159e-09  2.44786798e-07  6.65515159e-09  1.12261323e-01 
 6.78688748e-09  1.60643802e-05  6.78688748e-09  2.44786403e-07  6.78688748e-09  1.14483488e-01 
 6.93024637e-09  1.64180647e-05  6.93024637e-09  2.44785955e-07  6.93024637e-09  1.16901714e-01 
 7.04493812e-09  1.66413885e-05  7.04493812e-09  2.44785619e-07  7.04493812e-09  1.18836373e-01 
 7.18484006e-09  1.69315207e-05  7.18484006e-09  2.44785179e-07  7.18484006e-09  1.21196285e-01 
 7.31657342e-09  1.72724129e-05  7.31657342e-09  2.44784687e-07  7.31657342e-09  1.23418408e-01 
 7.45993927e-09  1.76243760e-05  7.45993927e-09  2.44784129e-07  7.45993927e-09  1.25836751e-01 
 7.57461800e-09  1.78462878e-05  7.57461800e-09  2.44783710e-07  7.57461800e-09  1.27771190e-01 
 7.71451594e-09  1.81347360e-05  7.71451594e-09  2.44783161e-07  7.71451594e-09  1.30131035e-01 
 7.84623200e-09  1.84740073e-05  7.84623200e-09  2.44782548e-07  7.84623200e-09  1.32352866e-01 
 7.98959575e-09  1.88242486e-05  7.98959575e-09  2.44781853e-07  7.98959575e-09  1.34771174e-01 
 8.10427091e-09  1.90447821e-05  8.10427091e-09  2.44781331e-07  8.10427091e-09  1.36705553e-01 
 8.24416644e-09  1.93315512e-05  8.24416644e-09  2.44780646e-07  8.24416644e-09  1.39065357e-01 
 8.37588599e-09  1.96692579e-05  8.37588599e-09  2.44779882e-07  8.37588599e-09  1.41287247e-01 
 8.51924921e-09  2.00177924e-05  8.51924921e-09  2.44779016e-07  8.51924921e-09  1.43705545e-01 
 8.63392877e-09  2.02369718e-05  8.63392877e-09  2.44778365e-07  8.63392877e-09  1.45639999e-01 
 8.77382655e-09  2.05220840e-05  8.77382655e-09  2.44777512e-07  8.77382655e-09  1.47999841e-01 
 8.90554930e-09  2.08582366e-05  8.90554930e-09  2.44776559e-07  8.90554930e-09  1.50221784e-01 
 9.04891445e-09  2.12050762e-05  9.04891445e-09  2.44775480e-07  9.04891445e-09  1.52640116e-01 
 9.16359403e-09  2.14228986e-05  9.16359403e-09  2.44774669e-07  9.16359403e-09  1.54574569e-01 
 9.30349275e-09  2.17063629e-05  9.30349275e-09  2.44773605e-07  9.30349275e-09  1.56934428e-01 
 9.43521261e-09  2.20409566e-05  9.43521261e-09  2.44772418e-07  9.43521261e-09  1.59156322e-01 
 9.57857898e-09  2.23861100e-05  9.57857898e-09  2.44771074e-07  9.57857898e-09  1.61574674e-01 
 9.69325720e-09  2.26025812e-05  9.69325720e-09  2.44770063e-07  9.69325720e-09  1.63509105e-01 
 9.83315596e-09  2.28844048e-05  9.83315596e-09  2.44768737e-07  9.83315596e-09  1.65868964e-01 
 9.96487403e-09  2.32174513e-05  9.96487403e-09  2.44767257e-07  9.96487403e-09  1.68090828e-01 
 1.01082414e-08  2.35609291e-05  1.01082414e-08  2.44765582e-07  1.01082414e-08  1.70509197e-01 
 1.02229198e-08  2.37760608e-05  1.02229198e-08  2.44764322e-07  1.02229198e-08  1.72443630e-01 
 1.03628193e-08  2.40562556e-05  1.03628193e-08  2.44762669e-07  1.03628193e-08  1.74803503e-01 
 1.04945368e-08  2.43877676e-05  1.04945368e-08  2.44760826e-07  1.04945368e-08  1.77025358e-01 
 1.06379058e-08  2.47295814e-05  1.06379058e-08  2.44758739e-07  1.06379058e-08  1.79443753e-01 
 1.07525844e-08  2.49433822e-05  1.07525844e-08  2.44757169e-07  1.07525844e-08  1.81378191e-01 
 1.08924851e-08  2.52219602e-05  1.08924851e-08  2.44755108e-07  1.08924851e-08  1.83738082e-01 
 1.10242011e-08  2.55519459e-05  1.10242011e-08  2.44752811e-07  1.10242011e-08  1.85959912e-01 
 1.11675721e-08  2.58921072e-05  1.11675721e-08  2.44750211e-07  1.11675721e-08  1.88378341e-01 
 1.12822505e-08  2.61045848e-05  1.12822505e-08  2.44748254e-07  1.12822505e-08  1.90312775e-01 
 1.14221523e-08  2.63815575e-05  1.14221523e-08  2.44745686e-07  1.14221523e-08  1.92672686e-01 
 1.15538661e-08  2.67100262e-05  1.15538661e-08  2.44742824e-07  1.15538661e-08  1.94894479e-01 
 1.16972395e-08  2.70485472e-05  1.16972395e-08  2.44739584e-07  1.16972395e-08  1.97312949e-01 
 1.18119177e-08  2.72597111e-05  1.18119177e-08  2.44737146e-07  1.18119177e-08  1.99247380e-01 
 1.19518210e-08  2.75350909e-05  1.19518210e-08  2.44733945e-07  1.19518210e-08  2.01607314e-01 
 1.20835325e-08  2.78620535e-05  1.20835325e-08  2.44730380e-07  1.20835325e-08  2.03829068e-01 
 1.22269088e-08  2.81989473e-05  1.22269088e-08  2.44726343e-07  1.22269088e-08  2.06247587e-01 
 1.23415869e-08  2.84088075e-05  1.23415869e-08  2.44723305e-07  1.23415869e-08  2.08182016e-01 
 1.24814919e-08  2.86826082e-05  1.24814919e-08  2.44719317e-07  1.24814919e-08  2.10541981e-01 
 1.26132006e-08  2.90080757e-05  1.26132006e-08  2.44714874e-07  1.26132006e-08  2.12763687e-01 
 1.27565806e-08  2.93433563e-05  1.27565806e-08  2.44709846e-07  1.27565806e-08  2.15182268e-01 
 1.28712586e-08  2.95519230e-05  1.28712586e-08  2.44706060e-07  1.28712586e-08  2.17116695e-01 
 1.30111658e-08  2.98241594e-05  1.30111658e-08  2.44701091e-07  1.30111658e-08  2.19476697e-01 
 1.31428709e-08  3.01481432e-05  1.31428709e-08  2.44695557e-07  1.31428709e-08  2.21698343e-01 
 1.32862553e-08  3.04818259e-05  1.32862553e-08  2.44689292e-07  1.32862553e-08  2.24116999e-01 
 1.34009332e-08  3.06891102e-05  1.34009332e-08  2.44684575e-07  1.34009332e-08  2.26051423e-01 
 1.35408431e-08  3.09597987e-05  1.35408431e-08  2.44678384e-07  1.35408431e-08  2.28411471e-01 
 1.36725438e-08  3.12823112e-05  1.36725438e-08  2.44671491e-07  1.36725438e-08  2.30633042e-01 
 1.38159338e-08  3.16144127e-05  1.38159338e-08  2.44663687e-07  1.38159338e-08  2.33051793e-01 
 1.39306114e-08  3.18204268e-05  1.39306114e-08  2.44657811e-07  1.39306114e-08  2.34986213e-01 
 1.40705247e-08  3.20895855e-05  1.40705247e-08  2.44650098e-07  1.40705247e-08  2.37346318e-01 
 1.42022200e-08  3.24106403e-05  1.42022200e-08  2.44641512e-07  1.42022200e-08  2.39567797e-01 
 1.43456169e-08  3.27411796e-05  1.43456169e-08  2.44631792e-07  1.43456169e-08  2.41986664e-01 
 1.44602942e-08  3.29459369e-05  1.44602942e-08  2.44624472e-07  1.44602942e-08  2.43921080e-01 
 1.46002118e-08  3.32135864e-05  1.46002118e-08  2.44614864e-07  1.46002118e-08  2.46281256e-01 
 1.47319002e-08  3.35331983e-05  1.47319002e-08  2.44604171e-07  1.47319002e-08  2.48502621e-01 
 1.48753057e-08  3.38621965e-05  1.48753057e-08  2.44592064e-07  1.48753057e-08  2.50921633e-01 
 1.49899827e-08  3.40657120e-05  1.49899827e-08  2.44582947e-07  1.49899827e-08  2.52856043e-01 
 1.51299055e-08  3.43318758e-05  1.51299055e-08  2.44570979e-07  1.51299055e-08  2.55216307e-01 
 1.52615856e-08  3.46500613e-05  1.52615856e-08  2.44557664e-07  1.52615856e-08  2.57437530e-01 
 1.54050017e-08  3.49775428e-05  1.54050017e-08  2.44542587e-07  1.54050017e-08  2.59856722e-01 
 1.55196783e-08  3.51798335e-05  1.55196783e-08  2.44531233e-07  1.55196783e-08  2.61791125e-01 
 1.56596076e-08  3.54445387e-05  1.56596076e-08  2.44516327e-07  1.56596076e-08  2.64151499e-01 
 1.57912773e-08  3.57613164e-05  1.57912773e-08  2.44499748e-07  1.57912773e-08  2.66372547e-01 
 1.59347066e-08  3.60873094e-05  1.59347066e-08  2.44480973e-07  1.59347066e-08  2.68791962e-01 
 1.60493827e-08  3.62883945e-05  1.60493827e-08  2.44466834e-07  1.60493827e-08  2.70726357e-01 
 1.61893201e-08  3.65516730e-05  1.61893201e-08  2.44448272e-07  1.61893201e-08  2.73086867e-01 
 1.63209768e-08  3.68670642e-05  1.63209768e-08  2.44427632e-07  1.63209768e-08  2.75307697e-01 
 1.64644226e-08  3.71916014e-05  1.64644226e-08  2.44404255e-07  1.64644226e-08  2.77727388e-01 
 1.65790981e-08  3.73915035e-05  1.65790981e-08  2.44386652e-07  1.65790981e-08  2.79661773e-01 
 1.67190455e-08  3.76533927e-05  1.67190455e-08  2.44363538e-07  1.67190455e-08  2.82022452e-01 
 1.68506862e-08  3.79674219e-05  1.68506862e-08  2.44337848e-07  1.68506862e-08  2.84243012e-01 
 1.69941525e-08  3.82905422e-05  1.69941525e-08  2.44308745e-07  1.69941525e-08  2.86663048e-01 
 1.71088272e-08  3.84892875e-05  1.71088272e-08  2.44286831e-07  1.71088272e-08  2.88597420e-01 
 1.72487871e-08  3.87498319e-05  1.72487871e-08  2.44258054e-07  1.72487871e-08  2.90958310e-01 
 1.73804079e-08  3.90625279e-05  1.73804079e-08  2.44226083e-07  1.73804079e-08  2.93178534e-01 
 1.75238995e-08  3.93842773e-05  1.75238995e-08  2.44189856e-07  1.75238995e-08  2.95598998e-01 
 1.76385733e-08  3.95818969e-05  1.76385733e-08  2.44162580e-07  1.76385733e-08  2.97533355e-01 
 1.77785487e-08  3.98411498e-05  1.77785487e-08  2.44126758e-07  1.77785487e-08  2.99894506e-01 
 1.79101448e-08  4.01525465e-05  1.79101448e-08  2.44086978e-07  1.79101448e-08  3.02114313e-01 
 1.80536679e-08  4.04729802e-05  1.80536679e-08  2.44041890e-07  1.80536679e-08  3.04535310e-01 
 1.81683406e-08  4.06695109e-05  1.81683406e-08  2.44007947e-07  1.81683406e-08  3.06469647e-01 
 1.83083353e-08  4.09275368e-05  1.83083353e-08  2.43963362e-07  1.83083353e-08  3.08831123e-01 
 1.84399007e-08  4.12376743e-05  1.84399007e-08  2.43913879e-07  1.84399007e-08  3.11050413e-01 
 1.85834631e-08  4.15568588e-05  1.85834631e-08  2.43857770e-07  1.85834631e-08  3.13472071e-01 
 1.86981343e-08  4.17523450e-05  1.86981343e-08  2.43815540e-07  1.86981343e-08  3.15406384e-01 
 1.88381530e-08  4.20092218e-05  1.88381530e-08  2.43760057e-07  1.88381530e-08  3.17768266e-01 
 1.89696804e-08  4.23181485e-05  1.89696804e-08  2.43698519e-07  1.89696804e-08  3.19986914e-01 
 1.91132914e-08  4.26361643e-05  1.91132914e-08  2.43628708e-07  1.91132914e-08  3.22409393e-01 
 1.92279609e-08  4.28306595e-05  1.92279609e-08  2.43576179e-07  1.92279609e-08  3.24343677e-01 
 1.93680094e-08  4.30864821e-05  1.93680094e-08  2.43507148e-07  1.93680094e-08  3.26706062e-01 
 1.94994896e-08  4.33942561e-05  1.94994896e-08  2.43430641e-07  1.94994896e-08  3.28923913e-01 
 1.96431612e-08  4.37112014e-05  1.96431612e-08  2.43343797e-07  1.96431612e-08  3.31347414e-01 
 1.97578285e-08  4.39047702e-05  1.97578285e-08  2.43278476e-07  1.97578285e-08  3.33281661e-01 
 1.98979142e-08  4.41596549e-05  1.98979142e-08  2.43192602e-07  1.98979142e-08  3.35644672e-01 
 2.00293358e-08  4.44663467e-05  2.00293358e-08  2.43097518e-07  2.00293358e-08  3.37861536e-01 
 2.01730826e-08  4.47823410e-05  2.01730826e-08  2.42989505e-07  2.01730826e-08  3.40286305e-01 
 2.02877473e-08  4.49750623e-05  2.02877473e-08  2.42908300e-07  2.02877473e-08  3.42220507e-01 
 2.04278791e-08  4.52291515e-05  2.04278791e-08  2.42801496e-07  2.04278791e-08  3.44584298e-01 
 2.05592282e-08  4.55348470e-05  2.05592282e-08  2.42683369e-07  2.05592282e-08  3.46799939e-01 
 2.07030684e-08  4.58500370e-05  2.07030684e-08  2.42549053e-07  2.07030684e-08  3.49226282e-01 
 2.08177297e-08  4.60420072e-05  2.08177297e-08  2.42448134e-07  2.08177297e-08  3.51160428e-01 
 2.09579190e-08  4.62954759e-05  2.09579190e-08  2.42315324e-07  2.09579190e-08  3.53525188e-01 
 2.10891784e-08  4.66002800e-05  2.10891784e-08  2.42168633e-07  2.10891784e-08  3.55739316e-01 
 2.12331344e-08  4.69148455e-05  2.12331344e-08  2.42001643e-07  2.12331344e-08  3.58167614e-01 
 2.13477917e-08  4.71061828e-05  2.13477917e-08  2.41876269e-07  2.13477917e-08  3.60101692e-01 
 2.14880525e-08  4.73592466e-05  2.14880525e-08  2.41711155e-07  2.14880525e-08  3.62467657e-01 
 2.16192010e-08  4.76632880e-05  2.16192010e-08  2.41529082e-07  2.16192010e-08  3.64679915e-01 
 2.17633008e-08  4.79774501e-05  2.17633008e-08  2.41321512e-07  2.17633008e-08  3.67110638e-01 
 2.18779531e-08  4.81682996e-05  2.18779531e-08  2.41165819e-07  2.18779531e-08  3.69044632e-01 
 2.20183028e-08  4.84212248e-05  2.20183028e-08  2.40960584e-07  2.20183028e-08  3.71412097e-01 
 2.21493146e-08  4.87246613e-05  2.21493146e-08  2.40734720e-07  2.21493146e-08  3.73622047e-01 
 2.22935926e-08  4.90386925e-05  2.22935926e-08  2.40476761e-07  2.22935926e-08  3.76055776e-01 
 2.24082388e-08  4.92292327e-05  2.24082388e-08  2.40283502e-07  2.24082388e-08  3.77989668e-01 
 2.25486991e-08  4.94823486e-05  2.25486991e-08  2.40028445e-07  2.25486991e-08  3.80358999e-01 
 2.26795424e-08  4.97853745e-05  2.26795424e-08  2.39748434e-07  2.26795424e-08  3.82566107e-01 
 2.28240412e-08  5.00996106e-05  2.28240412e-08  2.39427915e-07  2.28240412e-08  3.85003562e-01 
 2.29386802e-08  5.02900617e-05  2.29386802e-08  2.39188143e-07  2.29386802e-08  3.86937330e-01 
 2.30792781e-08  5.05437758e-05  2.30792781e-08  2.38871226e-07  2.30792781e-08  3.89308984e-01 
 2.32099144e-08  5.08466306e-05  2.32099144e-08  2.38524333e-07  2.32099144e-08  3.91512600e-01 
 2.33546867e-08  5.11614862e-05  2.33546867e-08  2.38126152e-07  2.33546867e-08  3.93954667e-01 
 2.34693169e-08  5.13521198e-05  2.34693169e-08  2.37828831e-07  2.34693169e-08  3.95888288e-01 
 2.36100862e-08  5.16069378e-05  2.36100862e-08  2.37435108e-07  2.36100862e-08  3.98262831e-01 
 2.37404689e-08  5.19099164e-05  2.37404689e-08  2.37005700e-07  2.37404689e-08  4.00462170e-01 
 2.38855794e-08  5.22259040e-05  2.38855794e-08  2.36511117e-07  2.38855794e-08  4.02909943e-01 
 2.40001994e-08  5.24170556e-05  2.40001994e-08  2.36142648e-07  2.40001994e-08  4.04843391e-01 
 2.41411821e-08  5.26736059e-05  2.41411821e-08  2.35653555e-07  2.41411821e-08  4.07221534e-01 
 2.42712552e-08  5.29770721e-05  2.42712552e-08  2.35122485e-07  2.42712552e-08  4.09415651e-01 
 2.44167838e-08  5.32948254e-05  2.44167838e-08  2.34508232e-07  2.44167838e-08  4.11870477e-01 
 2.45313922e-08  5.34869103e-05  2.45313922e-08  2.34051878e-07  2.45313922e-08  4.13803729e-01 
 2.46726407e-08  5.37459747e-05  2.46726407e-08  2.33444334e-07  2.46726407e-08  4.16186357e-01 
 2.48023375e-08  5.40503776e-05  2.48023375e-08  2.32788197e-07  2.48023375e-08  4.18374126e-01 
 2.49483825e-08  5.43706813e-05  2.49483825e-08  2.32025366e-07  2.49483825e-08  4.20837661e-01 
 2.50629782e-08  5.45642138e-05  2.50629782e-08  2.31460550e-07  2.50629782e-08  4.22770700e-01 
 2.52045583e-08  5.48267682e-05  2.52045583e-08  2.30705824e-07  2.52045583e-08  4.25158921e-01 
 2.53338003e-08  5.51326619e-05  2.53338003e-08  2.29896079e-07  2.53338003e-08  4.27339017e-01 
 2.54804821e-08  5.54564886e-05  2.54804821e-08  2.28948726e-07  2.54804821e-08  4.29813296e-01 
 2.55950654e-08  5.56521072e-05  2.55950654e-08  2.28250174e-07  2.55950654e-08  4.31746124e-01 
 2.57370596e-08  5.59193725e-05  2.57370596e-08  2.27312427e-07  2.57370596e-08  4.34141331e-01 
 2.58657553e-08  5.62274416e-05  2.58657553e-08  2.26314352e-07  2.58657553e-08  4.36312213e-01 
 2.60132223e-08  5.65559981e-05  2.60132223e-08  2.25137721e-07  2.60132223e-08  4.38799735e-01 
 2.61277956e-08  5.67544980e-05  2.61277956e-08  2.24274416e-07  2.61277956e-08  4.40732396e-01 
 2.62703080e-08  5.70280075e-05  2.62703080e-08  2.23108820e-07  2.62703080e-08  4.43136343e-01 
 2.63983534e-08  5.73390984e-05  2.63983534e-08  2.21880272e-07  2.63983534e-08  4.45296256e-01 
 2.65467876e-08  5.76738854e-05  2.65467876e-08  2.20418542e-07  2.65467876e-08  4.47800093e-01 
 2.66613587e-08  5.78762612e-05  2.66613587e-08  2.19352418e-07  2.66613587e-08  4.49732717e-01 
 2.68045212e-08  5.81579502e-05  2.68045212e-08  2.17902674e-07  2.68045212e-08  4.52147629e-01 
 2.69318011e-08  5.84731117e-05  2.69318011e-08  2.16392591e-07  2.69318011e-08  4.54294630e-01 
 2.70814267e-08  5.88159992e-05  2.70814267e-08  2.14575981e-07  2.70814267e-08  4.56818564e-01 
 2.71960137e-08  5.90235042e-05  2.71960137e-08  2.13260276e-07  2.71960137e-08  4.58751455e-01 
 2.73399947e-08  5.93158323e-05  2.73399947e-08  2.11455277e-07  2.73399947e-08  4.61180175e-01 
 2.74663883e-08  5.96363709e-05  2.74663883e-08  2.09601830e-07  2.74663883e-08  4.63312225e-01 
 2.76174824e-08  5.99896957e-05  2.76174824e-08  2.07342831e-07  2.76174824e-08  4.65860930e-01 
 2.77321242e-08  6.02039298e-05  2.77321242e-08  2.05719890e-07  2.77321242e-08  4.67794747e-01 
 2.78771415e-08  6.05100530e-05  2.78771415e-08  2.03469091e-07  2.78771415e-08  4.70240949e-01 
 2.80025347e-08  6.08376140e-05  2.80025347e-08  2.01197241e-07  2.80025347e-08  4.72356122e-01 
 2.81554424e-08  6.12043065e-05  2.81554424e-08  1.98385680e-07  2.81554424e-08  4.74935420e-01 
 2.82712380e-08  6.14294409e-05  2.82712380e-08  1.96365351e-07  2.82712380e-08  4.76888699e-01 
 2.84169680e-08  6.17524060e-05  2.84169680e-08  1.93561966e-07  2.84169680e-08  4.79346922e-01 
 2.85409337e-08  6.20882738e-05  2.85409337e-08  1.90786936e-07  2.85409337e-08  4.81438017e-01 
 2.86960890e-08  6.24719370e-05  2.86960890e-08  1.87283694e-07  2.86960890e-08  4.84055229e-01 
 2.88143778e-08  6.27135445e-05  2.88143778e-08  1.84740189e-07  2.88143778e-08  4.86050562e-01 
 2.89604548e-08  6.30573377e-05  2.89604548e-08  1.81250626e-07  2.89604548e-08  4.88514638e-01 
 2.90834328e-08  6.34054711e-05  2.90834328e-08  1.77848390e-07  2.90834328e-08  4.90589072e-01 
 2.92408879e-08  6.38091029e-05  2.92408879e-08  1.73490959e-07  2.92408879e-08  4.93245078e-01 
 2.93630355e-08  6.40742549e-05  2.93630355e-08  1.70251784e-07  2.93630355e-08  4.95305504e-01 
 2.95094163e-08  6.44451221e-05  2.95094163e-08  1.65894659e-07  2.95094163e-08  4.97774704e-01 
 2.96368577e-08  6.48243170e-05  2.96368577e-08  1.61535898e-07  2.96368577e-08  4.99924429e-01 
 2.97944431e-08  6.52440192e-05  2.97944431e-08  1.56206541e-07  2.97944431e-08  5.02582632e-01 
 2.99264278e-08  6.55541073e-05  2.99264278e-08  1.51866581e-07  2.99264278e-08  5.04808994e-01 
 3.00742208e-08  6.59668560e-05  3.00742208e-08  1.46317234e-07  3.00742208e-08  5.07302017e-01 
 3.02156212e-08  6.64102096e-05  3.02156212e-08  1.40330571e-07  3.02156212e-08  5.09687205e-01 
 3.03753458e-08  6.68498613e-05  3.03753458e-08  1.33762762e-07  3.03753458e-08  5.12381494e-01 
 3.05342678e-08  6.72711639e-05  3.05342678e-08  1.27116295e-07  3.05342678e-08  5.15062243e-01 
 3.06956521e-08  6.77877381e-05  3.06956521e-08  1.19202971e-07  3.06956521e-08  5.17784527e-01 
 3.08970333e-08  6.84354890e-05  3.08970333e-08  1.08691384e-07  3.08970333e-08  5.21181493e-01 
 3.10748560e-08  6.89480810e-05  3.10748560e-08  9.96184974e-08  3.10748560e-08  5.24181065e-01 
 3.12607152e-08  6.95618126e-05  3.12607152e-08  8.88057409e-08  3.12607152e-08  5.27316201e-01 
 3.14339381e-08  7.01920822e-05  3.14339381e-08  7.74425165e-08  3.14339381e-08  5.30238183e-01 
 3.16269801e-08  7.08281362e-05  3.16269801e-08  6.50888861e-08  3.16269801e-08  5.33494479e-01 
 3.18674204e-08  7.16798859e-05  3.18674204e-08  4.81605557e-08  3.18674204e-08  5.37550307e-01 
 3.21044274e-08  7.26338462e-05  3.21044274e-08  2.86815775e-08  3.21044274e-08  5.41548220e-01 
 3.23255519e-08  7.34765450e-05  3.23255519e-08  1.04148620e-08  3.23255519e-08  5.45278222e-01 
 3.26125277e-08  7.46658333e-05  3.26125277e-08 -1.60595465e-08  3.26125277e-08  5.50119026e-01 
 3.28873278e-08  7.59419027e-05  3.28873278e-08 -4.55984582e-08  3.28873278e-08  5.54754446e-01 
 3.31501114e-08  7.71373378e-05  3.31501114e-08 -7.43891165e-08  3.31501114e-08  5.59187167e-01 
 3.35836044e-08  7.93899716e-05  3.35836044e-08 -1.30669273e-07  3.35836044e-08  5.66499473e-01 
 3.39740477e-08  8.16326602e-05  3.39740477e-08 -1.89456964e-07  3.39740477e-08  5.73085601e-01 
 3.43724908e-08  8.41002621e-05  3.43724908e-08 -2.55829361e-07  3.43724908e-08  5.79806672e-01 
 3.48278255e-08  8.73813795e-05  3.48278255e-08 -3.48322018e-07  3.48278255e-08  5.87487411e-01 
 3.53963270e-08  9.19695672e-05  3.53963270e-08 -4.79943583e-07  3.53963270e-08  5.97077084e-01 
 3.65333299e-08  1.04006899e-04  3.65333299e-08 -8.40192784e-07  3.65333299e-08  6.16256430e-01 
 3.77433828e-08  1.22123770e-04  3.77433828e-08 -1.39516621e-06  3.77433828e-08  6.36668006e-01 
 3.95591916e-08  1.66238970e-04  3.95591916e-08 -2.74957443e-06  3.95591916e-08  6.67297676e-01 
 4.18385698e-08  2.71405521e-04  4.18385698e-08 -5.88863068e-06  4.18385698e-08  7.05746990e-01 
 4.63973261e-08  9.22825698e-04  4.63973261e-08 -2.27073494e-05  4.63973261e-08  7.82645617e-01 
 5.07030281e-08  2.79937984e-03  5.07030281e-08 -6.65079724e-05  5.07030281e-08  8.55275639e-01 
 5.63781327e-08  9.89591379e-03  5.63781327e-08 -1.94072289e-04  5.63781327e-08  9.51005201e-01 
 6.32058997e-08  3.01260211e-02  6.32058997e-08 -4.36423619e-04  6.32058997e-08  1.06617826e+00 
 7.38155480e-08  9.08548204e-02  7.38155480e-08 -8.27833946e-04  7.38155480e-08  1.24514535e+00 
 8.64376482e-08  1.97203534e-01  8.64376482e-08 -1.14450397e-03  8.64376482e-08  1.45805916e+00 
 1.06133754e-07  3.93136457e-01  1.06133754e-07 -1.43493696e-03  1.06133754e-07  1.79029967e+00 
 1.33644909e-07  6.83957200e-01  1.33644909e-07 -1.75600496e-03  1.33644909e-07  2.25436703e+00 
 1.63286247e-07  1.00440943e+00  1.63286247e-07 -2.09420869e-03  1.63286247e-07  2.75436703e+00 
 1.92927585e-07  1.32895048e+00  1.92927585e-07 -2.42857065e-03  1.92927585e-07  3.25436703e+00 
 2.22568922e-07  1.65490889e+00  2.22568922e-07 -2.75424563e-03  2.22568922e-07  3.75436703e+00 
 2.52210260e-07  1.98016858e+00  2.52210260e-07 -3.07503559e-03  2.52210260e-07  4.25436703e+00 
 2.74311819e-07  2.22140316e+00  2.74311819e-07 -3.30903267e-03  2.74311819e-07  4.62718352e+00 
 2.96413377e-07  2.46103106e+00  2.96413377e-07 -3.54132345e-03  2.96413377e-07  5.00000000e+00 
 2.99377511e-07  2.48758826e+00  2.99377511e-07 -3.38435223e-03  2.99377511e-07  5.00000000e+00 
 3.05305779e-07  2.53000954e+00  3.05305779e-07 -3.06609851e-03  3.05305779e-07  5.00000000e+00 
 3.17162314e-07  2.57125706e+00  3.17162314e-07 -2.73187558e-03  3.17162314e-07  5.00000000e+00 
 3.34591644e-07  2.58808752e+00  3.34591644e-07 -2.62081469e-03  3.34591644e-07  5.00000000e+00 
 3.60401591e-07  2.59145797e+00  3.60401591e-07 -2.58489624e-03  3.60401591e-07  5.00000000e+00 
 3.87785657e-07  2.59125759e+00  3.87785657e-07 -2.59634127e-03  3.87785657e-07  5.00000000e+00 
 4.17426995e-07  2.59132907e+00  4.17426995e-07 -2.58673906e-03  4.17426995e-07  5.00000000e+00 
 4.47068333e-07  2.59127979e+00  4.47068333e-07 -2.59552716e-03  4.47068333e-07  5.00000000e+00 
 4.76709670e-07  2.59133591e+00  4.76709670e-07 -2.58747661e-03  4.76709670e-07  5.00000000e+00 
 5.06351008e-07  2.59128548e+00  5.06351008e-07 -2.59479609e-03  5.06351008e-07  5.00000000e+00 
 5.35992346e-07  2.59133228e+00  5.35992346e-07 -2.58814522e-03  5.35992346e-07  5.00000000e+00 
 5.65633684e-07  2.59129049e+00  5.65633684e-07 -2.59418868e-03  5.65633684e-07  5.00000000e+00 
 5.95275021e-07  2.59132911e+00  5.95275021e-07 -2.58869794e-03  5.95275021e-07  5.00000000e+00 
 6.24916359e-07  2.59129454e+00  6.24916359e-07 -2.59368669e-03  6.24916359e-07  5.00000000e+00 
 6.54557697e-07  2.59132640e+00  6.54557697e-07 -2.58915456e-03  6.54557697e-07  5.00000000e+00 
 6.84199035e-07  2.59129780e+00  6.84199035e-07 -2.59327193e-03  6.84199035e-07  5.00000000e+00 
 7.13840372e-07  2.59132409e+00  7.13840372e-07 -2.58953179e-03  7.13840372e-07  5.00000000e+00 
 7.43481710e-07  2.59130044e+00  7.43481710e-07 -2.59292925e-03  7.43481710e-07  5.00000000e+00 
 7.73123048e-07  2.59132214e+00  7.73123048e-07 -2.58984343e-03  7.73123048e-07  5.00000000e+00 
 8.02764386e-07  2.59130258e+00  8.02764386e-07 -2.59264612e-03  8.02764386e-07  5.00000000e+00 
 8.32405723e-07  2.59132050e+00  8.32405723e-07 -2.59010089e-03  8.32405723e-07  5.00000000e+00 
 8.62047061e-07  2.59130433e+00  8.62047061e-07 -2.59241220e-03  8.62047061e-07  5.00000000e+00 
 8.91688399e-07  2.59131912e+00  8.91688399e-07 -2.59031358e-03  8.91688399e-07  5.00000000e+00 
 9.21329736e-07  2.59130575e+00  9.21329736e-07 -2.59221893e-03  9.21329736e-07  5.00000000e+00 
 9.50971074e-07  2.59131797e+00  9.50971074e-07 -2.59048929e-03  9.50971074e-07  5.00000000e+00 
 9.80612412e-07  2.59130692e+00  9.80612412e-07 -2.59205926e-03  9.80612412e-07  5.00000000e+00 
 1.01025375e-06  2.59131701e+00  1.01025375e-06 -2.59063446e-03  1.01025375e-06  5.00000000e+00 
 1.03989509e-06  2.59130787e+00  1.03989509e-06 -2.59192735e-03  1.03989509e-06  5.00000000e+00 
 1.06953643e-06  2.59131620e+00  1.06953643e-06 -2.59075438e-03  1.06953643e-06  5.00000000e+00 
 1.09917776e-06  2.59130865e+00  1.09917776e-06 -2.59181837e-03  1.09917776e-06  5.00000000e+00 
 1.12881910e-06  2.59131554e+00  1.12881910e-06 -2.59085345e-03  1.12881910e-06  5.00000000e+00 
 1.15846044e-06  2.59130930e+00  1.15846044e-06 -2.59172834e-03  1.15846044e-06  5.00000000e+00 
 1.18810178e-06  2.59131498e+00  1.18810178e-06 -2.59093529e-03  1.18810178e-06  5.00000000e+00 
 1.21774311e-06  2.59130983e+00  1.21774311e-06 -2.59165396e-03  1.21774311e-06  5.00000000e+00 
 1.24738445e-06  2.59131452e+00  1.24738445e-06 -2.59100290e-03  1.24738445e-06  5.00000000e+00 
 1.27702579e-06  2.59131026e+00  1.27702579e-06 -2.59159251e-03  1.27702579e-06  5.00000000e+00 
 1.30666713e-06  2.59131414e+00  1.30666713e-06 -2.59105875e-03  1.30666713e-06  5.00000000e+00 
 1.33630846e-06  2.59131062e+00  1.33630846e-06 -2.59154176e-03  1.33630846e-06  5.00000000e+00 
 1.36594980e-06  2.59131382e+00  1.36594980e-06 -2.59110489e-03  1.36594980e-06  5.00000000e+00 
 1.39559114e-06  2.59131092e+00  1.39559114e-06 -2.59149983e-03  1.39559114e-06  5.00000000e+00 
 1.42523248e-06  2.59131356e+00  1.42523248e-06 -2.59114300e-03  1.42523248e-06  5.00000000e+00 
 1.45487382e-06  2.59131116e+00  1.45487382e-06 -2.59146519e-03  1.45487382e-06  5.00000000e+00 
 1.48451515e-06  2.59131335e+00  1.48451515e-06 -2.59117447e-03  1.48451515e-06  5.00000000e+00 
 1.51415649e-06  2.59131136e+00  1.51415649e-06 -2.59143659e-03  1.51415649e-06  5.00000000e+00 
 1.54379783e-06  2.59131317e+00  1.54379783e-06 -2.59120047e-03  1.54379783e-06  5.00000000e+00 
 1.57343917e-06  2.59131153e+00  1.57343917e-06 -2.59141296e-03  1.57343917e-06  5.00000000e+00 
 1.60308050e-06  2.59131302e+00  1.60308050e-06 -2.59122195e-03  1.60308050e-06  5.00000000e+00 
 1.63272184e-06  2.59131166e+00  1.63272184e-06 -2.59139344e-03  1.63272184e-06  5.00000000e+00 
 1.66236318e-06  2.59131290e+00  1.66236318e-06 -2.59123968e-03  1.66236318e-06  5.00000000e+00 
 1.69200452e-06  2.59131177e+00  1.69200452e-06 -2.59137733e-03  1.69200452e-06  5.00000000e+00 
 1.72164586e-06  2.59131279e+00  1.72164586e-06 -2.59125433e-03  1.72164586e-06  5.00000000e+00 
 1.75128719e-06  2.59131187e+00  1.75128719e-06 -2.59136402e-03  1.75128719e-06  5.00000000e+00 
 1.78092853e-06  2.59131271e+00  1.78092853e-06 -2.59126642e-03  1.78092853e-06  5.00000000e+00 
 1.81056987e-06  2.59131194e+00  1.81056987e-06 -2.59135303e-03  1.81056987e-06  5.00000000e+00 
 1.84021121e-06  2.59131264e+00  1.84021121e-06 -2.59127640e-03  1.84021121e-06  5.00000000e+00 
 1.86985254e-06  2.59131201e+00  1.86985254e-06 -2.59134396e-03  1.86985254e-06  5.00000000e+00 
 1.89949388e-06  2.59131258e+00  1.89949388e-06 -2.59128464e-03  1.89949388e-06  5.00000000e+00 
 1.92913522e-06  2.59131206e+00  1.92913522e-06 -2.59133648e-03  1.92913522e-06  5.00000000e+00 
 1.95877656e-06  2.59131254e+00  1.95877656e-06 -2.59129144e-03  1.95877656e-06  5.00000000e+00 
 1.98841790e-06  2.59131210e+00  1.98841790e-06 -2.59133030e-03  1.98841790e-06  5.00000000e+00 
 2.01805923e-06  2.59131250e+00  2.01805923e-06 -2.59129705e-03  2.01805923e-06  5.00000000e+00 
 2.04770057e-06  2.59131214e+00  2.04770057e-06 -2.59132520e-03  2.04770057e-06  5.00000000e+00 
 2.07734191e-06  2.59131246e+00  2.07734191e-06 -2.59130168e-03  2.07734191e-06  5.00000000e+00 
 2.10698325e-06  2.59131217e+00  2.10698325e-06 -2.59132100e-03  2.10698325e-06  5.00000000e+00 
 2.13662458e-06  2.59131244e+00  2.13662458e-06 -2.59130550e-03  2.13662458e-06  5.00000000e+00 
 2.16626592e-06  2.59131219e+00  2.16626592e-06 -2.59131753e-03  2.16626592e-06  5.00000000e+00 
 2.19590726e-06  2.59131241e+00  2.19590726e-06 -2.59130865e-03  2.19590726e-06  5.00000000e+00 
 2.22554860e-06  2.59131221e+00  2.22554860e-06 -2.59131467e-03  2.22554860e-06  5.00000000e+00 
 2.25518993e-06  2.59131240e+00  2.25518993e-06 -2.59131124e-03  2.25518993e-06  5.00000000e+00 
 2.28483127e-06  2.59131223e+00  2.28483127e-06 -2.59131232e-03  2.28483127e-06  5.00000000e+00 
 2.31447261e-06  2.59131238e+00  2.31447261e-06 -2.59131338e-03  2.31447261e-06  5.00000000e+00 
 2.34411395e-06  2.59131224e+00  2.34411395e-06 -2.59131038e-03  2.34411395e-06  5.00000000e+00 
 2.37375529e-06  2.59131237e+00  2.37375529e-06 -2.59131514e-03  2.37375529e-06  5.00000000e+00 
 2.40339662e-06  2.59131226e+00  2.40339662e-06 -2.59130879e-03  2.40339662e-06  5.00000000e+00 
 2.43303796e-06  2.59131236e+00  2.43303796e-06 -2.59131658e-03  2.43303796e-06  5.00000000e+00 
 2.46267930e-06  2.59131226e+00  2.46267930e-06 -2.59130748e-03  2.46267930e-06  5.00000000e+00 
 2.49232064e-06  2.59131235e+00  2.49232064e-06 -2.59131777e-03  2.49232064e-06  5.00000000e+00 
 2.52196197e-06  2.59131227e+00  2.52196197e-06 -2.59130640e-03  2.52196197e-06  5.00000000e+00 
 2.55160331e-06  2.59131234e+00  2.55160331e-06 -2.59131874e-03  2.55160331e-06  5.00000000e+00 
 2.58124465e-06  2.59131228e+00  2.58124465e-06 -2.59130552e-03  2.58124465e-06  5.00000000e+00 
 2.61088599e-06  2.59131234e+00  2.61088599e-06 -2.59131954e-03  2.61088599e-06  5.00000000e+00 
 2.64052733e-06  2.59131228e+00  2.64052733e-06 -2.59130480e-03  2.64052733e-06  5.00000000e+00 
 2.67016866e-06  2.59131233e+00  2.67016866e-06 -2.59132019e-03  2.67016866e-06  5.00000000e+00 
 2.69981000e-06  2.59131229e+00  2.69981000e-06 -2.59130421e-03  2.69981000e-06  5.00000000e+00 
 2.72945134e-06  2.59131233e+00  2.72945134e-06 -2.59132072e-03  2.72945134e-06  5.00000000e+00 
 2.75909268e-06  2.59131229e+00  2.75909268e-06 -2.59130373e-03  2.75909268e-06  5.00000000e+00 
 2.78873401e-06  2.59131233e+00  2.78873401e-06 -2.59132116e-03  2.78873401e-06  5.00000000e+00 
 2.81837535e-06  2.59131230e+00  2.81837535e-06 -2.59130334e-03  2.81837535e-06  5.00000000e+00 
 2.84801669e-06  2.59131232e+00  2.84801669e-06 -2.59132151e-03  2.84801669e-06  5.00000000e+00 
 2.87765803e-06  2.59131230e+00  2.87765803e-06 -2.59130303e-03  2.87765803e-06  5.00000000e+00 
 2.90729936e-06  2.59131232e+00  2.90729936e-06 -2.59132179e-03  2.90729936e-06  5.00000000e+00 
 2.93694070e-06  2.59131230e+00  2.93694070e-06 -2.59130277e-03  2.93694070e-06  5.00000000e+00 
 2.96658204e-06  2.59131232e+00  2.96658204e-06 -2.59132202e-03  2.96658204e-06  5.00000000e+00 
 2.99622338e-06  2.59131230e+00  2.99622338e-06 -2.59130257e-03  2.99622338e-06  5.00000000e+00 
 3.02586472e-06  2.59131232e+00  3.02586472e-06 -2.59132220e-03  3.02586472e-06  5.00000000e+00 
 3.05550605e-06  2.59131230e+00  3.05550605e-06 -2.59130241e-03  3.05550605e-06  5.00000000e+00 
 3.08514739e-06  2.59131232e+00  3.08514739e-06 -2.59132234e-03  3.08514739e-06  5.00000000e+00 
 3.11478873e-06  2.59131230e+00  3.11478873e-06 -2.59130228e-03  3.11478873e-06  5.00000000e+00 
 3.14443007e-06  2.59131231e+00  3.14443007e-06 -2.59132245e-03  3.14443007e-06  5.00000000e+00 
 3.17407140e-06  2.59131230e+00  3.17407140e-06 -2.59130219e-03  3.17407140e-06  5.00000000e+00 
 3.20371274e-06  2.59131231e+00  3.20371274e-06 -2.59132254e-03  3.20371274e-06  5.00000000e+00 
 3.23335408e-06  2.59131231e+00  3.23335408e-06 -2.59130211e-03  3.23335408e-06  5.00000000e+00 
 3.26299542e-06  2.59131231e+00  3.26299542e-06 -2.59132260e-03  3.26299542e-06  5.00000000e+00 
 3.29263676e-06  2.59131231e+00  3.29263676e-06 -2.59130206e-03  3.29263676e-06  5.00000000e+00 
 3.32227809e-06  2.59131231e+00  3.32227809e-06 -2.59132265e-03  3.32227809e-06  5.00000000e+00 
 3.35191943e-06  2.59131231e+00  3.35191943e-06 -2.59130202e-03  3.35191943e-06  5.00000000e+00 
 3.38156077e-06  2.59131231e+00  3.38156077e-06 -2.59132268e-03  3.38156077e-06  5.00000000e+00 
 3.41120211e-06  2.59131231e+00  3.41120211e-06 -2.59130199e-03  3.41120211e-06  5.00000000e+00 
 3.44084344e-06  2.59131231e+00  3.44084344e-06 -2.59132270e-03  3.44084344e-06  5.00000000e+00 
 3.47048478e-06  2.59131231e+00  3.47048478e-06 -2.59130198e-03  3.47048478e-06  5.00000000e+00 
 3.50012612e-06  2.59131231e+00  3.50012612e-06 -2.59132271e-03  3.50012612e-06  5.00000000e+00 
 3.52976746e-06  2.59131231e+00  3.52976746e-06 -2.59130197e-03  3.52976746e-06  5.00000000e+00 
 3.55940880e-06  2.59131231e+00  3.55940880e-06 -2.59132271e-03  3.55940880e-06  5.00000000e+00 
 3.58905013e-06  2.59131231e+00  3.58905013e-06 -2.59130198e-03  3.58905013e-06  5.00000000e+00 
 3.61869147e-06  2.59131231e+00  3.61869147e-06 -2.59132270e-03  3.61869147e-06  5.00000000e+00 
 3.64833281e-06  2.59131231e+00  3.64833281e-06 -2.59130198e-03  3.64833281e-06  5.00000000e+00 
 3.67797415e-06  2.59131231e+00  3.67797415e-06 -2.59132269e-03  3.67797415e-06  5.00000000e+00 
 3.70761548e-06  2.59131231e+00  3.70761548e-06 -2.59130200e-03  3.70761548e-06  5.00000000e+00 
 3.73725682e-06  2.59131231e+00  3.73725682e-06 -2.59132268e-03  3.73725682e-06  5.00000000e+00 
 3.76689816e-06  2.59131231e+00  3.76689816e-06 -2.59130201e-03  3.76689816e-06  5.00000000e+00 
 3.79653950e-06  2.59131231e+00  3.79653950e-06 -2.59132266e-03  3.79653950e-06  5.00000000e+00 
 3.82618083e-06  2.59131231e+00  3.82618083e-06 -2.59130204e-03  3.82618083e-06  5.00000000e+00 
 3.85582217e-06  2.59131231e+00  3.85582217e-06 -2.59132264e-03  3.85582217e-06  5.00000000e+00 
 3.88546351e-06  2.59131231e+00  3.88546351e-06 -2.59130206e-03  3.88546351e-06  5.00000000e+00 
 3.91510485e-06  2.59131231e+00  3.91510485e-06 -2.59132261e-03  3.91510485e-06  5.00000000e+00 
 3.94474619e-06  2.59131231e+00  3.94474619e-06 -2.59130208e-03  3.94474619e-06  5.00000000e+00 
 3.97438752e-06  2.59131231e+00  3.97438752e-06 -2.59132258e-03  3.97438752e-06  5.00000000e+00 
 4.00402886e-06  2.59131231e+00  4.00402886e-06 -2.59130211e-03  4.00402886e-06  5.00000000e+00 
 4.03367020e-06  2.59131231e+00  4.03367020e-06 -2.59132256e-03  4.03367020e-06  5.00000000e+00 
 4.06331154e-06  2.59131231e+00  4.06331154e-06 -2.59130214e-03  4.06331154e-06  5.00000000e+00 
 4.09295287e-06  2.59131231e+00  4.09295287e-06 -2.59132253e-03  4.09295287e-06  5.00000000e+00 
 4.12259421e-06  2.59131231e+00  4.12259421e-06 -2.59130217e-03  4.12259421e-06  5.00000000e+00 
 4.15223555e-06  2.59131231e+00  4.15223555e-06 -2.59132250e-03  4.15223555e-06  5.00000000e+00 
 4.18187689e-06  2.59131231e+00  4.18187689e-06 -2.59130220e-03  4.18187689e-06  5.00000000e+00 
 4.21151823e-06  2.59131231e+00  4.21151823e-06 -2.59132246e-03  4.21151823e-06  5.00000000e+00 
 4.24115956e-06  2.59131231e+00  4.24115956e-06 -2.59130224e-03  4.24115956e-06  5.00000000e+00 
 4.27080090e-06  2.59131231e+00  4.27080090e-06 -2.59132243e-03  4.27080090e-06  5.00000000e+00 
 4.30044224e-06  2.59131231e+00  4.30044224e-06 -2.59130227e-03  4.30044224e-06  5.00000000e+00 
 4.33008358e-06  2.59131231e+00  4.33008358e-06 -2.59132240e-03  4.33008358e-06  5.00000000e+00 
 4.35972491e-06  2.59131231e+00  4.35972491e-06 -2.59130230e-03  4.35972491e-06  5.00000000e+00 
 4.38936625e-06  2.59131231e+00  4.38936625e-06 -2.59132236e-03  4.38936625e-06  5.00000000e+00 
 4.41900759e-06  2.59131231e+00  4.41900759e-06 -2.59130233e-03  4.41900759e-06  5.00000000e+00 
 4.44864893e-06  2.59131231e+00  4.44864893e-06 -2.59132233e-03  4.44864893e-06  5.00000000e+00 
 4.47829027e-06  2.59131231e+00  4.47829027e-06 -2.59130237e-03  4.47829027e-06  5.00000000e+00 
 4.50793160e-06  2.59131231e+00  4.50793160e-06 -2.59132230e-03  4.50793160e-06  5.00000000e+00 
 4.53757294e-06  2.59131231e+00  4.53757294e-06 -2.59130240e-03  4.53757294e-06  5.00000000e+00 
 4.56721428e-06  2.59131231e+00  4.56721428e-06 -2.59132226e-03  4.56721428e-06  5.00000000e+00 
 4.59685562e-06  2.59131231e+00  4.59685562e-06 -2.59130244e-03  4.59685562e-06  5.00000000e+00 
 4.62649695e-06  2.59131231e+00  4.62649695e-06 -2.59132223e-03  4.62649695e-06  5.00000000e+00 
 4.65613829e-06  2.59131231e+00  4.65613829e-06 -2.59130247e-03  4.65613829e-06  5.00000000e+00 
 4.68577963e-06  2.59131231e+00  4.68577963e-06 -2.59132219e-03  4.68577963e-06  5.00000000e+00 
 4.71542097e-06  2.59131231e+00  4.71542097e-06 -2.59130251e-03  4.71542097e-06  5.00000000e+00 
 4.74506230e-06  2.59131231e+00  4.74506230e-06 -2.59132216e-03  4.74506230e-06  5.00000000e+00 
 4.77470364e-06  2.59131231e+00  4.77470364e-06 -2.59130254e-03  4.77470364e-06  5.00000000e+00 
 4.80434498e-06  2.59131231e+00  4.80434498e-06 -2.59132212e-03  4.80434498e-06  5.00000000e+00 
 4.83398632e-06  2.59131231e+00  4.83398632e-06 -2.59130258e-03  4.83398632e-06  5.00000000e+00 
 4.86362766e-06  2.59131231e+00  4.86362766e-06 -2.59132209e-03  4.86362766e-06  5.00000000e+00 
 4.89326899e-06  2.59131231e+00  4.89326899e-06 -2.59130261e-03  4.89326899e-06  5.00000000e+00 
 4.92291033e-06  2.59131231e+00  4.92291033e-06 -2.59132206e-03  4.92291033e-06  5.00000000e+00 
 4.95255167e-06  2.59131231e+00  4.95255167e-06 -2.59130264e-03  4.95255167e-06  5.00000000e+00 
 4.98219301e-06  2.59131231e+00  4.98219301e-06 -2.59132202e-03  4.98219301e-06  5.00000000e+00 
 5.01183434e-06  2.59131231e+00  5.01183434e-06 -2.59130268e-03  5.01183434e-06  5.00000000e+00 
 5.04147568e-06  2.59131231e+00  5.04147568e-06 -2.59132199e-03  5.04147568e-06  5.00000000e+00 
 5.07111702e-06  2.59131231e+00  5.07111702e-06 -2.59130271e-03  5.07111702e-06  5.00000000e+00 
 5.10075836e-06  2.59131231e+00  5.10075836e-06 -2.59132195e-03  5.10075836e-06  5.00000000e+00 
 5.13039970e-06  2.59131231e+00  5.13039970e-06 -2.59130275e-03  5.13039970e-06  5.00000000e+00 
 5.16004103e-06  2.59131231e+00  5.16004103e-06 -2.59132192e-03  5.16004103e-06  5.00000000e+00 
 5.18968237e-06  2.59131231e+00  5.18968237e-06 -2.59130278e-03  5.18968237e-06  5.00000000e+00 
 5.21932371e-06  2.59131231e+00  5.21932371e-06 -2.59132188e-03  5.21932371e-06  5.00000000e+00 
 5.24896505e-06  2.59131231e+00  5.24896505e-06 -2.59130282e-03  5.24896505e-06  5.00000000e+00 
 5.27860638e-06  2.59131231e+00  5.27860638e-06 -2.59132185e-03  5.27860638e-06  5.00000000e+00 
 5.30824772e-06  2.59131231e+00  5.30824772e-06 -2.59130285e-03  5.30824772e-06  5.00000000e+00 
 5.33788906e-06  2.59131231e+00  5.33788906e-06 -2.59132182e-03  5.33788906e-06  5.00000000e+00 
 5.36753040e-06  2.59131231e+00  5.36753040e-06 -2.59130288e-03  5.36753040e-06  5.00000000e+00 
 5.39717173e-06  2.59131231e+00  5.39717173e-06 -2.59132178e-03  5.39717173e-06  5.00000000e+00 
 5.42681307e-06  2.59131231e+00  5.42681307e-06 -2.59130292e-03  5.42681307e-06  5.00000000e+00 
 5.45645441e-06  2.59131231e+00  5.45645441e-06 -2.59132175e-03  5.45645441e-06  5.00000000e+00 
 5.48609575e-06  2.59131231e+00  5.48609575e-06 -2.59130295e-03  5.48609575e-06  5.00000000e+00 
 5.51573709e-06  2.59131231e+00  5.51573709e-06 -2.59132171e-03  5.51573709e-06  5.00000000e+00 
 5.54537842e-06  2.59131231e+00  5.54537842e-06 -2.59130299e-03  5.54537842e-06  5.00000000e+00 
 5.57501976e-06  2.59131231e+00  5.57501976e-06 -2.59132168e-03  5.57501976e-06  5.00000000e+00 
 5.60466110e-06  2.59131231e+00  5.60466110e-06 -2.59130302e-03  5.60466110e-06  5.00000000e+00 
 5.63430244e-06  2.59131231e+00  5.63430244e-06 -2.59132165e-03  5.63430244e-06  5.00000000e+00 
 5.66394377e-06  2.59131231e+00  5.66394377e-06 -2.59130305e-03  5.66394377e-06  5.00000000e+00 
 5.69358511e-06  2.59131231e+00  5.69358511e-06 -2.59132161e-03  5.69358511e-06  5.00000000e+00 
 5.72322645e-06  2.59131231e+00  5.72322645e-06 -2.59130309e-03  5.72322645e-06  5.00000000e+00 
 5.75286779e-06  2.59131231e+00  5.75286779e-06 -2.59132158e-03  5.75286779e-06  5.00000000e+00 
 5.78250913e-06  2.59131231e+00  5.78250913e-06 -2.59130312e-03  5.78250913e-06  5.00000000e+00 
 5.81215046e-06  2.59131231e+00  5.81215046e-06 -2.59132155e-03  5.81215046e-06  5.00000000e+00 
 5.84179180e-06  2.59131231e+00  5.84179180e-06 -2.59130315e-03  5.84179180e-06  5.00000000e+00 
 5.87143314e-06  2.59131231e+00  5.87143314e-06 -2.59132151e-03  5.87143314e-06  5.00000000e+00 
 5.90107448e-06  2.59131231e+00  5.90107448e-06 -2.59130319e-03  5.90107448e-06  5.00000000e+00 
 5.93071581e-06  2.59131231e+00  5.93071581e-06 -2.59132148e-03  5.93071581e-06  5.00000000e+00 
 5.96035715e-06  2.59131231e+00  5.96035715e-06 -2.59130322e-03  5.96035715e-06  5.00000000e+00 
 5.98999849e-06  2.59131231e+00  5.98999849e-06 -2.59132145e-03  5.98999849e-06  5.00000000e+00 
 6.01963983e-06  2.59131231e+00  6.01963983e-06 -2.59130325e-03  6.01963983e-06  5.00000000e+00 
 6.04928117e-06  2.59131231e+00  6.04928117e-06 -2.59132142e-03  6.04928117e-06  5.00000000e+00 
 6.07892250e-06  2.59131231e+00  6.07892250e-06 -2.59130328e-03  6.07892250e-06  5.00000000e+00 
 6.10856384e-06  2.59131231e+00  6.10856384e-06 -2.59132138e-03  6.10856384e-06  5.00000000e+00 
 6.13820518e-06  2.59131231e+00  6.13820518e-06 -2.59130332e-03  6.13820518e-06  5.00000000e+00 
 6.16784652e-06  2.59131231e+00  6.16784652e-06 -2.59132135e-03  6.16784652e-06  5.00000000e+00 
 6.19748785e-06  2.59131231e+00  6.19748785e-06 -2.59130335e-03  6.19748785e-06  5.00000000e+00 
 6.22712919e-06  2.59131231e+00  6.22712919e-06 -2.59132132e-03  6.22712919e-06  5.00000000e+00 
 6.25677053e-06  2.59131231e+00  6.25677053e-06 -2.59130338e-03  6.25677053e-06  5.00000000e+00 
 6.28641187e-06  2.59131231e+00  6.28641187e-06 -2.59132129e-03  6.28641187e-06  5.00000000e+00 
 6.31605320e-06  2.59131231e+00  6.31605320e-06 -2.59130341e-03  6.31605320e-06  5.00000000e+00 
 6.34569454e-06  2.59131231e+00  6.34569454e-06 -2.59132125e-03  6.34569454e-06  5.00000000e+00 
 6.37533588e-06  2.59131231e+00  6.37533588e-06 -2.59130345e-03  6.37533588e-06  5.00000000e+00 
 6.40497722e-06  2.59131231e+00  6.40497722e-06 -2.59132122e-03  6.40497722e-06  5.00000000e+00 
 6.43461856e-06  2.59131231e+00  6.43461856e-06 -2.59130348e-03  6.43461856e-06  5.00000000e+00 
 6.46425989e-06  2.59131231e+00  6.46425989e-06 -2.59132119e-03  6.46425989e-06  5.00000000e+00 
 6.49390123e-06  2.59131231e+00  6.49390123e-06 -2.59130351e-03  6.49390123e-06  5.00000000e+00 
 6.52354257e-06  2.59131231e+00  6.52354257e-06 -2.59132116e-03  6.52354257e-06  5.00000000e+00 
 6.55318391e-06  2.59131231e+00  6.55318391e-06 -2.59130354e-03  6.55318391e-06  5.00000000e+00 
 6.58282524e-06  2.59131231e+00  6.58282524e-06 -2.59132113e-03  6.58282524e-06  5.00000000e+00 
 6.61246658e-06  2.59131231e+00  6.61246658e-06 -2.59130357e-03  6.61246658e-06  5.00000000e+00 
 6.64210792e-06  2.59131231e+00  6.64210792e-06 -2.59132109e-03  6.64210792e-06  5.00000000e+00 
 6.67174926e-06  2.59131231e+00  6.67174926e-06 -2.59130360e-03  6.67174926e-06  5.00000000e+00 
 6.70139060e-06  2.59131231e+00  6.70139060e-06 -2.59132106e-03  6.70139060e-06  5.00000000e+00 
 6.73103193e-06  2.59131231e+00  6.73103193e-06 -2.59130364e-03  6.73103193e-06  5.00000000e+00 
 6.76067327e-06  2.59131231e+00  6.76067327e-06 -2.59132103e-03  6.76067327e-06  5.00000000e+00 
 6.79031461e-06  2.59131231e+00  6.79031461e-06 -2.59130367e-03  6.79031461e-06  5.00000000e+00 
 6.81995595e-06  2.59131231e+00  6.81995595e-06 -2.59132100e-03  6.81995595e-06  5.00000000e+00 
 6.84959728e-06  2.59131231e+00  6.84959728e-06 -2.59130370e-03  6.84959728e-06  5.00000000e+00 
 6.87923862e-06  2.59131231e+00  6.87923862e-06 -2.59132097e-03  6.87923862e-06  5.00000000e+00 
 6.90887996e-06  2.59131231e+00  6.90887996e-06 -2.59130373e-03  6.90887996e-06  5.00000000e+00 
 6.93852130e-06  2.59131231e+00  6.93852130e-06 -2.59132094e-03  6.93852130e-06  5.00000000e+00 
 6.96816264e-06  2.59131231e+00  6.96816264e-06 -2.59130376e-03  6.96816264e-06  5.00000000e+00 
 6.99780397e-06  2.59131231e+00  6.99780397e-06 -2.59132091e-03  6.99780397e-06  5.00000000e+00 
 7.02744531e-06  2.59131231e+00  7.02744531e-06 -2.59130379e-03  7.02744531e-06  5.00000000e+00 
 7.05708665e-06  2.59131231e+00  7.05708665e-06 -2.59132088e-03  7.05708665e-06  5.00000000e+00 
 7.08672799e-06  2.59131231e+00  7.08672799e-06 -2.59130382e-03  7.08672799e-06  5.00000000e+00 
 7.11636932e-06  2.59131231e+00  7.11636932e-06 -2.59132085e-03  7.11636932e-06  5.00000000e+00 
 7.14601066e-06  2.59131231e+00  7.14601066e-06 -2.59130385e-03  7.14601066e-06  5.00000000e+00 
 7.17565200e-06  2.59131231e+00  7.17565200e-06 -2.59132081e-03  7.17565200e-06  5.00000000e+00 
 7.20529334e-06  2.59131231e+00  7.20529334e-06 -2.59130388e-03  7.20529334e-06  5.00000000e+00 
 7.23493467e-06  2.59131231e+00  7.23493467e-06 -2.59132078e-03  7.23493467e-06  5.00000000e+00 
 7.26457601e-06  2.59131231e+00  7.26457601e-06 -2.59130391e-03  7.26457601e-06  5.00000000e+00 
 7.29421735e-06  2.59131231e+00  7.29421735e-06 -2.59132075e-03  7.29421735e-06  5.00000000e+00 
 7.32385869e-06  2.59131231e+00  7.32385869e-06 -2.59130394e-03  7.32385869e-06  5.00000000e+00 
 7.35350003e-06  2.59131231e+00  7.35350003e-06 -2.59132072e-03  7.35350003e-06  5.00000000e+00 
 7.38314136e-06  2.59131231e+00  7.38314136e-06 -2.59130397e-03  7.38314136e-06  5.00000000e+00 
 7.41278270e-06  2.59131231e+00  7.41278270e-06 -2.59132069e-03  7.41278270e-06  5.00000000e+00 
 7.44242404e-06  2.59131231e+00  7.44242404e-06 -2.59130400e-03  7.44242404e-06  5.00000000e+00 
 7.47206538e-06  2.59131231e+00  7.47206538e-06 -2.59132066e-03  7.47206538e-06  5.00000000e+00 
 7.50170671e-06  2.59131231e+00  7.50170671e-06 -2.59130403e-03  7.50170671e-06  5.00000000e+00 
 7.53134805e-06  2.59131231e+00  7.53134805e-06 -2.59132063e-03  7.53134805e-06  5.00000000e+00 
 7.56098939e-06  2.59131231e+00  7.56098939e-06 -2.59130406e-03  7.56098939e-06  5.00000000e+00 
 7.59063073e-06  2.59131231e+00  7.59063073e-06 -2.59132060e-03  7.59063073e-06  5.00000000e+00 
 7.62027207e-06  2.59131231e+00  7.62027207e-06 -2.59130409e-03  7.62027207e-06  5.00000000e+00 
 7.64991340e-06  2.59131231e+00  7.64991340e-06 -2.59132057e-03  7.64991340e-06  5.00000000e+00 
 7.67955474e-06  2.59131231e+00  7.67955474e-06 -2.59130412e-03  7.67955474e-06  5.00000000e+00 
 7.70919608e-06  2.59131231e+00  7.70919608e-06 -2.59132054e-03  7.70919608e-06  5.00000000e+00 
 7.73883742e-06  2.59131231e+00  7.73883742e-06 -2.59130415e-03  7.73883742e-06  5.00000000e+00 
 7.76847875e-06  2.59131231e+00  7.76847875e-06 -2.59132051e-03  7.76847875e-06  5.00000000e+00 
 7.79812009e-06  2.59131231e+00  7.79812009e-06 -2.59130418e-03  7.79812009e-06  5.00000000e+00 
 7.82776143e-06  2.59131231e+00  7.82776143e-06 -2.59132049e-03  7.82776143e-06  5.00000000e+00 
 7.85740277e-06  2.59131231e+00  7.85740277e-06 -2.59130421e-03  7.85740277e-06  5.00000000e+00 
 7.88704411e-06  2.59131231e+00  7.88704411e-06 -2.59132046e-03  7.88704411e-06  5.00000000e+00 
 7.91668544e-06  2.59131231e+00  7.91668544e-06 -2.59130424e-03  7.91668544e-06  5.00000000e+00 
 7.94632678e-06  2.59131231e+00  7.94632678e-06 -2.59132043e-03  7.94632678e-06  5.00000000e+00 
 7.97596812e-06  2.59131231e+00  7.97596812e-06 -2.59130427e-03  7.97596812e-06  5.00000000e+00 
 8.00560946e-06  2.59131231e+00  8.00560946e-06 -2.59132040e-03  8.00560946e-06  5.00000000e+00 
 8.03525079e-06  2.59131231e+00  8.03525079e-06 -2.59130430e-03  8.03525079e-06  5.00000000e+00 
 8.06489213e-06  2.59131231e+00  8.06489213e-06 -2.59132037e-03  8.06489213e-06  5.00000000e+00 
 8.09453347e-06  2.59131231e+00  8.09453347e-06 -2.59130433e-03  8.09453347e-06  5.00000000e+00 
 8.12417481e-06  2.59131231e+00  8.12417481e-06 -2.59132034e-03  8.12417481e-06  5.00000000e+00 
 8.15381614e-06  2.59131231e+00  8.15381614e-06 -2.59130436e-03  8.15381614e-06  5.00000000e+00 
 8.18345748e-06  2.59131231e+00  8.18345748e-06 -2.59132031e-03  8.18345748e-06  5.00000000e+00 
 8.21309882e-06  2.59131231e+00  8.21309882e-06 -2.59130439e-03  8.21309882e-06  5.00000000e+00 
 8.24274016e-06  2.59131231e+00  8.24274016e-06 -2.59132028e-03  8.24274016e-06  5.00000000e+00 
 8.27238150e-06  2.59131231e+00  8.27238150e-06 -2.59130442e-03  8.27238150e-06  5.00000000e+00 
 8.30202283e-06  2.59131231e+00  8.30202283e-06 -2.59132025e-03  8.30202283e-06  5.00000000e+00 
 8.33166417e-06  2.59131231e+00  8.33166417e-06 -2.59130444e-03  8.33166417e-06  5.00000000e+00 
 8.36130551e-06  2.59131231e+00  8.36130551e-06 -2.59132022e-03  8.36130551e-06  5.00000000e+00 
 8.39094685e-06  2.59131231e+00  8.39094685e-06 -2.59130447e-03  8.39094685e-06  5.00000000e+00 
 8.42058818e-06  2.59131231e+00  8.42058818e-06 -2.59132020e-03  8.42058818e-06  5.00000000e+00 
 8.45022952e-06  2.59131231e+00  8.45022952e-06 -2.59130450e-03  8.45022952e-06  5.00000000e+00 
 8.47987086e-06  2.59131231e+00  8.47987086e-06 -2.59132017e-03  8.47987086e-06  5.00000000e+00 
 8.50951220e-06  2.59131231e+00  8.50951220e-06 -2.59130453e-03  8.50951220e-06  5.00000000e+00 
 8.53915354e-06  2.59131231e+00  8.53915354e-06 -2.59132014e-03  8.53915354e-06  5.00000000e+00 
 8.56879487e-06  2.59131231e+00  8.56879487e-06 -2.59130456e-03  8.56879487e-06  5.00000000e+00 
 8.59843621e-06  2.59131231e+00  8.59843621e-06 -2.59132011e-03  8.59843621e-06  5.00000000e+00 
 8.62807755e-06  2.59131231e+00  8.62807755e-06 -2.59130458e-03  8.62807755e-06  5.00000000e+00 
 8.65771889e-06  2.59131231e+00  8.65771889e-06 -2.59132008e-03  8.65771889e-06  5.00000000e+00 
 8.68736022e-06  2.59131231e+00  8.68736022e-06 -2.59130461e-03  8.68736022e-06  5.00000000e+00 
 8.71700156e-06  2.59131231e+00  8.71700156e-06 -2.59132006e-03  8.71700156e-06  5.00000000e+00 
 8.74664290e-06  2.59131231e+00  8.74664290e-06 -2.59130464e-03  8.74664290e-06  5.00000000e+00 
 8.77628424e-06  2.59131231e+00  8.77628424e-06 -2.59132003e-03  8.77628424e-06  5.00000000e+00 
 8.80592557e-06  2.59131231e+00  8.80592557e-06 -2.59130467e-03  8.80592557e-06  5.00000000e+00 
 8.83556691e-06  2.59131231e+00  8.83556691e-06 -2.59132000e-03  8.83556691e-06  5.00000000e+00 
 8.86520825e-06  2.59131231e+00  8.86520825e-06 -2.59130470e-03  8.86520825e-06  5.00000000e+00 
 8.89484959e-06  2.59131231e+00  8.89484959e-06 -2.59131997e-03  8.89484959e-06  5.00000000e+00 
 8.92449093e-06  2.59131231e+00  8.92449093e-06 -2.59130472e-03  8.92449093e-06  5.00000000e+00 
 8.95413226e-06  2.59131231e+00  8.95413226e-06 -2.59131995e-03  8.95413226e-06  5.00000000e+00 
 8.98377360e-06  2.59131231e+00  8.98377360e-06 -2.59130475e-03  8.98377360e-06  5.00000000e+00 
 9.01341494e-06  2.59131231e+00  9.01341494e-06 -2.59131992e-03  9.01341494e-06  5.00000000e+00 
 9.04305628e-06  2.59131231e+00  9.04305628e-06 -2.59130478e-03  9.04305628e-06  5.00000000e+00 
 9.07269761e-06  2.59131231e+00  9.07269761e-06 -2.59131989e-03  9.07269761e-06  5.00000000e+00 
 9.10233895e-06  2.59131231e+00  9.10233895e-06 -2.59130481e-03  9.10233895e-06  5.00000000e+00 
 9.13198029e-06  2.59131231e+00  9.13198029e-06 -2.59131986e-03  9.13198029e-06  5.00000000e+00 
 9.16162163e-06  2.59131231e+00  9.16162163e-06 -2.59130483e-03  9.16162163e-06  5.00000000e+00 
 9.19126297e-06  2.59131231e+00  9.19126297e-06 -2.59131984e-03  9.19126297e-06  5.00000000e+00 
 9.22090430e-06  2.59131231e+00  9.22090430e-06 -2.59130486e-03  9.22090430e-06  5.00000000e+00 
 9.25054564e-06  2.59131231e+00  9.25054564e-06 -2.59131981e-03  9.25054564e-06  5.00000000e+00 
 9.28018698e-06  2.59131231e+00  9.28018698e-06 -2.59130489e-03  9.28018698e-06  5.00000000e+00 
 9.30982832e-06  2.59131231e+00  9.30982832e-06 -2.59131978e-03  9.30982832e-06  5.00000000e+00 
 9.33946965e-06  2.59131231e+00  9.33946965e-06 -2.59130491e-03  9.33946965e-06  5.00000000e+00 
 9.36911099e-06  2.59131231e+00  9.36911099e-06 -2.59131976e-03  9.36911099e-06  5.00000000e+00 
 9.39875233e-06  2.59131231e+00  9.39875233e-06 -2.59130494e-03  9.39875233e-06  5.00000000e+00 
 9.42839367e-06  2.59131231e+00  9.42839367e-06 -2.59131973e-03  9.42839367e-06  5.00000000e+00 
 9.45803501e-06  2.59131231e+00  9.45803501e-06 -2.59130497e-03  9.45803501e-06  5.00000000e+00 
 9.48767634e-06  2.59131231e+00  9.48767634e-06 -2.59131970e-03  9.48767634e-06  5.00000000e+00 
 9.51731768e-06  2.59131231e+00  9.51731768e-06 -2.59130499e-03  9.51731768e-06  5.00000000e+00 
 9.54695902e-06  2.59131231e+00  9.54695902e-06 -2.59131968e-03  9.54695902e-06  5.00000000e+00 
 9.57660036e-06  2.59131231e+00  9.57660036e-06 -2.59130502e-03  9.57660036e-06  5.00000000e+00 
 9.60624169e-06  2.59131231e+00  9.60624169e-06 -2.59131965e-03  9.60624169e-06  5.00000000e+00 
 9.63588303e-06  2.59131231e+00  9.63588303e-06 -2.59130505e-03  9.63588303e-06  5.00000000e+00 
 9.66552437e-06  2.59131231e+00  9.66552437e-06 -2.59131962e-03  9.66552437e-06  5.00000000e+00 
 9.69516571e-06  2.59131231e+00  9.69516571e-06 -2.59130507e-03  9.69516571e-06  5.00000000e+00 
 9.72480704e-06  2.59131231e+00  9.72480704e-06 -2.59131960e-03  9.72480704e-06  5.00000000e+00 
 9.75444838e-06  2.59131231e+00  9.75444838e-06 -2.59130510e-03  9.75444838e-06  5.00000000e+00 
 9.78408972e-06  2.59131231e+00  9.78408972e-06 -2.59131957e-03  9.78408972e-06  5.00000000e+00 
 9.81373106e-06  2.59131231e+00  9.81373106e-06 -2.59130513e-03  9.81373106e-06  5.00000000e+00 
 9.84337240e-06  2.59131231e+00  9.84337240e-06 -2.59131954e-03  9.84337240e-06  5.00000000e+00 
 9.87301373e-06  2.59131231e+00  9.87301373e-06 -2.59130515e-03  9.87301373e-06  5.00000000e+00 
 9.90265507e-06  2.59131231e+00  9.90265507e-06 -2.59131952e-03  9.90265507e-06  5.00000000e+00 
 9.93229641e-06  2.59131231e+00  9.93229641e-06 -2.59130518e-03  9.93229641e-06  5.00000000e+00 
 9.96193775e-06  2.59131231e+00  9.96193775e-06 -2.59131949e-03  9.96193775e-06  5.00000000e+00 
 9.99157908e-06  2.59131231e+00  9.99157908e-06 -2.59130520e-03  9.99157908e-06  5.00000000e+00 
 1.00212204e-05  2.59131231e+00  1.00212204e-05 -2.59131947e-03  1.00212204e-05  5.00000000e+00 
 1.00508618e-05  2.59131231e+00  1.00508618e-05 -2.59130523e-03  1.00508618e-05  5.00000000e+00 
 1.00805031e-05  2.59131231e+00  1.00805031e-05 -2.59131944e-03  1.00805031e-05  5.00000000e+00 
 1.01101444e-05  2.59131231e+00  1.01101444e-05 -2.59130525e-03  1.01101444e-05  5.00000000e+00 
 1.01397858e-05  2.59131231e+00  1.01397858e-05 -2.59131941e-03  1.01397858e-05  5.00000000e+00 
 1.01694271e-05  2.59131231e+00  1.01694271e-05 -2.59130528e-03  1.01694271e-05  5.00000000e+00 
 1.01990684e-05  2.59131231e+00  1.01990684e-05 -2.59131939e-03  1.01990684e-05  5.00000000e+00 
 1.02287098e-05  2.59131231e+00  1.02287098e-05 -2.59130531e-03  1.02287098e-05  5.00000000e+00 
 1.02583511e-05  2.59131231e+00  1.02583511e-05 -2.59131936e-03  1.02583511e-05  5.00000000e+00 
 1.02879925e-05  2.59131231e+00  1.02879925e-05 -2.59130533e-03  1.02879925e-05  5.00000000e+00 
 1.03176338e-05  2.59131231e+00  1.03176338e-05 -2.59131934e-03  1.03176338e-05  5.00000000e+00 
 1.03472751e-05  2.59131231e+00  1.03472751e-05 -2.59130536e-03  1.03472751e-05  5.00000000e+00 
 1.03769165e-05  2.59131231e+00  1.03769165e-05 -2.59131931e-03  1.03769165e-05  5.00000000e+00 
 1.04065578e-05  2.59131231e+00  1.04065578e-05 -2.59130538e-03  1.04065578e-05  5.00000000e+00 
 1.04361992e-05  2.59131231e+00  1.04361992e-05 -2.59131929e-03  1.04361992e-05  5.00000000e+00 
 1.04658405e-05  2.59131231e+00  1.04658405e-05 -2.59130541e-03  1.04658405e-05  5.00000000e+00 
 1.04954818e-05  2.59131231e+00  1.04954818e-05 -2.59131926e-03  1.04954818e-05  5.00000000e+00 
 1.05251232e-05  2.59131231e+00  1.05251232e-05 -2.59130543e-03  1.05251232e-05  5.00000000e+00 
 1.05547645e-05  2.59131231e+00  1.05547645e-05 -2.59131924e-03  1.05547645e-05  5.00000000e+00 
 1.05844058e-05  2.59131231e+00  1.05844058e-05 -2.59130546e-03  1.05844058e-05  5.00000000e+00 
 1.06140472e-05  2.59131231e+00  1.06140472e-05 -2.59131921e-03  1.06140472e-05  5.00000000e+00 
 1.06436885e-05  2.59131231e+00  1.06436885e-05 -2.59130548e-03  1.06436885e-05  5.00000000e+00 
 1.06733299e-05  2.59131231e+00  1.06733299e-05 -2.59131919e-03  1.06733299e-05  5.00000000e+00 
 1.07029712e-05  2.59131231e+00  1.07029712e-05 -2.59130551e-03  1.07029712e-05  5.00000000e+00 
 1.07326125e-05  2.59131231e+00  1.07326125e-05 -2.59131916e-03  1.07326125e-05  5.00000000e+00 
 1.07622539e-05  2.59131231e+00  1.07622539e-05 -2.59130553e-03  1.07622539e-05  5.00000000e+00 
 1.07918952e-05  2.59131231e+00  1.07918952e-05 -2.59131914e-03  1.07918952e-05  5.00000000e+00 
 1.08215365e-05  2.59131231e+00  1.08215365e-05 -2.59130556e-03  1.08215365e-05  5.00000000e+00 
 1.08511779e-05  2.59131231e+00  1.08511779e-05 -2.59131911e-03  1.08511779e-05  5.00000000e+00 
 1.08808192e-05  2.59131231e+00  1.08808192e-05 -2.59130558e-03  1.08808192e-05  5.00000000e+00 
 1.09104606e-05  2.59131231e+00  1.09104606e-05 -2.59131909e-03  1.09104606e-05  5.00000000e+00 
 1.09401019e-05  2.59131231e+00  1.09401019e-05 -2.59130560e-03  1.09401019e-05  5.00000000e+00 
 1.09697432e-05  2.59131231e+00  1.09697432e-05 -2.59131907e-03  1.09697432e-05  5.00000000e+00 
 1.09993846e-05  2.59131231e+00  1.09993846e-05 -2.59130563e-03  1.09993846e-05  5.00000000e+00 
 1.10290259e-05  2.59131231e+00  1.10290259e-05 -2.59131904e-03  1.10290259e-05  5.00000000e+00 
 1.10586672e-05  2.59131231e+00  1.10586672e-05 -2.59130565e-03  1.10586672e-05  5.00000000e+00 
 1.10883086e-05  2.59131231e+00  1.10883086e-05 -2.59131902e-03  1.10883086e-05  5.00000000e+00 
 1.11179499e-05  2.59131231e+00  1.11179499e-05 -2.59130568e-03  1.11179499e-05  5.00000000e+00 
 1.11475913e-05  2.59131231e+00  1.11475913e-05 -2.59131899e-03  1.11475913e-05  5.00000000e+00 
 1.11772326e-05  2.59131231e+00  1.11772326e-05 -2.59130570e-03  1.11772326e-05  5.00000000e+00 
 1.12068739e-05  2.59131231e+00  1.12068739e-05 -2.59131897e-03  1.12068739e-05  5.00000000e+00 
 1.12365153e-05  2.59131231e+00  1.12365153e-05 -2.59130573e-03  1.12365153e-05  5.00000000e+00 
 1.12661566e-05  2.59131231e+00  1.12661566e-05 -2.59131894e-03  1.12661566e-05  5.00000000e+00 
 1.12957979e-05  2.59131231e+00  1.12957979e-05 -2.59130575e-03  1.12957979e-05  5.00000000e+00 
 1.13254393e-05  2.59131231e+00  1.13254393e-05 -2.59131892e-03  1.13254393e-05  5.00000000e+00 
 1.13550806e-05  2.59131231e+00  1.13550806e-05 -2.59130577e-03  1.13550806e-05  5.00000000e+00 
 1.13847220e-05  2.59131231e+00  1.13847220e-05 -2.59131890e-03  1.13847220e-05  5.00000000e+00 
 1.14143633e-05  2.59131231e+00  1.14143633e-05 -2.59130580e-03  1.14143633e-05  5.00000000e+00 
 1.14440046e-05  2.59131231e+00  1.14440046e-05 -2.59131887e-03  1.14440046e-05  5.00000000e+00 
 1.14736460e-05  2.59131231e+00  1.14736460e-05 -2.59130582e-03  1.14736460e-05  5.00000000e+00 
 1.15032873e-05  2.59131231e+00  1.15032873e-05 -2.59131885e-03  1.15032873e-05  5.00000000e+00 
 1.15329286e-05  2.59131231e+00  1.15329286e-05 -2.59130584e-03  1.15329286e-05  5.00000000e+00 
 1.15625700e-05  2.59131231e+00  1.15625700e-05 -2.59131883e-03  1.15625700e-05  5.00000000e+00 
 1.15922113e-05  2.59131231e+00  1.15922113e-05 -2.59130587e-03  1.15922113e-05  5.00000000e+00 
 1.16218527e-05  2.59131231e+00  1.16218527e-05 -2.59131880e-03  1.16218527e-05  5.00000000e+00 
 1.16514940e-05  2.59131231e+00  1.16514940e-05 -2.59130589e-03  1.16514940e-05  5.00000000e+00 
 1.16811353e-05  2.59131231e+00  1.16811353e-05 -2.59131878e-03  1.16811353e-05  5.00000000e+00 
 1.17107767e-05  2.59131231e+00  1.17107767e-05 -2.59130591e-03  1.17107767e-05  5.00000000e+00 
 1.17404180e-05  2.59131231e+00  1.17404180e-05 -2.59131876e-03  1.17404180e-05  5.00000000e+00 
 1.17700593e-05  2.59131231e+00  1.17700593e-05 -2.59130594e-03  1.17700593e-05  5.00000000e+00 
 1.17997007e-05  2.59131231e+00  1.17997007e-05 -2.59131873e-03  1.17997007e-05  5.00000000e+00 
 1.18293420e-05  2.59131231e+00  1.18293420e-05 -2.59130596e-03  1.18293420e-05  5.00000000e+00 
 1.18589834e-05  2.59131231e+00  1.18589834e-05 -2.59131871e-03  1.18589834e-05  5.00000000e+00 
 1.18886247e-05  2.59131231e+00  1.18886247e-05 -2.59130598e-03  1.18886247e-05  5.00000000e+00 
 1.19182660e-05  2.59131231e+00  1.19182660e-05 -2.59131869e-03  1.19182660e-05  5.00000000e+00 
 1.19479074e-05  2.59131231e+00  1.19479074e-05 -2.59130601e-03  1.19479074e-05  5.00000000e+00 
 1.19775487e-05  2.59131231e+00  1.19775487e-05 -2.59131866e-03  1.19775487e-05  5.00000000e+00 
 1.20071901e-05  2.59131231e+00  1.20071901e-05 -2.59130603e-03  1.20071901e-05  5.00000000e+00 
 1.20368314e-05  2.59131231e+00  1.20368314e-05 -2.59131864e-03  1.20368314e-05  5.00000000e+00 
 1.20664727e-05  2.59131231e+00  1.20664727e-05 -2.59130605e-03  1.20664727e-05  5.00000000e+00 
 1.20961141e-05  2.59131231e+00  1.20961141e-05 -2.59131862e-03  1.20961141e-05  5.00000000e+00 
 1.21257554e-05  2.59131231e+00  1.21257554e-05 -2.59130608e-03  1.21257554e-05  5.00000000e+00 
 1.21553967e-05  2.59131231e+00  1.21553967e-05 -2.59131860e-03  1.21553967e-05  5.00000000e+00 
 1.21850381e-05  2.59131231e+00  1.21850381e-05 -2.59130610e-03  1.21850381e-05  5.00000000e+00 
 1.22146794e-05  2.59131231e+00  1.22146794e-05 -2.59131857e-03  1.22146794e-05  5.00000000e+00 
 1.22443208e-05  2.59131231e+00  1.22443208e-05 -2.59130612e-03  1.22443208e-05  5.00000000e+00 
 1.22739621e-05  2.59131231e+00  1.22739621e-05 -2.59131855e-03  1.22739621e-05  5.00000000e+00 
 1.23036034e-05  2.59131231e+00  1.23036034e-05 -2.59130614e-03  1.23036034e-05  5.00000000e+00 
 1.23332448e-05  2.59131231e+00  1.23332448e-05 -2.59131853e-03  1.23332448e-05  5.00000000e+00 
 1.23628861e-05  2.59131231e+00  1.23628861e-05 -2.59130617e-03  1.23628861e-05  5.00000000e+00 
 1.23925274e-05  2.59131231e+00  1.23925274e-05 -2.59131851e-03  1.23925274e-05  5.00000000e+00 
 1.24221688e-05  2.59131231e+00  1.24221688e-05 -2.59130619e-03  1.24221688e-05  5.00000000e+00 
 1.24518101e-05  2.59131231e+00  1.24518101e-05 -2.59131848e-03  1.24518101e-05  5.00000000e+00 
 1.24814515e-05  2.59131231e+00  1.24814515e-05 -2.59130621e-03  1.24814515e-05  5.00000000e+00 
 1.25110928e-05  2.59131231e+00  1.25110928e-05 -2.59131846e-03  1.25110928e-05  5.00000000e+00 
 1.25407341e-05  2.59131231e+00  1.25407341e-05 -2.59130623e-03  1.25407341e-05  5.00000000e+00 
 1.25703755e-05  2.59131231e+00  1.25703755e-05 -2.59131844e-03  1.25703755e-05  5.00000000e+00 
 1.26000168e-05  2.59131231e+00  1.26000168e-05 -2.59130625e-03  1.26000168e-05  5.00000000e+00 
 1.26296581e-05  2.59131231e+00  1.26296581e-05 -2.59131842e-03  1.26296581e-05  5.00000000e+00 
 1.26592995e-05  2.59131231e+00  1.26592995e-05 -2.59130628e-03  1.26592995e-05  5.00000000e+00 
 1.26889408e-05  2.59131231e+00  1.26889408e-05 -2.59131839e-03  1.26889408e-05  5.00000000e+00 
 1.27185822e-05  2.59131231e+00  1.27185822e-05 -2.59130630e-03  1.27185822e-05  5.00000000e+00 
 1.27482235e-05  2.59131231e+00  1.27482235e-05 -2.59131837e-03  1.27482235e-05  5.00000000e+00 
 1.27778648e-05  2.59131231e+00  1.27778648e-05 -2.59130632e-03  1.27778648e-05  5.00000000e+00 
 1.28075062e-05  2.59131231e+00  1.28075062e-05 -2.59131835e-03  1.28075062e-05  5.00000000e+00 
 1.28371475e-05  2.59131231e+00  1.28371475e-05 -2.59130634e-03  1.28371475e-05  5.00000000e+00 
 1.28667888e-05  2.59131231e+00  1.28667888e-05 -2.59131833e-03  1.28667888e-05  5.00000000e+00 
 1.28964302e-05  2.59131231e+00  1.28964302e-05 -2.59130636e-03  1.28964302e-05  5.00000000e+00 
 1.29260715e-05  2.59131231e+00  1.29260715e-05 -2.59131831e-03  1.29260715e-05  5.00000000e+00 
 1.29557129e-05  2.59131231e+00  1.29557129e-05 -2.59130639e-03  1.29557129e-05  5.00000000e+00 
 1.29853542e-05  2.59131231e+00  1.29853542e-05 -2.59131829e-03  1.29853542e-05  5.00000000e+00 
 1.30149955e-05  2.59131231e+00  1.30149955e-05 -2.59130641e-03  1.30149955e-05  5.00000000e+00 
 1.30446369e-05  2.59131231e+00  1.30446369e-05 -2.59131826e-03  1.30446369e-05  5.00000000e+00 
 1.30742782e-05  2.59131231e+00  1.30742782e-05 -2.59130643e-03  1.30742782e-05  5.00000000e+00 
 1.31039195e-05  2.59131231e+00  1.31039195e-05 -2.59131824e-03  1.31039195e-05  5.00000000e+00 
 1.31335609e-05  2.59131231e+00  1.31335609e-05 -2.59130645e-03  1.31335609e-05  5.00000000e+00 
 1.31632022e-05  2.59131231e+00  1.31632022e-05 -2.59131822e-03  1.31632022e-05  5.00000000e+00 
 1.31928436e-05  2.59131231e+00  1.31928436e-05 -2.59130647e-03  1.31928436e-05  5.00000000e+00 
 1.32224849e-05  2.59131231e+00  1.32224849e-05 -2.59131820e-03  1.32224849e-05  5.00000000e+00 
 1.32521262e-05  2.59131231e+00  1.32521262e-05 -2.59130649e-03  1.32521262e-05  5.00000000e+00 
 1.32817676e-05  2.59131231e+00  1.32817676e-05 -2.59131818e-03  1.32817676e-05  5.00000000e+00 
 1.33114089e-05  2.59131231e+00  1.33114089e-05 -2.59130651e-03  1.33114089e-05  5.00000000e+00 
 1.33410502e-05  2.59131231e+00  1.33410502e-05 -2.59131816e-03  1.33410502e-05  5.00000000e+00 
 1.33706916e-05  2.59131231e+00  1.33706916e-05 -2.59130654e-03  1.33706916e-05  5.00000000e+00 
 1.34003329e-05  2.59131231e+00  1.34003329e-05 -2.59131814e-03  1.34003329e-05  5.00000000e+00 
 1.34299743e-05  2.59131231e+00  1.34299743e-05 -2.59130656e-03  1.34299743e-05  5.00000000e+00 
 1.34596156e-05  2.59131231e+00  1.34596156e-05 -2.59131812e-03  1.34596156e-05  5.00000000e+00 
 1.34892569e-05  2.59131231e+00  1.34892569e-05 -2.59130658e-03  1.34892569e-05  5.00000000e+00 
 1.35188983e-05  2.59131231e+00  1.35188983e-05 -2.59131810e-03  1.35188983e-05  5.00000000e+00 
 1.35485396e-05  2.59131231e+00  1.35485396e-05 -2.59130660e-03  1.35485396e-05  5.00000000e+00 
 1.35781810e-05  2.59131231e+00  1.35781810e-05 -2.59131807e-03  1.35781810e-05  5.00000000e+00 
 1.36078223e-05  2.59131231e+00  1.36078223e-05 -2.59130662e-03  1.36078223e-05  5.00000000e+00 
 1.36374636e-05  2.59131231e+00  1.36374636e-05 -2.59131805e-03  1.36374636e-05  5.00000000e+00 
 1.36671050e-05  2.59131231e+00  1.36671050e-05 -2.59130664e-03  1.36671050e-05  5.00000000e+00 
 1.36967463e-05  2.59131231e+00  1.36967463e-05 -2.59131803e-03  1.36967463e-05  5.00000000e+00 
 1.37263876e-05  2.59131231e+00  1.37263876e-05 -2.59130666e-03  1.37263876e-05  5.00000000e+00 
 1.37560290e-05  2.59131231e+00  1.37560290e-05 -2.59131801e-03  1.37560290e-05  5.00000000e+00 
 1.37856703e-05  2.59131231e+00  1.37856703e-05 -2.59130668e-03  1.37856703e-05  5.00000000e+00 
 1.38153117e-05  2.59131231e+00  1.38153117e-05 -2.59131799e-03  1.38153117e-05  5.00000000e+00 
 1.38449530e-05  2.59131231e+00  1.38449530e-05 -2.59130670e-03  1.38449530e-05  5.00000000e+00 
 1.38745943e-05  2.59131231e+00  1.38745943e-05 -2.59131797e-03  1.38745943e-05  5.00000000e+00 
 1.39042357e-05  2.59131231e+00  1.39042357e-05 -2.59130672e-03  1.39042357e-05  5.00000000e+00 
 1.39338770e-05  2.59131231e+00  1.39338770e-05 -2.59131795e-03  1.39338770e-05  5.00000000e+00 
 1.39635183e-05  2.59131231e+00  1.39635183e-05 -2.59130674e-03  1.39635183e-05  5.00000000e+00 
 1.39931597e-05  2.59131231e+00  1.39931597e-05 -2.59131793e-03  1.39931597e-05  5.00000000e+00 
 1.40228010e-05  2.59131231e+00  1.40228010e-05 -2.59130676e-03  1.40228010e-05  5.00000000e+00 
 1.40524424e-05  2.59131231e+00  1.40524424e-05 -2.59131791e-03  1.40524424e-05  5.00000000e+00 
 1.40820837e-05  2.59131231e+00  1.40820837e-05 -2.59130678e-03  1.40820837e-05  5.00000000e+00 
 1.41117250e-05  2.59131231e+00  1.41117250e-05 -2.59131789e-03  1.41117250e-05  5.00000000e+00 
 1.41413664e-05  2.59131231e+00  1.41413664e-05 -2.59130680e-03  1.41413664e-05  5.00000000e+00 
 1.41710077e-05  2.59131231e+00  1.41710077e-05 -2.59131787e-03  1.41710077e-05  5.00000000e+00 
 1.42006490e-05  2.59131231e+00  1.42006490e-05 -2.59130682e-03  1.42006490e-05  5.00000000e+00 
 1.42302904e-05  2.59131231e+00  1.42302904e-05 -2.59131785e-03  1.42302904e-05  5.00000000e+00 
 1.42599317e-05  2.59131231e+00  1.42599317e-05 -2.59130684e-03  1.42599317e-05  5.00000000e+00 
 1.42895731e-05  2.59131231e+00  1.42895731e-05 -2.59131783e-03  1.42895731e-05  5.00000000e+00 
 1.43192144e-05  2.59131231e+00  1.43192144e-05 -2.59130686e-03  1.43192144e-05  5.00000000e+00 
 1.43488557e-05  2.59131231e+00  1.43488557e-05 -2.59131781e-03  1.43488557e-05  5.00000000e+00 
 1.43784971e-05  2.59131231e+00  1.43784971e-05 -2.59130688e-03  1.43784971e-05  5.00000000e+00 
 1.44081384e-05  2.59131231e+00  1.44081384e-05 -2.59131779e-03  1.44081384e-05  5.00000000e+00 
 1.44377797e-05  2.59131231e+00  1.44377797e-05 -2.59130690e-03  1.44377797e-05  5.00000000e+00 
 1.44674211e-05  2.59131231e+00  1.44674211e-05 -2.59131777e-03  1.44674211e-05  5.00000000e+00 
 1.44970624e-05  2.59131231e+00  1.44970624e-05 -2.59130692e-03  1.44970624e-05  5.00000000e+00 
 1.45267038e-05  2.59131231e+00  1.45267038e-05 -2.59131775e-03  1.45267038e-05  5.00000000e+00 
 1.45563451e-05  2.59131231e+00  1.45563451e-05 -2.59130694e-03  1.45563451e-05  5.00000000e+00 
 1.45859864e-05  2.59131231e+00  1.45859864e-05 -2.59131773e-03  1.45859864e-05  5.00000000e+00 
 1.46156278e-05  2.59131231e+00  1.46156278e-05 -2.59130696e-03  1.46156278e-05  5.00000000e+00 
 1.46452691e-05  2.59131231e+00  1.46452691e-05 -2.59131771e-03  1.46452691e-05  5.00000000e+00 
 1.46749104e-05  2.59131231e+00  1.46749104e-05 -2.59130698e-03  1.46749104e-05  5.00000000e+00 
 1.47045518e-05  2.59131231e+00  1.47045518e-05 -2.59131769e-03  1.47045518e-05  5.00000000e+00 
 1.47341931e-05  2.59131231e+00  1.47341931e-05 -2.59130700e-03  1.47341931e-05  5.00000000e+00 
 1.47638345e-05  2.59131231e+00  1.47638345e-05 -2.59131767e-03  1.47638345e-05  5.00000000e+00 
 1.47934758e-05  2.59131231e+00  1.47934758e-05 -2.59130702e-03  1.47934758e-05  5.00000000e+00 
 1.48206689e-05  2.59131231e+00  1.48206689e-05 -2.59131765e-03  1.48206689e-05  5.00000000e+00 
 1.48236330e-05  2.58617982e+00  1.48236330e-05 -2.41412425e-03  1.48236330e-05  4.95000000e+00 
 1.48295613e-05  2.56594644e+00  1.48295613e-05 -2.05766863e-03  1.48295613e-05  4.85000000e+00 
 1.48414178e-05  2.48361235e+00  1.48414178e-05 -1.60457020e-03  1.48414178e-05  4.65000000e+00 
 1.48570562e-05  2.33425498e+00  1.48570562e-05 -1.30395417e-03  1.48570562e-05  4.38620670e+00 
 1.48799628e-05  2.09088964e+00  1.48799628e-05 -9.96894957e-04  1.48799628e-05  3.99981093e+00 
 1.49011556e-05  1.85966389e+00  1.49011556e-05 -7.71979222e-04  1.49011556e-05  3.64232370e+00 
 1.49307969e-05  1.53926429e+00  1.49307969e-05 -4.65565105e-04  1.49307969e-05  3.14232370e+00 
 1.49604382e-05  1.22911509e+00  1.49604382e-05 -2.10618642e-04  1.49604382e-05  2.64232370e+00 
 1.49900796e-05  9.44282112e-01  1.49900796e-05 -4.14878746e-05  1.49900796e-05  2.14232370e+00 
 1.50197209e-05  7.06059316e-01  1.50197209e-05 -1.86419245e-06  1.50197209e-05  1.64232370e+00 
 1.50454041e-05  5.45550885e-01  1.50454041e-05 -2.73745704e-07  1.50454041e-05  1.20909160e+00 
 1.50708513e-05  4.22387164e-01  1.50708513e-05 -2.26607336e-07  1.50708513e-05  7.79838930e-01 
 1.50939668e-05  3.34848956e-01  1.50939668e-05 -2.63061655e-07  1.50939668e-05  3.89919465e-01 
 1.51170822e-05  2.65442841e-01  1.51170822e-05 -2.26621507e-07  1.51170822e-05  0.00000000e+00 
 1.51200464e-05  2.57804305e-01  1.51200464e-05 -2.40200189e-11  1.51200464e-05  0.00000000e+00 
 1.51242917e-05  2.47091683e-01  1.51242917e-05 -2.40200289e-11  1.51242917e-05  0.00000000e+00 
 1.51269549e-05  2.40600553e-01  1.51269549e-05 -2.40200374e-11  1.51269549e-05  0.00000000e+00 
 1.51295274e-05  2.34492265e-01  1.51295274e-05 -2.40200476e-11  1.51295274e-05  0.00000000e+00 
 1.51326189e-05  2.27356348e-01  1.51326189e-05 -2.40200634e-11  1.51326189e-05  0.00000000e+00 
 1.51354888e-05  2.20926420e-01  1.51354888e-05 -2.40200818e-11  1.51354888e-05  0.00000000e+00 
 1.51381298e-05  2.15170421e-01  1.51381298e-05 -2.40201031e-11  1.51381298e-05  0.00000000e+00 
 1.51405191e-05  2.10092195e-01  1.51405191e-05 -2.40201260e-11  1.51405191e-05  0.00000000e+00 
 1.51426869e-05  2.05588608e-01  1.51426869e-05 -2.40201510e-11  1.51426869e-05  0.00000000e+00 
 1.51448723e-05  2.01146182e-01  1.51448723e-05 -2.40201802e-11  1.51448723e-05  0.00000000e+00 
 1.51468393e-05  1.97229715e-01  1.51468393e-05 -2.40202109e-11  1.51468393e-05  0.00000000e+00 
 1.51487715e-05  1.93456956e-01  1.51487715e-05 -2.40202450e-11  1.51487715e-05  0.00000000e+00 
 1.51507846e-05  1.89603038e-01  1.51507846e-05 -2.40202862e-11  1.51507846e-05  0.00000000e+00 
 1.51530070e-05  1.85437364e-01  1.51530070e-05 -2.40203377e-11  1.51530070e-05  0.00000000e+00 
 1.51556031e-05  1.80686899e-01  1.51556031e-05 -2.40204087e-11  1.51556031e-05  0.00000000e+00 
 1.51589248e-05  1.74785640e-01  1.51589248e-05 -2.40205172e-11  1.51589248e-05  0.00000000e+00 
 1.51634852e-05  1.66995774e-01  1.51634852e-05 -2.40207071e-11  1.51634852e-05  0.00000000e+00 
 1.51705199e-05  1.55651981e-01  1.51705199e-05 -2.40211129e-11  1.51705199e-05  0.00000000e+00 
 1.51825986e-05  1.37929364e-01  1.51825986e-05 -2.40222637e-11  1.51825986e-05  0.00000000e+00 
 1.52066424e-05  1.08336404e-01  1.52066424e-05 -2.40272165e-11  1.52066424e-05  0.00000000e+00 
 1.52362837e-05  8.03796106e-02  1.52362837e-05 -2.40412976e-11  1.52362837e-05  0.00000000e+00 
 1.52659251e-05  5.96372037e-02  1.52659251e-05 -2.40702474e-11  1.52659251e-05  0.00000000e+00 
 1.52955664e-05  4.42475054e-02  1.52955664e-05 -2.41161501e-11  1.52955664e-05  0.00000000e+00 
 1.53252077e-05  3.28291859e-02  1.53252077e-05 -2.41742040e-11  1.53252077e-05  0.00000000e+00 
 1.53548491e-05  2.43574435e-02  1.53548491e-05 -2.42389425e-11  1.53548491e-05  0.00000000e+00 
 1.53844904e-05  1.80718633e-02  1.53844904e-05 -2.43028871e-11  1.53844904e-05  0.00000000e+00 
 1.54141318e-05  1.34083288e-02  1.54141318e-05 -2.43626402e-11  1.54141318e-05  0.00000000e+00 
 1.54437731e-05  9.94822753e-03  1.54437731e-05 -2.44140333e-11  1.54437731e-05  0.00000000e+00 
 1.54734144e-05  7.38104184e-03  1.54734144e-05 -2.44578462e-11  1.54734144e-05  0.00000000e+00 
 1.55030558e-05  5.47631491e-03  1.55030558e-05 -2.44925451e-11  1.55030558e-05  0.00000000e+00 
 1.55326971e-05  4.06313083e-03  1.55326971e-05 -2.45209238e-11  1.55326971e-05  0.00000000e+00 
 1.55623384e-05  3.01460894e-03  1.55623384e-05 -2.45421450e-11  1.55623384e-05  0.00000000e+00 
 1.55919798e-05  2.23668164e-03  1.55919798e-05 -2.45593846e-11  1.55919798e-05  0.00000000e+00 
 1.56216211e-05  1.65948491e-03  1.56216211e-05 -2.45716029e-11  1.56216211e-05  0.00000000e+00 
 1.56512625e-05  1.23125485e-03  1.56512625e-05 -2.45817839e-11  1.56512625e-05  0.00000000e+00 
 1.56809038e-05  9.13513951e-04  1.56809038e-05 -2.45885118e-11  1.56809038e-05  0.00000000e+00 
 1.57105451e-05  6.77785847e-04  1.57105451e-05 -2.45945031e-11  1.57105451e-05  0.00000000e+00 
 1.57401865e-05  5.02870595e-04  1.57401865e-05 -2.45980369e-11  1.57401865e-05  0.00000000e+00 
 1.57698278e-05  3.73111316e-04  1.57698278e-05 -2.46016253e-11  1.57698278e-05  0.00000000e+00 
 1.57994691e-05  2.76818941e-04  1.57994691e-05 -2.46033474e-11  1.57994691e-05  0.00000000e+00 
 1.58291105e-05  2.05393583e-04  1.58291105e-05 -2.46055829e-11  1.58291105e-05  0.00000000e+00 
 1.58587518e-05  1.52381636e-04  1.58587518e-05 -2.46062913e-11  1.58587518e-05  0.00000000e+00 
 1.58883932e-05  1.13068058e-04  1.58883932e-05 -2.46077726e-11  1.58883932e-05  0.00000000e+00 
 1.59180345e-05  8.38811683e-05  1.59180345e-05 -2.46079184e-11  1.59180345e-05  0.00000000e+00 
 1.59476758e-05  6.22445590e-05  1.59476758e-05 -2.46089812e-11  1.59476758e-05  0.00000000e+00 
 1.59773172e-05  4.61729054e-05  1.59773172e-05 -2.46088162e-11  1.59773172e-05  0.00000000e+00 
 1.60069585e-05  3.42671651e-05  1.60069585e-05 -2.46096473e-11  1.60069585e-05  0.00000000e+00 
 1.60365998e-05  2.54151877e-05  1.60365998e-05 -2.46093114e-11  1.60365998e-05  0.00000000e+00 
 1.60662412e-05  1.88661322e-05  1.60662412e-05 -2.46100139e-11  1.60662412e-05  0.00000000e+00 
 1.60958825e-05  1.39884351e-05  1.60958825e-05 -2.46095844e-11  1.60958825e-05  0.00000000e+00 
 1.61255239e-05  1.03881550e-05  1.61255239e-05 -2.46102155e-11  1.61255239e-05  0.00000000e+00 
 1.61551652e-05  7.69820859e-06  1.61551652e-05 -2.46097352e-11  1.61551652e-05  0.00000000e+00 
 1.61848065e-05  5.72119210e-06  1.61848065e-05 -2.46103260e-11  1.61848065e-05  0.00000000e+00 
 1.62144479e-05  4.23554633e-06  1.62144479e-05 -2.46098187e-11  1.62144479e-05  0.00000000e+00 
 1.62440892e-05  3.15212205e-06  1.62440892e-05 -2.46103864e-11  1.62440892e-05  0.00000000e+00 
 1.62737305e-05  2.32940713e-06  1.62737305e-05 -2.46098651e-11  1.62737305e-05  0.00000000e+00 
 1.63033719e-05  1.73790277e-06  1.63033719e-05 -2.46104191e-11  1.63033719e-05  0.00000000e+00 
 1.63330132e-05  1.28010613e-06  1.63330132e-05 -2.46098912e-11  1.63330132e-05  0.00000000e+00 
 1.63626546e-05  9.59406890e-07  1.63626546e-05 -2.46104366e-11  1.63626546e-05  0.00000000e+00 
 1.63922959e-05  7.02479627e-07  1.63922959e-05 -2.46099062e-11  1.63922959e-05  0.00000000e+00 
 1.64219372e-05  5.30864320e-07  1.64219372e-05 -2.46104456e-11  1.64219372e-05  0.00000000e+00 
 1.64515786e-05  3.84502075e-07  1.64515786e-05 -2.46099150e-11  1.64515786e-05  0.00000000e+00 
 1.64812199e-05  2.94963849e-07  1.64812199e-05 -2.46104499e-11  1.64812199e-05  0.00000000e+00 
 1.65108612e-05  2.09457291e-07  1.65108612e-05 -2.46099206e-11  1.65108612e-05  0.00000000e+00 
 1.65405026e-05  1.65108541e-07  1.65405026e-05 -2.46104515e-11  1.65405026e-05  0.00000000e+00 
 1.65701439e-05  1.13095160e-07  1.65701439e-05 -2.46099244e-11  1.65701439e-05  0.00000000e+00 
 1.65997853e-05  9.36283683e-08  1.65997853e-05 -2.46104517e-11  1.65997853e-05  0.00000000e+00 
 1.66294266e-05  6.00471703e-08  1.66294266e-05 -2.46099272e-11  1.66294266e-05  0.00000000e+00 
 1.66590679e-05  5.42818533e-08  1.66590679e-05 -2.46104510e-11  1.66590679e-05  0.00000000e+00 
 1.66887093e-05  3.08436066e-08  1.66887093e-05 -2.46099296e-11  1.66887093e-05  0.00000000e+00 
 1.67183506e-05  3.26235431e-08  1.67183506e-05 -2.46104498e-11  1.67183506e-05  0.00000000e+00 
 1.67479920e-05  1.47667474e-08  1.67479920e-05 -2.46099317e-11  1.67479920e-05  0.00000000e+00 
 1.67776333e-05  2.07014803e-08  1.67776333e-05 -2.46104483e-11  1.67776333e-05  0.00000000e+00 
 1.68072746e-05  5.91668383e-09  1.68072746e-05 -2.46099338e-11  1.68072746e-05  0.00000000e+00 
 1.68369160e-05  1.41382578e-08  1.68369160e-05 -2.46104465e-11  1.68369160e-05  0.00000000e+00 
 1.68665573e-05  1.04562413e-09  1.68665573e-05 -2.46099359e-11  1.68665573e-05  0.00000000e+00 
 1.68961986e-05  1.05241933e-08  1.68961986e-05 -2.46104446e-11  1.68961986e-05  0.00000000e+00 
 1.69258400e-05 -1.63428172e-09  1.69258400e-05 -2.46099380e-11  1.69258400e-05  0.00000000e+00 
 1.69554813e-05  8.53280147e-09  1.69554813e-05 -2.46104426e-11  1.69554813e-05  0.00000000e+00 
 1.69851227e-05 -3.10721288e-09  1.69851227e-05 -2.46099402e-11  1.69851227e-05  0.00000000e+00 
 1.70147640e-05  7.43387678e-09  1.70147640e-05 -2.46104404e-11  1.70147640e-05  0.00000000e+00 
 1.70444053e-05 -3.91494268e-09  1.70444053e-05 -2.46099424e-11  1.70444053e-05  0.00000000e+00 
 1.70740467e-05  6.82545547e-09  1.70740467e-05 -2.46104381e-11  1.70740467e-05  0.00000000e+00 
 1.71036880e-05 -4.35570838e-09  1.71036880e-05 -2.46099448e-11  1.71036880e-05  0.00000000e+00 
 1.71333293e-05  6.48626491e-09  1.71333293e-05 -2.46104358e-11  1.71333293e-05  0.00000000e+00 
 1.71629707e-05 -4.59368535e-09  1.71629707e-05 -2.46099472e-11  1.71629707e-05  0.00000000e+00 
 1.71926120e-05  6.29449995e-09  1.71926120e-05 -2.46104333e-11  1.71926120e-05  0.00000000e+00 
 1.72222534e-05 -4.71925062e-09  1.72222534e-05 -2.46099497e-11  1.72222534e-05  0.00000000e+00 
 1.72518947e-05  6.18311067e-09  1.72518947e-05 -2.46104307e-11  1.72518947e-05  0.00000000e+00 
 1.72815360e-05 -4.78215679e-09  1.72815360e-05 -2.46099524e-11  1.72815360e-05  0.00000000e+00 
 1.73111774e-05  6.11518918e-09  1.73111774e-05 -2.46104281e-11  1.73111774e-05  0.00000000e+00 
 1.73408187e-05 -4.80979373e-09  1.73408187e-05 -2.46099551e-11  1.73408187e-05  0.00000000e+00 
 1.73704600e-05  6.07042044e-09  1.73704600e-05 -2.46104253e-11  1.73704600e-05  0.00000000e+00 
 1.74001014e-05 -4.81724129e-09  1.74001014e-05 -2.46099579e-11  1.74001014e-05  0.00000000e+00 
 1.74297427e-05  6.03762375e-09  1.74297427e-05 -2.46104225e-11  1.74297427e-05  0.00000000e+00 
 1.74593841e-05 -4.81280309e-09  1.74593841e-05 -2.46099607e-11  1.74593841e-05  0.00000000e+00 
 1.74890254e-05  6.01064691e-09  1.74890254e-05 -2.46104196e-11  1.74890254e-05  0.00000000e+00 
 1.75186667e-05 -4.80105285e-09  1.75186667e-05 -2.46099637e-11  1.75186667e-05  0.00000000e+00 
 1.75483081e-05  5.98610608e-09  1.75483081e-05 -2.46104166e-11  1.75483081e-05  0.00000000e+00 
 1.75779494e-05 -4.78451126e-09  1.75779494e-05 -2.46099668e-11  1.75779494e-05  0.00000000e+00 
 1.76075907e-05  5.96214159e-09  1.76075907e-05 -2.46104135e-11  1.76075907e-05  0.00000000e+00 
 1.76372321e-05 -4.76456910e-09  1.76372321e-05 -2.46099699e-11  1.76372321e-05  0.00000000e+00 
 1.76668734e-05  5.93773304e-09  1.76668734e-05 -2.46104103e-11  1.76668734e-05  0.00000000e+00 
 1.76965148e-05 -4.74199542e-09  1.76965148e-05 -2.46099732e-11  1.76965148e-05  0.00000000e+00 
 1.77261561e-05  5.91232227e-09  1.77261561e-05 -2.46104070e-11  1.77261561e-05  0.00000000e+00 
 1.77557974e-05 -4.71721723e-09  1.77557974e-05 -2.46099765e-11  1.77557974e-05  0.00000000e+00 
 1.77854388e-05  5.88560582e-09  1.77854388e-05 -2.46104037e-11  1.77854388e-05  0.00000000e+00 
 1.78150801e-05 -4.69047351e-09  1.78150801e-05 -2.46099799e-11  1.78150801e-05  0.00000000e+00 
 1.78447214e-05  5.85742069e-09  1.78447214e-05 -2.46104003e-11  1.78447214e-05  0.00000000e+00 
 1.78743628e-05 -4.66189998e-09  1.78743628e-05 -2.46099834e-11  1.78743628e-05  0.00000000e+00 
 1.79040041e-05  5.82768141e-09  1.79040041e-05 -2.46103968e-11  1.79040041e-05  0.00000000e+00 
 1.79336455e-05 -4.63157572e-09  1.79336455e-05 -2.46099869e-11  1.79336455e-05  0.00000000e+00 
 1.79632868e-05  5.79634544e-09  1.79632868e-05 -2.46103932e-11  1.79632868e-05  0.00000000e+00 
 1.79929281e-05 -4.59954890e-09  1.79929281e-05 -2.46099906e-11  1.79929281e-05  0.00000000e+00 
 1.80225695e-05  5.76339411e-09  1.80225695e-05 -2.46103895e-11  1.80225695e-05  0.00000000e+00 
 1.80522108e-05 -4.56585091e-09  1.80522108e-05 -2.46099943e-11  1.80522108e-05  0.00000000e+00 
 1.80818521e-05  5.72882213e-09  1.80818521e-05 -2.46103858e-11  1.80818521e-05  0.00000000e+00 
 1.81114935e-05 -4.53050410e-09  1.81114935e-05 -2.46099981e-11  1.81114935e-05  0.00000000e+00 
 1.81411348e-05  5.69263177e-09  1.81411348e-05 -2.46103820e-11  1.81411348e-05  0.00000000e+00 
 1.81707762e-05 -4.49352612e-09  1.81707762e-05 -2.46100020e-11  1.81707762e-05  0.00000000e+00 
 1.82004175e-05  5.65482974e-09  1.82004175e-05 -2.46103781e-11  1.82004175e-05  0.00000000e+00 
 1.82300588e-05 -4.45493223e-09  1.82300588e-05 -2.46100060e-11  1.82300588e-05  0.00000000e+00 
 1.82597002e-05  5.61542540e-09  1.82597002e-05 -2.46103741e-11  1.82597002e-05  0.00000000e+00 
 1.82893415e-05 -4.41473660e-09  1.82893415e-05 -2.46100100e-11  1.82893415e-05  0.00000000e+00 
 1.83189829e-05  5.57442980e-09  1.83189829e-05 -2.46103701e-11  1.83189829e-05  0.00000000e+00 
 1.83486242e-05 -4.37295307e-09  1.83486242e-05 -2.46100141e-11  1.83486242e-05  0.00000000e+00 
 1.83782655e-05  5.53185513e-09  1.83782655e-05 -2.46103660e-11  1.83782655e-05  0.00000000e+00 
 1.84079069e-05 -4.32959545e-09  1.84079069e-05 -2.46100183e-11  1.84079069e-05  0.00000000e+00 
 1.84375482e-05  5.48771445e-09  1.84375482e-05 -2.46103618e-11  1.84375482e-05  0.00000000e+00 
 1.84671895e-05 -4.28467782e-09  1.84671895e-05 -2.46100225e-11  1.84671895e-05  0.00000000e+00 
 1.84968309e-05  5.44202151e-09  1.84968309e-05 -2.46103576e-11  1.84968309e-05  0.00000000e+00 
 1.85264722e-05 -4.23821461e-09  1.85264722e-05 -2.46100268e-11  1.85264722e-05  0.00000000e+00 
 1.85561136e-05  5.39479067e-09  1.85561136e-05 -2.46103533e-11  1.85561136e-05  0.00000000e+00 
 1.85857549e-05 -4.19022063e-09  1.85857549e-05 -2.46100312e-11  1.85857549e-05  0.00000000e+00 
 1.86153962e-05  5.34603683e-09  1.86153962e-05 -2.46103489e-11  1.86153962e-05  0.00000000e+00 
 1.86450376e-05 -4.14071116e-09  1.86450376e-05 -2.46100357e-11  1.86450376e-05  0.00000000e+00 
 1.86746789e-05  5.29577540e-09  1.86746789e-05 -2.46103444e-11  1.86746789e-05  0.00000000e+00 
 1.87043202e-05 -4.08970192e-09  1.87043202e-05 -2.46100402e-11  1.87043202e-05  0.00000000e+00 
 1.87339616e-05  5.24402228e-09  1.87339616e-05 -2.46103399e-11  1.87339616e-05  0.00000000e+00 
 1.87636029e-05 -4.03720910e-09  1.87636029e-05 -2.46100447e-11  1.87636029e-05  0.00000000e+00 
 1.87932443e-05  5.19079389e-09  1.87932443e-05 -2.46103354e-11  1.87932443e-05  0.00000000e+00 
 1.88228856e-05 -3.98324934e-09  1.88228856e-05 -2.46100494e-11  1.88228856e-05  0.00000000e+00 
 1.88525269e-05  5.13610707e-09  1.88525269e-05 -2.46103307e-11  1.88525269e-05  0.00000000e+00 
 1.88821683e-05 -3.92783977e-09  1.88821683e-05 -2.46100541e-11  1.88821683e-05  0.00000000e+00 
 1.89118096e-05  5.07997918e-09  1.89118096e-05 -2.46103260e-11  1.89118096e-05  0.00000000e+00 
 1.89414509e-05 -3.87099794e-09  1.89414509e-05 -2.46100588e-11  1.89414509e-05  0.00000000e+00 
 1.89710923e-05  5.02242798e-09  1.89710923e-05 -2.46103213e-11  1.89710923e-05  0.00000000e+00 
 1.90007336e-05 -3.81274188e-09  1.90007336e-05 -2.46100636e-11  1.90007336e-05  0.00000000e+00 
 1.90303750e-05  4.96347174e-09  1.90303750e-05 -2.46103165e-11  1.90303750e-05  0.00000000e+00 
 1.90600163e-05 -3.75309005e-09  1.90600163e-05 -2.46100685e-11  1.90600163e-05  0.00000000e+00 
 1.90896576e-05  4.90312913e-09  1.90896576e-05 -2.46103117e-11  1.90896576e-05  0.00000000e+00 
 1.91192990e-05 -3.69206137e-09  1.91192990e-05 -2.46100734e-11  1.91192990e-05  0.00000000e+00 
 1.91489403e-05  4.84141929e-09  1.91489403e-05 -2.46103068e-11  1.91489403e-05  0.00000000e+00 
 1.91785816e-05 -3.62967518e-09  1.91785816e-05 -2.46100784e-11  1.91785816e-05  0.00000000e+00 
 1.92082230e-05  4.77836178e-09  1.92082230e-05 -2.46103018e-11  1.92082230e-05  0.00000000e+00 
 1.92378643e-05 -3.56595126e-09  1.92378643e-05 -2.46100834e-11  1.92378643e-05  0.00000000e+00 
 1.92675057e-05  4.71397659e-09  1.92675057e-05 -2.46102968e-11  1.92675057e-05  0.00000000e+00 
 1.92971470e-05 -3.50090982e-09  1.92971470e-05 -2.46100885e-11  1.92971470e-05  0.00000000e+00 
 1.93267883e-05  4.64828413e-09  1.93267883e-05 -2.46102917e-11  1.93267883e-05  0.00000000e+00 
 1.93564297e-05 -3.43457146e-09  1.93564297e-05 -2.46100936e-11  1.93564297e-05  0.00000000e+00 
 1.93860710e-05  4.58130522e-09  1.93860710e-05 -2.46102866e-11  1.93860710e-05  0.00000000e+00 
 1.94157123e-05 -3.36695722e-09  1.94157123e-05 -2.46100987e-11  1.94157123e-05  0.00000000e+00 
 1.94453537e-05  4.51306110e-09  1.94453537e-05 -2.46102815e-11  1.94453537e-05  0.00000000e+00 
 1.94749950e-05 -3.29808854e-09  1.94749950e-05 -2.46101040e-11  1.94749950e-05  0.00000000e+00 
 1.95046364e-05  4.44357340e-09  1.95046364e-05 -2.46102763e-11  1.95046364e-05  0.00000000e+00 
 1.95342777e-05 -3.22798724e-09  1.95342777e-05 -2.46101092e-11  1.95342777e-05  0.00000000e+00 
 1.95639190e-05  4.37286415e-09  1.95639190e-05 -2.46102711e-11  1.95639190e-05  0.00000000e+00 
 1.95935604e-05 -3.15667555e-09  1.95935604e-05 -2.46101145e-11  1.95935604e-05  0.00000000e+00 
 1.96232017e-05  4.30095576e-09  1.96232017e-05 -2.46102658e-11  1.96232017e-05  0.00000000e+00 
 1.96528430e-05 -3.08417608e-09  1.96528430e-05 -2.46101198e-11  1.96528430e-05  0.00000000e+00 
 1.96824844e-05  4.22787103e-09  1.96824844e-05 -2.46102605e-11  1.96824844e-05  0.00000000e+00 
 1.97121257e-05 -3.01051180e-09  1.97121257e-05 -2.46101252e-11  1.97121257e-05  0.00000000e+00 
 1.97417671e-05  4.15363314e-09  1.97417671e-05 -2.46102552e-11  1.97417671e-05  0.00000000e+00 
 1.97714084e-05 -2.93570608e-09  1.97714084e-05 -2.46101306e-11  1.97714084e-05  0.00000000e+00 
 1.98010497e-05  4.07826560e-09  1.98010497e-05 -2.46102498e-11  1.98010497e-05  0.00000000e+00 
 1.98306911e-05 -2.85978262e-09  1.98306911e-05 -2.46101360e-11  1.98306911e-05  0.00000000e+00 
 1.98603324e-05  4.00179231e-09  1.98603324e-05 -2.46102444e-11  1.98603324e-05  0.00000000e+00 
 1.98899738e-05 -2.78276549e-09  1.98899738e-05 -2.46101415e-11  1.98899738e-05  0.00000000e+00 
 1.99196151e-05  3.92423752e-09  1.99196151e-05 -2.46102389e-11  1.99196151e-05  0.00000000e+00 
 1.99492564e-05 -2.70467911e-09  1.99492564e-05 -2.46101470e-11  1.99492564e-05  0.00000000e+00 
 1.99788978e-05  3.84562582e-09  1.99788978e-05 -2.46102334e-11  1.99788978e-05  0.00000000e+00 
 2.00085391e-05 -2.62554823e-09  2.00085391e-05 -2.46101525e-11  2.00085391e-05  0.00000000e+00 
 2.00381804e-05  3.76598212e-09  2.00381804e-05 -2.46102279e-11  2.00381804e-05  0.00000000e+00 
 2.00678218e-05 -2.54539793e-09  2.00678218e-05 -2.46101581e-11  2.00678218e-05  0.00000000e+00 
 2.00974631e-05  3.68533167e-09  2.00974631e-05 -2.46102224e-11  2.00974631e-05  0.00000000e+00 
 2.01271045e-05 -2.46425363e-09  2.01271045e-05 -2.46101637e-11  2.01271045e-05  0.00000000e+00 
 2.01567458e-05  3.60370003e-09  2.01567458e-05 -2.46102168e-11  2.01567458e-05  0.00000000e+00 
 2.01863871e-05 -2.38214105e-09  2.01863871e-05 -2.46101693e-11  2.01863871e-05  0.00000000e+00 
 2.02160285e-05  3.52111309e-09  2.02160285e-05 -2.46102113e-11  2.02160285e-05  0.00000000e+00 
 2.02456698e-05 -2.29908622e-09  2.02456698e-05 -2.46101749e-11  2.02456698e-05  0.00000000e+00 
 2.02753111e-05  3.43759703e-09  2.02753111e-05 -2.46102057e-11  2.02753111e-05  0.00000000e+00 
 2.03049525e-05 -2.21511546e-09  2.03049525e-05 -2.46101805e-11  2.03049525e-05  0.00000000e+00 
 2.03345938e-05  3.35317832e-09  2.03345938e-05 -2.46102001e-11  2.03345938e-05  0.00000000e+00 
 2.03642352e-05 -2.13025540e-09  2.03642352e-05 -2.46101862e-11  2.03642352e-05  0.00000000e+00 
 2.03938765e-05  3.26788372e-09  2.03938765e-05 -2.46101944e-11  2.03938765e-05  0.00000000e+00 
 2.04235178e-05 -2.04453294e-09  2.04235178e-05 -2.46101919e-11  2.04235178e-05  0.00000000e+00 
 2.04531592e-05  3.18174027e-09  2.04531592e-05 -2.46101888e-11  2.04531592e-05  0.00000000e+00 
 2.04828005e-05 -1.95797526e-09  2.04828005e-05 -2.46101976e-11  2.04828005e-05  0.00000000e+00 
 2.05124418e-05  3.09477528e-09  2.05124418e-05 -2.46101831e-11  2.05124418e-05  0.00000000e+00 
 2.05420832e-05 -1.87060978e-09  2.05420832e-05 -2.46102033e-11  2.05420832e-05  0.00000000e+00 
 2.05717245e-05  3.00701632e-09  2.05717245e-05 -2.46101774e-11  2.05717245e-05  0.00000000e+00 
 2.06013659e-05 -1.78246422e-09  2.06013659e-05 -2.46102090e-11  2.06013659e-05  0.00000000e+00 
 2.06310072e-05  2.91849120e-09  2.06310072e-05 -2.46101717e-11  2.06310072e-05  0.00000000e+00 
 2.06606485e-05 -1.69356651e-09  2.06606485e-05 -2.46102147e-11  2.06606485e-05  0.00000000e+00 
 2.06902899e-05  2.82922800e-09  2.06902899e-05 -2.46101660e-11  2.06902899e-05  0.00000000e+00 
 2.07199312e-05 -1.60394482e-09  2.07199312e-05 -2.46102204e-11  2.07199312e-05  0.00000000e+00 
 2.07495725e-05  2.73925500e-09  2.07495725e-05 -2.46101603e-11  2.07495725e-05  0.00000000e+00 
 2.07792139e-05 -1.51362758e-09  2.07792139e-05 -2.46102262e-11  2.07792139e-05  0.00000000e+00 
 2.08088552e-05  2.64860074e-09  2.08088552e-05 -2.46101546e-11  2.08088552e-05  0.00000000e+00 
 2.08384966e-05 -1.42264342e-09  2.08384966e-05 -2.46102319e-11  2.08384966e-05  0.00000000e+00 
 2.08681379e-05  2.55729395e-09  2.08681379e-05 -2.46101489e-11  2.08681379e-05  0.00000000e+00 
 2.08977792e-05 -1.33102117e-09  2.08977792e-05 -2.46102377e-11  2.08977792e-05  0.00000000e+00 
 2.09274206e-05  2.46536356e-09  2.09274206e-05 -2.46101432e-11  2.09274206e-05  0.00000000e+00 
 2.09570619e-05 -1.23878988e-09  2.09570619e-05 -2.46102434e-11  2.09570619e-05  0.00000000e+00 
 2.09867032e-05  2.37283874e-09  2.09867032e-05 -2.46101375e-11  2.09867032e-05  0.00000000e+00 
 2.10163446e-05 -1.14597880e-09  2.10163446e-05 -2.46102491e-11  2.10163446e-05  0.00000000e+00 
 2.10459859e-05  2.27974880e-09  2.10459859e-05 -2.46101318e-11  2.10459859e-05  0.00000000e+00 
 2.10756273e-05 -1.05261733e-09  2.10756273e-05 -2.46102549e-11  2.10756273e-05  0.00000000e+00 
 2.11052686e-05  2.18612326e-09  2.11052686e-05 -2.46101261e-11  2.11052686e-05  0.00000000e+00 
 2.11349099e-05 -9.58735085e-10  2.11349099e-05 -2.46102606e-11  2.11349099e-05  0.00000000e+00 
 2.11645513e-05  2.09199180e-09  2.11645513e-05 -2.46101204e-11  2.11645513e-05  0.00000000e+00 
 2.11941926e-05 -8.64361820e-10  2.11941926e-05 -2.46102663e-11  2.11941926e-05  0.00000000e+00 
 2.12238339e-05  1.99738425e-09  2.12238339e-05 -2.46101147e-11  2.12238339e-05  0.00000000e+00 
 2.12534753e-05 -7.69527448e-10  2.12534753e-05 -2.46102720e-11  2.12534753e-05  0.00000000e+00 
 2.12831166e-05  1.90233061e-09  2.12831166e-05 -2.46101090e-11  2.12831166e-05  0.00000000e+00 
 2.13127580e-05 -6.74262037e-10  2.13127580e-05 -2.46102777e-11  2.13127580e-05  0.00000000e+00 
 2.13423993e-05  1.80686102e-09  2.13423993e-05 -2.46101033e-11  2.13423993e-05  0.00000000e+00 
 2.13720406e-05 -5.78595787e-10  2.13720406e-05 -2.46102834e-11  2.13720406e-05  0.00000000e+00 
 2.14016820e-05  1.71100573e-09  2.14016820e-05 -2.46100976e-11  2.14016820e-05  0.00000000e+00 
 2.14313233e-05 -4.82559022e-10  2.14313233e-05 -2.46102891e-11  2.14313233e-05  0.00000000e+00 
 2.14609647e-05  1.61479514e-09  2.14609647e-05 -2.46100920e-11  2.14609647e-05  0.00000000e+00 
 2.14906060e-05 -3.86182189e-10  2.14906060e-05 -2.46102948e-11  2.14906060e-05  0.00000000e+00 
 2.15202473e-05  1.51825974e-09  2.15202473e-05 -2.46100864e-11  2.15202473e-05  0.00000000e+00 
 2.15498887e-05 -2.89495837e-10  2.15498887e-05 -2.46103004e-11  2.15498887e-05  0.00000000e+00 
 2.15795300e-05  1.42143013e-09  2.15795300e-05 -2.46100807e-11  2.15795300e-05  0.00000000e+00 
 2.16091713e-05 -1.92530623e-10  2.16091713e-05 -2.46103060e-11  2.16091713e-05  0.00000000e+00 
 2.16388127e-05  1.32433701e-09  2.16388127e-05 -2.46100751e-11  2.16388127e-05  0.00000000e+00 
 2.16684540e-05 -9.53172797e-11  2.16684540e-05 -2.46103116e-11  2.16684540e-05  0.00000000e+00 
 2.16980954e-05  1.22701116e-09  2.16980954e-05 -2.46100696e-11  2.16980954e-05  0.00000000e+00 
 2.17277367e-05  2.11337322e-12  2.17277367e-05 -2.46103172e-11  2.17277367e-05  0.00000000e+00 
 2.17573780e-05  1.12948344e-09  2.17573780e-05 -2.46100640e-11  2.17573780e-05  0.00000000e+00 
 2.17870194e-05  9.97304523e-11  2.17870194e-05 -2.46103227e-11  2.17870194e-05  0.00000000e+00 
 2.18166607e-05  1.03178476e-09  2.18166607e-05 -2.46100585e-11  2.18166607e-05  0.00000000e+00 
 2.18463020e-05  1.97503009e-10  2.18463020e-05 -2.46103283e-11  2.18463020e-05  0.00000000e+00 
 2.18759434e-05  9.33946088e-10  2.18759434e-05 -2.46100530e-11  2.18759434e-05  0.00000000e+00 
 2.19055847e-05  2.95400050e-10  2.19055847e-05 -2.46103337e-11  2.19055847e-05  0.00000000e+00 
 2.19352261e-05  8.35998446e-10  2.19352261e-05 -2.46100475e-11  2.19352261e-05  0.00000000e+00 
 2.19648674e-05  3.93390543e-10  2.19648674e-05 -2.46103392e-11  2.19648674e-05  0.00000000e+00 
 2.19945087e-05  7.37972880e-10  2.19945087e-05 -2.46100421e-11  2.19945087e-05  0.00000000e+00 
 2.20202655e-05  4.98839034e-10  2.20202655e-05 -2.46103450e-11  2.20202655e-05  0.00000000e+00 
 2.20463165e-05  6.25744972e-10  2.20463165e-05 -2.46100359e-11  2.20463165e-05  0.00000000e+00 
 2.20700167e-05  6.15977634e-10  2.20700167e-05 -2.46103515e-11  2.20700167e-05  0.00000000e+00 
 2.20927164e-05  5.00367863e-10  2.20927164e-05 -2.46100290e-11  2.20927164e-05  0.00000000e+00 
 2.21141991e-05  7.47669036e-10  2.21141991e-05 -2.46103586e-11  2.21141991e-05  0.00000000e+00 
 2.21343626e-05  3.60662049e-10  2.21343626e-05 -2.46100215e-11  2.21343626e-05  0.00000000e+00 
 2.21543275e-05  8.92451093e-10  2.21543275e-05 -2.46103665e-11  2.21543275e-05  0.00000000e+00 
 2.21756675e-05  2.19937295e-10  2.21756675e-05 -2.46100139e-11  2.21756675e-05  0.00000000e+00 
 2.21991418e-05  1.02221116e-09  2.21991418e-05 -2.46103734e-11  2.21991418e-05  0.00000000e+00 
 2.22265832e-05  1.05380282e-10  2.22265832e-05 -2.46100078e-11  2.22265832e-05  0.00000000e+00 
 2.22562246e-05  1.12383833e-09  2.22562246e-05 -2.46103788e-11  2.22562246e-05  0.00000000e+00 
 2.22858659e-05  7.75337734e-12  2.22858659e-05 -2.46100026e-11  2.22858659e-05  0.00000000e+00 
 2.23155072e-05  1.22137677e-09  2.23155072e-05 -2.46103839e-11  2.23155072e-05  0.00000000e+00 
 2.23451486e-05 -8.96888884e-11  2.23451486e-05 -2.46099975e-11  2.23451486e-05  0.00000000e+00 
 2.23747899e-05  1.31871513e-09  2.23747899e-05 -2.46103890e-11  2.23747899e-05  0.00000000e+00 
 2.24044312e-05 -1.86915628e-10  2.24044312e-05 -2.46099925e-11  2.24044312e-05  0.00000000e+00 
 2.24340726e-05  1.41582254e-09  2.24340726e-05 -2.46103940e-11  2.24340726e-05  0.00000000e+00 
 2.24637139e-05 -2.83896015e-10  2.24637139e-05 -2.46099874e-11  2.24637139e-05  0.00000000e+00 
 2.24933553e-05  1.51266821e-09  2.24933553e-05 -2.46103990e-11  2.24933553e-05  0.00000000e+00 
 2.25229966e-05 -3.80599312e-10  2.25229966e-05 -2.46099825e-11  2.25229966e-05  0.00000000e+00 
 2.25526379e-05  1.60922145e-09  2.25526379e-05 -2.46104039e-11  2.25526379e-05  0.00000000e+00 
 2.25822793e-05 -4.76994861e-10  2.25822793e-05 -2.46099775e-11  2.25822793e-05  0.00000000e+00 
 2.26119206e-05  1.70545165e-09  2.26119206e-05 -2.46104088e-11  2.26119206e-05  0.00000000e+00 
 2.26415619e-05 -5.73052103e-10  2.26415619e-05 -2.46099727e-11  2.26415619e-05  0.00000000e+00 
 2.26712033e-05  1.80132831e-09  2.26712033e-05 -2.46104136e-11  2.26712033e-05  0.00000000e+00 
 2.27008446e-05 -6.68740588e-10  2.27008446e-05 -2.46099679e-11  2.27008446e-05  0.00000000e+00 
 2.27304860e-05  1.89682102e-09  2.27304860e-05 -2.46104184e-11  2.27304860e-05  0.00000000e+00 
 2.27601273e-05 -7.64029983e-10  2.27601273e-05 -2.46099631e-11  2.27601273e-05  0.00000000e+00 
 2.27897686e-05  1.99189952e-09  2.27897686e-05 -2.46104231e-11  2.27897686e-05  0.00000000e+00 
 2.28194100e-05 -8.58890079e-10  2.28194100e-05 -2.46099584e-11  2.28194100e-05  0.00000000e+00 
 2.28490513e-05  2.08653366e-09  2.28490513e-05 -2.46104278e-11  2.28490513e-05  0.00000000e+00 
 2.28786926e-05 -9.53290805e-10  2.28786926e-05 -2.46099538e-11  2.28786926e-05  0.00000000e+00 
 2.29083340e-05  2.18069346e-09  2.29083340e-05 -2.46104324e-11  2.29083340e-05  0.00000000e+00 
 2.29379753e-05 -1.04720224e-09  2.29379753e-05 -2.46099492e-11  2.29379753e-05  0.00000000e+00 
 2.29676167e-05  2.27434905e-09  2.29676167e-05 -2.46104369e-11  2.29676167e-05  0.00000000e+00 
 2.29972580e-05 -1.14059460e-09  2.29972580e-05 -2.46099447e-11  2.29972580e-05  0.00000000e+00 
 2.30268993e-05  2.36747074e-09  2.30268993e-05 -2.46104414e-11  2.30268993e-05  0.00000000e+00 
 2.30565407e-05 -1.23343829e-09  2.30565407e-05 -2.46099402e-11  2.30565407e-05  0.00000000e+00 
 2.30861820e-05  2.46002903e-09  2.30861820e-05 -2.46104458e-11  2.30861820e-05  0.00000000e+00 
 2.31158233e-05 -1.32570388e-09  2.31158233e-05 -2.46099358e-11  2.31158233e-05  0.00000000e+00 
 2.31454647e-05  2.55199456e-09  2.31454647e-05 -2.46104501e-11  2.31454647e-05  0.00000000e+00 
 2.31751060e-05 -1.41736211e-09  2.31751060e-05 -2.46099315e-11  2.31751060e-05  0.00000000e+00 
 2.32047474e-05  2.64333819e-09  2.32047474e-05 -2.46104544e-11  2.32047474e-05  0.00000000e+00 
 2.32343887e-05 -1.50838394e-09  2.32343887e-05 -2.46099272e-11  2.32343887e-05  0.00000000e+00 
 2.32640300e-05  2.73403095e-09  2.32640300e-05 -2.46104586e-11  2.32640300e-05  0.00000000e+00 
 2.32936714e-05 -1.59874050e-09  2.32936714e-05 -2.46099230e-11  2.32936714e-05  0.00000000e+00 
 2.33233127e-05  2.82404409e-09  2.33233127e-05 -2.46104627e-11  2.33233127e-05  0.00000000e+00 
 2.33529540e-05 -1.68840315e-09  2.33529540e-05 -2.46099189e-11  2.33529540e-05  0.00000000e+00 
 2.33825954e-05  2.91334909e-09  2.33825954e-05 -2.46104668e-11  2.33825954e-05  0.00000000e+00 
 2.34122367e-05 -1.77734347e-09  2.34122367e-05 -2.46099149e-11  2.34122367e-05  0.00000000e+00 
 2.34418781e-05  3.00191762e-09  2.34418781e-05 -2.46104707e-11  2.34418781e-05  0.00000000e+00 
 2.34715194e-05 -1.86553326e-09  2.34715194e-05 -2.46099109e-11  2.34715194e-05  0.00000000e+00 
 2.35011607e-05  3.08972162e-09  2.35011607e-05 -2.46104746e-11  2.35011607e-05  0.00000000e+00 
 2.35308021e-05 -1.95294457e-09  2.35308021e-05 -2.46099070e-11  2.35308021e-05  0.00000000e+00 
 2.35604434e-05  3.17673325e-09  2.35604434e-05 -2.46104785e-11  2.35604434e-05  0.00000000e+00 
 2.35900847e-05 -2.03954968e-09  2.35900847e-05 -2.46099032e-11  2.35900847e-05  0.00000000e+00 
 2.36197261e-05  3.26292493e-09  2.36197261e-05 -2.46104822e-11  2.36197261e-05  0.00000000e+00 
 2.36493674e-05 -2.12532115e-09  2.36493674e-05 -2.46098994e-11  2.36493674e-05  0.00000000e+00 
 2.36790088e-05  3.34826932e-09  2.36790088e-05 -2.46104859e-11  2.36790088e-05  0.00000000e+00 
 2.37086501e-05 -2.21023178e-09  2.37086501e-05 -2.46098957e-11  2.37086501e-05  0.00000000e+00 
 2.37382914e-05  3.43273939e-09  2.37382914e-05 -2.46104895e-11  2.37382914e-05  0.00000000e+00 
 2.37679328e-05 -2.29425465e-09  2.37679328e-05 -2.46098921e-11  2.37679328e-05  0.00000000e+00 
 2.37975741e-05  3.51630834e-09  2.37975741e-05 -2.46104930e-11  2.37975741e-05  0.00000000e+00 
 2.38272155e-05 -2.37736314e-09  2.38272155e-05 -2.46098886e-11  2.38272155e-05  0.00000000e+00 
 2.38568568e-05  3.59894969e-09  2.38568568e-05 -2.46104965e-11  2.38568568e-05  0.00000000e+00 
 2.38864981e-05 -2.45953088e-09  2.38864981e-05 -2.46098852e-11  2.38864981e-05  0.00000000e+00 
 2.39161395e-05  3.68063724e-09  2.39161395e-05 -2.46104998e-11  2.39161395e-05  0.00000000e+00 
 2.39457808e-05 -2.54073184e-09  2.39457808e-05 -2.46098818e-11  2.39457808e-05  0.00000000e+00 
 2.39754221e-05  3.76134509e-09  2.39754221e-05 -2.46105031e-11  2.39754221e-05  0.00000000e+00 
 2.40050635e-05 -2.62094027e-09  2.40050635e-05 -2.46098786e-11  2.40050635e-05  0.00000000e+00 
 2.40347048e-05  3.84104767e-09  2.40347048e-05 -2.46105063e-11  2.40347048e-05  0.00000000e+00 
 2.40643462e-05 -2.70013075e-09  2.40643462e-05 -2.46098754e-11  2.40643462e-05  0.00000000e+00 
 2.40939875e-05  3.91971970e-09  2.40939875e-05 -2.46105094e-11  2.40939875e-05  0.00000000e+00 
 2.41236288e-05 -2.77827817e-09  2.41236288e-05 -2.46098723e-11  2.41236288e-05  0.00000000e+00 
 2.41532702e-05  3.99733624e-09  2.41532702e-05 -2.46105124e-11  2.41532702e-05  0.00000000e+00 
 2.41829115e-05 -2.85535776e-09  2.41829115e-05 -2.46098693e-11  2.41829115e-05  0.00000000e+00 
 2.42125528e-05  4.07387269e-09  2.42125528e-05 -2.46105153e-11  2.42125528e-05  0.00000000e+00 
 2.42421942e-05 -2.93134508e-09  2.42421942e-05 -2.46098663e-11  2.42421942e-05  0.00000000e+00 
 2.42718355e-05  4.14930478e-09  2.42718355e-05 -2.46105182e-11  2.42718355e-05  0.00000000e+00 
 2.43014769e-05 -3.00621605e-09  2.43014769e-05 -2.46098635e-11  2.43014769e-05  0.00000000e+00 
 2.43311182e-05  4.22360861e-09  2.43311182e-05 -2.46105209e-11  2.43311182e-05  0.00000000e+00 
 2.43607595e-05 -3.07994693e-09  2.43607595e-05 -2.46098607e-11  2.43607595e-05  0.00000000e+00 
 2.43904009e-05  4.29676061e-09  2.43904009e-05 -2.46105236e-11  2.43904009e-05  0.00000000e+00 
 2.44200422e-05 -3.15251435e-09  2.44200422e-05 -2.46098581e-11  2.44200422e-05  0.00000000e+00 
 2.44496835e-05  4.36873761e-09  2.44496835e-05 -2.46105262e-11  2.44496835e-05  0.00000000e+00 
 2.44793249e-05 -3.22389530e-09  2.44793249e-05 -2.46098555e-11  2.44793249e-05  0.00000000e+00 
 2.45089662e-05  4.43951677e-09  2.45089662e-05 -2.46105286e-11  2.45089662e-05  0.00000000e+00 
 2.45386076e-05 -3.29406716e-09  2.45386076e-05 -2.46098530e-11  2.45386076e-05  0.00000000e+00 
 2.45682489e-05  4.50907567e-09  2.45682489e-05 -2.46105310e-11  2.45682489e-05  0.00000000e+00 
 2.45978902e-05 -3.36300768e-09  2.45978902e-05 -2.46098507e-11  2.45978902e-05  0.00000000e+00 
 2.46275316e-05  4.57739226e-09  2.46275316e-05 -2.46105333e-11  2.46275316e-05  0.00000000e+00 
 2.46571729e-05 -3.43069500e-09  2.46571729e-05 -2.46098484e-11  2.46571729e-05  0.00000000e+00 
 2.46868142e-05  4.64444487e-09  2.46868142e-05 -2.46105355e-11  2.46868142e-05  0.00000000e+00 
 2.47164556e-05 -3.49710767e-09  2.47164556e-05 -2.46098462e-11  2.47164556e-05  0.00000000e+00 
 2.47460969e-05  4.71021225e-09  2.47460969e-05 -2.46105377e-11  2.47460969e-05  0.00000000e+00 
 2.47757383e-05 -3.56222463e-09  2.47757383e-05 -2.46098441e-11  2.47757383e-05  0.00000000e+00 
 2.48053796e-05  4.77467355e-09  2.48053796e-05 -2.46105397e-11  2.48053796e-05  0.00000000e+00 
 2.48350209e-05 -3.62602525e-09  2.48350209e-05 -2.46098421e-11  2.48350209e-05  0.00000000e+00 
 2.48646623e-05  4.83780834e-09  2.48646623e-05 -2.46105416e-11  2.48646623e-05  0.00000000e+00 
 2.48943036e-05 -3.68848929e-09  2.48943036e-05 -2.46098402e-11  2.48943036e-05  0.00000000e+00 
 2.49239449e-05  4.89959660e-09  2.49239449e-05 -2.46105434e-11  2.49239449e-05  0.00000000e+00 
 2.49535863e-05 -3.74959696e-09  2.49535863e-05 -2.46098383e-11  2.49535863e-05  0.00000000e+00 
 2.49832276e-05  4.96001874e-09  2.49832276e-05 -2.46105451e-11  2.49832276e-05  0.00000000e+00 
 2.50128690e-05 -3.80932888e-09  2.50128690e-05 -2.46098366e-11  2.50128690e-05  0.00000000e+00 
 2.50425103e-05  5.01905562e-09  2.50425103e-05 -2.46105468e-11  2.50425103e-05  0.00000000e+00 
 2.50721516e-05 -3.86766612e-09  2.50721516e-05 -2.46098350e-11  2.50721516e-05  0.00000000e+00 
 2.51017930e-05  5.07668852e-09  2.51017930e-05 -2.46105483e-11  2.51017930e-05  0.00000000e+00 
 2.51314343e-05 -3.92459019e-09  2.51314343e-05 -2.46098335e-11  2.51314343e-05  0.00000000e+00 
 2.51610756e-05  5.13289915e-09  2.51610756e-05 -2.46105497e-11  2.51610756e-05  0.00000000e+00 
 2.51907170e-05 -3.98008303e-09  2.51907170e-05 -2.46098321e-11  2.51907170e-05  0.00000000e+00 
 2.52203583e-05  5.18766972e-09  2.52203583e-05 -2.46105511e-11  2.52203583e-05  0.00000000e+00 
 2.52499997e-05 -4.03412706e-09  2.52499997e-05 -2.46098307e-11  2.52499997e-05  0.00000000e+00 
 2.52796410e-05  5.24098285e-09  2.52796410e-05 -2.46105523e-11  2.52796410e-05  0.00000000e+00 
 2.53092823e-05 -4.08670515e-09  2.53092823e-05 -2.46098295e-11  2.53092823e-05  0.00000000e+00 
 2.53389237e-05  5.29282164e-09  2.53389237e-05 -2.46105534e-11  2.53389237e-05  0.00000000e+00 
 2.53685650e-05 -4.13780062e-09  2.53685650e-05 -2.46098284e-11  2.53685650e-05  0.00000000e+00 
 2.53982064e-05  5.34316966e-09  2.53982064e-05 -2.46105545e-11  2.53982064e-05  0.00000000e+00 
 2.54278477e-05 -4.18739728e-09  2.54278477e-05 -2.46098274e-11  2.54278477e-05  0.00000000e+00 
 2.54574890e-05  5.39201096e-09  2.54574890e-05 -2.46105554e-11  2.54574890e-05  0.00000000e+00 
 2.54871304e-05 -4.23547941e-09  2.54871304e-05 -2.46098265e-11  2.54871304e-05  0.00000000e+00 
 2.55167717e-05  5.43933004e-09  2.55167717e-05 -2.46105562e-11  2.55167717e-05  0.00000000e+00 
 2.55464130e-05 -4.28203177e-09  2.55464130e-05 -2.46098256e-11  2.55464130e-05  0.00000000e+00 
 2.55760544e-05  5.48511190e-09  2.55760544e-05 -2.46105570e-11  2.55760544e-05  0.00000000e+00 
 2.56056957e-05 -4.32703959e-09  2.56056957e-05 -2.46098249e-11  2.56056957e-05  0.00000000e+00 
 2.56353371e-05  5.52934204e-09  2.56353371e-05 -2.46105576e-11  2.56353371e-05  0.00000000e+00 
 2.56649784e-05 -4.37048861e-09  2.56649784e-05 -2.46098243e-11  2.56649784e-05  0.00000000e+00 
 2.56946197e-05  5.57200643e-09  2.56946197e-05 -2.46105581e-11  2.56946197e-05  0.00000000e+00 
 2.57242611e-05 -4.41236506e-09  2.57242611e-05 -2.46098238e-11  2.57242611e-05  0.00000000e+00 
 2.57539024e-05  5.61309155e-09  2.57539024e-05 -2.46105586e-11  2.57539024e-05  0.00000000e+00 
 2.57835437e-05 -4.45265566e-09  2.57835437e-05 -2.46098234e-11  2.57835437e-05  0.00000000e+00 
 2.58131851e-05  5.65258437e-09  2.58131851e-05 -2.46105589e-11  2.58131851e-05  0.00000000e+00 
 2.58428264e-05 -4.49134764e-09  2.58428264e-05 -2.46098231e-11  2.58428264e-05  0.00000000e+00 
 2.58724678e-05  5.69047237e-09  2.58724678e-05 -2.46105591e-11  2.58724678e-05  0.00000000e+00 
 2.59021091e-05 -4.52842873e-09  2.59021091e-05 -2.46098229e-11  2.59021091e-05  0.00000000e+00 
 2.59317504e-05  5.72674354e-09  2.59317504e-05 -2.46105592e-11  2.59317504e-05  0.00000000e+00 
 2.59613918e-05 -4.56388718e-09  2.59613918e-05 -2.46098228e-11  2.59613918e-05  0.00000000e+00 
 2.59910331e-05  5.76138639e-09  2.59910331e-05 -2.46105593e-11  2.59910331e-05  0.00000000e+00 
 2.60206744e-05 -4.59771174e-09  2.60206744e-05 -2.46098228e-11  2.60206744e-05  0.00000000e+00 
 2.60503158e-05  5.79438993e-09  2.60503158e-05 -2.46105592e-11  2.60503158e-05  0.00000000e+00 
 2.60799571e-05 -4.62989170e-09  2.60799571e-05 -2.46098229e-11  2.60799571e-05  0.00000000e+00 
 2.61095985e-05  5.82574369e-09  2.61095985e-05 -2.46105590e-11  2.61095985e-05  0.00000000e+00 
 2.61392398e-05 -4.66041685e-09  2.61392398e-05 -2.46098231e-11  2.61392398e-05  0.00000000e+00 
 2.61688811e-05  5.85543775e-09  2.61688811e-05 -2.46105587e-11  2.61688811e-05  0.00000000e+00 
 2.61985225e-05 -4.68927752e-09  2.61985225e-05 -2.46098234e-11  2.61985225e-05  0.00000000e+00 
 2.62281638e-05  5.88346269e-09  2.62281638e-05 -2.46105584e-11  2.62281638e-05  0.00000000e+00 
 2.62578051e-05 -4.71646456e-09  2.62578051e-05 -2.46098238e-11  2.62578051e-05  0.00000000e+00 
 2.62874465e-05  5.90980962e-09  2.62874465e-05 -2.46105579e-11  2.62874465e-05  0.00000000e+00 
 2.63170878e-05 -4.74196934e-09  2.63170878e-05 -2.46098243e-11  2.63170878e-05  0.00000000e+00 
 2.63467292e-05  5.93447019e-09  2.63467292e-05 -2.46105573e-11  2.63467292e-05  0.00000000e+00 
 2.63763705e-05 -4.76578379e-09  2.63763705e-05 -2.46098249e-11  2.63763705e-05  0.00000000e+00 
 2.64060118e-05  5.95743658e-09  2.64060118e-05 -2.46105566e-11  2.64060118e-05  0.00000000e+00 
 2.64356532e-05 -4.78790035e-09  2.64356532e-05 -2.46098256e-11  2.64356532e-05  0.00000000e+00 
 2.64652945e-05  5.97870151e-09  2.64652945e-05 -2.46105558e-11  2.64652945e-05  0.00000000e+00 
 2.64949358e-05 -4.80831202e-09  2.64949358e-05 -2.46098264e-11  2.64949358e-05  0.00000000e+00 
 2.65245772e-05  5.99825825e-09  2.65245772e-05 -2.46105550e-11  2.65245772e-05  0.00000000e+00 
 2.65542185e-05 -4.82701232e-09  2.65542185e-05 -2.46098274e-11  2.65542185e-05  0.00000000e+00 
 2.65838599e-05  6.01610059e-09  2.65838599e-05 -2.46105540e-11  2.65838599e-05  0.00000000e+00 
 2.66135012e-05 -4.84399532e-09  2.66135012e-05 -2.46098284e-11  2.66135012e-05  0.00000000e+00 
 2.66431425e-05  6.03222287e-09  2.66431425e-05 -2.46105529e-11  2.66431425e-05  0.00000000e+00 
 2.66727839e-05 -4.85925564e-09  2.66727839e-05 -2.46098295e-11  2.66727839e-05  0.00000000e+00 
 2.67024252e-05  6.04661999e-09  2.67024252e-05 -2.46105517e-11  2.67024252e-05  0.00000000e+00 
 2.67320665e-05 -4.87278845e-09  2.67320665e-05 -2.46098307e-11  2.67320665e-05  0.00000000e+00 
 2.67617079e-05  6.05928738e-09  2.67617079e-05 -2.46105504e-11  2.67617079e-05  0.00000000e+00 
 2.67913492e-05 -4.88458945e-09  2.67913492e-05 -2.46098320e-11  2.67913492e-05  0.00000000e+00 
 2.68209906e-05  6.07022103e-09  2.68209906e-05 -2.46105490e-11  2.68209906e-05  0.00000000e+00 
 2.68506319e-05 -4.89465490e-09  2.68506319e-05 -2.46098334e-11  2.68506319e-05  0.00000000e+00 
 2.68802732e-05  6.07941746e-09  2.68802732e-05 -2.46105476e-11  2.68802732e-05  0.00000000e+00 
 2.69099146e-05 -4.90298161e-09  2.69099146e-05 -2.46098350e-11  2.69099146e-05  0.00000000e+00 
 2.69395559e-05  6.08687377e-09  2.69395559e-05 -2.46105460e-11  2.69395559e-05  0.00000000e+00 
 2.69691973e-05 -4.90956694e-09  2.69691973e-05 -2.46098366e-11  2.69691973e-05  0.00000000e+00 
 2.69988386e-05  6.09258759e-09  2.69988386e-05 -2.46105443e-11  2.69988386e-05  0.00000000e+00 
 2.70284799e-05 -4.91440881e-09  2.70284799e-05 -2.46098383e-11  2.70284799e-05  0.00000000e+00 
 2.70581213e-05  6.09655710e-09  2.70581213e-05 -2.46105426e-11  2.70581213e-05  0.00000000e+00 
 2.70877626e-05 -4.91750567e-09  2.70877626e-05 -2.46098401e-11  2.70877626e-05  0.00000000e+00 
 2.71174039e-05  6.09878106e-09  2.71174039e-05 -2.46105407e-11  2.71174039e-05  0.00000000e+00 
 2.71470453e-05 -4.91885656e-09  2.71470453e-05 -2.46098420e-11  2.71470453e-05  0.00000000e+00 
 2.71766866e-05  6.09925875e-09  2.71766866e-05 -2.46105387e-11  2.71766866e-05  0.00000000e+00 
 2.72063280e-05 -4.91846103e-09  2.72063280e-05 -2.46098440e-11  2.72063280e-05  0.00000000e+00 
 2.72359693e-05  6.09799003e-09  2.72359693e-05 -2.46105367e-11  2.72359693e-05  0.00000000e+00 
 2.72656106e-05 -4.91631922e-09  2.72656106e-05 -2.46098461e-11  2.72656106e-05  0.00000000e+00 
 2.72952520e-05  6.09497529e-09  2.72952520e-05 -2.46105345e-11  2.72952520e-05  0.00000000e+00 
 2.73248933e-05 -4.91243180e-09  2.73248933e-05 -2.46098483e-11  2.73248933e-05  0.00000000e+00 
 2.73545346e-05  6.09021550e-09  2.73545346e-05 -2.46105323e-11  2.73545346e-05  0.00000000e+00 
 2.73841760e-05 -4.90680001e-09  2.73841760e-05 -2.46098506e-11  2.73841760e-05  0.00000000e+00 
 2.74138173e-05  6.08371216e-09  2.74138173e-05 -2.46105299e-11  2.74138173e-05  0.00000000e+00 
 2.74434587e-05 -4.89942562e-09  2.74434587e-05 -2.46098530e-11  2.74434587e-05  0.00000000e+00 
 2.74731000e-05  6.07546733e-09  2.74731000e-05 -2.46105275e-11  2.74731000e-05  0.00000000e+00 
 2.75027413e-05 -4.89031099e-09  2.75027413e-05 -2.46098555e-11  2.75027413e-05  0.00000000e+00 
 2.75323827e-05  6.06548362e-09  2.75323827e-05 -2.46105250e-11  2.75323827e-05  0.00000000e+00 
 2.75620240e-05 -4.87945899e-09  2.75620240e-05 -2.46098580e-11  2.75620240e-05  0.00000000e+00 
 2.75916653e-05  6.05376421e-09  2.75916653e-05 -2.46105224e-11  2.75916653e-05  0.00000000e+00 
 2.76213067e-05 -4.86687307e-09  2.76213067e-05 -2.46098607e-11  2.76213067e-05  0.00000000e+00 
 2.76509480e-05  6.04031280e-09  2.76509480e-05 -2.46105197e-11  2.76509480e-05  0.00000000e+00 
 2.76805894e-05 -4.85255723e-09  2.76805894e-05 -2.46098635e-11  2.76805894e-05  0.00000000e+00 
 2.77102307e-05  6.02513366e-09  2.77102307e-05 -2.46105169e-11  2.77102307e-05  0.00000000e+00 
 2.77398720e-05 -4.83651598e-09  2.77398720e-05 -2.46098663e-11  2.77398720e-05  0.00000000e+00 
 2.77695134e-05  6.00823161e-09  2.77695134e-05 -2.46105140e-11  2.77695134e-05  0.00000000e+00 
 2.77991547e-05 -4.81875444e-09  2.77991547e-05 -2.46098692e-11  2.77991547e-05  0.00000000e+00 
 2.78287960e-05  5.98961199e-09  2.78287960e-05 -2.46105111e-11  2.78287960e-05  0.00000000e+00 
 2.78584374e-05 -4.79927820e-09  2.78584374e-05 -2.46098723e-11  2.78584374e-05  0.00000000e+00 
 2.78880787e-05  5.96928072e-09  2.78880787e-05 -2.46105080e-11  2.78880787e-05  0.00000000e+00 
 2.79177201e-05 -4.77809347e-09  2.79177201e-05 -2.46098754e-11  2.79177201e-05  0.00000000e+00 
 2.79473614e-05  5.94724424e-09  2.79473614e-05 -2.46105049e-11  2.79473614e-05  0.00000000e+00 
 2.79770027e-05 -4.75520695e-09  2.79770027e-05 -2.46098786e-11  2.79770027e-05  0.00000000e+00 
 2.80066441e-05  5.92350953e-09  2.80066441e-05 -2.46105017e-11  2.80066441e-05  0.00000000e+00 
 2.80362854e-05 -4.73062590e-09  2.80362854e-05 -2.46098819e-11  2.80362854e-05  0.00000000e+00 
 2.80659267e-05  5.89808412e-09  2.80659267e-05 -2.46104984e-11  2.80659267e-05  0.00000000e+00 
 2.80955681e-05 -4.70435811e-09  2.80955681e-05 -2.46098852e-11  2.80955681e-05  0.00000000e+00 
 2.81252094e-05  5.87097607e-09  2.81252094e-05 -2.46104950e-11  2.81252094e-05  0.00000000e+00 
 2.81548508e-05 -4.67641190e-09  2.81548508e-05 -2.46098887e-11  2.81548508e-05  0.00000000e+00 
 2.81844921e-05  5.84219397e-09  2.81844921e-05 -2.46104915e-11  2.81844921e-05  0.00000000e+00 
 2.82141334e-05 -4.64679615e-09  2.82141334e-05 -2.46098922e-11  2.82141334e-05  0.00000000e+00 
 2.82437748e-05  5.81174694e-09  2.82437748e-05 -2.46104880e-11  2.82437748e-05  0.00000000e+00 
 2.82734161e-05 -4.61552022e-09  2.82734161e-05 -2.46098958e-11  2.82734161e-05  0.00000000e+00 
 2.83030574e-05  5.77964464e-09  2.83030574e-05 -2.46104844e-11  2.83030574e-05  0.00000000e+00 
 2.83326988e-05 -4.58259404e-09  2.83326988e-05 -2.46098995e-11  2.83326988e-05  0.00000000e+00 
 2.83623401e-05  5.74589725e-09  2.83623401e-05 -2.46104807e-11  2.83623401e-05  0.00000000e+00 
 2.83919815e-05 -4.54802805e-09  2.83919815e-05 -2.46099032e-11  2.83919815e-05  0.00000000e+00 
 2.84216228e-05  5.71051546e-09  2.84216228e-05 -2.46104769e-11  2.84216228e-05  0.00000000e+00 
 2.84512641e-05 -4.51183321e-09  2.84512641e-05 -2.46099071e-11  2.84512641e-05  0.00000000e+00 
 2.84809055e-05  5.67351049e-09  2.84809055e-05 -2.46104730e-11  2.84809055e-05  0.00000000e+00 
 2.85105468e-05 -4.47402099e-09  2.85105468e-05 -2.46099110e-11  2.85105468e-05  0.00000000e+00 
 2.85401882e-05  5.63489406e-09  2.85401882e-05 -2.46104691e-11  2.85401882e-05  0.00000000e+00 
 2.85698295e-05 -4.43460337e-09  2.85698295e-05 -2.46099150e-11  2.85698295e-05  0.00000000e+00 
 2.85994708e-05  5.59467843e-09  2.85994708e-05 -2.46104651e-11  2.85994708e-05  0.00000000e+00 
 2.86291122e-05 -4.39359285e-09  2.86291122e-05 -2.46099191e-11  2.86291122e-05  0.00000000e+00 
 2.86587535e-05  5.55287634e-09  2.86587535e-05 -2.46104610e-11  2.86587535e-05  0.00000000e+00 
 2.86883948e-05 -4.35100244e-09  2.86883948e-05 -2.46099232e-11  2.86883948e-05  0.00000000e+00 
 2.87180362e-05  5.50950104e-09  2.87180362e-05 -2.46104569e-11  2.87180362e-05  0.00000000e+00 
 2.87476775e-05 -4.30684562e-09  2.87476775e-05 -2.46099274e-11  2.87476775e-05  0.00000000e+00 
 2.87773189e-05  5.46456629e-09  2.87773189e-05 -2.46104527e-11  2.87773189e-05  0.00000000e+00 
 2.88069602e-05 -4.26113641e-09  2.88069602e-05 -2.46099317e-11  2.88069602e-05  0.00000000e+00 
 2.88366015e-05  5.41808631e-09  2.88366015e-05 -2.46104484e-11  2.88366015e-05  0.00000000e+00 
 2.88662429e-05 -4.21388929e-09  2.88662429e-05 -2.46099360e-11  2.88662429e-05  0.00000000e+00 
 2.88958842e-05  5.37007586e-09  2.88958842e-05 -2.46104441e-11  2.88958842e-05  0.00000000e+00 
 2.89255255e-05 -4.16511925e-09  2.89255255e-05 -2.46099404e-11  2.89255255e-05  0.00000000e+00 
 2.89551669e-05  5.32055015e-09  2.89551669e-05 -2.46104396e-11  2.89551669e-05  0.00000000e+00 
 2.89848082e-05 -4.11484173e-09  2.89848082e-05 -2.46099449e-11  2.89848082e-05  0.00000000e+00 
 2.90144496e-05  5.26952488e-09  2.90144496e-05 -2.46104352e-11  2.90144496e-05  0.00000000e+00 
 2.90440909e-05 -4.06307268e-09  2.90440909e-05 -2.46099495e-11  2.90440909e-05  0.00000000e+00 
 2.90737322e-05  5.21701623e-09  2.90737322e-05 -2.46104306e-11  2.90737322e-05  0.00000000e+00 
 2.91033736e-05 -4.00982850e-09  2.91033736e-05 -2.46099541e-11  2.91033736e-05  0.00000000e+00 
 2.91330149e-05  5.16304084e-09  2.91330149e-05 -2.46104260e-11  2.91330149e-05  0.00000000e+00 
 2.91626562e-05 -3.95512609e-09  2.91626562e-05 -2.46099587e-11  2.91626562e-05  0.00000000e+00 
 2.91922976e-05  5.10761582e-09  2.91922976e-05 -2.46104214e-11  2.91922976e-05  0.00000000e+00 
 2.92219389e-05 -3.89898278e-09  2.92219389e-05 -2.46099634e-11  2.92219389e-05  0.00000000e+00 
 2.92515803e-05  5.05075874e-09  2.92515803e-05 -2.46104167e-11  2.92515803e-05  0.00000000e+00 
 2.92812216e-05 -3.84141637e-09  2.92812216e-05 -2.46099682e-11  2.92812216e-05  0.00000000e+00 
 2.93108629e-05  4.99248764e-09  2.93108629e-05 -2.46104119e-11  2.93108629e-05  0.00000000e+00 
 2.93405043e-05 -3.78244510e-09  2.93405043e-05 -2.46099731e-11  2.93405043e-05  0.00000000e+00 
 2.93701456e-05  4.93282096e-09  2.93701456e-05 -2.46104071e-11  2.93701456e-05  0.00000000e+00 
 2.93997869e-05 -3.72208767e-09  2.93997869e-05 -2.46099779e-11  2.93997869e-05  0.00000000e+00 
 2.94294283e-05  4.87177765e-09  2.94294283e-05 -2.46104022e-11  2.94294283e-05  0.00000000e+00 
 2.94590696e-05 -3.66036322e-09  2.94590696e-05 -2.46099829e-11  2.94590696e-05  0.00000000e+00 
 2.94887110e-05  4.80937704e-09  2.94887110e-05 -2.46103973e-11  2.94887110e-05  0.00000000e+00 
 2.95183523e-05 -3.59729131e-09  2.95183523e-05 -2.46099879e-11  2.95183523e-05  0.00000000e+00 
 2.95479936e-05  4.74563891e-09  2.95479936e-05 -2.46103923e-11  2.95479936e-05  0.00000000e+00 
 2.95776350e-05 -3.53289193e-09  2.95776350e-05 -2.46099929e-11  2.95776350e-05  0.00000000e+00 
 2.96072763e-05  4.68058348e-09  2.96072763e-05 -2.46103873e-11  2.96072763e-05  0.00000000e+00 
 2.96243070e-05 -3.44253230e-09  2.96243070e-05 -2.46100002e-11  2.96243070e-05  0.00000000e+00 
 2.96413377e-05  4.56427847e-09  2.96413377e-05 -2.46103784e-11  2.96413377e-05  0.00000000e+00 
 2.96415871e-05  5.70547595e-07  2.96415871e-05  2.44792910e-07  2.96415871e-05  4.20547851e-03 
 2.96420857e-05  1.85148632e-06  2.96420857e-05  2.44792799e-07  2.96420857e-05  1.26164355e-02 
 2.96424137e-05  2.61854690e-06  2.96424137e-05  2.44792717e-07  2.96424137e-05  1.81491446e-02 
 2.96426501e-05  3.15619876e-06  2.96426501e-05  2.44792654e-07  2.96426501e-05  2.21369448e-02 
 2.96428404e-05  3.68154058e-06  2.96428404e-05  2.44792590e-07  2.96428404e-05  2.53466325e-02 
 2.96430502e-05  4.16305199e-06  2.96430502e-05  2.44792520e-07  2.96430502e-05  2.88857021e-02 
 2.96431919e-05  4.45549022e-06  2.96431919e-05  2.44792474e-07  2.96431919e-05  3.12762556e-02 
 2.96433377e-05  4.84398226e-06  2.96433377e-05  2.44792416e-07  2.96433377e-05  3.37354770e-02 
 2.96434833e-05  5.23462181e-06  2.96434833e-05  2.44792351e-07  2.96434833e-05  3.61912231e-02 
 2.96436299e-05  5.53864125e-06  2.96436299e-05  2.44792292e-07  2.96436299e-05  3.86651829e-02 
 2.96437638e-05  5.82582091e-06  2.96437638e-05  2.44792235e-07  2.96437638e-05  4.09241855e-02 
 2.96439132e-05  6.23416000e-06  2.96439132e-05  2.44792157e-07  2.96439132e-05  4.34437508e-02 
 2.96440479e-05  6.58117775e-06  2.96440479e-05  2.44792083e-07  2.96440479e-05  4.57157829e-02 
 2.96441520e-05  6.78704058e-06  2.96441520e-05  2.44792031e-07  2.96441520e-05  4.74715921e-02 
 2.96442862e-05  7.06986349e-06  2.96442862e-05  2.44791961e-07  2.96442862e-05  4.97360329e-02 
 2.96444258e-05  7.44811691e-06  2.96444258e-05  2.44791871e-07  2.96444258e-05  5.20909803e-02 
 2.96445542e-05  7.78579846e-06  2.96445542e-05  2.44791782e-07  2.96445542e-05  5.42565344e-02 
 2.96446653e-05  8.01029086e-06  2.96446653e-05  2.44791713e-07  2.96446653e-05  5.61307321e-02 
 2.96448008e-05  8.28923851e-06  2.96448008e-05  2.44791626e-07  2.96448008e-05  5.84167421e-02 
 2.96449285e-05  8.62968421e-06  2.96449285e-05  2.44791525e-07  2.96449285e-05  6.05706287e-02 
 2.96450729e-05  9.01203277e-06  2.96450729e-05  2.44791402e-07  2.96450729e-05  6.30055254e-02 
 2.96452015e-05  9.27363333e-06  2.96452015e-05  2.44791301e-07  2.96452015e-05  6.51744449e-02 
 2.96453382e-05  9.55614614e-06  2.96453382e-05  2.44791190e-07  2.96453382e-05  6.74810127e-02 
 2.96454717e-05  9.91293907e-06  2.96454717e-05  2.44791057e-07  2.96454717e-05  6.97323114e-02 
 2.96456165e-05  1.02897324e-05  2.96456165e-05  2.44790904e-07  2.96456165e-05  7.21763492e-02 
 2.96457359e-05  1.05269851e-05  2.96457359e-05  2.44790788e-07  2.96457359e-05  7.41898739e-02 
 2.96458720e-05  1.08080047e-05  2.96458720e-05  2.44790649e-07  2.96458720e-05  7.64853850e-02 
 2.96460079e-05  1.11709519e-05  2.96460079e-05  2.44790480e-07  2.96460079e-05  7.87783090e-02 
 2.96461452e-05  1.15258924e-05  2.96461452e-05  2.44790299e-07  2.96461452e-05  8.10931546e-02 
 2.96462596e-05  1.17518172e-05  2.96462596e-05  2.44790160e-07  2.96462596e-05  8.30230374e-02 
 2.96463950e-05  1.20279156e-05  2.96463950e-05  2.44789989e-07  2.96463950e-05  8.53082291e-02 
 2.96465272e-05  1.23776209e-05  2.96465272e-05  2.44789785e-07  2.96465272e-05  8.75377870e-02 
 2.96466668e-05  1.27396183e-05  2.96466668e-05  2.44789556e-07  2.96466668e-05  8.98918646e-02 
 2.96467870e-05  1.29776185e-05  2.96467870e-05  2.44789374e-07  2.96467870e-05  9.19194749e-02 
 2.96469231e-05  1.32532917e-05  2.96469231e-05  2.44789159e-07  2.96469231e-05  9.42162861e-02 
 2.96470549e-05  1.36001546e-05  2.96470549e-05  2.44788906e-07  2.96470549e-05  9.64388646e-02 
 2.96471978e-05  1.39683197e-05  2.96471978e-05  2.44788614e-07  2.96471978e-05  9.88490190e-02 
 2.96473189e-05  1.42061261e-05  2.96473189e-05  2.44788387e-07  2.96473189e-05  1.00892641e-01 
 2.96474551e-05  1.44812603e-05  2.96474551e-05  2.44788117e-07  2.96474551e-05  1.03190088e-01 
 2.96475889e-05  1.48327579e-05  2.96475889e-05  2.44787796e-07  2.96475889e-05  1.05447113e-01 
 2.96477295e-05  1.51921990e-05  2.96477295e-05  2.44787438e-07  2.96477295e-05  1.07818900e-01 
 2.96478473e-05  1.54210992e-05  2.96478473e-05  2.44787163e-07  2.96478473e-05  1.09805744e-01 
 2.96479832e-05  1.56936481e-05  2.96479832e-05  2.44786828e-07  2.96479832e-05  1.12097605e-01 
 2.96481165e-05  1.60419011e-05  2.96481165e-05  2.44786429e-07  2.96481165e-05  1.14345586e-01 
 2.96482562e-05  1.63981152e-05  2.96482562e-05  2.44785987e-07  2.96482562e-05  1.16702287e-01 
 2.96483746e-05  1.66274614e-05  2.96483746e-05  2.44785642e-07  2.96483746e-05  1.18700275e-01 
 2.96485106e-05  1.68980977e-05  2.96485106e-05  2.44785224e-07  2.96485106e-05  1.20993606e-01 
 2.96486429e-05  1.72420776e-05  2.96486429e-05  2.44784732e-07  2.96486429e-05  1.23226714e-01 
 2.96487841e-05  1.76006425e-05  2.96487841e-05  2.44784175e-07  2.96487841e-05  1.25607895e-01 
 2.96489041e-05  1.78317051e-05  2.96489041e-05  2.44783739e-07  2.96489041e-05  1.27631157e-01 
 2.96490402e-05  1.81012707e-05  2.96490402e-05  2.44783218e-07  2.96490402e-05  1.29926869e-01 
 2.96491731e-05  1.84453418e-05  2.96491731e-05  2.44782601e-07  2.96491731e-05  1.32169355e-01 
 2.96493142e-05  1.88016932e-05  2.96493142e-05  2.44781909e-07  2.96493142e-05  1.34550338e-01 
 2.96494334e-05  1.90293362e-05  2.96494334e-05  2.44781369e-07  2.96494334e-05  1.36559502e-01 
 2.96495694e-05  1.92972446e-05  2.96495694e-05  2.44780720e-07  2.96495694e-05  1.38853761e-01 
 2.96497026e-05  1.96405083e-05  2.96497026e-05  2.44779949e-07  2.96497026e-05  1.41100590e-01 
 2.96498430e-05  1.99933267e-05  2.96498430e-05  2.44779091e-07  2.96498430e-05  1.43469217e-01 
 2.96499616e-05  2.02186390e-05  2.96499616e-05  2.44778422e-07  2.96499616e-05  1.45470257e-01 
 2.96500976e-05  2.04846603e-05  2.96500976e-05  2.44777613e-07  2.96500976e-05  1.47763769e-01 
 2.96502304e-05  2.08252554e-05  2.96502304e-05  2.44776656e-07  2.96502304e-05  1.50004454e-01 
 2.96503711e-05  2.11772831e-05  2.96503711e-05  2.44775585e-07  2.96503711e-05  1.52377223e-01 
 2.96504903e-05  2.14024799e-05  2.96504903e-05  2.44774748e-07  2.96504903e-05  1.54387994e-01 
 2.96506263e-05  2.16670102e-05  2.96506263e-05  2.44773739e-07  2.96506263e-05  1.56682534e-01 
 2.96507591e-05  2.20060072e-05  2.96507591e-05  2.44772547e-07  2.96507591e-05  1.58923026e-01 
 2.96509001e-05  2.23570316e-05  2.96509001e-05  2.44771211e-07  2.96509001e-05  1.61300727e-01 
 2.96510193e-05  2.25808709e-05  2.96510193e-05  2.44770167e-07  2.96510193e-05  1.63312447e-01 
 2.96511554e-05  2.28439129e-05  2.96511554e-05  2.44768909e-07  2.96511554e-05  1.65607045e-01 
 2.96512884e-05  2.31819305e-05  2.96512884e-05  2.44767422e-07  2.96512884e-05  1.67850804e-01 
 2.96514291e-05  2.35306491e-05  2.96514291e-05  2.44765760e-07  2.96514291e-05  1.70224742e-01 
 2.96515481e-05  2.37524281e-05  2.96515481e-05  2.44764463e-07  2.96515481e-05  1.72231134e-01 
 2.96516841e-05  2.40138005e-05  2.96516841e-05  2.44762896e-07  2.96516841e-05  1.74525222e-01 
 2.96518170e-05  2.43501147e-05  2.96518170e-05  2.44761045e-07  2.96518170e-05  1.76768089e-01 
 2.96519577e-05  2.46970799e-05  2.96519577e-05  2.44758976e-07  2.96519577e-05  1.79140716e-01 
 2.96520767e-05  2.49176707e-05  2.96520767e-05  2.44757359e-07  2.96520767e-05  1.81148315e-01 
 2.96522127e-05  2.51774500e-05  2.96522127e-05  2.44755407e-07  2.96522127e-05  1.83442575e-01 
 2.96523456e-05  2.55120070e-05  2.96523456e-05  2.44753103e-07  2.96523456e-05  1.85684181e-01 
 2.96524864e-05  2.58577116e-05  2.96524864e-05  2.44750524e-07  2.96524864e-05  1.88059101e-01 
 2.96526055e-05  2.60771974e-05  2.96526055e-05  2.44748507e-07  2.96526055e-05  1.90068943e-01 
 2.96527416e-05  2.63354710e-05  2.96527416e-05  2.44746074e-07  2.96527416e-05  1.92363449e-01 
 2.96528745e-05  2.66686773e-05  2.96528745e-05  2.44743203e-07  2.96528745e-05  1.94606058e-01 
 2.96530153e-05  2.70126990e-05  2.96530153e-05  2.44739991e-07  2.96530153e-05  1.96980832e-01 
 2.96531344e-05  2.72306285e-05  2.96531344e-05  2.44737481e-07  2.96531344e-05  1.98989234e-01 
 2.96532704e-05  2.74873511e-05  2.96532704e-05  2.44734450e-07  2.96532704e-05  2.01283624e-01 
 2.96534033e-05  2.78191257e-05  2.96534033e-05  2.44730873e-07  2.96534033e-05  2.03526714e-01 
 2.96535441e-05  2.81613723e-05  2.96535441e-05  2.44726875e-07  2.96535441e-05  2.05900292e-01 
 2.96536631e-05  2.83778666e-05  2.96536631e-05  2.44723750e-07  2.96536631e-05  2.07907915e-01 
 2.96537991e-05  2.86330314e-05  2.96537991e-05  2.44719974e-07  2.96537991e-05  2.10202280e-01 
 2.96539320e-05  2.89632227e-05  2.96539320e-05  2.44715521e-07  2.96539320e-05  2.12444912e-01 
 2.96540728e-05  2.93039560e-05  2.96540728e-05  2.44710542e-07  2.96540728e-05  2.14818860e-01 
 2.96541918e-05  2.95192185e-05  2.96541918e-05  2.44706647e-07  2.96541918e-05  2.16827334e-01 
 2.96543279e-05  2.97728756e-05  2.96543279e-05  2.44701943e-07  2.96543279e-05  2.19121844e-01 
 2.96544608e-05  3.01016034e-05  2.96544608e-05  2.44696398e-07  2.96544608e-05  2.21364638e-01 
 2.96546016e-05  3.04408038e-05  2.96546016e-05  2.44690197e-07  2.96546016e-05  2.23738956e-01 
 2.96547206e-05  3.06547239e-05  2.96547206e-05  2.44685346e-07  2.96547206e-05  2.25747381e-01 
 2.96548567e-05  3.09068877e-05  2.96548567e-05  2.44679488e-07  2.96548567e-05  2.28041952e-01 
 2.96549897e-05  3.12342230e-05  2.96549897e-05  2.44672580e-07  2.96549897e-05  2.30285246e-01 
 2.96551304e-05  3.15717850e-05  2.96551304e-05  2.44664860e-07  2.96551304e-05  2.32659109e-01 
 2.96552494e-05  3.17843138e-05  2.96552494e-05  2.44658822e-07  2.96552494e-05  2.34666909e-01 
 2.96553855e-05  3.20349843e-05  2.96553855e-05  2.44651526e-07  2.96553855e-05  2.36961506e-01 
 2.96555184e-05  3.23608813e-05  2.96555184e-05  2.44642925e-07  2.96555184e-05  2.39204949e-01 
 2.96556592e-05  3.26968706e-05  2.96556592e-05  2.44633314e-07  2.96556592e-05  2.41578592e-01 
 2.96557782e-05  3.29080978e-05  2.96557782e-05  2.44625795e-07  2.96557782e-05  2.43586365e-01 
 2.96559142e-05  3.31573014e-05  2.96559142e-05  2.44616709e-07  2.96559142e-05  2.45881070e-01 
 2.96560472e-05  3.34817825e-05  2.96560472e-05  2.44606000e-07  2.96560472e-05  2.48124701e-01 
 2.96561880e-05  3.38162537e-05  2.96561880e-05  2.44594034e-07  2.96561880e-05  2.50498423e-01 
 2.96563070e-05  3.40261943e-05  2.96563070e-05  2.44584672e-07  2.96563070e-05  2.52506205e-01 
 2.96564430e-05  3.42739607e-05  2.96564430e-05  2.44573359e-07  2.96564430e-05  2.54801044e-01 
 2.96565761e-05  3.45970918e-05  2.96565761e-05  2.44560024e-07  2.96565761e-05  2.57045146e-01 
 2.96567168e-05  3.49300185e-05  2.96567168e-05  2.44545131e-07  2.96567168e-05  2.59418678e-01 
 2.96568358e-05  3.51386438e-05  2.96568358e-05  2.44533478e-07  2.96568358e-05  2.61426078e-01 
 2.96569718e-05  3.53849937e-05  2.96569718e-05  2.44519392e-07  2.96569718e-05  2.63721044e-01 
 2.96571049e-05  3.57068011e-05  2.96571049e-05  2.44502790e-07  2.96571049e-05  2.65965653e-01 
 2.96572456e-05  3.60381912e-05  2.96572456e-05  2.44484255e-07  2.96572456e-05  2.68338862e-01 
 2.96573646e-05  3.62455259e-05  2.96573646e-05  2.44469753e-07  2.96573646e-05  2.70345895e-01 
 2.96575006e-05  3.64904886e-05  2.96575006e-05  2.44452217e-07  2.96575006e-05  2.72641032e-01 
 2.96576337e-05  3.68109999e-05  2.96576337e-05  2.44431550e-07  2.96576337e-05  2.74886175e-01 
 2.96577744e-05  3.71408935e-05  2.96577744e-05  2.44408486e-07  2.96577744e-05  2.77259159e-01 
 2.96578934e-05  3.73469699e-05  2.96578934e-05  2.44390438e-07  2.96578934e-05  2.79265900e-01 
 2.96580294e-05  3.75905847e-05  2.96580294e-05  2.44368611e-07  2.96580294e-05  2.81561265e-01 
 2.96581626e-05  3.79098608e-05  2.96581626e-05  2.44342883e-07  2.96581626e-05  2.83807143e-01 
 2.96583032e-05  3.82382739e-05  2.96583032e-05  2.44314187e-07  2.96583032e-05  2.86179835e-01 
 2.96584222e-05  3.84430979e-05  2.96584222e-05  2.44291734e-07  2.96584222e-05  2.88186106e-01 
 2.96585583e-05  3.86854078e-05  2.96585583e-05  2.44264568e-07  2.96585583e-05  2.90481742e-01 
 2.96586915e-05  3.90035144e-05  2.96586915e-05  2.44232543e-07  2.96586915e-05  2.92728562e-01 
 2.96588321e-05  3.93304589e-05  2.96588321e-05  2.44196849e-07  2.96588321e-05  2.95100804e-01 
 2.96589510e-05  3.95340452e-05  2.96589510e-05  2.44168921e-07  2.96589510e-05  2.97106443e-01 
 2.96590871e-05  3.97751001e-05  2.96590871e-05  2.44135115e-07  2.96590871e-05  2.99402412e-01 
 2.96592204e-05  4.00921057e-05  2.96592204e-05  2.44095256e-07  2.96592204e-05  3.01650359e-01 
 2.96593610e-05  4.04176121e-05  2.96593610e-05  2.44050867e-07  2.96593610e-05  3.04022077e-01 
 2.96594798e-05  4.06199907e-05  2.96594798e-05  2.44016138e-07  2.96594798e-05  3.06027001e-01 
 2.96596160e-05  4.08598533e-05  2.96596160e-05  2.43974075e-07  2.96596160e-05  3.08323389e-01 
 2.96597493e-05  4.11758487e-05  2.96597493e-05  2.43924468e-07  2.96597493e-05  3.10572742e-01 
 2.96598899e-05  4.14999504e-05  2.96598899e-05  2.43869279e-07  2.96598899e-05  3.12943838e-01 
 2.96600087e-05  4.17011482e-05  2.96600087e-05  2.43826106e-07  2.96600087e-05  3.14947877e-01 
 2.96601449e-05  4.19398943e-05  2.96601449e-05  2.43773778e-07  2.96601449e-05  3.17244786e-01 
 2.96602783e-05  4.22549938e-05  2.96602783e-05  2.43712042e-07  2.96602783e-05  3.19495912e-01 
 2.96604188e-05  4.25777220e-05  2.96604188e-05  2.43643446e-07  2.96604188e-05  3.21866208e-01 
 2.96605376e-05  4.27777669e-05  2.96605376e-05  2.43589794e-07  2.96605376e-05  3.23869112e-01 
 2.96606738e-05  4.30154876e-05  2.96606738e-05  2.43524708e-07  2.96606738e-05  3.26166662e-01 
 2.96608074e-05  4.33298271e-05  2.96608074e-05  2.43447878e-07  2.96608074e-05  3.28419993e-01 
 2.96609478e-05  4.36512223e-05  2.96609478e-05  2.43362648e-07  2.96609478e-05  3.30789283e-01 
 2.96610665e-05  4.38501529e-05  2.96610665e-05  2.43296002e-07  2.96610665e-05  3.32790790e-01 
 2.96612027e-05  4.40869596e-05  2.96612027e-05  2.43215061e-07  2.96612027e-05  3.35089135e-01 
 2.96613365e-05  4.44007062e-05  2.96613365e-05  2.43119449e-07  2.96613365e-05  3.37345208e-01 
 2.96614768e-05  4.47208194e-05  2.96614768e-05  2.43013591e-07  2.96614768e-05  3.39713262e-01 
 2.96615954e-05  4.49186823e-05  2.96615954e-05  2.42930840e-07  2.96615954e-05  3.41713051e-01 
 2.96617317e-05  4.51547121e-05  2.96617317e-05  2.42830201e-07  2.96617317e-05  3.44012381e-01 
 2.96618657e-05  4.54680749e-05  2.96618657e-05  2.42711211e-07  2.96618657e-05  3.46271886e-01 
 2.96620060e-05  4.57869641e-05  2.96620060e-05  2.42579792e-07  2.96620060e-05  3.48638397e-01 
 2.96621244e-05  4.59838127e-05  2.96621244e-05  2.42477100e-07  2.96621244e-05  3.50636045e-01 
 2.96622608e-05  4.62192332e-05  2.96622608e-05  2.42351992e-07  2.96622608e-05  3.52936592e-01 
 2.96623950e-05  4.65324709e-05  2.96623950e-05  2.42203896e-07  2.96623950e-05  3.55200391e-01 
 2.96625351e-05  4.68502049e-05  2.96625351e-05  2.42040826e-07  2.96625351e-05  3.57564970e-01 
 2.96626534e-05  4.70461046e-05  2.96626534e-05  2.41913469e-07  2.96626534e-05  3.59559963e-01 
 2.96627899e-05  4.72811219e-05  2.96627899e-05  2.41757972e-07  2.96627899e-05  3.61862011e-01 
 2.96629244e-05  4.75945554e-05  2.96629244e-05  2.41573621e-07  2.96629244e-05  3.64131184e-01 
 2.96630644e-05  4.79112177e-05  2.96630644e-05  2.41371397e-07  2.96630644e-05  3.66493352e-01 
 2.96631825e-05  4.81062490e-05  2.96631825e-05  2.41213564e-07  2.96631825e-05  3.68485066e-01 
 2.96633191e-05  4.83411170e-05  2.96633191e-05  2.41020334e-07  2.96633191e-05  3.70788962e-01 
 2.96634540e-05  4.86551475e-05  2.96634540e-05  2.40790795e-07  2.96634540e-05  3.73064878e-01 
 2.96635939e-05  4.89708375e-05  2.96635939e-05  2.40540188e-07  2.96635939e-05  3.75424035e-01 
 2.96637117e-05  4.91650978e-05  2.96637117e-05  2.40344749e-07  2.96637117e-05  3.77411695e-01 
 2.96638484e-05  4.94001295e-05  2.96638484e-05  2.40104674e-07  2.96638484e-05  3.79717862e-01 
 2.96639839e-05  4.97152604e-05  2.96639839e-05  2.39818763e-07  2.96639839e-05  3.82002262e-01 
 2.96641235e-05  5.00300953e-05  2.96641235e-05  2.39508444e-07  2.96641235e-05  3.84357647e-01 
 2.96642410e-05  5.02237023e-05  2.96642410e-05  2.39266677e-07  2.96642410e-05  3.86340302e-01 
 2.96643779e-05  5.04592839e-05  2.96643779e-05  2.38968452e-07  2.96643779e-05  3.88649249e-01 
 2.96645140e-05  5.07761489e-05  2.96645140e-05  2.38612124e-07  2.96645140e-05  3.90944353e-01 
 2.96646533e-05  5.10902667e-05  2.96646533e-05  2.38228223e-07  2.96646533e-05  3.93295006e-01 
 2.96647705e-05  5.12833645e-05  2.96647705e-05  2.37929489e-07  2.96647705e-05  3.95271491e-01 
 2.96649076e-05  5.15199727e-05  2.96649076e-05  2.37559084e-07  2.96649076e-05  3.97583832e-01 
 2.96650444e-05  5.18393749e-05  2.96650444e-05  2.37114641e-07  2.96650444e-05  3.99892499e-01 
 2.96651834e-05  5.21529358e-05  2.96651834e-05  2.36640236e-07  2.96651834e-05  4.02237202e-01 
 2.96653002e-05  5.23456994e-05  2.96653002e-05  2.36271603e-07  2.96653002e-05  4.04206100e-01 
 2.96654375e-05  5.25839234e-05  2.96654375e-05  2.35811602e-07  2.96654375e-05  4.06522560e-01 
 2.96655754e-05  5.29068888e-05  2.96655754e-05  2.35256631e-07  2.96655754e-05  4.08848509e-01 
 2.96657139e-05  5.32200744e-05  2.96657139e-05  2.34671151e-07  2.96657139e-05  4.11185704e-01 
 2.96658301e-05  5.34127153e-05  2.96658301e-05  2.34216971e-07  2.96658301e-05  4.13145291e-01 
 2.96659677e-05  5.36532838e-05  2.96659677e-05  2.33645746e-07  2.96659677e-05  4.15466721e-01 
 2.96661069e-05  5.39811363e-05  2.96661069e-05  2.32951662e-07  2.96661069e-05  4.17814856e-01 
 2.96662449e-05  5.42941452e-05  2.96662449e-05  2.32230237e-07  2.96662449e-05  4.20142532e-01 
 2.96663604e-05  5.44869189e-05  2.96663604e-05  2.31671674e-07  2.96663604e-05  4.22090724e-01 
 2.96664984e-05  5.47307336e-05  2.96664984e-05  2.30962344e-07  2.96664984e-05  4.24418103e-01 
 2.96666393e-05  5.50652052e-05  2.96666393e-05  2.30092339e-07  2.96666393e-05  4.26795003e-01 
 2.96667766e-05  5.53782408e-05  2.96667766e-05  2.29205107e-07  2.96667766e-05  4.29110542e-01 
 2.96668912e-05  5.55714546e-05  2.96668912e-05  2.28519619e-07  2.96668912e-05  4.31044836e-01 
 2.96670296e-05  5.58196324e-05  2.96670296e-05  2.27638742e-07  2.96670296e-05  4.33379253e-01 
 2.96671728e-05  5.61630329e-05  2.96671728e-05  2.26544765e-07  2.96671728e-05  4.35793975e-01 
 2.96673091e-05  5.64762769e-05  2.96673091e-05  2.25456214e-07  2.96673091e-05  4.38093906e-01 
 2.96674228e-05  5.66702979e-05  2.96674228e-05  2.24617014e-07  2.96674228e-05  4.40011322e-01 
 2.96675617e-05  5.69242249e-05  2.96675617e-05  2.23522925e-07  2.96675617e-05  4.42353940e-01 
 2.96677078e-05  5.72797202e-05  2.96677078e-05  2.22140971e-07  2.96677078e-05  4.44819386e-01 
 2.96678430e-05  5.75932760e-05  2.96678430e-05  2.20809464e-07  2.96678430e-05  4.47099008e-01 
 2.96679554e-05  5.77885420e-05  2.96679554e-05  2.19784954e-07  2.96679554e-05  4.48996047e-01 
 2.96680949e-05  5.80499426e-05  2.96680949e-05  2.18425646e-07  2.96680949e-05  4.51348002e-01 
 2.96682284e-05  5.83815527e-05  2.96682284e-05  2.16867269e-07  2.96682284e-05  4.53600761e-01 
 2.96683700e-05  5.87177449e-05  2.96683700e-05  2.15147730e-07  2.96683700e-05  4.55989876e-01 
 2.96684863e-05  5.89259584e-05  2.96684863e-05  2.13840049e-07  2.96684863e-05  4.57951063e-01 
 2.96686260e-05  5.91955309e-05  2.96686260e-05  2.12158745e-07  2.96686260e-05  4.60307369e-01 
 2.96687610e-05  5.95381271e-05  2.96687610e-05  2.10215480e-07  2.96687610e-05  4.62584529e-01 
 2.96689043e-05  5.98847138e-05  2.96689043e-05  2.08074310e-07  2.96689043e-05  4.65002118e-01 
 2.96690207e-05  6.00994058e-05  2.96690207e-05  2.06461878e-07  2.96690207e-05  4.66965981e-01 
 2.96691616e-05  6.03826171e-05  2.96691616e-05  2.04362734e-07  2.96691616e-05  4.69342602e-01 
 2.96692946e-05  6.07304807e-05  2.96692946e-05  2.01997837e-07  2.96692946e-05  4.71585392e-01 
 2.96694396e-05  6.10896943e-05  2.96694396e-05  1.99334535e-07  2.96694396e-05  4.74032441e-01 
 2.96695554e-05  6.13111500e-05  2.96695554e-05  1.97362644e-07  2.96695554e-05  4.75985303e-01 
 2.96696970e-05  6.16095374e-05  2.96696970e-05  1.94754750e-07  2.96696970e-05  4.78374108e-01 
 2.96698281e-05  6.19649497e-05  2.96698281e-05  1.91878850e-07  2.96698281e-05  4.80585262e-01 
 2.96699750e-05  6.23400833e-05  2.96699750e-05  1.88569327e-07  2.96699750e-05  4.83062815e-01 
 2.96700908e-05  6.25721844e-05  2.96700908e-05  1.86145274e-07  2.96700908e-05  4.85016492e-01 
 2.96702337e-05  6.28904945e-05  2.96702337e-05  1.82894858e-07  2.96702337e-05  4.87426459e-01 
 2.96703635e-05  6.32577446e-05  2.96703635e-05  1.79384668e-07  2.96703635e-05  4.89616115e-01 
 2.96705128e-05  6.36534031e-05  2.96705128e-05  1.75263826e-07  2.96705128e-05  4.92133897e-01 
 2.96706288e-05  6.38993386e-05  2.96706288e-05  1.72281929e-07  2.96706288e-05  4.94091675e-01 
 2.96707734e-05  6.42438622e-05  2.96707734e-05  1.68213793e-07  2.96707734e-05  4.96530574e-01 
 2.96709016e-05  6.46256608e-05  2.96709016e-05  1.63939625e-07  2.96709016e-05  4.98693492e-01 
 2.96710538e-05  6.50473137e-05  2.96710538e-05  1.58800456e-07  2.96710538e-05  5.01261089e-01 
 2.96711708e-05  6.53122253e-05  2.96711708e-05  1.55113907e-07  2.96711708e-05  5.03233977e-01 
 2.96713171e-05  6.56898240e-05  2.96713171e-05  1.50013433e-07  2.96713171e-05  5.05701822e-01 
 2.96714434e-05  6.60892958e-05  2.96714434e-05  1.44822478e-07  2.96714434e-05  5.07832288e-01 
 2.96715992e-05  6.65438089e-05  2.96715992e-05  1.38403818e-07  2.96715992e-05  5.10460236e-01 
 2.96717203e-05  6.68410731e-05  2.96717203e-05  1.33717081e-07  2.96717203e-05  5.12502412e-01 
 2.96718673e-05  6.72588364e-05  2.96718673e-05  1.27333899e-07  2.96718673e-05  5.14983375e-01 
 2.96719925e-05  6.76834122e-05  2.96719925e-05  1.20985083e-07  2.96719925e-05  5.17094629e-01 
 2.96721521e-05  6.81771120e-05  2.96721521e-05  1.12985764e-07  2.96721521e-05  5.19786730e-01 
 2.96722812e-05  6.85267324e-05  2.96722812e-05  1.06825974e-07  2.96722812e-05  5.21964108e-01 
 2.96724296e-05  6.90001052e-05  2.96724296e-05  9.87303767e-08  2.96724296e-05  5.24468656e-01 
 2.96725666e-05  6.95004705e-05  2.96725666e-05  9.01580169e-08  2.96725666e-05  5.26778193e-01 
 2.96727264e-05  7.00241867e-05  2.96727264e-05  8.04765749e-08  2.96727264e-05  5.29473914e-01 
 2.96728774e-05  7.04912662e-05  2.96728774e-05  7.14176807e-08  2.96728774e-05  5.32021647e-01 
 2.96730354e-05  7.10779790e-05  2.96730354e-05  6.02548320e-08  2.96730354e-05  5.34687212e-01 
 2.96732158e-05  7.17797895e-05  2.96732158e-05  4.63930462e-08  2.96732158e-05  5.37729628e-01 
 2.96733988e-05  7.24199882e-05  2.96733988e-05  3.29397607e-08  2.96733988e-05  5.40816721e-01 
 2.96735952e-05  7.31825085e-05  2.96735952e-05  1.67677723e-08  2.96735952e-05  5.44129455e-01 
 2.96737765e-05  7.39806012e-05  2.96737765e-05 -5.28088761e-10  2.96737765e-05  5.47188310e-01 
 2.96739773e-05  7.48030410e-05  2.96739773e-05 -1.92138135e-08  2.96739773e-05  5.50575132e-01 
 2.96742113e-05  7.58154739e-05  2.96742113e-05 -4.26965110e-08  2.96742113e-05  5.54522191e-01 
 2.96744375e-05  7.69404354e-05  2.96744375e-05 -6.95664763e-08  2.96744375e-05  5.58337395e-01 
 2.96746810e-05  7.81186260e-05  2.96746810e-05 -9.86580510e-08  2.96746810e-05  5.62444698e-01 
 2.96749645e-05  7.95952121e-05  2.96749645e-05 -1.35943673e-07  2.96749645e-05  5.67227885e-01 
 2.96752412e-05  8.12262754e-05  2.96752412e-05 -1.78810657e-07  2.96752412e-05  5.71895147e-01 
 2.96755317e-05  8.29469700e-05  2.96755317e-05 -2.24651786e-07  2.96755317e-05  5.76794582e-01 
 2.96760588e-05  8.65598281e-05  2.96760588e-05 -3.24683229e-07  2.96760588e-05  5.85687253e-01 
 2.96765674e-05  9.05655528e-05  2.96765674e-05 -4.39913033e-07  2.96765674e-05  5.94265337e-01 
 2.96770602e-05  9.49782113e-05  2.96770602e-05 -5.68709403e-07  2.96770602e-05  6.02578215e-01 
 2.96776921e-05  1.01780516e-04  2.96776921e-05 -7.75706109e-07  2.96776921e-05  6.13238205e-01 
 2.96784129e-05  1.11122993e-04  2.96784129e-05 -1.05924123e-06  2.96784129e-05  6.25396936e-01 
 2.96795863e-05  1.31797684e-04  2.96795863e-05 -1.70393257e-06  2.96795863e-05  6.45189227e-01 
 2.96819330e-05  2.05549056e-04  2.96819330e-05 -3.91553493e-06  2.96819330e-05  6.84773811e-01 
 2.96859550e-05  5.67352854e-04  2.96859550e-05 -1.37553845e-05  2.96859550e-05  7.52618308e-01 
 2.96899582e-05  1.63827812e-03  2.96899582e-05 -4.05466250e-05  2.96899582e-05  8.20146713e-01 
 2.96952085e-05  5.90085388e-03  2.96952085e-05 -1.27336684e-04  2.96952085e-05  9.08709218e-01 
 2.97013133e-05  1.86844985e-02  2.97013133e-05 -3.13821006e-04  2.97013133e-05  1.01168785e+00 
 2.97098577e-05  5.64029575e-02  2.97098577e-05 -6.42333175e-04  2.97098577e-05  1.15581770e+00 
 2.97234277e-05  1.57271100e-01  2.97234277e-05 -1.05688841e-03  2.97234277e-05  1.38472094e+00 
 2.97377640e-05  2.94346686e-01  2.97377640e-05 -1.30645821e-03  2.97377640e-05  1.62655121e+00 
 2.97664367e-05  5.92434525e-01  2.97664367e-05 -1.65919322e-03  2.97664367e-05  2.11021177e+00 
 2.97944468e-05  8.93807329e-01  2.97944468e-05 -1.97858909e-03  2.97944468e-05  2.58269507e+00 
 2.98240882e-05  1.21720499e+00  2.98240882e-05 -2.31413591e-03  2.98240882e-05  3.08269507e+00 
 2.98537295e-05  1.54298436e+00  2.98537295e-05 -2.64381145e-03  2.98537295e-05  3.58269507e+00 
 2.98833708e-05  1.86867560e+00  2.98833708e-05 -2.96497942e-03  2.98833708e-05  4.08269507e+00 
 2.99105610e-05  2.16597910e+00  2.99105610e-05 -3.25606429e-03  2.99105610e-05  4.54134754e+00 
 2.99377511e-05  2.46103340e+00  2.99377511e-05 -3.54075357e-03  2.99377511e-05  5.00000000e+00 
 2.99407152e-05  2.48758748e+00  2.99407152e-05 -3.38424410e-03  2.99407152e-05  5.00000000e+00 
 2.99466435e-05  2.53000810e+00  2.99466435e-05 -3.06618098e-03  2.99466435e-05  5.00000000e+00 
 2.99585001e-05  2.57125729e+00  2.99585001e-05 -2.73182040e-03  2.99585001e-05  5.00000000e+00 
 2.99758581e-05  2.58804689e+00  2.99758581e-05 -2.62115238e-03  2.99758581e-05  5.00000000e+00 
 3.00017783e-05  2.59146654e+00  3.00017783e-05 -2.58479533e-03  3.00017783e-05  5.00000000e+00 
 3.00290644e-05  2.59125691e+00  3.00290644e-05 -2.59637685e-03  3.00290644e-05  5.00000000e+00 
 3.00587057e-05  2.59132909e+00  3.00587057e-05 -2.58670762e-03  3.00587057e-05  5.00000000e+00 
 3.00883470e-05  2.59127951e+00  3.00883470e-05 -2.59555624e-03  3.00883470e-05  5.00000000e+00 
 3.01179884e-05  2.59133605e+00  3.01179884e-05 -2.58745034e-03  3.01179884e-05  5.00000000e+00 
 3.01476297e-05  2.59128527e+00  3.01476297e-05 -2.59481989e-03  3.01476297e-05  5.00000000e+00 
 3.01772710e-05  2.59133240e+00  3.01772710e-05 -2.58812361e-03  3.01772710e-05  5.00000000e+00 
 3.02069124e-05  2.59129033e+00  3.02069124e-05 -2.59420826e-03  3.02069124e-05  5.00000000e+00 
 3.02365537e-05  2.59132922e+00  3.02365537e-05 -2.58868017e-03  3.02365537e-05  5.00000000e+00 
 3.02661951e-05  2.59129441e+00  3.02661951e-05 -2.59370279e-03  3.02661951e-05  5.00000000e+00 
 3.02958364e-05  2.59132649e+00  3.02958364e-05 -2.58913996e-03  3.02958364e-05  5.00000000e+00 
 3.03254777e-05  2.59129769e+00  3.03254777e-05 -2.59328515e-03  3.03254777e-05  5.00000000e+00 
 3.03551191e-05  2.59132417e+00  3.03551191e-05 -2.58951981e-03  3.03551191e-05  5.00000000e+00 
 3.03847604e-05  2.59130035e+00  3.03847604e-05 -2.59294009e-03  3.03847604e-05  5.00000000e+00 
 3.04144018e-05  2.59132221e+00  3.04144018e-05 -2.58983362e-03  3.04144018e-05  5.00000000e+00 
 3.04440431e-05  2.59130251e+00  3.04440431e-05 -2.59265499e-03  3.04440431e-05  5.00000000e+00 
 3.04736844e-05  2.59132055e+00  3.04736844e-05 -2.59009286e-03  3.04736844e-05  5.00000000e+00 
 3.05033258e-05  2.59130427e+00  3.05033258e-05 -2.59241945e-03  3.05033258e-05  5.00000000e+00 
 3.05329671e-05  2.59131917e+00  3.05329671e-05 -2.59030703e-03  3.05329671e-05  5.00000000e+00 
 3.05626084e-05  2.59130570e+00  3.05626084e-05 -2.59222484e-03  3.05626084e-05  5.00000000e+00 
 3.05922498e-05  2.59131801e+00  3.05922498e-05 -2.59048396e-03  3.05922498e-05  5.00000000e+00 
 3.06218911e-05  2.59130688e+00  3.06218911e-05 -2.59206406e-03  3.06218911e-05  5.00000000e+00 
 3.06515325e-05  2.59131704e+00  3.06515325e-05 -2.59063013e-03  3.06515325e-05  5.00000000e+00 
 3.06811738e-05  2.59130784e+00  3.06811738e-05 -2.59193124e-03  3.06811738e-05  5.00000000e+00 
 3.07108151e-05  2.59131623e+00  3.07108151e-05 -2.59075089e-03  3.07108151e-05  5.00000000e+00 
 3.07404565e-05  2.59130863e+00  3.07404565e-05 -2.59182150e-03  3.07404565e-05  5.00000000e+00 
 3.07700978e-05  2.59131556e+00  3.07700978e-05 -2.59085064e-03  3.07700978e-05  5.00000000e+00 
 3.07997391e-05  2.59130928e+00  3.07997391e-05 -2.59173084e-03  3.07997391e-05  5.00000000e+00 
 3.08293805e-05  2.59131500e+00  3.08293805e-05 -2.59093305e-03  3.08293805e-05  5.00000000e+00 
 3.08590218e-05  2.59130981e+00  3.08590218e-05 -2.59165595e-03  3.08590218e-05  5.00000000e+00 
 3.08886632e-05  2.59131454e+00  3.08886632e-05 -2.59100113e-03  3.08886632e-05  5.00000000e+00 
 3.09183045e-05  2.59131025e+00  3.09183045e-05 -2.59159408e-03  3.09183045e-05  5.00000000e+00 
 3.09479458e-05  2.59131415e+00  3.09479458e-05 -2.59105737e-03  3.09479458e-05  5.00000000e+00 
 3.09775872e-05  2.59131061e+00  3.09775872e-05 -2.59154297e-03  3.09775872e-05  5.00000000e+00 
 3.10072285e-05  2.59131384e+00  3.10072285e-05 -2.59110382e-03  3.10072285e-05  5.00000000e+00 
 3.10368698e-05  2.59131091e+00  3.10368698e-05 -2.59150075e-03  3.10368698e-05  5.00000000e+00 
 3.10665112e-05  2.59131357e+00  3.10665112e-05 -2.59114220e-03  3.10665112e-05  5.00000000e+00 
 3.10961525e-05  2.59131115e+00  3.10961525e-05 -2.59146588e-03  3.10961525e-05  5.00000000e+00 
 3.11257939e-05  2.59131335e+00  3.11257939e-05 -2.59117389e-03  3.11257939e-05  5.00000000e+00 
 3.11554352e-05  2.59131135e+00  3.11554352e-05 -2.59143707e-03  3.11554352e-05  5.00000000e+00 
 3.11850765e-05  2.59131317e+00  3.11850765e-05 -2.59120007e-03  3.11850765e-05  5.00000000e+00 
 3.12147179e-05  2.59131152e+00  3.12147179e-05 -2.59141328e-03  3.12147179e-05  5.00000000e+00 
 3.12443592e-05  2.59131302e+00  3.12443592e-05 -2.59122169e-03  3.12443592e-05  5.00000000e+00 
 3.12740005e-05  2.59131166e+00  3.12740005e-05 -2.59139363e-03  3.12740005e-05  5.00000000e+00 
 3.13036419e-05  2.59131290e+00  3.13036419e-05 -2.59123955e-03  3.13036419e-05  5.00000000e+00 
 3.13332832e-05  2.59131177e+00  3.13332832e-05 -2.59137741e-03  3.13332832e-05  5.00000000e+00 
 3.13629246e-05  2.59131280e+00  3.13629246e-05 -2.59125429e-03  3.13629246e-05  5.00000000e+00 
 3.13925659e-05  2.59131186e+00  3.13925659e-05 -2.59136401e-03  3.13925659e-05  5.00000000e+00 
 3.14222072e-05  2.59131271e+00  3.14222072e-05 -2.59126647e-03  3.14222072e-05  5.00000000e+00 
 3.14518486e-05  2.59131194e+00  3.14518486e-05 -2.59135295e-03  3.14518486e-05  5.00000000e+00 
 3.14814899e-05  2.59131264e+00  3.14814899e-05 -2.59127652e-03  3.14814899e-05  5.00000000e+00 
 3.15111312e-05  2.59131201e+00  3.15111312e-05 -2.59134382e-03  3.15111312e-05  5.00000000e+00 
 3.15407726e-05  2.59131258e+00  3.15407726e-05 -2.59128482e-03  3.15407726e-05  5.00000000e+00 
 3.15704139e-05  2.59131206e+00  3.15704139e-05 -2.59133628e-03  3.15704139e-05  5.00000000e+00 
 3.16000553e-05  2.59131254e+00  3.16000553e-05 -2.59129166e-03  3.16000553e-05  5.00000000e+00 
 3.16296966e-05  2.59131210e+00  3.16296966e-05 -2.59133006e-03  3.16296966e-05  5.00000000e+00 
 3.16593379e-05  2.59131250e+00  3.16593379e-05 -2.59129731e-03  3.16593379e-05  5.00000000e+00 
 3.16889793e-05  2.59131214e+00  3.16889793e-05 -2.59132493e-03  3.16889793e-05  5.00000000e+00 
 3.17186206e-05  2.59131246e+00  3.17186206e-05 -2.59130197e-03  3.17186206e-05  5.00000000e+00 
 3.17482619e-05  2.59131217e+00  3.17482619e-05 -2.59132070e-03  3.17482619e-05  5.00000000e+00 
 3.17779033e-05  2.59131244e+00  3.17779033e-05 -2.59130582e-03  3.17779033e-05  5.00000000e+00 
 3.18075446e-05  2.59131219e+00  3.18075446e-05 -2.59131721e-03  3.18075446e-05  5.00000000e+00 
 3.18371860e-05  2.59131242e+00  3.18371860e-05 -2.59130898e-03  3.18371860e-05  5.00000000e+00 
 3.18668273e-05  2.59131221e+00  3.18668273e-05 -2.59131433e-03  3.18668273e-05  5.00000000e+00 
 3.18964686e-05  2.59131240e+00  3.18964686e-05 -2.59131159e-03  3.18964686e-05  5.00000000e+00 
 3.19261100e-05  2.59131223e+00  3.19261100e-05 -2.59131196e-03  3.19261100e-05  5.00000000e+00 
 3.19557513e-05  2.59131238e+00  3.19557513e-05 -2.59131374e-03  3.19557513e-05  5.00000000e+00 
 3.19853927e-05  2.59131224e+00  3.19853927e-05 -2.59131001e-03  3.19853927e-05  5.00000000e+00 
 3.20150340e-05  2.59131237e+00  3.20150340e-05 -2.59131551e-03  3.20150340e-05  5.00000000e+00 
 3.20446753e-05  2.59131226e+00  3.20446753e-05 -2.59130841e-03  3.20446753e-05  5.00000000e+00 
 3.20743167e-05  2.59131236e+00  3.20743167e-05 -2.59131697e-03  3.20743167e-05  5.00000000e+00 
 3.21039580e-05  2.59131226e+00  3.21039580e-05 -2.59130709e-03  3.21039580e-05  5.00000000e+00 
 3.21335993e-05  2.59131235e+00  3.21335993e-05 -2.59131816e-03  3.21335993e-05  5.00000000e+00 
 3.21632407e-05  2.59131227e+00  3.21632407e-05 -2.59130601e-03  3.21632407e-05  5.00000000e+00 
 3.21928820e-05  2.59131234e+00  3.21928820e-05 -2.59131914e-03  3.21928820e-05  5.00000000e+00 
 3.22225234e-05  2.59131228e+00  3.22225234e-05 -2.59130512e-03  3.22225234e-05  5.00000000e+00 
 3.22521647e-05  2.59131234e+00  3.22521647e-05 -2.59131994e-03  3.22521647e-05  5.00000000e+00 
 3.22818060e-05  2.59131228e+00  3.22818060e-05 -2.59130440e-03  3.22818060e-05  5.00000000e+00 
 3.23114474e-05  2.59131233e+00  3.23114474e-05 -2.59132060e-03  3.23114474e-05  5.00000000e+00 
 3.23410887e-05  2.59131229e+00  3.23410887e-05 -2.59130381e-03  3.23410887e-05  5.00000000e+00 
 3.23707300e-05  2.59131233e+00  3.23707300e-05 -2.59132113e-03  3.23707300e-05  5.00000000e+00 
 3.24003714e-05  2.59131229e+00  3.24003714e-05 -2.59130332e-03  3.24003714e-05  5.00000000e+00 
 3.24300127e-05  2.59131233e+00  3.24300127e-05 -2.59132156e-03  3.24300127e-05  5.00000000e+00 
 3.24596541e-05  2.59131230e+00  3.24596541e-05 -2.59130293e-03  3.24596541e-05  5.00000000e+00 
 3.24892954e-05  2.59131232e+00  3.24892954e-05 -2.59132192e-03  3.24892954e-05  5.00000000e+00 
 3.25189367e-05  2.59131230e+00  3.25189367e-05 -2.59130262e-03  3.25189367e-05  5.00000000e+00 
 3.25485781e-05  2.59131232e+00  3.25485781e-05 -2.59132220e-03  3.25485781e-05  5.00000000e+00 
 3.25782194e-05  2.59131230e+00  3.25782194e-05 -2.59130236e-03  3.25782194e-05  5.00000000e+00 
 3.26078607e-05  2.59131232e+00  3.26078607e-05 -2.59132243e-03  3.26078607e-05  5.00000000e+00 
 3.26375021e-05  2.59131230e+00  3.26375021e-05 -2.59130216e-03  3.26375021e-05  5.00000000e+00 
 3.26671434e-05  2.59131232e+00  3.26671434e-05 -2.59132261e-03  3.26671434e-05  5.00000000e+00 
 3.26967848e-05  2.59131230e+00  3.26967848e-05 -2.59130200e-03  3.26967848e-05  5.00000000e+00 
 3.27264261e-05  2.59131232e+00  3.27264261e-05 -2.59132275e-03  3.27264261e-05  5.00000000e+00 
 3.27560674e-05  2.59131230e+00  3.27560674e-05 -2.59130187e-03  3.27560674e-05  5.00000000e+00 
 3.27857088e-05  2.59131231e+00  3.27857088e-05 -2.59132286e-03  3.27857088e-05  5.00000000e+00 
 3.28153501e-05  2.59131230e+00  3.28153501e-05 -2.59130178e-03  3.28153501e-05  5.00000000e+00 
 3.28449914e-05  2.59131231e+00  3.28449914e-05 -2.59132295e-03  3.28449914e-05  5.00000000e+00 
 3.28746328e-05  2.59131231e+00  3.28746328e-05 -2.59130170e-03  3.28746328e-05  5.00000000e+00 
 3.29042741e-05  2.59131231e+00  3.29042741e-05 -2.59132301e-03  3.29042741e-05  5.00000000e+00 
 3.29339155e-05  2.59131231e+00  3.29339155e-05 -2.59130165e-03  3.29339155e-05  5.00000000e+00 
 3.29635568e-05  2.59131231e+00  3.29635568e-05 -2.59132305e-03  3.29635568e-05  5.00000000e+00 
 3.29931981e-05  2.59131231e+00  3.29931981e-05 -2.59130161e-03  3.29931981e-05  5.00000000e+00 
 3.30228395e-05  2.59131231e+00  3.30228395e-05 -2.59132309e-03  3.30228395e-05  5.00000000e+00 
 3.30524808e-05  2.59131231e+00  3.30524808e-05 -2.59130159e-03  3.30524808e-05  5.00000000e+00 
 3.30821221e-05  2.59131231e+00  3.30821221e-05 -2.59132310e-03  3.30821221e-05  5.00000000e+00 
 3.31117635e-05  2.59131231e+00  3.31117635e-05 -2.59130157e-03  3.31117635e-05  5.00000000e+00 
 3.31414048e-05  2.59131231e+00  3.31414048e-05 -2.59132311e-03  3.31414048e-05  5.00000000e+00 
 3.31710462e-05  2.59131231e+00  3.31710462e-05 -2.59130157e-03  3.31710462e-05  5.00000000e+00 
 3.32006875e-05  2.59131231e+00  3.32006875e-05 -2.59132311e-03  3.32006875e-05  5.00000000e+00 
 3.32303288e-05  2.59131231e+00  3.32303288e-05 -2.59130157e-03  3.32303288e-05  5.00000000e+00 
 3.32599702e-05  2.59131231e+00  3.32599702e-05 -2.59132311e-03  3.32599702e-05  5.00000000e+00 
 3.32896115e-05  2.59131231e+00  3.32896115e-05 -2.59130158e-03  3.32896115e-05  5.00000000e+00 
 3.33192528e-05  2.59131231e+00  3.33192528e-05 -2.59132309e-03  3.33192528e-05  5.00000000e+00 
 3.33488942e-05  2.59131231e+00  3.33488942e-05 -2.59130160e-03  3.33488942e-05  5.00000000e+00 
 3.33785355e-05  2.59131231e+00  3.33785355e-05 -2.59132308e-03  3.33785355e-05  5.00000000e+00 
 3.34081769e-05  2.59131231e+00  3.34081769e-05 -2.59130161e-03  3.34081769e-05  5.00000000e+00 
 3.34378182e-05  2.59131231e+00  3.34378182e-05 -2.59132306e-03  3.34378182e-05  5.00000000e+00 
 3.34674595e-05  2.59131231e+00  3.34674595e-05 -2.59130164e-03  3.34674595e-05  5.00000000e+00 
 3.34971009e-05  2.59131231e+00  3.34971009e-05 -2.59132303e-03  3.34971009e-05  5.00000000e+00 
 3.35267422e-05  2.59131231e+00  3.35267422e-05 -2.59130166e-03  3.35267422e-05  5.00000000e+00 
 3.35563836e-05  2.59131231e+00  3.35563836e-05 -2.59132301e-03  3.35563836e-05  5.00000000e+00 
 3.35860249e-05  2.59131231e+00  3.35860249e-05 -2.59130169e-03  3.35860249e-05  5.00000000e+00 
 3.36156662e-05  2.59131231e+00  3.36156662e-05 -2.59132298e-03  3.36156662e-05  5.00000000e+00 
 3.36453076e-05  2.59131231e+00  3.36453076e-05 -2.59130172e-03  3.36453076e-05  5.00000000e+00 
 3.36749489e-05  2.59131231e+00  3.36749489e-05 -2.59132295e-03  3.36749489e-05  5.00000000e+00 
 3.37045902e-05  2.59131231e+00  3.37045902e-05 -2.59130175e-03  3.37045902e-05  5.00000000e+00 
 3.37342316e-05  2.59131231e+00  3.37342316e-05 -2.59132292e-03  3.37342316e-05  5.00000000e+00 
 3.37638729e-05  2.59131231e+00  3.37638729e-05 -2.59130178e-03  3.37638729e-05  5.00000000e+00 
 3.37935143e-05  2.59131231e+00  3.37935143e-05 -2.59132289e-03  3.37935143e-05  5.00000000e+00 
 3.38231556e-05  2.59131231e+00  3.38231556e-05 -2.59130181e-03  3.38231556e-05  5.00000000e+00 
 3.38527969e-05  2.59131231e+00  3.38527969e-05 -2.59132285e-03  3.38527969e-05  5.00000000e+00 
 3.38824383e-05  2.59131231e+00  3.38824383e-05 -2.59130185e-03  3.38824383e-05  5.00000000e+00 
 3.39120796e-05  2.59131231e+00  3.39120796e-05 -2.59132282e-03  3.39120796e-05  5.00000000e+00 
 3.39417209e-05  2.59131231e+00  3.39417209e-05 -2.59130188e-03  3.39417209e-05  5.00000000e+00 
 3.39713623e-05  2.59131231e+00  3.39713623e-05 -2.59132279e-03  3.39713623e-05  5.00000000e+00 
 3.40010036e-05  2.59131231e+00  3.40010036e-05 -2.59130191e-03  3.40010036e-05  5.00000000e+00 
 3.40306450e-05  2.59131231e+00  3.40306450e-05 -2.59132275e-03  3.40306450e-05  5.00000000e+00 
 3.40602863e-05  2.59131231e+00  3.40602863e-05 -2.59130195e-03  3.40602863e-05  5.00000000e+00 
 3.40899276e-05  2.59131231e+00  3.40899276e-05 -2.59132272e-03  3.40899276e-05  5.00000000e+00 
 3.41195690e-05  2.59131231e+00  3.41195690e-05 -2.59130198e-03  3.41195690e-05  5.00000000e+00 
 3.41492103e-05  2.59131231e+00  3.41492103e-05 -2.59132268e-03  3.41492103e-05  5.00000000e+00 
 3.41788516e-05  2.59131231e+00  3.41788516e-05 -2.59130202e-03  3.41788516e-05  5.00000000e+00 
 3.42084930e-05  2.59131231e+00  3.42084930e-05 -2.59132264e-03  3.42084930e-05  5.00000000e+00 
 3.42381343e-05  2.59131231e+00  3.42381343e-05 -2.59130206e-03  3.42381343e-05  5.00000000e+00 
 3.42677757e-05  2.59131231e+00  3.42677757e-05 -2.59132261e-03  3.42677757e-05  5.00000000e+00 
 3.42974170e-05  2.59131231e+00  3.42974170e-05 -2.59130209e-03  3.42974170e-05  5.00000000e+00 
 3.43270583e-05  2.59131231e+00  3.43270583e-05 -2.59132257e-03  3.43270583e-05  5.00000000e+00 
 3.43566997e-05  2.59131231e+00  3.43566997e-05 -2.59130213e-03  3.43566997e-05  5.00000000e+00 
 3.43863410e-05  2.59131231e+00  3.43863410e-05 -2.59132254e-03  3.43863410e-05  5.00000000e+00 
 3.44159823e-05  2.59131231e+00  3.44159823e-05 -2.59130216e-03  3.44159823e-05  5.00000000e+00 
 3.44456237e-05  2.59131231e+00  3.44456237e-05 -2.59132250e-03  3.44456237e-05  5.00000000e+00 
 3.44752650e-05  2.59131231e+00  3.44752650e-05 -2.59130220e-03  3.44752650e-05  5.00000000e+00 
 3.45049064e-05  2.59131231e+00  3.45049064e-05 -2.59132247e-03  3.45049064e-05  5.00000000e+00 
 3.45345477e-05  2.59131231e+00  3.45345477e-05 -2.59130224e-03  3.45345477e-05  5.00000000e+00 
 3.45641890e-05  2.59131231e+00  3.45641890e-05 -2.59132243e-03  3.45641890e-05  5.00000000e+00 
 3.45938304e-05  2.59131231e+00  3.45938304e-05 -2.59130227e-03  3.45938304e-05  5.00000000e+00 
 3.46234717e-05  2.59131231e+00  3.46234717e-05 -2.59132239e-03  3.46234717e-05  5.00000000e+00 
 3.46531130e-05  2.59131231e+00  3.46531130e-05 -2.59130231e-03  3.46531130e-05  5.00000000e+00 
 3.46827544e-05  2.59131231e+00  3.46827544e-05 -2.59132236e-03  3.46827544e-05  5.00000000e+00 
 3.47123957e-05  2.59131231e+00  3.47123957e-05 -2.59130234e-03  3.47123957e-05  5.00000000e+00 
 3.47420371e-05  2.59131231e+00  3.47420371e-05 -2.59132232e-03  3.47420371e-05  5.00000000e+00 
 3.47716784e-05  2.59131231e+00  3.47716784e-05 -2.59130238e-03  3.47716784e-05  5.00000000e+00 
 3.48013197e-05  2.59131231e+00  3.48013197e-05 -2.59132229e-03  3.48013197e-05  5.00000000e+00 
 3.48309611e-05  2.59131231e+00  3.48309611e-05 -2.59130241e-03  3.48309611e-05  5.00000000e+00 
 3.48606024e-05  2.59131231e+00  3.48606024e-05 -2.59132225e-03  3.48606024e-05  5.00000000e+00 
 3.48902437e-05  2.59131231e+00  3.48902437e-05 -2.59130245e-03  3.48902437e-05  5.00000000e+00 
 3.49198851e-05  2.59131231e+00  3.49198851e-05 -2.59132222e-03  3.49198851e-05  5.00000000e+00 
 3.49495264e-05  2.59131231e+00  3.49495264e-05 -2.59130249e-03  3.49495264e-05  5.00000000e+00 
 3.49791678e-05  2.59131231e+00  3.49791678e-05 -2.59132218e-03  3.49791678e-05  5.00000000e+00 
 3.50088091e-05  2.59131231e+00  3.50088091e-05 -2.59130252e-03  3.50088091e-05  5.00000000e+00 
 3.50384504e-05  2.59131231e+00  3.50384504e-05 -2.59132214e-03  3.50384504e-05  5.00000000e+00 
 3.50680918e-05  2.59131231e+00  3.50680918e-05 -2.59130256e-03  3.50680918e-05  5.00000000e+00 
 3.50977331e-05  2.59131231e+00  3.50977331e-05 -2.59132211e-03  3.50977331e-05  5.00000000e+00 
 3.51273745e-05  2.59131231e+00  3.51273745e-05 -2.59130259e-03  3.51273745e-05  5.00000000e+00 
 3.51570158e-05  2.59131231e+00  3.51570158e-05 -2.59132207e-03  3.51570158e-05  5.00000000e+00 
 3.51866571e-05  2.59131231e+00  3.51866571e-05 -2.59130263e-03  3.51866571e-05  5.00000000e+00 
 3.52162985e-05  2.59131231e+00  3.52162985e-05 -2.59132204e-03  3.52162985e-05  5.00000000e+00 
 3.52459398e-05  2.59131231e+00  3.52459398e-05 -2.59130266e-03  3.52459398e-05  5.00000000e+00 
 3.52755811e-05  2.59131231e+00  3.52755811e-05 -2.59132200e-03  3.52755811e-05  5.00000000e+00 
 3.53052225e-05  2.59131231e+00  3.53052225e-05 -2.59130270e-03  3.53052225e-05  5.00000000e+00 
 3.53348638e-05  2.59131231e+00  3.53348638e-05 -2.59132197e-03  3.53348638e-05  5.00000000e+00 
 3.53645052e-05  2.59131231e+00  3.53645052e-05 -2.59130273e-03  3.53645052e-05  5.00000000e+00 
 3.53941465e-05  2.59131231e+00  3.53941465e-05 -2.59132194e-03  3.53941465e-05  5.00000000e+00 
 3.54237878e-05  2.59131231e+00  3.54237878e-05 -2.59130276e-03  3.54237878e-05  5.00000000e+00 
 3.54534292e-05  2.59131231e+00  3.54534292e-05 -2.59132190e-03  3.54534292e-05  5.00000000e+00 
 3.54830705e-05  2.59131231e+00  3.54830705e-05 -2.59130280e-03  3.54830705e-05  5.00000000e+00 
 3.55127118e-05  2.59131231e+00  3.55127118e-05 -2.59132187e-03  3.55127118e-05  5.00000000e+00 
 3.55423532e-05  2.59131231e+00  3.55423532e-05 -2.59130283e-03  3.55423532e-05  5.00000000e+00 
 3.55719945e-05  2.59131231e+00  3.55719945e-05 -2.59132183e-03  3.55719945e-05  5.00000000e+00 
 3.56016359e-05  2.59131231e+00  3.56016359e-05 -2.59130287e-03  3.56016359e-05  5.00000000e+00 
 3.56312772e-05  2.59131231e+00  3.56312772e-05 -2.59132180e-03  3.56312772e-05  5.00000000e+00 
 3.56609185e-05  2.59131231e+00  3.56609185e-05 -2.59130290e-03  3.56609185e-05  5.00000000e+00 
 3.56905599e-05  2.59131231e+00  3.56905599e-05 -2.59132176e-03  3.56905599e-05  5.00000000e+00 
 3.57202012e-05  2.59131231e+00  3.57202012e-05 -2.59130294e-03  3.57202012e-05  5.00000000e+00 
 3.57498425e-05  2.59131231e+00  3.57498425e-05 -2.59132173e-03  3.57498425e-05  5.00000000e+00 
 3.57794839e-05  2.59131231e+00  3.57794839e-05 -2.59130297e-03  3.57794839e-05  5.00000000e+00 
 3.58091252e-05  2.59131231e+00  3.58091252e-05 -2.59132170e-03  3.58091252e-05  5.00000000e+00 
 3.58387666e-05  2.59131231e+00  3.58387666e-05 -2.59130300e-03  3.58387666e-05  5.00000000e+00 
 3.58684079e-05  2.59131231e+00  3.58684079e-05 -2.59132166e-03  3.58684079e-05  5.00000000e+00 
 3.58980492e-05  2.59131231e+00  3.58980492e-05 -2.59130304e-03  3.58980492e-05  5.00000000e+00 
 3.59276906e-05  2.59131231e+00  3.59276906e-05 -2.59132163e-03  3.59276906e-05  5.00000000e+00 
 3.59573319e-05  2.59131231e+00  3.59573319e-05 -2.59130307e-03  3.59573319e-05  5.00000000e+00 
 3.59869732e-05  2.59131231e+00  3.59869732e-05 -2.59132160e-03  3.59869732e-05  5.00000000e+00 
 3.60166146e-05  2.59131231e+00  3.60166146e-05 -2.59130310e-03  3.60166146e-05  5.00000000e+00 
 3.60462559e-05  2.59131231e+00  3.60462559e-05 -2.59132156e-03  3.60462559e-05  5.00000000e+00 
 3.60758973e-05  2.59131231e+00  3.60758973e-05 -2.59130314e-03  3.60758973e-05  5.00000000e+00 
 3.61055386e-05  2.59131231e+00  3.61055386e-05 -2.59132153e-03  3.61055386e-05  5.00000000e+00 
 3.61351799e-05  2.59131231e+00  3.61351799e-05 -2.59130317e-03  3.61351799e-05  5.00000000e+00 
 3.61648213e-05  2.59131231e+00  3.61648213e-05 -2.59132150e-03  3.61648213e-05  5.00000000e+00 
 3.61944626e-05  2.59131231e+00  3.61944626e-05 -2.59130320e-03  3.61944626e-05  5.00000000e+00 
 3.62241039e-05  2.59131231e+00  3.62241039e-05 -2.59132146e-03  3.62241039e-05  5.00000000e+00 
 3.62537453e-05  2.59131231e+00  3.62537453e-05 -2.59130324e-03  3.62537453e-05  5.00000000e+00 
 3.62833866e-05  2.59131231e+00  3.62833866e-05 -2.59132143e-03  3.62833866e-05  5.00000000e+00 
 3.63130280e-05  2.59131231e+00  3.63130280e-05 -2.59130327e-03  3.63130280e-05  5.00000000e+00 
 3.63426693e-05  2.59131231e+00  3.63426693e-05 -2.59132140e-03  3.63426693e-05  5.00000000e+00 
 3.63723106e-05  2.59131231e+00  3.63723106e-05 -2.59130330e-03  3.63723106e-05  5.00000000e+00 
 3.64019520e-05  2.59131231e+00  3.64019520e-05 -2.59132137e-03  3.64019520e-05  5.00000000e+00 
 3.64315933e-05  2.59131231e+00  3.64315933e-05 -2.59130333e-03  3.64315933e-05  5.00000000e+00 
 3.64612346e-05  2.59131231e+00  3.64612346e-05 -2.59132133e-03  3.64612346e-05  5.00000000e+00 
 3.64908760e-05  2.59131231e+00  3.64908760e-05 -2.59130337e-03  3.64908760e-05  5.00000000e+00 
 3.65205173e-05  2.59131231e+00  3.65205173e-05 -2.59132130e-03  3.65205173e-05  5.00000000e+00 
 3.65501587e-05  2.59131231e+00  3.65501587e-05 -2.59130340e-03  3.65501587e-05  5.00000000e+00 
 3.65798000e-05  2.59131231e+00  3.65798000e-05 -2.59132127e-03  3.65798000e-05  5.00000000e+00 
 3.66094413e-05  2.59131231e+00  3.66094413e-05 -2.59130343e-03  3.66094413e-05  5.00000000e+00 
 3.66390827e-05  2.59131231e+00  3.66390827e-05 -2.59132124e-03  3.66390827e-05  5.00000000e+00 
 3.66687240e-05  2.59131231e+00  3.66687240e-05 -2.59130346e-03  3.66687240e-05  5.00000000e+00 
 3.66983654e-05  2.59131231e+00  3.66983654e-05 -2.59132120e-03  3.66983654e-05  5.00000000e+00 
 3.67280067e-05  2.59131231e+00  3.67280067e-05 -2.59130349e-03  3.67280067e-05  5.00000000e+00 
 3.67576480e-05  2.59131231e+00  3.67576480e-05 -2.59132117e-03  3.67576480e-05  5.00000000e+00 
 3.67872894e-05  2.59131231e+00  3.67872894e-05 -2.59130353e-03  3.67872894e-05  5.00000000e+00 
 3.68169307e-05  2.59131231e+00  3.68169307e-05 -2.59132114e-03  3.68169307e-05  5.00000000e+00 
 3.68465720e-05  2.59131231e+00  3.68465720e-05 -2.59130356e-03  3.68465720e-05  5.00000000e+00 
 3.68762134e-05  2.59131231e+00  3.68762134e-05 -2.59132111e-03  3.68762134e-05  5.00000000e+00 
 3.69058547e-05  2.59131231e+00  3.69058547e-05 -2.59130359e-03  3.69058547e-05  5.00000000e+00 
 3.69354961e-05  2.59131231e+00  3.69354961e-05 -2.59132108e-03  3.69354961e-05  5.00000000e+00 
 3.69651374e-05  2.59131231e+00  3.69651374e-05 -2.59130362e-03  3.69651374e-05  5.00000000e+00 
 3.69947787e-05  2.59131231e+00  3.69947787e-05 -2.59132105e-03  3.69947787e-05  5.00000000e+00 
 3.70244201e-05  2.59131231e+00  3.70244201e-05 -2.59130365e-03  3.70244201e-05  5.00000000e+00 
 3.70540614e-05  2.59131231e+00  3.70540614e-05 -2.59132101e-03  3.70540614e-05  5.00000000e+00 
 3.70837027e-05  2.59131231e+00  3.70837027e-05 -2.59130368e-03  3.70837027e-05  5.00000000e+00 
 3.71133441e-05  2.59131231e+00  3.71133441e-05 -2.59132098e-03  3.71133441e-05  5.00000000e+00 
 3.71429854e-05  2.59131231e+00  3.71429854e-05 -2.59130371e-03  3.71429854e-05  5.00000000e+00 
 3.71726268e-05  2.59131231e+00  3.71726268e-05 -2.59132095e-03  3.71726268e-05  5.00000000e+00 
 3.72022681e-05  2.59131231e+00  3.72022681e-05 -2.59130375e-03  3.72022681e-05  5.00000000e+00 
 3.72319094e-05  2.59131231e+00  3.72319094e-05 -2.59132092e-03  3.72319094e-05  5.00000000e+00 
 3.72615508e-05  2.59131231e+00  3.72615508e-05 -2.59130378e-03  3.72615508e-05  5.00000000e+00 
 3.72911921e-05  2.59131231e+00  3.72911921e-05 -2.59132089e-03  3.72911921e-05  5.00000000e+00 
 3.73208334e-05  2.59131231e+00  3.73208334e-05 -2.59130381e-03  3.73208334e-05  5.00000000e+00 
 3.73504748e-05  2.59131231e+00  3.73504748e-05 -2.59132086e-03  3.73504748e-05  5.00000000e+00 
 3.73801161e-05  2.59131231e+00  3.73801161e-05 -2.59130384e-03  3.73801161e-05  5.00000000e+00 
 3.74097575e-05  2.59131231e+00  3.74097575e-05 -2.59132083e-03  3.74097575e-05  5.00000000e+00 
 3.74393988e-05  2.59131231e+00  3.74393988e-05 -2.59130387e-03  3.74393988e-05  5.00000000e+00 
 3.74690401e-05  2.59131231e+00  3.74690401e-05 -2.59132080e-03  3.74690401e-05  5.00000000e+00 
 3.74986815e-05  2.59131231e+00  3.74986815e-05 -2.59130390e-03  3.74986815e-05  5.00000000e+00 
 3.75283228e-05  2.59131231e+00  3.75283228e-05 -2.59132077e-03  3.75283228e-05  5.00000000e+00 
 3.75579641e-05  2.59131231e+00  3.75579641e-05 -2.59130393e-03  3.75579641e-05  5.00000000e+00 
 3.75876055e-05  2.59131231e+00  3.75876055e-05 -2.59132074e-03  3.75876055e-05  5.00000000e+00 
 3.76172468e-05  2.59131231e+00  3.76172468e-05 -2.59130396e-03  3.76172468e-05  5.00000000e+00 
 3.76468882e-05  2.59131231e+00  3.76468882e-05 -2.59132071e-03  3.76468882e-05  5.00000000e+00 
 3.76765295e-05  2.59131231e+00  3.76765295e-05 -2.59130399e-03  3.76765295e-05  5.00000000e+00 
 3.77061708e-05  2.59131231e+00  3.77061708e-05 -2.59132068e-03  3.77061708e-05  5.00000000e+00 
 3.77358122e-05  2.59131231e+00  3.77358122e-05 -2.59130402e-03  3.77358122e-05  5.00000000e+00 
 3.77654535e-05  2.59131231e+00  3.77654535e-05 -2.59132065e-03  3.77654535e-05  5.00000000e+00 
 3.77950948e-05  2.59131231e+00  3.77950948e-05 -2.59130405e-03  3.77950948e-05  5.00000000e+00 
 3.78247362e-05  2.59131231e+00  3.78247362e-05 -2.59132062e-03  3.78247362e-05  5.00000000e+00 
 3.78543775e-05  2.59131231e+00  3.78543775e-05 -2.59130408e-03  3.78543775e-05  5.00000000e+00 
 3.78840189e-05  2.59131231e+00  3.78840189e-05 -2.59132059e-03  3.78840189e-05  5.00000000e+00 
 3.79136602e-05  2.59131231e+00  3.79136602e-05 -2.59130411e-03  3.79136602e-05  5.00000000e+00 
 3.79433015e-05  2.59131231e+00  3.79433015e-05 -2.59132056e-03  3.79433015e-05  5.00000000e+00 
 3.79729429e-05  2.59131231e+00  3.79729429e-05 -2.59130414e-03  3.79729429e-05  5.00000000e+00 
 3.80025842e-05  2.59131231e+00  3.80025842e-05 -2.59132053e-03  3.80025842e-05  5.00000000e+00 
 3.80322255e-05  2.59131231e+00  3.80322255e-05 -2.59130417e-03  3.80322255e-05  5.00000000e+00 
 3.80618669e-05  2.59131231e+00  3.80618669e-05 -2.59132050e-03  3.80618669e-05  5.00000000e+00 
 3.80915082e-05  2.59131231e+00  3.80915082e-05 -2.59130420e-03  3.80915082e-05  5.00000000e+00 
 3.81211496e-05  2.59131231e+00  3.81211496e-05 -2.59132047e-03  3.81211496e-05  5.00000000e+00 
 3.81507909e-05  2.59131231e+00  3.81507909e-05 -2.59130423e-03  3.81507909e-05  5.00000000e+00 
 3.81804322e-05  2.59131231e+00  3.81804322e-05 -2.59132044e-03  3.81804322e-05  5.00000000e+00 
 3.82100736e-05  2.59131231e+00  3.82100736e-05 -2.59130426e-03  3.82100736e-05  5.00000000e+00 
 3.82397149e-05  2.59131231e+00  3.82397149e-05 -2.59132041e-03  3.82397149e-05  5.00000000e+00 
 3.82693563e-05  2.59131231e+00  3.82693563e-05 -2.59130429e-03  3.82693563e-05  5.00000000e+00 
 3.82989976e-05  2.59131231e+00  3.82989976e-05 -2.59132038e-03  3.82989976e-05  5.00000000e+00 
 3.83286389e-05  2.59131231e+00  3.83286389e-05 -2.59130432e-03  3.83286389e-05  5.00000000e+00 
 3.83582803e-05  2.59131231e+00  3.83582803e-05 -2.59132035e-03  3.83582803e-05  5.00000000e+00 
 3.83879216e-05  2.59131231e+00  3.83879216e-05 -2.59130434e-03  3.83879216e-05  5.00000000e+00 
 3.84175629e-05  2.59131231e+00  3.84175629e-05 -2.59132032e-03  3.84175629e-05  5.00000000e+00 
 3.84472043e-05  2.59131231e+00  3.84472043e-05 -2.59130437e-03  3.84472043e-05  5.00000000e+00 
 3.84768456e-05  2.59131231e+00  3.84768456e-05 -2.59132030e-03  3.84768456e-05  5.00000000e+00 
 3.85064870e-05  2.59131231e+00  3.85064870e-05 -2.59130440e-03  3.85064870e-05  5.00000000e+00 
 3.85361283e-05  2.59131231e+00  3.85361283e-05 -2.59132027e-03  3.85361283e-05  5.00000000e+00 
 3.85657696e-05  2.59131231e+00  3.85657696e-05 -2.59130443e-03  3.85657696e-05  5.00000000e+00 
 3.85954110e-05  2.59131231e+00  3.85954110e-05 -2.59132024e-03  3.85954110e-05  5.00000000e+00 
 3.86250523e-05  2.59131231e+00  3.86250523e-05 -2.59130446e-03  3.86250523e-05  5.00000000e+00 
 3.86546936e-05  2.59131231e+00  3.86546936e-05 -2.59132021e-03  3.86546936e-05  5.00000000e+00 
 3.86843350e-05  2.59131231e+00  3.86843350e-05 -2.59130449e-03  3.86843350e-05  5.00000000e+00 
 3.87139763e-05  2.59131231e+00  3.87139763e-05 -2.59132018e-03  3.87139763e-05  5.00000000e+00 
 3.87436177e-05  2.59131231e+00  3.87436177e-05 -2.59130452e-03  3.87436177e-05  5.00000000e+00 
 3.87732590e-05  2.59131231e+00  3.87732590e-05 -2.59132015e-03  3.87732590e-05  5.00000000e+00 
 3.88029003e-05  2.59131231e+00  3.88029003e-05 -2.59130454e-03  3.88029003e-05  5.00000000e+00 
 3.88325417e-05  2.59131231e+00  3.88325417e-05 -2.59132013e-03  3.88325417e-05  5.00000000e+00 
 3.88621830e-05  2.59131231e+00  3.88621830e-05 -2.59130457e-03  3.88621830e-05  5.00000000e+00 
 3.88918243e-05  2.59131231e+00  3.88918243e-05 -2.59132010e-03  3.88918243e-05  5.00000000e+00 
 3.89214657e-05  2.59131231e+00  3.89214657e-05 -2.59130460e-03  3.89214657e-05  5.00000000e+00 
 3.89511070e-05  2.59131231e+00  3.89511070e-05 -2.59132007e-03  3.89511070e-05  5.00000000e+00 
 3.89807484e-05  2.59131231e+00  3.89807484e-05 -2.59130463e-03  3.89807484e-05  5.00000000e+00 
 3.90103897e-05  2.59131231e+00  3.90103897e-05 -2.59132004e-03  3.90103897e-05  5.00000000e+00 
 3.90400310e-05  2.59131231e+00  3.90400310e-05 -2.59130466e-03  3.90400310e-05  5.00000000e+00 
 3.90696724e-05  2.59131231e+00  3.90696724e-05 -2.59132001e-03  3.90696724e-05  5.00000000e+00 
 3.90993137e-05  2.59131231e+00  3.90993137e-05 -2.59130468e-03  3.90993137e-05  5.00000000e+00 
 3.91289550e-05  2.59131231e+00  3.91289550e-05 -2.59131999e-03  3.91289550e-05  5.00000000e+00 
 3.91585964e-05  2.59131231e+00  3.91585964e-05 -2.59130471e-03  3.91585964e-05  5.00000000e+00 
 3.91882377e-05  2.59131231e+00  3.91882377e-05 -2.59131996e-03  3.91882377e-05  5.00000000e+00 
 3.92178791e-05  2.59131231e+00  3.92178791e-05 -2.59130474e-03  3.92178791e-05  5.00000000e+00 
 3.92475204e-05  2.59131231e+00  3.92475204e-05 -2.59131993e-03  3.92475204e-05  5.00000000e+00 
 3.92771617e-05  2.59131231e+00  3.92771617e-05 -2.59130477e-03  3.92771617e-05  5.00000000e+00 
 3.93068031e-05  2.59131231e+00  3.93068031e-05 -2.59131990e-03  3.93068031e-05  5.00000000e+00 
 3.93364444e-05  2.59131231e+00  3.93364444e-05 -2.59130479e-03  3.93364444e-05  5.00000000e+00 
 3.93660857e-05  2.59131231e+00  3.93660857e-05 -2.59131988e-03  3.93660857e-05  5.00000000e+00 
 3.93957271e-05  2.59131231e+00  3.93957271e-05 -2.59130482e-03  3.93957271e-05  5.00000000e+00 
 3.94253684e-05  2.59131231e+00  3.94253684e-05 -2.59131985e-03  3.94253684e-05  5.00000000e+00 
 3.94550098e-05  2.59131231e+00  3.94550098e-05 -2.59130485e-03  3.94550098e-05  5.00000000e+00 
 3.94846511e-05  2.59131231e+00  3.94846511e-05 -2.59131982e-03  3.94846511e-05  5.00000000e+00 
 3.95142924e-05  2.59131231e+00  3.95142924e-05 -2.59130487e-03  3.95142924e-05  5.00000000e+00 
 3.95439338e-05  2.59131231e+00  3.95439338e-05 -2.59131979e-03  3.95439338e-05  5.00000000e+00 
 3.95735751e-05  2.59131231e+00  3.95735751e-05 -2.59130490e-03  3.95735751e-05  5.00000000e+00 
 3.96032164e-05  2.59131231e+00  3.96032164e-05 -2.59131977e-03  3.96032164e-05  5.00000000e+00 
 3.96328578e-05  2.59131231e+00  3.96328578e-05 -2.59130493e-03  3.96328578e-05  5.00000000e+00 
 3.96624991e-05  2.59131231e+00  3.96624991e-05 -2.59131974e-03  3.96624991e-05  5.00000000e+00 
 3.96921405e-05  2.59131231e+00  3.96921405e-05 -2.59130495e-03  3.96921405e-05  5.00000000e+00 
 3.97217818e-05  2.59131231e+00  3.97217818e-05 -2.59131971e-03  3.97217818e-05  5.00000000e+00 
 3.97514231e-05  2.59131231e+00  3.97514231e-05 -2.59130498e-03  3.97514231e-05  5.00000000e+00 
 3.97810645e-05  2.59131231e+00  3.97810645e-05 -2.59131969e-03  3.97810645e-05  5.00000000e+00 
 3.98107058e-05  2.59131231e+00  3.98107058e-05 -2.59130501e-03  3.98107058e-05  5.00000000e+00 
 3.98403472e-05  2.59131231e+00  3.98403472e-05 -2.59131966e-03  3.98403472e-05  5.00000000e+00 
 3.98699885e-05  2.59131231e+00  3.98699885e-05 -2.59130503e-03  3.98699885e-05  5.00000000e+00 
 3.98996298e-05  2.59131231e+00  3.98996298e-05 -2.59131963e-03  3.98996298e-05  5.00000000e+00 
 3.99292712e-05  2.59131231e+00  3.99292712e-05 -2.59130506e-03  3.99292712e-05  5.00000000e+00 
 3.99589125e-05  2.59131231e+00  3.99589125e-05 -2.59131961e-03  3.99589125e-05  5.00000000e+00 
 3.99885538e-05  2.59131231e+00  3.99885538e-05 -2.59130509e-03  3.99885538e-05  5.00000000e+00 
 4.00181952e-05  2.59131231e+00  4.00181952e-05 -2.59131958e-03  4.00181952e-05  5.00000000e+00 
 4.00478365e-05  2.59131231e+00  4.00478365e-05 -2.59130511e-03  4.00478365e-05  5.00000000e+00 
 4.00774779e-05  2.59131231e+00  4.00774779e-05 -2.59131956e-03  4.00774779e-05  5.00000000e+00 
 4.01071192e-05  2.59131231e+00  4.01071192e-05 -2.59130514e-03  4.01071192e-05  5.00000000e+00 
 4.01367605e-05  2.59131231e+00  4.01367605e-05 -2.59131953e-03  4.01367605e-05  5.00000000e+00 
 4.01664019e-05  2.59131231e+00  4.01664019e-05 -2.59130517e-03  4.01664019e-05  5.00000000e+00 
 4.01960432e-05  2.59131231e+00  4.01960432e-05 -2.59131950e-03  4.01960432e-05  5.00000000e+00 
 4.02256845e-05  2.59131231e+00  4.02256845e-05 -2.59130519e-03  4.02256845e-05  5.00000000e+00 
 4.02553259e-05  2.59131231e+00  4.02553259e-05 -2.59131948e-03  4.02553259e-05  5.00000000e+00 
 4.02849672e-05  2.59131231e+00  4.02849672e-05 -2.59130522e-03  4.02849672e-05  5.00000000e+00 
 4.03146086e-05  2.59131231e+00  4.03146086e-05 -2.59131945e-03  4.03146086e-05  5.00000000e+00 
 4.03442499e-05  2.59131231e+00  4.03442499e-05 -2.59130524e-03  4.03442499e-05  5.00000000e+00 
 4.03738912e-05  2.59131231e+00  4.03738912e-05 -2.59131943e-03  4.03738912e-05  5.00000000e+00 
 4.04035326e-05  2.59131231e+00  4.04035326e-05 -2.59130527e-03  4.04035326e-05  5.00000000e+00 
 4.04331739e-05  2.59131231e+00  4.04331739e-05 -2.59131940e-03  4.04331739e-05  5.00000000e+00 
 4.04628152e-05  2.59131231e+00  4.04628152e-05 -2.59130529e-03  4.04628152e-05  5.00000000e+00 
 4.04924566e-05  2.59131231e+00  4.04924566e-05 -2.59131938e-03  4.04924566e-05  5.00000000e+00 
 4.05220979e-05  2.59131231e+00  4.05220979e-05 -2.59130532e-03  4.05220979e-05  5.00000000e+00 
 4.05517393e-05  2.59131231e+00  4.05517393e-05 -2.59131935e-03  4.05517393e-05  5.00000000e+00 
 4.05813806e-05  2.59131231e+00  4.05813806e-05 -2.59130534e-03  4.05813806e-05  5.00000000e+00 
 4.06110219e-05  2.59131231e+00  4.06110219e-05 -2.59131933e-03  4.06110219e-05  5.00000000e+00 
 4.06406633e-05  2.59131231e+00  4.06406633e-05 -2.59130537e-03  4.06406633e-05  5.00000000e+00 
 4.06703046e-05  2.59131231e+00  4.06703046e-05 -2.59131930e-03  4.06703046e-05  5.00000000e+00 
 4.06999459e-05  2.59131231e+00  4.06999459e-05 -2.59130540e-03  4.06999459e-05  5.00000000e+00 
 4.07295873e-05  2.59131231e+00  4.07295873e-05 -2.59131927e-03  4.07295873e-05  5.00000000e+00 
 4.07592286e-05  2.59131231e+00  4.07592286e-05 -2.59130542e-03  4.07592286e-05  5.00000000e+00 
 4.07888700e-05  2.59131231e+00  4.07888700e-05 -2.59131925e-03  4.07888700e-05  5.00000000e+00 
 4.08185113e-05  2.59131231e+00  4.08185113e-05 -2.59130545e-03  4.08185113e-05  5.00000000e+00 
 4.08481526e-05  2.59131231e+00  4.08481526e-05 -2.59131922e-03  4.08481526e-05  5.00000000e+00 
 4.08777940e-05  2.59131231e+00  4.08777940e-05 -2.59130547e-03  4.08777940e-05  5.00000000e+00 
 4.09074353e-05  2.59131231e+00  4.09074353e-05 -2.59131920e-03  4.09074353e-05  5.00000000e+00 
 4.09370766e-05  2.59131231e+00  4.09370766e-05 -2.59130550e-03  4.09370766e-05  5.00000000e+00 
 4.09667180e-05  2.59131231e+00  4.09667180e-05 -2.59131918e-03  4.09667180e-05  5.00000000e+00 
 4.09963593e-05  2.59131231e+00  4.09963593e-05 -2.59130552e-03  4.09963593e-05  5.00000000e+00 
 4.10260007e-05  2.59131231e+00  4.10260007e-05 -2.59131915e-03  4.10260007e-05  5.00000000e+00 
 4.10556420e-05  2.59131231e+00  4.10556420e-05 -2.59130554e-03  4.10556420e-05  5.00000000e+00 
 4.10852833e-05  2.59131231e+00  4.10852833e-05 -2.59131913e-03  4.10852833e-05  5.00000000e+00 
 4.11149247e-05  2.59131231e+00  4.11149247e-05 -2.59130557e-03  4.11149247e-05  5.00000000e+00 
 4.11445660e-05  2.59131231e+00  4.11445660e-05 -2.59131910e-03  4.11445660e-05  5.00000000e+00 
 4.11742074e-05  2.59131231e+00  4.11742074e-05 -2.59130559e-03  4.11742074e-05  5.00000000e+00 
 4.12038487e-05  2.59131231e+00  4.12038487e-05 -2.59131908e-03  4.12038487e-05  5.00000000e+00 
 4.12334900e-05  2.59131231e+00  4.12334900e-05 -2.59130562e-03  4.12334900e-05  5.00000000e+00 
 4.12631314e-05  2.59131231e+00  4.12631314e-05 -2.59131905e-03  4.12631314e-05  5.00000000e+00 
 4.12927727e-05  2.59131231e+00  4.12927727e-05 -2.59130564e-03  4.12927727e-05  5.00000000e+00 
 4.13224140e-05  2.59131231e+00  4.13224140e-05 -2.59131903e-03  4.13224140e-05  5.00000000e+00 
 4.13520554e-05  2.59131231e+00  4.13520554e-05 -2.59130567e-03  4.13520554e-05  5.00000000e+00 
 4.13816967e-05  2.59131231e+00  4.13816967e-05 -2.59131900e-03  4.13816967e-05  5.00000000e+00 
 4.14113381e-05  2.59131231e+00  4.14113381e-05 -2.59130569e-03  4.14113381e-05  5.00000000e+00 
 4.14409794e-05  2.59131231e+00  4.14409794e-05 -2.59131898e-03  4.14409794e-05  5.00000000e+00 
 4.14706207e-05  2.59131231e+00  4.14706207e-05 -2.59130571e-03  4.14706207e-05  5.00000000e+00 
 4.15002621e-05  2.59131231e+00  4.15002621e-05 -2.59131896e-03  4.15002621e-05  5.00000000e+00 
 4.15299034e-05  2.59131231e+00  4.15299034e-05 -2.59130574e-03  4.15299034e-05  5.00000000e+00 
 4.15595447e-05  2.59131231e+00  4.15595447e-05 -2.59131893e-03  4.15595447e-05  5.00000000e+00 
 4.15891861e-05  2.59131231e+00  4.15891861e-05 -2.59130576e-03  4.15891861e-05  5.00000000e+00 
 4.16188274e-05  2.59131231e+00  4.16188274e-05 -2.59131891e-03  4.16188274e-05  5.00000000e+00 
 4.16484688e-05  2.59131231e+00  4.16484688e-05 -2.59130579e-03  4.16484688e-05  5.00000000e+00 
 4.16781101e-05  2.59131231e+00  4.16781101e-05 -2.59131888e-03  4.16781101e-05  5.00000000e+00 
 4.17077514e-05  2.59131231e+00  4.17077514e-05 -2.59130581e-03  4.17077514e-05  5.00000000e+00 
 4.17373928e-05  2.59131231e+00  4.17373928e-05 -2.59131886e-03  4.17373928e-05  5.00000000e+00 
 4.17670341e-05  2.59131231e+00  4.17670341e-05 -2.59130583e-03  4.17670341e-05  5.00000000e+00 
 4.17966754e-05  2.59131231e+00  4.17966754e-05 -2.59131884e-03  4.17966754e-05  5.00000000e+00 
 4.18263168e-05  2.59131231e+00  4.18263168e-05 -2.59130586e-03  4.18263168e-05  5.00000000e+00 
 4.18559581e-05  2.59131231e+00  4.18559581e-05 -2.59131881e-03  4.18559581e-05  5.00000000e+00 
 4.18855995e-05  2.59131231e+00  4.18855995e-05 -2.59130588e-03  4.18855995e-05  5.00000000e+00 
 4.19152408e-05  2.59131231e+00  4.19152408e-05 -2.59131879e-03  4.19152408e-05  5.00000000e+00 
 4.19448821e-05  2.59131231e+00  4.19448821e-05 -2.59130590e-03  4.19448821e-05  5.00000000e+00 
 4.19745235e-05  2.59131231e+00  4.19745235e-05 -2.59131877e-03  4.19745235e-05  5.00000000e+00 
 4.20041648e-05  2.59131231e+00  4.20041648e-05 -2.59130593e-03  4.20041648e-05  5.00000000e+00 
 4.20338061e-05  2.59131231e+00  4.20338061e-05 -2.59131874e-03  4.20338061e-05  5.00000000e+00 
 4.20634475e-05  2.59131231e+00  4.20634475e-05 -2.59130595e-03  4.20634475e-05  5.00000000e+00 
 4.20930888e-05  2.59131231e+00  4.20930888e-05 -2.59131872e-03  4.20930888e-05  5.00000000e+00 
 4.21227302e-05  2.59131231e+00  4.21227302e-05 -2.59130597e-03  4.21227302e-05  5.00000000e+00 
 4.21523715e-05  2.59131231e+00  4.21523715e-05 -2.59131870e-03  4.21523715e-05  5.00000000e+00 
 4.21820128e-05  2.59131231e+00  4.21820128e-05 -2.59130600e-03  4.21820128e-05  5.00000000e+00 
 4.22116542e-05  2.59131231e+00  4.22116542e-05 -2.59131867e-03  4.22116542e-05  5.00000000e+00 
 4.22412955e-05  2.59131231e+00  4.22412955e-05 -2.59130602e-03  4.22412955e-05  5.00000000e+00 
 4.22709368e-05  2.59131231e+00  4.22709368e-05 -2.59131865e-03  4.22709368e-05  5.00000000e+00 
 4.23005782e-05  2.59131231e+00  4.23005782e-05 -2.59130604e-03  4.23005782e-05  5.00000000e+00 
 4.23302195e-05  2.59131231e+00  4.23302195e-05 -2.59131863e-03  4.23302195e-05  5.00000000e+00 
 4.23598609e-05  2.59131231e+00  4.23598609e-05 -2.59130607e-03  4.23598609e-05  5.00000000e+00 
 4.23895022e-05  2.59131231e+00  4.23895022e-05 -2.59131861e-03  4.23895022e-05  5.00000000e+00 
 4.24191435e-05  2.59131231e+00  4.24191435e-05 -2.59130609e-03  4.24191435e-05  5.00000000e+00 
 4.24487849e-05  2.59131231e+00  4.24487849e-05 -2.59131858e-03  4.24487849e-05  5.00000000e+00 
 4.24784262e-05  2.59131231e+00  4.24784262e-05 -2.59130611e-03  4.24784262e-05  5.00000000e+00 
 4.25080675e-05  2.59131231e+00  4.25080675e-05 -2.59131856e-03  4.25080675e-05  5.00000000e+00 
 4.25377089e-05  2.59131231e+00  4.25377089e-05 -2.59130613e-03  4.25377089e-05  5.00000000e+00 
 4.25673502e-05  2.59131231e+00  4.25673502e-05 -2.59131854e-03  4.25673502e-05  5.00000000e+00 
 4.25969916e-05  2.59131231e+00  4.25969916e-05 -2.59130616e-03  4.25969916e-05  5.00000000e+00 
 4.26266329e-05  2.59131231e+00  4.26266329e-05 -2.59131852e-03  4.26266329e-05  5.00000000e+00 
 4.26562742e-05  2.59131231e+00  4.26562742e-05 -2.59130618e-03  4.26562742e-05  5.00000000e+00 
 4.26859156e-05  2.59131231e+00  4.26859156e-05 -2.59131849e-03  4.26859156e-05  5.00000000e+00 
 4.27155569e-05  2.59131231e+00  4.27155569e-05 -2.59130620e-03  4.27155569e-05  5.00000000e+00 
 4.27451983e-05  2.59131231e+00  4.27451983e-05 -2.59131847e-03  4.27451983e-05  5.00000000e+00 
 4.27748396e-05  2.59131231e+00  4.27748396e-05 -2.59130622e-03  4.27748396e-05  5.00000000e+00 
 4.28044809e-05  2.59131231e+00  4.28044809e-05 -2.59131845e-03  4.28044809e-05  5.00000000e+00 
 4.28341223e-05  2.59131231e+00  4.28341223e-05 -2.59130624e-03  4.28341223e-05  5.00000000e+00 
 4.28637636e-05  2.59131231e+00  4.28637636e-05 -2.59131843e-03  4.28637636e-05  5.00000000e+00 
 4.28934049e-05  2.59131231e+00  4.28934049e-05 -2.59130627e-03  4.28934049e-05  5.00000000e+00 
 4.29230463e-05  2.59131231e+00  4.29230463e-05 -2.59131840e-03  4.29230463e-05  5.00000000e+00 
 4.29526876e-05  2.59131231e+00  4.29526876e-05 -2.59130629e-03  4.29526876e-05  5.00000000e+00 
 4.29823290e-05  2.59131231e+00  4.29823290e-05 -2.59131838e-03  4.29823290e-05  5.00000000e+00 
 4.30119703e-05  2.59131231e+00  4.30119703e-05 -2.59130631e-03  4.30119703e-05  5.00000000e+00 
 4.30416116e-05  2.59131231e+00  4.30416116e-05 -2.59131836e-03  4.30416116e-05  5.00000000e+00 
 4.30712530e-05  2.59131231e+00  4.30712530e-05 -2.59130633e-03  4.30712530e-05  5.00000000e+00 
 4.31008943e-05  2.59131231e+00  4.31008943e-05 -2.59131834e-03  4.31008943e-05  5.00000000e+00 
 4.31305356e-05  2.59131231e+00  4.31305356e-05 -2.59130635e-03  4.31305356e-05  5.00000000e+00 
 4.31601770e-05  2.59131231e+00  4.31601770e-05 -2.59131832e-03  4.31601770e-05  5.00000000e+00 
 4.31898183e-05  2.59131231e+00  4.31898183e-05 -2.59130638e-03  4.31898183e-05  5.00000000e+00 
 4.32194597e-05  2.59131231e+00  4.32194597e-05 -2.59131830e-03  4.32194597e-05  5.00000000e+00 
 4.32491010e-05  2.59131231e+00  4.32491010e-05 -2.59130640e-03  4.32491010e-05  5.00000000e+00 
 4.32787423e-05  2.59131231e+00  4.32787423e-05 -2.59131827e-03  4.32787423e-05  5.00000000e+00 
 4.33083837e-05  2.59131231e+00  4.33083837e-05 -2.59130642e-03  4.33083837e-05  5.00000000e+00 
 4.33380250e-05  2.59131231e+00  4.33380250e-05 -2.59131825e-03  4.33380250e-05  5.00000000e+00 
 4.33676663e-05  2.59131231e+00  4.33676663e-05 -2.59130644e-03  4.33676663e-05  5.00000000e+00 
 4.33973077e-05  2.59131231e+00  4.33973077e-05 -2.59131823e-03  4.33973077e-05  5.00000000e+00 
 4.34269490e-05  2.59131231e+00  4.34269490e-05 -2.59130646e-03  4.34269490e-05  5.00000000e+00 
 4.34565904e-05  2.59131231e+00  4.34565904e-05 -2.59131821e-03  4.34565904e-05  5.00000000e+00 
 4.34862317e-05  2.59131231e+00  4.34862317e-05 -2.59130648e-03  4.34862317e-05  5.00000000e+00 
 4.35158730e-05  2.59131231e+00  4.35158730e-05 -2.59131819e-03  4.35158730e-05  5.00000000e+00 
 4.35455144e-05  2.59131231e+00  4.35455144e-05 -2.59130650e-03  4.35455144e-05  5.00000000e+00 
 4.35751557e-05  2.59131231e+00  4.35751557e-05 -2.59131817e-03  4.35751557e-05  5.00000000e+00 
 4.36047970e-05  2.59131231e+00  4.36047970e-05 -2.59130653e-03  4.36047970e-05  5.00000000e+00 
 4.36344384e-05  2.59131231e+00  4.36344384e-05 -2.59131815e-03  4.36344384e-05  5.00000000e+00 
 4.36640797e-05  2.59131231e+00  4.36640797e-05 -2.59130655e-03  4.36640797e-05  5.00000000e+00 
 4.36937211e-05  2.59131231e+00  4.36937211e-05 -2.59131813e-03  4.36937211e-05  5.00000000e+00 
 4.37233624e-05  2.59131231e+00  4.37233624e-05 -2.59130657e-03  4.37233624e-05  5.00000000e+00 
 4.37530037e-05  2.59131231e+00  4.37530037e-05 -2.59131810e-03  4.37530037e-05  5.00000000e+00 
 4.37826451e-05  2.59131231e+00  4.37826451e-05 -2.59130659e-03  4.37826451e-05  5.00000000e+00 
 4.38122864e-05  2.59131231e+00  4.38122864e-05 -2.59131808e-03  4.38122864e-05  5.00000000e+00 
 4.38419277e-05  2.59131231e+00  4.38419277e-05 -2.59130661e-03  4.38419277e-05  5.00000000e+00 
 4.38715691e-05  2.59131231e+00  4.38715691e-05 -2.59131806e-03  4.38715691e-05  5.00000000e+00 
 4.39012104e-05  2.59131231e+00  4.39012104e-05 -2.59130663e-03  4.39012104e-05  5.00000000e+00 
 4.39308518e-05  2.59131231e+00  4.39308518e-05 -2.59131804e-03  4.39308518e-05  5.00000000e+00 
 4.39604931e-05  2.59131231e+00  4.39604931e-05 -2.59130665e-03  4.39604931e-05  5.00000000e+00 
 4.39901344e-05  2.59131231e+00  4.39901344e-05 -2.59131802e-03  4.39901344e-05  5.00000000e+00 
 4.40197758e-05  2.59131231e+00  4.40197758e-05 -2.59130667e-03  4.40197758e-05  5.00000000e+00 
 4.40494171e-05  2.59131231e+00  4.40494171e-05 -2.59131800e-03  4.40494171e-05  5.00000000e+00 
 4.40790584e-05  2.59131231e+00  4.40790584e-05 -2.59130669e-03  4.40790584e-05  5.00000000e+00 
 4.41086998e-05  2.59131231e+00  4.41086998e-05 -2.59131798e-03  4.41086998e-05  5.00000000e+00 
 4.41383411e-05  2.59131231e+00  4.41383411e-05 -2.59130671e-03  4.41383411e-05  5.00000000e+00 
 4.41679825e-05  2.59131231e+00  4.41679825e-05 -2.59131796e-03  4.41679825e-05  5.00000000e+00 
 4.41976238e-05  2.59131231e+00  4.41976238e-05 -2.59130673e-03  4.41976238e-05  5.00000000e+00 
 4.42272651e-05  2.59131231e+00  4.42272651e-05 -2.59131794e-03  4.42272651e-05  5.00000000e+00 
 4.42569065e-05  2.59131231e+00  4.42569065e-05 -2.59130675e-03  4.42569065e-05  5.00000000e+00 
 4.42865478e-05  2.59131231e+00  4.42865478e-05 -2.59131792e-03  4.42865478e-05  5.00000000e+00 
 4.43161892e-05  2.59131231e+00  4.43161892e-05 -2.59130677e-03  4.43161892e-05  5.00000000e+00 
 4.43458305e-05  2.59131231e+00  4.43458305e-05 -2.59131790e-03  4.43458305e-05  5.00000000e+00 
 4.43754718e-05  2.59131231e+00  4.43754718e-05 -2.59130679e-03  4.43754718e-05  5.00000000e+00 
 4.44051132e-05  2.59131231e+00  4.44051132e-05 -2.59131788e-03  4.44051132e-05  5.00000000e+00 
 4.44347545e-05  2.59131231e+00  4.44347545e-05 -2.59130681e-03  4.44347545e-05  5.00000000e+00 
 4.44620066e-05  2.59131231e+00  4.44620066e-05 -2.59131786e-03  4.44620066e-05  5.00000000e+00 
 4.44649707e-05  2.58617982e+00  4.44649707e-05 -2.41412425e-03  4.44649707e-05  4.95000000e+00 
 4.44708990e-05  2.56594644e+00  4.44708990e-05 -2.05766863e-03  4.44708990e-05  4.85000000e+00 
 4.44827555e-05  2.48361235e+00  4.44827555e-05 -1.60457020e-03  4.44827555e-05  4.65000000e+00 
 4.44983939e-05  2.33425496e+00  4.44983939e-05 -1.30395414e-03  4.44983939e-05  4.38620667e+00 
 4.45213005e-05  2.09088963e+00  4.45213005e-05 -9.96894949e-04  4.45213005e-05  3.99981092e+00 
 4.45424933e-05  1.85966386e+00  4.45424933e-05 -7.71979198e-04  4.45424933e-05  3.64232366e+00 
 4.45721346e-05  1.53926427e+00  4.45721346e-05 -4.65565086e-04  4.45721346e-05  3.14232366e+00 
 4.46017760e-05  1.22911507e+00  4.46017760e-05 -2.10618625e-04  4.46017760e-05  2.64232366e+00 
 4.46314173e-05  9.44282093e-01  4.46314173e-05 -4.14878681e-05  4.46314173e-05  2.14232366e+00 
 4.46610586e-05  7.06059301e-01  4.46610586e-05 -1.86419170e-06  4.46610586e-05  1.64232366e+00 
 4.46867418e-05  5.45550913e-01  4.46867418e-05 -2.73745931e-07  4.46867418e-05  1.20909169e+00 
 4.47121890e-05  4.22387219e-01  4.47121890e-05 -2.26607121e-07  4.47121890e-05  7.79839144e-01 
 4.47353045e-05  3.34848978e-01  4.47353045e-05 -2.63061870e-07  4.47353045e-05  3.89919572e-01 
 4.47584200e-05  2.65442841e-01  4.47584200e-05 -2.26621292e-07  4.47584200e-05  4.08562073e-14 
 4.47613841e-05  2.57804305e-01  4.47613841e-05 -2.40200191e-11  4.47613841e-05  0.00000000e+00 
 4.47656295e-05  2.47091681e-01  4.47656295e-05 -2.40200287e-11  4.47656295e-05  0.00000000e+00 
 4.47682926e-05  2.40600549e-01  4.47682926e-05 -2.40200376e-11  4.47682926e-05  0.00000000e+00 
 4.47708651e-05  2.34492260e-01  4.47708651e-05 -2.40200474e-11  4.47708651e-05  0.00000000e+00 
 4.47739566e-05  2.27356354e-01  4.47739566e-05 -2.40200636e-11  4.47739566e-05  0.00000000e+00 
 4.47768266e-05  2.20926436e-01  4.47768266e-05 -2.40200817e-11  4.47768266e-05  0.00000000e+00 
 4.47794675e-05  2.15170439e-01  4.47794675e-05 -2.40201033e-11  4.47794675e-05  0.00000000e+00 
 4.47818568e-05  2.10092213e-01  4.47818568e-05 -2.40201258e-11  4.47818568e-05  0.00000000e+00 
 4.47840246e-05  2.05588624e-01  4.47840246e-05 -2.40201512e-11  4.47840246e-05  0.00000000e+00 
 4.47862100e-05  2.01146196e-01  4.47862100e-05 -2.40201800e-11  4.47862100e-05  0.00000000e+00 
 4.47881771e-05  1.97229725e-01  4.47881771e-05 -2.40202111e-11  4.47881771e-05  0.00000000e+00 
 4.47901093e-05  1.93456961e-01  4.47901093e-05 -2.40202448e-11  4.47901093e-05  0.00000000e+00 
 4.47921223e-05  1.89603035e-01  4.47921223e-05 -2.40202863e-11  4.47921223e-05  0.00000000e+00 
 4.47943447e-05  1.85437349e-01  4.47943447e-05 -2.40203376e-11  4.47943447e-05  0.00000000e+00 
 4.47969409e-05  1.80686869e-01  4.47969409e-05 -2.40204088e-11  4.47969409e-05  0.00000000e+00 
 4.48002626e-05  1.74785585e-01  4.48002626e-05 -2.40205170e-11  4.48002626e-05  0.00000000e+00 
 4.48048230e-05  1.66995683e-01  4.48048230e-05 -2.40207073e-11  4.48048230e-05  0.00000000e+00 
 4.48118578e-05  1.55651830e-01  4.48118578e-05 -2.40211127e-11  4.48118578e-05  0.00000000e+00 
 4.48239365e-05  1.37929113e-01  4.48239365e-05 -2.40222640e-11  4.48239365e-05  0.00000000e+00 
 4.48479805e-05  1.08335993e-01  4.48479805e-05 -2.40272164e-11  4.48479805e-05  0.00000000e+00 
 4.48776218e-05  8.03793053e-02  4.48776218e-05 -2.40412980e-11  4.48776218e-05  0.00000000e+00 
 4.49072632e-05  5.96369772e-02  4.49072632e-05 -2.40702477e-11  4.49072632e-05  0.00000000e+00 
 4.49369045e-05  4.42473374e-02  4.49369045e-05 -2.41161510e-11  4.49369045e-05  0.00000000e+00 
 4.49665459e-05  3.28290612e-02  4.49665459e-05 -2.41742046e-11  4.49665459e-05  0.00000000e+00 
 4.49961872e-05  2.43573510e-02  4.49961872e-05 -2.42389435e-11  4.49961872e-05  0.00000000e+00 
 4.50258285e-05  1.80717946e-02  4.50258285e-05 -2.43028877e-11  4.50258285e-05  0.00000000e+00 
 4.50554699e-05  1.34082779e-02  4.50554699e-05 -2.43626411e-11  4.50554699e-05  0.00000000e+00 
 4.50851112e-05  9.94818975e-03  4.50851112e-05 -2.44140337e-11  4.50851112e-05  0.00000000e+00 
 4.51147525e-05  7.38101381e-03  4.51147525e-05 -2.44578469e-11  4.51147525e-05  0.00000000e+00 
 4.51443939e-05  5.47629411e-03  4.51443939e-05 -2.44925453e-11  4.51443939e-05  0.00000000e+00 
 4.51740352e-05  4.06311540e-03  4.51740352e-05 -2.45209244e-11  4.51740352e-05  0.00000000e+00 
 4.52036766e-05  3.01459750e-03  4.52036766e-05 -2.45421450e-11  4.52036766e-05  0.00000000e+00 
 4.52333179e-05  2.23667315e-03  4.52333179e-05 -2.45593850e-11  4.52333179e-05  0.00000000e+00 
 4.52629592e-05  1.65947861e-03  4.52629592e-05 -2.45716028e-11  4.52629592e-05  0.00000000e+00 
 4.52926006e-05  1.23125018e-03  4.52926006e-05 -2.45817843e-11  4.52926006e-05  0.00000000e+00 
 4.53222419e-05  9.13510482e-04  4.53222419e-05 -2.45885117e-11  4.53222419e-05  0.00000000e+00 
 4.53518832e-05  6.77783273e-04  4.53518832e-05 -2.45945033e-11  4.53518832e-05  0.00000000e+00 
 4.53815246e-05  5.02868686e-04  4.53815246e-05 -2.45980367e-11  4.53815246e-05  0.00000000e+00 
 4.54111659e-05  3.73109899e-04  4.54111659e-05 -2.46016256e-11  4.54111659e-05  0.00000000e+00 
 4.54408073e-05  2.76817890e-04  4.54408073e-05 -2.46033472e-11  4.54408073e-05  0.00000000e+00 
 4.54704486e-05  2.05392803e-04  4.54704486e-05 -2.46055832e-11  4.54704486e-05  0.00000000e+00 
 4.55000899e-05  1.52381057e-04  4.55000899e-05 -2.46062911e-11  4.55000899e-05  0.00000000e+00 
 4.55297313e-05  1.13067628e-04  4.55297313e-05 -2.46077729e-11  4.55297313e-05  0.00000000e+00 
 4.55593726e-05  8.38808497e-05  4.55593726e-05 -2.46079182e-11  4.55593726e-05  0.00000000e+00 
 4.55890139e-05  6.22443226e-05  4.55890139e-05 -2.46089814e-11  4.55890139e-05  0.00000000e+00 
 4.56186553e-05  4.61727301e-05  4.56186553e-05 -2.46088160e-11  4.56186553e-05  0.00000000e+00 
 4.56482966e-05  3.42670349e-05  4.56482966e-05 -2.46096475e-11  4.56482966e-05  0.00000000e+00 
 4.56779380e-05  2.54150911e-05  4.56779380e-05 -2.46093111e-11  4.56779380e-05  0.00000000e+00 
 4.57075793e-05  1.88660606e-05  4.57075793e-05 -2.46100141e-11  4.57075793e-05  0.00000000e+00 
 4.57372206e-05  1.39883820e-05  4.57372206e-05 -2.46095842e-11  4.57372206e-05  0.00000000e+00 
 4.57668620e-05  1.03881155e-05  4.57668620e-05 -2.46102157e-11  4.57668620e-05  0.00000000e+00 
 4.57965033e-05  7.69817934e-06  4.57965033e-05 -2.46097350e-11  4.57965033e-05  0.00000000e+00 
 4.58261446e-05  5.72117038e-06  4.58261446e-05 -2.46103262e-11  4.58261446e-05  0.00000000e+00 
 4.58557860e-05  4.23553023e-06  4.58557860e-05 -2.46098185e-11  4.58557860e-05  0.00000000e+00 
 4.58854273e-05  3.15211009e-06  4.58854273e-05 -2.46103866e-11  4.58854273e-05  0.00000000e+00 
 4.59150687e-05  2.32939827e-06  4.59150687e-05 -2.46098649e-11  4.59150687e-05  0.00000000e+00 
 4.59447100e-05  1.73789618e-06  4.59447100e-05 -2.46104193e-11  4.59447100e-05  0.00000000e+00 
 4.59743513e-05  1.28010126e-06  4.59743513e-05 -2.46098910e-11  4.59743513e-05  0.00000000e+00 
 4.60039927e-05  9.59403261e-07  4.60039927e-05 -2.46104368e-11  4.60039927e-05  0.00000000e+00 
 4.60336340e-05  7.02476949e-07  4.60336340e-05 -2.46099060e-11  4.60336340e-05  0.00000000e+00 
 4.60632754e-05  5.30862319e-07  4.60632754e-05 -2.46104458e-11  4.60632754e-05  0.00000000e+00 
 4.60929167e-05  3.84500604e-07  4.60929167e-05 -2.46099148e-11  4.60929167e-05  0.00000000e+00 
 4.61225580e-05  2.94962744e-07  4.61225580e-05 -2.46104501e-11  4.61225580e-05  0.00000000e+00 
 4.61521994e-05  2.09456485e-07  4.61521994e-05 -2.46099204e-11  4.61521994e-05  0.00000000e+00 
 4.61818407e-05  1.65107929e-07  4.61818407e-05 -2.46104518e-11  4.61818407e-05  0.00000000e+00 
 4.62114820e-05  1.13094720e-07  4.62114820e-05 -2.46099241e-11  4.62114820e-05  0.00000000e+00 
 4.62411234e-05  9.36280277e-08  4.62411234e-05 -2.46104519e-11  4.62411234e-05  0.00000000e+00 
 4.62707647e-05  6.00469317e-08  4.62707647e-05 -2.46099270e-11  4.62707647e-05  0.00000000e+00 
 4.63004061e-05  5.42816623e-08  4.63004061e-05 -2.46104512e-11  4.63004061e-05  0.00000000e+00 
 4.63300474e-05  3.08434788e-08  4.63300474e-05 -2.46099293e-11  4.63300474e-05  0.00000000e+00 
 4.63596887e-05  3.26234345e-08  4.63596887e-05 -2.46104500e-11  4.63596887e-05  0.00000000e+00 
 4.63893301e-05  1.47666805e-08  4.63893301e-05 -2.46099315e-11  4.63893301e-05  0.00000000e+00 
 4.64189714e-05  2.07014170e-08  4.64189714e-05 -2.46104485e-11  4.64189714e-05  0.00000000e+00 
 4.64486127e-05  5.91665044e-09  4.64486127e-05 -2.46099336e-11  4.64486127e-05  0.00000000e+00 
 4.64782541e-05  1.41382195e-08  4.64782541e-05 -2.46104468e-11  4.64782541e-05  0.00000000e+00 
 4.65078954e-05  1.04560913e-09  4.65078954e-05 -2.46099356e-11  4.65078954e-05  0.00000000e+00 
 4.65375368e-05  1.05241689e-08  4.65375368e-05 -2.46104448e-11  4.65375368e-05  0.00000000e+00 
 4.65671781e-05 -1.63428666e-09  4.65671781e-05 -2.46099377e-11  4.65671781e-05  0.00000000e+00 
 4.65968194e-05  8.53278475e-09  4.65968194e-05 -2.46104428e-11  4.65968194e-05  0.00000000e+00 
 4.66264608e-05 -3.10721233e-09  4.66264608e-05 -2.46099399e-11  4.66264608e-05  0.00000000e+00 
 4.66561021e-05  7.43386434e-09  4.66561021e-05 -2.46104406e-11  4.66561021e-05  0.00000000e+00 
 4.66857434e-05 -3.91493917e-09  4.66857434e-05 -2.46099422e-11  4.66857434e-05  0.00000000e+00 
 4.67153848e-05  6.82544544e-09  4.67153848e-05 -2.46104383e-11  4.67153848e-05  0.00000000e+00 
 4.67450261e-05 -4.35570329e-09  4.67450261e-05 -2.46099445e-11  4.67450261e-05  0.00000000e+00 
 4.67746675e-05  6.48625626e-09  4.67746675e-05 -2.46104360e-11  4.67746675e-05  0.00000000e+00 
 4.68043088e-05 -4.59367946e-09  4.68043088e-05 -2.46099470e-11  4.68043088e-05  0.00000000e+00 
 4.68339501e-05  6.29449212e-09  4.68339501e-05 -2.46104335e-11  4.68339501e-05  0.00000000e+00 
 4.68635915e-05 -4.71924434e-09  4.68635915e-05 -2.46099495e-11  4.68635915e-05  0.00000000e+00 
 4.68932328e-05  6.18310336e-09  4.68932328e-05 -2.46104309e-11  4.68932328e-05  0.00000000e+00 
 4.69228741e-05 -4.78215036e-09  4.69228741e-05 -2.46099521e-11  4.69228741e-05  0.00000000e+00 
 4.69525155e-05  6.11518221e-09  4.69525155e-05 -2.46104283e-11  4.69525155e-05  0.00000000e+00 
 4.69821568e-05 -4.80978728e-09  4.69821568e-05 -2.46099548e-11  4.69821568e-05  0.00000000e+00 
 4.70117982e-05  6.07041372e-09  4.70117982e-05 -2.46104256e-11  4.70117982e-05  0.00000000e+00 
 4.70414395e-05 -4.81723488e-09  4.70414395e-05 -2.46099576e-11  4.70414395e-05  0.00000000e+00 
 4.70710808e-05  6.03761723e-09  4.70710808e-05 -2.46104227e-11  4.70710808e-05  0.00000000e+00 
 4.71007222e-05 -4.81279678e-09  4.71007222e-05 -2.46099605e-11  4.71007222e-05  0.00000000e+00 
 4.71303635e-05  6.01064056e-09  4.71303635e-05 -2.46104198e-11  4.71303635e-05  0.00000000e+00 
 4.71600048e-05 -4.80104665e-09  4.71600048e-05 -2.46099635e-11  4.71600048e-05  0.00000000e+00 
 4.71896462e-05  5.98609988e-09  4.71896462e-05 -2.46104168e-11  4.71896462e-05  0.00000000e+00 
 4.72192875e-05 -4.78450518e-09  4.72192875e-05 -2.46099666e-11  4.72192875e-05  0.00000000e+00 
 4.72489289e-05  5.96213554e-09  4.72489289e-05 -2.46104137e-11  4.72489289e-05  0.00000000e+00 
 4.72785702e-05 -4.76456316e-09  4.72785702e-05 -2.46099697e-11  4.72785702e-05  0.00000000e+00 
 4.73082115e-05  5.93772714e-09  4.73082115e-05 -2.46104105e-11  4.73082115e-05  0.00000000e+00 
 4.73378529e-05 -4.74198962e-09  4.73378529e-05 -2.46099730e-11  4.73378529e-05  0.00000000e+00 
 4.73674942e-05  5.91231652e-09  4.73674942e-05 -2.46104073e-11  4.73674942e-05  0.00000000e+00 
 4.73971355e-05 -4.71721157e-09  4.73971355e-05 -2.46099763e-11  4.73971355e-05  0.00000000e+00 
 4.74267769e-05  5.88560023e-09  4.74267769e-05 -2.46104039e-11  4.74267769e-05  0.00000000e+00 
 4.74564182e-05 -4.69046800e-09  4.74564182e-05 -2.46099797e-11  4.74564182e-05  0.00000000e+00 
 4.74860596e-05  5.85741525e-09  4.74860596e-05 -2.46104005e-11  4.74860596e-05  0.00000000e+00 
 4.75157009e-05 -4.66189461e-09  4.75157009e-05 -2.46099832e-11  4.75157009e-05  0.00000000e+00 
 4.75453422e-05  5.82767612e-09  4.75453422e-05 -2.46103970e-11  4.75453422e-05  0.00000000e+00 
 4.75749836e-05 -4.63157050e-09  4.75749836e-05 -2.46099867e-11  4.75749836e-05  0.00000000e+00 
 4.76046249e-05  5.79634030e-09  4.76046249e-05 -2.46103934e-11  4.76046249e-05  0.00000000e+00 
 4.76342663e-05 -4.59954384e-09  4.76342663e-05 -2.46099904e-11  4.76342663e-05  0.00000000e+00 
 4.76639076e-05  5.76338913e-09  4.76639076e-05 -2.46103898e-11  4.76639076e-05  0.00000000e+00 
 4.76935489e-05 -4.56584600e-09  4.76935489e-05 -2.46099941e-11  4.76935489e-05  0.00000000e+00 
 4.77231903e-05  5.72881730e-09  4.77231903e-05 -2.46103860e-11  4.77231903e-05  0.00000000e+00 
 4.77528316e-05 -4.53049935e-09  4.77528316e-05 -2.46099979e-11  4.77528316e-05  0.00000000e+00 
 4.77824729e-05  5.69262709e-09  4.77824729e-05 -2.46103822e-11  4.77824729e-05  0.00000000e+00 
 4.78121143e-05 -4.49352153e-09  4.78121143e-05 -2.46100018e-11  4.78121143e-05  0.00000000e+00 
 4.78417556e-05  5.65482523e-09  4.78417556e-05 -2.46103783e-11  4.78417556e-05  0.00000000e+00 
 4.78713970e-05 -4.45492779e-09  4.78713970e-05 -2.46100057e-11  4.78713970e-05  0.00000000e+00 
 4.79010383e-05  5.61542105e-09  4.79010383e-05 -2.46103744e-11  4.79010383e-05  0.00000000e+00 
 4.79306796e-05 -4.41473233e-09  4.79306796e-05 -2.46100098e-11  4.79306796e-05  0.00000000e+00 
 4.79603210e-05  5.57442560e-09  4.79603210e-05 -2.46103703e-11  4.79603210e-05  0.00000000e+00 
 4.79899623e-05 -4.37294895e-09  4.79899623e-05 -2.46100139e-11  4.79899623e-05  0.00000000e+00 
 4.80196036e-05  5.53185109e-09  4.80196036e-05 -2.46103662e-11  4.80196036e-05  0.00000000e+00 
 4.80492450e-05 -4.32959150e-09  4.80492450e-05 -2.46100181e-11  4.80492450e-05  0.00000000e+00 
 4.80788863e-05  5.48771058e-09  4.80788863e-05 -2.46103620e-11  4.80788863e-05  0.00000000e+00 
 4.81085277e-05 -4.28467404e-09  4.81085277e-05 -2.46100223e-11  4.81085277e-05  0.00000000e+00 
 4.81381690e-05  5.44201781e-09  4.81381690e-05 -2.46103578e-11  4.81381690e-05  0.00000000e+00 
 4.81678103e-05 -4.23821099e-09  4.81678103e-05 -2.46100266e-11  4.81678103e-05  0.00000000e+00 
 4.81974517e-05  5.39478714e-09  4.81974517e-05 -2.46103535e-11  4.81974517e-05  0.00000000e+00 
 4.82270930e-05 -4.19021718e-09  4.82270930e-05 -2.46100310e-11  4.82270930e-05  0.00000000e+00 
 4.82567343e-05  5.34603346e-09  4.82567343e-05 -2.46103491e-11  4.82567343e-05  0.00000000e+00 
 4.82863757e-05 -4.14070788e-09  4.82863757e-05 -2.46100354e-11  4.82863757e-05  0.00000000e+00 
 4.83160170e-05  5.29577219e-09  4.83160170e-05 -2.46103446e-11  4.83160170e-05  0.00000000e+00 
 4.83456584e-05 -4.08969881e-09  4.83456584e-05 -2.46100399e-11  4.83456584e-05  0.00000000e+00 
 4.83752997e-05  5.24401925e-09  4.83752997e-05 -2.46103401e-11  4.83752997e-05  0.00000000e+00 
 4.84049410e-05 -4.03720616e-09  4.84049410e-05 -2.46100445e-11  4.84049410e-05  0.00000000e+00 
 4.84345824e-05  5.19079103e-09  4.84345824e-05 -2.46103356e-11  4.84345824e-05  0.00000000e+00 
 4.84642237e-05 -3.98324657e-09  4.84642237e-05 -2.46100491e-11  4.84642237e-05  0.00000000e+00 
 4.84938650e-05  5.13610438e-09  4.84938650e-05 -2.46103310e-11  4.84938650e-05  0.00000000e+00 
 4.85235064e-05 -3.92783717e-09  4.85235064e-05 -2.46100538e-11  4.85235064e-05  0.00000000e+00 
 4.85531477e-05  5.07997666e-09  4.85531477e-05 -2.46103263e-11  4.85531477e-05  0.00000000e+00 
 4.85827891e-05 -3.87099551e-09  4.85827891e-05 -2.46100586e-11  4.85827891e-05  0.00000000e+00 
 4.86124304e-05  5.02242564e-09  4.86124304e-05 -2.46103215e-11  4.86124304e-05  0.00000000e+00 
 4.86420717e-05 -3.81273962e-09  4.86420717e-05 -2.46100634e-11  4.86420717e-05  0.00000000e+00 
 4.86717131e-05  4.96346957e-09  4.86717131e-05 -2.46103167e-11  4.86717131e-05  0.00000000e+00 
 4.87013544e-05 -3.75308797e-09  4.87013544e-05 -2.46100683e-11  4.87013544e-05  0.00000000e+00 
 4.87309957e-05  4.90312714e-09  4.87309957e-05 -2.46103119e-11  4.87309957e-05  0.00000000e+00 
 4.87606371e-05 -3.69205946e-09  4.87606371e-05 -2.46100732e-11  4.87606371e-05  0.00000000e+00 
 4.87902784e-05  4.84141747e-09  4.87902784e-05 -2.46103070e-11  4.87902784e-05  0.00000000e+00 
 4.88199198e-05 -3.62967345e-09  4.88199198e-05 -2.46100781e-11  4.88199198e-05  0.00000000e+00 
 4.88495611e-05  4.77836014e-09  4.88495611e-05 -2.46103020e-11  4.88495611e-05  0.00000000e+00 
 4.88792024e-05 -3.56594971e-09  4.88792024e-05 -2.46100832e-11  4.88792024e-05  0.00000000e+00 
 4.89088438e-05  4.71397513e-09  4.89088438e-05 -2.46102970e-11  4.89088438e-05  0.00000000e+00 
 4.89384851e-05 -3.50090844e-09  4.89384851e-05 -2.46100882e-11  4.89384851e-05  0.00000000e+00 
 4.89681264e-05  4.64828284e-09  4.89681264e-05 -2.46102920e-11  4.89681264e-05  0.00000000e+00 
 4.89977678e-05 -3.43457026e-09  4.89977678e-05 -2.46100934e-11  4.89977678e-05  0.00000000e+00 
 4.90274091e-05  4.58130411e-09  4.90274091e-05 -2.46102869e-11  4.90274091e-05  0.00000000e+00 
 4.90570505e-05 -3.36695620e-09  4.90570505e-05 -2.46100985e-11  4.90570505e-05  0.00000000e+00 
 4.90866918e-05  4.51306017e-09  4.90866918e-05 -2.46102817e-11  4.90866918e-05  0.00000000e+00 
 4.91163331e-05 -3.29808769e-09  4.91163331e-05 -2.46101037e-11  4.91163331e-05  0.00000000e+00 
 4.91459745e-05  4.44357264e-09  4.91459745e-05 -2.46102765e-11  4.91459745e-05  0.00000000e+00 
 4.91756158e-05 -3.22798657e-09  4.91756158e-05 -2.46101090e-11  4.91756158e-05  0.00000000e+00 
 4.92052572e-05  4.37286357e-09  4.92052572e-05 -2.46102713e-11  4.92052572e-05  0.00000000e+00 
 4.92348985e-05 -3.15667506e-09  4.92348985e-05 -2.46101143e-11  4.92348985e-05  0.00000000e+00 
 4.92645398e-05  4.30095536e-09  4.92645398e-05 -2.46102660e-11  4.92645398e-05  0.00000000e+00 
 4.92941812e-05 -3.08417577e-09  4.92941812e-05 -2.46101196e-11  4.92941812e-05  0.00000000e+00 
 4.93238225e-05  4.22787081e-09  4.93238225e-05 -2.46102607e-11  4.93238225e-05  0.00000000e+00 
 4.93534638e-05 -3.01051167e-09  4.93534638e-05 -2.46101250e-11  4.93534638e-05  0.00000000e+00 
 4.93831052e-05  4.15363309e-09  4.93831052e-05 -2.46102554e-11  4.93831052e-05  0.00000000e+00 
 4.94127465e-05 -2.93570612e-09  4.94127465e-05 -2.46101304e-11  4.94127465e-05  0.00000000e+00 
 4.94423879e-05  4.07826573e-09  4.94423879e-05 -2.46102500e-11  4.94423879e-05  0.00000000e+00 
 4.94720292e-05 -2.85978284e-09  4.94720292e-05 -2.46101358e-11  4.94720292e-05  0.00000000e+00 
 4.95016705e-05  4.00179262e-09  4.95016705e-05 -2.46102446e-11  4.95016705e-05  0.00000000e+00 
 4.95313119e-05 -2.78276589e-09  4.95313119e-05 -2.46101413e-11  4.95313119e-05  0.00000000e+00 
 4.95609532e-05  3.92423801e-09  4.95609532e-05 -2.46102391e-11  4.95609532e-05  0.00000000e+00 
 4.95905945e-05 -2.70467968e-09  4.95905945e-05 -2.46101468e-11  4.95905945e-05  0.00000000e+00 
 4.96202359e-05  3.84562649e-09  4.96202359e-05 -2.46102337e-11  4.96202359e-05  0.00000000e+00 
 4.96498772e-05 -2.62554898e-09  4.96498772e-05 -2.46101523e-11  4.96498772e-05  0.00000000e+00 
 4.96795186e-05  3.76598296e-09  4.96795186e-05 -2.46102282e-11  4.96795186e-05  0.00000000e+00 
 4.97091599e-05 -2.54539886e-09  4.97091599e-05 -2.46101579e-11  4.97091599e-05  0.00000000e+00 
 4.97388012e-05  3.68533269e-09  4.97388012e-05 -2.46102226e-11  4.97388012e-05  0.00000000e+00 
 4.97684426e-05 -2.46425474e-09  4.97684426e-05 -2.46101634e-11  4.97684426e-05  0.00000000e+00 
 4.97980839e-05  3.60370123e-09  4.97980839e-05 -2.46102171e-11  4.97980839e-05  0.00000000e+00 
 4.98277252e-05 -2.38214234e-09  4.98277252e-05 -2.46101690e-11  4.98277252e-05  0.00000000e+00 
 4.98573666e-05  3.52111447e-09  4.98573666e-05 -2.46102115e-11  4.98573666e-05  0.00000000e+00 
 4.98870079e-05 -2.29908768e-09  4.98870079e-05 -2.46101747e-11  4.98870079e-05  0.00000000e+00 
 4.99166493e-05  3.43759858e-09  4.99166493e-05 -2.46102059e-11  4.99166493e-05  0.00000000e+00 
 4.99462906e-05 -2.21511710e-09  4.99462906e-05 -2.46101803e-11  4.99462906e-05  0.00000000e+00 
 4.99759319e-05  3.35318005e-09  4.99759319e-05 -2.46102003e-11  4.99759319e-05  0.00000000e+00 
 5.00055733e-05 -2.13025722e-09  5.00055733e-05 -2.46101860e-11  5.00055733e-05  0.00000000e+00 
 5.00352146e-05  3.26788562e-09  5.00352146e-05 -2.46101947e-11  5.00352146e-05  0.00000000e+00 
 5.00648559e-05 -2.04453494e-09  5.00648559e-05 -2.46101917e-11  5.00648559e-05  0.00000000e+00 
 5.00944973e-05  3.18174235e-09  5.00944973e-05 -2.46101890e-11  5.00944973e-05  0.00000000e+00 
 5.01241386e-05 -1.95797742e-09  5.01241386e-05 -2.46101973e-11  5.01241386e-05  0.00000000e+00 
 5.01537800e-05  3.09477753e-09  5.01537800e-05 -2.46101833e-11  5.01537800e-05  0.00000000e+00 
 5.01834213e-05 -1.87061212e-09  5.01834213e-05 -2.46102031e-11  5.01834213e-05  0.00000000e+00 
 5.02130626e-05  3.00701874e-09  5.02130626e-05 -2.46101777e-11  5.02130626e-05  0.00000000e+00 
 5.02427040e-05 -1.78246673e-09  5.02427040e-05 -2.46102088e-11  5.02427040e-05  0.00000000e+00 
 5.02723453e-05  2.91849380e-09  5.02723453e-05 -2.46101720e-11  5.02723453e-05  0.00000000e+00 
 5.03019866e-05 -1.69356919e-09  5.03019866e-05 -2.46102145e-11  5.03019866e-05  0.00000000e+00 
 5.03316280e-05  2.82923077e-09  5.03316280e-05 -2.46101663e-11  5.03316280e-05  0.00000000e+00 
 5.03612693e-05 -1.60394768e-09  5.03612693e-05 -2.46102202e-11  5.03612693e-05  0.00000000e+00 
 5.03909107e-05  2.73925795e-09  5.03909107e-05 -2.46101606e-11  5.03909107e-05  0.00000000e+00 
 5.04205520e-05 -1.51363061e-09  5.04205520e-05 -2.46102260e-11  5.04205520e-05  0.00000000e+00 
 5.04501933e-05  2.64860385e-09  5.04501933e-05 -2.46101549e-11  5.04501933e-05  0.00000000e+00 
 5.04798347e-05 -1.42264661e-09  5.04798347e-05 -2.46102317e-11  5.04798347e-05  0.00000000e+00 
 5.05094760e-05  2.55729723e-09  5.05094760e-05 -2.46101491e-11  5.05094760e-05  0.00000000e+00 
 5.05391173e-05 -1.33102454e-09  5.05391173e-05 -2.46102374e-11  5.05391173e-05  0.00000000e+00 
 5.05687587e-05  2.46536701e-09  5.05687587e-05 -2.46101434e-11  5.05687587e-05  0.00000000e+00 
 5.05984000e-05 -1.23879342e-09  5.05984000e-05 -2.46102432e-11  5.05984000e-05  0.00000000e+00 
 5.06280414e-05  2.37284236e-09  5.06280414e-05 -2.46101377e-11  5.06280414e-05  0.00000000e+00 
 5.06576827e-05 -1.14598250e-09  5.06576827e-05 -2.46102489e-11  5.06576827e-05  0.00000000e+00 
 5.06873240e-05  2.27975258e-09  5.06873240e-05 -2.46101320e-11  5.06873240e-05  0.00000000e+00 
 5.07169654e-05 -1.05262120e-09  5.07169654e-05 -2.46102546e-11  5.07169654e-05  0.00000000e+00 
 5.07466067e-05  2.18612721e-09  5.07466067e-05 -2.46101263e-11  5.07466067e-05  0.00000000e+00 
 5.07762481e-05 -9.58739114e-10  5.07762481e-05 -2.46102604e-11  5.07762481e-05  0.00000000e+00 
 5.08058894e-05  2.09199591e-09  5.08058894e-05 -2.46101206e-11  5.08058894e-05  0.00000000e+00 
 5.08355307e-05 -8.64366010e-10  5.08355307e-05 -2.46102661e-11  5.08355307e-05  0.00000000e+00 
 5.08651721e-05  1.99738852e-09  5.08651721e-05 -2.46101149e-11  5.08651721e-05  0.00000000e+00 
 5.08948134e-05 -7.69531800e-10  5.08948134e-05 -2.46102718e-11  5.08948134e-05  0.00000000e+00 
 5.09244547e-05  1.90233505e-09  5.09244547e-05 -2.46101092e-11  5.09244547e-05  0.00000000e+00 
 5.09540961e-05 -6.74266549e-10  5.09540961e-05 -2.46102775e-11  5.09540961e-05  0.00000000e+00 
 5.09837374e-05  1.80686561e-09  5.09837374e-05 -2.46101035e-11  5.09837374e-05  0.00000000e+00 
 5.10133788e-05 -5.78600457e-10  5.10133788e-05 -2.46102832e-11  5.10133788e-05  0.00000000e+00 
 5.10430201e-05  1.71101048e-09  5.10430201e-05 -2.46100979e-11  5.10430201e-05  0.00000000e+00 
 5.10726614e-05 -4.82563850e-10  5.10726614e-05 -2.46102889e-11  5.10726614e-05  0.00000000e+00 
 5.11023028e-05  1.61480004e-09  5.11023028e-05 -2.46100922e-11  5.11023028e-05  0.00000000e+00 
 5.11319441e-05 -3.86187173e-10  5.11319441e-05 -2.46102945e-11  5.11319441e-05  0.00000000e+00 
 5.11615854e-05  1.51826479e-09  5.11615854e-05 -2.46100866e-11  5.11615854e-05  0.00000000e+00 
 5.11912268e-05 -2.89500977e-10  5.11912268e-05 -2.46103002e-11  5.11912268e-05  0.00000000e+00 
 5.12208681e-05  1.42143534e-09  5.12208681e-05 -2.46100810e-11  5.12208681e-05  0.00000000e+00 
 5.12505095e-05 -1.92535913e-10  5.12505095e-05 -2.46103058e-11  5.12505095e-05  0.00000000e+00 
 5.12801508e-05  1.32434238e-09  5.12801508e-05 -2.46100754e-11  5.12801508e-05  0.00000000e+00 
 5.13097921e-05 -9.53227210e-11  5.13097921e-05 -2.46103114e-11  5.13097921e-05  0.00000000e+00 
 5.13394335e-05  1.22701668e-09  5.13394335e-05 -2.46100698e-11  5.13394335e-05  0.00000000e+00 
 5.13690748e-05  2.10778314e-12  5.13690748e-05 -2.46103170e-11  5.13690748e-05  0.00000000e+00 
 5.13987161e-05  1.12948910e-09  5.13987161e-05 -2.46100642e-11  5.13987161e-05  0.00000000e+00 
 5.14283575e-05  9.97247162e-11  5.14283575e-05 -2.46103225e-11  5.14283575e-05  0.00000000e+00 
 5.14579988e-05  1.03179057e-09  5.14579988e-05 -2.46100587e-11  5.14579988e-05  0.00000000e+00 
 5.14876402e-05  1.97497130e-10  5.14876402e-05 -2.46103280e-11  5.14876402e-05  0.00000000e+00 
 5.15172815e-05  9.33952045e-10  5.15172815e-05 -2.46100532e-11  5.15172815e-05  0.00000000e+00 
 5.15469228e-05  2.95394027e-10  5.15469228e-05 -2.46103335e-11  5.15469228e-05  0.00000000e+00 
 5.15765642e-05  8.36004544e-10  5.15765642e-05 -2.46100478e-11  5.15765642e-05  0.00000000e+00 
 5.16062055e-05  3.93384378e-10  5.16062055e-05 -2.46103390e-11  5.16062055e-05  0.00000000e+00 
 5.16358468e-05  7.37979119e-10  5.16358468e-05 -2.46100423e-11  5.16358468e-05  0.00000000e+00 
 5.16616036e-05  4.98832755e-10  5.16616036e-05 -2.46103448e-11  5.16616036e-05  0.00000000e+00 
 5.16876546e-05  6.25751373e-10  5.16876546e-05 -2.46100361e-11  5.16876546e-05  0.00000000e+00 
 5.17113548e-05  6.15971134e-10  5.17113548e-05 -2.46103513e-11  5.17113548e-05  0.00000000e+00 
 5.17340546e-05  5.00374509e-10  5.17340546e-05 -2.46100293e-11  5.17340546e-05  0.00000000e+00 
 5.17555373e-05  7.47662225e-10  5.17555373e-05 -2.46103584e-11  5.17555373e-05  0.00000000e+00 
 5.17757007e-05  3.60669051e-10  5.17757007e-05 -2.46100217e-11  5.17757007e-05  0.00000000e+00 
 5.17956655e-05  8.92444912e-10  5.17956655e-05 -2.46103662e-11  5.17956655e-05  0.00000000e+00 
 5.18170051e-05  2.19942650e-10  5.18170051e-05 -2.46100141e-11  5.18170051e-05  0.00000000e+00 
 5.18404790e-05  1.02220695e-09  5.18404790e-05 -2.46103732e-11  5.18404790e-05  0.00000000e+00 
 5.18679197e-05  1.05383154e-10  5.18679197e-05 -2.46100080e-11  5.18679197e-05  0.00000000e+00 
 5.18975610e-05  1.12383539e-09  5.18975610e-05 -2.46103785e-11  5.18975610e-05  0.00000000e+00 
 5.19272023e-05  7.75638173e-12  5.19272023e-05 -2.46100029e-11  5.19272023e-05  0.00000000e+00 
 5.19568437e-05  1.22137370e-09  5.19568437e-05 -2.46103837e-11  5.19568437e-05  0.00000000e+00 
 5.19864850e-05 -8.96857541e-11  5.19864850e-05 -2.46099977e-11  5.19864850e-05  0.00000000e+00 
 5.20161264e-05  1.31871193e-09  5.20161264e-05 -2.46103888e-11  5.20161264e-05  0.00000000e+00 
 5.20457677e-05 -1.86912362e-10  5.20457677e-05 -2.46099927e-11  5.20457677e-05  0.00000000e+00 
 5.20754090e-05  1.41581921e-09  5.20754090e-05 -2.46103938e-11  5.20754090e-05  0.00000000e+00 
 5.21050504e-05 -2.83892620e-10  5.21050504e-05 -2.46099877e-11  5.21050504e-05  0.00000000e+00 
 5.21346917e-05  1.51266475e-09  5.21346917e-05 -2.46103988e-11  5.21346917e-05  0.00000000e+00 
 5.21643330e-05 -3.80595789e-10  5.21643330e-05 -2.46099827e-11  5.21643330e-05  0.00000000e+00 
 5.21939744e-05  1.60921787e-09  5.21939744e-05 -2.46104037e-11  5.21939744e-05  0.00000000e+00 
 5.22236157e-05 -4.76991211e-10  5.22236157e-05 -2.46099778e-11  5.22236157e-05  0.00000000e+00 
 5.22532571e-05  1.70544794e-09  5.22532571e-05 -2.46104086e-11  5.22532571e-05  0.00000000e+00 
 5.22828984e-05 -5.73048328e-10  5.22828984e-05 -2.46099729e-11  5.22828984e-05  0.00000000e+00 
 5.23125397e-05  1.80132447e-09  5.23125397e-05 -2.46104134e-11  5.23125397e-05  0.00000000e+00 
 5.23421811e-05 -6.68736688e-10  5.23421811e-05 -2.46099681e-11  5.23421811e-05  0.00000000e+00 
 5.23718224e-05  1.89681706e-09  5.23718224e-05 -2.46104182e-11  5.23718224e-05  0.00000000e+00 
 5.24014637e-05 -7.64025959e-10  5.24014637e-05 -2.46099633e-11  5.24014637e-05  0.00000000e+00 
 5.24311051e-05  1.99189543e-09  5.24311051e-05 -2.46104229e-11  5.24311051e-05  0.00000000e+00 
 5.24607464e-05 -8.58885936e-10  5.24607464e-05 -2.46099586e-11  5.24607464e-05  0.00000000e+00 
 5.24903878e-05  2.08652946e-09  5.24903878e-05 -2.46104276e-11  5.24903878e-05  0.00000000e+00 
 5.25200291e-05 -9.53286541e-10  5.25200291e-05 -2.46099540e-11  5.25200291e-05  0.00000000e+00 
 5.25496704e-05  2.18068913e-09  5.25496704e-05 -2.46104321e-11  5.25496704e-05  0.00000000e+00 
 5.25793118e-05 -1.04719785e-09  5.25793118e-05 -2.46099494e-11  5.25793118e-05  0.00000000e+00 
 5.26089531e-05  2.27434460e-09  5.26089531e-05 -2.46104367e-11  5.26089531e-05  0.00000000e+00 
 5.26385944e-05 -1.14059010e-09  5.26385944e-05 -2.46099449e-11  5.26385944e-05  0.00000000e+00 
 5.26682358e-05  2.36746618e-09  5.26682358e-05 -2.46104411e-11  5.26682358e-05  0.00000000e+00 
 5.26978771e-05 -1.23343367e-09  5.26978771e-05 -2.46099404e-11  5.26978771e-05  0.00000000e+00 
 5.27275185e-05  2.46002435e-09  5.27275185e-05 -2.46104455e-11  5.27275185e-05  0.00000000e+00 
 5.27571598e-05 -1.32569914e-09  5.27571598e-05 -2.46099360e-11  5.27571598e-05  0.00000000e+00 
 5.27868011e-05  2.55198977e-09  5.27868011e-05 -2.46104499e-11  5.27868011e-05  0.00000000e+00 
 5.28164425e-05 -1.41735726e-09  5.28164425e-05 -2.46099317e-11  5.28164425e-05  0.00000000e+00 
 5.28460838e-05  2.64333328e-09  5.28460838e-05 -2.46104541e-11  5.28460838e-05  0.00000000e+00 
 5.28757252e-05 -1.50837898e-09  5.28757252e-05 -2.46099274e-11  5.28757252e-05  0.00000000e+00 
 5.29053665e-05  2.73402593e-09  5.29053665e-05 -2.46104583e-11  5.29053665e-05  0.00000000e+00 
 5.29350078e-05 -1.59873543e-09  5.29350078e-05 -2.46099233e-11  5.29350078e-05  0.00000000e+00 
 5.29646492e-05  2.82403897e-09  5.29646492e-05 -2.46104625e-11  5.29646492e-05  0.00000000e+00 
 5.29942905e-05 -1.68839797e-09  5.29942905e-05 -2.46099191e-11  5.29942905e-05  0.00000000e+00 
 5.30239318e-05  2.91334385e-09  5.30239318e-05 -2.46104665e-11  5.30239318e-05  0.00000000e+00 
 5.30535732e-05 -1.77733818e-09  5.30535732e-05 -2.46099151e-11  5.30535732e-05  0.00000000e+00 
 5.30832145e-05  3.00191228e-09  5.30832145e-05 -2.46104705e-11  5.30832145e-05  0.00000000e+00 
 5.31128559e-05 -1.86552787e-09  5.31128559e-05 -2.46099111e-11  5.31128559e-05  0.00000000e+00 
 5.31424972e-05  3.08971618e-09  5.31424972e-05 -2.46104744e-11  5.31424972e-05  0.00000000e+00 
 5.31721385e-05 -1.95293907e-09  5.31721385e-05 -2.46099072e-11  5.31721385e-05  0.00000000e+00 
 5.32017799e-05  3.17672770e-09  5.32017799e-05 -2.46104783e-11  5.32017799e-05  0.00000000e+00 
 5.32314212e-05 -2.03954408e-09  5.32314212e-05 -2.46099034e-11  5.32314212e-05  0.00000000e+00 
 5.32610625e-05  3.26291928e-09  5.32610625e-05 -2.46104820e-11  5.32610625e-05  0.00000000e+00 
 5.32907039e-05 -2.12531545e-09  5.32907039e-05 -2.46098996e-11  5.32907039e-05  0.00000000e+00 
 5.33203452e-05  3.34826357e-09  5.33203452e-05 -2.46104857e-11  5.33203452e-05  0.00000000e+00 
 5.33499866e-05 -2.21022598e-09  5.33499866e-05 -2.46098959e-11  5.33499866e-05  0.00000000e+00 
 5.33796279e-05  3.43273354e-09  5.33796279e-05 -2.46104893e-11  5.33796279e-05  0.00000000e+00 
 5.34092692e-05 -2.29424876e-09  5.34092692e-05 -2.46098924e-11  5.34092692e-05  0.00000000e+00 
 5.34389106e-05  3.51630240e-09  5.34389106e-05 -2.46104928e-11  5.34389106e-05  0.00000000e+00 
 5.34685519e-05 -2.37735715e-09  5.34685519e-05 -2.46098888e-11  5.34685519e-05  0.00000000e+00 
 5.34981932e-05  3.59894365e-09  5.34981932e-05 -2.46104962e-11  5.34981932e-05  0.00000000e+00 
 5.35278346e-05 -2.45952480e-09  5.35278346e-05 -2.46098854e-11  5.35278346e-05  0.00000000e+00 
 5.35574759e-05  3.68063111e-09  5.35574759e-05 -2.46104996e-11  5.35574759e-05  0.00000000e+00 
 5.35871173e-05 -2.54072567e-09  5.35871173e-05 -2.46098820e-11  5.35871173e-05  0.00000000e+00 
 5.36167586e-05  3.76133887e-09  5.36167586e-05 -2.46105029e-11  5.36167586e-05  0.00000000e+00 
 5.36463999e-05 -2.62093401e-09  5.36463999e-05 -2.46098788e-11  5.36463999e-05  0.00000000e+00 
 5.36760413e-05  3.84104136e-09  5.36760413e-05 -2.46105061e-11  5.36760413e-05  0.00000000e+00 
 5.37056826e-05 -2.70012440e-09  5.37056826e-05 -2.46098756e-11  5.37056826e-05  0.00000000e+00 
 5.37353239e-05  3.91971330e-09  5.37353239e-05 -2.46105092e-11  5.37353239e-05  0.00000000e+00 
 5.37649653e-05 -2.77827174e-09  5.37649653e-05 -2.46098725e-11  5.37649653e-05  0.00000000e+00 
 5.37946066e-05  3.99732976e-09  5.37946066e-05 -2.46105122e-11  5.37946066e-05  0.00000000e+00 
 5.38242480e-05 -2.85535124e-09  5.38242480e-05 -2.46098695e-11  5.38242480e-05  0.00000000e+00 
 5.38538893e-05  4.07386613e-09  5.38538893e-05 -2.46105151e-11  5.38538893e-05  0.00000000e+00 
 5.38835306e-05 -2.93133848e-09  5.38835306e-05 -2.46098666e-11  5.38835306e-05  0.00000000e+00 
 5.39131720e-05  4.14929814e-09  5.39131720e-05 -2.46105180e-11  5.39131720e-05  0.00000000e+00 
 5.39428133e-05 -3.00620937e-09  5.39428133e-05 -2.46098637e-11  5.39428133e-05  0.00000000e+00 
 5.39724546e-05  4.22360189e-09  5.39724546e-05 -2.46105207e-11  5.39724546e-05  0.00000000e+00 
 5.40020960e-05 -3.07994018e-09  5.40020960e-05 -2.46098610e-11  5.40020960e-05  0.00000000e+00 
 5.40317373e-05  4.29675382e-09  5.40317373e-05 -2.46105234e-11  5.40317373e-05  0.00000000e+00 
 5.40613787e-05 -3.15250752e-09  5.40613787e-05 -2.46098583e-11  5.40613787e-05  0.00000000e+00 
 5.40910200e-05  4.36873074e-09  5.40910200e-05 -2.46105259e-11  5.40910200e-05  0.00000000e+00 
 5.41206613e-05 -3.22388840e-09  5.41206613e-05 -2.46098557e-11  5.41206613e-05  0.00000000e+00 
 5.41503027e-05  4.43950984e-09  5.41503027e-05 -2.46105284e-11  5.41503027e-05  0.00000000e+00 
 5.41799440e-05 -3.29406019e-09  5.41799440e-05 -2.46098533e-11  5.41799440e-05  0.00000000e+00 
 5.42095853e-05  4.50906867e-09  5.42095853e-05 -2.46105308e-11  5.42095853e-05  0.00000000e+00 
 5.42392267e-05 -3.36300064e-09  5.42392267e-05 -2.46098509e-11  5.42392267e-05  0.00000000e+00 
 5.42688680e-05  4.57738518e-09  5.42688680e-05 -2.46105331e-11  5.42688680e-05  0.00000000e+00 
 5.42985094e-05 -3.43068789e-09  5.42985094e-05 -2.46098486e-11  5.42985094e-05  0.00000000e+00 
 5.43281507e-05  4.64443773e-09  5.43281507e-05 -2.46105353e-11  5.43281507e-05  0.00000000e+00 
 5.43577920e-05 -3.49710050e-09  5.43577920e-05 -2.46098464e-11  5.43577920e-05  0.00000000e+00 
 5.43874334e-05  4.71020505e-09  5.43874334e-05 -2.46105374e-11  5.43874334e-05  0.00000000e+00 
 5.44170747e-05 -3.56221740e-09  5.44170747e-05 -2.46098443e-11  5.44170747e-05  0.00000000e+00 
 5.44467161e-05  4.77466629e-09  5.44467161e-05 -2.46105394e-11  5.44467161e-05  0.00000000e+00 
 5.44763574e-05 -3.62601796e-09  5.44763574e-05 -2.46098423e-11  5.44763574e-05  0.00000000e+00 
 5.45059987e-05  4.83780102e-09  5.45059987e-05 -2.46105414e-11  5.45059987e-05  0.00000000e+00 
 5.45356401e-05 -3.68848195e-09  5.45356401e-05 -2.46098404e-11  5.45356401e-05  0.00000000e+00 
 5.45652814e-05  4.89958922e-09  5.45652814e-05 -2.46105432e-11  5.45652814e-05  0.00000000e+00 
 5.45949227e-05 -3.74958956e-09  5.45949227e-05 -2.46098386e-11  5.45949227e-05  0.00000000e+00 
 5.46245641e-05  4.96001132e-09  5.46245641e-05 -2.46105449e-11  5.46245641e-05  0.00000000e+00 
 5.46542054e-05 -3.80932143e-09  5.46542054e-05 -2.46098368e-11  5.46542054e-05  0.00000000e+00 
 5.46838468e-05  5.01904814e-09  5.46838468e-05 -2.46105465e-11  5.46838468e-05  0.00000000e+00 
 5.47134881e-05 -3.86765862e-09  5.47134881e-05 -2.46098352e-11  5.47134881e-05  0.00000000e+00 
 5.47431294e-05  5.07668099e-09  5.47431294e-05 -2.46105481e-11  5.47431294e-05  0.00000000e+00 
 5.47727708e-05 -3.92458264e-09  5.47727708e-05 -2.46098337e-11  5.47727708e-05  0.00000000e+00 
 5.48024121e-05  5.13289158e-09  5.48024121e-05 -2.46105495e-11  5.48024121e-05  0.00000000e+00 
 5.48320534e-05 -3.98007543e-09  5.48320534e-05 -2.46098323e-11  5.48320534e-05  0.00000000e+00 
 5.48616948e-05  5.18766210e-09  5.48616948e-05 -2.46105508e-11  5.48616948e-05  0.00000000e+00 
 5.48913361e-05 -4.03411942e-09  5.48913361e-05 -2.46098310e-11  5.48913361e-05  0.00000000e+00 
 5.49209775e-05  5.24097519e-09  5.49209775e-05 -2.46105521e-11  5.49209775e-05  0.00000000e+00 
 5.49506188e-05 -4.08669747e-09  5.49506188e-05 -2.46098297e-11  5.49506188e-05  0.00000000e+00 
 5.49802601e-05  5.29281395e-09  5.49802601e-05 -2.46105532e-11  5.49802601e-05  0.00000000e+00 
 5.50099015e-05 -4.13779290e-09  5.50099015e-05 -2.46098286e-11  5.50099015e-05  0.00000000e+00 
 5.50395428e-05  5.34316193e-09  5.50395428e-05 -2.46105542e-11  5.50395428e-05  0.00000000e+00 
 5.50691841e-05 -4.18738953e-09  5.50691841e-05 -2.46098276e-11  5.50691841e-05  0.00000000e+00 
 5.50988255e-05  5.39200319e-09  5.50988255e-05 -2.46105552e-11  5.50988255e-05  0.00000000e+00 
 5.51284668e-05 -4.23547163e-09  5.51284668e-05 -2.46098267e-11  5.51284668e-05  0.00000000e+00 
 5.51581082e-05  5.43932224e-09  5.51581082e-05 -2.46105560e-11  5.51581082e-05  0.00000000e+00 
 5.51877495e-05 -4.28202395e-09  5.51877495e-05 -2.46098259e-11  5.51877495e-05  0.00000000e+00 
 5.52173908e-05  5.48510408e-09  5.52173908e-05 -2.46105567e-11  5.52173908e-05  0.00000000e+00 
 5.52470322e-05 -4.32703175e-09  5.52470322e-05 -2.46098251e-11  5.52470322e-05  0.00000000e+00 
 5.52766735e-05  5.52933419e-09  5.52766735e-05 -2.46105574e-11  5.52766735e-05  0.00000000e+00 
 5.53063148e-05 -4.37048075e-09  5.53063148e-05 -2.46098245e-11  5.53063148e-05  0.00000000e+00 
 5.53359562e-05  5.57199855e-09  5.53359562e-05 -2.46105579e-11  5.53359562e-05  0.00000000e+00 
 5.53655975e-05 -4.41235717e-09  5.53655975e-05 -2.46098240e-11  5.53655975e-05  0.00000000e+00 
 5.53952389e-05  5.61308365e-09  5.53952389e-05 -2.46105583e-11  5.53952389e-05  0.00000000e+00 
 5.54248802e-05 -4.45264775e-09  5.54248802e-05 -2.46098236e-11  5.54248802e-05  0.00000000e+00 
 5.54545215e-05  5.65257644e-09  5.54545215e-05 -2.46105587e-11  5.54545215e-05  0.00000000e+00 
 5.54841629e-05 -4.49133971e-09  5.54841629e-05 -2.46098233e-11  5.54841629e-05  0.00000000e+00 
 5.55138042e-05  5.69046443e-09  5.55138042e-05 -2.46105589e-11  5.55138042e-05  0.00000000e+00 
 5.55434455e-05 -4.52842079e-09  5.55434455e-05 -2.46098231e-11  5.55434455e-05  0.00000000e+00 
 5.55730869e-05  5.72673559e-09  5.55730869e-05 -2.46105590e-11  5.55730869e-05  0.00000000e+00 
 5.56027282e-05 -4.56387922e-09  5.56027282e-05 -2.46098230e-11  5.56027282e-05  0.00000000e+00 
 5.56323696e-05  5.76137843e-09  5.56323696e-05 -2.46105590e-11  5.56323696e-05  0.00000000e+00 
 5.56620109e-05 -4.59770378e-09  5.56620109e-05 -2.46098230e-11  5.56620109e-05  0.00000000e+00 
 5.56916522e-05  5.79438196e-09  5.56916522e-05 -2.46105590e-11  5.56916522e-05  0.00000000e+00 
 5.57212936e-05 -4.62988373e-09  5.57212936e-05 -2.46098231e-11  5.57212936e-05  0.00000000e+00 
 5.57509349e-05  5.82573572e-09  5.57509349e-05 -2.46105588e-11  5.57509349e-05  0.00000000e+00 
 5.57805762e-05 -4.66040888e-09  5.57805762e-05 -2.46098233e-11  5.57805762e-05  0.00000000e+00 
 5.58102176e-05  5.85542977e-09  5.58102176e-05 -2.46105585e-11  5.58102176e-05  0.00000000e+00 
 5.58398589e-05 -4.68926954e-09  5.58398589e-05 -2.46098236e-11  5.58398589e-05  0.00000000e+00 
 5.58695003e-05  5.88345471e-09  5.58695003e-05 -2.46105581e-11  5.58695003e-05  0.00000000e+00 
 5.58991416e-05 -4.71645658e-09  5.58991416e-05 -2.46098240e-11  5.58991416e-05  0.00000000e+00 
 5.59287829e-05  5.90980164e-09  5.59287829e-05 -2.46105577e-11  5.59287829e-05  0.00000000e+00 
 5.59584243e-05 -4.74196136e-09  5.59584243e-05 -2.46098245e-11  5.59584243e-05  0.00000000e+00 
 5.59880656e-05  5.93446221e-09  5.59880656e-05 -2.46105571e-11  5.59880656e-05  0.00000000e+00 
 5.60177070e-05 -4.76577582e-09  5.60177070e-05 -2.46098251e-11  5.60177070e-05  0.00000000e+00 
 5.60473483e-05  5.95742861e-09  5.60473483e-05 -2.46105564e-11  5.60473483e-05  0.00000000e+00 
 5.60769896e-05 -4.78789239e-09  5.60769896e-05 -2.46098258e-11  5.60769896e-05  0.00000000e+00 
 5.61066310e-05  5.97869355e-09  5.61066310e-05 -2.46105556e-11  5.61066310e-05  0.00000000e+00 
 5.61362723e-05 -4.80830406e-09  5.61362723e-05 -2.46098266e-11  5.61362723e-05  0.00000000e+00 
 5.61659136e-05  5.99825030e-09  5.61659136e-05 -2.46105547e-11  5.61659136e-05  0.00000000e+00 
 5.61955550e-05 -4.82700437e-09  5.61955550e-05 -2.46098276e-11  5.61955550e-05  0.00000000e+00 
 5.62251963e-05  6.01609265e-09  5.62251963e-05 -2.46105537e-11  5.62251963e-05  0.00000000e+00 
 5.62548377e-05 -4.84398739e-09  5.62548377e-05 -2.46098286e-11  5.62548377e-05  0.00000000e+00 
 5.62844790e-05  6.03221495e-09  5.62844790e-05 -2.46105527e-11  5.62844790e-05  0.00000000e+00 
 5.63141203e-05 -4.85924773e-09  5.63141203e-05 -2.46098297e-11  5.63141203e-05  0.00000000e+00 
 5.63437617e-05  6.04661209e-09  5.63437617e-05 -2.46105515e-11  5.63437617e-05  0.00000000e+00 
 5.63734030e-05 -4.87278056e-09  5.63734030e-05 -2.46098309e-11  5.63734030e-05  0.00000000e+00 
 5.64030443e-05  6.05927950e-09  5.64030443e-05 -2.46105502e-11  5.64030443e-05  0.00000000e+00 
 5.64326857e-05 -4.88458158e-09  5.64326857e-05 -2.46098322e-11  5.64326857e-05  0.00000000e+00 
 5.64623270e-05  6.07021317e-09  5.64623270e-05 -2.46105488e-11  5.64623270e-05  0.00000000e+00 
 5.64919684e-05 -4.89464705e-09  5.64919684e-05 -2.46098337e-11  5.64919684e-05  0.00000000e+00 
 5.65216097e-05  6.07940963e-09  5.65216097e-05 -2.46105473e-11  5.65216097e-05  0.00000000e+00 
 5.65512510e-05 -4.90297379e-09  5.65512510e-05 -2.46098352e-11  5.65512510e-05  0.00000000e+00 
 5.65808924e-05  6.08686597e-09  5.65808924e-05 -2.46105458e-11  5.65808924e-05  0.00000000e+00 
 5.66105337e-05 -4.90955915e-09  5.66105337e-05 -2.46098368e-11  5.66105337e-05  0.00000000e+00 
 5.66401750e-05  6.09257982e-09  5.66401750e-05 -2.46105441e-11  5.66401750e-05  0.00000000e+00 
 5.66698164e-05 -4.91440105e-09  5.66698164e-05 -2.46098385e-11  5.66698164e-05  0.00000000e+00 
 5.66994577e-05  6.09654937e-09  5.66994577e-05 -2.46105423e-11  5.66994577e-05  0.00000000e+00 
 5.67290991e-05 -4.91749796e-09  5.67290991e-05 -2.46098403e-11  5.67290991e-05  0.00000000e+00 
 5.67587404e-05  6.09877336e-09  5.67587404e-05 -2.46105405e-11  5.67587404e-05  0.00000000e+00 
 5.67883817e-05 -4.91884888e-09  5.67883817e-05 -2.46098422e-11  5.67883817e-05  0.00000000e+00 
 5.68180231e-05  6.09925109e-09  5.68180231e-05 -2.46105385e-11  5.68180231e-05  0.00000000e+00 
 5.68476644e-05 -4.91845339e-09  5.68476644e-05 -2.46098442e-11  5.68476644e-05  0.00000000e+00 
 5.68773057e-05  6.09798241e-09  5.68773057e-05 -2.46105364e-11  5.68773057e-05  0.00000000e+00 
 5.69069471e-05 -4.91631162e-09  5.69069471e-05 -2.46098463e-11  5.69069471e-05  0.00000000e+00 
 5.69365884e-05  6.09496772e-09  5.69365884e-05 -2.46105343e-11  5.69365884e-05  0.00000000e+00 
 5.69662298e-05 -4.91242425e-09  5.69662298e-05 -2.46098485e-11  5.69662298e-05  0.00000000e+00 
 5.69958711e-05  6.09020797e-09  5.69958711e-05 -2.46105321e-11  5.69958711e-05  0.00000000e+00 
 5.70255124e-05 -4.90679250e-09  5.70255124e-05 -2.46098508e-11  5.70255124e-05  0.00000000e+00 
 5.70551538e-05  6.08370467e-09  5.70551538e-05 -2.46105297e-11  5.70551538e-05  0.00000000e+00 
 5.70847951e-05 -4.89941817e-09  5.70847951e-05 -2.46098532e-11  5.70847951e-05  0.00000000e+00 
 5.71144364e-05  6.07545989e-09  5.71144364e-05 -2.46105273e-11  5.71144364e-05  0.00000000e+00 
 5.71440778e-05 -4.89030358e-09  5.71440778e-05 -2.46098557e-11  5.71440778e-05  0.00000000e+00 
 5.71737191e-05  6.06547624e-09  5.71737191e-05 -2.46105248e-11  5.71737191e-05  0.00000000e+00 
 5.72033605e-05 -4.87945164e-09  5.72033605e-05 -2.46098583e-11  5.72033605e-05  0.00000000e+00 
 5.72330018e-05  6.05375688e-09  5.72330018e-05 -2.46105222e-11  5.72330018e-05  0.00000000e+00 
 5.72626431e-05 -4.86686578e-09  5.72626431e-05 -2.46098609e-11  5.72626431e-05  0.00000000e+00 
 5.72922845e-05  6.04030553e-09  5.72922845e-05 -2.46105195e-11  5.72922845e-05  0.00000000e+00 
 5.73219258e-05 -4.85254999e-09  5.73219258e-05 -2.46098637e-11  5.73219258e-05  0.00000000e+00 
 5.73515671e-05  6.02512646e-09  5.73515671e-05 -2.46105167e-11  5.73515671e-05  0.00000000e+00 
 5.73812085e-05 -4.83650881e-09  5.73812085e-05 -2.46098665e-11  5.73812085e-05  0.00000000e+00 
 5.74108498e-05  6.00822446e-09  5.74108498e-05 -2.46105138e-11  5.74108498e-05  0.00000000e+00 
 5.74404912e-05 -4.81874732e-09  5.74404912e-05 -2.46098695e-11  5.74404912e-05  0.00000000e+00 
 5.74701325e-05  5.98960491e-09  5.74701325e-05 -2.46105109e-11  5.74701325e-05  0.00000000e+00 
 5.74997738e-05 -4.79927116e-09  5.74997738e-05 -2.46098725e-11  5.74997738e-05  0.00000000e+00 
 5.75294152e-05  5.96927371e-09  5.75294152e-05 -2.46105078e-11  5.75294152e-05  0.00000000e+00 
 5.75590565e-05 -4.77808649e-09  5.75590565e-05 -2.46098756e-11  5.75590565e-05  0.00000000e+00 
 5.75886979e-05  5.94723730e-09  5.75886979e-05 -2.46105047e-11  5.75886979e-05  0.00000000e+00 
 5.76183392e-05 -4.75520005e-09  5.76183392e-05 -2.46098788e-11  5.76183392e-05  0.00000000e+00 
 5.76479805e-05  5.92350266e-09  5.76479805e-05 -2.46105014e-11  5.76479805e-05  0.00000000e+00 
 5.76776219e-05 -4.73061907e-09  5.76776219e-05 -2.46098821e-11  5.76776219e-05  0.00000000e+00 
 5.77072632e-05  5.89807732e-09  5.77072632e-05 -2.46104981e-11  5.77072632e-05  0.00000000e+00 
 5.77369045e-05 -4.70435135e-09  5.77369045e-05 -2.46098854e-11  5.77369045e-05  0.00000000e+00 
 5.77665459e-05  5.87096934e-09  5.77665459e-05 -2.46104948e-11  5.77665459e-05  0.00000000e+00 
 5.77961872e-05 -4.67640522e-09  5.77961872e-05 -2.46098889e-11  5.77961872e-05  0.00000000e+00 
 5.78258286e-05  5.84218732e-09  5.78258286e-05 -2.46104913e-11  5.78258286e-05  0.00000000e+00 
 5.78554699e-05 -4.64678954e-09  5.78554699e-05 -2.46098924e-11  5.78554699e-05  0.00000000e+00 
 5.78851112e-05  5.81174037e-09  5.78851112e-05 -2.46104878e-11  5.78851112e-05  0.00000000e+00 
 5.79147526e-05 -4.61551369e-09  5.79147526e-05 -2.46098960e-11  5.79147526e-05  0.00000000e+00 
 5.79443939e-05  5.77963816e-09  5.79443939e-05 -2.46104841e-11  5.79443939e-05  0.00000000e+00 
 5.79740352e-05 -4.58258760e-09  5.79740352e-05 -2.46098997e-11  5.79740352e-05  0.00000000e+00 
 5.80036766e-05  5.74589085e-09  5.80036766e-05 -2.46104804e-11  5.80036766e-05  0.00000000e+00 
 5.80333179e-05 -4.54802170e-09  5.80333179e-05 -2.46099035e-11  5.80333179e-05  0.00000000e+00 
 5.80629593e-05  5.71050914e-09  5.80629593e-05 -2.46104766e-11  5.80629593e-05  0.00000000e+00 
 5.80926006e-05 -4.51182694e-09  5.80926006e-05 -2.46099073e-11  5.80926006e-05  0.00000000e+00 
 5.81222419e-05  5.67350426e-09  5.81222419e-05 -2.46104728e-11  5.81222419e-05  0.00000000e+00 
 5.81518833e-05 -4.47401480e-09  5.81518833e-05 -2.46099112e-11  5.81518833e-05  0.00000000e+00 
 5.81815246e-05  5.63488793e-09  5.81815246e-05 -2.46104689e-11  5.81815246e-05  0.00000000e+00 
 5.82111659e-05 -4.43459728e-09  5.82111659e-05 -2.46099152e-11  5.82111659e-05  0.00000000e+00 
 5.82408073e-05  5.59467239e-09  5.82408073e-05 -2.46104649e-11  5.82408073e-05  0.00000000e+00 
 5.82704486e-05 -4.39358685e-09  5.82704486e-05 -2.46099193e-11  5.82704486e-05  0.00000000e+00 
 5.83000900e-05  5.55287039e-09  5.83000900e-05 -2.46104608e-11  5.83000900e-05  0.00000000e+00 
 5.83297313e-05 -4.35099653e-09  5.83297313e-05 -2.46099234e-11  5.83297313e-05  0.00000000e+00 
 5.83593726e-05  5.50949519e-09  5.83593726e-05 -2.46104567e-11  5.83593726e-05  0.00000000e+00 
 5.83890140e-05 -4.30683982e-09  5.83890140e-05 -2.46099276e-11  5.83890140e-05  0.00000000e+00 
 5.84186553e-05  5.46456053e-09  5.84186553e-05 -2.46104525e-11  5.84186553e-05  0.00000000e+00 
 5.84482966e-05 -4.26113070e-09  5.84482966e-05 -2.46099319e-11  5.84482966e-05  0.00000000e+00 
 5.84779380e-05  5.41808065e-09  5.84779380e-05 -2.46104482e-11  5.84779380e-05  0.00000000e+00 
 5.85075793e-05 -4.21388368e-09  5.85075793e-05 -2.46099363e-11  5.85075793e-05  0.00000000e+00 
 5.85372207e-05  5.37007030e-09  5.85372207e-05 -2.46104438e-11  5.85372207e-05  0.00000000e+00 
 5.85668620e-05 -4.16511374e-09  5.85668620e-05 -2.46099407e-11  5.85668620e-05  0.00000000e+00 
 5.85965033e-05  5.32054470e-09  5.85965033e-05 -2.46104394e-11  5.85965033e-05  0.00000000e+00 
 5.86261447e-05 -4.11483633e-09  5.86261447e-05 -2.46099451e-11  5.86261447e-05  0.00000000e+00 
 5.86557860e-05  5.26951953e-09  5.86557860e-05 -2.46104349e-11  5.86557860e-05  0.00000000e+00 
 5.86854273e-05 -4.06306738e-09  5.86854273e-05 -2.46099497e-11  5.86854273e-05  0.00000000e+00 
 5.87150687e-05  5.21701099e-09  5.87150687e-05 -2.46104304e-11  5.87150687e-05  0.00000000e+00 
 5.87447100e-05 -4.00982332e-09  5.87447100e-05 -2.46099543e-11  5.87447100e-05  0.00000000e+00 
 5.87743514e-05  5.16303571e-09  5.87743514e-05 -2.46104258e-11  5.87743514e-05  0.00000000e+00 
 5.88039927e-05 -3.95512101e-09  5.88039927e-05 -2.46099589e-11  5.88039927e-05  0.00000000e+00 
 5.88336340e-05  5.10761080e-09  5.88336340e-05 -2.46104212e-11  5.88336340e-05  0.00000000e+00 
 5.88632754e-05 -3.89897781e-09  5.88632754e-05 -2.46099637e-11  5.88632754e-05  0.00000000e+00 
 5.88929167e-05  5.05075383e-09  5.88929167e-05 -2.46104164e-11  5.88929167e-05  0.00000000e+00 
 5.89225580e-05 -3.84141151e-09  5.89225580e-05 -2.46099684e-11  5.89225580e-05  0.00000000e+00 
 5.89521994e-05  4.99248283e-09  5.89521994e-05 -2.46104117e-11  5.89521994e-05  0.00000000e+00 
 5.89818407e-05 -3.78244035e-09  5.89818407e-05 -2.46099733e-11  5.89818407e-05  0.00000000e+00 
 5.90114821e-05  4.93281628e-09  5.90114821e-05 -2.46104069e-11  5.90114821e-05  0.00000000e+00 
 5.90411234e-05 -3.72208304e-09  5.90411234e-05 -2.46099782e-11  5.90411234e-05  0.00000000e+00 
 5.90707647e-05  4.87177308e-09  5.90707647e-05 -2.46104020e-11  5.90707647e-05  0.00000000e+00 
 5.91004061e-05 -3.66035870e-09  5.91004061e-05 -2.46099831e-11  5.91004061e-05  0.00000000e+00 
 5.91300474e-05  4.80937258e-09  5.91300474e-05 -2.46103970e-11  5.91300474e-05  0.00000000e+00 
 5.91596888e-05 -3.59728691e-09  5.91596888e-05 -2.46099881e-11  5.91596888e-05  0.00000000e+00 
 5.91893301e-05  4.74563457e-09  5.91893301e-05 -2.46103921e-11  5.91893301e-05  0.00000000e+00 
 5.92189714e-05 -3.53288766e-09  5.92189714e-05 -2.46099932e-11  5.92189714e-05  0.00000000e+00 
 5.92486128e-05  4.68057926e-09  5.92486128e-05 -2.46103870e-11  5.92486128e-05  0.00000000e+00 
 5.92656441e-05 -3.44253038e-09  5.92656441e-05 -2.46100004e-11  5.92656441e-05  0.00000000e+00 
 5.92826755e-05  4.56427892e-09  5.92826755e-05 -2.46103782e-11  5.92826755e-05  0.00000000e+00 
 5.92829248e-05  5.70571566e-07  5.92829248e-05  2.44792910e-07  5.92829248e-05  4.20563593e-03 
 5.92834234e-05  1.85155408e-06  5.92834234e-05  2.44792799e-07  5.92834234e-05  1.26169078e-02 
 5.92837514e-05  2.61864300e-06  5.92837514e-05  2.44792717e-07  5.92837514e-05  1.81498298e-02 
 5.92839879e-05  3.15633451e-06  5.92839879e-05  2.44792654e-07  5.92839879e-05  2.21378693e-02 
 5.92841782e-05  3.68168768e-06  5.92841782e-05  2.44792590e-07  5.92841782e-05  2.53476474e-02 
 5.92843880e-05  4.16319448e-06  5.92843880e-05  2.44792520e-07  5.92843880e-05  2.88867420e-02 
 5.92845297e-05  4.45566720e-06  5.92845297e-05  2.44792474e-07  5.92845297e-05  3.12774975e-02 
 5.92846755e-05  4.84418644e-06  5.92846755e-05  2.44792416e-07  5.92846755e-05  3.37368364e-02 
 5.92848211e-05  5.23487163e-06  5.92848211e-05  2.44792351e-07  5.92848211e-05  3.61930006e-02 
 5.92849678e-05  5.53891449e-06  5.92849678e-05  2.44792292e-07  5.92849678e-05  3.86672664e-02 
 5.92851017e-05  5.82606194e-06  5.92851017e-05  2.44792235e-07  5.92851017e-05  4.09258586e-02 
 5.92852511e-05  6.23456718e-06  5.92852511e-05  2.44792157e-07  5.92852511e-05  4.34464236e-02 
 5.92853857e-05  6.58142509e-06  5.92853857e-05  2.44792083e-07  5.92853857e-05  4.57175803e-02 
 5.92854898e-05  6.78719402e-06  5.92854898e-05  2.44792031e-07  5.92854898e-05  4.74726779e-02 
 5.92856240e-05  7.07000396e-06  5.92856240e-05  2.44791961e-07  5.92856240e-05  4.97370221e-02 
 5.92857636e-05  7.44829018e-06  5.92857636e-05  2.44791871e-07  5.92857636e-05  5.20922000e-02 
 5.92858920e-05  7.78592300e-06  5.92858920e-05  2.44791782e-07  5.92858920e-05  5.42574272e-02 
 5.92860031e-05  8.01041682e-06  5.92860031e-05  2.44791713e-07  5.92860031e-05  5.61315972e-02 
 5.92861386e-05  8.28937028e-06  5.92861386e-05  2.44791626e-07  5.92861386e-05  5.84176725e-02 
 5.92862663e-05  8.62979577e-06  5.92862663e-05  2.44791525e-07  5.92862663e-05  6.05714636e-02 
 5.92864107e-05  9.01217952e-06  5.92864107e-05  2.44791402e-07  5.92864107e-05  6.30065853e-02 
 5.92865393e-05  9.27381449e-06  5.92865393e-05  2.44791301e-07  5.92865393e-05  6.51757665e-02 
 5.92866760e-05  9.55633747e-06  5.92866760e-05  2.44791190e-07  5.92866760e-05  6.74823739e-02 
 5.92868095e-05  9.91316121e-06  5.92868095e-05  2.44791057e-07  5.92868095e-05  6.97338562e-02 
 5.92869544e-05  1.02899381e-05  5.92869544e-05  2.44790904e-07  5.92869544e-05  7.21778473e-02 
 5.92870737e-05  1.05271623e-05  5.92870737e-05  2.44790788e-07  5.92870737e-05  7.41911675e-02 
 5.92872098e-05  1.08081867e-05  5.92872098e-05  2.44790649e-07  5.92872098e-05  7.64866863e-02 
 5.92873458e-05  1.11711537e-05  5.92873458e-05  2.44790480e-07  5.92873458e-05  7.87797343e-02 
 5.92874830e-05  1.15260651e-05  5.92874830e-05  2.44790298e-07  5.92874830e-05  8.10944166e-02 
 5.92875974e-05  1.17519746e-05  5.92875974e-05  2.44790160e-07  5.92875974e-05  8.30241722e-02 
 5.92877328e-05  1.20280748e-05  5.92877328e-05  2.44789989e-07  5.92877328e-05  8.53093735e-02 
 5.92878650e-05  1.23777807e-05  5.92878650e-05  2.44789785e-07  5.92878650e-05  8.75389494e-02 
 5.92880046e-05  1.27397756e-05  5.92880046e-05  2.44789556e-07  5.92880046e-05  8.98930179e-02 
 5.92881248e-05  1.29777816e-05  5.92881248e-05  2.44789374e-07  5.92881248e-05  9.19206645e-02 
 5.92882609e-05  1.32534606e-05  5.92882609e-05  2.44789159e-07  5.92882609e-05  9.42175074e-02 
 5.92883927e-05  1.36003316e-05  5.92883927e-05  2.44788906e-07  5.92883927e-05  9.64401435e-02 
 5.92885356e-05  1.39684947e-05  5.92885356e-05  2.44788614e-07  5.92885356e-05  9.88503106e-02 
 5.92886567e-05  1.42062965e-05  5.92886567e-05  2.44788387e-07  5.92886567e-05  1.00893899e-01 
 5.92887929e-05  1.44814367e-05  5.92887929e-05  2.44788117e-07  5.92887929e-05  1.03191369e-01 
 5.92889267e-05  1.48329485e-05  5.92889267e-05  2.44787796e-07  5.92889267e-05  1.05448486e-01 
 5.92890673e-05  1.51923755e-05  5.92890673e-05  2.44787438e-07  5.92890673e-05  1.07820210e-01 
 5.92891851e-05  1.54212644e-05  5.92891851e-05  2.44787163e-07  5.92891851e-05  1.09806965e-01 
 5.92893210e-05  1.56938173e-05  5.92893210e-05  2.44786828e-07  5.92893210e-05  1.12098842e-01 
 5.92894543e-05  1.60420793e-05  5.92894543e-05  2.44786429e-07  5.92894543e-05  1.14346886e-01 
 5.92895940e-05  1.63982827e-05  5.92895940e-05  2.44785987e-07  5.92895940e-05  1.16703536e-01 
 5.92897124e-05  1.66276242e-05  5.92897124e-05  2.44785642e-07  5.92897124e-05  1.18701481e-01 
 5.92898484e-05  1.68982650e-05  5.92898484e-05  2.44785224e-07  5.92898484e-05  1.20994835e-01 
 5.92899808e-05  1.72422521e-05  5.92899808e-05  2.44784732e-07  5.92899808e-05  1.23227996e-01 
 5.92901219e-05  1.76008110e-05  5.92901219e-05  2.44784175e-07  5.92901219e-05  1.25609158e-01 
 5.92902419e-05  1.78318702e-05  5.92902419e-05  2.44783739e-07  5.92902419e-05  1.27632391e-01 
 5.92903780e-05  1.81014411e-05  5.92903780e-05  2.44783218e-07  5.92903780e-05  1.29928127e-01 
 5.92905109e-05  1.84455220e-05  5.92905109e-05  2.44782601e-07  5.92905109e-05  1.32170682e-01 
 5.92906521e-05  1.88018647e-05  5.92906521e-05  2.44781908e-07  5.92906521e-05  1.34551631e-01 
 5.92907712e-05  1.90295011e-05  5.92907712e-05  2.44781369e-07  5.92907712e-05  1.36560741e-01 
 5.92909072e-05  1.92974144e-05  5.92909072e-05  2.44780719e-07  5.92909072e-05  1.38855020e-01 
 5.92910404e-05  1.96406878e-05  5.92910404e-05  2.44779949e-07  5.92910404e-05  1.41101919e-01 
 5.92911808e-05  1.99934963e-05  5.92911808e-05  2.44779090e-07  5.92911808e-05  1.43470502e-01 
 5.92912994e-05  2.02188023e-05  5.92912994e-05  2.44778422e-07  5.92912994e-05  1.45471489e-01 
 5.92914354e-05  2.04848282e-05  5.92914354e-05  2.44777612e-07  5.92914354e-05  1.47765021e-01 
 5.92915682e-05  2.08254319e-05  5.92915682e-05  2.44776656e-07  5.92915682e-05  1.50005768e-01 
 5.92917089e-05  2.11774511e-05  5.92917089e-05  2.44775585e-07  5.92917089e-05  1.52378503e-01 
 5.92918281e-05  2.14026431e-05  5.92918281e-05  2.44774747e-07  5.92918281e-05  1.54389231e-01 
 5.92919641e-05  2.16671782e-05  5.92919641e-05  2.44773738e-07  5.92919641e-05  1.56683793e-01 
 5.92920969e-05  2.20061840e-05  5.92920969e-05  2.44772547e-07  5.92920969e-05  1.58924350e-01 
 5.92922379e-05  2.23572002e-05  5.92922379e-05  2.44771210e-07  5.92922379e-05  1.61302018e-01 
 5.92923571e-05  2.25810342e-05  5.92923571e-05  2.44770166e-07  5.92923571e-05  1.63313692e-01 
 5.92924932e-05  2.28440810e-05  5.92924932e-05  2.44768908e-07  5.92924932e-05  1.65608312e-01 
 5.92926262e-05  2.31821078e-05  5.92926262e-05  2.44767421e-07  5.92926262e-05  1.67852137e-01 
 5.92927669e-05  2.35308175e-05  5.92927669e-05  2.44765759e-07  5.92927669e-05  1.70226039e-01 
 5.92928859e-05  2.37525908e-05  5.92928859e-05  2.44764462e-07  5.92928859e-05  1.72232381e-01 
 5.92930219e-05  2.40139679e-05  5.92930219e-05  2.44762895e-07  5.92930219e-05  1.74526490e-01 
 5.92931548e-05  2.43502910e-05  5.92931548e-05  2.44761044e-07  5.92931548e-05  1.76769423e-01 
 5.92932955e-05  2.46972475e-05  5.92932955e-05  2.44758975e-07  5.92932955e-05  1.79142013e-01 
 5.92934145e-05  2.49178329e-05  5.92934145e-05  2.44757358e-07  5.92934145e-05  1.81149564e-01 
 5.92935505e-05  2.51776168e-05  5.92935505e-05  2.44755405e-07  5.92935505e-05  1.83443846e-01 
 5.92936834e-05  2.55121826e-05  5.92936834e-05  2.44753102e-07  5.92936834e-05  1.85685516e-01 
 5.92938242e-05  2.58578787e-05  5.92938242e-05  2.44750523e-07  5.92938242e-05  1.88060401e-01 
 5.92939433e-05  2.60773593e-05  5.92939433e-05  2.44748506e-07  5.92939433e-05  1.90070198e-01 
 5.92940794e-05  2.63356376e-05  5.92940794e-05  2.44746072e-07  5.92940794e-05  1.92364725e-01 
 5.92942123e-05  2.66688527e-05  5.92942123e-05  2.44743201e-07  5.92942123e-05  1.94607399e-01 
 5.92943531e-05  2.70128660e-05  5.92943531e-05  2.44739990e-07  5.92943531e-05  1.96982138e-01 
 5.92944722e-05  2.72307901e-05  5.92944722e-05  2.44737479e-07  5.92944722e-05  1.98990493e-01 
 5.92946082e-05  2.74875173e-05  5.92946082e-05  2.44734448e-07  5.92946082e-05  2.01284903e-01 
 5.92947412e-05  2.78193008e-05  5.92947412e-05  2.44730871e-07  5.92947412e-05  2.03528060e-01 
 5.92948819e-05  2.81615388e-05  5.92948819e-05  2.44726873e-07  5.92948819e-05  2.05901601e-01 
 5.92950009e-05  2.83780278e-05  5.92950009e-05  2.44723748e-07  5.92950009e-05  2.07909176e-01 
 5.92951369e-05  2.86331972e-05  5.92951369e-05  2.44719972e-07  5.92951369e-05  2.10203563e-01 
 5.92952699e-05  2.89633973e-05  5.92952699e-05  2.44715518e-07  5.92952699e-05  2.12446260e-01 
 5.92954106e-05  2.93041220e-05  5.92954106e-05  2.44710539e-07  5.92954106e-05  2.14820172e-01 
 5.92955297e-05  2.95193792e-05  5.92955297e-05  2.44706644e-07  5.92955297e-05  2.16828599e-01 
 5.92956657e-05  2.97730410e-05  5.92956657e-05  2.44701941e-07  5.92956657e-05  2.19123131e-01 
 5.92957986e-05  3.01017775e-05  5.92957986e-05  2.44696395e-07  5.92957986e-05  2.21365990e-01 
 5.92959394e-05  3.04409694e-05  5.92959394e-05  2.44690193e-07  5.92959394e-05  2.23740272e-01 
 5.92960585e-05  3.06548844e-05  5.92960585e-05  2.44685343e-07  5.92960585e-05  2.25748650e-01 
 5.92961945e-05  3.09070528e-05  5.92961945e-05  2.44679484e-07  5.92961945e-05  2.28043243e-01 
 5.92963275e-05  3.12343968e-05  5.92963275e-05  2.44672576e-07  5.92963275e-05  2.30286602e-01 
 5.92964682e-05  3.15719503e-05  5.92964682e-05  2.44664856e-07  5.92964682e-05  2.32660429e-01 
 5.92965872e-05  3.17844738e-05  5.92965872e-05  2.44658817e-07  5.92965872e-05  2.34668182e-01 
 5.92967233e-05  3.20351490e-05  5.92967233e-05  2.44651521e-07  5.92967233e-05  2.36962800e-01 
 5.92968563e-05  3.23610546e-05  5.92968563e-05  2.44642920e-07  5.92968563e-05  2.39206309e-01 
 5.92969970e-05  3.26970355e-05  5.92969970e-05  2.44633309e-07  5.92969970e-05  2.41579916e-01 
 5.92971160e-05  3.29082575e-05  5.92971160e-05  2.44625789e-07  5.92971160e-05  2.43587642e-01 
 5.92972520e-05  3.31574658e-05  5.92972520e-05  2.44616703e-07  5.92972520e-05  2.45882368e-01 
 5.92973851e-05  3.34819554e-05  5.92973851e-05  2.44605993e-07  5.92973851e-05  2.48126064e-01 
 5.92975258e-05  3.38164182e-05  5.92975258e-05  2.44594028e-07  5.92975258e-05  2.50499751e-01 
 5.92976448e-05  3.40263537e-05  5.92976448e-05  2.44584666e-07  5.92976448e-05  2.52507485e-01 
 5.92977808e-05  3.42741246e-05  5.92977808e-05  2.44573352e-07  5.92977808e-05  2.54802346e-01 
 5.92979139e-05  3.45972644e-05  5.92979139e-05  2.44560016e-07  5.92979139e-05  2.57046513e-01 
 5.92980546e-05  3.49301827e-05  5.92980546e-05  2.44545123e-07  5.92980546e-05  2.59420009e-01 
 5.92981736e-05  3.51388028e-05  5.92981736e-05  2.44533470e-07  5.92981736e-05  2.61427362e-01 
 5.92983096e-05  3.53851574e-05  5.92983096e-05  2.44519383e-07  5.92983096e-05  2.63722350e-01 
 5.92984427e-05  3.57069733e-05  5.92984427e-05  2.44502780e-07  5.92984427e-05  2.65967024e-01 
 5.92985834e-05  3.60383550e-05  5.92985834e-05  2.44484245e-07  5.92985834e-05  2.68340198e-01 
 5.92987024e-05  3.62456847e-05  5.92987024e-05  2.44469743e-07  5.92987024e-05  2.70347183e-01 
 5.92988384e-05  3.64906519e-05  5.92988384e-05  2.44452206e-07  5.92988384e-05  2.72642341e-01 
 5.92989715e-05  3.68111718e-05  5.92989715e-05  2.44431538e-07  5.92989715e-05  2.74887550e-01 
 5.92991122e-05  3.71410570e-05  5.92991122e-05  2.44408473e-07  5.92991122e-05  2.77260499e-01 
 5.92992312e-05  3.73471284e-05  5.92992312e-05  2.44390425e-07  5.92992312e-05  2.79267192e-01 
 5.92993673e-05  3.75907477e-05  5.92993673e-05  2.44368597e-07  5.92993673e-05  2.81562578e-01 
 5.92995004e-05  3.79100323e-05  5.92995004e-05  2.44342868e-07  5.92995004e-05  2.83808522e-01 
 5.92996411e-05  3.82384371e-05  5.92996411e-05  2.44314172e-07  5.92996411e-05  2.86181178e-01 
 5.92997600e-05  3.84432561e-05  5.92997600e-05  2.44291718e-07  5.92997600e-05  2.88187402e-01 
 5.92998961e-05  3.86855705e-05  5.92998961e-05  2.44264551e-07  5.92998961e-05  2.90483060e-01 
 5.93000293e-05  3.90036857e-05  5.93000293e-05  2.44232524e-07  5.93000293e-05  2.92729945e-01 
 5.93001699e-05  3.93306218e-05  5.93001699e-05  2.44196830e-07  5.93001699e-05  2.95102151e-01 
 5.93002888e-05  3.95342031e-05  5.93002888e-05  2.44168901e-07  5.93002888e-05  2.97107743e-01 
 5.93004249e-05  3.97752625e-05  5.93004249e-05  2.44135094e-07  5.93004249e-05  2.99403733e-01 
 5.93005582e-05  4.00922767e-05  5.93005582e-05  2.44095232e-07  5.93005582e-05  3.01651747e-01 
 5.93006988e-05  4.04177748e-05  5.93006988e-05  2.44050843e-07  5.93006988e-05  3.04023428e-01 
 5.93008177e-05  4.06201484e-05  5.93008177e-05  2.44016113e-07  5.93008177e-05  3.06028305e-01 
 5.93009538e-05  4.08600156e-05  5.93009538e-05  2.43974049e-07  5.93009538e-05  3.08324715e-01 
 5.93010871e-05  4.11760195e-05  5.93010871e-05  2.43924438e-07  5.93010871e-05  3.10574134e-01 
 5.93012277e-05  4.15001128e-05  5.93012277e-05  2.43869249e-07  5.93012277e-05  3.12945194e-01 
 5.93013465e-05  4.17013057e-05  5.93013465e-05  2.43826074e-07  5.93013465e-05  3.14949186e-01 
 5.93014827e-05  4.19400564e-05  5.93014827e-05  2.43773745e-07  5.93014827e-05  3.17246116e-01 
 5.93016161e-05  4.22551645e-05  5.93016161e-05  2.43712004e-07  5.93016161e-05  3.19497309e-01 
 5.93017566e-05  4.25778843e-05  5.93017566e-05  2.43643408e-07  5.93017566e-05  3.21867568e-01 
 5.93018754e-05  4.27779243e-05  5.93018754e-05  2.43589755e-07  5.93018754e-05  3.23870425e-01 
 5.93020116e-05  4.30156495e-05  5.93020116e-05  2.43524667e-07  5.93020116e-05  3.26167996e-01 
 5.93021452e-05  4.33299976e-05  5.93021452e-05  2.43447832e-07  5.93021452e-05  3.28421394e-01 
 5.93022856e-05  4.36513845e-05  5.93022856e-05  2.43362601e-07  5.93022856e-05  3.30790648e-01 
 5.93024043e-05  4.38503102e-05  5.93024043e-05  2.43295953e-07  5.93024043e-05  3.32792108e-01 
 5.93025405e-05  4.40871215e-05  5.93025405e-05  2.43215009e-07  5.93025405e-05  3.35090474e-01 
 5.93026743e-05  4.44008767e-05  5.93026743e-05  2.43119391e-07  5.93026743e-05  3.37346615e-01 
 5.93028147e-05  4.47209816e-05  5.93028147e-05  2.43013532e-07  5.93028147e-05  3.39714632e-01 
 5.93029332e-05  4.49188397e-05  5.93029332e-05  2.42930780e-07  5.93029332e-05  3.41714373e-01 
 5.93030695e-05  4.51548740e-05  5.93030695e-05  2.42830136e-07  5.93030695e-05  3.44013724e-01 
 5.93032035e-05  4.54682455e-05  5.93032035e-05  2.42711139e-07  5.93032035e-05  3.46273298e-01 
 5.93033438e-05  4.57871264e-05  5.93033438e-05  2.42579718e-07  5.93033438e-05  3.48639772e-01 
 5.93034622e-05  4.59839702e-05  5.93034622e-05  2.42477025e-07  5.93034622e-05  3.50637373e-01 
 5.93035986e-05  4.62193953e-05  5.93035986e-05  2.42351911e-07  5.93035986e-05  3.52937941e-01 
 5.93037328e-05  4.65326418e-05  5.93037328e-05  2.42203805e-07  5.93037328e-05  3.55201809e-01 
 5.93038730e-05  4.68503674e-05  5.93038730e-05  2.42040733e-07  5.93038730e-05  3.57566350e-01 
 5.93039912e-05  4.70462624e-05  5.93039912e-05  2.41913375e-07  5.93039912e-05  3.59561296e-01 
 5.93041277e-05  4.72812842e-05  5.93041277e-05  2.41757871e-07  5.93041277e-05  3.61863365e-01 
 5.93042622e-05  4.75947267e-05  5.93042622e-05  2.41573508e-07  5.93042622e-05  3.64132608e-01 
 5.93044023e-05  4.79113806e-05  5.93044023e-05  2.41371282e-07  5.93044023e-05  3.66494738e-01 
 5.93045203e-05  4.81064072e-05  5.93045203e-05  2.41213447e-07  5.93045203e-05  3.68486404e-01 
 5.93046569e-05  4.83412798e-05  5.93046569e-05  2.41020208e-07  5.93046569e-05  3.70790322e-01 
 5.93047918e-05  4.86553195e-05  5.93047918e-05  2.40790655e-07  5.93047918e-05  3.73066309e-01 
 5.93049317e-05  4.89710011e-05  5.93049317e-05  2.40540044e-07  5.93049317e-05  3.75425428e-01 
 5.93050495e-05  4.91652565e-05  5.93050495e-05  2.40344604e-07  5.93050495e-05  3.77413041e-01 
 5.93051862e-05  4.94002929e-05  5.93051862e-05  2.40104518e-07  5.93051862e-05  3.79719229e-01 
 5.93053217e-05  4.97154333e-05  5.93053217e-05  2.39818588e-07  5.93053217e-05  3.82003702e-01 
 5.93054613e-05  5.00302597e-05  5.93054613e-05  2.39508264e-07  5.93054613e-05  3.84359048e-01 
 5.93055788e-05  5.02238620e-05  5.93055788e-05  2.39266496e-07  5.93055788e-05  3.86341654e-01 
 5.93057157e-05  5.04594483e-05  5.93057157e-05  2.38968257e-07  5.93057157e-05  3.88650623e-01 
 5.93058518e-05  5.07763231e-05  5.93058518e-05  2.38611905e-07  5.93058518e-05  3.90945803e-01 
 5.93059911e-05  5.10904323e-05  5.93059911e-05  2.38228000e-07  5.93059911e-05  3.93296416e-01 
 5.93061083e-05  5.12835254e-05  5.93061083e-05  2.37929263e-07  5.93061083e-05  3.95272853e-01 
 5.93062454e-05  5.15201384e-05  5.93062454e-05  2.37558841e-07  5.93062454e-05  3.97585214e-01 
 5.93063823e-05  5.18395509e-05  5.93063823e-05  2.37114368e-07  5.93063823e-05  3.99893960e-01 
 5.93065213e-05  5.21531031e-05  5.93065213e-05  2.36639957e-07  5.93065213e-05  4.02238621e-01 
 5.93066380e-05  5.23458619e-05  5.93066380e-05  2.36271320e-07  5.93066380e-05  4.04207471e-01 
 5.93067753e-05  5.25840908e-05  5.93067753e-05  2.35811299e-07  5.93067753e-05  4.06523951e-01 
 5.93069132e-05  5.29070672e-05  5.93069132e-05  2.35256289e-07  5.93069132e-05  4.08849984e-01 
 5.93070518e-05  5.32202438e-05  5.93070518e-05  2.34670802e-07  5.93070518e-05  4.11187135e-01 
 5.93071679e-05  5.34128800e-05  5.93071679e-05  2.34216619e-07  5.93071679e-05  4.13146674e-01 
 5.93073055e-05  5.36534535e-05  5.93073055e-05  2.33645368e-07  5.93073055e-05  4.15468124e-01 
 5.93074447e-05  5.39813179e-05  5.93074447e-05  2.32951234e-07  5.93074447e-05  4.17816347e-01 
 5.93075827e-05  5.42943174e-05  5.93075827e-05  2.32229801e-07  5.93075827e-05  4.20143979e-01 
 5.93076982e-05  5.44870865e-05  5.93076982e-05  2.31671233e-07  5.93076982e-05  4.22092121e-01 
 5.93078362e-05  5.47309063e-05  5.93078362e-05  2.30961871e-07  5.93078362e-05  4.24419519e-01 
 5.93079771e-05  5.50653910e-05  5.93079771e-05  2.30091801e-07  5.93079771e-05  4.26796515e-01 
 5.93081144e-05  5.53784169e-05  5.93081144e-05  2.29204561e-07  5.93081144e-05  4.29112007e-01 
 5.93082291e-05  5.55716259e-05  5.93082291e-05  2.28519068e-07  5.93082291e-05  4.31046251e-01 
 5.93083674e-05  5.58198091e-05  5.93083674e-05  2.27638150e-07  5.93083674e-05  4.33380687e-01 
 5.93085106e-05  5.61632245e-05  5.93085106e-05  2.26544087e-07  5.93085106e-05  4.35795515e-01 
 5.93086469e-05  5.64764582e-05  5.93086469e-05  2.25455527e-07  5.93086469e-05  4.38095394e-01 
 5.93087606e-05  5.66704744e-05  5.93087606e-05  2.24616321e-07  5.93087606e-05  4.40012760e-01 
 5.93088995e-05  5.69244069e-05  5.93088995e-05  2.23522182e-07  5.93088995e-05  4.42355396e-01 
 5.93090457e-05  5.72799196e-05  5.93090457e-05  2.22140111e-07  5.93090457e-05  4.44820962e-01 
 5.93091808e-05  5.75934644e-05  5.93091808e-05  2.20808597e-07  5.93091808e-05  4.47100529e-01 
 5.93092933e-05  5.77887254e-05  5.93092933e-05  2.19784080e-07  5.93092933e-05  4.48997517e-01 
 5.93094327e-05  5.80501320e-05  5.93094327e-05  2.18424708e-07  5.93094327e-05  4.51349488e-01 
 5.93095662e-05  5.83817339e-05  5.93095662e-05  2.16866321e-07  5.93095662e-05  4.53602184e-01 
 5.93097079e-05  5.87179290e-05  5.93097079e-05  2.15146709e-07  5.93097079e-05  4.55991329e-01 
 5.93098241e-05  5.89261440e-05  5.93098241e-05  2.13838983e-07  5.93098241e-05  4.57952515e-01 
 5.93099638e-05  5.91957222e-05  5.93099638e-05  2.12157605e-07  5.93099638e-05  4.60308834e-01 
 5.93100988e-05  5.95383159e-05  5.93100988e-05  2.10214293e-07  5.93100988e-05  4.62585973e-01 
 5.93102421e-05  5.98849060e-05  5.93102421e-05  2.08073031e-07  5.93102421e-05  4.65003594e-01 
 5.93103586e-05  6.00996001e-05  5.93103586e-05  2.06460540e-07  5.93103586e-05  4.66967459e-01 
 5.93104995e-05  6.03828189e-05  5.93104995e-05  2.04361294e-07  5.93104995e-05  4.69344101e-01 
 5.93106324e-05  6.07306793e-05  5.93106324e-05  2.01996347e-07  5.93106324e-05  4.71586861e-01 
 5.93107775e-05  6.10898968e-05  5.93107775e-05  1.99332927e-07  5.93107775e-05  4.74033947e-01 
 5.93108932e-05  6.13113538e-05  5.93108932e-05  1.97360973e-07  5.93108932e-05  4.75986802e-01 
 5.93110349e-05  6.16097494e-05  5.93110349e-05  1.94752953e-07  5.93110349e-05  4.78375626e-01 
 5.93111659e-05  6.19651578e-05  5.93111659e-05  1.91877001e-07  5.93111659e-05  4.80586744e-01 
 5.93113128e-05  6.23402959e-05  5.93113128e-05  1.88567333e-07  5.93113128e-05  4.83064332e-01 
 5.93114286e-05  6.25723988e-05  5.93114286e-05  1.86143203e-07  5.93114286e-05  4.85018003e-01 
 5.93115715e-05  6.28907180e-05  5.93115715e-05  1.82892628e-07  5.93115715e-05  4.87427990e-01 
 5.93117013e-05  6.32579652e-05  5.93117013e-05  1.79382368e-07  5.93117013e-05  4.89617613e-01 
 5.93118506e-05  6.36536291e-05  5.93118506e-05  1.75261344e-07  5.93118506e-05  4.92135433e-01 
 5.93119666e-05  6.38995674e-05  5.93119666e-05  1.72279346e-07  5.93119666e-05  4.94093208e-01 
 5.93121112e-05  6.42441019e-05  5.93121112e-05  1.68211002e-07  5.93121112e-05  4.96532130e-01 
 5.93122395e-05  6.46258986e-05  5.93122395e-05  1.63936741e-07  5.93122395e-05  4.98695019e-01 
 5.93123917e-05  6.50475582e-05  5.93123917e-05  1.58797341e-07  5.93123917e-05  5.01262657e-01 
 5.93125086e-05  6.53124790e-05  5.93125086e-05  1.55110589e-07  5.93125086e-05  5.03235582e-01 
 5.93126549e-05  6.56900886e-05  5.93126549e-05  1.50009877e-07  5.93126549e-05  5.05703432e-01 
 5.93127812e-05  6.60895576e-05  5.93127812e-05  1.44818826e-07  5.93127812e-05  5.07833861e-01 
 5.93129370e-05  6.65440788e-05  5.93129370e-05  1.38399871e-07  5.93129370e-05  5.10461854e-01 
 5.93130581e-05  6.68413559e-05  5.93130581e-05  1.33712844e-07  5.93130581e-05  5.12504077e-01 
 5.93132052e-05  6.72591330e-05  5.93132052e-05  1.27329346e-07  5.93132052e-05  5.14985048e-01 
 5.93133303e-05  6.76837179e-05  5.93133303e-05  1.20980228e-07  5.93133303e-05  5.17096324e-01 
 5.93134899e-05  6.81774214e-05  5.93134899e-05  1.12980625e-07  5.93134899e-05  5.19788446e-01 
 5.93136190e-05  6.85270724e-05  5.93136190e-05  1.06820199e-07  5.93136190e-05  5.21965953e-01 
 5.93137675e-05  6.90004726e-05  5.93137675e-05  9.87240071e-08  5.93137675e-05  5.24470542e-01 
 5.93139044e-05  6.95008837e-05  5.93139044e-05  9.01505988e-08  5.93139044e-05  5.26780275e-01 
 5.93140642e-05  7.00245974e-05  5.93140642e-05  8.04688849e-08  5.93140642e-05  5.29476007e-01 
 5.93142153e-05  7.04917718e-05  5.93142153e-05  7.14080394e-08  5.93142153e-05  5.32024115e-01 
 5.93143733e-05  7.10785645e-05  5.93143733e-05  6.02434282e-08  5.93143733e-05  5.34689876e-01 
 5.93145537e-05  7.17805724e-05  5.93145537e-05  4.63770742e-08  5.93145537e-05  5.37733204e-01 
 5.93147368e-05  7.24209196e-05  5.93147368e-05  3.29201741e-08  5.93147368e-05  5.40820941e-01 
 5.93149331e-05  7.31833540e-05  5.93149331e-05  1.67496583e-08  5.93149331e-05  5.44132921e-01 
 5.93151144e-05  7.39813616e-05  5.93151144e-05 -5.45004003e-10  5.93151144e-05  5.47191356e-01 
 5.93153152e-05  7.48037841e-05  5.93153152e-05 -1.92308421e-08  5.93153152e-05  5.50578103e-01 
 5.93155493e-05  7.58167600e-05  5.93155493e-05 -4.27267122e-08  5.93155493e-05  5.54526856e-01 
 5.93157756e-05  7.69421347e-05  5.93157756e-05 -6.96078397e-08  5.93157756e-05  5.58343255e-01 
 5.93160190e-05  7.81202609e-05  5.93160190e-05 -9.86988053e-08  5.93160190e-05  5.62450229e-01 
 5.93163028e-05  7.95981529e-05  5.93163028e-05 -1.36019268e-07  5.93163028e-05  5.67236801e-01 
 5.93165796e-05  8.12303018e-05  5.93165796e-05 -1.78917541e-07  5.93165796e-05  5.71906662e-01 
 5.93168701e-05  8.29512349e-05  5.93168701e-05 -2.24766736e-07  5.93168701e-05  5.76806093e-01 
 5.93173962e-05  8.65568122e-05  5.93173962e-05 -3.24599689e-07  5.93173962e-05  5.85680284e-01 
 5.93179059e-05  9.05717293e-05  5.93179059e-05 -4.40091486e-07  5.93179059e-05  5.94277844e-01 
 5.93183981e-05  9.49803862e-05  5.93183981e-05 -5.68775355e-07  5.93183981e-05  6.02581965e-01 
 5.93190305e-05  1.01787879e-04  5.93190305e-05 -7.75930076e-07  5.93190305e-05  6.13248831e-01 
 5.93197511e-05  1.11128433e-04  5.93197511e-05 -1.05940903e-06  5.93197511e-05  6.25403295e-01 
 5.93209223e-05  1.31760386e-04  5.93209223e-05 -1.70279942e-06  5.93209223e-05  6.45159798e-01 
 5.93232647e-05  2.05275911e-04  5.93232647e-05 -3.90766958e-06  5.93232647e-05  6.84672802e-01 
 5.93272849e-05  5.66162063e-04  5.93272849e-05 -1.37243793e-05  5.93272849e-05  7.52487333e-01 
 5.93312862e-05  1.63402437e-03  5.93312862e-05 -4.04474377e-05  5.93312862e-05  8.19981342e-01 
 5.93365350e-05  5.88650211e-03  5.93365350e-05 -1.27075691e-04  5.93365350e-05  9.08520912e-01 
 5.93426368e-05  1.86416860e-02  5.93426368e-05 -3.13303101e-04  5.93426368e-05  1.01144758e+00 
 5.93511739e-05  5.62785111e-02  5.93511739e-05 -6.41525758e-04  5.93511739e-05  1.15545416e+00 
 5.93647536e-05  1.57163413e-01  5.93647536e-05 -1.05664343e-03  5.93647536e-05  1.38452167e+00 
 5.93790738e-05  2.94066450e-01  5.93790738e-05 -1.30606631e-03  5.93790738e-05  1.62607894e+00 
 5.94077141e-05  5.91792642e-01  5.94077141e-05 -1.65848739e-03  5.94077141e-05  2.10919348e+00 
 5.94357170e-05  8.93074138e-01  5.94357170e-05 -1.97782337e-03  5.94357170e-05  2.58155482e+00 
 5.94653583e-05  1.21646369e+00  5.94653583e-05 -2.31337247e-03  5.94653583e-05  3.08155482e+00 
 5.94949996e-05  1.54224079e+00  5.94949996e-05 -2.64307472e-03  5.94949996e-05  3.58155482e+00 
 5.95246410e-05  1.86793432e+00  5.95246410e-05 -2.96424684e-03  5.95246410e-05  4.08155482e+00 
 5.95518649e-05  2.16561068e+00  5.95518649e-05 -3.25571144e-03  5.95518649e-05  4.54077741e+00 
 5.95790889e-05  2.46103341e+00  5.95790889e-05 -3.54075029e-03  5.95790889e-05  5.00000000e+00 
 5.95820530e-05  2.48758748e+00  5.95820530e-05 -3.38424352e-03  5.95820530e-05  5.00000000e+00 
 5.95879813e-05  2.53000809e+00  5.95879813e-05 -3.06618144e-03  5.95879813e-05  5.00000000e+00 
 5.95998378e-05  2.57125729e+00  5.95998378e-05 -2.73182010e-03  5.95998378e-05  5.00000000e+00 
 5.96171954e-05  2.58804667e+00  5.96171954e-05 -2.62115422e-03  5.96171954e-05  5.00000000e+00 
 5.96431163e-05  2.59146658e+00  5.96431163e-05 -2.58479477e-03  5.96431163e-05  5.00000000e+00 
 5.96704018e-05  2.59125691e+00  5.96704018e-05 -2.59637705e-03  5.96704018e-05  5.00000000e+00 
 5.97000431e-05  2.59132909e+00  5.97000431e-05 -2.58670745e-03  5.97000431e-05  5.00000000e+00 
 5.97296845e-05  2.59127951e+00  5.97296845e-05 -2.59555640e-03  5.97296845e-05  5.00000000e+00 
 5.97593258e-05  2.59133605e+00  5.97593258e-05 -2.58745019e-03  5.97593258e-05  5.00000000e+00 
 5.97889671e-05  2.59128527e+00  5.97889671e-05 -2.59482002e-03  5.97889671e-05  5.00000000e+00 
 5.98186085e-05  2.59133240e+00  5.98186085e-05 -2.58812349e-03  5.98186085e-05  5.00000000e+00 
 5.98482498e-05  2.59129033e+00  5.98482498e-05 -2.59420837e-03  5.98482498e-05  5.00000000e+00 
 5.98778911e-05  2.59132922e+00  5.98778911e-05 -2.58868007e-03  5.98778911e-05  5.00000000e+00 
 5.99075325e-05  2.59129440e+00  5.99075325e-05 -2.59370288e-03  5.99075325e-05  5.00000000e+00 
 5.99371738e-05  2.59132649e+00  5.99371738e-05 -2.58913988e-03  5.99371738e-05  5.00000000e+00 
 5.99668152e-05  2.59129769e+00  5.99668152e-05 -2.59328522e-03  5.99668152e-05  5.00000000e+00 
 5.99964565e-05  2.59132417e+00  5.99964565e-05 -2.58951975e-03  5.99964565e-05  5.00000000e+00 
 6.00260978e-05  2.59130035e+00  6.00260978e-05 -2.59294015e-03  6.00260978e-05  5.00000000e+00 
 6.00557392e-05  2.59132221e+00  6.00557392e-05 -2.58983356e-03  6.00557392e-05  5.00000000e+00 
 6.00853805e-05  2.59130251e+00  6.00853805e-05 -2.59265504e-03  6.00853805e-05  5.00000000e+00 
 6.01150218e-05  2.59132055e+00  6.01150218e-05 -2.59009281e-03  6.01150218e-05  5.00000000e+00 
 6.01446632e-05  2.59130427e+00  6.01446632e-05 -2.59241949e-03  6.01446632e-05  5.00000000e+00 
 6.01743045e-05  2.59131917e+00  6.01743045e-05 -2.59030699e-03  6.01743045e-05  5.00000000e+00 
 6.02039459e-05  2.59130570e+00  6.02039459e-05 -2.59222487e-03  6.02039459e-05  5.00000000e+00 
 6.02335872e-05  2.59131801e+00  6.02335872e-05 -2.59048393e-03  6.02335872e-05  5.00000000e+00 
 6.02632285e-05  2.59130688e+00  6.02632285e-05 -2.59206409e-03  6.02632285e-05  5.00000000e+00 
 6.02928699e-05  2.59131704e+00  6.02928699e-05 -2.59063011e-03  6.02928699e-05  5.00000000e+00 
 6.03225112e-05  2.59130784e+00  6.03225112e-05 -2.59193126e-03  6.03225112e-05  5.00000000e+00 
 6.03521525e-05  2.59131623e+00  6.03521525e-05 -2.59075087e-03  6.03521525e-05  5.00000000e+00 
 6.03817939e-05  2.59130863e+00  6.03817939e-05 -2.59182152e-03  6.03817939e-05  5.00000000e+00 
 6.04114352e-05  2.59131556e+00  6.04114352e-05 -2.59085063e-03  6.04114352e-05  5.00000000e+00 
 6.04410766e-05  2.59130928e+00  6.04410766e-05 -2.59173086e-03  6.04410766e-05  5.00000000e+00 
 6.04707179e-05  2.59131500e+00  6.04707179e-05 -2.59093304e-03  6.04707179e-05  5.00000000e+00 
 6.05003592e-05  2.59130981e+00  6.05003592e-05 -2.59165596e-03  6.05003592e-05  5.00000000e+00 
 6.05300006e-05  2.59131454e+00  6.05300006e-05 -2.59100112e-03  6.05300006e-05  5.00000000e+00 
 6.05596419e-05  2.59131025e+00  6.05596419e-05 -2.59159409e-03  6.05596419e-05  5.00000000e+00 
 6.05892833e-05  2.59131415e+00  6.05892833e-05 -2.59105736e-03  6.05892833e-05  5.00000000e+00 
 6.06189246e-05  2.59131061e+00  6.06189246e-05 -2.59154298e-03  6.06189246e-05  5.00000000e+00 
 6.06485659e-05  2.59131384e+00  6.06485659e-05 -2.59110382e-03  6.06485659e-05  5.00000000e+00 
 6.06782073e-05  2.59131091e+00  6.06782073e-05 -2.59150076e-03  6.06782073e-05  5.00000000e+00 
 6.07078486e-05  2.59131357e+00  6.07078486e-05 -2.59114219e-03  6.07078486e-05  5.00000000e+00 
 6.07374899e-05  2.59131115e+00  6.07374899e-05 -2.59146588e-03  6.07374899e-05  5.00000000e+00 
 6.07671313e-05  2.59131335e+00  6.07671313e-05 -2.59117389e-03  6.07671313e-05  5.00000000e+00 
 6.07967726e-05  2.59131135e+00  6.07967726e-05 -2.59143708e-03  6.07967726e-05  5.00000000e+00 
 6.08264140e-05  2.59131317e+00  6.08264140e-05 -2.59120007e-03  6.08264140e-05  5.00000000e+00 
 6.08560553e-05  2.59131152e+00  6.08560553e-05 -2.59141328e-03  6.08560553e-05  5.00000000e+00 
 6.08856966e-05  2.59131302e+00  6.08856966e-05 -2.59122169e-03  6.08856966e-05  5.00000000e+00 
 6.09153380e-05  2.59131166e+00  6.09153380e-05 -2.59139364e-03  6.09153380e-05  5.00000000e+00 
 6.09449793e-05  2.59131290e+00  6.09449793e-05 -2.59123955e-03  6.09449793e-05  5.00000000e+00 
 6.09746206e-05  2.59131177e+00  6.09746206e-05 -2.59137741e-03  6.09746206e-05  5.00000000e+00 
 6.10042620e-05  2.59131280e+00  6.10042620e-05 -2.59125429e-03  6.10042620e-05  5.00000000e+00 
 6.10339033e-05  2.59131186e+00  6.10339033e-05 -2.59136401e-03  6.10339033e-05  5.00000000e+00 
 6.10635447e-05  2.59131271e+00  6.10635447e-05 -2.59126647e-03  6.10635447e-05  5.00000000e+00 
 6.10931860e-05  2.59131194e+00  6.10931860e-05 -2.59135295e-03  6.10931860e-05  5.00000000e+00 
 6.11228273e-05  2.59131264e+00  6.11228273e-05 -2.59127652e-03  6.11228273e-05  5.00000000e+00 
 6.11524687e-05  2.59131201e+00  6.11524687e-05 -2.59134382e-03  6.11524687e-05  5.00000000e+00 
 6.11821100e-05  2.59131258e+00  6.11821100e-05 -2.59128482e-03  6.11821100e-05  5.00000000e+00 
 6.12117513e-05  2.59131206e+00  6.12117513e-05 -2.59133628e-03  6.12117513e-05  5.00000000e+00 
 6.12413927e-05  2.59131254e+00  6.12413927e-05 -2.59129166e-03  6.12413927e-05  5.00000000e+00 
 6.12710340e-05  2.59131210e+00  6.12710340e-05 -2.59133006e-03  6.12710340e-05  5.00000000e+00 
 6.13006754e-05  2.59131250e+00  6.13006754e-05 -2.59129731e-03  6.13006754e-05  5.00000000e+00 
 6.13303167e-05  2.59131214e+00  6.13303167e-05 -2.59132493e-03  6.13303167e-05  5.00000000e+00 
 6.13599580e-05  2.59131246e+00  6.13599580e-05 -2.59130197e-03  6.13599580e-05  5.00000000e+00 
 6.13895994e-05  2.59131217e+00  6.13895994e-05 -2.59132069e-03  6.13895994e-05  5.00000000e+00 
 6.14192407e-05  2.59131244e+00  6.14192407e-05 -2.59130582e-03  6.14192407e-05  5.00000000e+00 
 6.14488820e-05  2.59131219e+00  6.14488820e-05 -2.59131720e-03  6.14488820e-05  5.00000000e+00 
 6.14785234e-05  2.59131242e+00  6.14785234e-05 -2.59130899e-03  6.14785234e-05  5.00000000e+00 
 6.15081647e-05  2.59131221e+00  6.15081647e-05 -2.59131433e-03  6.15081647e-05  5.00000000e+00 
 6.15378061e-05  2.59131240e+00  6.15378061e-05 -2.59131160e-03  6.15378061e-05  5.00000000e+00 
 6.15674474e-05  2.59131223e+00  6.15674474e-05 -2.59131196e-03  6.15674474e-05  5.00000000e+00 
 6.15970887e-05  2.59131238e+00  6.15970887e-05 -2.59131374e-03  6.15970887e-05  5.00000000e+00 
 6.16267301e-05  2.59131224e+00  6.16267301e-05 -2.59131001e-03  6.16267301e-05  5.00000000e+00 
 6.16563714e-05  2.59131237e+00  6.16563714e-05 -2.59131551e-03  6.16563714e-05  5.00000000e+00 
 6.16860127e-05  2.59131226e+00  6.16860127e-05 -2.59130841e-03  6.16860127e-05  5.00000000e+00 
 6.17156541e-05  2.59131236e+00  6.17156541e-05 -2.59131697e-03  6.17156541e-05  5.00000000e+00 
 6.17452954e-05  2.59131226e+00  6.17452954e-05 -2.59130709e-03  6.17452954e-05  5.00000000e+00 
 6.17749368e-05  2.59131235e+00  6.17749368e-05 -2.59131816e-03  6.17749368e-05  5.00000000e+00 
 6.18045781e-05  2.59131227e+00  6.18045781e-05 -2.59130601e-03  6.18045781e-05  5.00000000e+00 
 6.18342194e-05  2.59131234e+00  6.18342194e-05 -2.59131914e-03  6.18342194e-05  5.00000000e+00 
 6.18638608e-05  2.59131228e+00  6.18638608e-05 -2.59130512e-03  6.18638608e-05  5.00000000e+00 
 6.18935021e-05  2.59131234e+00  6.18935021e-05 -2.59131994e-03  6.18935021e-05  5.00000000e+00 
 6.19231435e-05  2.59131228e+00  6.19231435e-05 -2.59130440e-03  6.19231435e-05  5.00000000e+00 
 6.19527848e-05  2.59131233e+00  6.19527848e-05 -2.59132060e-03  6.19527848e-05  5.00000000e+00 
 6.19824261e-05  2.59131229e+00  6.19824261e-05 -2.59130380e-03  6.19824261e-05  5.00000000e+00 
 6.20120675e-05  2.59131233e+00  6.20120675e-05 -2.59132113e-03  6.20120675e-05  5.00000000e+00 
 6.20417088e-05  2.59131229e+00  6.20417088e-05 -2.59130332e-03  6.20417088e-05  5.00000000e+00 
 6.20713501e-05  2.59131233e+00  6.20713501e-05 -2.59132157e-03  6.20713501e-05  5.00000000e+00 
 6.21009915e-05  2.59131230e+00  6.21009915e-05 -2.59130293e-03  6.21009915e-05  5.00000000e+00 
 6.21306328e-05  2.59131232e+00  6.21306328e-05 -2.59132192e-03  6.21306328e-05  5.00000000e+00 
 6.21602742e-05  2.59131230e+00  6.21602742e-05 -2.59130261e-03  6.21602742e-05  5.00000000e+00 
 6.21899155e-05  2.59131232e+00  6.21899155e-05 -2.59132220e-03  6.21899155e-05  5.00000000e+00 
 6.22195568e-05  2.59131230e+00  6.22195568e-05 -2.59130236e-03  6.22195568e-05  5.00000000e+00 
 6.22491982e-05  2.59131232e+00  6.22491982e-05 -2.59132243e-03  6.22491982e-05  5.00000000e+00 
 6.22788395e-05  2.59131230e+00  6.22788395e-05 -2.59130216e-03  6.22788395e-05  5.00000000e+00 
 6.23084808e-05  2.59131232e+00  6.23084808e-05 -2.59132261e-03  6.23084808e-05  5.00000000e+00 
 6.23381222e-05  2.59131230e+00  6.23381222e-05 -2.59130200e-03  6.23381222e-05  5.00000000e+00 
 6.23677635e-05  2.59131232e+00  6.23677635e-05 -2.59132275e-03  6.23677635e-05  5.00000000e+00 
 6.23974049e-05  2.59131230e+00  6.23974049e-05 -2.59130187e-03  6.23974049e-05  5.00000000e+00 
 6.24270462e-05  2.59131231e+00  6.24270462e-05 -2.59132286e-03  6.24270462e-05  5.00000000e+00 
 6.24566875e-05  2.59131230e+00  6.24566875e-05 -2.59130177e-03  6.24566875e-05  5.00000000e+00 
 6.24863289e-05  2.59131231e+00  6.24863289e-05 -2.59132295e-03  6.24863289e-05  5.00000000e+00 
 6.25159702e-05  2.59131231e+00  6.25159702e-05 -2.59130170e-03  6.25159702e-05  5.00000000e+00 
 6.25456115e-05  2.59131231e+00  6.25456115e-05 -2.59132301e-03  6.25456115e-05  5.00000000e+00 
 6.25752529e-05  2.59131231e+00  6.25752529e-05 -2.59130165e-03  6.25752529e-05  5.00000000e+00 
 6.26048942e-05  2.59131231e+00  6.26048942e-05 -2.59132306e-03  6.26048942e-05  5.00000000e+00 
 6.26345356e-05  2.59131231e+00  6.26345356e-05 -2.59130161e-03  6.26345356e-05  5.00000000e+00 
 6.26641769e-05  2.59131231e+00  6.26641769e-05 -2.59132309e-03  6.26641769e-05  5.00000000e+00 
 6.26938182e-05  2.59131231e+00  6.26938182e-05 -2.59130158e-03  6.26938182e-05  5.00000000e+00 
 6.27234596e-05  2.59131231e+00  6.27234596e-05 -2.59132311e-03  6.27234596e-05  5.00000000e+00 
 6.27531009e-05  2.59131231e+00  6.27531009e-05 -2.59130157e-03  6.27531009e-05  5.00000000e+00 
 6.27827422e-05  2.59131231e+00  6.27827422e-05 -2.59132311e-03  6.27827422e-05  5.00000000e+00 
 6.28123836e-05  2.59131231e+00  6.28123836e-05 -2.59130157e-03  6.28123836e-05  5.00000000e+00 
 6.28420249e-05  2.59131231e+00  6.28420249e-05 -2.59132311e-03  6.28420249e-05  5.00000000e+00 
 6.28716663e-05  2.59131231e+00  6.28716663e-05 -2.59130157e-03  6.28716663e-05  5.00000000e+00 
 6.29013076e-05  2.59131231e+00  6.29013076e-05 -2.59132311e-03  6.29013076e-05  5.00000000e+00 
 6.29309489e-05  2.59131231e+00  6.29309489e-05 -2.59130158e-03  6.29309489e-05  5.00000000e+00 
 6.29605903e-05  2.59131231e+00  6.29605903e-05 -2.59132310e-03  6.29605903e-05  5.00000000e+00 
 6.29902316e-05  2.59131231e+00  6.29902316e-05 -2.59130159e-03  6.29902316e-05  5.00000000e+00 
 6.30198729e-05  2.59131231e+00  6.30198729e-05 -2.59132308e-03  6.30198729e-05  5.00000000e+00 
 6.30495143e-05  2.59131231e+00  6.30495143e-05 -2.59130161e-03  6.30495143e-05  5.00000000e+00 
 6.30791556e-05  2.59131231e+00  6.30791556e-05 -2.59132306e-03  6.30791556e-05  5.00000000e+00 
 6.31087970e-05  2.59131231e+00  6.31087970e-05 -2.59130163e-03  6.31087970e-05  5.00000000e+00 
 6.31384383e-05  2.59131231e+00  6.31384383e-05 -2.59132304e-03  6.31384383e-05  5.00000000e+00 
 6.31680796e-05  2.59131231e+00  6.31680796e-05 -2.59130166e-03  6.31680796e-05  5.00000000e+00 
 6.31977210e-05  2.59131231e+00  6.31977210e-05 -2.59132301e-03  6.31977210e-05  5.00000000e+00 
 6.32273623e-05  2.59131231e+00  6.32273623e-05 -2.59130169e-03  6.32273623e-05  5.00000000e+00 
 6.32570036e-05  2.59131231e+00  6.32570036e-05 -2.59132298e-03  6.32570036e-05  5.00000000e+00 
 6.32866450e-05  2.59131231e+00  6.32866450e-05 -2.59130172e-03  6.32866450e-05  5.00000000e+00 
 6.33162863e-05  2.59131231e+00  6.33162863e-05 -2.59132295e-03  6.33162863e-05  5.00000000e+00 
 6.33459277e-05  2.59131231e+00  6.33459277e-05 -2.59130175e-03  6.33459277e-05  5.00000000e+00 
 6.33755690e-05  2.59131231e+00  6.33755690e-05 -2.59132292e-03  6.33755690e-05  5.00000000e+00 
 6.34052103e-05  2.59131231e+00  6.34052103e-05 -2.59130178e-03  6.34052103e-05  5.00000000e+00 
 6.34348517e-05  2.59131231e+00  6.34348517e-05 -2.59132289e-03  6.34348517e-05  5.00000000e+00 
 6.34644930e-05  2.59131231e+00  6.34644930e-05 -2.59130181e-03  6.34644930e-05  5.00000000e+00 
 6.34941344e-05  2.59131231e+00  6.34941344e-05 -2.59132286e-03  6.34941344e-05  5.00000000e+00 
 6.35237757e-05  2.59131231e+00  6.35237757e-05 -2.59130184e-03  6.35237757e-05  5.00000000e+00 
 6.35534170e-05  2.59131231e+00  6.35534170e-05 -2.59132282e-03  6.35534170e-05  5.00000000e+00 
 6.35830584e-05  2.59131231e+00  6.35830584e-05 -2.59130188e-03  6.35830584e-05  5.00000000e+00 
 6.36126997e-05  2.59131231e+00  6.36126997e-05 -2.59132279e-03  6.36126997e-05  5.00000000e+00 
 6.36423410e-05  2.59131231e+00  6.36423410e-05 -2.59130191e-03  6.36423410e-05  5.00000000e+00 
 6.36719824e-05  2.59131231e+00  6.36719824e-05 -2.59132275e-03  6.36719824e-05  5.00000000e+00 
 6.37016237e-05  2.59131231e+00  6.37016237e-05 -2.59130195e-03  6.37016237e-05  5.00000000e+00 
 6.37312651e-05  2.59131231e+00  6.37312651e-05 -2.59132272e-03  6.37312651e-05  5.00000000e+00 
 6.37609064e-05  2.59131231e+00  6.37609064e-05 -2.59130198e-03  6.37609064e-05  5.00000000e+00 
 6.37905477e-05  2.59131231e+00  6.37905477e-05 -2.59132268e-03  6.37905477e-05  5.00000000e+00 
 6.38201891e-05  2.59131231e+00  6.38201891e-05 -2.59130202e-03  6.38201891e-05  5.00000000e+00 
 6.38498304e-05  2.59131231e+00  6.38498304e-05 -2.59132265e-03  6.38498304e-05  5.00000000e+00 
 6.38794717e-05  2.59131231e+00  6.38794717e-05 -2.59130205e-03  6.38794717e-05  5.00000000e+00 
 6.39091131e-05  2.59131231e+00  6.39091131e-05 -2.59132261e-03  6.39091131e-05  5.00000000e+00 
 6.39387544e-05  2.59131231e+00  6.39387544e-05 -2.59130209e-03  6.39387544e-05  5.00000000e+00 
 6.39683958e-05  2.59131231e+00  6.39683958e-05 -2.59132257e-03  6.39683958e-05  5.00000000e+00 
 6.39980371e-05  2.59131231e+00  6.39980371e-05 -2.59130213e-03  6.39980371e-05  5.00000000e+00 
 6.40276784e-05  2.59131231e+00  6.40276784e-05 -2.59132254e-03  6.40276784e-05  5.00000000e+00 
 6.40573198e-05  2.59131231e+00  6.40573198e-05 -2.59130216e-03  6.40573198e-05  5.00000000e+00 
 6.40869611e-05  2.59131231e+00  6.40869611e-05 -2.59132250e-03  6.40869611e-05  5.00000000e+00 
 6.41166024e-05  2.59131231e+00  6.41166024e-05 -2.59130220e-03  6.41166024e-05  5.00000000e+00 
 6.41462438e-05  2.59131231e+00  6.41462438e-05 -2.59132247e-03  6.41462438e-05  5.00000000e+00 
 6.41758851e-05  2.59131231e+00  6.41758851e-05 -2.59130223e-03  6.41758851e-05  5.00000000e+00 
 6.42055265e-05  2.59131231e+00  6.42055265e-05 -2.59132243e-03  6.42055265e-05  5.00000000e+00 
 6.42351678e-05  2.59131231e+00  6.42351678e-05 -2.59130227e-03  6.42351678e-05  5.00000000e+00 
 6.42648091e-05  2.59131231e+00  6.42648091e-05 -2.59132240e-03  6.42648091e-05  5.00000000e+00 
 6.42944505e-05  2.59131231e+00  6.42944505e-05 -2.59130231e-03  6.42944505e-05  5.00000000e+00 
 6.43240918e-05  2.59131231e+00  6.43240918e-05 -2.59132236e-03  6.43240918e-05  5.00000000e+00 
 6.43537331e-05  2.59131231e+00  6.43537331e-05 -2.59130234e-03  6.43537331e-05  5.00000000e+00 
 6.43833745e-05  2.59131231e+00  6.43833745e-05 -2.59132232e-03  6.43833745e-05  5.00000000e+00 
 6.44130158e-05  2.59131231e+00  6.44130158e-05 -2.59130238e-03  6.44130158e-05  5.00000000e+00 
 6.44426572e-05  2.59131231e+00  6.44426572e-05 -2.59132229e-03  6.44426572e-05  5.00000000e+00 
 6.44722985e-05  2.59131231e+00  6.44722985e-05 -2.59130241e-03  6.44722985e-05  5.00000000e+00 
 6.45019398e-05  2.59131231e+00  6.45019398e-05 -2.59132225e-03  6.45019398e-05  5.00000000e+00 
 6.45315812e-05  2.59131231e+00  6.45315812e-05 -2.59130245e-03  6.45315812e-05  5.00000000e+00 
 6.45612225e-05  2.59131231e+00  6.45612225e-05 -2.59132222e-03  6.45612225e-05  5.00000000e+00 
 6.45908638e-05  2.59131231e+00  6.45908638e-05 -2.59130248e-03  6.45908638e-05  5.00000000e+00 
 6.46205052e-05  2.59131231e+00  6.46205052e-05 -2.59132218e-03  6.46205052e-05  5.00000000e+00 
 6.46501465e-05  2.59131231e+00  6.46501465e-05 -2.59130252e-03  6.46501465e-05  5.00000000e+00 
 6.46797879e-05  2.59131231e+00  6.46797879e-05 -2.59132215e-03  6.46797879e-05  5.00000000e+00 
 6.47094292e-05  2.59131231e+00  6.47094292e-05 -2.59130255e-03  6.47094292e-05  5.00000000e+00 
 6.47390705e-05  2.59131231e+00  6.47390705e-05 -2.59132211e-03  6.47390705e-05  5.00000000e+00 
 6.47687119e-05  2.59131231e+00  6.47687119e-05 -2.59130259e-03  6.47687119e-05  5.00000000e+00 
 6.47983532e-05  2.59131231e+00  6.47983532e-05 -2.59132208e-03  6.47983532e-05  5.00000000e+00 
 6.48279945e-05  2.59131231e+00  6.48279945e-05 -2.59130262e-03  6.48279945e-05  5.00000000e+00 
 6.48576359e-05  2.59131231e+00  6.48576359e-05 -2.59132204e-03  6.48576359e-05  5.00000000e+00 
 6.48872772e-05  2.59131231e+00  6.48872772e-05 -2.59130266e-03  6.48872772e-05  5.00000000e+00 
 6.49169186e-05  2.59131231e+00  6.49169186e-05 -2.59132201e-03  6.49169186e-05  5.00000000e+00 
 6.49465599e-05  2.59131231e+00  6.49465599e-05 -2.59130269e-03  6.49465599e-05  5.00000000e+00 
 6.49762012e-05  2.59131231e+00  6.49762012e-05 -2.59132197e-03  6.49762012e-05  5.00000000e+00 
 6.50058426e-05  2.59131231e+00  6.50058426e-05 -2.59130273e-03  6.50058426e-05  5.00000000e+00 
 6.50354839e-05  2.59131231e+00  6.50354839e-05 -2.59132194e-03  6.50354839e-05  5.00000000e+00 
 6.50651253e-05  2.59131231e+00  6.50651253e-05 -2.59130276e-03  6.50651253e-05  5.00000000e+00 
 6.50947666e-05  2.59131231e+00  6.50947666e-05 -2.59132190e-03  6.50947666e-05  5.00000000e+00 
 6.51244079e-05  2.59131231e+00  6.51244079e-05 -2.59130280e-03  6.51244079e-05  5.00000000e+00 
 6.51540493e-05  2.59131231e+00  6.51540493e-05 -2.59132187e-03  6.51540493e-05  5.00000000e+00 
 6.51836906e-05  2.59131231e+00  6.51836906e-05 -2.59130283e-03  6.51836906e-05  5.00000000e+00 
 6.52133319e-05  2.59131231e+00  6.52133319e-05 -2.59132183e-03  6.52133319e-05  5.00000000e+00 
 6.52429733e-05  2.59131231e+00  6.52429733e-05 -2.59130287e-03  6.52429733e-05  5.00000000e+00 
 6.52726146e-05  2.59131231e+00  6.52726146e-05 -2.59132180e-03  6.52726146e-05  5.00000000e+00 
 6.53022560e-05  2.59131231e+00  6.53022560e-05 -2.59130290e-03  6.53022560e-05  5.00000000e+00 
 6.53318973e-05  2.59131231e+00  6.53318973e-05 -2.59132177e-03  6.53318973e-05  5.00000000e+00 
 6.53615386e-05  2.59131231e+00  6.53615386e-05 -2.59130293e-03  6.53615386e-05  5.00000000e+00 
 6.53911800e-05  2.59131231e+00  6.53911800e-05 -2.59132173e-03  6.53911800e-05  5.00000000e+00 
 6.54208213e-05  2.59131231e+00  6.54208213e-05 -2.59130297e-03  6.54208213e-05  5.00000000e+00 
 6.54504626e-05  2.59131231e+00  6.54504626e-05 -2.59132170e-03  6.54504626e-05  5.00000000e+00 
 6.54801040e-05  2.59131231e+00  6.54801040e-05 -2.59130300e-03  6.54801040e-05  5.00000000e+00 
 6.55097453e-05  2.59131231e+00  6.55097453e-05 -2.59132166e-03  6.55097453e-05  5.00000000e+00 
 6.55393867e-05  2.59131231e+00  6.55393867e-05 -2.59130303e-03  6.55393867e-05  5.00000000e+00 
 6.55690280e-05  2.59131231e+00  6.55690280e-05 -2.59132163e-03  6.55690280e-05  5.00000000e+00 
 6.55986693e-05  2.59131231e+00  6.55986693e-05 -2.59130307e-03  6.55986693e-05  5.00000000e+00 
 6.56283107e-05  2.59131231e+00  6.56283107e-05 -2.59132160e-03  6.56283107e-05  5.00000000e+00 
 6.56579520e-05  2.59131231e+00  6.56579520e-05 -2.59130310e-03  6.56579520e-05  5.00000000e+00 
 6.56875933e-05  2.59131231e+00  6.56875933e-05 -2.59132156e-03  6.56875933e-05  5.00000000e+00 
 6.57172347e-05  2.59131231e+00  6.57172347e-05 -2.59130313e-03  6.57172347e-05  5.00000000e+00 
 6.57468760e-05  2.59131231e+00  6.57468760e-05 -2.59132153e-03  6.57468760e-05  5.00000000e+00 
 6.57765174e-05  2.59131231e+00  6.57765174e-05 -2.59130317e-03  6.57765174e-05  5.00000000e+00 
 6.58061587e-05  2.59131231e+00  6.58061587e-05 -2.59132150e-03  6.58061587e-05  5.00000000e+00 
 6.58358000e-05  2.59131231e+00  6.58358000e-05 -2.59130320e-03  6.58358000e-05  5.00000000e+00 
 6.58654414e-05  2.59131231e+00  6.58654414e-05 -2.59132147e-03  6.58654414e-05  5.00000000e+00 
 6.58950827e-05  2.59131231e+00  6.58950827e-05 -2.59130323e-03  6.58950827e-05  5.00000000e+00 
 6.59247240e-05  2.59131231e+00  6.59247240e-05 -2.59132143e-03  6.59247240e-05  5.00000000e+00 
 6.59543654e-05  2.59131231e+00  6.59543654e-05 -2.59130327e-03  6.59543654e-05  5.00000000e+00 
 6.59840067e-05  2.59131231e+00  6.59840067e-05 -2.59132140e-03  6.59840067e-05  5.00000000e+00 
 6.60136481e-05  2.59131231e+00  6.60136481e-05 -2.59130330e-03  6.60136481e-05  5.00000000e+00 
 6.60432894e-05  2.59131231e+00  6.60432894e-05 -2.59132137e-03  6.60432894e-05  5.00000000e+00 
 6.60729307e-05  2.59131231e+00  6.60729307e-05 -2.59130333e-03  6.60729307e-05  5.00000000e+00 
 6.61025721e-05  2.59131231e+00  6.61025721e-05 -2.59132133e-03  6.61025721e-05  5.00000000e+00 
 6.61322134e-05  2.59131231e+00  6.61322134e-05 -2.59130336e-03  6.61322134e-05  5.00000000e+00 
 6.61618547e-05  2.59131231e+00  6.61618547e-05 -2.59132130e-03  6.61618547e-05  5.00000000e+00 
 6.61914961e-05  2.59131231e+00  6.61914961e-05 -2.59130340e-03  6.61914961e-05  5.00000000e+00 
 6.62211374e-05  2.59131231e+00  6.62211374e-05 -2.59132127e-03  6.62211374e-05  5.00000000e+00 
 6.62507788e-05  2.59131231e+00  6.62507788e-05 -2.59130343e-03  6.62507788e-05  5.00000000e+00 
 6.62804201e-05  2.59131231e+00  6.62804201e-05 -2.59132124e-03  6.62804201e-05  5.00000000e+00 
 6.63100614e-05  2.59131231e+00  6.63100614e-05 -2.59130346e-03  6.63100614e-05  5.00000000e+00 
 6.63397028e-05  2.59131231e+00  6.63397028e-05 -2.59132121e-03  6.63397028e-05  5.00000000e+00 
 6.63693441e-05  2.59131231e+00  6.63693441e-05 -2.59130349e-03  6.63693441e-05  5.00000000e+00 
 6.63989854e-05  2.59131231e+00  6.63989854e-05 -2.59132117e-03  6.63989854e-05  5.00000000e+00 
 6.64286268e-05  2.59131231e+00  6.64286268e-05 -2.59130352e-03  6.64286268e-05  5.00000000e+00 
 6.64582681e-05  2.59131231e+00  6.64582681e-05 -2.59132114e-03  6.64582681e-05  5.00000000e+00 
 6.64879095e-05  2.59131231e+00  6.64879095e-05 -2.59130356e-03  6.64879095e-05  5.00000000e+00 
 6.65175508e-05  2.59131231e+00  6.65175508e-05 -2.59132111e-03  6.65175508e-05  5.00000000e+00 
 6.65471921e-05  2.59131231e+00  6.65471921e-05 -2.59130359e-03  6.65471921e-05  5.00000000e+00 
 6.65768335e-05  2.59131231e+00  6.65768335e-05 -2.59132108e-03  6.65768335e-05  5.00000000e+00 
 6.66064748e-05  2.59131231e+00  6.66064748e-05 -2.59130362e-03  6.66064748e-05  5.00000000e+00 
 6.66361162e-05  2.59131231e+00  6.66361162e-05 -2.59132105e-03  6.66361162e-05  5.00000000e+00 
 6.66657575e-05  2.59131231e+00  6.66657575e-05 -2.59130365e-03  6.66657575e-05  5.00000000e+00 
 6.66953988e-05  2.59131231e+00  6.66953988e-05 -2.59132102e-03  6.66953988e-05  5.00000000e+00 
 6.67250402e-05  2.59131231e+00  6.67250402e-05 -2.59130368e-03  6.67250402e-05  5.00000000e+00 
 6.67546815e-05  2.59131231e+00  6.67546815e-05 -2.59132099e-03  6.67546815e-05  5.00000000e+00 
 6.67843228e-05  2.59131231e+00  6.67843228e-05 -2.59130371e-03  6.67843228e-05  5.00000000e+00 
 6.68139642e-05  2.59131231e+00  6.68139642e-05 -2.59132095e-03  6.68139642e-05  5.00000000e+00 
 6.68436055e-05  2.59131231e+00  6.68436055e-05 -2.59130374e-03  6.68436055e-05  5.00000000e+00 
 6.68732469e-05  2.59131231e+00  6.68732469e-05 -2.59132092e-03  6.68732469e-05  5.00000000e+00 
 6.69028882e-05  2.59131231e+00  6.69028882e-05 -2.59130377e-03  6.69028882e-05  5.00000000e+00 
 6.69325295e-05  2.59131231e+00  6.69325295e-05 -2.59132089e-03  6.69325295e-05  5.00000000e+00 
 6.69621709e-05  2.59131231e+00  6.69621709e-05 -2.59130381e-03  6.69621709e-05  5.00000000e+00 
 6.69918122e-05  2.59131231e+00  6.69918122e-05 -2.59132086e-03  6.69918122e-05  5.00000000e+00 
 6.70214535e-05  2.59131231e+00  6.70214535e-05 -2.59130384e-03  6.70214535e-05  5.00000000e+00 
 6.70510949e-05  2.59131231e+00  6.70510949e-05 -2.59132083e-03  6.70510949e-05  5.00000000e+00 
 6.70807362e-05  2.59131231e+00  6.70807362e-05 -2.59130387e-03  6.70807362e-05  5.00000000e+00 
 6.71103776e-05  2.59131231e+00  6.71103776e-05 -2.59132080e-03  6.71103776e-05  5.00000000e+00 
 6.71400189e-05  2.59131231e+00  6.71400189e-05 -2.59130390e-03  6.71400189e-05  5.00000000e+00 
 6.71696602e-05  2.59131231e+00  6.71696602e-05 -2.59132077e-03  6.71696602e-05  5.00000000e+00 
 6.71993016e-05  2.59131231e+00  6.71993016e-05 -2.59130393e-03  6.71993016e-05  5.00000000e+00 
 6.72289429e-05  2.59131231e+00  6.72289429e-05 -2.59132074e-03  6.72289429e-05  5.00000000e+00 
 6.72585842e-05  2.59131231e+00  6.72585842e-05 -2.59130396e-03  6.72585842e-05  5.00000000e+00 
 6.72882256e-05  2.59131231e+00  6.72882256e-05 -2.59132071e-03  6.72882256e-05  5.00000000e+00 
 6.73178669e-05  2.59131231e+00  6.73178669e-05 -2.59130399e-03  6.73178669e-05  5.00000000e+00 
 6.73475083e-05  2.59131231e+00  6.73475083e-05 -2.59132068e-03  6.73475083e-05  5.00000000e+00 
 6.73771496e-05  2.59131231e+00  6.73771496e-05 -2.59130402e-03  6.73771496e-05  5.00000000e+00 
 6.74067909e-05  2.59131231e+00  6.74067909e-05 -2.59132065e-03  6.74067909e-05  5.00000000e+00 
 6.74364323e-05  2.59131231e+00  6.74364323e-05 -2.59130405e-03  6.74364323e-05  5.00000000e+00 
 6.74660736e-05  2.59131231e+00  6.74660736e-05 -2.59132062e-03  6.74660736e-05  5.00000000e+00 
 6.74957149e-05  2.59131231e+00  6.74957149e-05 -2.59130408e-03  6.74957149e-05  5.00000000e+00 
 6.75253563e-05  2.59131231e+00  6.75253563e-05 -2.59132059e-03  6.75253563e-05  5.00000000e+00 
 6.75549976e-05  2.59131231e+00  6.75549976e-05 -2.59130411e-03  6.75549976e-05  5.00000000e+00 
 6.75846390e-05  2.59131231e+00  6.75846390e-05 -2.59132056e-03  6.75846390e-05  5.00000000e+00 
 6.76142803e-05  2.59131231e+00  6.76142803e-05 -2.59130414e-03  6.76142803e-05  5.00000000e+00 
 6.76439216e-05  2.59131231e+00  6.76439216e-05 -2.59132053e-03  6.76439216e-05  5.00000000e+00 
 6.76735630e-05  2.59131231e+00  6.76735630e-05 -2.59130417e-03  6.76735630e-05  5.00000000e+00 
 6.77032043e-05  2.59131231e+00  6.77032043e-05 -2.59132050e-03  6.77032043e-05  5.00000000e+00 
 6.77328456e-05  2.59131231e+00  6.77328456e-05 -2.59130420e-03  6.77328456e-05  5.00000000e+00 
 6.77624870e-05  2.59131231e+00  6.77624870e-05 -2.59132047e-03  6.77624870e-05  5.00000000e+00 
 6.77921283e-05  2.59131231e+00  6.77921283e-05 -2.59130423e-03  6.77921283e-05  5.00000000e+00 
 6.78217697e-05  2.59131231e+00  6.78217697e-05 -2.59132044e-03  6.78217697e-05  5.00000000e+00 
 6.78514110e-05  2.59131231e+00  6.78514110e-05 -2.59130426e-03  6.78514110e-05  5.00000000e+00 
 6.78810523e-05  2.59131231e+00  6.78810523e-05 -2.59132041e-03  6.78810523e-05  5.00000000e+00 
 6.79106937e-05  2.59131231e+00  6.79106937e-05 -2.59130428e-03  6.79106937e-05  5.00000000e+00 
 6.79403350e-05  2.59131231e+00  6.79403350e-05 -2.59132038e-03  6.79403350e-05  5.00000000e+00 
 6.79699763e-05  2.59131231e+00  6.79699763e-05 -2.59130431e-03  6.79699763e-05  5.00000000e+00 
 6.79996177e-05  2.59131231e+00  6.79996177e-05 -2.59132035e-03  6.79996177e-05  5.00000000e+00 
 6.80292590e-05  2.59131231e+00  6.80292590e-05 -2.59130434e-03  6.80292590e-05  5.00000000e+00 
 6.80589004e-05  2.59131231e+00  6.80589004e-05 -2.59132033e-03  6.80589004e-05  5.00000000e+00 
 6.80885417e-05  2.59131231e+00  6.80885417e-05 -2.59130437e-03  6.80885417e-05  5.00000000e+00 
 6.81181830e-05  2.59131231e+00  6.81181830e-05 -2.59132030e-03  6.81181830e-05  5.00000000e+00 
 6.81478244e-05  2.59131231e+00  6.81478244e-05 -2.59130440e-03  6.81478244e-05  5.00000000e+00 
 6.81774657e-05  2.59131231e+00  6.81774657e-05 -2.59132027e-03  6.81774657e-05  5.00000000e+00 
 6.82071071e-05  2.59131231e+00  6.82071071e-05 -2.59130443e-03  6.82071071e-05  5.00000000e+00 
 6.82367484e-05  2.59131231e+00  6.82367484e-05 -2.59132024e-03  6.82367484e-05  5.00000000e+00 
 6.82663897e-05  2.59131231e+00  6.82663897e-05 -2.59130446e-03  6.82663897e-05  5.00000000e+00 
 6.82960311e-05  2.59131231e+00  6.82960311e-05 -2.59132021e-03  6.82960311e-05  5.00000000e+00 
 6.83256724e-05  2.59131231e+00  6.83256724e-05 -2.59130449e-03  6.83256724e-05  5.00000000e+00 
 6.83553137e-05  2.59131231e+00  6.83553137e-05 -2.59132018e-03  6.83553137e-05  5.00000000e+00 
 6.83849551e-05  2.59131231e+00  6.83849551e-05 -2.59130451e-03  6.83849551e-05  5.00000000e+00 
 6.84145964e-05  2.59131231e+00  6.84145964e-05 -2.59132015e-03  6.84145964e-05  5.00000000e+00 
 6.84442378e-05  2.59131231e+00  6.84442378e-05 -2.59130454e-03  6.84442378e-05  5.00000000e+00 
 6.84738791e-05  2.59131231e+00  6.84738791e-05 -2.59132013e-03  6.84738791e-05  5.00000000e+00 
 6.85035204e-05  2.59131231e+00  6.85035204e-05 -2.59130457e-03  6.85035204e-05  5.00000000e+00 
 6.85331618e-05  2.59131231e+00  6.85331618e-05 -2.59132010e-03  6.85331618e-05  5.00000000e+00 
 6.85628031e-05  2.59131231e+00  6.85628031e-05 -2.59130460e-03  6.85628031e-05  5.00000000e+00 
 6.85924444e-05  2.59131231e+00  6.85924444e-05 -2.59132007e-03  6.85924444e-05  5.00000000e+00 
 6.86220858e-05  2.59131231e+00  6.86220858e-05 -2.59130463e-03  6.86220858e-05  5.00000000e+00 
 6.86517271e-05  2.59131231e+00  6.86517271e-05 -2.59132004e-03  6.86517271e-05  5.00000000e+00 
 6.86813685e-05  2.59131231e+00  6.86813685e-05 -2.59130465e-03  6.86813685e-05  5.00000000e+00 
 6.87110098e-05  2.59131231e+00  6.87110098e-05 -2.59132001e-03  6.87110098e-05  5.00000000e+00 
 6.87406511e-05  2.59131231e+00  6.87406511e-05 -2.59130468e-03  6.87406511e-05  5.00000000e+00 
 6.87702925e-05  2.59131231e+00  6.87702925e-05 -2.59131999e-03  6.87702925e-05  5.00000000e+00 
 6.87999338e-05  2.59131231e+00  6.87999338e-05 -2.59130471e-03  6.87999338e-05  5.00000000e+00 
 6.88295751e-05  2.59131231e+00  6.88295751e-05 -2.59131996e-03  6.88295751e-05  5.00000000e+00 
 6.88592165e-05  2.59131231e+00  6.88592165e-05 -2.59130474e-03  6.88592165e-05  5.00000000e+00 
 6.88888578e-05  2.59131231e+00  6.88888578e-05 -2.59131993e-03  6.88888578e-05  5.00000000e+00 
 6.89184992e-05  2.59131231e+00  6.89184992e-05 -2.59130476e-03  6.89184992e-05  5.00000000e+00 
 6.89481405e-05  2.59131231e+00  6.89481405e-05 -2.59131990e-03  6.89481405e-05  5.00000000e+00 
 6.89777818e-05  2.59131231e+00  6.89777818e-05 -2.59130479e-03  6.89777818e-05  5.00000000e+00 
 6.90074232e-05  2.59131231e+00  6.90074232e-05 -2.59131988e-03  6.90074232e-05  5.00000000e+00 
 6.90370645e-05  2.59131231e+00  6.90370645e-05 -2.59130482e-03  6.90370645e-05  5.00000000e+00 
 6.90667058e-05  2.59131231e+00  6.90667058e-05 -2.59131985e-03  6.90667058e-05  5.00000000e+00 
 6.90963472e-05  2.59131231e+00  6.90963472e-05 -2.59130485e-03  6.90963472e-05  5.00000000e+00 
 6.91259885e-05  2.59131231e+00  6.91259885e-05 -2.59131982e-03  6.91259885e-05  5.00000000e+00 
 6.91556299e-05  2.59131231e+00  6.91556299e-05 -2.59130487e-03  6.91556299e-05  5.00000000e+00 
 6.91852712e-05  2.59131231e+00  6.91852712e-05 -2.59131980e-03  6.91852712e-05  5.00000000e+00 
 6.92149125e-05  2.59131231e+00  6.92149125e-05 -2.59130490e-03  6.92149125e-05  5.00000000e+00 
 6.92445539e-05  2.59131231e+00  6.92445539e-05 -2.59131977e-03  6.92445539e-05  5.00000000e+00 
 6.92741952e-05  2.59131231e+00  6.92741952e-05 -2.59130493e-03  6.92741952e-05  5.00000000e+00 
 6.93038365e-05  2.59131231e+00  6.93038365e-05 -2.59131974e-03  6.93038365e-05  5.00000000e+00 
 6.93334779e-05  2.59131231e+00  6.93334779e-05 -2.59130495e-03  6.93334779e-05  5.00000000e+00 
 6.93631192e-05  2.59131231e+00  6.93631192e-05 -2.59131972e-03  6.93631192e-05  5.00000000e+00 
 6.93927606e-05  2.59131231e+00  6.93927606e-05 -2.59130498e-03  6.93927606e-05  5.00000000e+00 
 6.94224019e-05  2.59131231e+00  6.94224019e-05 -2.59131969e-03  6.94224019e-05  5.00000000e+00 
 6.94520432e-05  2.59131231e+00  6.94520432e-05 -2.59130501e-03  6.94520432e-05  5.00000000e+00 
 6.94816846e-05  2.59131231e+00  6.94816846e-05 -2.59131966e-03  6.94816846e-05  5.00000000e+00 
 6.95113259e-05  2.59131231e+00  6.95113259e-05 -2.59130503e-03  6.95113259e-05  5.00000000e+00 
 6.95409672e-05  2.59131231e+00  6.95409672e-05 -2.59131964e-03  6.95409672e-05  5.00000000e+00 
 6.95706086e-05  2.59131231e+00  6.95706086e-05 -2.59130506e-03  6.95706086e-05  5.00000000e+00 
 6.96002499e-05  2.59131231e+00  6.96002499e-05 -2.59131961e-03  6.96002499e-05  5.00000000e+00 
 6.96298913e-05  2.59131231e+00  6.96298913e-05 -2.59130509e-03  6.96298913e-05  5.00000000e+00 
 6.96595326e-05  2.59131231e+00  6.96595326e-05 -2.59131958e-03  6.96595326e-05  5.00000000e+00 
 6.96891739e-05  2.59131231e+00  6.96891739e-05 -2.59130511e-03  6.96891739e-05  5.00000000e+00 
 6.97188153e-05  2.59131231e+00  6.97188153e-05 -2.59131956e-03  6.97188153e-05  5.00000000e+00 
 6.97484566e-05  2.59131231e+00  6.97484566e-05 -2.59130514e-03  6.97484566e-05  5.00000000e+00 
 6.97780980e-05  2.59131231e+00  6.97780980e-05 -2.59131953e-03  6.97780980e-05  5.00000000e+00 
 6.98077393e-05  2.59131231e+00  6.98077393e-05 -2.59130516e-03  6.98077393e-05  5.00000000e+00 
 6.98373806e-05  2.59131231e+00  6.98373806e-05 -2.59131951e-03  6.98373806e-05  5.00000000e+00 
 6.98670220e-05  2.59131231e+00  6.98670220e-05 -2.59130519e-03  6.98670220e-05  5.00000000e+00 
 6.98966633e-05  2.59131231e+00  6.98966633e-05 -2.59131948e-03  6.98966633e-05  5.00000000e+00 
 6.99263046e-05  2.59131231e+00  6.99263046e-05 -2.59130522e-03  6.99263046e-05  5.00000000e+00 
 6.99559460e-05  2.59131231e+00  6.99559460e-05 -2.59131945e-03  6.99559460e-05  5.00000000e+00 
 6.99855873e-05  2.59131231e+00  6.99855873e-05 -2.59130524e-03  6.99855873e-05  5.00000000e+00 
 7.00152287e-05  2.59131231e+00  7.00152287e-05 -2.59131943e-03  7.00152287e-05  5.00000000e+00 
 7.00448700e-05  2.59131231e+00  7.00448700e-05 -2.59130527e-03  7.00448700e-05  5.00000000e+00 
 7.00745113e-05  2.59131231e+00  7.00745113e-05 -2.59131940e-03  7.00745113e-05  5.00000000e+00 
 7.01041527e-05  2.59131231e+00  7.01041527e-05 -2.59130529e-03  7.01041527e-05  5.00000000e+00 
 7.01337940e-05  2.59131231e+00  7.01337940e-05 -2.59131938e-03  7.01337940e-05  5.00000000e+00 
 7.01634353e-05  2.59131231e+00  7.01634353e-05 -2.59130532e-03  7.01634353e-05  5.00000000e+00 
 7.01930767e-05  2.59131231e+00  7.01930767e-05 -2.59131935e-03  7.01930767e-05  5.00000000e+00 
 7.02227180e-05  2.59131231e+00  7.02227180e-05 -2.59130534e-03  7.02227180e-05  5.00000000e+00 
 7.02523594e-05  2.59131231e+00  7.02523594e-05 -2.59131933e-03  7.02523594e-05  5.00000000e+00 
 7.02820007e-05  2.59131231e+00  7.02820007e-05 -2.59130537e-03  7.02820007e-05  5.00000000e+00 
 7.03116420e-05  2.59131231e+00  7.03116420e-05 -2.59131930e-03  7.03116420e-05  5.00000000e+00 
 7.03412834e-05  2.59131231e+00  7.03412834e-05 -2.59130539e-03  7.03412834e-05  5.00000000e+00 
 7.03709247e-05  2.59131231e+00  7.03709247e-05 -2.59131928e-03  7.03709247e-05  5.00000000e+00 
 7.04005660e-05  2.59131231e+00  7.04005660e-05 -2.59130542e-03  7.04005660e-05  5.00000000e+00 
 7.04302074e-05  2.59131231e+00  7.04302074e-05 -2.59131925e-03  7.04302074e-05  5.00000000e+00 
 7.04598487e-05  2.59131231e+00  7.04598487e-05 -2.59130544e-03  7.04598487e-05  5.00000000e+00 
 7.04894901e-05  2.59131231e+00  7.04894901e-05 -2.59131923e-03  7.04894901e-05  5.00000000e+00 
 7.05191314e-05  2.59131231e+00  7.05191314e-05 -2.59130547e-03  7.05191314e-05  5.00000000e+00 
 7.05487727e-05  2.59131231e+00  7.05487727e-05 -2.59131920e-03  7.05487727e-05  5.00000000e+00 
 7.05784141e-05  2.59131231e+00  7.05784141e-05 -2.59130549e-03  7.05784141e-05  5.00000000e+00 
 7.06080554e-05  2.59131231e+00  7.06080554e-05 -2.59131918e-03  7.06080554e-05  5.00000000e+00 
 7.06376967e-05  2.59131231e+00  7.06376967e-05 -2.59130552e-03  7.06376967e-05  5.00000000e+00 
 7.06673381e-05  2.59131231e+00  7.06673381e-05 -2.59131915e-03  7.06673381e-05  5.00000000e+00 
 7.06969794e-05  2.59131231e+00  7.06969794e-05 -2.59130554e-03  7.06969794e-05  5.00000000e+00 
 7.07266208e-05  2.59131231e+00  7.07266208e-05 -2.59131913e-03  7.07266208e-05  5.00000000e+00 
 7.07562621e-05  2.59131231e+00  7.07562621e-05 -2.59130557e-03  7.07562621e-05  5.00000000e+00 
 7.07859034e-05  2.59131231e+00  7.07859034e-05 -2.59131910e-03  7.07859034e-05  5.00000000e+00 
 7.08155448e-05  2.59131231e+00  7.08155448e-05 -2.59130559e-03  7.08155448e-05  5.00000000e+00 
 7.08451861e-05  2.59131231e+00  7.08451861e-05 -2.59131908e-03  7.08451861e-05  5.00000000e+00 
 7.08748274e-05  2.59131231e+00  7.08748274e-05 -2.59130562e-03  7.08748274e-05  5.00000000e+00 
 7.09044688e-05  2.59131231e+00  7.09044688e-05 -2.59131905e-03  7.09044688e-05  5.00000000e+00 
 7.09341101e-05  2.59131231e+00  7.09341101e-05 -2.59130564e-03  7.09341101e-05  5.00000000e+00 
 7.09637515e-05  2.59131231e+00  7.09637515e-05 -2.59131903e-03  7.09637515e-05  5.00000000e+00 
 7.09933928e-05  2.59131231e+00  7.09933928e-05 -2.59130567e-03  7.09933928e-05  5.00000000e+00 
 7.10230341e-05  2.59131231e+00  7.10230341e-05 -2.59131901e-03  7.10230341e-05  5.00000000e+00 
 7.10526755e-05  2.59131231e+00  7.10526755e-05 -2.59130569e-03  7.10526755e-05  5.00000000e+00 
 7.10823168e-05  2.59131231e+00  7.10823168e-05 -2.59131898e-03  7.10823168e-05  5.00000000e+00 
 7.11119581e-05  2.59131231e+00  7.11119581e-05 -2.59130571e-03  7.11119581e-05  5.00000000e+00 
 7.11415995e-05  2.59131231e+00  7.11415995e-05 -2.59131896e-03  7.11415995e-05  5.00000000e+00 
 7.11712408e-05  2.59131231e+00  7.11712408e-05 -2.59130574e-03  7.11712408e-05  5.00000000e+00 
 7.12008822e-05  2.59131231e+00  7.12008822e-05 -2.59131893e-03  7.12008822e-05  5.00000000e+00 
 7.12305235e-05  2.59131231e+00  7.12305235e-05 -2.59130576e-03  7.12305235e-05  5.00000000e+00 
 7.12601648e-05  2.59131231e+00  7.12601648e-05 -2.59131891e-03  7.12601648e-05  5.00000000e+00 
 7.12898062e-05  2.59131231e+00  7.12898062e-05 -2.59130579e-03  7.12898062e-05  5.00000000e+00 
 7.13194475e-05  2.59131231e+00  7.13194475e-05 -2.59131889e-03  7.13194475e-05  5.00000000e+00 
 7.13490889e-05  2.59131231e+00  7.13490889e-05 -2.59130581e-03  7.13490889e-05  5.00000000e+00 
 7.13787302e-05  2.59131231e+00  7.13787302e-05 -2.59131886e-03  7.13787302e-05  5.00000000e+00 
 7.14083715e-05  2.59131231e+00  7.14083715e-05 -2.59130583e-03  7.14083715e-05  5.00000000e+00 
 7.14380129e-05  2.59131231e+00  7.14380129e-05 -2.59131884e-03  7.14380129e-05  5.00000000e+00 
 7.14676542e-05  2.59131231e+00  7.14676542e-05 -2.59130586e-03  7.14676542e-05  5.00000000e+00 
 7.14972955e-05  2.59131231e+00  7.14972955e-05 -2.59131881e-03  7.14972955e-05  5.00000000e+00 
 7.15269369e-05  2.59131231e+00  7.15269369e-05 -2.59130588e-03  7.15269369e-05  5.00000000e+00 
 7.15565782e-05  2.59131231e+00  7.15565782e-05 -2.59131879e-03  7.15565782e-05  5.00000000e+00 
 7.15862196e-05  2.59131231e+00  7.15862196e-05 -2.59130590e-03  7.15862196e-05  5.00000000e+00 
 7.16158609e-05  2.59131231e+00  7.16158609e-05 -2.59131877e-03  7.16158609e-05  5.00000000e+00 
 7.16455022e-05  2.59131231e+00  7.16455022e-05 -2.59130593e-03  7.16455022e-05  5.00000000e+00 
 7.16751436e-05  2.59131231e+00  7.16751436e-05 -2.59131874e-03  7.16751436e-05  5.00000000e+00 
 7.17047849e-05  2.59131231e+00  7.17047849e-05 -2.59130595e-03  7.17047849e-05  5.00000000e+00 
 7.17344262e-05  2.59131231e+00  7.17344262e-05 -2.59131872e-03  7.17344262e-05  5.00000000e+00 
 7.17640676e-05  2.59131231e+00  7.17640676e-05 -2.59130597e-03  7.17640676e-05  5.00000000e+00 
 7.17937089e-05  2.59131231e+00  7.17937089e-05 -2.59131870e-03  7.17937089e-05  5.00000000e+00 
 7.18233503e-05  2.59131231e+00  7.18233503e-05 -2.59130600e-03  7.18233503e-05  5.00000000e+00 
 7.18529916e-05  2.59131231e+00  7.18529916e-05 -2.59131868e-03  7.18529916e-05  5.00000000e+00 
 7.18826329e-05  2.59131231e+00  7.18826329e-05 -2.59130602e-03  7.18826329e-05  5.00000000e+00 
 7.19122743e-05  2.59131231e+00  7.19122743e-05 -2.59131865e-03  7.19122743e-05  5.00000000e+00 
 7.19419156e-05  2.59131231e+00  7.19419156e-05 -2.59130604e-03  7.19419156e-05  5.00000000e+00 
 7.19715569e-05  2.59131231e+00  7.19715569e-05 -2.59131863e-03  7.19715569e-05  5.00000000e+00 
 7.20011983e-05  2.59131231e+00  7.20011983e-05 -2.59130606e-03  7.20011983e-05  5.00000000e+00 
 7.20308396e-05  2.59131231e+00  7.20308396e-05 -2.59131861e-03  7.20308396e-05  5.00000000e+00 
 7.20604810e-05  2.59131231e+00  7.20604810e-05 -2.59130609e-03  7.20604810e-05  5.00000000e+00 
 7.20901223e-05  2.59131231e+00  7.20901223e-05 -2.59131858e-03  7.20901223e-05  5.00000000e+00 
 7.21197636e-05  2.59131231e+00  7.21197636e-05 -2.59130611e-03  7.21197636e-05  5.00000000e+00 
 7.21494050e-05  2.59131231e+00  7.21494050e-05 -2.59131856e-03  7.21494050e-05  5.00000000e+00 
 7.21790463e-05  2.59131231e+00  7.21790463e-05 -2.59130613e-03  7.21790463e-05  5.00000000e+00 
 7.22086876e-05  2.59131231e+00  7.22086876e-05 -2.59131854e-03  7.22086876e-05  5.00000000e+00 
 7.22383290e-05  2.59131231e+00  7.22383290e-05 -2.59130615e-03  7.22383290e-05  5.00000000e+00 
 7.22679703e-05  2.59131231e+00  7.22679703e-05 -2.59131852e-03  7.22679703e-05  5.00000000e+00 
 7.22976117e-05  2.59131231e+00  7.22976117e-05 -2.59130618e-03  7.22976117e-05  5.00000000e+00 
 7.23272530e-05  2.59131231e+00  7.23272530e-05 -2.59131849e-03  7.23272530e-05  5.00000000e+00 
 7.23568943e-05  2.59131231e+00  7.23568943e-05 -2.59130620e-03  7.23568943e-05  5.00000000e+00 
 7.23865357e-05  2.59131231e+00  7.23865357e-05 -2.59131847e-03  7.23865357e-05  5.00000000e+00 
 7.24161770e-05  2.59131231e+00  7.24161770e-05 -2.59130622e-03  7.24161770e-05  5.00000000e+00 
 7.24458183e-05  2.59131231e+00  7.24458183e-05 -2.59131845e-03  7.24458183e-05  5.00000000e+00 
 7.24754597e-05  2.59131231e+00  7.24754597e-05 -2.59130624e-03  7.24754597e-05  5.00000000e+00 
 7.25051010e-05  2.59131231e+00  7.25051010e-05 -2.59131843e-03  7.25051010e-05  5.00000000e+00 
 7.25347424e-05  2.59131231e+00  7.25347424e-05 -2.59130627e-03  7.25347424e-05  5.00000000e+00 
 7.25643837e-05  2.59131231e+00  7.25643837e-05 -2.59131841e-03  7.25643837e-05  5.00000000e+00 
 7.25940250e-05  2.59131231e+00  7.25940250e-05 -2.59130629e-03  7.25940250e-05  5.00000000e+00 
 7.26236664e-05  2.59131231e+00  7.26236664e-05 -2.59131838e-03  7.26236664e-05  5.00000000e+00 
 7.26533077e-05  2.59131231e+00  7.26533077e-05 -2.59130631e-03  7.26533077e-05  5.00000000e+00 
 7.26829490e-05  2.59131231e+00  7.26829490e-05 -2.59131836e-03  7.26829490e-05  5.00000000e+00 
 7.27125904e-05  2.59131231e+00  7.27125904e-05 -2.59130633e-03  7.27125904e-05  5.00000000e+00 
 7.27422317e-05  2.59131231e+00  7.27422317e-05 -2.59131834e-03  7.27422317e-05  5.00000000e+00 
 7.27718731e-05  2.59131231e+00  7.27718731e-05 -2.59130635e-03  7.27718731e-05  5.00000000e+00 
 7.28015144e-05  2.59131231e+00  7.28015144e-05 -2.59131832e-03  7.28015144e-05  5.00000000e+00 
 7.28311557e-05  2.59131231e+00  7.28311557e-05 -2.59130637e-03  7.28311557e-05  5.00000000e+00 
 7.28607971e-05  2.59131231e+00  7.28607971e-05 -2.59131830e-03  7.28607971e-05  5.00000000e+00 
 7.28904384e-05  2.59131231e+00  7.28904384e-05 -2.59130640e-03  7.28904384e-05  5.00000000e+00 
 7.29200798e-05  2.59131231e+00  7.29200798e-05 -2.59131828e-03  7.29200798e-05  5.00000000e+00 
 7.29497211e-05  2.59131231e+00  7.29497211e-05 -2.59130642e-03  7.29497211e-05  5.00000000e+00 
 7.29793624e-05  2.59131231e+00  7.29793624e-05 -2.59131825e-03  7.29793624e-05  5.00000000e+00 
 7.30090038e-05  2.59131231e+00  7.30090038e-05 -2.59130644e-03  7.30090038e-05  5.00000000e+00 
 7.30386451e-05  2.59131231e+00  7.30386451e-05 -2.59131823e-03  7.30386451e-05  5.00000000e+00 
 7.30682864e-05  2.59131231e+00  7.30682864e-05 -2.59130646e-03  7.30682864e-05  5.00000000e+00 
 7.30979278e-05  2.59131231e+00  7.30979278e-05 -2.59131821e-03  7.30979278e-05  5.00000000e+00 
 7.31275691e-05  2.59131231e+00  7.31275691e-05 -2.59130648e-03  7.31275691e-05  5.00000000e+00 
 7.31572105e-05  2.59131231e+00  7.31572105e-05 -2.59131819e-03  7.31572105e-05  5.00000000e+00 
 7.31868518e-05  2.59131231e+00  7.31868518e-05 -2.59130650e-03  7.31868518e-05  5.00000000e+00 
 7.32164931e-05  2.59131231e+00  7.32164931e-05 -2.59131817e-03  7.32164931e-05  5.00000000e+00 
 7.32461345e-05  2.59131231e+00  7.32461345e-05 -2.59130652e-03  7.32461345e-05  5.00000000e+00 
 7.32757758e-05  2.59131231e+00  7.32757758e-05 -2.59131815e-03  7.32757758e-05  5.00000000e+00 
 7.33054171e-05  2.59131231e+00  7.33054171e-05 -2.59130655e-03  7.33054171e-05  5.00000000e+00 
 7.33350585e-05  2.59131231e+00  7.33350585e-05 -2.59131813e-03  7.33350585e-05  5.00000000e+00 
 7.33646998e-05  2.59131231e+00  7.33646998e-05 -2.59130657e-03  7.33646998e-05  5.00000000e+00 
 7.33943412e-05  2.59131231e+00  7.33943412e-05 -2.59131811e-03  7.33943412e-05  5.00000000e+00 
 7.34239825e-05  2.59131231e+00  7.34239825e-05 -2.59130659e-03  7.34239825e-05  5.00000000e+00 
 7.34536238e-05  2.59131231e+00  7.34536238e-05 -2.59131808e-03  7.34536238e-05  5.00000000e+00 
 7.34832652e-05  2.59131231e+00  7.34832652e-05 -2.59130661e-03  7.34832652e-05  5.00000000e+00 
 7.35129065e-05  2.59131231e+00  7.35129065e-05 -2.59131806e-03  7.35129065e-05  5.00000000e+00 
 7.35425478e-05  2.59131231e+00  7.35425478e-05 -2.59130663e-03  7.35425478e-05  5.00000000e+00 
 7.35721892e-05  2.59131231e+00  7.35721892e-05 -2.59131804e-03  7.35721892e-05  5.00000000e+00 
 7.36018305e-05  2.59131231e+00  7.36018305e-05 -2.59130665e-03  7.36018305e-05  5.00000000e+00 
 7.36314719e-05  2.59131231e+00  7.36314719e-05 -2.59131802e-03  7.36314719e-05  5.00000000e+00 
 7.36611132e-05  2.59131231e+00  7.36611132e-05 -2.59130667e-03  7.36611132e-05  5.00000000e+00 
 7.36907545e-05  2.59131231e+00  7.36907545e-05 -2.59131800e-03  7.36907545e-05  5.00000000e+00 
 7.37203959e-05  2.59131231e+00  7.37203959e-05 -2.59130669e-03  7.37203959e-05  5.00000000e+00 
 7.37500372e-05  2.59131231e+00  7.37500372e-05 -2.59131798e-03  7.37500372e-05  5.00000000e+00 
 7.37796785e-05  2.59131231e+00  7.37796785e-05 -2.59130671e-03  7.37796785e-05  5.00000000e+00 
 7.38093199e-05  2.59131231e+00  7.38093199e-05 -2.59131796e-03  7.38093199e-05  5.00000000e+00 
 7.38389612e-05  2.59131231e+00  7.38389612e-05 -2.59130673e-03  7.38389612e-05  5.00000000e+00 
 7.38686026e-05  2.59131231e+00  7.38686026e-05 -2.59131794e-03  7.38686026e-05  5.00000000e+00 
 7.38982439e-05  2.59131231e+00  7.38982439e-05 -2.59130675e-03  7.38982439e-05  5.00000000e+00 
 7.39278852e-05  2.59131231e+00  7.39278852e-05 -2.59131792e-03  7.39278852e-05  5.00000000e+00 
 7.39575266e-05  2.59131231e+00  7.39575266e-05 -2.59130677e-03  7.39575266e-05  5.00000000e+00 
 7.39871679e-05  2.59131231e+00  7.39871679e-05 -2.59131790e-03  7.39871679e-05  5.00000000e+00 
 7.40168092e-05  2.59131231e+00  7.40168092e-05 -2.59130679e-03  7.40168092e-05  5.00000000e+00 
 7.40464506e-05  2.59131231e+00  7.40464506e-05 -2.59131788e-03  7.40464506e-05  5.00000000e+00 
 7.40760919e-05  2.59131231e+00  7.40760919e-05 -2.59130681e-03  7.40760919e-05  5.00000000e+00 
 7.41033443e-05  2.59131231e+00  7.41033443e-05 -2.59131786e-03  7.41033443e-05  5.00000000e+00 
 7.41063085e-05  2.58617982e+00  7.41063085e-05 -2.41412425e-03  7.41063085e-05  4.95000000e+00 
 7.41122367e-05  2.56594644e+00  7.41122367e-05 -2.05766863e-03  7.41122367e-05  4.85000000e+00 
 7.41240933e-05  2.48361235e+00  7.41240933e-05 -1.60457020e-03  7.41240933e-05  4.65000000e+00 
 7.41397317e-05  2.33425496e+00  7.41397317e-05 -1.30395414e-03  7.41397317e-05  4.38620667e+00 
 7.41626382e-05  2.09088963e+00  7.41626382e-05 -9.96894949e-04  7.41626382e-05  3.99981092e+00 
 7.41838310e-05  1.85966386e+00  7.41838310e-05 -7.71979198e-04  7.41838310e-05  3.64232366e+00 
 7.42134724e-05  1.53926427e+00  7.42134724e-05 -4.65565086e-04  7.42134724e-05  3.14232366e+00 
 7.42431137e-05  1.22911507e+00  7.42431137e-05 -2.10618625e-04  7.42431137e-05  2.64232366e+00 
 7.42727550e-05  9.44282092e-01  7.42727550e-05 -4.14878680e-05  7.42727550e-05  2.14232366e+00 
 7.43023964e-05  7.06059301e-01  7.43023964e-05 -1.86419170e-06  7.43023964e-05  1.64232366e+00 
 7.43280795e-05  5.45550913e-01  7.43280795e-05 -2.73745932e-07  7.43280795e-05  1.20909169e+00 
 7.43535268e-05  4.22387219e-01  7.43535268e-05 -2.26607120e-07  7.43535268e-05  7.79839145e-01 
 7.43766422e-05  3.34848978e-01  7.43766422e-05 -2.63061871e-07  7.43766422e-05  3.89919572e-01 
 7.43997577e-05  2.65442841e-01  7.43997577e-05 -2.26621291e-07  7.43997577e-05  0.00000000e+00 
 7.44027219e-05  2.57804305e-01  7.44027219e-05 -2.40200189e-11  7.44027219e-05  0.00000000e+00 
 7.44069672e-05  2.47091681e-01  7.44069672e-05 -2.40200289e-11  7.44069672e-05  0.00000000e+00 
 7.44096303e-05  2.40600549e-01  7.44096303e-05 -2.40200374e-11  7.44096303e-05  0.00000000e+00 
 7.44122029e-05  2.34492260e-01  7.44122029e-05 -2.40200477e-11  7.44122029e-05  0.00000000e+00 
 7.44152944e-05  2.27356354e-01  7.44152944e-05 -2.40200634e-11  7.44152944e-05  0.00000000e+00 
 7.44181643e-05  2.20926436e-01  7.44181643e-05 -2.40200818e-11  7.44181643e-05  0.00000000e+00 
 7.44208052e-05  2.15170439e-01  7.44208052e-05 -2.40201031e-11  7.44208052e-05  0.00000000e+00 
 7.44231945e-05  2.10092213e-01  7.44231945e-05 -2.40201260e-11  7.44231945e-05  0.00000000e+00 
 7.44253623e-05  2.05588624e-01  7.44253623e-05 -2.40201510e-11  7.44253623e-05  0.00000000e+00 
 7.44275477e-05  2.01146196e-01  7.44275477e-05 -2.40201801e-11  7.44275477e-05  0.00000000e+00 
 7.44295148e-05  1.97229725e-01  7.44295148e-05 -2.40202109e-11  7.44295148e-05  0.00000000e+00 
 7.44314470e-05  1.93456961e-01  7.44314470e-05 -2.40202451e-11  7.44314470e-05  0.00000000e+00 
 7.44334600e-05  1.89603035e-01  7.44334600e-05 -2.40202861e-11  7.44334600e-05  0.00000000e+00 
 7.44356825e-05  1.85437349e-01  7.44356825e-05 -2.40203378e-11  7.44356825e-05  0.00000000e+00 
 7.44382786e-05  1.80686869e-01  7.44382786e-05 -2.40204086e-11  7.44382786e-05  0.00000000e+00 
 7.44416003e-05  1.74785585e-01  7.44416003e-05 -2.40205172e-11  7.44416003e-05  0.00000000e+00 
 7.44461607e-05  1.66995683e-01  7.44461607e-05 -2.40207071e-11  7.44461607e-05  0.00000000e+00 
 7.44531955e-05  1.55651830e-01  7.44531955e-05 -2.40211129e-11  7.44531955e-05  0.00000000e+00 
 7.44652742e-05  1.37929112e-01  7.44652742e-05 -2.40222638e-11  7.44652742e-05  0.00000000e+00 
 7.44893182e-05  1.08335991e-01  7.44893182e-05 -2.40272166e-11  7.44893182e-05  0.00000000e+00 
 7.45189596e-05  8.03793039e-02  7.45189596e-05 -2.40412978e-11  7.45189596e-05  0.00000000e+00 
 7.45486009e-05  5.96369761e-02  7.45486009e-05 -2.40702479e-11  7.45486009e-05  0.00000000e+00 
 7.45782423e-05  4.42473366e-02  7.45782423e-05 -2.41161508e-11  7.45782423e-05  0.00000000e+00 
 7.46078836e-05  3.28290606e-02  7.46078836e-05 -2.41742048e-11  7.46078836e-05  0.00000000e+00 
 7.46375249e-05  2.43573505e-02  7.46375249e-05 -2.42389433e-11  7.46375249e-05  0.00000000e+00 
 7.46671663e-05  1.80717943e-02  7.46671663e-05 -2.43028879e-11  7.46671663e-05  0.00000000e+00 
 7.46968076e-05  1.34082776e-02  7.46968076e-05 -2.43626409e-11  7.46968076e-05  0.00000000e+00 
 7.47264489e-05  9.94818957e-03  7.47264489e-05 -2.44140339e-11  7.47264489e-05  0.00000000e+00 
 7.47560903e-05  7.38101368e-03  7.47560903e-05 -2.44578467e-11  7.47560903e-05  0.00000000e+00 
 7.47857316e-05  5.47629401e-03  7.47857316e-05 -2.44925455e-11  7.47857316e-05  0.00000000e+00 
 7.48153730e-05  4.06311533e-03  7.48153730e-05 -2.45209241e-11  7.48153730e-05  0.00000000e+00 
 7.48450143e-05  3.01459744e-03  7.48450143e-05 -2.45421452e-11  7.48450143e-05  0.00000000e+00 
 7.48746556e-05  2.23667311e-03  7.48746556e-05 -2.45593848e-11  7.48746556e-05  0.00000000e+00 
 7.49042970e-05  1.65947858e-03  7.49042970e-05 -2.45716030e-11  7.49042970e-05  0.00000000e+00 
 7.49339383e-05  1.23125016e-03  7.49339383e-05 -2.45817841e-11  7.49339383e-05  0.00000000e+00 
 7.49635796e-05  9.13510465e-04  7.49635796e-05 -2.45885119e-11  7.49635796e-05  0.00000000e+00 
 7.49932210e-05  6.77783261e-04  7.49932210e-05 -2.45945031e-11  7.49932210e-05  0.00000000e+00 
 7.50228623e-05  5.02868676e-04  7.50228623e-05 -2.45980369e-11  7.50228623e-05  0.00000000e+00 
 7.50525037e-05  3.73109892e-04  7.50525037e-05 -2.46016254e-11  7.50525037e-05  0.00000000e+00 
 7.50821450e-05  2.76817885e-04  7.50821450e-05 -2.46033474e-11  7.50821450e-05  0.00000000e+00 
 7.51117863e-05  2.05392800e-04  7.51117863e-05 -2.46055830e-11  7.51117863e-05  0.00000000e+00 
 7.51414277e-05  1.52381054e-04  7.51414277e-05 -2.46062913e-11  7.51414277e-05  0.00000000e+00 
 7.51710690e-05  1.13067626e-04  7.51710690e-05 -2.46077727e-11  7.51710690e-05  0.00000000e+00 
 7.52007103e-05  8.38808482e-05  7.52007103e-05 -2.46079184e-11  7.52007103e-05  0.00000000e+00 
 7.52303517e-05  6.22443215e-05  7.52303517e-05 -2.46089812e-11  7.52303517e-05  0.00000000e+00 
 7.52599930e-05  4.61727292e-05  7.52599930e-05 -2.46088162e-11  7.52599930e-05  0.00000000e+00 
 7.52896344e-05  3.42670343e-05  7.52896344e-05 -2.46096473e-11  7.52896344e-05  0.00000000e+00 
 7.53192757e-05  2.54150907e-05  7.53192757e-05 -2.46093113e-11  7.53192757e-05  0.00000000e+00 
 7.53489170e-05  1.88660603e-05  7.53489170e-05 -2.46100139e-11  7.53489170e-05  0.00000000e+00 
 7.53785584e-05  1.39883817e-05  7.53785584e-05 -2.46095844e-11  7.53785584e-05  0.00000000e+00 
 7.54081997e-05  1.03881153e-05  7.54081997e-05 -2.46102155e-11  7.54081997e-05  0.00000000e+00 
 7.54378411e-05  7.69817920e-06  7.54378411e-05 -2.46097352e-11  7.54378411e-05  0.00000000e+00 
 7.54674824e-05  5.72117028e-06  7.54674824e-05 -2.46103260e-11  7.54674824e-05  0.00000000e+00 
 7.54971237e-05  4.23553016e-06  7.54971237e-05 -2.46098187e-11  7.54971237e-05  0.00000000e+00 
 7.55267651e-05  3.15211003e-06  7.55267651e-05 -2.46103864e-11  7.55267651e-05  0.00000000e+00 
 7.55564064e-05  2.32939823e-06  7.55564064e-05 -2.46098651e-11  7.55564064e-05  0.00000000e+00 
 7.55860477e-05  1.73789615e-06  7.55860477e-05 -2.46104191e-11  7.55860477e-05  0.00000000e+00 
 7.56156891e-05  1.28010123e-06  7.56156891e-05 -2.46098912e-11  7.56156891e-05  0.00000000e+00 
 7.56453304e-05  9.59403244e-07  7.56453304e-05 -2.46104366e-11  7.56453304e-05  0.00000000e+00 
 7.56749718e-05  7.02476937e-07  7.56749718e-05 -2.46099062e-11  7.56749718e-05  0.00000000e+00 
 7.57046131e-05  5.30862309e-07  7.57046131e-05 -2.46104456e-11  7.57046131e-05  0.00000000e+00 
 7.57342544e-05  3.84500597e-07  7.57342544e-05 -2.46099150e-11  7.57342544e-05  0.00000000e+00 
 7.57638958e-05  2.94962738e-07  7.57638958e-05 -2.46104499e-11  7.57638958e-05  0.00000000e+00 
 7.57935371e-05  2.09456482e-07  7.57935371e-05 -2.46099206e-11  7.57935371e-05  0.00000000e+00 
 7.58231784e-05  1.65107926e-07  7.58231784e-05 -2.46104516e-11  7.58231784e-05  0.00000000e+00 
 7.58528198e-05  1.13094718e-07  7.58528198e-05 -2.46099243e-11  7.58528198e-05  0.00000000e+00 
 7.58824611e-05  9.36280261e-08  7.58824611e-05 -2.46104517e-11  7.58824611e-05  0.00000000e+00 
 7.59121025e-05  6.00469305e-08  7.59121025e-05 -2.46099272e-11  7.59121025e-05  0.00000000e+00 
 7.59417438e-05  5.42816613e-08  7.59417438e-05 -2.46104510e-11  7.59417438e-05  0.00000000e+00 
 7.59713851e-05  3.08434782e-08  7.59713851e-05 -2.46099295e-11  7.59713851e-05  0.00000000e+00 
 7.60010265e-05  3.26234339e-08  7.60010265e-05 -2.46104498e-11  7.60010265e-05  0.00000000e+00 
 7.60306678e-05  1.47666802e-08  7.60306678e-05 -2.46099317e-11  7.60306678e-05  0.00000000e+00 
 7.60603091e-05  2.07014167e-08  7.60603091e-05 -2.46104483e-11  7.60603091e-05  0.00000000e+00 
 7.60899505e-05  5.91665028e-09  7.60899505e-05 -2.46099338e-11  7.60899505e-05  0.00000000e+00 
 7.61195918e-05  1.41382194e-08  7.61195918e-05 -2.46104466e-11  7.61195918e-05  0.00000000e+00 
 7.61492332e-05  1.04560905e-09  7.61492332e-05 -2.46099358e-11  7.61492332e-05  0.00000000e+00 
 7.61788745e-05  1.05241688e-08  7.61788745e-05 -2.46104446e-11  7.61788745e-05  0.00000000e+00 
 7.62085158e-05 -1.63428668e-09  7.62085158e-05 -2.46099379e-11  7.62085158e-05  0.00000000e+00 
 7.62381572e-05  8.53278466e-09  7.62381572e-05 -2.46104426e-11  7.62381572e-05  0.00000000e+00 
 7.62677985e-05 -3.10721233e-09  7.62677985e-05 -2.46099401e-11  7.62677985e-05  0.00000000e+00 
 7.62974398e-05  7.43386428e-09  7.62974398e-05 -2.46104404e-11  7.62974398e-05  0.00000000e+00 
 7.63270812e-05 -3.91493915e-09  7.63270812e-05 -2.46099424e-11  7.63270812e-05  0.00000000e+00 
 7.63567225e-05  6.82544539e-09  7.63567225e-05 -2.46104381e-11  7.63567225e-05  0.00000000e+00 
 7.63863639e-05 -4.35570327e-09  7.63863639e-05 -2.46099447e-11  7.63863639e-05  0.00000000e+00 
 7.64160052e-05  6.48625622e-09  7.64160052e-05 -2.46104358e-11  7.64160052e-05  0.00000000e+00 
 7.64456465e-05 -4.59367943e-09  7.64456465e-05 -2.46099472e-11  7.64456465e-05  0.00000000e+00 
 7.64752879e-05  6.29449209e-09  7.64752879e-05 -2.46104333e-11  7.64752879e-05  0.00000000e+00 
 7.65049292e-05 -4.71924431e-09  7.65049292e-05 -2.46099497e-11  7.65049292e-05  0.00000000e+00 
 7.65345705e-05  6.18310332e-09  7.65345705e-05 -2.46104307e-11  7.65345705e-05  0.00000000e+00 
 7.65642119e-05 -4.78215033e-09  7.65642119e-05 -2.46099523e-11  7.65642119e-05  0.00000000e+00 
 7.65938532e-05  6.11518218e-09  7.65938532e-05 -2.46104281e-11  7.65938532e-05  0.00000000e+00 
 7.66234946e-05 -4.80978725e-09  7.66234946e-05 -2.46099550e-11  7.66234946e-05  0.00000000e+00 
 7.66531359e-05  6.07041369e-09  7.66531359e-05 -2.46104254e-11  7.66531359e-05  0.00000000e+00 
 7.66827772e-05 -4.81723485e-09  7.66827772e-05 -2.46099578e-11  7.66827772e-05  0.00000000e+00 
 7.67124186e-05  6.03761719e-09  7.67124186e-05 -2.46104225e-11  7.67124186e-05  0.00000000e+00 
 7.67420599e-05 -4.81279675e-09  7.67420599e-05 -2.46099607e-11  7.67420599e-05  0.00000000e+00 
 7.67717013e-05  6.01064053e-09  7.67717013e-05 -2.46104196e-11  7.67717013e-05  0.00000000e+00 
 7.68013426e-05 -4.80104662e-09  7.68013426e-05 -2.46099637e-11  7.68013426e-05  0.00000000e+00 
 7.68309839e-05  5.98609985e-09  7.68309839e-05 -2.46104166e-11  7.68309839e-05  0.00000000e+00 
 7.68606253e-05 -4.78450515e-09  7.68606253e-05 -2.46099668e-11  7.68606253e-05  0.00000000e+00 
 7.68902666e-05  5.96213552e-09  7.68902666e-05 -2.46104135e-11  7.68902666e-05  0.00000000e+00 
 7.69199079e-05 -4.76456313e-09  7.69199079e-05 -2.46099699e-11  7.69199079e-05  0.00000000e+00 
 7.69495493e-05  5.93772711e-09  7.69495493e-05 -2.46104103e-11  7.69495493e-05  0.00000000e+00 
 7.69791906e-05 -4.74198959e-09  7.69791906e-05 -2.46099732e-11  7.69791906e-05  0.00000000e+00 
 7.70088320e-05  5.91231650e-09  7.70088320e-05 -2.46104071e-11  7.70088320e-05  0.00000000e+00 
 7.70384733e-05 -4.71721154e-09  7.70384733e-05 -2.46099765e-11  7.70384733e-05  0.00000000e+00 
 7.70681146e-05  5.88560020e-09  7.70681146e-05 -2.46104037e-11  7.70681146e-05  0.00000000e+00 
 7.70977560e-05 -4.69046797e-09  7.70977560e-05 -2.46099799e-11  7.70977560e-05  0.00000000e+00 
 7.71273973e-05  5.85741522e-09  7.71273973e-05 -2.46104003e-11  7.71273973e-05  0.00000000e+00 
 7.71570386e-05 -4.66189458e-09  7.71570386e-05 -2.46099834e-11  7.71570386e-05  0.00000000e+00 
 7.71866800e-05  5.82767610e-09  7.71866800e-05 -2.46103968e-11  7.71866800e-05  0.00000000e+00 
 7.72163213e-05 -4.63157047e-09  7.72163213e-05 -2.46099869e-11  7.72163213e-05  0.00000000e+00 
 7.72459627e-05  5.79634028e-09  7.72459627e-05 -2.46103932e-11  7.72459627e-05  0.00000000e+00 
 7.72756040e-05 -4.59954381e-09  7.72756040e-05 -2.46099906e-11  7.72756040e-05  0.00000000e+00 
 7.73052453e-05  5.76338910e-09  7.73052453e-05 -2.46103896e-11  7.73052453e-05  0.00000000e+00 
 7.73348867e-05 -4.56584598e-09  7.73348867e-05 -2.46099943e-11  7.73348867e-05  0.00000000e+00 
 7.73645280e-05  5.72881727e-09  7.73645280e-05 -2.46103858e-11  7.73645280e-05  0.00000000e+00 
 7.73941693e-05 -4.53049933e-09  7.73941693e-05 -2.46099981e-11  7.73941693e-05  0.00000000e+00 
 7.74238107e-05  5.69262707e-09  7.74238107e-05 -2.46103820e-11  7.74238107e-05  0.00000000e+00 
 7.74534520e-05 -4.49352150e-09  7.74534520e-05 -2.46100020e-11  7.74534520e-05  0.00000000e+00 
 7.74830934e-05  5.65482520e-09  7.74830934e-05 -2.46103781e-11  7.74830934e-05  0.00000000e+00 
 7.75127347e-05 -4.45492777e-09  7.75127347e-05 -2.46100059e-11  7.75127347e-05  0.00000000e+00 
 7.75423760e-05  5.61542103e-09  7.75423760e-05 -2.46103742e-11  7.75423760e-05  0.00000000e+00 
 7.75720174e-05 -4.41473231e-09  7.75720174e-05 -2.46100100e-11  7.75720174e-05  0.00000000e+00 
 7.76016587e-05  5.57442558e-09  7.76016587e-05 -2.46103701e-11  7.76016587e-05  0.00000000e+00 
 7.76313000e-05 -4.37294893e-09  7.76313000e-05 -2.46100141e-11  7.76313000e-05  0.00000000e+00 
 7.76609414e-05  5.53185108e-09  7.76609414e-05 -2.46103660e-11  7.76609414e-05  0.00000000e+00 
 7.76905827e-05 -4.32959148e-09  7.76905827e-05 -2.46100183e-11  7.76905827e-05  0.00000000e+00 
 7.77202241e-05  5.48771056e-09  7.77202241e-05 -2.46103618e-11  7.77202241e-05  0.00000000e+00 
 7.77498654e-05 -4.28467402e-09  7.77498654e-05 -2.46100225e-11  7.77498654e-05  0.00000000e+00 
 7.77795067e-05  5.44201779e-09  7.77795067e-05 -2.46103576e-11  7.77795067e-05  0.00000000e+00 
 7.78091481e-05 -4.23821097e-09  7.78091481e-05 -2.46100268e-11  7.78091481e-05  0.00000000e+00 
 7.78387894e-05  5.39478712e-09  7.78387894e-05 -2.46103533e-11  7.78387894e-05  0.00000000e+00 
 7.78684307e-05 -4.19021716e-09  7.78684307e-05 -2.46100312e-11  7.78684307e-05  0.00000000e+00 
 7.78980721e-05  5.34603344e-09  7.78980721e-05 -2.46103489e-11  7.78980721e-05  0.00000000e+00 
 7.79277134e-05 -4.14070786e-09  7.79277134e-05 -2.46100356e-11  7.79277134e-05  0.00000000e+00 
 7.79573548e-05  5.29577218e-09  7.79573548e-05 -2.46103445e-11  7.79573548e-05  0.00000000e+00 
 7.79869961e-05 -4.08969879e-09  7.79869961e-05 -2.46100401e-11  7.79869961e-05  0.00000000e+00 
 7.80166374e-05  5.24401924e-09  7.80166374e-05 -2.46103399e-11  7.80166374e-05  0.00000000e+00 
 7.80462788e-05 -4.03720614e-09  7.80462788e-05 -2.46100447e-11  7.80462788e-05  0.00000000e+00 
 7.80759201e-05  5.19079101e-09  7.80759201e-05 -2.46103354e-11  7.80759201e-05  0.00000000e+00 
 7.81055614e-05 -3.98324656e-09  7.81055614e-05 -2.46100493e-11  7.81055614e-05  0.00000000e+00 
 7.81352028e-05  5.13610437e-09  7.81352028e-05 -2.46103308e-11  7.81352028e-05  0.00000000e+00 
 7.81648441e-05 -3.92783716e-09  7.81648441e-05 -2.46100540e-11  7.81648441e-05  0.00000000e+00 
 7.81944855e-05  5.07997665e-09  7.81944855e-05 -2.46103261e-11  7.81944855e-05  0.00000000e+00 
 7.82241268e-05 -3.87099550e-09  7.82241268e-05 -2.46100588e-11  7.82241268e-05  0.00000000e+00 
 7.82537681e-05  5.02242563e-09  7.82537681e-05 -2.46103213e-11  7.82537681e-05  0.00000000e+00 
 7.82834095e-05 -3.81273961e-09  7.82834095e-05 -2.46100636e-11  7.82834095e-05  0.00000000e+00 
 7.83130508e-05  4.96346956e-09  7.83130508e-05 -2.46103165e-11  7.83130508e-05  0.00000000e+00 
 7.83426922e-05 -3.75308796e-09  7.83426922e-05 -2.46100685e-11  7.83426922e-05  0.00000000e+00 
 7.83723335e-05  4.90312713e-09  7.83723335e-05 -2.46103117e-11  7.83723335e-05  0.00000000e+00 
 7.84019748e-05 -3.69205945e-09  7.84019748e-05 -2.46100734e-11  7.84019748e-05  0.00000000e+00 
 7.84316162e-05  4.84141747e-09  7.84316162e-05 -2.46103068e-11  7.84316162e-05  0.00000000e+00 
 7.84612575e-05 -3.62967344e-09  7.84612575e-05 -2.46100783e-11  7.84612575e-05  0.00000000e+00 
 7.84908988e-05  4.77836013e-09  7.84908988e-05 -2.46103018e-11  7.84908988e-05  0.00000000e+00 
 7.85205402e-05 -3.56594970e-09  7.85205402e-05 -2.46100834e-11  7.85205402e-05  0.00000000e+00 
 7.85501815e-05  4.71397512e-09  7.85501815e-05 -2.46102968e-11  7.85501815e-05  0.00000000e+00 
 7.85798229e-05 -3.50090843e-09  7.85798229e-05 -2.46100884e-11  7.85798229e-05  0.00000000e+00 
 7.86094642e-05  4.64828283e-09  7.86094642e-05 -2.46102918e-11  7.86094642e-05  0.00000000e+00 
 7.86391055e-05 -3.43457025e-09  7.86391055e-05 -2.46100936e-11  7.86391055e-05  0.00000000e+00 
 7.86687469e-05  4.58130410e-09  7.86687469e-05 -2.46102867e-11  7.86687469e-05  0.00000000e+00 
 7.86983882e-05 -3.36695619e-09  7.86983882e-05 -2.46100987e-11  7.86983882e-05  0.00000000e+00 
 7.87280295e-05  4.51306016e-09  7.87280295e-05 -2.46102815e-11  7.87280295e-05  0.00000000e+00 
 7.87576709e-05 -3.29808769e-09  7.87576709e-05 -2.46101039e-11  7.87576709e-05  0.00000000e+00 
 7.87873122e-05  4.44357264e-09  7.87873122e-05 -2.46102763e-11  7.87873122e-05  0.00000000e+00 
 7.88169536e-05 -3.22798657e-09  7.88169536e-05 -2.46101092e-11  7.88169536e-05  0.00000000e+00 
 7.88465949e-05  4.37286357e-09  7.88465949e-05 -2.46102711e-11  7.88465949e-05  0.00000000e+00 
 7.88762362e-05 -3.15667506e-09  7.88762362e-05 -2.46101145e-11  7.88762362e-05  0.00000000e+00 
 7.89058776e-05  4.30095536e-09  7.89058776e-05 -2.46102658e-11  7.89058776e-05  0.00000000e+00 
 7.89355189e-05 -3.08417576e-09  7.89355189e-05 -2.46101198e-11  7.89355189e-05  0.00000000e+00 
 7.89651602e-05  4.22787081e-09  7.89651602e-05 -2.46102605e-11  7.89651602e-05  0.00000000e+00 
 7.89948016e-05 -3.01051167e-09  7.89948016e-05 -2.46101252e-11  7.89948016e-05  0.00000000e+00 
 7.90244429e-05  4.15363309e-09  7.90244429e-05 -2.46102552e-11  7.90244429e-05  0.00000000e+00 
 7.90540843e-05 -2.93570612e-09  7.90540843e-05 -2.46101306e-11  7.90540843e-05  0.00000000e+00 
 7.90837256e-05  4.07826573e-09  7.90837256e-05 -2.46102498e-11  7.90837256e-05  0.00000000e+00 
 7.91133669e-05 -2.85978284e-09  7.91133669e-05 -2.46101360e-11  7.91133669e-05  0.00000000e+00 
 7.91430083e-05  4.00179263e-09  7.91430083e-05 -2.46102444e-11  7.91430083e-05  0.00000000e+00 
 7.91726496e-05 -2.78276589e-09  7.91726496e-05 -2.46101415e-11  7.91726496e-05  0.00000000e+00 
 7.92022909e-05  3.92423802e-09  7.92022909e-05 -2.46102389e-11  7.92022909e-05  0.00000000e+00 
 7.92319323e-05 -2.70467968e-09  7.92319323e-05 -2.46101470e-11  7.92319323e-05  0.00000000e+00 
 7.92615736e-05  3.84562649e-09  7.92615736e-05 -2.46102335e-11  7.92615736e-05  0.00000000e+00 
 7.92912150e-05 -2.62554898e-09  7.92912150e-05 -2.46101525e-11  7.92912150e-05  0.00000000e+00 
 7.93208563e-05  3.76598297e-09  7.93208563e-05 -2.46102280e-11  7.93208563e-05  0.00000000e+00 
 7.93504976e-05 -2.54539887e-09  7.93504976e-05 -2.46101581e-11  7.93504976e-05  0.00000000e+00 
 7.93801390e-05  3.68533270e-09  7.93801390e-05 -2.46102224e-11  7.93801390e-05  0.00000000e+00 
 7.94097803e-05 -2.46425475e-09  7.94097803e-05 -2.46101636e-11  7.94097803e-05  0.00000000e+00 
 7.94394216e-05  3.60370124e-09  7.94394216e-05 -2.46102169e-11  7.94394216e-05  0.00000000e+00 
 7.94690630e-05 -2.38214234e-09  7.94690630e-05 -2.46101692e-11  7.94690630e-05  0.00000000e+00 
 7.94987043e-05  3.52111448e-09  7.94987043e-05 -2.46102113e-11  7.94987043e-05  0.00000000e+00 
 7.95283457e-05 -2.29908769e-09  7.95283457e-05 -2.46101749e-11  7.95283457e-05  0.00000000e+00 
 7.95579870e-05  3.43759859e-09  7.95579870e-05 -2.46102057e-11  7.95579870e-05  0.00000000e+00 
 7.95876283e-05 -2.21511711e-09  7.95876283e-05 -2.46101805e-11  7.95876283e-05  0.00000000e+00 
 7.96172697e-05  3.35318006e-09  7.96172697e-05 -2.46102001e-11  7.96172697e-05  0.00000000e+00 
 7.96469110e-05 -2.13025723e-09  7.96469110e-05 -2.46101862e-11  7.96469110e-05  0.00000000e+00 
 7.96765523e-05  3.26788563e-09  7.96765523e-05 -2.46101945e-11  7.96765523e-05  0.00000000e+00 
 7.97061937e-05 -2.04453494e-09  7.97061937e-05 -2.46101919e-11  7.97061937e-05  0.00000000e+00 
 7.97358350e-05  3.18174236e-09  7.97358350e-05 -2.46101888e-11  7.97358350e-05  0.00000000e+00 
 7.97654764e-05 -1.95797743e-09  7.97654764e-05 -2.46101975e-11  7.97654764e-05  0.00000000e+00 
 7.97951177e-05  3.09477754e-09  7.97951177e-05 -2.46101831e-11  7.97951177e-05  0.00000000e+00 
 7.98247590e-05 -1.87061213e-09  7.98247590e-05 -2.46102033e-11  7.98247590e-05  0.00000000e+00 
 7.98544004e-05  3.00701876e-09  7.98544004e-05 -2.46101775e-11  7.98544004e-05  0.00000000e+00 
 7.98840417e-05 -1.78246674e-09  7.98840417e-05 -2.46102090e-11  7.98840417e-05  0.00000000e+00 
 7.99136831e-05  2.91849381e-09  7.99136831e-05 -2.46101718e-11  7.99136831e-05  0.00000000e+00 
 7.99433244e-05 -1.69356920e-09  7.99433244e-05 -2.46102147e-11  7.99433244e-05  0.00000000e+00 
 7.99729657e-05  2.82923078e-09  7.99729657e-05 -2.46101661e-11  7.99729657e-05  0.00000000e+00 
 8.00026071e-05 -1.60394769e-09  8.00026071e-05 -2.46102204e-11  8.00026071e-05  0.00000000e+00 
 8.00322484e-05  2.73925796e-09  8.00322484e-05 -2.46101604e-11  8.00322484e-05  0.00000000e+00 
 8.00618897e-05 -1.51363062e-09  8.00618897e-05 -2.46102262e-11  8.00618897e-05  0.00000000e+00 
 8.00915311e-05  2.64860387e-09  8.00915311e-05 -2.46101547e-11  8.00915311e-05  0.00000000e+00 
 8.01211724e-05 -1.42264663e-09  8.01211724e-05 -2.46102319e-11  8.01211724e-05  0.00000000e+00 
 8.01508138e-05  2.55729724e-09  8.01508138e-05 -2.46101489e-11  8.01508138e-05  0.00000000e+00 
 8.01804551e-05 -1.33102455e-09  8.01804551e-05 -2.46102376e-11  8.01804551e-05  0.00000000e+00 
 8.02100964e-05  2.46536703e-09  8.02100964e-05 -2.46101432e-11  8.02100964e-05  0.00000000e+00 
 8.02397378e-05 -1.23879343e-09  8.02397378e-05 -2.46102434e-11  8.02397378e-05  0.00000000e+00 
 8.02693791e-05  2.37284237e-09  8.02693791e-05 -2.46101375e-11  8.02693791e-05  0.00000000e+00 
 8.02990204e-05 -1.14598251e-09  8.02990204e-05 -2.46102491e-11  8.02990204e-05  0.00000000e+00 
 8.03286618e-05  2.27975260e-09  8.03286618e-05 -2.46101318e-11  8.03286618e-05  0.00000000e+00 
 8.03583031e-05 -1.05262121e-09  8.03583031e-05 -2.46102549e-11  8.03583031e-05  0.00000000e+00 
 8.03879445e-05  2.18612723e-09  8.03879445e-05 -2.46101261e-11  8.03879445e-05  0.00000000e+00 
 8.04175858e-05 -9.58739132e-10  8.04175858e-05 -2.46102606e-11  8.04175858e-05  0.00000000e+00 
 8.04472271e-05  2.09199593e-09  8.04472271e-05 -2.46101204e-11  8.04472271e-05  0.00000000e+00 
 8.04768685e-05 -8.64366028e-10  8.04768685e-05 -2.46102663e-11  8.04768685e-05  0.00000000e+00 
 8.05065098e-05  1.99738854e-09  8.05065098e-05 -2.46101147e-11  8.05065098e-05  0.00000000e+00 
 8.05361511e-05 -7.69531820e-10  8.05361511e-05 -2.46102720e-11  8.05361511e-05  0.00000000e+00 
 8.05657925e-05  1.90233507e-09  8.05657925e-05 -2.46101090e-11  8.05657925e-05  0.00000000e+00 
 8.05954338e-05 -6.74266570e-10  8.05954338e-05 -2.46102777e-11  8.05954338e-05  0.00000000e+00 
 8.06250752e-05  1.80686563e-09  8.06250752e-05 -2.46101033e-11  8.06250752e-05  0.00000000e+00 
 8.06547165e-05 -5.78600480e-10  8.06547165e-05 -2.46102834e-11  8.06547165e-05  0.00000000e+00 
 8.06843578e-05  1.71101050e-09  8.06843578e-05 -2.46100977e-11  8.06843578e-05  0.00000000e+00 
 8.07139992e-05 -4.82563874e-10  8.07139992e-05 -2.46102891e-11  8.07139992e-05  0.00000000e+00 
 8.07436405e-05  1.61480007e-09  8.07436405e-05 -2.46100920e-11  8.07436405e-05  0.00000000e+00 
 8.07732818e-05 -3.86187196e-10  8.07732818e-05 -2.46102947e-11  8.07732818e-05  0.00000000e+00 
 8.08029232e-05  1.51826482e-09  8.08029232e-05 -2.46100864e-11  8.08029232e-05  0.00000000e+00 
 8.08325645e-05 -2.89501001e-10  8.08325645e-05 -2.46103004e-11  8.08325645e-05  0.00000000e+00 
 8.08622059e-05  1.42143537e-09  8.08622059e-05 -2.46100808e-11  8.08622059e-05  0.00000000e+00 
 8.08918472e-05 -1.92535939e-10  8.08918472e-05 -2.46103060e-11  8.08918472e-05  0.00000000e+00 
 8.09214885e-05  1.32434240e-09  8.09214885e-05 -2.46100752e-11  8.09214885e-05  0.00000000e+00 
 8.09511299e-05 -9.53227455e-11  8.09511299e-05 -2.46103116e-11  8.09511299e-05  0.00000000e+00 
 8.09807712e-05  1.22701671e-09  8.09807712e-05 -2.46100696e-11  8.09807712e-05  0.00000000e+00 
 8.10104125e-05  2.10775876e-12  8.10104125e-05 -2.46103172e-11  8.10104125e-05  0.00000000e+00 
 8.10400539e-05  1.12948913e-09  8.10400539e-05 -2.46100640e-11  8.10400539e-05  0.00000000e+00 
 8.10696952e-05  9.97246904e-11  8.10696952e-05 -2.46103227e-11  8.10696952e-05  0.00000000e+00 
 8.10993366e-05  1.03179060e-09  8.10993366e-05 -2.46100585e-11  8.10993366e-05  0.00000000e+00 
 8.11289779e-05  1.97497101e-10  8.11289779e-05 -2.46103282e-11  8.11289779e-05  0.00000000e+00 
 8.11586192e-05  9.33952073e-10  8.11586192e-05 -2.46100530e-11  8.11586192e-05  0.00000000e+00 
 8.11882606e-05  2.95393998e-10  8.11882606e-05 -2.46103337e-11  8.11882606e-05  0.00000000e+00 
 8.12179019e-05  8.36004572e-10  8.12179019e-05 -2.46100476e-11  8.12179019e-05  0.00000000e+00 
 8.12475432e-05  3.93384347e-10  8.12475432e-05 -2.46103392e-11  8.12475432e-05  0.00000000e+00 
 8.12771846e-05  7.37979146e-10  8.12771846e-05 -2.46100421e-11  8.12771846e-05  0.00000000e+00 
 8.13029413e-05  4.98832724e-10  8.13029413e-05 -2.46103450e-11  8.13029413e-05  0.00000000e+00 
 8.13289923e-05  6.25751401e-10  8.13289923e-05 -2.46100359e-11  8.13289923e-05  0.00000000e+00 
 8.13526926e-05  6.15971101e-10  8.13526926e-05 -2.46103515e-11  8.13526926e-05  0.00000000e+00 
 8.13753923e-05  5.00374538e-10  8.13753923e-05 -2.46100291e-11  8.13753923e-05  0.00000000e+00 
 8.13968750e-05  7.47662190e-10  8.13968750e-05 -2.46103586e-11  8.13968750e-05  0.00000000e+00 
 8.14170385e-05  3.60669083e-10  8.14170385e-05 -2.46100215e-11  8.14170385e-05  0.00000000e+00 
 8.14370032e-05  8.92444882e-10  8.14370032e-05 -2.46103664e-11  8.14370032e-05  0.00000000e+00 
 8.14583429e-05  2.19942675e-10  8.14583429e-05 -2.46100139e-11  8.14583429e-05  0.00000000e+00 
 8.14818167e-05  1.02220693e-09  8.14818167e-05 -2.46103734e-11  8.14818167e-05  0.00000000e+00 
 8.15092574e-05  1.05383167e-10  8.15092574e-05 -2.46100078e-11  8.15092574e-05  0.00000000e+00 
 8.15388987e-05  1.12383538e-09  8.15388987e-05 -2.46103787e-11  8.15388987e-05  0.00000000e+00 
 8.15685401e-05  7.75639481e-12  8.15685401e-05 -2.46100027e-11  8.15685401e-05  0.00000000e+00 
 8.15981814e-05  1.22137369e-09  8.15981814e-05 -2.46103839e-11  8.15981814e-05  0.00000000e+00 
 8.16278228e-05 -8.96857385e-11  8.16278228e-05 -2.46099976e-11  8.16278228e-05  0.00000000e+00 
 8.16574641e-05  1.31871191e-09  8.16574641e-05 -2.46103890e-11  8.16574641e-05  0.00000000e+00 
 8.16871054e-05 -1.86912346e-10  8.16871054e-05 -2.46099925e-11  8.16871054e-05  0.00000000e+00 
 8.17167468e-05  1.41581919e-09  8.17167468e-05 -2.46103940e-11  8.17167468e-05  0.00000000e+00 
 8.17463881e-05 -2.83892604e-10  8.17463881e-05 -2.46099875e-11  8.17463881e-05  0.00000000e+00 
 8.17760294e-05  1.51266474e-09  8.17760294e-05 -2.46103990e-11  8.17760294e-05  0.00000000e+00 
 8.18056708e-05 -3.80595773e-10  8.18056708e-05 -2.46099825e-11  8.18056708e-05  0.00000000e+00 
 8.18353121e-05  1.60921785e-09  8.18353121e-05 -2.46104039e-11  8.18353121e-05  0.00000000e+00 
 8.18649535e-05 -4.76991196e-10  8.18649535e-05 -2.46099776e-11  8.18649535e-05  0.00000000e+00 
 8.18945948e-05  1.70544792e-09  8.18945948e-05 -2.46104088e-11  8.18945948e-05  0.00000000e+00 
 8.19242361e-05 -5.73048311e-10  8.19242361e-05 -2.46099727e-11  8.19242361e-05  0.00000000e+00 
 8.19538775e-05  1.80132445e-09  8.19538775e-05 -2.46104136e-11  8.19538775e-05  0.00000000e+00 
 8.19835188e-05 -6.68736671e-10  8.19835188e-05 -2.46099679e-11  8.19835188e-05  0.00000000e+00 
 8.20131601e-05  1.89681704e-09  8.20131601e-05 -2.46104184e-11  8.20131601e-05  0.00000000e+00 
 8.20428015e-05 -7.64025942e-10  8.20428015e-05 -2.46099631e-11  8.20428015e-05  0.00000000e+00 
 8.20724428e-05  1.99189541e-09  8.20724428e-05 -2.46104231e-11  8.20724428e-05  0.00000000e+00 
 8.21020842e-05 -8.58885916e-10  8.21020842e-05 -2.46099584e-11  8.21020842e-05  0.00000000e+00 
 8.21317255e-05  2.08652944e-09  8.21317255e-05 -2.46104278e-11  8.21317255e-05  0.00000000e+00 
 8.21613668e-05 -9.53286520e-10  8.21613668e-05 -2.46099538e-11  8.21613668e-05  0.00000000e+00 
 8.21910082e-05  2.18068911e-09  8.21910082e-05 -2.46104323e-11  8.21910082e-05  0.00000000e+00 
 8.22206495e-05 -1.04719783e-09  8.22206495e-05 -2.46099492e-11  8.22206495e-05  0.00000000e+00 
 8.22502908e-05  2.27434458e-09  8.22502908e-05 -2.46104369e-11  8.22502908e-05  0.00000000e+00 
 8.22799322e-05 -1.14059008e-09  8.22799322e-05 -2.46099447e-11  8.22799322e-05  0.00000000e+00 
 8.23095735e-05  2.36746616e-09  8.23095735e-05 -2.46104413e-11  8.23095735e-05  0.00000000e+00 
 8.23392149e-05 -1.23343365e-09  8.23392149e-05 -2.46099402e-11  8.23392149e-05  0.00000000e+00 
 8.23688562e-05  2.46002433e-09  8.23688562e-05 -2.46104457e-11  8.23688562e-05  0.00000000e+00 
 8.23984975e-05 -1.32569912e-09  8.23984975e-05 -2.46099358e-11  8.23984975e-05  0.00000000e+00 
 8.24281389e-05  2.55198975e-09  8.24281389e-05 -2.46104501e-11  8.24281389e-05  0.00000000e+00 
 8.24577802e-05 -1.41735724e-09  8.24577802e-05 -2.46099315e-11  8.24577802e-05  0.00000000e+00 
 8.24874215e-05  2.64333326e-09  8.24874215e-05 -2.46104543e-11  8.24874215e-05  0.00000000e+00 
 8.25170629e-05 -1.50837895e-09  8.25170629e-05 -2.46099272e-11  8.25170629e-05  0.00000000e+00 
 8.25467042e-05  2.73402591e-09  8.25467042e-05 -2.46104585e-11  8.25467042e-05  0.00000000e+00 
 8.25763456e-05 -1.59873540e-09  8.25763456e-05 -2.46099231e-11  8.25763456e-05  0.00000000e+00 
 8.26059869e-05  2.82403894e-09  8.26059869e-05 -2.46104627e-11  8.26059869e-05  0.00000000e+00 
 8.26356282e-05 -1.68839795e-09  8.26356282e-05 -2.46099189e-11  8.26356282e-05  0.00000000e+00 
 8.26652696e-05  2.91334383e-09  8.26652696e-05 -2.46104667e-11  8.26652696e-05  0.00000000e+00 
 8.26949109e-05 -1.77733816e-09  8.26949109e-05 -2.46099149e-11  8.26949109e-05  0.00000000e+00 
 8.27245522e-05  3.00191226e-09  8.27245522e-05 -2.46104707e-11  8.27245522e-05  0.00000000e+00 
 8.27541936e-05 -1.86552784e-09  8.27541936e-05 -2.46099109e-11  8.27541936e-05  0.00000000e+00 
 8.27838349e-05  3.08971615e-09  8.27838349e-05 -2.46104746e-11  8.27838349e-05  0.00000000e+00 
 8.28134763e-05 -1.95293905e-09  8.28134763e-05 -2.46099070e-11  8.28134763e-05  0.00000000e+00 
 8.28431176e-05  3.17672768e-09  8.28431176e-05 -2.46104785e-11  8.28431176e-05  0.00000000e+00 
 8.28727589e-05 -2.03954406e-09  8.28727589e-05 -2.46099032e-11  8.28727589e-05  0.00000000e+00 
 8.29024003e-05  3.26291925e-09  8.29024003e-05 -2.46104822e-11  8.29024003e-05  0.00000000e+00 
 8.29320416e-05 -2.12531542e-09  8.29320416e-05 -2.46098994e-11  8.29320416e-05  0.00000000e+00 
 8.29616829e-05  3.34826355e-09  8.29616829e-05 -2.46104859e-11  8.29616829e-05  0.00000000e+00 
 8.29913243e-05 -2.21022596e-09  8.29913243e-05 -2.46098957e-11  8.29913243e-05  0.00000000e+00 
 8.30209656e-05  3.43273351e-09  8.30209656e-05 -2.46104895e-11  8.30209656e-05  0.00000000e+00 
 8.30506070e-05 -2.29424873e-09  8.30506070e-05 -2.46098921e-11  8.30506070e-05  0.00000000e+00 
 8.30802483e-05  3.51630237e-09  8.30802483e-05 -2.46104930e-11  8.30802483e-05  0.00000000e+00 
 8.31098896e-05 -2.37735712e-09  8.31098896e-05 -2.46098886e-11  8.31098896e-05  0.00000000e+00 
 8.31395310e-05  3.59894362e-09  8.31395310e-05 -2.46104964e-11  8.31395310e-05  0.00000000e+00 
 8.31691723e-05 -2.45952477e-09  8.31691723e-05 -2.46098852e-11  8.31691723e-05  0.00000000e+00 
 8.31988137e-05  3.68063108e-09  8.31988137e-05 -2.46104998e-11  8.31988137e-05  0.00000000e+00 
 8.32284550e-05 -2.54072563e-09  8.32284550e-05 -2.46098818e-11  8.32284550e-05  0.00000000e+00 
 8.32580963e-05  3.76133885e-09  8.32580963e-05 -2.46105031e-11  8.32580963e-05  0.00000000e+00 
 8.32877377e-05 -2.62093398e-09  8.32877377e-05 -2.46098786e-11  8.32877377e-05  0.00000000e+00 
 8.33173790e-05  3.84104133e-09  8.33173790e-05 -2.46105063e-11  8.33173790e-05  0.00000000e+00 
 8.33470203e-05 -2.70012436e-09  8.33470203e-05 -2.46098754e-11  8.33470203e-05  0.00000000e+00 
 8.33766617e-05  3.91971328e-09  8.33766617e-05 -2.46105094e-11  8.33766617e-05  0.00000000e+00 
 8.34063030e-05 -2.77827170e-09  8.34063030e-05 -2.46098723e-11  8.34063030e-05  0.00000000e+00 
 8.34359444e-05  3.99732973e-09  8.34359444e-05 -2.46105124e-11  8.34359444e-05  0.00000000e+00 
 8.34655857e-05 -2.85535121e-09  8.34655857e-05 -2.46098693e-11  8.34655857e-05  0.00000000e+00 
 8.34952270e-05  4.07386610e-09  8.34952270e-05 -2.46105153e-11  8.34952270e-05  0.00000000e+00 
 8.35248684e-05 -2.93133845e-09  8.35248684e-05 -2.46098664e-11  8.35248684e-05  0.00000000e+00 
 8.35545097e-05  4.14929811e-09  8.35545097e-05 -2.46105182e-11  8.35545097e-05  0.00000000e+00 
 8.35841510e-05 -3.00620934e-09  8.35841510e-05 -2.46098635e-11  8.35841510e-05  0.00000000e+00 
 8.36137924e-05  4.22360186e-09  8.36137924e-05 -2.46105209e-11  8.36137924e-05  0.00000000e+00 
 8.36434337e-05 -3.07994015e-09  8.36434337e-05 -2.46098608e-11  8.36434337e-05  0.00000000e+00 
 8.36730751e-05  4.29675379e-09  8.36730751e-05 -2.46105236e-11  8.36730751e-05  0.00000000e+00 
 8.37027164e-05 -3.15250749e-09  8.37027164e-05 -2.46098581e-11  8.37027164e-05  0.00000000e+00 
 8.37323577e-05  4.36873071e-09  8.37323577e-05 -2.46105261e-11  8.37323577e-05  0.00000000e+00 
 8.37619991e-05 -3.22388837e-09  8.37619991e-05 -2.46098555e-11  8.37619991e-05  0.00000000e+00 
 8.37916404e-05  4.43950980e-09  8.37916404e-05 -2.46105286e-11  8.37916404e-05  0.00000000e+00 
 8.38212817e-05 -3.29406015e-09  8.38212817e-05 -2.46098531e-11  8.38212817e-05  0.00000000e+00 
 8.38509231e-05  4.50906863e-09  8.38509231e-05 -2.46105310e-11  8.38509231e-05  0.00000000e+00 
 8.38805644e-05 -3.36300060e-09  8.38805644e-05 -2.46098507e-11  8.38805644e-05  0.00000000e+00 
 8.39102058e-05  4.57738515e-09  8.39102058e-05 -2.46105333e-11  8.39102058e-05  0.00000000e+00 
 8.39398471e-05 -3.43068786e-09  8.39398471e-05 -2.46098484e-11  8.39398471e-05  0.00000000e+00 
 8.39694884e-05  4.64443769e-09  8.39694884e-05 -2.46105355e-11  8.39694884e-05  0.00000000e+00 
 8.39991298e-05 -3.49710047e-09  8.39991298e-05 -2.46098462e-11  8.39991298e-05  0.00000000e+00 
 8.40287711e-05  4.71020501e-09  8.40287711e-05 -2.46105376e-11  8.40287711e-05  0.00000000e+00 
 8.40584124e-05 -3.56221737e-09  8.40584124e-05 -2.46098441e-11  8.40584124e-05  0.00000000e+00 
 8.40880538e-05  4.77466625e-09  8.40880538e-05 -2.46105396e-11  8.40880538e-05  0.00000000e+00 
 8.41176951e-05 -3.62601792e-09  8.41176951e-05 -2.46098421e-11  8.41176951e-05  0.00000000e+00 
 8.41473365e-05  4.83780098e-09  8.41473365e-05 -2.46105416e-11  8.41473365e-05  0.00000000e+00 
 8.41769778e-05 -3.68848191e-09  8.41769778e-05 -2.46098402e-11  8.41769778e-05  0.00000000e+00 
 8.42066191e-05  4.89958919e-09  8.42066191e-05 -2.46105434e-11  8.42066191e-05  0.00000000e+00 
 8.42362605e-05 -3.74958952e-09  8.42362605e-05 -2.46098384e-11  8.42362605e-05  0.00000000e+00 
 8.42659018e-05  4.96001128e-09  8.42659018e-05 -2.46105451e-11  8.42659018e-05  0.00000000e+00 
 8.42955431e-05 -3.80932139e-09  8.42955431e-05 -2.46098367e-11  8.42955431e-05  0.00000000e+00 
 8.43251845e-05  5.01904811e-09  8.43251845e-05 -2.46105467e-11  8.43251845e-05  0.00000000e+00 
 8.43548258e-05 -3.86765858e-09  8.43548258e-05 -2.46098350e-11  8.43548258e-05  0.00000000e+00 
 8.43844672e-05  5.07668095e-09  8.43844672e-05 -2.46105483e-11  8.43844672e-05  0.00000000e+00 
 8.44141085e-05 -3.92458260e-09  8.44141085e-05 -2.46098335e-11  8.44141085e-05  0.00000000e+00 
 8.44437498e-05  5.13289155e-09  8.44437498e-05 -2.46105497e-11  8.44437498e-05  0.00000000e+00 
 8.44733912e-05 -3.98007539e-09  8.44733912e-05 -2.46098321e-11  8.44733912e-05  0.00000000e+00 
 8.45030325e-05  5.18766207e-09  8.45030325e-05 -2.46105510e-11  8.45030325e-05  0.00000000e+00 
 8.45326738e-05 -4.03411938e-09  8.45326738e-05 -2.46098308e-11  8.45326738e-05  0.00000000e+00 
 8.45623152e-05  5.24097516e-09  8.45623152e-05 -2.46105523e-11  8.45623152e-05  0.00000000e+00 
 8.45919565e-05 -4.08669743e-09  8.45919565e-05 -2.46098295e-11  8.45919565e-05  0.00000000e+00 
 8.46215979e-05  5.29281391e-09  8.46215979e-05 -2.46105534e-11  8.46215979e-05  0.00000000e+00 
 8.46512392e-05 -4.13779287e-09  8.46512392e-05 -2.46098284e-11  8.46512392e-05  0.00000000e+00 
 8.46808805e-05  5.34316190e-09  8.46808805e-05 -2.46105544e-11  8.46808805e-05  0.00000000e+00 
 8.47105219e-05 -4.18738949e-09  8.47105219e-05 -2.46098274e-11  8.47105219e-05  0.00000000e+00 
 8.47401632e-05  5.39200316e-09  8.47401632e-05 -2.46105554e-11  8.47401632e-05  0.00000000e+00 
 8.47698046e-05 -4.23547159e-09  8.47698046e-05 -2.46098265e-11  8.47698046e-05  0.00000000e+00 
 8.47994459e-05  5.43932220e-09  8.47994459e-05 -2.46105562e-11  8.47994459e-05  0.00000000e+00 
 8.48290872e-05 -4.28202391e-09  8.48290872e-05 -2.46098257e-11  8.48290872e-05  0.00000000e+00 
 8.48587286e-05  5.48510404e-09  8.48587286e-05 -2.46105569e-11  8.48587286e-05  0.00000000e+00 
 8.48883699e-05 -4.32703171e-09  8.48883699e-05 -2.46098249e-11  8.48883699e-05  0.00000000e+00 
 8.49180112e-05  5.52933415e-09  8.49180112e-05 -2.46105576e-11  8.49180112e-05  0.00000000e+00 
 8.49476526e-05 -4.37048071e-09  8.49476526e-05 -2.46098243e-11  8.49476526e-05  0.00000000e+00 
 8.49772939e-05  5.57199852e-09  8.49772939e-05 -2.46105581e-11  8.49772939e-05  0.00000000e+00 
 8.50069353e-05 -4.41235713e-09  8.50069353e-05 -2.46098238e-11  8.50069353e-05  0.00000000e+00 
 8.50365766e-05  5.61308361e-09  8.50365766e-05 -2.46105585e-11  8.50365766e-05  0.00000000e+00 
 8.50662179e-05 -4.45264771e-09  8.50662179e-05 -2.46098234e-11  8.50662179e-05  0.00000000e+00 
 8.50958593e-05  5.65257641e-09  8.50958593e-05 -2.46105589e-11  8.50958593e-05  0.00000000e+00 
 8.51255006e-05 -4.49133967e-09  8.51255006e-05 -2.46098231e-11  8.51255006e-05  0.00000000e+00 
 8.51551419e-05  5.69046439e-09  8.51551419e-05 -2.46105591e-11  8.51551419e-05  0.00000000e+00 
 8.51847833e-05 -4.52842075e-09  8.51847833e-05 -2.46098229e-11  8.51847833e-05  0.00000000e+00 
 8.52144246e-05  5.72673555e-09  8.52144246e-05 -2.46105592e-11  8.52144246e-05  0.00000000e+00 
 8.52440660e-05 -4.56387918e-09  8.52440660e-05 -2.46098228e-11  8.52440660e-05  0.00000000e+00 
 8.52737073e-05  5.76137839e-09  8.52737073e-05 -2.46105592e-11  8.52737073e-05  0.00000000e+00 
 8.53033486e-05 -4.59770374e-09  8.53033486e-05 -2.46098228e-11  8.53033486e-05  0.00000000e+00 
 8.53329900e-05  5.79438192e-09  8.53329900e-05 -2.46105592e-11  8.53329900e-05  0.00000000e+00 
 8.53626313e-05 -4.62988369e-09  8.53626313e-05 -2.46098229e-11  8.53626313e-05  0.00000000e+00 
 8.53922726e-05  5.82573568e-09  8.53922726e-05 -2.46105590e-11  8.53922726e-05  0.00000000e+00 
 8.54219140e-05 -4.66040884e-09  8.54219140e-05 -2.46098231e-11  8.54219140e-05  0.00000000e+00 
 8.54515553e-05  5.85542973e-09  8.54515553e-05 -2.46105587e-11  8.54515553e-05  0.00000000e+00 
 8.54811967e-05 -4.68926950e-09  8.54811967e-05 -2.46098234e-11  8.54811967e-05  0.00000000e+00 
 8.55108380e-05  5.88345467e-09  8.55108380e-05 -2.46105583e-11  8.55108380e-05  0.00000000e+00 
 8.55404793e-05 -4.71645654e-09  8.55404793e-05 -2.46098238e-11  8.55404793e-05  0.00000000e+00 
 8.55701207e-05  5.90980160e-09  8.55701207e-05 -2.46105579e-11  8.55701207e-05  0.00000000e+00 
 8.55997620e-05 -4.74196132e-09  8.55997620e-05 -2.46098243e-11  8.55997620e-05  0.00000000e+00 
 8.56294033e-05  5.93446217e-09  8.56294033e-05 -2.46105573e-11  8.56294033e-05  0.00000000e+00 
 8.56590447e-05 -4.76577578e-09  8.56590447e-05 -2.46098249e-11  8.56590447e-05  0.00000000e+00 
 8.56886860e-05  5.95742857e-09  8.56886860e-05 -2.46105566e-11  8.56886860e-05  0.00000000e+00 
 8.57183274e-05 -4.78789235e-09  8.57183274e-05 -2.46098256e-11  8.57183274e-05  0.00000000e+00 
 8.57479687e-05  5.97869351e-09  8.57479687e-05 -2.46105558e-11  8.57479687e-05  0.00000000e+00 
 8.57776100e-05 -4.80830402e-09  8.57776100e-05 -2.46098265e-11  8.57776100e-05  0.00000000e+00 
 8.58072514e-05  5.99825026e-09  8.58072514e-05 -2.46105549e-11  8.58072514e-05  0.00000000e+00 
 8.58368927e-05 -4.82700434e-09  8.58368927e-05 -2.46098274e-11  8.58368927e-05  0.00000000e+00 
 8.58665340e-05  6.01609261e-09  8.58665340e-05 -2.46105539e-11  8.58665340e-05  0.00000000e+00 
 8.58961754e-05 -4.84398735e-09  8.58961754e-05 -2.46098284e-11  8.58961754e-05  0.00000000e+00 
 8.59258167e-05  6.03221492e-09  8.59258167e-05 -2.46105529e-11  8.59258167e-05  0.00000000e+00 
 8.59554581e-05 -4.85924769e-09  8.59554581e-05 -2.46098295e-11  8.59554581e-05  0.00000000e+00 
 8.59850994e-05  6.04661205e-09  8.59850994e-05 -2.46105517e-11  8.59850994e-05  0.00000000e+00 
 8.60147407e-05 -4.87278052e-09  8.60147407e-05 -2.46098307e-11  8.60147407e-05  0.00000000e+00 
 8.60443821e-05  6.05927946e-09  8.60443821e-05 -2.46105504e-11  8.60443821e-05  0.00000000e+00 
 8.60740234e-05 -4.88458154e-09  8.60740234e-05 -2.46098320e-11  8.60740234e-05  0.00000000e+00 
 8.61036647e-05  6.07021313e-09  8.61036647e-05 -2.46105490e-11  8.61036647e-05  0.00000000e+00 
 8.61333061e-05 -4.89464701e-09  8.61333061e-05 -2.46098335e-11  8.61333061e-05  0.00000000e+00 
 8.61629474e-05  6.07940959e-09  8.61629474e-05 -2.46105475e-11  8.61629474e-05  0.00000000e+00 
 8.61925888e-05 -4.90297375e-09  8.61925888e-05 -2.46098350e-11  8.61925888e-05  0.00000000e+00 
 8.62222301e-05  6.08686593e-09  8.62222301e-05 -2.46105460e-11  8.62222301e-05  0.00000000e+00 
 8.62518714e-05 -4.90955912e-09  8.62518714e-05 -2.46098366e-11  8.62518714e-05  0.00000000e+00 
 8.62815128e-05  6.09257978e-09  8.62815128e-05 -2.46105443e-11  8.62815128e-05  0.00000000e+00 
 8.63111541e-05 -4.91440102e-09  8.63111541e-05 -2.46098383e-11  8.63111541e-05  0.00000000e+00 
 8.63407955e-05  6.09654933e-09  8.63407955e-05 -2.46105425e-11  8.63407955e-05  0.00000000e+00 
 8.63704368e-05 -4.91749792e-09  8.63704368e-05 -2.46098401e-11  8.63704368e-05  0.00000000e+00 
 8.64000781e-05  6.09877332e-09  8.64000781e-05 -2.46105407e-11  8.64000781e-05  0.00000000e+00 
 8.64297195e-05 -4.91884884e-09  8.64297195e-05 -2.46098420e-11  8.64297195e-05  0.00000000e+00 
 8.64593608e-05  6.09925106e-09  8.64593608e-05 -2.46105387e-11  8.64593608e-05  0.00000000e+00 
 8.64890021e-05 -4.91845335e-09  8.64890021e-05 -2.46098440e-11  8.64890021e-05  0.00000000e+00 
 8.65186435e-05  6.09798237e-09  8.65186435e-05 -2.46105366e-11  8.65186435e-05  0.00000000e+00 
 8.65482848e-05 -4.91631158e-09  8.65482848e-05 -2.46098462e-11  8.65482848e-05  0.00000000e+00 
 8.65779262e-05  6.09496768e-09  8.65779262e-05 -2.46105345e-11  8.65779262e-05  0.00000000e+00 
 8.66075675e-05 -4.91242421e-09  8.66075675e-05 -2.46098483e-11  8.66075675e-05  0.00000000e+00 
 8.66372088e-05  6.09020793e-09  8.66372088e-05 -2.46105323e-11  8.66372088e-05  0.00000000e+00 
 8.66668502e-05 -4.90679246e-09  8.66668502e-05 -2.46098506e-11  8.66668502e-05  0.00000000e+00 
 8.66964915e-05  6.08370464e-09  8.66964915e-05 -2.46105299e-11  8.66964915e-05  0.00000000e+00 
 8.67261328e-05 -4.89941813e-09  8.67261328e-05 -2.46098530e-11  8.67261328e-05  0.00000000e+00 
 8.67557742e-05  6.07545986e-09  8.67557742e-05 -2.46105275e-11  8.67557742e-05  0.00000000e+00 
 8.67854155e-05 -4.89030355e-09  8.67854155e-05 -2.46098555e-11  8.67854155e-05  0.00000000e+00 
 8.68150569e-05  6.06547621e-09  8.68150569e-05 -2.46105250e-11  8.68150569e-05  0.00000000e+00 
 8.68446982e-05 -4.87945160e-09  8.68446982e-05 -2.46098581e-11  8.68446982e-05  0.00000000e+00 
 8.68743395e-05  6.05375685e-09  8.68743395e-05 -2.46105224e-11  8.68743395e-05  0.00000000e+00 
 8.69039809e-05 -4.86686574e-09  8.69039809e-05 -2.46098607e-11  8.69039809e-05  0.00000000e+00 
 8.69336222e-05  6.04030550e-09  8.69336222e-05 -2.46105197e-11  8.69336222e-05  0.00000000e+00 
 8.69632635e-05 -4.85254996e-09  8.69632635e-05 -2.46098635e-11  8.69632635e-05  0.00000000e+00 
 8.69929049e-05  6.02512642e-09  8.69929049e-05 -2.46105169e-11  8.69929049e-05  0.00000000e+00 
 8.70225462e-05 -4.83650877e-09  8.70225462e-05 -2.46098663e-11  8.70225462e-05  0.00000000e+00 
 8.70521876e-05  6.00822443e-09  8.70521876e-05 -2.46105140e-11  8.70521876e-05  0.00000000e+00 
 8.70818289e-05 -4.81874729e-09  8.70818289e-05 -2.46098693e-11  8.70818289e-05  0.00000000e+00 
 8.71114702e-05  5.98960488e-09  8.71114702e-05 -2.46105111e-11  8.71114702e-05  0.00000000e+00 
 8.71411116e-05 -4.79927112e-09  8.71411116e-05 -2.46098723e-11  8.71411116e-05  0.00000000e+00 
 8.71707529e-05  5.96927368e-09  8.71707529e-05 -2.46105080e-11  8.71707529e-05  0.00000000e+00 
 8.72003942e-05 -4.77808646e-09  8.72003942e-05 -2.46098754e-11  8.72003942e-05  0.00000000e+00 
 8.72300356e-05  5.94723726e-09  8.72300356e-05 -2.46105049e-11  8.72300356e-05  0.00000000e+00 
 8.72596769e-05 -4.75520001e-09  8.72596769e-05 -2.46098786e-11  8.72596769e-05  0.00000000e+00 
 8.72893183e-05  5.92350263e-09  8.72893183e-05 -2.46105016e-11  8.72893183e-05  0.00000000e+00 
 8.73189596e-05 -4.73061903e-09  8.73189596e-05 -2.46098819e-11  8.73189596e-05  0.00000000e+00 
 8.73486009e-05  5.89807729e-09  8.73486009e-05 -2.46104983e-11  8.73486009e-05  0.00000000e+00 
 8.73782423e-05 -4.70435131e-09  8.73782423e-05 -2.46098852e-11  8.73782423e-05  0.00000000e+00 
 8.74078836e-05  5.87096931e-09  8.74078836e-05 -2.46104950e-11  8.74078836e-05  0.00000000e+00 
 8.74375249e-05 -4.67640518e-09  8.74375249e-05 -2.46098887e-11  8.74375249e-05  0.00000000e+00 
 8.74671663e-05  5.84218729e-09  8.74671663e-05 -2.46104915e-11  8.74671663e-05  0.00000000e+00 
 8.74968076e-05 -4.64678950e-09  8.74968076e-05 -2.46098922e-11  8.74968076e-05  0.00000000e+00 
 8.75264490e-05  5.81174034e-09  8.75264490e-05 -2.46104880e-11  8.75264490e-05  0.00000000e+00 
 8.75560903e-05 -4.61551366e-09  8.75560903e-05 -2.46098958e-11  8.75560903e-05  0.00000000e+00 
 8.75857316e-05  5.77963813e-09  8.75857316e-05 -2.46104843e-11  8.75857316e-05  0.00000000e+00 
 8.76153730e-05 -4.58258757e-09  8.76153730e-05 -2.46098995e-11  8.76153730e-05  0.00000000e+00 
 8.76450143e-05  5.74589082e-09  8.76450143e-05 -2.46104806e-11  8.76450143e-05  0.00000000e+00 
 8.76746556e-05 -4.54802167e-09  8.76746556e-05 -2.46099033e-11  8.76746556e-05  0.00000000e+00 
 8.77042970e-05  5.71050911e-09  8.77042970e-05 -2.46104768e-11  8.77042970e-05  0.00000000e+00 
 8.77339383e-05 -4.51182691e-09  8.77339383e-05 -2.46099071e-11  8.77339383e-05  0.00000000e+00 
 8.77635797e-05  5.67350423e-09  8.77635797e-05 -2.46104730e-11  8.77635797e-05  0.00000000e+00 
 8.77932210e-05 -4.47401477e-09  8.77932210e-05 -2.46099110e-11  8.77932210e-05  0.00000000e+00 
 8.78228623e-05  5.63488790e-09  8.78228623e-05 -2.46104691e-11  8.78228623e-05  0.00000000e+00 
 8.78525037e-05 -4.43459725e-09  8.78525037e-05 -2.46099150e-11  8.78525037e-05  0.00000000e+00 
 8.78821450e-05  5.59467236e-09  8.78821450e-05 -2.46104651e-11  8.78821450e-05  0.00000000e+00 
 8.79117864e-05 -4.39358682e-09  8.79117864e-05 -2.46099191e-11  8.79117864e-05  0.00000000e+00 
 8.79414277e-05  5.55287036e-09  8.79414277e-05 -2.46104610e-11  8.79414277e-05  0.00000000e+00 
 8.79710690e-05 -4.35099650e-09  8.79710690e-05 -2.46099232e-11  8.79710690e-05  0.00000000e+00 
 8.80007104e-05  5.50949516e-09  8.80007104e-05 -2.46104569e-11  8.80007104e-05  0.00000000e+00 
 8.80303517e-05 -4.30683979e-09  8.80303517e-05 -2.46099274e-11  8.80303517e-05  0.00000000e+00 
 8.80599930e-05  5.46456050e-09  8.80599930e-05 -2.46104527e-11  8.80599930e-05  0.00000000e+00 
 8.80896344e-05 -4.26113068e-09  8.80896344e-05 -2.46099317e-11  8.80896344e-05  0.00000000e+00 
 8.81192757e-05  5.41808063e-09  8.81192757e-05 -2.46104484e-11  8.81192757e-05  0.00000000e+00 
 8.81489171e-05 -4.21388366e-09  8.81489171e-05 -2.46099360e-11  8.81489171e-05  0.00000000e+00 
 8.81785584e-05  5.37007028e-09  8.81785584e-05 -2.46104440e-11  8.81785584e-05  0.00000000e+00 
 8.82081997e-05 -4.16511371e-09  8.82081997e-05 -2.46099405e-11  8.82081997e-05  0.00000000e+00 
 8.82378411e-05  5.32054467e-09  8.82378411e-05 -2.46104396e-11  8.82378411e-05  0.00000000e+00 
 8.82674824e-05 -4.11483630e-09  8.82674824e-05 -2.46099449e-11  8.82674824e-05  0.00000000e+00 
 8.82971237e-05  5.26951951e-09  8.82971237e-05 -2.46104351e-11  8.82971237e-05  0.00000000e+00 
 8.83267651e-05 -4.06306736e-09  8.83267651e-05 -2.46099495e-11  8.83267651e-05  0.00000000e+00 
 8.83564064e-05  5.21701096e-09  8.83564064e-05 -2.46104306e-11  8.83564064e-05  0.00000000e+00 
 8.83860478e-05 -4.00982329e-09  8.83860478e-05 -2.46099541e-11  8.83860478e-05  0.00000000e+00 
 8.84156891e-05  5.16303568e-09  8.84156891e-05 -2.46104260e-11  8.84156891e-05  0.00000000e+00 
 8.84453304e-05 -3.95512099e-09  8.84453304e-05 -2.46099587e-11  8.84453304e-05  0.00000000e+00 
 8.84749718e-05  5.10761077e-09  8.84749718e-05 -2.46104214e-11  8.84749718e-05  0.00000000e+00 
 8.85046131e-05 -3.89897779e-09  8.85046131e-05 -2.46099635e-11  8.85046131e-05  0.00000000e+00 
 8.85342544e-05  5.05075380e-09  8.85342544e-05 -2.46104166e-11  8.85342544e-05  0.00000000e+00 
 8.85638958e-05 -3.84141149e-09  8.85638958e-05 -2.46099682e-11  8.85638958e-05  0.00000000e+00 
 8.85935371e-05  4.99248281e-09  8.85935371e-05 -2.46104119e-11  8.85935371e-05  0.00000000e+00 
 8.86231785e-05 -3.78244033e-09  8.86231785e-05 -2.46099731e-11  8.86231785e-05  0.00000000e+00 
 8.86528198e-05  4.93281625e-09  8.86528198e-05 -2.46104071e-11  8.86528198e-05  0.00000000e+00 
 8.86824611e-05 -3.72208302e-09  8.86824611e-05 -2.46099780e-11  8.86824611e-05  0.00000000e+00 
 8.87121025e-05  4.87177305e-09  8.87121025e-05 -2.46104022e-11  8.87121025e-05  0.00000000e+00 
 8.87417438e-05 -3.66035868e-09  8.87417438e-05 -2.46099829e-11  8.87417438e-05  0.00000000e+00 
 8.87713851e-05  4.80937256e-09  8.87713851e-05 -2.46103972e-11  8.87713851e-05  0.00000000e+00 
 8.88010265e-05 -3.59728689e-09  8.88010265e-05 -2.46099879e-11  8.88010265e-05  0.00000000e+00 
 8.88306678e-05  4.74563455e-09  8.88306678e-05 -2.46103923e-11  8.88306678e-05  0.00000000e+00 
 8.88603092e-05 -3.53288764e-09  8.88603092e-05 -2.46099930e-11  8.88603092e-05  0.00000000e+00 
 8.88899505e-05  4.68057924e-09  8.88899505e-05 -2.46103872e-11  8.88899505e-05  0.00000000e+00 
 8.89069819e-05 -3.44253036e-09  8.89069819e-05 -2.46100002e-11  8.89069819e-05  0.00000000e+00 
 8.89240132e-05  4.56427892e-09  8.89240132e-05 -2.46103784e-11  8.89240132e-05  0.00000000e+00 
 8.89242625e-05  5.70571678e-07  8.89242625e-05  2.44792910e-07  8.89242625e-05  4.20563667e-03 
 8.89247612e-05  1.85155440e-06  8.89247612e-05  2.44792799e-07  8.89247612e-05  1.26169100e-02 
 8.89250892e-05  2.61864345e-06  8.89250892e-05  2.44792717e-07  8.89250892e-05  1.81498330e-02 
 8.89253256e-05  3.15633515e-06  8.89253256e-05  2.44792654e-07  8.89253256e-05  2.21378736e-02 
 8.89255159e-05  3.68168838e-06  8.89255159e-05  2.44792590e-07  8.89255159e-05  2.53476522e-02 
 8.89257257e-05  4.16319515e-06  8.89257257e-05  2.44792520e-07  8.89257257e-05  2.88867469e-02 
 8.89258674e-05  4.45566803e-06  8.89258674e-05  2.44792474e-07  8.89258674e-05  3.12775033e-02 
 8.89260132e-05  4.84418740e-06  8.89260132e-05  2.44792416e-07  8.89260132e-05  3.37368428e-02 
 8.89261588e-05  5.23487280e-06  8.89261588e-05  2.44792351e-07  8.89261588e-05  3.61930089e-02 
 8.89263055e-05  5.53891578e-06  8.89263055e-05  2.44792292e-07  8.89263055e-05  3.86672762e-02 
 8.89264394e-05  5.82606308e-06  8.89264394e-05  2.44792235e-07  8.89264394e-05  4.09258665e-02 
 8.89265888e-05  6.23456909e-06  8.89265888e-05  2.44792157e-07  8.89265888e-05  4.34464361e-02 
 8.89267235e-05  6.58142626e-06  8.89267235e-05  2.44792083e-07  8.89267235e-05  4.57175888e-02 
 8.89268275e-05  6.78719474e-06  8.89268275e-05  2.44792031e-07  8.89268275e-05  4.74726830e-02 
 8.89269618e-05  7.07000463e-06  8.89269618e-05  2.44791961e-07  8.89269618e-05  4.97370267e-02 
 8.89271014e-05  7.44829100e-06  8.89271014e-05  2.44791871e-07  8.89271014e-05  5.20922057e-02 
 8.89272297e-05  7.78592359e-06  8.89272297e-05  2.44791782e-07  8.89272297e-05  5.42574314e-02 
 8.89273408e-05  8.01041741e-06  8.89273408e-05  2.44791713e-07  8.89273408e-05  5.61316013e-02 
 8.89274764e-05  8.28937090e-06  8.89274764e-05  2.44791626e-07  8.89274764e-05  5.84176769e-02 
 8.89276041e-05  8.62979629e-06  8.89276041e-05  2.44791525e-07  8.89276041e-05  6.05714675e-02 
 8.89277484e-05  9.01218021e-06  8.89277484e-05  2.44791402e-07  8.89277484e-05  6.30065903e-02 
 8.89278770e-05  9.27381534e-06  8.89278770e-05  2.44791301e-07  8.89278770e-05  6.51757727e-02 
 8.89280138e-05  9.55633838e-06  8.89280138e-05  2.44791190e-07  8.89280138e-05  6.74823804e-02 
 8.89281472e-05  9.91316225e-06  8.89281472e-05  2.44791057e-07  8.89281472e-05  6.97338635e-02 
 8.89282921e-05  1.02899391e-05  8.89282921e-05  2.44790904e-07  8.89282921e-05  7.21778544e-02 
 8.89284115e-05  1.05271631e-05  8.89284115e-05  2.44790788e-07  8.89284115e-05  7.41911736e-02 
 8.89285476e-05  1.08081876e-05  8.89285476e-05  2.44790649e-07  8.89285476e-05  7.64866924e-02 
 8.89286835e-05  1.11711547e-05  8.89286835e-05  2.44790480e-07  8.89286835e-05  7.87797410e-02 
 8.89288207e-05  1.15260659e-05  8.89288207e-05  2.44790298e-07  8.89288207e-05  8.10944226e-02 
 8.89289351e-05  1.17519754e-05  8.89289351e-05  2.44790160e-07  8.89289351e-05  8.30241775e-02 
 8.89290706e-05  1.20280755e-05  8.89290706e-05  2.44789989e-07  8.89290706e-05  8.53093789e-02 
 8.89292028e-05  1.23777814e-05  8.89292028e-05  2.44789785e-07  8.89292028e-05  8.75389549e-02 
 8.89293423e-05  1.27397763e-05  8.89293423e-05  2.44789555e-07  8.89293423e-05  8.98930233e-02 
 8.89294625e-05  1.29777824e-05  8.89294625e-05  2.44789374e-07  8.89294625e-05  9.19206701e-02 
 8.89295987e-05  1.32534614e-05  8.89295987e-05  2.44789159e-07  8.89295987e-05  9.42175131e-02 
 8.89297304e-05  1.36003325e-05  8.89297304e-05  2.44788906e-07  8.89297304e-05  9.64401495e-02 
 8.89298733e-05  1.39684955e-05  8.89298733e-05  2.44788614e-07  8.89298733e-05  9.88503167e-02 
 8.89299945e-05  1.42062973e-05  8.89299945e-05  2.44788387e-07  8.89299945e-05  1.00893905e-01 
 8.89301307e-05  1.44814375e-05  8.89301307e-05  2.44788117e-07  8.89301307e-05  1.03191375e-01 
 8.89302645e-05  1.48329494e-05  8.89302645e-05  2.44787796e-07  8.89302645e-05  1.05448493e-01 
 8.89304051e-05  1.51923763e-05  8.89304051e-05  2.44787438e-07  8.89304051e-05  1.07820216e-01 
 8.89305229e-05  1.54212652e-05  8.89305229e-05  2.44787163e-07  8.89305229e-05  1.09806970e-01 
 8.89306587e-05  1.56938181e-05  8.89306587e-05  2.44786828e-07  8.89306587e-05  1.12098848e-01 
 8.89307920e-05  1.60420801e-05  8.89307920e-05  2.44786429e-07  8.89307920e-05  1.14346892e-01 
 8.89309317e-05  1.63982835e-05  8.89309317e-05  2.44785987e-07  8.89309317e-05  1.16703542e-01 
 8.89310502e-05  1.66276250e-05  8.89310502e-05  2.44785642e-07  8.89310502e-05  1.18701486e-01 
 8.89311861e-05  1.68982657e-05  8.89311861e-05  2.44785224e-07  8.89311861e-05  1.20994841e-01 
 8.89313185e-05  1.72422529e-05  8.89313185e-05  2.44784732e-07  8.89313185e-05  1.23228002e-01 
 8.89314597e-05  1.76008117e-05  8.89314597e-05  2.44784175e-07  8.89314597e-05  1.25609164e-01 
 8.89315796e-05  1.78318710e-05  8.89315796e-05  2.44783739e-07  8.89315796e-05  1.27632397e-01 
 8.89317157e-05  1.81014419e-05  8.89317157e-05  2.44783218e-07  8.89317157e-05  1.29928133e-01 
 8.89318486e-05  1.84455229e-05  8.89318486e-05  2.44782601e-07  8.89318486e-05  1.32170688e-01 
 8.89319898e-05  1.88018655e-05  8.89319898e-05  2.44781908e-07  8.89319898e-05  1.34551637e-01 
 8.89321089e-05  1.90295019e-05  8.89321089e-05  2.44781369e-07  8.89321089e-05  1.36560747e-01 
 8.89322449e-05  1.92974152e-05  8.89322449e-05  2.44780719e-07  8.89322449e-05  1.38855026e-01 
 8.89323781e-05  1.96406887e-05  8.89323781e-05  2.44779949e-07  8.89323781e-05  1.41101925e-01 
 8.89325185e-05  1.99934971e-05  8.89325185e-05  2.44779090e-07  8.89325185e-05  1.43470508e-01 
 8.89326372e-05  2.02188031e-05  8.89326372e-05  2.44778422e-07  8.89326372e-05  1.45471495e-01 
 8.89327731e-05  2.04848290e-05  8.89327731e-05  2.44777612e-07  8.89327731e-05  1.47765027e-01 
 8.89329060e-05  2.08254327e-05  8.89329060e-05  2.44776656e-07  8.89329060e-05  1.50005775e-01 
 8.89330466e-05  2.11774519e-05  8.89330466e-05  2.44775585e-07  8.89330466e-05  1.52378509e-01 
 8.89331658e-05  2.14026439e-05  8.89331658e-05  2.44774747e-07  8.89331658e-05  1.54389237e-01 
 8.89333019e-05  2.16671790e-05  8.89333019e-05  2.44773738e-07  8.89333019e-05  1.56683799e-01 
 8.89334347e-05  2.20061848e-05  8.89334347e-05  2.44772547e-07  8.89334347e-05  1.58924356e-01 
 8.89335756e-05  2.23572010e-05  8.89335756e-05  2.44771210e-07  8.89335756e-05  1.61302024e-01 
 8.89336949e-05  2.25810349e-05  8.89336949e-05  2.44770166e-07  8.89336949e-05  1.63313698e-01 
 8.89338309e-05  2.28440818e-05  8.89338309e-05  2.44768908e-07  8.89338309e-05  1.65608318e-01 
 8.89339639e-05  2.31821086e-05  8.89339639e-05  2.44767421e-07  8.89339639e-05  1.67852143e-01 
 8.89341047e-05  2.35308183e-05  8.89341047e-05  2.44765759e-07  8.89341047e-05  1.70226045e-01 
 8.89342236e-05  2.37525916e-05  8.89342236e-05  2.44764462e-07  8.89342236e-05  1.72232387e-01 
 8.89343596e-05  2.40139687e-05  8.89343596e-05  2.44762895e-07  8.89343596e-05  1.74526496e-01 
 8.89344926e-05  2.43502919e-05  8.89344926e-05  2.44761044e-07  8.89344926e-05  1.76769429e-01 
 8.89346332e-05  2.46972483e-05  8.89346332e-05  2.44758975e-07  8.89346332e-05  1.79142019e-01 
 8.89347522e-05  2.49178336e-05  8.89347522e-05  2.44757358e-07  8.89347522e-05  1.81149570e-01 
 8.89348883e-05  2.51776176e-05  8.89348883e-05  2.44755405e-07  8.89348883e-05  1.83443852e-01 
 8.89350212e-05  2.55121835e-05  8.89350212e-05  2.44753102e-07  8.89350212e-05  1.85685522e-01 
 8.89351619e-05  2.58578795e-05  8.89351619e-05  2.44750523e-07  8.89351619e-05  1.88060407e-01 
 8.89352811e-05  2.60773601e-05  8.89352811e-05  2.44748506e-07  8.89352811e-05  1.90070203e-01 
 8.89354171e-05  2.63356384e-05  8.89354171e-05  2.44746072e-07  8.89354171e-05  1.92364731e-01 
 8.89355501e-05  2.66688536e-05  8.89355501e-05  2.44743201e-07  8.89355501e-05  1.94607405e-01 
 8.89356908e-05  2.70128667e-05  8.89356908e-05  2.44739990e-07  8.89356908e-05  1.96982144e-01 
 8.89358099e-05  2.72307909e-05  8.89358099e-05  2.44737479e-07  8.89358099e-05  1.98990498e-01 
 8.89359459e-05  2.74875181e-05  8.89359459e-05  2.44734448e-07  8.89359459e-05  2.01284909e-01 
 8.89360789e-05  2.78193016e-05  8.89360789e-05  2.44730871e-07  8.89360789e-05  2.03528066e-01 
 8.89362196e-05  2.81615395e-05  8.89362196e-05  2.44726873e-07  8.89362196e-05  2.05901607e-01 
 8.89363386e-05  2.83780285e-05  8.89363386e-05  2.44723748e-07  8.89363386e-05  2.07909182e-01 
 8.89364746e-05  2.86331980e-05  8.89364746e-05  2.44719972e-07  8.89364746e-05  2.10203569e-01 
 8.89366076e-05  2.89633981e-05  8.89366076e-05  2.44715518e-07  8.89366076e-05  2.12446266e-01 
 8.89367483e-05  2.93041227e-05  8.89367483e-05  2.44710539e-07  8.89367483e-05  2.14820178e-01 
 8.89368674e-05  2.95193800e-05  8.89368674e-05  2.44706644e-07  8.89368674e-05  2.16828605e-01 
 8.89370034e-05  2.97730418e-05  8.89370034e-05  2.44701941e-07  8.89370034e-05  2.19123137e-01 
 8.89371364e-05  3.01017784e-05  8.89371364e-05  2.44696395e-07  8.89371364e-05  2.21365996e-01 
 8.89372771e-05  3.04409702e-05  8.89372771e-05  2.44690193e-07  8.89372771e-05  2.23740278e-01 
 8.89373962e-05  3.06548851e-05  8.89373962e-05  2.44685343e-07  8.89373962e-05  2.25748656e-01 
 8.89375322e-05  3.09070535e-05  8.89375322e-05  2.44679484e-07  8.89375322e-05  2.28043249e-01 
 8.89376652e-05  3.12343976e-05  8.89376652e-05  2.44672576e-07  8.89376652e-05  2.30286608e-01 
 8.89378059e-05  3.15719511e-05  8.89378059e-05  2.44664856e-07  8.89378059e-05  2.32660435e-01 
 8.89379250e-05  3.17844746e-05  8.89379250e-05  2.44658817e-07  8.89379250e-05  2.34668188e-01 
 8.89380610e-05  3.20351498e-05  8.89380610e-05  2.44651521e-07  8.89380610e-05  2.36962806e-01 
 8.89381940e-05  3.23610555e-05  8.89381940e-05  2.44642919e-07  8.89381940e-05  2.39206316e-01 
 8.89383347e-05  3.26970363e-05  8.89383347e-05  2.44633309e-07  8.89383347e-05  2.41579922e-01 
 8.89384537e-05  3.29082583e-05  8.89384537e-05  2.44625789e-07  8.89384537e-05  2.43587648e-01 
 8.89385898e-05  3.31574665e-05  8.89385898e-05  2.44616703e-07  8.89385898e-05  2.45882374e-01 
 8.89387228e-05  3.34819562e-05  8.89387228e-05  2.44605993e-07  8.89387228e-05  2.48126070e-01 
 8.89388635e-05  3.38164189e-05  8.89388635e-05  2.44594028e-07  8.89388635e-05  2.50499757e-01 
 8.89389825e-05  3.40263544e-05  8.89389825e-05  2.44584666e-07  8.89389825e-05  2.52507491e-01 
 8.89391186e-05  3.42741254e-05  8.89391186e-05  2.44573352e-07  8.89391186e-05  2.54802352e-01 
 8.89392516e-05  3.45972652e-05  8.89392516e-05  2.44560016e-07  8.89392516e-05  2.57046519e-01 
 8.89393923e-05  3.49301835e-05  8.89393923e-05  2.44545123e-07  8.89393923e-05  2.59420015e-01 
 8.89395113e-05  3.51388036e-05  8.89395113e-05  2.44533470e-07  8.89395113e-05  2.61427368e-01 
 8.89396474e-05  3.53851581e-05  8.89396474e-05  2.44519383e-07  8.89396474e-05  2.63722356e-01 
 8.89397805e-05  3.57069741e-05  8.89397805e-05  2.44502780e-07  8.89397805e-05  2.65967030e-01 
 8.89399211e-05  3.60383557e-05  8.89399211e-05  2.44484245e-07  8.89399211e-05  2.68340204e-01 
 8.89400401e-05  3.62456854e-05  8.89400401e-05  2.44469742e-07  8.89400401e-05  2.70347189e-01 
 8.89401762e-05  3.64906526e-05  8.89401762e-05  2.44452206e-07  8.89401762e-05  2.72642347e-01 
 8.89403093e-05  3.68111726e-05  8.89403093e-05  2.44431538e-07  8.89403093e-05  2.74887556e-01 
 8.89404500e-05  3.71410578e-05  8.89404500e-05  2.44408473e-07  8.89404500e-05  2.77260505e-01 
 8.89405689e-05  3.73471291e-05  8.89405689e-05  2.44390425e-07  8.89405689e-05  2.79267198e-01 
 8.89407050e-05  3.75907485e-05  8.89407050e-05  2.44368597e-07  8.89407050e-05  2.81562584e-01 
 8.89408381e-05  3.79100332e-05  8.89408381e-05  2.44342868e-07  8.89408381e-05  2.83808529e-01 
 8.89409788e-05  3.82384378e-05  8.89409788e-05  2.44314172e-07  8.89409788e-05  2.86181184e-01 
 8.89410977e-05  3.84432568e-05  8.89410977e-05  2.44291718e-07  8.89410977e-05  2.88187408e-01 
 8.89412338e-05  3.86855713e-05  8.89412338e-05  2.44264550e-07  8.89412338e-05  2.90483066e-01 
 8.89413670e-05  3.90036865e-05  8.89413670e-05  2.44232524e-07  8.89413670e-05  2.92729952e-01 
 8.89415077e-05  3.93306225e-05  8.89415077e-05  2.44196830e-07  8.89415077e-05  2.95102158e-01 
 8.89416266e-05  3.95342039e-05  8.89416266e-05  2.44168901e-07  8.89416266e-05  2.97107749e-01 
 8.89417627e-05  3.97752633e-05  8.89417627e-05  2.44135094e-07  8.89417627e-05  2.99403740e-01 
 8.89418959e-05  4.00922775e-05  8.89418959e-05  2.44095232e-07  8.89418959e-05  3.01651753e-01 
 8.89420365e-05  4.04177755e-05  8.89420365e-05  2.44050843e-07  8.89420365e-05  3.04023434e-01 
 8.89421554e-05  4.06201492e-05  8.89421554e-05  2.44016113e-07  8.89421554e-05  3.06028311e-01 
 8.89422915e-05  4.08600163e-05  8.89422915e-05  2.43974049e-07  8.89422915e-05  3.08324721e-01 
 8.89424249e-05  4.11760203e-05  8.89424249e-05  2.43924438e-07  8.89424249e-05  3.10574140e-01 
 8.89425654e-05  4.15001136e-05  8.89425654e-05  2.43869249e-07  8.89425654e-05  3.12945200e-01 
 8.89426842e-05  4.17013064e-05  8.89426842e-05  2.43826074e-07  8.89426842e-05  3.14949192e-01 
 8.89428204e-05  4.19400572e-05  8.89428204e-05  2.43773745e-07  8.89428204e-05  3.17246122e-01 
 8.89429539e-05  4.22551653e-05  8.89429539e-05  2.43712004e-07  8.89429539e-05  3.19497315e-01 
 8.89430944e-05  4.25778851e-05  8.89430944e-05  2.43643408e-07  8.89430944e-05  3.21867574e-01 
 8.89432131e-05  4.27779250e-05  8.89432131e-05  2.43589755e-07  8.89432131e-05  3.23870431e-01 
 8.89433493e-05  4.30156503e-05  8.89433493e-05  2.43524667e-07  8.89433493e-05  3.26168003e-01 
 8.89434829e-05  4.33299984e-05  8.89434829e-05  2.43447832e-07  8.89434829e-05  3.28421401e-01 
 8.89436234e-05  4.36513853e-05  8.89436234e-05  2.43362601e-07  8.89436234e-05  3.30790654e-01 
 8.89437420e-05  4.38503110e-05  8.89437420e-05  2.43295953e-07  8.89437420e-05  3.32792114e-01 
 8.89438783e-05  4.40871223e-05  8.89438783e-05  2.43215009e-07  8.89438783e-05  3.35090480e-01 
 8.89440120e-05  4.44008775e-05  8.89440120e-05  2.43119391e-07  8.89440120e-05  3.37346621e-01 
 8.89441524e-05  4.47209824e-05  8.89441524e-05  2.43013532e-07  8.89441524e-05  3.39714638e-01 
 8.89442710e-05  4.49188404e-05  8.89442710e-05  2.42930780e-07  8.89442710e-05  3.41714379e-01 
 8.89444073e-05  4.51548748e-05  8.89444073e-05  2.42830136e-07  8.89444073e-05  3.44013731e-01 
 8.89445412e-05  4.54682463e-05  8.89445412e-05  2.42711138e-07  8.89445412e-05  3.46273304e-01 
 8.89446815e-05  4.57871272e-05  8.89446815e-05  2.42579717e-07  8.89446815e-05  3.48639778e-01 
 8.89447999e-05  4.59839709e-05  8.89447999e-05  2.42477025e-07  8.89447999e-05  3.50637379e-01 
 8.89449363e-05  4.62193960e-05  8.89449363e-05  2.42351911e-07  8.89449363e-05  3.52937947e-01 
 8.89450705e-05  4.65326426e-05  8.89450705e-05  2.42203805e-07  8.89450705e-05  3.55201816e-01 
 8.89452107e-05  4.68503682e-05  8.89452107e-05  2.42040733e-07  8.89452107e-05  3.57566357e-01 
 8.89453290e-05  4.70462631e-05  8.89453290e-05  2.41913375e-07  8.89453290e-05  3.59561302e-01 
 8.89454654e-05  4.72812850e-05  8.89454654e-05  2.41757871e-07  8.89454654e-05  3.61863371e-01 
 8.89456000e-05  4.75947275e-05  8.89456000e-05  2.41573508e-07  8.89456000e-05  3.64132615e-01 
 8.89457400e-05  4.79113814e-05  8.89457400e-05  2.41371282e-07  8.89457400e-05  3.66494745e-01 
 8.89458581e-05  4.81064079e-05  8.89458581e-05  2.41213446e-07  8.89458581e-05  3.68486411e-01 
 8.89459947e-05  4.83412806e-05  8.89459947e-05  2.41020208e-07  8.89459947e-05  3.70790328e-01 
 8.89461296e-05  4.86553203e-05  8.89461296e-05  2.40790654e-07  8.89461296e-05  3.73066316e-01 
 8.89462694e-05  4.89710018e-05  8.89462694e-05  2.40540044e-07  8.89462694e-05  3.75425435e-01 
 8.89463873e-05  4.91652573e-05  8.89463873e-05  2.40344603e-07  8.89463873e-05  3.77413047e-01 
 8.89465240e-05  4.94002937e-05  8.89465240e-05  2.40104517e-07  8.89465240e-05  3.79719235e-01 
 8.89466594e-05  4.97154341e-05  8.89466594e-05  2.39818587e-07  8.89466594e-05  3.82003709e-01 
 8.89467990e-05  5.00302605e-05  8.89467990e-05  2.39508264e-07  8.89467990e-05  3.84359055e-01 
 8.89469166e-05  5.02238628e-05  8.89469166e-05  2.39266495e-07  8.89469166e-05  3.86341661e-01 
 8.89470535e-05  5.04594490e-05  8.89470535e-05  2.38968256e-07  8.89470535e-05  3.88650629e-01 
 8.89471895e-05  5.07763239e-05  8.89471895e-05  2.38611904e-07  8.89471895e-05  3.90945810e-01 
 8.89473289e-05  5.10904331e-05  8.89473289e-05  2.38227999e-07  8.89473289e-05  3.93296422e-01 
 8.89474460e-05  5.12835262e-05  8.89474460e-05  2.37929262e-07  8.89474460e-05  3.95272859e-01 
 8.89475831e-05  5.15201391e-05  8.89475831e-05  2.37558840e-07  8.89475831e-05  3.97585220e-01 
 8.89477200e-05  5.18395518e-05  8.89477200e-05  2.37114367e-07  8.89477200e-05  3.99893967e-01 
 8.89478590e-05  5.21531039e-05  8.89478590e-05  2.36639956e-07  8.89478590e-05  4.02238628e-01 
 8.89479757e-05  5.23458626e-05  8.89479757e-05  2.36271319e-07  8.89479757e-05  4.04207477e-01 
 8.89481130e-05  5.25840916e-05  8.89481130e-05  2.35811297e-07  8.89481130e-05  4.06523958e-01 
 8.89482509e-05  5.29070680e-05  8.89482509e-05  2.35256287e-07  8.89482509e-05  4.08849991e-01 
 8.89483895e-05  5.32202446e-05  8.89483895e-05  2.34670801e-07  8.89483895e-05  4.11187142e-01 
 8.89485057e-05  5.34128807e-05  8.89485057e-05  2.34216617e-07  8.89485057e-05  4.13146680e-01 
 8.89486433e-05  5.36534543e-05  8.89486433e-05  2.33645366e-07  8.89486433e-05  4.15468131e-01 
 8.89487825e-05  5.39813187e-05  8.89487825e-05  2.32951232e-07  8.89487825e-05  4.17816354e-01 
 8.89489205e-05  5.42943182e-05  8.89489205e-05  2.32229799e-07  8.89489205e-05  4.20143986e-01 
 8.89490360e-05  5.44870872e-05  8.89490360e-05  2.31671231e-07  8.89490360e-05  4.22092128e-01 
 8.89491739e-05  5.47309071e-05  8.89491739e-05  2.30961869e-07  8.89491739e-05  4.24419526e-01 
 8.89493149e-05  5.50653919e-05  8.89493149e-05  2.30091798e-07  8.89493149e-05  4.26796522e-01 
 8.89494521e-05  5.53784177e-05  8.89494521e-05  2.29204558e-07  8.89494521e-05  4.29112014e-01 
 8.89495668e-05  5.55716267e-05  8.89495668e-05  2.28519065e-07  8.89495668e-05  4.31046258e-01 
 8.89497052e-05  5.58198099e-05  8.89497052e-05  2.27638147e-07  8.89497052e-05  4.33380694e-01 
 8.89498483e-05  5.61632254e-05  8.89498483e-05  2.26544084e-07  8.89498483e-05  4.35795522e-01 
 8.89499847e-05  5.64764590e-05  8.89499847e-05  2.25455524e-07  8.89499847e-05  4.38095401e-01 
 8.89500983e-05  5.66704752e-05  8.89500983e-05  2.24616318e-07  8.89500983e-05  4.40012767e-01 
 8.89502372e-05  5.69244078e-05  8.89502372e-05  2.23522178e-07  8.89502372e-05  4.42355403e-01 
 8.89503834e-05  5.72799205e-05  8.89503834e-05  2.22140107e-07  8.89503834e-05  4.44820969e-01 
 8.89505185e-05  5.75934653e-05  8.89505185e-05  2.20808593e-07  8.89505185e-05  4.47100537e-01 
 8.89506310e-05  5.77887263e-05  8.89506310e-05  2.19784075e-07  8.89506310e-05  4.48997524e-01 
 8.89507704e-05  5.80501329e-05  8.89507704e-05  2.18424704e-07  8.89507704e-05  4.51349495e-01 
 8.89509040e-05  5.83817347e-05  8.89509040e-05  2.16866317e-07  8.89509040e-05  4.53602191e-01 
 8.89510456e-05  5.87179299e-05  8.89510456e-05  2.15146705e-07  8.89510456e-05  4.55991336e-01 
 8.89511619e-05  5.89261449e-05  8.89511619e-05  2.13838978e-07  8.89511619e-05  4.57952522e-01 
 8.89513016e-05  5.91957231e-05  8.89513016e-05  2.12157600e-07  8.89513016e-05  4.60308841e-01 
 8.89514366e-05  5.95383168e-05  8.89514366e-05  2.10214287e-07  8.89514366e-05  4.62585980e-01 
 8.89515799e-05  5.98849069e-05  8.89515799e-05  2.08073025e-07  8.89515799e-05  4.65003601e-01 
 8.89516963e-05  6.00996010e-05  8.89516963e-05  2.06460533e-07  8.89516963e-05  4.66967466e-01 
 8.89518372e-05  6.03828199e-05  8.89518372e-05  2.04361287e-07  8.89518372e-05  4.69344108e-01 
 8.89519701e-05  6.07306802e-05  8.89519701e-05  2.01996339e-07  8.89519701e-05  4.71586868e-01 
 8.89521152e-05  6.10898978e-05  8.89521152e-05  1.99332919e-07  8.89521152e-05  4.74033954e-01 
 8.89522310e-05  6.13113548e-05  8.89522310e-05  1.97360965e-07  8.89522310e-05  4.75986809e-01 
 8.89523726e-05  6.16097504e-05  8.89523726e-05  1.94752945e-07  8.89523726e-05  4.78375634e-01 
 8.89525037e-05  6.19651588e-05  8.89525037e-05  1.91876992e-07  8.89525037e-05  4.80586751e-01 
 8.89526506e-05  6.23402969e-05  8.89526506e-05  1.88567323e-07  8.89526506e-05  4.83064339e-01 
 8.89527664e-05  6.25723998e-05  8.89527664e-05  1.86143193e-07  8.89527664e-05  4.85018010e-01 
 8.89529093e-05  6.28907190e-05  8.89529093e-05  1.82892618e-07  8.89529093e-05  4.87427997e-01 
 8.89530391e-05  6.32579662e-05  8.89530391e-05  1.79382357e-07  8.89530391e-05  4.89617621e-01 
 8.89531883e-05  6.36536302e-05  8.89531883e-05  1.75261332e-07  8.89531883e-05  4.92135440e-01 
 8.89533044e-05  6.38995685e-05  8.89533044e-05  1.72279333e-07  8.89533044e-05  4.94093215e-01 
 8.89534490e-05  6.42441031e-05  8.89534490e-05  1.68210989e-07  8.89534490e-05  4.96532137e-01 
 8.89535772e-05  6.46258997e-05  8.89535772e-05  1.63936728e-07  8.89535772e-05  4.98695027e-01 
 8.89537294e-05  6.50475594e-05  8.89537294e-05  1.58797326e-07  8.89537294e-05  5.01262664e-01 
 8.89538464e-05  6.53124802e-05  8.89538464e-05  1.55110573e-07  8.89538464e-05  5.03235589e-01 
 8.89539927e-05  6.56900899e-05  8.89539927e-05  1.50009861e-07  8.89539927e-05  5.05703440e-01 
 8.89541190e-05  6.60895588e-05  8.89541190e-05  1.44818808e-07  8.89541190e-05  5.07833868e-01 
 8.89542748e-05  6.65440801e-05  8.89542748e-05  1.38399852e-07  8.89542748e-05  5.10461861e-01 
 8.89543958e-05  6.68413573e-05  8.89543958e-05  1.33712824e-07  8.89543958e-05  5.12504085e-01 
 8.89545429e-05  6.72591344e-05  8.89545429e-05  1.27329325e-07  8.89545429e-05  5.14985056e-01 
 8.89546681e-05  6.76837193e-05  8.89546681e-05  1.20980205e-07  8.89546681e-05  5.17096332e-01 
 8.89548277e-05  6.81774228e-05  8.89548277e-05  1.12980601e-07  8.89548277e-05  5.19788454e-01 
 8.89549568e-05  6.85270740e-05  8.89549568e-05  1.06820172e-07  8.89549568e-05  5.21965962e-01 
 8.89551052e-05  6.90004743e-05  8.89551052e-05  9.87239772e-08  8.89551052e-05  5.24470551e-01 
 8.89552422e-05  6.95008856e-05  8.89552422e-05  9.01505636e-08  8.89552422e-05  5.26780285e-01 
 8.89554020e-05  7.00245993e-05  8.89554020e-05  8.04688488e-08  8.89554020e-05  5.29476017e-01 
 8.89555530e-05  7.04917742e-05  8.89555530e-05  7.14079936e-08  8.89555530e-05  5.32024127e-01 
 8.89557111e-05  7.10785673e-05  8.89557111e-05  6.02433745e-08  8.89557111e-05  5.34689888e-01 
 8.89558915e-05  7.17805761e-05  8.89558915e-05  4.63769984e-08  8.89558915e-05  5.37733221e-01 
 8.89560745e-05  7.24209240e-05  8.89560745e-05  3.29200815e-08  8.89560745e-05  5.40820961e-01 
 8.89562709e-05  7.31833580e-05  8.89562709e-05  1.67495723e-08  8.89562709e-05  5.44132937e-01 
 8.89564522e-05  7.39813652e-05  8.89564522e-05 -5.45083919e-10  8.89564522e-05  5.47191371e-01 
 8.89566530e-05  7.48037876e-05  8.89566530e-05 -1.92309229e-08  8.89566530e-05  5.50578117e-01 
 8.89568871e-05  7.58167661e-05  8.89568871e-05 -4.27268553e-08  8.89568871e-05  5.54526878e-01 
 8.89571133e-05  7.69421428e-05  8.89571133e-05 -6.96080363e-08  8.89571133e-05  5.58343283e-01 
 8.89573568e-05  7.81202686e-05  8.89573568e-05 -9.86989986e-08  8.89573568e-05  5.62450255e-01 
 8.89576405e-05  7.95981669e-05  8.89576405e-05 -1.36019628e-07  8.89576405e-05  5.67236843e-01 
 8.89579174e-05  8.12303210e-05  8.89579174e-05 -1.78918050e-07  8.89579174e-05  5.71906717e-01 
 8.89582078e-05  8.29512552e-05  8.89582078e-05 -2.24767283e-07  8.89582078e-05  5.76806148e-01 
 8.89587339e-05  8.65567980e-05  8.89587339e-05 -3.24599296e-07  8.89587339e-05  5.85680252e-01 
 8.89592436e-05  9.05717591e-05  8.89592436e-05 -4.40092347e-07  8.89592436e-05  5.94277905e-01 
 8.89597359e-05  9.49803972e-05  8.89597359e-05 -5.68775689e-07  8.89597359e-05  6.02581985e-01 
 8.89603683e-05  1.01787916e-04  8.89603683e-05 -7.75931177e-07  8.89603683e-05  6.13248884e-01 
 8.89610888e-05  1.11128461e-04  8.89610888e-05 -1.05940989e-06  8.89610888e-05  6.25403328e-01 
 8.89622600e-05  1.31760212e-04  8.89622600e-05 -1.70279414e-06  8.89622600e-05  6.45159660e-01 
 8.89646024e-05  2.05274625e-04  8.89646024e-05 -3.90763253e-06  8.89646024e-05  6.84672326e-01 
 8.89686226e-05  5.66156464e-04  8.89686226e-05 -1.37242334e-05  8.89686226e-05  7.52486716e-01 
 8.89726239e-05  1.63400439e-03  8.89726239e-05 -4.04469715e-05  8.89726239e-05  8.19980564e-01 
 8.89778727e-05  5.88643466e-03  8.89778727e-05 -1.27074464e-04  8.89778727e-05  9.08520026e-01 
 8.89839745e-05  1.86414848e-02  8.89839745e-05 -3.13300666e-04  8.89839745e-05  1.01144645e+00 
 8.89925115e-05  5.62779263e-02  8.89925115e-05 -6.41521962e-04  8.89925115e-05  1.15545245e+00 
 8.90060913e-05  1.57162909e-01  8.90060913e-05 -1.05664228e-03  8.90060913e-05  1.38452074e+00 
 8.90204114e-05  2.94065135e-01  8.90204114e-05 -1.30606447e-03  8.90204114e-05  1.62607673e+00 
 8.90490516e-05  5.91789628e-01  8.90490516e-05 -1.65848407e-03  8.90490516e-05  2.10918870e+00 
 8.90770544e-05  8.93070698e-01  8.90770544e-05 -1.97781978e-03  8.90770544e-05  2.58154947e+00 
 8.91066957e-05  1.21646021e+00  8.91066957e-05 -2.31336889e-03  8.91066957e-05  3.08154947e+00 
 8.91363371e-05  1.54223730e+00  8.91363371e-05 -2.64307127e-03  8.91363371e-05  3.58154947e+00 
 8.91659784e-05  1.86793084e+00  8.91659784e-05 -2.96424341e-03  8.91659784e-05  4.08154947e+00 
 8.91932025e-05  2.16560895e+00  8.91932025e-05 -3.25570979e-03  8.91932025e-05  4.54077473e+00 
 8.92204266e-05  2.46103341e+00  8.92204266e-05 -3.54075028e-03  8.92204266e-05  5.00000000e+00 
 8.92233907e-05  2.48758748e+00  8.92233907e-05 -3.38424352e-03  8.92233907e-05  5.00000000e+00 
 8.92293190e-05  2.53000809e+00  8.92293190e-05 -3.06618144e-03  8.92293190e-05  5.00000000e+00 
 8.92411755e-05  2.57125729e+00  8.92411755e-05 -2.73182010e-03  8.92411755e-05  5.00000000e+00 
 8.92585331e-05  2.58804667e+00  8.92585331e-05 -2.62115423e-03  8.92585331e-05  5.00000000e+00 
 8.92844540e-05  2.59146658e+00  8.92844540e-05 -2.58479477e-03  8.92844540e-05  5.00000000e+00 
 8.93117395e-05  2.59125691e+00  8.93117395e-05 -2.59637705e-03  8.93117395e-05  5.00000000e+00 
 8.93413809e-05  2.59132909e+00  8.93413809e-05 -2.58670745e-03  8.93413809e-05  5.00000000e+00 
 8.93710222e-05  2.59127951e+00  8.93710222e-05 -2.59555640e-03  8.93710222e-05  5.00000000e+00 
 8.94006635e-05  2.59133605e+00  8.94006635e-05 -2.58745019e-03  8.94006635e-05  5.00000000e+00 
 8.94303049e-05  2.59128527e+00  8.94303049e-05 -2.59482002e-03  8.94303049e-05  5.00000000e+00 
 8.94599462e-05  2.59133240e+00  8.94599462e-05 -2.58812349e-03  8.94599462e-05  5.00000000e+00 
 8.94895875e-05  2.59129033e+00  8.94895875e-05 -2.59420837e-03  8.94895875e-05  5.00000000e+00 
 8.95192289e-05  2.59132922e+00  8.95192289e-05 -2.58868007e-03  8.95192289e-05  5.00000000e+00 
 8.95488702e-05  2.59129440e+00  8.95488702e-05 -2.59370288e-03  8.95488702e-05  5.00000000e+00 
 8.95785116e-05  2.59132649e+00  8.95785116e-05 -2.58913988e-03  8.95785116e-05  5.00000000e+00 
 8.96081529e-05  2.59129769e+00  8.96081529e-05 -2.59328522e-03  8.96081529e-05  5.00000000e+00 
 8.96377942e-05  2.59132417e+00  8.96377942e-05 -2.58951975e-03  8.96377942e-05  5.00000000e+00 
 8.96674356e-05  2.59130035e+00  8.96674356e-05 -2.59294015e-03  8.96674356e-05  5.00000000e+00 
 8.96970769e-05  2.59132221e+00  8.96970769e-05 -2.58983356e-03  8.96970769e-05  5.00000000e+00 
 8.97267182e-05  2.59130251e+00  8.97267182e-05 -2.59265504e-03  8.97267182e-05  5.00000000e+00 
 8.97563596e-05  2.59132055e+00  8.97563596e-05 -2.59009281e-03  8.97563596e-05  5.00000000e+00 
 8.97860009e-05  2.59130427e+00  8.97860009e-05 -2.59241949e-03  8.97860009e-05  5.00000000e+00 
 8.98156423e-05  2.59131917e+00  8.98156423e-05 -2.59030699e-03  8.98156423e-05  5.00000000e+00 
 8.98452836e-05  2.59130570e+00  8.98452836e-05 -2.59222487e-03  8.98452836e-05  5.00000000e+00 
 8.98749249e-05  2.59131801e+00  8.98749249e-05 -2.59048393e-03  8.98749249e-05  5.00000000e+00 
 8.99045663e-05  2.59130688e+00  8.99045663e-05 -2.59206409e-03  8.99045663e-05  5.00000000e+00 
 8.99342076e-05  2.59131704e+00  8.99342076e-05 -2.59063011e-03  8.99342076e-05  5.00000000e+00 
 8.99638489e-05  2.59130784e+00  8.99638489e-05 -2.59193126e-03  8.99638489e-05  5.00000000e+00 
 8.99934903e-05  2.59131623e+00  8.99934903e-05 -2.59075087e-03  8.99934903e-05  5.00000000e+00 
 9.00231316e-05  2.59130863e+00  9.00231316e-05 -2.59182152e-03  9.00231316e-05  5.00000000e+00 
 9.00527730e-05  2.59131556e+00  9.00527730e-05 -2.59085063e-03  9.00527730e-05  5.00000000e+00 
 9.00824143e-05  2.59130928e+00  9.00824143e-05 -2.59173086e-03  9.00824143e-05  5.00000000e+00 
 9.01120556e-05  2.59131500e+00  9.01120556e-05 -2.59093304e-03  9.01120556e-05  5.00000000e+00 
 9.01416970e-05  2.59130981e+00  9.01416970e-05 -2.59165596e-03  9.01416970e-05  5.00000000e+00 
 9.01713383e-05  2.59131454e+00  9.01713383e-05 -2.59100112e-03  9.01713383e-05  5.00000000e+00 
 9.02009797e-05  2.59131025e+00  9.02009797e-05 -2.59159409e-03  9.02009797e-05  5.00000000e+00 
 9.02306210e-05  2.59131415e+00  9.02306210e-05 -2.59105736e-03  9.02306210e-05  5.00000000e+00 
 9.02602623e-05  2.59131061e+00  9.02602623e-05 -2.59154298e-03  9.02602623e-05  5.00000000e+00 
 9.02899037e-05  2.59131384e+00  9.02899037e-05 -2.59110382e-03  9.02899037e-05  5.00000000e+00 
 9.03195450e-05  2.59131091e+00  9.03195450e-05 -2.59150076e-03  9.03195450e-05  5.00000000e+00 
 9.03491863e-05  2.59131357e+00  9.03491863e-05 -2.59114219e-03  9.03491863e-05  5.00000000e+00 
 9.03788277e-05  2.59131115e+00  9.03788277e-05 -2.59146588e-03  9.03788277e-05  5.00000000e+00 
 9.04084690e-05  2.59131335e+00  9.04084690e-05 -2.59117389e-03  9.04084690e-05  5.00000000e+00 
 9.04381104e-05  2.59131135e+00  9.04381104e-05 -2.59143708e-03  9.04381104e-05  5.00000000e+00 
 9.04677517e-05  2.59131317e+00  9.04677517e-05 -2.59120007e-03  9.04677517e-05  5.00000000e+00 
 9.04973930e-05  2.59131152e+00  9.04973930e-05 -2.59141328e-03  9.04973930e-05  5.00000000e+00 
 9.05270344e-05  2.59131302e+00  9.05270344e-05 -2.59122169e-03  9.05270344e-05  5.00000000e+00 
 9.05566757e-05  2.59131166e+00  9.05566757e-05 -2.59139364e-03  9.05566757e-05  5.00000000e+00 
 9.05863170e-05  2.59131290e+00  9.05863170e-05 -2.59123955e-03  9.05863170e-05  5.00000000e+00 
 9.06159584e-05  2.59131177e+00  9.06159584e-05 -2.59137741e-03  9.06159584e-05  5.00000000e+00 
 9.06455997e-05  2.59131280e+00  9.06455997e-05 -2.59125429e-03  9.06455997e-05  5.00000000e+00 
 9.06752411e-05  2.59131186e+00  9.06752411e-05 -2.59136401e-03  9.06752411e-05  5.00000000e+00 
 9.07048824e-05  2.59131271e+00  9.07048824e-05 -2.59126647e-03  9.07048824e-05  5.00000000e+00 
 9.07345237e-05  2.59131194e+00  9.07345237e-05 -2.59135295e-03  9.07345237e-05  5.00000000e+00 
 9.07641651e-05  2.59131264e+00  9.07641651e-05 -2.59127652e-03  9.07641651e-05  5.00000000e+00 
 9.07938064e-05  2.59131201e+00  9.07938064e-05 -2.59134382e-03  9.07938064e-05  5.00000000e+00 
 9.08234477e-05  2.59131258e+00  9.08234477e-05 -2.59128482e-03  9.08234477e-05  5.00000000e+00 
 9.08530891e-05  2.59131206e+00  9.08530891e-05 -2.59133628e-03  9.08530891e-05  5.00000000e+00 
 9.08827304e-05  2.59131254e+00  9.08827304e-05 -2.59129166e-03  9.08827304e-05  5.00000000e+00 
 9.09123718e-05  2.59131210e+00  9.09123718e-05 -2.59133006e-03  9.09123718e-05  5.00000000e+00 
 9.09420131e-05  2.59131250e+00  9.09420131e-05 -2.59129731e-03  9.09420131e-05  5.00000000e+00 
 9.09716544e-05  2.59131214e+00  9.09716544e-05 -2.59132493e-03  9.09716544e-05  5.00000000e+00 
 9.10012958e-05  2.59131246e+00  9.10012958e-05 -2.59130197e-03  9.10012958e-05  5.00000000e+00 
 9.10309371e-05  2.59131217e+00  9.10309371e-05 -2.59132069e-03  9.10309371e-05  5.00000000e+00 
 9.10605784e-05  2.59131244e+00  9.10605784e-05 -2.59130582e-03  9.10605784e-05  5.00000000e+00 
 9.10902198e-05  2.59131219e+00  9.10902198e-05 -2.59131720e-03  9.10902198e-05  5.00000000e+00 
 9.11198611e-05  2.59131242e+00  9.11198611e-05 -2.59130899e-03  9.11198611e-05  5.00000000e+00 
 9.11495025e-05  2.59131221e+00  9.11495025e-05 -2.59131433e-03  9.11495025e-05  5.00000000e+00 
 9.11791438e-05  2.59131240e+00  9.11791438e-05 -2.59131160e-03  9.11791438e-05  5.00000000e+00 
 9.12087851e-05  2.59131223e+00  9.12087851e-05 -2.59131196e-03  9.12087851e-05  5.00000000e+00 
 9.12384265e-05  2.59131238e+00  9.12384265e-05 -2.59131374e-03  9.12384265e-05  5.00000000e+00 
 9.12680678e-05  2.59131224e+00  9.12680678e-05 -2.59131001e-03  9.12680678e-05  5.00000000e+00 
 9.12977091e-05  2.59131237e+00  9.12977091e-05 -2.59131551e-03  9.12977091e-05  5.00000000e+00 
 9.13273505e-05  2.59131226e+00  9.13273505e-05 -2.59130841e-03  9.13273505e-05  5.00000000e+00 
 9.13569918e-05  2.59131236e+00  9.13569918e-05 -2.59131697e-03  9.13569918e-05  5.00000000e+00 
 9.13866332e-05  2.59131226e+00  9.13866332e-05 -2.59130709e-03  9.13866332e-05  5.00000000e+00 
 9.14162745e-05  2.59131235e+00  9.14162745e-05 -2.59131816e-03  9.14162745e-05  5.00000000e+00 
 9.14459158e-05  2.59131227e+00  9.14459158e-05 -2.59130601e-03  9.14459158e-05  5.00000000e+00 
 9.14755572e-05  2.59131234e+00  9.14755572e-05 -2.59131914e-03  9.14755572e-05  5.00000000e+00 
 9.15051985e-05  2.59131228e+00  9.15051985e-05 -2.59130512e-03  9.15051985e-05  5.00000000e+00 
 9.15348398e-05  2.59131234e+00  9.15348398e-05 -2.59131994e-03  9.15348398e-05  5.00000000e+00 
 9.15644812e-05  2.59131228e+00  9.15644812e-05 -2.59130440e-03  9.15644812e-05  5.00000000e+00 
 9.15941225e-05  2.59131233e+00  9.15941225e-05 -2.59132060e-03  9.15941225e-05  5.00000000e+00 
 9.16237639e-05  2.59131229e+00  9.16237639e-05 -2.59130380e-03  9.16237639e-05  5.00000000e+00 
 9.16534052e-05  2.59131233e+00  9.16534052e-05 -2.59132113e-03  9.16534052e-05  5.00000000e+00 
 9.16830465e-05  2.59131229e+00  9.16830465e-05 -2.59130332e-03  9.16830465e-05  5.00000000e+00 
 9.17126879e-05  2.59131233e+00  9.17126879e-05 -2.59132157e-03  9.17126879e-05  5.00000000e+00 
 9.17423292e-05  2.59131230e+00  9.17423292e-05 -2.59130293e-03  9.17423292e-05  5.00000000e+00 
 9.17719706e-05  2.59131232e+00  9.17719706e-05 -2.59132192e-03  9.17719706e-05  5.00000000e+00 
 9.18016119e-05  2.59131230e+00  9.18016119e-05 -2.59130261e-03  9.18016119e-05  5.00000000e+00 
 9.18312532e-05  2.59131232e+00  9.18312532e-05 -2.59132220e-03  9.18312532e-05  5.00000000e+00 
 9.18608946e-05  2.59131230e+00  9.18608946e-05 -2.59130236e-03  9.18608946e-05  5.00000000e+00 
 9.18905359e-05  2.59131232e+00  9.18905359e-05 -2.59132243e-03  9.18905359e-05  5.00000000e+00 
 9.19201772e-05  2.59131230e+00  9.19201772e-05 -2.59130216e-03  9.19201772e-05  5.00000000e+00 
 9.19498186e-05  2.59131232e+00  9.19498186e-05 -2.59132261e-03  9.19498186e-05  5.00000000e+00 
 9.19794599e-05  2.59131230e+00  9.19794599e-05 -2.59130200e-03  9.19794599e-05  5.00000000e+00 
 9.20091013e-05  2.59131232e+00  9.20091013e-05 -2.59132275e-03  9.20091013e-05  5.00000000e+00 
 9.20387426e-05  2.59131230e+00  9.20387426e-05 -2.59130187e-03  9.20387426e-05  5.00000000e+00 
 9.20683839e-05  2.59131231e+00  9.20683839e-05 -2.59132286e-03  9.20683839e-05  5.00000000e+00 
 9.20980253e-05  2.59131230e+00  9.20980253e-05 -2.59130177e-03  9.20980253e-05  5.00000000e+00 
 9.21276666e-05  2.59131231e+00  9.21276666e-05 -2.59132295e-03  9.21276666e-05  5.00000000e+00 
 9.21573079e-05  2.59131231e+00  9.21573079e-05 -2.59130170e-03  9.21573079e-05  5.00000000e+00 
 9.21869493e-05  2.59131231e+00  9.21869493e-05 -2.59132301e-03  9.21869493e-05  5.00000000e+00 
 9.22165906e-05  2.59131231e+00  9.22165906e-05 -2.59130165e-03  9.22165906e-05  5.00000000e+00 
 9.22462320e-05  2.59131231e+00  9.22462320e-05 -2.59132306e-03  9.22462320e-05  5.00000000e+00 
 9.22758733e-05  2.59131231e+00  9.22758733e-05 -2.59130161e-03  9.22758733e-05  5.00000000e+00 
 9.23055146e-05  2.59131231e+00  9.23055146e-05 -2.59132309e-03  9.23055146e-05  5.00000000e+00 
 9.23351560e-05  2.59131231e+00  9.23351560e-05 -2.59130158e-03  9.23351560e-05  5.00000000e+00 
 9.23647973e-05  2.59131231e+00  9.23647973e-05 -2.59132311e-03  9.23647973e-05  5.00000000e+00 
 9.23944386e-05  2.59131231e+00  9.23944386e-05 -2.59130157e-03  9.23944386e-05  5.00000000e+00 
 9.24240800e-05  2.59131231e+00  9.24240800e-05 -2.59132311e-03  9.24240800e-05  5.00000000e+00 
 9.24537213e-05  2.59131231e+00  9.24537213e-05 -2.59130157e-03  9.24537213e-05  5.00000000e+00 
 9.24833627e-05  2.59131231e+00  9.24833627e-05 -2.59132311e-03  9.24833627e-05  5.00000000e+00 
 9.25130040e-05  2.59131231e+00  9.25130040e-05 -2.59130157e-03  9.25130040e-05  5.00000000e+00 
 9.25426453e-05  2.59131231e+00  9.25426453e-05 -2.59132311e-03  9.25426453e-05  5.00000000e+00 
 9.25722867e-05  2.59131231e+00  9.25722867e-05 -2.59130158e-03  9.25722867e-05  5.00000000e+00 
 9.26019280e-05  2.59131231e+00  9.26019280e-05 -2.59132310e-03  9.26019280e-05  5.00000000e+00 
 9.26315693e-05  2.59131231e+00  9.26315693e-05 -2.59130159e-03  9.26315693e-05  5.00000000e+00 
 9.26612107e-05  2.59131231e+00  9.26612107e-05 -2.59132308e-03  9.26612107e-05  5.00000000e+00 
 9.26908520e-05  2.59131231e+00  9.26908520e-05 -2.59130161e-03  9.26908520e-05  5.00000000e+00 
 9.27204934e-05  2.59131231e+00  9.27204934e-05 -2.59132306e-03  9.27204934e-05  5.00000000e+00 
 9.27501347e-05  2.59131231e+00  9.27501347e-05 -2.59130163e-03  9.27501347e-05  5.00000000e+00 
 9.27797760e-05  2.59131231e+00  9.27797760e-05 -2.59132304e-03  9.27797760e-05  5.00000000e+00 
 9.28094174e-05  2.59131231e+00  9.28094174e-05 -2.59130166e-03  9.28094174e-05  5.00000000e+00 
 9.28390587e-05  2.59131231e+00  9.28390587e-05 -2.59132301e-03  9.28390587e-05  5.00000000e+00 
 9.28687000e-05  2.59131231e+00  9.28687000e-05 -2.59130169e-03  9.28687000e-05  5.00000000e+00 
 9.28983414e-05  2.59131231e+00  9.28983414e-05 -2.59132298e-03  9.28983414e-05  5.00000000e+00 
 9.29279827e-05  2.59131231e+00  9.29279827e-05 -2.59130172e-03  9.29279827e-05  5.00000000e+00 
 9.29576241e-05  2.59131231e+00  9.29576241e-05 -2.59132295e-03  9.29576241e-05  5.00000000e+00 
 9.29872654e-05  2.59131231e+00  9.29872654e-05 -2.59130175e-03  9.29872654e-05  5.00000000e+00 
 9.30169067e-05  2.59131231e+00  9.30169067e-05 -2.59132292e-03  9.30169067e-05  5.00000000e+00 
 9.30465481e-05  2.59131231e+00  9.30465481e-05 -2.59130178e-03  9.30465481e-05  5.00000000e+00 
 9.30761894e-05  2.59131231e+00  9.30761894e-05 -2.59132289e-03  9.30761894e-05  5.00000000e+00 
 9.31058307e-05  2.59131231e+00  9.31058307e-05 -2.59130181e-03  9.31058307e-05  5.00000000e+00 
 9.31354721e-05  2.59131231e+00  9.31354721e-05 -2.59132286e-03  9.31354721e-05  5.00000000e+00 
 9.31651134e-05  2.59131231e+00  9.31651134e-05 -2.59130184e-03  9.31651134e-05  5.00000000e+00 
 9.31947548e-05  2.59131231e+00  9.31947548e-05 -2.59132282e-03  9.31947548e-05  5.00000000e+00 
 9.32243961e-05  2.59131231e+00  9.32243961e-05 -2.59130188e-03  9.32243961e-05  5.00000000e+00 
 9.32540374e-05  2.59131231e+00  9.32540374e-05 -2.59132279e-03  9.32540374e-05  5.00000000e+00 
 9.32836788e-05  2.59131231e+00  9.32836788e-05 -2.59130191e-03  9.32836788e-05  5.00000000e+00 
 9.33133201e-05  2.59131231e+00  9.33133201e-05 -2.59132275e-03  9.33133201e-05  5.00000000e+00 
 9.33429615e-05  2.59131231e+00  9.33429615e-05 -2.59130195e-03  9.33429615e-05  5.00000000e+00 
 9.33726028e-05  2.59131231e+00  9.33726028e-05 -2.59132272e-03  9.33726028e-05  5.00000000e+00 
 9.34022441e-05  2.59131231e+00  9.34022441e-05 -2.59130198e-03  9.34022441e-05  5.00000000e+00 
 9.34318855e-05  2.59131231e+00  9.34318855e-05 -2.59132268e-03  9.34318855e-05  5.00000000e+00 
 9.34615268e-05  2.59131231e+00  9.34615268e-05 -2.59130202e-03  9.34615268e-05  5.00000000e+00 
 9.34911681e-05  2.59131231e+00  9.34911681e-05 -2.59132265e-03  9.34911681e-05  5.00000000e+00 
 9.35208095e-05  2.59131231e+00  9.35208095e-05 -2.59130205e-03  9.35208095e-05  5.00000000e+00 
 9.35504508e-05  2.59131231e+00  9.35504508e-05 -2.59132261e-03  9.35504508e-05  5.00000000e+00 
 9.35800922e-05  2.59131231e+00  9.35800922e-05 -2.59130209e-03  9.35800922e-05  5.00000000e+00 
 9.36097335e-05  2.59131231e+00  9.36097335e-05 -2.59132257e-03  9.36097335e-05  5.00000000e+00 
 9.36393748e-05  2.59131231e+00  9.36393748e-05 -2.59130213e-03  9.36393748e-05  5.00000000e+00 
 9.36690162e-05  2.59131231e+00  9.36690162e-05 -2.59132254e-03  9.36690162e-05  5.00000000e+00 
 9.36986575e-05  2.59131231e+00  9.36986575e-05 -2.59130216e-03  9.36986575e-05  5.00000000e+00 
 9.37282988e-05  2.59131231e+00  9.37282988e-05 -2.59132250e-03  9.37282988e-05  5.00000000e+00 
 9.37579402e-05  2.59131231e+00  9.37579402e-05 -2.59130220e-03  9.37579402e-05  5.00000000e+00 
 9.37875815e-05  2.59131231e+00  9.37875815e-05 -2.59132247e-03  9.37875815e-05  5.00000000e+00 
 9.38172229e-05  2.59131231e+00  9.38172229e-05 -2.59130223e-03  9.38172229e-05  5.00000000e+00 
 9.38468642e-05  2.59131231e+00  9.38468642e-05 -2.59132243e-03  9.38468642e-05  5.00000000e+00 
 9.38765055e-05  2.59131231e+00  9.38765055e-05 -2.59130227e-03  9.38765055e-05  5.00000000e+00 
 9.39061469e-05  2.59131231e+00  9.39061469e-05 -2.59132240e-03  9.39061469e-05  5.00000000e+00 
 9.39357882e-05  2.59131231e+00  9.39357882e-05 -2.59130231e-03  9.39357882e-05  5.00000000e+00 
 9.39654295e-05  2.59131231e+00  9.39654295e-05 -2.59132236e-03  9.39654295e-05  5.00000000e+00 
 9.39950709e-05  2.59131231e+00  9.39950709e-05 -2.59130234e-03  9.39950709e-05  5.00000000e+00 
 9.40247122e-05  2.59131231e+00  9.40247122e-05 -2.59132232e-03  9.40247122e-05  5.00000000e+00 
 9.40543536e-05  2.59131231e+00  9.40543536e-05 -2.59130238e-03  9.40543536e-05  5.00000000e+00 
 9.40839949e-05  2.59131231e+00  9.40839949e-05 -2.59132229e-03  9.40839949e-05  5.00000000e+00 
 9.41136362e-05  2.59131231e+00  9.41136362e-05 -2.59130241e-03  9.41136362e-05  5.00000000e+00 
 9.41432776e-05  2.59131231e+00  9.41432776e-05 -2.59132225e-03  9.41432776e-05  5.00000000e+00 
 9.41729189e-05  2.59131231e+00  9.41729189e-05 -2.59130245e-03  9.41729189e-05  5.00000000e+00 
 9.42025602e-05  2.59131231e+00  9.42025602e-05 -2.59132222e-03  9.42025602e-05  5.00000000e+00 
 9.42322016e-05  2.59131231e+00  9.42322016e-05 -2.59130248e-03  9.42322016e-05  5.00000000e+00 
 9.42618429e-05  2.59131231e+00  9.42618429e-05 -2.59132218e-03  9.42618429e-05  5.00000000e+00 
 9.42914843e-05  2.59131231e+00  9.42914843e-05 -2.59130252e-03  9.42914843e-05  5.00000000e+00 
 9.43211256e-05  2.59131231e+00  9.43211256e-05 -2.59132215e-03  9.43211256e-05  5.00000000e+00 
 9.43507669e-05  2.59131231e+00  9.43507669e-05 -2.59130255e-03  9.43507669e-05  5.00000000e+00 
 9.43804083e-05  2.59131231e+00  9.43804083e-05 -2.59132211e-03  9.43804083e-05  5.00000000e+00 
 9.44100496e-05  2.59131231e+00  9.44100496e-05 -2.59130259e-03  9.44100496e-05  5.00000000e+00 
 9.44396909e-05  2.59131231e+00  9.44396909e-05 -2.59132208e-03  9.44396909e-05  5.00000000e+00 
 9.44693323e-05  2.59131231e+00  9.44693323e-05 -2.59130262e-03  9.44693323e-05  5.00000000e+00 
 9.44989736e-05  2.59131231e+00  9.44989736e-05 -2.59132204e-03  9.44989736e-05  5.00000000e+00 
 9.45286150e-05  2.59131231e+00  9.45286150e-05 -2.59130266e-03  9.45286150e-05  5.00000000e+00 
 9.45582563e-05  2.59131231e+00  9.45582563e-05 -2.59132201e-03  9.45582563e-05  5.00000000e+00 
 9.45878976e-05  2.59131231e+00  9.45878976e-05 -2.59130269e-03  9.45878976e-05  5.00000000e+00 
 9.46175390e-05  2.59131231e+00  9.46175390e-05 -2.59132197e-03  9.46175390e-05  5.00000000e+00 
 9.46471803e-05  2.59131231e+00  9.46471803e-05 -2.59130273e-03  9.46471803e-05  5.00000000e+00 
 9.46768216e-05  2.59131231e+00  9.46768216e-05 -2.59132194e-03  9.46768216e-05  5.00000000e+00 
 9.47064630e-05  2.59131231e+00  9.47064630e-05 -2.59130276e-03  9.47064630e-05  5.00000000e+00 
 9.47361043e-05  2.59131231e+00  9.47361043e-05 -2.59132190e-03  9.47361043e-05  5.00000000e+00 
 9.47657457e-05  2.59131231e+00  9.47657457e-05 -2.59130280e-03  9.47657457e-05  5.00000000e+00 
 9.47953870e-05  2.59131231e+00  9.47953870e-05 -2.59132187e-03  9.47953870e-05  5.00000000e+00 
 9.48250283e-05  2.59131231e+00  9.48250283e-05 -2.59130283e-03  9.48250283e-05  5.00000000e+00 
 9.48546697e-05  2.59131231e+00  9.48546697e-05 -2.59132183e-03  9.48546697e-05  5.00000000e+00 
 9.48843110e-05  2.59131231e+00  9.48843110e-05 -2.59130287e-03  9.48843110e-05  5.00000000e+00 
 9.49139524e-05  2.59131231e+00  9.49139524e-05 -2.59132180e-03  9.49139524e-05  5.00000000e+00 
 9.49435937e-05  2.59131231e+00  9.49435937e-05 -2.59130290e-03  9.49435937e-05  5.00000000e+00 
 9.49732350e-05  2.59131231e+00  9.49732350e-05 -2.59132177e-03  9.49732350e-05  5.00000000e+00 
 9.50028764e-05  2.59131231e+00  9.50028764e-05 -2.59130293e-03  9.50028764e-05  5.00000000e+00 
 9.50325177e-05  2.59131231e+00  9.50325177e-05 -2.59132173e-03  9.50325177e-05  5.00000000e+00 
 9.50621590e-05  2.59131231e+00  9.50621590e-05 -2.59130297e-03  9.50621590e-05  5.00000000e+00 
 9.50918004e-05  2.59131231e+00  9.50918004e-05 -2.59132170e-03  9.50918004e-05  5.00000000e+00 
 9.51214417e-05  2.59131231e+00  9.51214417e-05 -2.59130300e-03  9.51214417e-05  5.00000000e+00 
 9.51510831e-05  2.59131231e+00  9.51510831e-05 -2.59132166e-03  9.51510831e-05  5.00000000e+00 
 9.51807244e-05  2.59131231e+00  9.51807244e-05 -2.59130303e-03  9.51807244e-05  5.00000000e+00 
 9.52103657e-05  2.59131231e+00  9.52103657e-05 -2.59132163e-03  9.52103657e-05  5.00000000e+00 
 9.52400071e-05  2.59131231e+00  9.52400071e-05 -2.59130307e-03  9.52400071e-05  5.00000000e+00 
 9.52696484e-05  2.59131231e+00  9.52696484e-05 -2.59132160e-03  9.52696484e-05  5.00000000e+00 
 9.52992897e-05  2.59131231e+00  9.52992897e-05 -2.59130310e-03  9.52992897e-05  5.00000000e+00 
 9.53289311e-05  2.59131231e+00  9.53289311e-05 -2.59132156e-03  9.53289311e-05  5.00000000e+00 
 9.53585724e-05  2.59131231e+00  9.53585724e-05 -2.59130313e-03  9.53585724e-05  5.00000000e+00 
 9.53882138e-05  2.59131231e+00  9.53882138e-05 -2.59132153e-03  9.53882138e-05  5.00000000e+00 
 9.54178551e-05  2.59131231e+00  9.54178551e-05 -2.59130317e-03  9.54178551e-05  5.00000000e+00 
 9.54474964e-05  2.59131231e+00  9.54474964e-05 -2.59132150e-03  9.54474964e-05  5.00000000e+00 
 9.54771378e-05  2.59131231e+00  9.54771378e-05 -2.59130320e-03  9.54771378e-05  5.00000000e+00 
 9.55067791e-05  2.59131231e+00  9.55067791e-05 -2.59132147e-03  9.55067791e-05  5.00000000e+00 
 9.55364204e-05  2.59131231e+00  9.55364204e-05 -2.59130323e-03  9.55364204e-05  5.00000000e+00 
 9.55660618e-05  2.59131231e+00  9.55660618e-05 -2.59132143e-03  9.55660618e-05  5.00000000e+00 
 9.55957031e-05  2.59131231e+00  9.55957031e-05 -2.59130327e-03  9.55957031e-05  5.00000000e+00 
 9.56253445e-05  2.59131231e+00  9.56253445e-05 -2.59132140e-03  9.56253445e-05  5.00000000e+00 
 9.56549858e-05  2.59131231e+00  9.56549858e-05 -2.59130330e-03  9.56549858e-05  5.00000000e+00 
 9.56846271e-05  2.59131231e+00  9.56846271e-05 -2.59132137e-03  9.56846271e-05  5.00000000e+00 
 9.57142685e-05  2.59131231e+00  9.57142685e-05 -2.59130333e-03  9.57142685e-05  5.00000000e+00 
 9.57439098e-05  2.59131231e+00  9.57439098e-05 -2.59132133e-03  9.57439098e-05  5.00000000e+00 
 9.57735511e-05  2.59131231e+00  9.57735511e-05 -2.59130336e-03  9.57735511e-05  5.00000000e+00 
 9.58031925e-05  2.59131231e+00  9.58031925e-05 -2.59132130e-03  9.58031925e-05  5.00000000e+00 
 9.58328338e-05  2.59131231e+00  9.58328338e-05 -2.59130340e-03  9.58328338e-05  5.00000000e+00 
 9.58624752e-05  2.59131231e+00  9.58624752e-05 -2.59132127e-03  9.58624752e-05  5.00000000e+00 
 9.58921165e-05  2.59131231e+00  9.58921165e-05 -2.59130343e-03  9.58921165e-05  5.00000000e+00 
 9.59217578e-05  2.59131231e+00  9.59217578e-05 -2.59132124e-03  9.59217578e-05  5.00000000e+00 
 9.59513992e-05  2.59131231e+00  9.59513992e-05 -2.59130346e-03  9.59513992e-05  5.00000000e+00 
 9.59810405e-05  2.59131231e+00  9.59810405e-05 -2.59132121e-03  9.59810405e-05  5.00000000e+00 
 9.60106818e-05  2.59131231e+00  9.60106818e-05 -2.59130349e-03  9.60106818e-05  5.00000000e+00 
 9.60403232e-05  2.59131231e+00  9.60403232e-05 -2.59132117e-03  9.60403232e-05  5.00000000e+00 
 9.60699645e-05  2.59131231e+00  9.60699645e-05 -2.59130352e-03  9.60699645e-05  5.00000000e+00 
 9.60996059e-05  2.59131231e+00  9.60996059e-05 -2.59132114e-03  9.60996059e-05  5.00000000e+00 
 9.61292472e-05  2.59131231e+00  9.61292472e-05 -2.59130356e-03  9.61292472e-05  5.00000000e+00 
 9.61588885e-05  2.59131231e+00  9.61588885e-05 -2.59132111e-03  9.61588885e-05  5.00000000e+00 
 9.61885299e-05  2.59131231e+00  9.61885299e-05 -2.59130359e-03  9.61885299e-05  5.00000000e+00 
 9.62181712e-05  2.59131231e+00  9.62181712e-05 -2.59132108e-03  9.62181712e-05  5.00000000e+00 
 9.62478125e-05  2.59131231e+00  9.62478125e-05 -2.59130362e-03  9.62478125e-05  5.00000000e+00 
 9.62774539e-05  2.59131231e+00  9.62774539e-05 -2.59132105e-03  9.62774539e-05  5.00000000e+00 
 9.63070952e-05  2.59131231e+00  9.63070952e-05 -2.59130365e-03  9.63070952e-05  5.00000000e+00 
 9.63367366e-05  2.59131231e+00  9.63367366e-05 -2.59132102e-03  9.63367366e-05  5.00000000e+00 
 9.63663779e-05  2.59131231e+00  9.63663779e-05 -2.59130368e-03  9.63663779e-05  5.00000000e+00 
 9.63960192e-05  2.59131231e+00  9.63960192e-05 -2.59132099e-03  9.63960192e-05  5.00000000e+00 
 9.64256606e-05  2.59131231e+00  9.64256606e-05 -2.59130371e-03  9.64256606e-05  5.00000000e+00 
 9.64553019e-05  2.59131231e+00  9.64553019e-05 -2.59132095e-03  9.64553019e-05  5.00000000e+00 
 9.64849433e-05  2.59131231e+00  9.64849433e-05 -2.59130374e-03  9.64849433e-05  5.00000000e+00 
 9.65145846e-05  2.59131231e+00  9.65145846e-05 -2.59132092e-03  9.65145846e-05  5.00000000e+00 
 9.65442259e-05  2.59131231e+00  9.65442259e-05 -2.59130377e-03  9.65442259e-05  5.00000000e+00 
 9.65738673e-05  2.59131231e+00  9.65738673e-05 -2.59132089e-03  9.65738673e-05  5.00000000e+00 
 9.66035086e-05  2.59131231e+00  9.66035086e-05 -2.59130381e-03  9.66035086e-05  5.00000000e+00 
 9.66331499e-05  2.59131231e+00  9.66331499e-05 -2.59132086e-03  9.66331499e-05  5.00000000e+00 
 9.66627913e-05  2.59131231e+00  9.66627913e-05 -2.59130384e-03  9.66627913e-05  5.00000000e+00 
 9.66924326e-05  2.59131231e+00  9.66924326e-05 -2.59132083e-03  9.66924326e-05  5.00000000e+00 
 9.67220740e-05  2.59131231e+00  9.67220740e-05 -2.59130387e-03  9.67220740e-05  5.00000000e+00 
 9.67517153e-05  2.59131231e+00  9.67517153e-05 -2.59132080e-03  9.67517153e-05  5.00000000e+00 
 9.67813566e-05  2.59131231e+00  9.67813566e-05 -2.59130390e-03  9.67813566e-05  5.00000000e+00 
 9.68109980e-05  2.59131231e+00  9.68109980e-05 -2.59132077e-03  9.68109980e-05  5.00000000e+00 
 9.68406393e-05  2.59131231e+00  9.68406393e-05 -2.59130393e-03  9.68406393e-05  5.00000000e+00 
 9.68702806e-05  2.59131231e+00  9.68702806e-05 -2.59132074e-03  9.68702806e-05  5.00000000e+00 
 9.68999220e-05  2.59131231e+00  9.68999220e-05 -2.59130396e-03  9.68999220e-05  5.00000000e+00 
 9.69295633e-05  2.59131231e+00  9.69295633e-05 -2.59132071e-03  9.69295633e-05  5.00000000e+00 
 9.69592047e-05  2.59131231e+00  9.69592047e-05 -2.59130399e-03  9.69592047e-05  5.00000000e+00 
 9.69888460e-05  2.59131231e+00  9.69888460e-05 -2.59132068e-03  9.69888460e-05  5.00000000e+00 
 9.70184873e-05  2.59131231e+00  9.70184873e-05 -2.59130402e-03  9.70184873e-05  5.00000000e+00 
 9.70481287e-05  2.59131231e+00  9.70481287e-05 -2.59132065e-03  9.70481287e-05  5.00000000e+00 
 9.70777700e-05  2.59131231e+00  9.70777700e-05 -2.59130405e-03  9.70777700e-05  5.00000000e+00 
 9.71074113e-05  2.59131231e+00  9.71074113e-05 -2.59132062e-03  9.71074113e-05  5.00000000e+00 
 9.71370527e-05  2.59131231e+00  9.71370527e-05 -2.59130408e-03  9.71370527e-05  5.00000000e+00 
 9.71666940e-05  2.59131231e+00  9.71666940e-05 -2.59132059e-03  9.71666940e-05  5.00000000e+00 
 9.71963354e-05  2.59131231e+00  9.71963354e-05 -2.59130411e-03  9.71963354e-05  5.00000000e+00 
 9.72259767e-05  2.59131231e+00  9.72259767e-05 -2.59132056e-03  9.72259767e-05  5.00000000e+00 
 9.72556180e-05  2.59131231e+00  9.72556180e-05 -2.59130414e-03  9.72556180e-05  5.00000000e+00 
 9.72852594e-05  2.59131231e+00  9.72852594e-05 -2.59132053e-03  9.72852594e-05  5.00000000e+00 
 9.73149007e-05  2.59131231e+00  9.73149007e-05 -2.59130417e-03  9.73149007e-05  5.00000000e+00 
 9.73445420e-05  2.59131231e+00  9.73445420e-05 -2.59132050e-03  9.73445420e-05  5.00000000e+00 
 9.73741834e-05  2.59131231e+00  9.73741834e-05 -2.59130420e-03  9.73741834e-05  5.00000000e+00 
 9.74038247e-05  2.59131231e+00  9.74038247e-05 -2.59132047e-03  9.74038247e-05  5.00000000e+00 
 9.74334661e-05  2.59131231e+00  9.74334661e-05 -2.59130423e-03  9.74334661e-05  5.00000000e+00 
 9.74631074e-05  2.59131231e+00  9.74631074e-05 -2.59132044e-03  9.74631074e-05  5.00000000e+00 
 9.74927487e-05  2.59131231e+00  9.74927487e-05 -2.59130426e-03  9.74927487e-05  5.00000000e+00 
 9.75223901e-05  2.59131231e+00  9.75223901e-05 -2.59132041e-03  9.75223901e-05  5.00000000e+00 
 9.75520314e-05  2.59131231e+00  9.75520314e-05 -2.59130428e-03  9.75520314e-05  5.00000000e+00 
 9.75816727e-05  2.59131231e+00  9.75816727e-05 -2.59132038e-03  9.75816727e-05  5.00000000e+00 
 9.76113141e-05  2.59131231e+00  9.76113141e-05 -2.59130431e-03  9.76113141e-05  5.00000000e+00 
 9.76409554e-05  2.59131231e+00  9.76409554e-05 -2.59132035e-03  9.76409554e-05  5.00000000e+00 
 9.76705968e-05  2.59131231e+00  9.76705968e-05 -2.59130434e-03  9.76705968e-05  5.00000000e+00 
 9.77002381e-05  2.59131231e+00  9.77002381e-05 -2.59132033e-03  9.77002381e-05  5.00000000e+00 
 9.77298794e-05  2.59131231e+00  9.77298794e-05 -2.59130437e-03  9.77298794e-05  5.00000000e+00 
 9.77595208e-05  2.59131231e+00  9.77595208e-05 -2.59132030e-03  9.77595208e-05  5.00000000e+00 
 9.77891621e-05  2.59131231e+00  9.77891621e-05 -2.59130440e-03  9.77891621e-05  5.00000000e+00 
 9.78188034e-05  2.59131231e+00  9.78188034e-05 -2.59132027e-03  9.78188034e-05  5.00000000e+00 
 9.78484448e-05  2.59131231e+00  9.78484448e-05 -2.59130443e-03  9.78484448e-05  5.00000000e+00 
 9.78780861e-05  2.59131231e+00  9.78780861e-05 -2.59132024e-03  9.78780861e-05  5.00000000e+00 
 9.79077275e-05  2.59131231e+00  9.79077275e-05 -2.59130446e-03  9.79077275e-05  5.00000000e+00 
 9.79373688e-05  2.59131231e+00  9.79373688e-05 -2.59132021e-03  9.79373688e-05  5.00000000e+00 
 9.79670101e-05  2.59131231e+00  9.79670101e-05 -2.59130449e-03  9.79670101e-05  5.00000000e+00 
 9.79966515e-05  2.59131231e+00  9.79966515e-05 -2.59132018e-03  9.79966515e-05  5.00000000e+00 
 9.80262928e-05  2.59131231e+00  9.80262928e-05 -2.59130451e-03  9.80262928e-05  5.00000000e+00 
 9.80559342e-05  2.59131231e+00  9.80559342e-05 -2.59132015e-03  9.80559342e-05  5.00000000e+00 
 9.80855755e-05  2.59131231e+00  9.80855755e-05 -2.59130454e-03  9.80855755e-05  5.00000000e+00 
 9.81152168e-05  2.59131231e+00  9.81152168e-05 -2.59132013e-03  9.81152168e-05  5.00000000e+00 
 9.81448582e-05  2.59131231e+00  9.81448582e-05 -2.59130457e-03  9.81448582e-05  5.00000000e+00 
 9.81744995e-05  2.59131231e+00  9.81744995e-05 -2.59132010e-03  9.81744995e-05  5.00000000e+00 
 9.82041408e-05  2.59131231e+00  9.82041408e-05 -2.59130460e-03  9.82041408e-05  5.00000000e+00 
 9.82337822e-05  2.59131231e+00  9.82337822e-05 -2.59132007e-03  9.82337822e-05  5.00000000e+00 
 9.82634235e-05  2.59131231e+00  9.82634235e-05 -2.59130463e-03  9.82634235e-05  5.00000000e+00 
 9.82930649e-05  2.59131231e+00  9.82930649e-05 -2.59132004e-03  9.82930649e-05  5.00000000e+00 
 9.83227062e-05  2.59131231e+00  9.83227062e-05 -2.59130465e-03  9.83227062e-05  5.00000000e+00 
 9.83523475e-05  2.59131231e+00  9.83523475e-05 -2.59132001e-03  9.83523475e-05  5.00000000e+00 
 9.83819889e-05  2.59131231e+00  9.83819889e-05 -2.59130468e-03  9.83819889e-05  5.00000000e+00 
 9.84116302e-05  2.59131231e+00  9.84116302e-05 -2.59131999e-03  9.84116302e-05  5.00000000e+00 
 9.84412715e-05  2.59131231e+00  9.84412715e-05 -2.59130471e-03  9.84412715e-05  5.00000000e+00 
 9.84709129e-05  2.59131231e+00  9.84709129e-05 -2.59131996e-03  9.84709129e-05  5.00000000e+00 
 9.85005542e-05  2.59131231e+00  9.85005542e-05 -2.59130474e-03  9.85005542e-05  5.00000000e+00 
 9.85301956e-05  2.59131231e+00  9.85301956e-05 -2.59131993e-03  9.85301956e-05  5.00000000e+00 
 9.85598369e-05  2.59131231e+00  9.85598369e-05 -2.59130476e-03  9.85598369e-05  5.00000000e+00 
 9.85894782e-05  2.59131231e+00  9.85894782e-05 -2.59131990e-03  9.85894782e-05  5.00000000e+00 
 9.86191196e-05  2.59131231e+00  9.86191196e-05 -2.59130479e-03  9.86191196e-05  5.00000000e+00 
 9.86487609e-05  2.59131231e+00  9.86487609e-05 -2.59131988e-03  9.86487609e-05  5.00000000e+00 
 9.86784022e-05  2.59131231e+00  9.86784022e-05 -2.59130482e-03  9.86784022e-05  5.00000000e+00 
 9.87080436e-05  2.59131231e+00  9.87080436e-05 -2.59131985e-03  9.87080436e-05  5.00000000e+00 
 9.87376849e-05  2.59131231e+00  9.87376849e-05 -2.59130485e-03  9.87376849e-05  5.00000000e+00 
 9.87673263e-05  2.59131231e+00  9.87673263e-05 -2.59131982e-03  9.87673263e-05  5.00000000e+00 
 9.87969676e-05  2.59131231e+00  9.87969676e-05 -2.59130487e-03  9.87969676e-05  5.00000000e+00 
 9.88266089e-05  2.59131231e+00  9.88266089e-05 -2.59131980e-03  9.88266089e-05  5.00000000e+00 
 9.88562503e-05  2.59131231e+00  9.88562503e-05 -2.59130490e-03  9.88562503e-05  5.00000000e+00 
 9.88858916e-05  2.59131231e+00  9.88858916e-05 -2.59131977e-03  9.88858916e-05  5.00000000e+00 
 9.89155329e-05  2.59131231e+00  9.89155329e-05 -2.59130493e-03  9.89155329e-05  5.00000000e+00 
 9.89451743e-05  2.59131231e+00  9.89451743e-05 -2.59131974e-03  9.89451743e-05  5.00000000e+00 
 9.89748156e-05  2.59131231e+00  9.89748156e-05 -2.59130495e-03  9.89748156e-05  5.00000000e+00 
 9.90044570e-05  2.59131231e+00  9.90044570e-05 -2.59131972e-03  9.90044570e-05  5.00000000e+00 
 9.90340983e-05  2.59131231e+00  9.90340983e-05 -2.59130498e-03  9.90340983e-05  5.00000000e+00 
 9.90637396e-05  2.59131231e+00  9.90637396e-05 -2.59131969e-03  9.90637396e-05  5.00000000e+00 
 9.90933810e-05  2.59131231e+00  9.90933810e-05 -2.59130501e-03  9.90933810e-05  5.00000000e+00 
 9.91230223e-05  2.59131231e+00  9.91230223e-05 -2.59131966e-03  9.91230223e-05  5.00000000e+00 
 9.91526636e-05  2.59131231e+00  9.91526636e-05 -2.59130503e-03  9.91526636e-05  5.00000000e+00 
 9.91823050e-05  2.59131231e+00  9.91823050e-05 -2.59131964e-03  9.91823050e-05  5.00000000e+00 
 9.92119463e-05  2.59131231e+00  9.92119463e-05 -2.59130506e-03  9.92119463e-05  5.00000000e+00 
 9.92415877e-05  2.59131231e+00  9.92415877e-05 -2.59131961e-03  9.92415877e-05  5.00000000e+00 
 9.92712290e-05  2.59131231e+00  9.92712290e-05 -2.59130509e-03  9.92712290e-05  5.00000000e+00 
 9.93008703e-05  2.59131231e+00  9.93008703e-05 -2.59131958e-03  9.93008703e-05  5.00000000e+00 
 9.93305117e-05  2.59131231e+00  9.93305117e-05 -2.59130511e-03  9.93305117e-05  5.00000000e+00 
 9.93601530e-05  2.59131231e+00  9.93601530e-05 -2.59131956e-03  9.93601530e-05  5.00000000e+00 
 9.93897943e-05  2.59131231e+00  9.93897943e-05 -2.59130514e-03  9.93897943e-05  5.00000000e+00 
 9.94194357e-05  2.59131231e+00  9.94194357e-05 -2.59131953e-03  9.94194357e-05  5.00000000e+00 
 9.94490770e-05  2.59131231e+00  9.94490770e-05 -2.59130516e-03  9.94490770e-05  5.00000000e+00 
 9.94787184e-05  2.59131231e+00  9.94787184e-05 -2.59131951e-03  9.94787184e-05  5.00000000e+00 
 9.95083597e-05  2.59131231e+00  9.95083597e-05 -2.59130519e-03  9.95083597e-05  5.00000000e+00 
 9.95380010e-05  2.59131231e+00  9.95380010e-05 -2.59131948e-03  9.95380010e-05  5.00000000e+00 
 9.95676424e-05  2.59131231e+00  9.95676424e-05 -2.59130522e-03  9.95676424e-05  5.00000000e+00 
 9.95972837e-05  2.59131231e+00  9.95972837e-05 -2.59131945e-03  9.95972837e-05  5.00000000e+00 
 9.96269251e-05  2.59131231e+00  9.96269251e-05 -2.59130524e-03  9.96269251e-05  5.00000000e+00 
 9.96565664e-05  2.59131231e+00  9.96565664e-05 -2.59131943e-03  9.96565664e-05  5.00000000e+00 
 9.96862077e-05  2.59131231e+00  9.96862077e-05 -2.59130527e-03  9.96862077e-05  5.00000000e+00 
 9.97158491e-05  2.59131231e+00  9.97158491e-05 -2.59131940e-03  9.97158491e-05  5.00000000e+00 
 9.97454904e-05  2.59131231e+00  9.97454904e-05 -2.59130529e-03  9.97454904e-05  5.00000000e+00 
 9.97751317e-05  2.59131231e+00  9.97751317e-05 -2.59131938e-03  9.97751317e-05  5.00000000e+00 
 9.98047731e-05  2.59131231e+00  9.98047731e-05 -2.59130532e-03  9.98047731e-05  5.00000000e+00 
 9.98344144e-05  2.59131231e+00  9.98344144e-05 -2.59131935e-03  9.98344144e-05  5.00000000e+00 
 9.98640558e-05  2.59131231e+00  9.98640558e-05 -2.59130534e-03  9.98640558e-05  5.00000000e+00 
 9.98936971e-05  2.59131231e+00  9.98936971e-05 -2.59131933e-03  9.98936971e-05  5.00000000e+00 
 9.99233384e-05  2.59131231e+00  9.99233384e-05 -2.59130537e-03  9.99233384e-05  5.00000000e+00 
 9.99529798e-05  2.59131231e+00  9.99529798e-05 -2.59131930e-03  9.99529798e-05  5.00000000e+00 
 9.99764899e-05  2.59131231e+00  9.99764899e-05 -2.59130540e-03  9.99764899e-05  5.00000000e+00 
 1.00000000e-04  2.59131231e+00  1.00000000e-04 -2.59131927e-03  1.00000000e-04  5.00000000e+00 
