----- RTL simulation -----
+ make -C /Users/yanlu/Documents/TR-1um/flow/designs/tr1um_alu8/src clean sim
rm -f tr1um_alu8_tb.out
iverilog -g2012 -DSIMULATION -s tr1um_alu8_tb -o tr1um_alu8_tb.out tr1um_alu8.v tr1um_alu8_tb.v
vvp tr1um_alu8_tb.out
PASS tr1um_alu8
tr1um_alu8_tb.v:9: $finish called at 46000 (1ps)
+ local status=0
+ set +x
----- Remove simulation product -----
+ make -C /Users/yanlu/Documents/TR-1um/flow/designs/tr1um_alu8/src clean
rm -f tr1um_alu8_tb.out
+ local status=0
+ set +x
----- RTL to connected-power GDS, DRC, and strict LVS -----
+ /Users/yanlu/Documents/TR-1um/flow/run_tr1um_digital.sh /Users/yanlu/Documents/TR-1um/flow/designs/tr1um_alu8/config_access.yaml tr1um_alu8 triage-alu8
+ /Users/yanlu/Documents/TR-1um/flow/run_librelane_tr1um_access.sh /Users/yanlu/Documents/TR-1um/flow/designs/tr1um_alu8/config_access.yaml --run-tag triage-alu8
+ tr1um_prepare_librelane /Users/yanlu/Documents/TR-1um/flow
+ local flow_dir=/Users/yanlu/Documents/TR-1um/flow
+ export PYTHONPATH=/Users/yanlu/Documents/TR-1um/flow/librelane_override
+ PYTHONPATH=/Users/yanlu/Documents/TR-1um/flow/librelane_override
+ export PDK_ROOT=/Users/yanlu/Documents/TR-1um/flow/pdk_root
+ PDK_ROOT=/Users/yanlu/Documents/TR-1um/flow/pdk_root
+ export PDK=TR-1um
+ PDK=TR-1um
+ tr1um_run_librelane /Users/yanlu/Documents/TR-1um/flow/designs/tr1um_alu8/config_access.yaml TR-1um_stdcell_access --run-tag triage-alu8
+ local config=/Users/yanlu/Documents/TR-1um/flow/designs/tr1um_alu8/config_access.yaml
+ local scl=TR-1um_stdcell_access
+ shift 2
+ local design_dir config_name
+++ dirname /Users/yanlu/Documents/TR-1um/flow/designs/tr1um_alu8/config_access.yaml
++ cd /Users/yanlu/Documents/TR-1um/flow/designs/tr1um_alu8
++ pwd
+ design_dir=/Users/yanlu/Documents/TR-1um/flow/designs/tr1um_alu8
++ basename /Users/yanlu/Documents/TR-1um/flow/designs/tr1um_alu8/config_access.yaml
+ config_name=config_access.yaml
+ cd /Users/yanlu/Documents/TR-1um/flow/designs/tr1um_alu8
+ args=('--manual-pdk')
+ local args
+ [[ -n TR-1um_stdcell_access ]]
+ args+=(--pdk-root "$PDK_ROOT" --pdk "$PDK" --scl "$scl")
+ command -v librelane
+ exec librelane --manual-pdk --pdk-root /Users/yanlu/Documents/TR-1um/flow/pdk_root --pdk TR-1um --scl TR-1um_stdcell_access config_access.yaml --run-tag triage-alu8
[17:04:48] INFO     Starting a new run of the 'Classic'' flow with   flow.py:654
                    the tag 'triage-alu8'.                                      
[17:04:48] INFO     Starting…                                  sequential.py:339
──────────────────────────────── Verilator Lint ────────────────────────────────
[17:04:48] VERBOSE  Running 'Verilator.Lint' at                     step.py:1138
                    'runs/triage-alu8/01-verilator-lint'…                       
[17:04:48] VERBOSE  Logging subprocess to                           step.py:1338
                    'runs/triage-alu8/01-verilator-lint/verilator-l             
                    int.log'…                                                   
%Warning-PINMISSING:                                                            
/Users/yanlu/Documents/TR-1um/flow/designs/tr1um_alu8/src/tr1um_alu8.v:13:11:   
Instance has missing pin: 'VDD'                                                 
   13 |     TIELO reset_tie (.LO(inactive_reset));                              
      |           ^~~~~~~~~                                                     
                     /Users/yanlu/Documents/TR-1um/flow/designs/tr1um_alu8/runs/
triage-alu8/tmp/a9f7fb5be06847c690aa2e40c67dc6f3.bb.v:477:18: ... Location of   
port declaration                                                                
  477 | module TIELO(LO, VDD, GND);                                             
      |                  ^~~                                                    
                     ... For warning description see                            
https://verilator.org/warn/PINMISSING?v=5.044                                   
                     ... Use "/* verilator lint_off PINMISSING */" and lint_on  
around source to disable this message.                                          
%Warning-PINMISSING:                                                            
/Users/yanlu/Documents/TR-1um/flow/designs/tr1um_alu8/src/tr1um_alu8.v:13:11:   
Instance has missing pin: 'GND'                                                 
   13 |     TIELO reset_tie (.LO(inactive_reset));                              
      |           ^~~~~~~~~                                                     
                     /Users/yanlu/Documents/TR-1um/flow/designs/tr1um_alu8/runs/
triage-alu8/tmp/a9f7fb5be06847c690aa2e40c67dc6f3.bb.v:477:23: ... Location of   
port declaration                                                                
  477 | module TIELO(LO, VDD, GND);                                             
      |                       ^~~                                               
- V e r i l a t i o n   R e p o r t: Verilator 5.044 2026-01-01 rev v5.040      
- Verilator: Built from 0.082 MB sources in 43 modules, into 0.020 MB in 3 C++  
files needing 0.000 MB                                                          
- Verilator: Walltime 0.033 s (elab=0.012, cvt=0.009, bld=0.000); cpu 0.009 s on
1 threads; alloced 12.328 MB                                                    
────────────────────────── Lint Timing Errors Checker ──────────────────────────
[17:04:49] VERBOSE  Running 'Checker.LintTimingConstructs' at       step.py:1138
                    'runs/triage-alu8/02-checker-linttimingconstruc             
                    ts'…                                                        
[17:04:49] INFO     Check for Lint Timing Errors clear.           checker.py:412
───────────────────────────── Lint Errors Checker ──────────────────────────────
[17:04:49] VERBOSE  Running 'Checker.LintErrors' at                 step.py:1138
                    'runs/triage-alu8/03-checker-linterrors'…                   
[17:04:49] INFO     Check for Lint errors clear.                  checker.py:131
──────────────────────────── Lint Warnings Checker ─────────────────────────────
[17:04:49] VERBOSE  Running 'Checker.LintWarnings' at               step.py:1138
                    'runs/triage-alu8/04-checker-lintwarnings'…                 
[17:04:49] WARNING  2 Lint warnings found.                        checker.py:122
───────────────────────────── Generate JSON Header ─────────────────────────────
[17:04:49] VERBOSE  Running 'Yosys.JsonHeader' at                   step.py:1138
                    'runs/triage-alu8/05-yosys-jsonheader'…                     
[17:04:49] VERBOSE  Logging subprocess to                           step.py:1338
                    'runs/triage-alu8/05-yosys-jsonheader/yosys-jso             
                    nheader.log'…                                               
                                                                                
 /----------------------------------------------------------------------------\ 
 |  yosys -- Yosys Open SYnthesis Suite                                       | 
 |  Copyright (C) 2012 - 2026  Claire Xenia Wolf <claire@yosyshq.com>         | 
 |  Distributed under an ISC-like license, type "license" to see terms        | 
 \----------------------------------------------------------------------------/ 
 Yosys 0.62 (git sha1 7326bb7d6641500ecb285c291a54a662cb1e76cf, clang++ 21.1.2  
-fPIC -O3)                                                                      
                                                                                
1. Executing Verilog-2005 frontend:                                             
/Users/yanlu/Documents/TR-1um/flow/designs/tr1um_alu8/runs/triage-alu8/tmp/a9f7f
b5be06847c690aa2e40c67dc6f3.bb.v                                                
Parsing SystemVerilog input from                                                
`/Users/yanlu/Documents/TR-1um/flow/designs/tr1um_alu8/runs/triage-alu8/tmp/a9f7
fb5be06847c690aa2e40c67dc6f3.bb.v' to AST representation.                       
Generating RTLIL representation for module `\AND2_X1'.                          
Generating RTLIL representation for module `\AND3_X1'.                          
Generating RTLIL representation for module `\AND4_X1'.                          
Generating RTLIL representation for module `\BUF_X1'.                           
Generating RTLIL representation for module `\BUF_X12'.                          
Generating RTLIL representation for module `\BUF_X16'.                          
Generating RTLIL representation for module `\BUF_X2'.                           
Generating RTLIL representation for module `\BUF_X4'.                           
Generating RTLIL representation for module `\BUF_X8'.                           
Generating RTLIL representation for module `\CLKBUF_X1'.                        
Generating RTLIL representation for module `\CLKBUF_X12'.                       
Generating RTLIL representation for module `\CLKBUF_X16'.                       
Generating RTLIL representation for module `\CLKBUF_X2'.                        
Generating RTLIL representation for module `\CLKBUF_X4'.                        
Generating RTLIL representation for module `\CLKBUF_X8'.                        
Generating RTLIL representation for module `\DEL1'.                             
Generating RTLIL representation for module `\DEL2'.                             
Generating RTLIL representation for module `\DEL4'.                             
Generating RTLIL representation for module `\DFFR'.                             
Generating RTLIL representation for module `\DFFS'.                             
Generating RTLIL representation for module `\DIODE_N_X1'.                       
Generating RTLIL representation for module `\INV_X1'.                           
Generating RTLIL representation for module `\INV_X12'.                          
Generating RTLIL representation for module `\INV_X16'.                          
Generating RTLIL representation for module `\INV_X2'.                           
Generating RTLIL representation for module `\INV_X4'.                           
Generating RTLIL representation for module `\INV_X8'.                           
Generating RTLIL representation for module `\MUX2'.                             
Generating RTLIL representation for module `\NAND2'.                            
Generating RTLIL representation for module `\NAND3'.                            
Generating RTLIL representation for module `\NAND4'.                            
Generating RTLIL representation for module `\NOR2'.                             
Generating RTLIL representation for module `\NOR3'.                             
Generating RTLIL representation for module `\NOR4'.                             
Generating RTLIL representation for module `\OR2'.                              
Generating RTLIL representation for module `\OR3'.                              
Generating RTLIL representation for module `\OR4'.                              
Generating RTLIL representation for module `\TIEHI'.                            
Generating RTLIL representation for module `\TIELO'.                            
Generating RTLIL representation for module `\XNOR2'.                            
Generating RTLIL representation for module `\XOR2'.                             
Successfully finished Verilog frontend.                                         
                                                                                
2. Executing Verilog-2005 frontend:                                             
/Users/yanlu/Documents/TR-1um/flow/designs/tr1um_alu8/src/tr1um_alu8.v          
Parsing SystemVerilog input from                                                
`/Users/yanlu/Documents/TR-1um/flow/designs/tr1um_alu8/src/tr1um_alu8.v' to AST 
representation.                                                                 
Storing AST representation for module `$abstract\tr1um_alu8'.                   
Successfully finished Verilog frontend.                                         
                                                                                
3. Executing HIERARCHY pass (managing design hierarchy).                        
                                                                                
4. Executing AST frontend in derive mode using pre-parsed AST for module        
`\tr1um_alu8'.                                                                  
Generating RTLIL representation for module `\tr1um_alu8'.                       
                                                                                
4.1. Analyzing design hierarchy..                                               
Top module:  \tr1um_alu8                                                        
                                                                                
4.2. Analyzing design hierarchy..                                               
Top module:  \tr1um_alu8                                                        
Removing unused module `$abstract\tr1um_alu8'.                                  
Removed 1 unused modules.                                                       
Renaming module tr1um_alu8 to tr1um_alu8.                                       
                                                                                
5. Executing PROC pass (convert processes to netlists).                         
                                                                                
5.1. Executing PROC_CLEAN pass (remove empty switches from decision trees).     
Cleaned up 0 empty switches.                                                    
                                                                                
5.2. Executing PROC_RMDEAD pass (remove dead branches from decision trees).     
Marked 1 switch rules as full_case in process                                   
$proc$/Users/yanlu/Documents/TR-1um/flow/designs/tr1um_alu8/src/tr1um_alu8.v:29$
9 in module tr1um_alu8.                                                         
Marked 1 switch rules as full_case in process                                   
$proc$/Users/yanlu/Documents/TR-1um/flow/designs/tr1um_alu8/src/tr1um_alu8.v:16$
1 in module tr1um_alu8.                                                         
Removed a total of 0 dead cases.                                                
                                                                                
5.3. Executing PROC_PRUNE pass (remove redundant assignments in processes).     
Removed 3 redundant assignments.                                                
Promoted 1 assignment to connection.                                            
                                                                                
5.4. Executing PROC_INIT pass (extract init attributes).                        
                                                                                
5.5. Executing PROC_ARST pass (detect async resets in processes).               
Found async reset \inactive_reset in                                            
`\tr1um_alu8.$proc$/Users/yanlu/Documents/TR-1um/flow/designs/tr1um_alu8/src/tr1
um_alu8.v:29$9'.                                                                
                                                                                
5.6. Executing PROC_ROM pass (convert switches to ROMs).                        
Converted 0 switches.                                                           
<suppressed ~1 debug messages>                                                  
                                                                                
5.7. Executing PROC_MUX pass (convert decision trees to multiplexers).          
Creating decoders for process                                                   
`\tr1um_alu8.$proc$/Users/yanlu/Documents/TR-1um/flow/designs/tr1um_alu8/src/tr1
um_alu8.v:29$9'.                                                                
     1/3: $0\carry[0:0]                                                         
     2/3: $0\zero[0:0]                                                          
     3/3: $0\y[7:0]                                                             
Creating decoders for process                                                   
`\tr1um_alu8.$proc$/Users/yanlu/Documents/TR-1um/flow/designs/tr1um_alu8/src/tr1
um_alu8.v:16$1'.                                                                
     1/1: $1\result[8:0]                                                        
                                                                                
5.8. Executing PROC_DLATCH pass (convert process syncs to latches).             
No latch inferred for signal `\tr1um_alu8.\result' from process                 
`\tr1um_alu8.$proc$/Users/yanlu/Documents/TR-1um/flow/designs/tr1um_alu8/src/tr1
um_alu8.v:16$1'.                                                                
                                                                                
5.9. Executing PROC_DFF pass (convert process syncs to FFs).                    
Creating register for signal `\tr1um_alu8.\y' using process                     
`\tr1um_alu8.$proc$/Users/yanlu/Documents/TR-1um/flow/designs/tr1um_alu8/src/tr1
um_alu8.v:29$9'.                                                                
  created $adff cell `$procdff$23' with positive edge clock and positive level  
reset.                                                                          
Creating register for signal `\tr1um_alu8.\zero' using process                  
`\tr1um_alu8.$proc$/Users/yanlu/Documents/TR-1um/flow/designs/tr1um_alu8/src/tr1
um_alu8.v:29$9'.                                                                
  created $adff cell `$procdff$26' with positive edge clock and positive level  
reset.                                                                          
Creating register for signal `\tr1um_alu8.\carry' using process                 
`\tr1um_alu8.$proc$/Users/yanlu/Documents/TR-1um/flow/designs/tr1um_alu8/src/tr1
um_alu8.v:29$9'.                                                                
  created $adff cell `$procdff$29' with positive edge clock and positive level  
reset.                                                                          
                                                                                
5.10. Executing PROC_MEMWR pass (convert process memory writes to cells).       
                                                                                
5.11. Executing PROC_CLEAN pass (remove empty switches from decision trees).    
Removing empty process                                                          
`tr1um_alu8.$proc$/Users/yanlu/Documents/TR-1um/flow/designs/tr1um_alu8/src/tr1u
m_alu8.v:29$9'.                                                                 
Found and cleaned up 1 empty switch in                                          
`\tr1um_alu8.$proc$/Users/yanlu/Documents/TR-1um/flow/designs/tr1um_alu8/src/tr1
um_alu8.v:16$1'.                                                                
Removing empty process                                                          
`tr1um_alu8.$proc$/Users/yanlu/Documents/TR-1um/flow/designs/tr1um_alu8/src/tr1u
m_alu8.v:16$1'.                                                                 
Cleaned up 1 empty switch.                                                      
                                                                                
5.12. Executing OPT_EXPR pass (perform const folding).                          
Optimizing module tr1um_alu8.                                                   
<suppressed ~4 debug messages>                                                  
                                                                                
6. Executing FLATTEN pass (flatten design).                                     
                                                                                
7. Executing OPT_CLEAN pass (remove unused cells and wires).                    
Finding unused cells or wires in module \tr1um_alu8..                           
Removed 0 unused cells and 9 unused wires.                                      
<suppressed ~1 debug messages>                                                  
────────────────────────────────── Synthesis ───────────────────────────────────
[17:04:49] VERBOSE  Running 'Yosys.Synthesis' at                    step.py:1138
                    'runs/triage-alu8/06-yosys-synthesis'…                      
[17:04:49] VERBOSE  Logging subprocess to                           step.py:1338
                    'runs/triage-alu8/06-yosys-synthesis/yosys-synt             
                    hesis.log'…                                                 
                                                                                
 /----------------------------------------------------------------------------\ 
 |  yosys -- Yosys Open SYnthesis Suite                                       | 
 |  Copyright (C) 2012 - 2026  Claire Xenia Wolf <claire@yosyshq.com>         | 
 |  Distributed under an ISC-like license, type "license" to see terms        | 
 \----------------------------------------------------------------------------/ 
 Yosys 0.62 (git sha1 7326bb7d6641500ecb285c291a54a662cb1e76cf, clang++ 21.1.2  
-fPIC -O3)                                                                      
                                                                                
1. Executing Liberty frontend:                                                  
/Users/yanlu/Documents/TR-1um/flow/pdk_root/TR-1um/libs.ref/TR-1um_stdcell_acces
s/lib/TR-1um_stdcell_access_typ_5p0V_25C.lib                                    
Imported 40 cell types from liberty file.                                       
[INFO] Using SDC file                                                           
'/Users/yanlu/Documents/TR-1um/flow/designs/tr1um_alu8/runs/triage-alu8/06-yosys
-synthesis/synthesis.abc.sdc' for ABC…                                          
                                                                                
2. Executing Verilog-2005 frontend:                                             
/Users/yanlu/Documents/TR-1um/flow/designs/tr1um_alu8/src/tr1um_alu8.v          
Parsing SystemVerilog input from                                                
`/Users/yanlu/Documents/TR-1um/flow/designs/tr1um_alu8/src/tr1um_alu8.v' to AST 
representation.                                                                 
Storing AST representation for module `$abstract\tr1um_alu8'.                   
Successfully finished Verilog frontend.                                         
                                                                                
3. Executing HIERARCHY pass (managing design hierarchy).                        
                                                                                
4. Executing AST frontend in derive mode using pre-parsed AST for module        
`\tr1um_alu8'.                                                                  
Generating RTLIL representation for module `\tr1um_alu8'.                       
                                                                                
4.1. Analyzing design hierarchy..                                               
Top module:  \tr1um_alu8                                                        
                                                                                
4.2. Analyzing design hierarchy..                                               
Top module:  \tr1um_alu8                                                        
Removing unused module `$abstract\tr1um_alu8'.                                  
Removed 1 unused modules.                                                       
Renaming module tr1um_alu8 to tr1um_alu8.                                       
                                                                                
5. Executing ATTRMAP pass (move or copy attributes).                            
                                                                                
6. Executing HIERARCHY pass (managing design hierarchy).                        
                                                                                
6.1. Analyzing design hierarchy..                                               
Top module:  \tr1um_alu8                                                        
                                                                                
6.2. Analyzing design hierarchy..                                               
Top module:  \tr1um_alu8                                                        
Removed 0 unused modules.                                                       
                                                                                
7. Executing PROC_CLEAN pass (remove empty switches from decision trees).       
Cleaned up 0 empty switches.                                                    
                                                                                
8. Executing PROC_RMDEAD pass (remove dead branches from decision trees).       
Marked 1 switch rules as full_case in process                                   
$proc$/Users/yanlu/Documents/TR-1um/flow/designs/tr1um_alu8/src/tr1um_alu8.v:29$
9 in module tr1um_alu8.                                                         
Marked 1 switch rules as full_case in process                                   
$proc$/Users/yanlu/Documents/TR-1um/flow/designs/tr1um_alu8/src/tr1um_alu8.v:16$
1 in module tr1um_alu8.                                                         
Removed a total of 0 dead cases.                                                
                                                                                
9. Executing PROC_PRUNE pass (remove redundant assignments in processes).       
Removed 3 redundant assignments.                                                
Promoted 1 assignment to connection.                                            
                                                                                
10. Executing PROC_INIT pass (extract init attributes).                         
                                                                                
11. Executing PROC_ARST pass (detect async resets in processes).                
Found async reset \inactive_reset in                                            
`\tr1um_alu8.$proc$/Users/yanlu/Documents/TR-1um/flow/designs/tr1um_alu8/src/tr1
um_alu8.v:29$9'.                                                                
                                                                                
12. Executing PROC_ROM pass (convert switches to ROMs).                         
Converted 0 switches.                                                           
<suppressed ~1 debug messages>                                                  
                                                                                
13. Executing PROC_MUX pass (convert decision trees to multiplexers).           
Creating decoders for process                                                   
`\tr1um_alu8.$proc$/Users/yanlu/Documents/TR-1um/flow/designs/tr1um_alu8/src/tr1
um_alu8.v:29$9'.                                                                
     1/3: $0\carry[0:0]                                                         
     2/3: $0\zero[0:0]                                                          
     3/3: $0\y[7:0]                                                             
Creating decoders for process                                                   
`\tr1um_alu8.$proc$/Users/yanlu/Documents/TR-1um/flow/designs/tr1um_alu8/src/tr1
um_alu8.v:16$1'.                                                                
     1/1: $1\result[8:0]                                                        
                                                                                
14. Executing PROC_DLATCH pass (convert process syncs to latches).              
No latch inferred for signal `\tr1um_alu8.\result' from process                 
`\tr1um_alu8.$proc$/Users/yanlu/Documents/TR-1um/flow/designs/tr1um_alu8/src/tr1
um_alu8.v:16$1'.                                                                
                                                                                
15. Executing PROC_DFF pass (convert process syncs to FFs).                     
Creating register for signal `\tr1um_alu8.\y' using process                     
`\tr1um_alu8.$proc$/Users/yanlu/Documents/TR-1um/flow/designs/tr1um_alu8/src/tr1
um_alu8.v:29$9'.                                                                
  created $adff cell `$procdff$23' with positive edge clock and positive level  
reset.                                                                          
Creating register for signal `\tr1um_alu8.\zero' using process                  
`\tr1um_alu8.$proc$/Users/yanlu/Documents/TR-1um/flow/designs/tr1um_alu8/src/tr1
um_alu8.v:29$9'.                                                                
  created $adff cell `$procdff$26' with positive edge clock and positive level  
reset.                                                                          
Creating register for signal `\tr1um_alu8.\carry' using process                 
`\tr1um_alu8.$proc$/Users/yanlu/Documents/TR-1um/flow/designs/tr1um_alu8/src/tr1
um_alu8.v:29$9'.                                                                
  created $adff cell `$procdff$29' with positive edge clock and positive level  
reset.                                                                          
                                                                                
16. Executing PROC_MEMWR pass (convert process memory writes to cells).         
                                                                                
17. Executing PROC_CLEAN pass (remove empty switches from decision trees).      
Removing empty process                                                          
`tr1um_alu8.$proc$/Users/yanlu/Documents/TR-1um/flow/designs/tr1um_alu8/src/tr1u
m_alu8.v:29$9'.                                                                 
Found and cleaned up 1 empty switch in                                          
`\tr1um_alu8.$proc$/Users/yanlu/Documents/TR-1um/flow/designs/tr1um_alu8/src/tr1
um_alu8.v:16$1'.                                                                
Removing empty process                                                          
`tr1um_alu8.$proc$/Users/yanlu/Documents/TR-1um/flow/designs/tr1um_alu8/src/tr1u
m_alu8.v:16$1'.                                                                 
Cleaned up 1 empty switch.                                                      
                                                                                
18. Executing CHECK pass (checking for obvious problems).                       
Checking module tr1um_alu8...                                                   
Found and reported 0 problems.                                                  
                                                                                
19. Executing OPT_EXPR pass (perform const folding).                            
Optimizing module tr1um_alu8.                                                   
<suppressed ~4 debug messages>                                                  
                                                                                
20. Executing FLATTEN pass (flatten design).                                    
                                                                                
21. Executing OPT_EXPR pass (perform const folding).                            
Optimizing module tr1um_alu8.                                                   
                                                                                
22. Executing OPT_CLEAN pass (remove unused cells and wires).                   
Finding unused cells or wires in module \tr1um_alu8..                           
Removed 0 unused cells and 9 unused wires.                                      
<suppressed ~1 debug messages>                                                  
                                                                                
23. Executing OPT_EXPR pass (perform const folding).                            
Optimizing module tr1um_alu8.                                                   
                                                                                
24. Executing OPT_MERGE pass (detect identical cells).                          
Finding identical cells in module `\tr1um_alu8'.                                
Computing hashes of 21 cells of `\tr1um_alu8'.                                  
Finding duplicate cells in `\tr1um_alu8'.                                       
Removed a total of 0 cells.                                                     
                                                                                
25. Executing OPT_MUXTREE pass (detect dead branches in mux trees).             
Running muxtree optimizer on module \tr1um_alu8..                               
  Creating internal representation of mux trees.                                
  Evaluating internal representation of mux trees.                              
  Analyzing evaluation results.                                                 
Removed 0 multiplexer ports.                                                    
<suppressed ~3 debug messages>                                                  
                                                                                
26. Executing OPT_REDUCE pass (consolidate $*mux and $reduce_* inputs).         
  Optimizing cells in module \tr1um_alu8.                                       
Performed a total of 0 changes.                                                 
                                                                                
27. Executing OPT_MERGE pass (detect identical cells).                          
Finding identical cells in module `\tr1um_alu8'.                                
Computing hashes of 21 cells of `\tr1um_alu8'.                                  
Finding duplicate cells in `\tr1um_alu8'.                                       
Removed a total of 0 cells.                                                     
                                                                                
28. Executing OPT_DFF pass (perform DFF optimizations).                         
                                                                                
29. Executing OPT_CLEAN pass (remove unused cells and wires).                   
Finding unused cells or wires in module \tr1um_alu8..                           
                                                                                
30. Executing OPT_EXPR pass (perform const folding).                            
Optimizing module tr1um_alu8.                                                   
                                                                                
31. Executing FSM pass (extract and optimize FSM).                              
                                                                                
31.1. Executing FSM_DETECT pass (finding FSMs in design).                       
                                                                                
31.2. Executing FSM_EXTRACT pass (extracting FSM from design).                  
                                                                                
31.3. Executing FSM_OPT pass (simple optimizations of FSMs).                    
                                                                                
31.4. Executing OPT_CLEAN pass (remove unused cells and wires).                 
Finding unused cells or wires in module \tr1um_alu8..                           
                                                                                
31.5. Executing FSM_OPT pass (simple optimizations of FSMs).                    
                                                                                
31.6. Executing FSM_RECODE pass (re-assigning FSM state encoding).              
                                                                                
31.7. Executing FSM_INFO pass (dumping all available information on FSM cells). 
                                                                                
31.8. Executing FSM_MAP pass (mapping FSMs to basic logic).                     
                                                                                
32. Executing OPT_EXPR pass (perform const folding).                            
Optimizing module tr1um_alu8.                                                   
                                                                                
33. Executing OPT_MERGE pass (detect identical cells).                          
Finding identical cells in module `\tr1um_alu8'.                                
Computing hashes of 21 cells of `\tr1um_alu8'.                                  
Finding duplicate cells in `\tr1um_alu8'.                                       
Removed a total of 0 cells.                                                     
                                                                                
34. Executing OPT_MUXTREE pass (detect dead branches in mux trees).             
Running muxtree optimizer on module \tr1um_alu8..                               
  Creating internal representation of mux trees.                                
  Evaluating internal representation of mux trees.                              
  Analyzing evaluation results.                                                 
Removed 0 multiplexer ports.                                                    
<suppressed ~3 debug messages>                                                  
                                                                                
35. Executing OPT_REDUCE pass (consolidate $*mux and $reduce_* inputs).         
  Optimizing cells in module \tr1um_alu8.                                       
Performed a total of 0 changes.                                                 
                                                                                
36. Executing OPT_MERGE pass (detect identical cells).                          
Finding identical cells in module `\tr1um_alu8'.                                
Computing hashes of 21 cells of `\tr1um_alu8'.                                  
Finding duplicate cells in `\tr1um_alu8'.                                       
Removed a total of 0 cells.                                                     
                                                                                
37. Executing OPT_DFF pass (perform DFF optimizations).                         
                                                                                
38. Executing OPT_CLEAN pass (remove unused cells and wires).                   
Finding unused cells or wires in module \tr1um_alu8..                           
                                                                                
39. Executing OPT_EXPR pass (perform const folding).                            
Optimizing module tr1um_alu8.                                                   
                                                                                
40. Executing WREDUCE pass (reducing word size of cells).                       
Removed top 1 bits (of 9) from port A of cell                                   
tr1um_alu8.$add$/Users/yanlu/Documents/TR-1um/flow/designs/tr1um_alu8/src/tr1um_
alu8.v:19$2 ($add).                                                             
Removed top 1 bits (of 9) from port B of cell                                   
tr1um_alu8.$add$/Users/yanlu/Documents/TR-1um/flow/designs/tr1um_alu8/src/tr1um_
alu8.v:19$2 ($add).                                                             
Removed top 1 bits (of 9) from port A of cell                                   
tr1um_alu8.$sub$/Users/yanlu/Documents/TR-1um/flow/designs/tr1um_alu8/src/tr1um_
alu8.v:20$3 ($sub).                                                             
Removed top 1 bits (of 9) from port B of cell                                   
tr1um_alu8.$sub$/Users/yanlu/Documents/TR-1um/flow/designs/tr1um_alu8/src/tr1um_
alu8.v:20$3 ($sub).                                                             
Removed top 1 bits (of 3) from port B of cell tr1um_alu8.$procmux$17_CMP0 ($eq).
Removed top 1 bits (of 3) from port B of cell tr1um_alu8.$procmux$18_CMP0 ($eq).
Removed top 2 bits (of 3) from port B of cell tr1um_alu8.$procmux$19_CMP0 ($eq).
                                                                                
41. Executing PEEPOPT pass (run peephole optimizers).                           
                                                                                
42. Executing OPT_CLEAN pass (remove unused cells and wires).                   
Finding unused cells or wires in module \tr1um_alu8..                           
                                                                                
43. Executing ALUMACC pass (create $alu and $macc cells).                       
Extracting $alu and $macc cells in module tr1um_alu8:                           
  creating $macc model for                                                      
$add$/Users/yanlu/Documents/TR-1um/flow/designs/tr1um_alu8/src/tr1um_alu8.v:19$2
($add).                                                                         
  creating $macc model for                                                      
$sub$/Users/yanlu/Documents/TR-1um/flow/designs/tr1um_alu8/src/tr1um_alu8.v:20$3
($sub).                                                                         
  creating $alu model for $macc                                                 
$sub$/Users/yanlu/Documents/TR-1um/flow/designs/tr1um_alu8/src/tr1um_alu8.v:20$3
.                                                                               
  creating $alu model for $macc                                                 
$add$/Users/yanlu/Documents/TR-1um/flow/designs/tr1um_alu8/src/tr1um_alu8.v:19$2
.                                                                               
  creating $alu model for                                                       
$lt$/Users/yanlu/Documents/TR-1um/flow/designs/tr1um_alu8/src/tr1um_alu8.v:26$7 
($lt): merged with                                                              
$sub$/Users/yanlu/Documents/TR-1um/flow/designs/tr1um_alu8/src/tr1um_alu8.v:20$3
.                                                                               
  creating $alu cell for                                                        
$add$/Users/yanlu/Documents/TR-1um/flow/designs/tr1um_alu8/src/tr1um_alu8.v:19$2
: $auto$alumacc.cc:512:replace_alu$30                                           
  creating $alu cell for                                                        
$sub$/Users/yanlu/Documents/TR-1um/flow/designs/tr1um_alu8/src/tr1um_alu8.v:20$3
,                                                                               
$lt$/Users/yanlu/Documents/TR-1um/flow/designs/tr1um_alu8/src/tr1um_alu8.v:26$7:
$auto$alumacc.cc:512:replace_alu$33                                             
  created 2 $alu and 0 $macc cells.                                             
                                                                                
44. Executing SHARE pass (SAT-based resource sharing).                          
                                                                                
45. Executing OPT_EXPR pass (perform const folding).                            
Optimizing module tr1um_alu8.                                                   
<suppressed ~1 debug messages>                                                  
                                                                                
46. Executing OPT_MERGE pass (detect identical cells).                          
Finding identical cells in module `\tr1um_alu8'.                                
Computing hashes of 21 cells of `\tr1um_alu8'.                                  
Finding duplicate cells in `\tr1um_alu8'.                                       
Removed a total of 0 cells.                                                     
                                                                                
47. Executing OPT_MUXTREE pass (detect dead branches in mux trees).             
Running muxtree optimizer on module \tr1um_alu8..                               
  Creating internal representation of mux trees.                                
  Evaluating internal representation of mux trees.                              
  Analyzing evaluation results.                                                 
Removed 0 multiplexer ports.                                                    
<suppressed ~3 debug messages>                                                  
                                                                                
48. Executing OPT_REDUCE pass (consolidate $*mux and $reduce_* inputs).         
  Optimizing cells in module \tr1um_alu8.                                       
Performed a total of 0 changes.                                                 
                                                                                
49. Executing OPT_MERGE pass (detect identical cells).                          
Finding identical cells in module `\tr1um_alu8'.                                
Computing hashes of 21 cells of `\tr1um_alu8'.                                  
Finding duplicate cells in `\tr1um_alu8'.                                       
Removed a total of 0 cells.                                                     
                                                                                
50. Executing OPT_DFF pass (perform DFF optimizations).                         
                                                                                
51. Executing OPT_CLEAN pass (remove unused cells and wires).                   
Finding unused cells or wires in module \tr1um_alu8..                           
Removed 1 unused cells and 2 unused wires.                                      
<suppressed ~2 debug messages>                                                  
                                                                                
52. Executing OPT_EXPR pass (perform const folding).                            
Optimizing module tr1um_alu8.                                                   
                                                                                
53. Rerunning OPT passes. (Maybe there is more to do…)                          
                                                                                
54. Executing OPT_MUXTREE pass (detect dead branches in mux trees).             
Running muxtree optimizer on module \tr1um_alu8..                               
  Creating internal representation of mux trees.                                
  Evaluating internal representation of mux trees.                              
  Analyzing evaluation results.                                                 
Removed 0 multiplexer ports.                                                    
<suppressed ~3 debug messages>                                                  
                                                                                
55. Executing OPT_REDUCE pass (consolidate $*mux and $reduce_* inputs).         
  Optimizing cells in module \tr1um_alu8.                                       
Performed a total of 0 changes.                                                 
                                                                                
56. Executing OPT_MERGE pass (detect identical cells).                          
Finding identical cells in module `\tr1um_alu8'.                                
Computing hashes of 20 cells of `\tr1um_alu8'.                                  
Finding duplicate cells in `\tr1um_alu8'.                                       
Removed a total of 0 cells.                                                     
                                                                                
57. Executing OPT_DFF pass (perform DFF optimizations).                         
                                                                                
58. Executing OPT_CLEAN pass (remove unused cells and wires).                   
Finding unused cells or wires in module \tr1um_alu8..                           
                                                                                
59. Executing OPT_EXPR pass (perform const folding).                            
Optimizing module tr1um_alu8.                                                   
                                                                                
60. Executing MEMORY pass.                                                      
                                                                                
60.1. Executing OPT_MEM pass (optimize memories).                               
Performed a total of 0 transformations.                                         
                                                                                
60.2. Executing OPT_MEM_PRIORITY pass (removing unnecessary memory write        
priority relations).                                                            
Performed a total of 0 transformations.                                         
                                                                                
60.3. Executing OPT_MEM_FEEDBACK pass (finding memory read-to-write feedback    
paths).                                                                         
                                                                                
60.4. Executing MEMORY_BMUX2ROM pass (converting muxes to ROMs).                
                                                                                
60.5. Executing MEMORY_DFF pass (merging $dff cells to $memrd).                 
                                                                                
60.6. Executing OPT_CLEAN pass (remove unused cells and wires).                 
Finding unused cells or wires in module \tr1um_alu8..                           
                                                                                
60.7. Executing MEMORY_SHARE pass (consolidating $memrd/$memwr cells).          
                                                                                
60.8. Executing OPT_MEM_WIDEN pass (optimize memories where all ports are wide).
Performed a total of 0 transformations.                                         
                                                                                
60.9. Executing OPT_CLEAN pass (remove unused cells and wires).                 
Finding unused cells or wires in module \tr1um_alu8..                           
                                                                                
60.10. Executing MEMORY_COLLECT pass (generating $mem cells).                   
                                                                                
61. Executing OPT_CLEAN pass (remove unused cells and wires).                   
Finding unused cells or wires in module \tr1um_alu8..                           
                                                                                
62. Executing OPT_EXPR pass (perform const folding).                            
Optimizing module tr1um_alu8.                                                   
                                                                                
63. Executing OPT_MERGE pass (detect identical cells).                          
Finding identical cells in module `\tr1um_alu8'.                                
Computing hashes of 20 cells of `\tr1um_alu8'.                                  
Finding duplicate cells in `\tr1um_alu8'.                                       
Removed a total of 0 cells.                                                     
                                                                                
64. Executing OPT_DFF pass (perform DFF optimizations).                         
                                                                                
65. Executing OPT_CLEAN pass (remove unused cells and wires).                   
Finding unused cells or wires in module \tr1um_alu8..                           
                                                                                
66. Executing MEMORY_MAP pass (converting memories to logic and flip-flops).    
                                                                                
67. Executing OPT_EXPR pass (perform const folding).                            
Optimizing module tr1um_alu8.                                                   
                                                                                
68. Executing OPT_MERGE pass (detect identical cells).                          
Finding identical cells in module `\tr1um_alu8'.                                
Computing hashes of 20 cells of `\tr1um_alu8'.                                  
Finding duplicate cells in `\tr1um_alu8'.                                       
Removed a total of 0 cells.                                                     
                                                                                
69. Executing OPT_MUXTREE pass (detect dead branches in mux trees).             
Running muxtree optimizer on module \tr1um_alu8..                               
  Creating internal representation of mux trees.                                
  Evaluating internal representation of mux trees.                              
  Analyzing evaluation results.                                                 
Removed 0 multiplexer ports.                                                    
<suppressed ~3 debug messages>                                                  
                                                                                
70. Executing OPT_REDUCE pass (consolidate $*mux and $reduce_* inputs).         
  Optimizing cells in module \tr1um_alu8.                                       
Performed a total of 0 changes.                                                 
                                                                                
71. Executing OPT_MERGE pass (detect identical cells).                          
Finding identical cells in module `\tr1um_alu8'.                                
Computing hashes of 20 cells of `\tr1um_alu8'.                                  
Finding duplicate cells in `\tr1um_alu8'.                                       
Removed a total of 0 cells.                                                     
                                                                                
72. Executing OPT_SHARE pass.                                                   
                                                                                
73. Executing OPT_DFF pass (perform DFF optimizations).                         
                                                                                
74. Executing OPT_CLEAN pass (remove unused cells and wires).                   
Finding unused cells or wires in module \tr1um_alu8..                           
                                                                                
75. Executing OPT_EXPR pass (perform const folding).                            
Optimizing module tr1um_alu8.                                                   
                                                                                
76. Executing TECHMAP pass (map to technology primitives).                      
                                                                                
76.1. Executing Verilog-2005 frontend:                                          
/nix/store/6s5yppv17pwkdm7m8rsrm6hvpf255c5a-yosys-with-plugins-0.62/bin/../share
/yosys/techmap.v                                                                
Parsing Verilog input from                                                      
`/nix/store/6s5yppv17pwkdm7m8rsrm6hvpf255c5a-yosys-with-plugins-0.62/bin/../shar
e/yosys/techmap.v' to AST representation.                                       
Generating RTLIL representation for module `\_90_simplemap_bool_ops'.           
Generating RTLIL representation for module `\_90_simplemap_reduce_ops'.         
Generating RTLIL representation for module `\_90_simplemap_logic_ops'.          
Generating RTLIL representation for module `\_90_simplemap_compare_ops'.        
Generating RTLIL representation for module `\_90_simplemap_various'.            
Generating RTLIL representation for module `\_90_simplemap_registers'.          
Generating RTLIL representation for module `\_90_shift_ops_shr_shl_sshl_sshr'.  
Generating RTLIL representation for module `\_90_shift_shiftx'.                 
Generating RTLIL representation for module `\_90_fa'.                           
Generating RTLIL representation for module `\_90_lcu_brent_kung'.               
Generating RTLIL representation for module `\_90_alu'.                          
Generating RTLIL representation for module `\_90_macc'.                         
Generating RTLIL representation for module `\_90_alumacc'.                      
Generating RTLIL representation for module `$__div_mod_u'.                      
Generating RTLIL representation for module `$__div_mod_trunc'.                  
Generating RTLIL representation for module `\_90_div'.                          
Generating RTLIL representation for module `\_90_mod'.                          
Generating RTLIL representation for module `$__div_mod_floor'.                  
Generating RTLIL representation for module `\_90_divfloor'.                     
Generating RTLIL representation for module `\_90_modfloor'.                     
Generating RTLIL representation for module `\_90_pow'.                          
Generating RTLIL representation for module `\_90_pmux'.                         
Generating RTLIL representation for module `\_90_demux'.                        
Generating RTLIL representation for module `\_90_lut'.                          
Generating RTLIL representation for module `$connect'.                          
Generating RTLIL representation for module `$input_port'.                       
Successfully finished Verilog frontend.                                         
                                                                                
76.2. Continuing TECHMAP pass.                                                  
Using template $paramod$4ccbe221165818e15f326ddee3d1183c7924e12f\_90_alu for    
cells of type $alu.                                                             
Using extmapper simplemap for cells of type $and.                               
Using extmapper simplemap for cells of type $or.                                
Using extmapper simplemap for cells of type $xor.                               
Using extmapper simplemap for cells of type $mux.                               
Using extmapper simplemap for cells of type $reduce_or.                         
Using extmapper simplemap for cells of type $logic_not.                         
Using extmapper simplemap for cells of type $eq.                                
Using template $paramod$54b5b56f4359a73f4e91ebc5405f79b059a0eeaf\_90_pmux for   
cells of type $pmux.                                                            
Using extmapper simplemap for cells of type $adff.                              
Using template $paramod\_90_fa\WIDTH=32'00000000000000000000000000001001 for    
cells of type $fa.                                                              
Using template                                                                  
$paramod\_90_lcu_brent_kung\WIDTH=32'00000000000000000000000000001001 for cells 
of type $lcu.                                                                   
Using extmapper simplemap for cells of type $pos.                               
Using extmapper simplemap for cells of type $not.                               
No more expansions possible.                                                    
<suppressed ~357 debug messages>                                                
                                                                                
77. Executing OPT_EXPR pass (perform const folding).                            
Optimizing module tr1um_alu8.                                                   
<suppressed ~122 debug messages>                                                
                                                                                
78. Executing OPT_MERGE pass (detect identical cells).                          
Finding identical cells in module `\tr1um_alu8'.                                
Computing hashes of 318 cells of `\tr1um_alu8'.                                 
Finding duplicate cells in `\tr1um_alu8'.                                       
Computing hashes of 287 cells of `\tr1um_alu8'.                                 
Finding duplicate cells in `\tr1um_alu8'.                                       
Computing hashes of 285 cells of `\tr1um_alu8'.                                 
Finding duplicate cells in `\tr1um_alu8'.                                       
<suppressed ~99 debug messages>                                                 
Removed a total of 33 cells.                                                    
                                                                                
79. Executing OPT_DFF pass (perform DFF optimizations).                         
                                                                                
80. Executing OPT_CLEAN pass (remove unused cells and wires).                   
Finding unused cells or wires in module \tr1um_alu8..                           
Removed 0 unused cells and 153 unused wires.                                    
<suppressed ~1 debug messages>                                                  
                                                                                
81. Executing OPT_EXPR pass (perform const folding).                            
Optimizing module tr1um_alu8.                                                   
                                                                                
82. Executing OPT_MERGE pass (detect identical cells).                          
Finding identical cells in module `\tr1um_alu8'.                                
Computing hashes of 285 cells of `\tr1um_alu8'.                                 
Finding duplicate cells in `\tr1um_alu8'.                                       
Removed a total of 0 cells.                                                     
                                                                                
83. Executing OPT_DFF pass (perform DFF optimizations).                         
                                                                                
84. Executing OPT_CLEAN pass (remove unused cells and wires).                   
Finding unused cells or wires in module \tr1um_alu8..                           
                                                                                
85. Executing ABC pass (technology mapping using ABC).                          
                                                                                
85.1. Extracting gate netlist of module `\tr1um_alu8' to                        
`<abc-temp-dir>/input.blif'..                                                   
                                                                                
85.1.1. Executed ABC.                                                           
Extracted 274 gates and 294 wires to a netlist network with 19 inputs and 10    
outputs.                                                                        
Running ABC script: <abc-temp-dir>/abc.script                                   
ABC: ======== ABC command line "source <abc-temp-dir>/abc.script"               
ABC: + read_blif <abc-temp-dir>/input.blif                                      
ABC: + read_library /tmp/yosys-abc-bTbTpl/stdcells.genlib                       
ABC: + strash                                                                   
ABC: + dretime                                                                  
ABC: + map                                                                      
ABC: + write_blif <abc-temp-dir>/output.blif                                    
                                                                                
85.1.2. Re-integrating ABC results.                                             
ABC RESULTS:               AND cells:       18                                  
ABC RESULTS:            ANDNOT cells:      101                                  
ABC RESULTS:               MUX cells:       16                                  
ABC RESULTS:              NAND cells:        1                                  
ABC RESULTS:               NOR cells:        6                                  
ABC RESULTS:               NOT cells:        7                                  
ABC RESULTS:                OR cells:       70                                  
ABC RESULTS:             ORNOT cells:       17                                  
ABC RESULTS:              XNOR cells:        9                                  
ABC RESULTS:               XOR cells:       14                                  
ABC RESULTS:        internal signals:      265                                  
ABC RESULTS:           input signals:       19                                  
ABC RESULTS:          output signals:       10                                  
Removing temp directory.                                                        
Removing global temp directory.                                                 
                                                                                
86. Executing OPT pass (performing simple optimizations).                       
                                                                                
86.1. Executing OPT_EXPR pass (perform const folding).                          
Optimizing module tr1um_alu8.                                                   
                                                                                
86.2. Executing OPT_MERGE pass (detect identical cells).                        
Finding identical cells in module `\tr1um_alu8'.                                
Computing hashes of 270 cells of `\tr1um_alu8'.                                 
Finding duplicate cells in `\tr1um_alu8'.                                       
Computing hashes of 269 cells of `\tr1um_alu8'.                                 
Finding duplicate cells in `\tr1um_alu8'.                                       
<suppressed ~3 debug messages>                                                  
Removed a total of 1 cells.                                                     
                                                                                
86.3. Executing OPT_DFF pass (perform DFF optimizations).                       
                                                                                
86.4. Executing OPT_CLEAN pass (remove unused cells and wires).                 
Finding unused cells or wires in module \tr1um_alu8..                           
Removed 0 unused cells and 119 unused wires.                                    
<suppressed ~1 debug messages>                                                  
                                                                                
86.5. Finished fast OPT passes.                                                 
                                                                                
87. Executing HIERARCHY pass (managing design hierarchy).                       
                                                                                
87.1. Analyzing design hierarchy..                                              
Top module:  \tr1um_alu8                                                        
                                                                                
87.2. Analyzing design hierarchy..                                              
Top module:  \tr1um_alu8                                                        
Removed 0 unused modules.                                                       
                                                                                
88. Executing CHECK pass (checking for obvious problems).                       
Checking module tr1um_alu8...                                                   
Found and reported 0 problems.                                                  
                                                                                
89. Printing statistics.                                                        
                                                                                
=== tr1um_alu8 ===                                                              
                                                                                
        +----------Local Count, excluding submodules.                           
        |                                                                       
      260 wires                                                                 
      291 wire bits                                                             
       11 public wires                                                          
       42 public wire bits                                                      
        9 ports                                                                 
       32 port bits                                                             
      269 cells                                                                 
      101   $_ANDNOT_                                                           
       18   $_AND_                                                              
        9   $_DFF_PP0_                                                          
        1   $_DFF_PP1_                                                          
       16   $_MUX_                                                              
        1   $_NAND_                                                             
        6   $_NOR_                                                              
        7   $_NOT_                                                              
       17   $_ORNOT_                                                            
       70   $_OR_                                                               
        8   $_XNOR_                                                             
       14   $_XOR_                                                              
        1   TIELO                                                               
                                                                                
90. Executing OPT pass (performing simple optimizations).                       
                                                                                
90.1. Executing OPT_EXPR pass (perform const folding).                          
Optimizing module tr1um_alu8.                                                   
                                                                                
90.2. Executing OPT_MERGE pass (detect identical cells).                        
Finding identical cells in module `\tr1um_alu8'.                                
Computing hashes of 269 cells of `\tr1um_alu8'.                                 
Finding duplicate cells in `\tr1um_alu8'.                                       
Removed a total of 0 cells.                                                     
                                                                                
90.3. Executing OPT_MUXTREE pass (detect dead branches in mux trees).           
Running muxtree optimizer on module \tr1um_alu8..                               
  Creating internal representation of mux trees.                                
  No muxes found in this module.                                                
Removed 0 multiplexer ports.                                                    
                                                                                
90.4. Executing OPT_REDUCE pass (consolidate $*mux and $reduce_* inputs).       
  Optimizing cells in module \tr1um_alu8.                                       
Performed a total of 0 changes.                                                 
                                                                                
90.5. Executing OPT_MERGE pass (detect identical cells).                        
Finding identical cells in module `\tr1um_alu8'.                                
Computing hashes of 269 cells of `\tr1um_alu8'.                                 
Finding duplicate cells in `\tr1um_alu8'.                                       
Removed a total of 0 cells.                                                     
                                                                                
90.6. Executing OPT_DFF pass (perform DFF optimizations).                       
                                                                                
90.7. Executing OPT_CLEAN pass (remove unused cells and wires).                 
Finding unused cells or wires in module \tr1um_alu8..                           
                                                                                
90.8. Executing OPT_EXPR pass (perform const folding).                          
Optimizing module tr1um_alu8.                                                   
                                                                                
90.9. Finished fast OPT passes. (There is nothing left to do.)                  
                                                                                
91. Executing OPT_CLEAN pass (remove unused cells and wires).                   
Finding unused cells or wires in module \tr1um_alu8..                           
{                                                                               
   "creator": "Yosys 0.62 (git sha1 7326bb7d6641500ecb285c291a54a662cb1e76cf,   
clang++ 21.1.2 -fPIC -O3)",                                                     
   "invocation": "stat -json -liberty                                           
/Users/yanlu/Documents/TR-1um/flow/designs/tr1um_alu8/runs/triage-alu8/tmp/9c75e
c6e4d8342fd9158807a67303359.lib ",                                              
   "modules": {                                                                 
      "\\tr1um_alu8": {                                                         
         "num_wires":         260,                                              
         "num_wire_bits":     291,                                              
         "num_pub_wires":     11,                                               
         "num_pub_wire_bits": 42,                                               
         "num_ports":         9,                                                
         "num_port_bits":     32,                                               
         "num_memories":      0,                                                
         "num_memory_bits":   0,                                                
         "num_processes":     0,                                                
         "num_cells":         269,                                              
         "num_submodules":       0,                                             
         "area":              500.800000,                                       
         "sequential_area":    0.000000,                                        
         "num_cells_by_type": {                                                 
            "$_ANDNOT_": 101,                                                   
            "$_AND_": 18,                                                       
            "$_DFF_PP0_": 9,                                                    
            "$_DFF_PP1_": 1,                                                    
            "$_MUX_": 16,                                                       
            "$_NAND_": 1,                                                       
            "$_NOR_": 6,                                                        
            "$_NOT_": 7,                                                        
            "$_ORNOT_": 17,                                                     
            "$_OR_": 70,                                                        
            "$_XNOR_": 8,                                                       
            "$_XOR_": 14,                                                       
            "TIELO": 1                                                          
         }                                                                      
      }                                                                         
   },                                                                           
      "design": {                                                               
         "num_wires":         260,                                              
         "num_wire_bits":     291,                                              
         "num_pub_wires":     11,                                               
         "num_pub_wire_bits": 42,                                               
         "num_ports":         9,                                                
         "num_port_bits":     32,                                               
         "num_memories":      0,                                                
         "num_memory_bits":   0,                                                
         "num_processes":     0,                                                
         "num_cells":         269,                                              
         "num_submodules":       0,                                             
         "area":              500.800000,                                       
         "sequential_area":    0.000000,                                        
         "num_cells_by_type": {                                                 
            "$_ANDNOT_": 101,                                                   
            "$_AND_": 18,                                                       
            "$_DFF_PP0_": 9,                                                    
            "$_DFF_PP1_": 1,                                                    
            "$_MUX_": 16,                                                       
            "$_NAND_": 1,                                                       
            "$_NOR_": 6,                                                        
            "$_NOT_": 7,                                                        
            "$_ORNOT_": 17,                                                     
            "$_OR_": 70,                                                        
            "$_XNOR_": 8,                                                       
            "$_XOR_": 14,                                                       
            "TIELO": 1                                                          
         }                                                                      
      }                                                                         
}                                                                               
                                                                                
92. Printing statistics.                                                        
                                                                                
=== tr1um_alu8 ===                                                              
                                                                                
        +----------Local Count, excluding submodules.                           
        |        +-Local Area, excluding submodules.                            
        |        |                                                              
      260        - wires                                                        
      291        - wire bits                                                    
       11        - public wires                                                 
       42        - public wire bits                                             
        9        - ports                                                        
       32        - port bits                                                    
      269    500.8 cells                                                        
      101        -   $_ANDNOT_                                                  
       18        -   $_AND_                                                     
        9        -   $_DFF_PP0_                                                 
        1        -   $_DFF_PP1_                                                 
       16        -   $_MUX_                                                     
        1        -   $_NAND_                                                    
        6        -   $_NOR_                                                     
        7        -   $_NOT_                                                     
       17        -   $_ORNOT_                                                   
       70        -   $_OR_                                                      
        8        -   $_XNOR_                                                    
       14        -   $_XOR_                                                     
        1    500.8   TIELO                                                      
                                                                                
   Area for cell type $_ANDNOT_ is unknown!                                     
   Area for cell type $_AND_ is unknown!                                        
   Area for cell type $_DFF_PP0_ is unknown!                                    
   Area for cell type $_DFF_PP1_ is unknown!                                    
   Area for cell type $_MUX_ is unknown!                                        
   Area for cell type $_NAND_ is unknown!                                       
   Area for cell type $_NOR_ is unknown!                                        
   Area for cell type $_NOT_ is unknown!                                        
   Area for cell type $_ORNOT_ is unknown!                                      
   Area for cell type $_OR_ is unknown!                                         
   Area for cell type $_XNOR_ is unknown!                                       
   Area for cell type $_XOR_ is unknown!                                        
                                                                                
   Chip area for module '\tr1um_alu8': 500.800000                               
     of which used for sequential elements: 0.000000 (0.00%)                    
                                                                                
93. Executing DFFLIBMAP pass (mapping DFF cells to sequential cells from liberty
file).                                                                          
  cell DFFR (noninv, pins=5, area=6297.56) is a direct match for cell type      
$_DFF_PP0_.                                                                     
  cell DFFS (noninv, pins=5, area=6297.56) is a direct match for cell type      
$_DFF_PP1_.                                                                     
  final dff cell mappings:                                                      
    unmapped dff cell: $_DFF_N_                                                 
    unmapped dff cell: $_DFF_P_                                                 
    unmapped dff cell: $_DFF_NN0_                                               
    unmapped dff cell: $_DFF_NN1_                                               
    unmapped dff cell: $_DFF_NP0_                                               
    unmapped dff cell: $_DFF_NP1_                                               
    unmapped dff cell: $_DFF_PN0_                                               
    unmapped dff cell: $_DFF_PN1_                                               
    \DFFR _DFF_PP0_ (.CK( C), .D( D), .Q( Q), .QB(~Q), .RST( R));               
    \DFFS _DFF_PP1_ (.CK( C), .D( D), .Q( Q), .QB(~Q), .SET( R));               
    unmapped dff cell: $_DFFE_NN_                                               
    unmapped dff cell: $_DFFE_NP_                                               
    unmapped dff cell: $_DFFE_PN_                                               
    unmapped dff cell: $_DFFE_PP_                                               
    unmapped dff cell: $_DFFSR_NNN_                                             
    unmapped dff cell: $_DFFSR_NNP_                                             
    unmapped dff cell: $_DFFSR_NPN_                                             
    unmapped dff cell: $_DFFSR_NPP_                                             
    unmapped dff cell: $_DFFSR_PNN_                                             
    unmapped dff cell: $_DFFSR_PNP_                                             
    unmapped dff cell: $_DFFSR_PPN_                                             
    unmapped dff cell: $_DFFSR_PPP_                                             
                                                                                
93.1. Executing DFFLEGALIZE pass (convert FFs to types supported by the target).
Mapping DFF cells in module `\tr1um_alu8':                                      
  mapped 9 $_DFF_PP0_ cells to \DFFR cells.                                     
  mapped 1 $_DFF_PP1_ cells to \DFFS cells.                                     
{                                                                               
   "creator": "Yosys 0.62 (git sha1 7326bb7d6641500ecb285c291a54a662cb1e76cf,   
clang++ 21.1.2 -fPIC -O3)",                                                     
   "invocation": "stat -json -liberty                                           
/Users/yanlu/Documents/TR-1um/flow/designs/tr1um_alu8/runs/triage-alu8/tmp/9c75e
c6e4d8342fd9158807a67303359.lib ",                                              
   "modules": {                                                                 
      "\\tr1um_alu8": {                                                         
         "num_wires":         270,                                              
         "num_wire_bits":     301,                                              
         "num_pub_wires":     11,                                               
         "num_pub_wire_bits": 42,                                               
         "num_ports":         9,                                                
         "num_port_bits":     32,                                               
         "num_memories":      0,                                                
         "num_memory_bits":   0,                                                
         "num_processes":     0,                                                
         "num_cells":         269,                                              
         "num_submodules":       0,                                             
         "area":              63476.400000,                                     
         "sequential_area":    62975.600000,                                    
         "num_cells_by_type": {                                                 
            "$_ANDNOT_": 101,                                                   
            "$_AND_": 18,                                                       
            "$_MUX_": 16,                                                       
            "$_NAND_": 1,                                                       
            "$_NOR_": 6,                                                        
            "$_NOT_": 7,                                                        
            "$_ORNOT_": 17,                                                     
            "$_OR_": 70,                                                        
            "$_XNOR_": 8,                                                       
            "$_XOR_": 14,                                                       
            "DFFR": 9,                                                          
            "DFFS": 1,                                                          
            "TIELO": 1                                                          
         }                                                                      
      }                                                                         
   },                                                                           
      "design": {                                                               
         "num_wires":         270,                                              
         "num_wire_bits":     301,                                              
         "num_pub_wires":     11,                                               
         "num_pub_wire_bits": 42,                                               
         "num_ports":         9,                                                
         "num_port_bits":     32,                                               
         "num_memories":      0,                                                
         "num_memory_bits":   0,                                                
         "num_processes":     0,                                                
         "num_cells":         269,                                              
         "num_submodules":       0,                                             
         "area":              63476.400000,                                     
         "sequential_area":    62975.600000,                                    
         "num_cells_by_type": {                                                 
            "$_ANDNOT_": 101,                                                   
            "$_AND_": 18,                                                       
            "$_MUX_": 16,                                                       
            "$_NAND_": 1,                                                       
            "$_NOR_": 6,                                                        
            "$_NOT_": 7,                                                        
            "$_ORNOT_": 17,                                                     
            "$_OR_": 70,                                                        
            "$_XNOR_": 8,                                                       
            "$_XOR_": 14,                                                       
            "DFFR": 9,                                                          
            "DFFS": 1,                                                          
            "TIELO": 1                                                          
         }                                                                      
      }                                                                         
}                                                                               
                                                                                
94. Printing statistics.                                                        
                                                                                
=== tr1um_alu8 ===                                                              
                                                                                
        +----------Local Count, excluding submodules.                           
        |        +-Local Area, excluding submodules.                            
        |        |                                                              
      270        - wires                                                        
      301        - wire bits                                                    
       11        - public wires                                                 
       42        - public wire bits                                             
        9        - ports                                                        
       32        - port bits                                                    
      269  63476.4 cells                                                        
      101        -   $_ANDNOT_                                                  
       18        -   $_AND_                                                     
       16        -   $_MUX_                                                     
        1        -   $_NAND_                                                    
        6        -   $_NOR_                                                     
        7        -   $_NOT_                                                     
       17        -   $_ORNOT_                                                   
       70        -   $_OR_                                                      
        8        -   $_XNOR_                                                    
       14        -   $_XOR_                                                     
        9 5.67E+04   DFFR                                                       
        1  6297.56   DFFS                                                       
        1    500.8   TIELO                                                      
                                                                                
   Area for cell type $_ANDNOT_ is unknown!                                     
   Area for cell type $_AND_ is unknown!                                        
   Area for cell type $_MUX_ is unknown!                                        
   Area for cell type $_NAND_ is unknown!                                       
   Area for cell type $_NOR_ is unknown!                                        
   Area for cell type $_NOT_ is unknown!                                        
   Area for cell type $_ORNOT_ is unknown!                                      
   Area for cell type $_OR_ is unknown!                                         
   Area for cell type $_XNOR_ is unknown!                                       
   Area for cell type $_XOR_ is unknown!                                        
                                                                                
   Chip area for module '\tr1um_alu8': 63476.400000                             
     of which used for sequential elements: 62975.600000 (99.21%)               
                                                                                
[INFO] Using generated ABC script                                               
'/Users/yanlu/Documents/TR-1um/flow/designs/tr1um_alu8/runs/triage-alu8/06-yosys
-synthesis/AREA_0.abc'…                                                         
                                                                                
95. Executing ABC pass (technology mapping using ABC).                          
                                                                                
95.1. Extracting gate netlist of module `\tr1um_alu8' to                        
`/tmp/yosys-abc-1bWRwe/input.blif'..                                            
                                                                                
95.1.1. Executed ABC.                                                           
Extracted 258 gates and 277 wires to a netlist network with 19 inputs and 10    
outputs.                                                                        
Running ABC script: /tmp/yosys-abc-1bWRwe/abc.script                            
ABC: ======== ABC command line "source /tmp/yosys-abc-1bWRwe/abc.script"        
ABC: + read_blif /tmp/yosys-abc-1bWRwe/input.blif                               
ABC: + read_lib -w                                                              
/Users/yanlu/Documents/TR-1um/flow/designs/tr1um_alu8/runs/triage-alu8/tmp/9c75e
c6e4d8342fd9158807a67303359.lib                                                 
ABC: Parsing finished successfully.  Parsing time =     0.00 sec                
ABC: Scl_LibertyReadGenlib() skipped sequential cell "DFFR".                    
ABC: Scl_LibertyReadGenlib() skipped sequential cell "DFFS".                    
ABC: Library "TR-1um_stdcell_typ_5p0V_25C" from                                 
"/Users/yanlu/Documents/TR-1um/flow/designs/tr1um_alu8/runs/triage-alu8/tmp/9c75
ec6e4d8342fd9158807a67303359.lib" has 38 cells (2 skipped: 2 seq; 0 tri-state; 0
no func; 0 dont_use; 0 with 2 outputs; 0 with 3+ outputs).  Time =     0.00 sec 
ABC: Memory =    0.17 MB. Time =     0.00 sec                                   
ABC: + read_constr -v                                                           
/Users/yanlu/Documents/TR-1um/flow/designs/tr1um_alu8/runs/triage-alu8/06-yosys-
synthesis/synthesis.abc.sdc                                                     
ABC: Setting driving cell to be "BUF_X1/A".                                     
ABC: Setting output load to be 0.500000.                                        
ABC: + source                                                                   
/Users/yanlu/Documents/TR-1um/flow/designs/tr1um_alu8/runs/triage-alu8/06-yosys-
synthesis/AREA_0.abc                                                            
ABC: Error: The network is combinational.                                       
ABC: Cannot find the default PI driving cell (BUF_X1/A) in the library.         
ABC: WireLoad = "none"  Gates =    212 (  5.2 %)   Cap =167.7 ff (  0.0 %)      
Area =   434738.22 (100.0 %)   Delay = 39553.46 ps  ( 14.2 %)                   
ABC: Path  0 --      13 : 0    6 pi      A =   0.00  Df =   0.0   -0.0 ps  S =  
0.0 ps  Cin =  0.0 ff  Cout = 543.6 ff  Cmax =   0.0 ff  G =    0               
ABC: Path  1 --      70 : 2    5 XOR2    A =2854.56  Df =4390.7 -277.1 ps  S    
=4565.6 ps  Cin =146.4 ff  Cout = 456.7 ff  Cmax =   0.0 ff  G =  311           
ABC: Path  2 --      72 : 2    1 NOR2    A =1821.66  Df =5566.7 -364.4 ps  S    
=1256.8 ps  Cin = 78.5 ff  Cout =  83.9 ff  Cmax =   0.0 ff  G =  101           
ABC: Path  3 --      73 : 2    3 NOR2    A =1821.66  Df =7549.2   -5.0 ps  S    
=3044.5 ps  Cin = 78.5 ff  Cout = 305.2 ff  Cmax =   0.0 ff  G =  377           
ABC: Path  4 --      80 : 3    2 NOR3    A =2165.96  Df =10106.5-1147.5 ps  S   
=3034.9 ps  Cin = 74.1 ff  Cout = 154.8 ff  Cmax =   0.0 ff  G =  202           
ABC: Path  5 --      84 : 3    3 NOR3    A =2165.96  Df =12729.8 -603.3 ps  S   
=4840.8 ps  Cin = 74.1 ff  Cout = 303.5 ff  Cmax =   0.0 ff  G =  398           
ABC: Path  6 --      93 : 3    2 OR3     A =2510.26  Df =16481.9-2289.0 ps  S   
=1523.8 ps  Cin = 71.6 ff  Cout = 150.4 ff  Cmax =   0.0 ff  G =  204           
ABC: Path  7 --      97 : 3    2 AND3_X1 A =2510.26  Df =18677.2 -587.5 ps  S   
=1675.7 ps  Cin = 74.1 ff  Cout = 225.3 ff  Cmax =   0.0 ff  G =  298           
ABC: Path  8 --      98 : 2    1 NOR2    A =1821.66  Df =19729.7 -485.9 ps  S   
=1257.0 ps  Cin = 78.5 ff  Cout =  83.9 ff  Cmax =   0.0 ff  G =  101           
ABC: Path  9 --      99 : 2    2 NOR2    A =1821.66  Df =21657.7 -718.9 ps  S   
=2505.1 ps  Cin = 78.5 ff  Cout = 238.5 ff  Cmax =   0.0 ff  G =  287           
ABC: Path 10 --     100 : 2    2 NOR2    A =1821.66  Df =23038.2 -512.5 ps  S   
=1869.2 ps  Cin = 78.5 ff  Cout = 159.7 ff  Cmax =   0.0 ff  G =  197           
ABC: Path 11 --     101 : 2    8 NOR2    A =1821.66  Df =27389.7-1464.1 ps  S   
=5761.7 ps  Cin = 78.5 ff  Cout = 643.6 ff  Cmax =   0.0 ff  G =  818           
ABC: Path 12 --     166 : 2    1 NOR2    A =1821.66  Df =28472.0-1354.9 ps  S   
=1186.7 ps  Cin = 78.5 ff  Cout =  76.3 ff  Cmax =   0.0 ff  G =   96           
ABC: Path 13 --     168 : 3    1 NOR3    A =2165.96  Df =30438.5-2289.3 ps  S   
=2038.8 ps  Cin = 74.1 ff  Cout =  75.8 ff  Cmax =   0.0 ff  G =  100           
ABC: Path 14 --     183 : 4    2 OR4     A =2854.56  Df =35198.5-4937.6 ps  S   
=1273.1 ps  Cin = 70.3 ff  Cout =  76.7 ff  Cmax =   0.0 ff  G =  100           
ABC: Path 15 --     234 : 4    1 NOR4    A =2510.26  Df =36457.1-2187.9 ps  S   
=3015.3 ps  Cin = 72.1 ff  Cout =  74.6 ff  Cmax =   0.0 ff  G =  103           
ABC: Path 16 --     236 : 3    1 AND3_X1 A =2510.26  Df =39553.5-4016.4 ps  S = 
821.0 ps  Cin = 74.1 ff  Cout =   0.5 ff  Cmax =   0.0 ff  G =    0             
ABC: Start-point = pi12 (\b [1]).  End-point = po8 ($0\zero[0:0]).              
ABC: netlist                       : i/o =   19/   10  lat =    0  nd =   212   
edge =    483  area =434738.22  delay =17.00  lev = 17                          
ABC: + write_blif /tmp/yosys-abc-1bWRwe/output.blif                             
                                                                                
95.1.2. Re-integrating ABC results.                                             
ABC RESULTS:           AND2_X1 cells:       13                                  
ABC RESULTS:           AND3_X1 cells:        6                                  
ABC RESULTS:           AND4_X1 cells:        2                                  
ABC RESULTS:            INV_X1 cells:       11                                  
ABC RESULTS:             NAND2 cells:       60                                  
ABC RESULTS:             NAND3 cells:       17                                  
ABC RESULTS:             NAND4 cells:        5                                  
ABC RESULTS:              NOR2 cells:       51                                  
ABC RESULTS:              NOR3 cells:       13                                  
ABC RESULTS:              NOR4 cells:        4                                  
ABC RESULTS:               OR2 cells:       11                                  
ABC RESULTS:               OR3 cells:        6                                  
ABC RESULTS:               OR4 cells:        3                                  
ABC RESULTS:             XNOR2 cells:        4                                  
ABC RESULTS:              XOR2 cells:        6                                  
ABC RESULTS:        internal signals:      248                                  
ABC RESULTS:           input signals:       19                                  
ABC RESULTS:          output signals:       10                                  
Removing temp directory.                                                        
Removing global temp directory.                                                 
                                                                                
96. Executing SETUNDEF pass (replace undef values with defined constants).      
                                                                                
97. Executing HILOMAP pass (mapping to constant drivers).                       
                                                                                
98. Executing SPLITNETS pass (splitting up multi-bit signals).                  
                                                                                
99. Executing OPT_CLEAN pass (remove unused cells and wires).                   
Finding unused cells or wires in module \tr1um_alu8..                           
Removed 0 unused cells and 277 unused wires.                                    
<suppressed ~1 debug messages>                                                  
                                                                                
100. Executing INSBUF pass (insert buffer cells for connected wires).           
                                                                                
101. Executing CHECK pass (checking for obvious problems).                      
Checking module tr1um_alu8...                                                   
Found and reported 0 problems.                                                  
{                                                                               
   "creator": "Yosys 0.62 (git sha1 7326bb7d6641500ecb285c291a54a662cb1e76cf,   
clang++ 21.1.2 -fPIC -O3)",                                                     
   "invocation": "stat -json -liberty                                           
/Users/yanlu/Documents/TR-1um/flow/designs/tr1um_alu8/runs/triage-alu8/tmp/9c75e
c6e4d8342fd9158807a67303359.lib ",                                              
   "modules": {                                                                 
      "\\tr1um_alu8": {                                                         
         "num_wires":         232,                                              
         "num_wire_bits":     255,                                              
         "num_pub_wires":     19,                                               
         "num_pub_wire_bits": 42,                                               
         "num_ports":         9,                                                
         "num_port_bits":     32,                                               
         "num_memories":      0,                                                
         "num_memory_bits":   0,                                                
         "num_processes":     0,                                                
         "num_cells":         223,                                              
         "num_submodules":       0,                                             
         "area":              498214.620000,                                    
         "sequential_area":    62975.600000,                                    
         "num_cells_by_type": {                                                 
            "AND2_X1": 13,                                                      
            "AND3_X1": 6,                                                       
            "AND4_X1": 2,                                                       
            "DFFR": 9,                                                          
            "DFFS": 1,                                                          
            "INV_X1": 11,                                                       
            "NAND2": 60,                                                        
            "NAND3": 17,                                                        
            "NAND4": 5,                                                         
            "NOR2": 51,                                                         
            "NOR3": 13,                                                         
            "NOR4": 4,                                                          
            "OR2": 11,                                                          
            "OR3": 6,                                                           
            "OR4": 3,                                                           
            "TIELO": 1,                                                         
            "XNOR2": 4,                                                         
            "XOR2": 6                                                           
         }                                                                      
      }                                                                         
   },                                                                           
      "design": {                                                               
         "num_wires":         232,                                              
         "num_wire_bits":     255,                                              
         "num_pub_wires":     19,                                               
         "num_pub_wire_bits": 42,                                               
         "num_ports":         9,                                                
         "num_port_bits":     32,                                               
         "num_memories":      0,                                                
         "num_memory_bits":   0,                                                
         "num_processes":     0,                                                
         "num_cells":         223,                                              
         "num_submodules":       0,                                             
         "area":              498214.620000,                                    
         "sequential_area":    62975.600000,                                    
         "num_cells_by_type": {                                                 
            "AND2_X1": 13,                                                      
            "AND3_X1": 6,                                                       
            "AND4_X1": 2,                                                       
            "DFFR": 9,                                                          
            "DFFS": 1,                                                          
            "INV_X1": 11,                                                       
            "NAND2": 60,                                                        
            "NAND3": 17,                                                        
            "NAND4": 5,                                                         
            "NOR2": 51,                                                         
            "NOR3": 13,                                                         
            "NOR4": 4,                                                          
            "OR2": 11,                                                          
            "OR3": 6,                                                           
            "OR4": 3,                                                           
            "TIELO": 1,                                                         
            "XNOR2": 4,                                                         
            "XOR2": 6                                                           
         }                                                                      
      }                                                                         
}                                                                               
                                                                                
102. Printing statistics.                                                       
                                                                                
=== tr1um_alu8 ===                                                              
                                                                                
        +----------Local Count, excluding submodules.                           
        |        +-Local Area, excluding submodules.                            
        |        |                                                              
      232        - wires                                                        
      255        - wire bits                                                    
       19        - public wires                                                 
       42        - public wire bits                                             
        9        - ports                                                        
       32        - port bits                                                    
      223 4.98E+05 cells                                                        
       13 2.82E+04   AND2_X1                                                    
        6 1.51E+04   AND3_X1                                                    
        2  5709.12   AND4_X1                                                    
        9 5.67E+04   DFFR                                                       
        1  6297.56   DFFS                                                       
       11    2E+04   INV_X1                                                     
       60 1.09E+05   NAND2                                                      
       17 3.68E+04   NAND3                                                      
        5  12551.3   NAND4                                                      
       51 9.29E+04   NOR2                                                       
       13 2.82E+04   NOR3                                                       
        4    1E+04   NOR4                                                       
       11 2.38E+04   OR2                                                        
        6 1.51E+04   OR3                                                        
        3  8563.68   OR4                                                        
        1    500.8   TIELO                                                      
        4 1.14E+04   XNOR2                                                      
        6 1.71E+04   XOR2                                                       
                                                                                
   Chip area for module '\tr1um_alu8': 498214.620000                            
     of which used for sequential elements: 62975.600000 (12.64%)               
                                                                                
103. Executing Verilog backend.                                                 
Dumping module `\tr1um_alu8'.                                                   
                                                                                
104. Executing JSON backend.                                                    
[17:04:49] VERBOSE  Parsing synthesis checks…                       pyosys.py:59
[17:04:49] VERBOSE  Parsing synthesis checks…                       pyosys.py:59
──────────────────────────── Unmapped Cells Checker ────────────────────────────
[17:04:49] VERBOSE  Running 'Checker.YosysUnmappedCells' at         step.py:1138
                    'runs/triage-alu8/07-checker-yosysunmappedcells             
                    '…                                                          
[17:04:49] INFO     Check for Unmapped Yosys instances clear.     checker.py:131
────────────────────────────── Yosys Synth Checks ──────────────────────────────
[17:04:49] VERBOSE  Running 'Checker.YosysSynthChecks' at           step.py:1138
                    'runs/triage-alu8/08-checker-yosyssynthchecks'…             
[17:04:49] INFO     Check for Yosys check errors clear.           checker.py:131
─────────────────────── Netlist Assign Statement Checker ───────────────────────
[17:04:49] VERBOSE  Running 'Checker.NetlistAssignStatements' at    step.py:1138
                    'runs/triage-alu8/09-checker-netlistassignstate             
                    ments'…                                                     
─────────────────────────────── Check SDC Files ────────────────────────────────
[17:04:49] VERBOSE  Running 'OpenROAD.CheckSDCFiles' at             step.py:1138
                    'runs/triage-alu8/10-openroad-checksdcfiles'…               
──────────────────────────── Check Macro Instances ─────────────────────────────
[17:04:49] VERBOSE  Running 'OpenROAD.CheckMacroInstances' at       step.py:1138
                    'runs/triage-alu8/11-openroad-checkmacroinstanc             
                    es'…                                                        
[17:04:49] INFO     No macros found, skipping instance check…    openroad.py:692
─────────────────────── Static Timing Analysis (Pre-PnR) ───────────────────────
[17:04:49] VERBOSE  Running 'OpenROAD.STAPrePNR' at                 step.py:1138
                    'runs/triage-alu8/12-openroad-staprepnr'…                   
[17:04:49] INFO     Starting STA for the nom_typ_5p0V_25C timing openroad.py:747
                    corner…                                                     
[17:04:49] VERBOSE  Logging subprocess to                           step.py:1338
                    'runs/triage-alu8/12-openroad-staprepnr/nom_typ             
                    _5p0V_25C/sta.log'…                                         
[17:04:49] INFO     Finished STA for the nom_typ_5p0V_25C timing openroad.py:762
                    corner.                                                     
┏━━━━━━━━━━━━━━━━━━━━━━┳━━━━┳━━━━┳━━━━┳━━━━┳━━━━┳━━━┳━━━━┳━━━┳━━━━┳━━━┳━━━━┳━━━┓
┃                      ┃    ┃    ┃    ┃    ┃ of ┃   ┃    ┃   ┃    ┃ … ┃    ┃   ┃
┃                      ┃    ┃ R… ┃    ┃    ┃ w… ┃   ┃ R… ┃   ┃    ┃ … ┃    ┃   ┃
┃                      ┃ H… ┃ to ┃    ┃ H… ┃ r… ┃ … ┃ to ┃   ┃ S… ┃ … ┃ M… ┃ … ┃
┃                      ┃ W… ┃ R… ┃ H… ┃ V… ┃ to ┃ … ┃ R… ┃ … ┃ V… ┃ … ┃ C… ┃ … ┃
┃ Corner/Group         ┃ S… ┃ P… ┃ T… ┃ C… ┃ r… ┃ … ┃ P… ┃ … ┃ C… ┃ … ┃ V… ┃ … ┃
┡━━━━━━━━━━━━━━━━━━━━━━╇━━━━╇━━━━╇━━━━╇━━━━╇━━━━╇━━━╇━━━━╇━━━╇━━━━╇━━━╇━━━━╇━━━┩
│ Overall              │ 7… │ N… │ 0… │ 0  │ 0  │ … │ N… │ … │ 0  │ 0 │ 0  │ 0 │
│ nom_typ_5p0V_25C     │ 7… │ N… │ 0… │ 0  │ 0  │ … │ N… │ … │ 0  │ 0 │ 0  │ 0 │
└──────────────────────┴────┴────┴────┴────┴────┴───┴────┴───┴────┴───┴────┴───┘
─────────────────────────── Floorplan Initialization ───────────────────────────
[17:04:49] VERBOSE  Running 'OpenROAD.Floorplan' at                 step.py:1138
                    'runs/triage-alu8/13-openroad-floorplan'…                   
[17:04:49] VERBOSE  Logging subprocess to                           step.py:1338
                    'runs/triage-alu8/13-openroad-floorplan/openroa             
                    d-floorplan.log'…                                           
Reading timing models for corner nom_typ_5p0V_25C…                              
Reading timing library for the 'nom_typ_5p0V_25C' corner at                     
'/Users/yanlu/Documents/TR-1um/flow/pdk_root/TR-1um/libs.ref/TR-1um_stdcell_acce
ss/lib/TR-1um_stdcell_access_typ_5p0V_25C.lib'…                                 
Reading technology LEF file at                                                  
'/Users/yanlu/Documents/TR-1um/flow/pdk_root/TR-1um/libs.ref/TR-1um_stdcell_acce
ss/lef/TR-1um_tech.lef'…                                                        
[INFO ODB-0227] LEF file:                                                       
/Users/yanlu/Documents/TR-1um/flow/pdk_root/TR-1um/libs.ref/TR-1um_stdcell_acces
s/lef/TR-1um_tech.lef, created 3 layers, 1 vias                                 
Reading cell LEF file at                                                        
'/Users/yanlu/Documents/TR-1um/flow/pdk_root/TR-1um/libs.ref/TR-1um_stdcell_acce
ss/lef/TR-1um_access_cells.lef'…                                                
To avoid this warning in the future, define SITE after ORIGIN See file          
/Users/yanlu/Documents/TR-1um/flow/pdk_root/TR-1um/libs.ref/TR-1um_stdcell_acces
s/lef/TR-1um_access_cells.lef at line 4453.                                     
                                                                                
To avoid this warning in the future, define SITE after ORIGIN See file          
/Users/yanlu/Documents/TR-1um/flow/pdk_root/TR-1um/libs.ref/TR-1um_stdcell_acces
s/lef/TR-1um_access_cells.lef at line 4483.                                     
                                                                                
[INFO ODB-0227] LEF file:                                                       
/Users/yanlu/Documents/TR-1um/flow/pdk_root/TR-1um/libs.ref/TR-1um_stdcell_acces
s/lef/TR-1um_access_cells.lef, created 40 library cells                         
Reading cell LEF file at                                                        
'/Users/yanlu/Documents/TR-1um/flow/pdk_root/TR-1um/libs.ref/TR-1um_antenna/lef/
DIODE_N_X1_access.lef'…                                                         
[INFO ODB-0227] LEF file:                                                       
/Users/yanlu/Documents/TR-1um/flow/pdk_root/TR-1um/libs.ref/TR-1um_antenna/lef/D
IODE_N_X1_access.lef, created 1 library cells                                   
Reading top-level netlist at                                                    
'/Users/yanlu/Documents/TR-1um/flow/designs/tr1um_alu8/runs/triage-alu8/06-yosys
-synthesis/tr1um_alu8.nl.v'…                                                    
Linking design 'tr1um_alu8' from netlist…                                       
Reading design constraints file at                                              
'/Users/yanlu/Documents/TR-1um/flow/designs/tr1um_alu8/constraints.sdc'…        
[17:04:50] WARNING  [STA-0441] set_input_delay relative to a     openroad.py:314
                    clock defined on the same port/pin not                      
                    allowed.                                                    
[INFO] No information on clock propagation in input SDC file-- propagating all  
clocks.                                                                         
Using site height: 75.6 and site width: 0.1…                                    
[INFO] Using absolute sizing for the floorplan.                                 
[INFO] Using the set CORE_AREA; ignoring core margin parameters                 
+ initialize_floorplan -site TR1um_access_site -die_area 0.0 0.0 2400.0 2200.0  
-core_area 50.0 75.6 2350.0 2041.2                                              
[INFO IFP-0001] Added 26 rows of 23000 site TR1um_access_site.                  
[INFO IFP-0100] Die BBox:  (  0.000  0.000 ) ( 2400.000 2200.000 ) um           
[INFO IFP-0101] Core BBox: ( 50.000 75.600 ) ( 2350.000 2041.200 ) um           
[INFO IFP-0102] Core area:                      4520880.000 um^2                
[INFO IFP-0103] Total instances area:            601677.720 um^2                
[INFO IFP-0104] Effective utilization:                0.133                     
[INFO IFP-0105] Number of instances:                    223                     
[INFO IFP-0030] Inserted 0 tiecells using TIELO/LO.                             
[INFO IFP-0030] Inserted 0 tiecells using TIEHI/HI.                             
[INFO] Extracting DIE_AREA and CORE_AREA from the floorplan                     
[INFO] Floorplanned on a die area of 0.0 0.0 2400.0 2200.0 (µm).                
[INFO] Floorplanned on a core area of 50.0 75.6 2350.0 2041.2 (µm).             
Writing metric design__die__bbox: 0.0 0.0 2400.0 2200.0                         
Writing metric design__core__bbox: 50.0 75.6 2350.0 2041.2                      
Setting global connections for newly added cells…                               
[INFO] Setting global connections...                                            
[INFO ODB-0403] 0 connections made, 0 conflicts skipped.                        
Updating metrics…                                                               
Cell type report:                       Count       Area                        
  Inverter                                 11   24199.56                        
  Sequential cell                          10   76053.60                        
  Multi-Input combinational cell          202  501424.56                        
  Total                                   223  601677.72                        
Writing OpenROAD database to                                                    
'/Users/yanlu/Documents/TR-1um/flow/designs/tr1um_alu8/runs/triage-alu8/13-openr
oad-floorplan/tr1um_alu8.odb'…                                                  
Writing netlist to                                                              
'/Users/yanlu/Documents/TR-1um/flow/designs/tr1um_alu8/runs/triage-alu8/13-openr
oad-floorplan/tr1um_alu8.nl.v'…                                                 
Writing powered netlist to                                                      
'/Users/yanlu/Documents/TR-1um/flow/designs/tr1um_alu8/runs/triage-alu8/13-openr
oad-floorplan/tr1um_alu8.pnl.v'…                                                
Writing layout to                                                               
'/Users/yanlu/Documents/TR-1um/flow/designs/tr1um_alu8/runs/triage-alu8/13-openr
oad-floorplan/tr1um_alu8.def'…                                                  
Writing timing constraints to                                                   
'/Users/yanlu/Documents/TR-1um/flow/designs/tr1um_alu8/runs/triage-alu8/13-openr
oad-floorplan/tr1um_alu8.sdc'…                                                  
──────────────────────────────── Dump RC Values ────────────────────────────────
[17:04:50] VERBOSE  Running 'OpenROAD.DumpRCValues' at              step.py:1138
                    'runs/triage-alu8/14-openroad-dumprcvalues'…                
[17:04:50] VERBOSE  Logging subprocess to                           step.py:1338
                    'runs/triage-alu8/14-openroad-dumprcvalues/open             
                    road-dumprcvalues.log'…                                     
Reading timing models for corner nom_typ_5p0V_25C…                              
Reading timing library for the 'nom_typ_5p0V_25C' corner at                     
'/Users/yanlu/Documents/TR-1um/flow/pdk_root/TR-1um/libs.ref/TR-1um_stdcell_acce
ss/lib/TR-1um_stdcell_access_typ_5p0V_25C.lib'…                                 
Reading technology LEF file at                                                  
'/Users/yanlu/Documents/TR-1um/flow/pdk_root/TR-1um/libs.ref/TR-1um_stdcell_acce
ss/lef/TR-1um_tech.lef'…                                                        
[INFO ODB-0227] LEF file:                                                       
/Users/yanlu/Documents/TR-1um/flow/pdk_root/TR-1um/libs.ref/TR-1um_stdcell_acces
s/lef/TR-1um_tech.lef, created 3 layers, 1 vias                                 
Reading cell LEF file at                                                        
'/Users/yanlu/Documents/TR-1um/flow/pdk_root/TR-1um/libs.ref/TR-1um_stdcell_acce
ss/lef/TR-1um_access_cells.lef'…                                                
To avoid this warning in the future, define SITE after ORIGIN See file          
/Users/yanlu/Documents/TR-1um/flow/pdk_root/TR-1um/libs.ref/TR-1um_stdcell_acces
s/lef/TR-1um_access_cells.lef at line 4453.                                     
                                                                                
To avoid this warning in the future, define SITE after ORIGIN See file          
/Users/yanlu/Documents/TR-1um/flow/pdk_root/TR-1um/libs.ref/TR-1um_stdcell_acces
s/lef/TR-1um_access_cells.lef at line 4483.                                     
                                                                                
[INFO ODB-0227] LEF file:                                                       
/Users/yanlu/Documents/TR-1um/flow/pdk_root/TR-1um/libs.ref/TR-1um_stdcell_acces
s/lef/TR-1um_access_cells.lef, created 40 library cells                         
Reading cell LEF file at                                                        
'/Users/yanlu/Documents/TR-1um/flow/pdk_root/TR-1um/libs.ref/TR-1um_antenna/lef/
DIODE_N_X1_access.lef'…                                                         
[INFO ODB-0227] LEF file:                                                       
/Users/yanlu/Documents/TR-1um/flow/pdk_root/TR-1um/libs.ref/TR-1um_antenna/lef/D
IODE_N_X1_access.lef, created 1 library cells                                   
[INFO ODB-0127] Reading DEF file:                                               
/Users/yanlu/Documents/TR-1um/flow/designs/tr1um_alu8/runs/triage-alu8/13-openro
ad-floorplan/tr1um_alu8.def                                                     
[INFO ODB-0128] Design: tr1um_alu8                                              
[INFO ODB-0130]     Created 32 pins.                                            
[INFO ODB-0131]     Created 223 components and 1192 component-terminals.        
[INFO ODB-0132]     Created 2 special nets and 446 connections.                 
[INFO ODB-0133]     Created 253 nets and 746 connections.                       
[INFO ODB-0134] Finished DEF file:                                              
/Users/yanlu/Documents/TR-1um/flow/designs/tr1um_alu8/runs/triage-alu8/13-openro
ad-floorplan/tr1um_alu8.def                                                     
──────────────────────────── Set Power Connections ─────────────────────────────
[17:04:50] VERBOSE  Running 'Odb.SetPowerConnections' at            step.py:1138
                    'runs/triage-alu8/15-odb-setpowerconnections'…              
[17:04:50] VERBOSE  Logging subprocess to                           step.py:1338
                    'runs/triage-alu8/15-odb-setpowerconnections/od             
                    b-setpowerconnections.log'…                                 
──────────────────────────── Manual Macro Placement ────────────────────────────
[17:04:51] VERBOSE  Running 'Odb.ManualMacroPlacement' at           step.py:1138
                    'runs/triage-alu8/16-odb-manualmacroplacement'…             
[17:04:51] INFO     No instances found, skipping                      odb.py:468
                    'Odb.ManualMacroPlacement'…                                 
─────────────────────────────────── Cut Rows ───────────────────────────────────
[17:04:51] VERBOSE  Running 'OpenROAD.CutRows' at                   step.py:1138
                    'runs/triage-alu8/17-openroad-cutrows'…                     
[17:04:51] VERBOSE  Logging subprocess to                           step.py:1338
                    'runs/triage-alu8/17-openroad-cutrows/openroad-             
                    cutrows.log'…                                               
Reading timing models for corner nom_typ_5p0V_25C…                              
Reading timing library for the 'nom_typ_5p0V_25C' corner at                     
'/Users/yanlu/Documents/TR-1um/flow/pdk_root/TR-1um/libs.ref/TR-1um_stdcell_acce
ss/lib/TR-1um_stdcell_access_typ_5p0V_25C.lib'…                                 
Reading OpenROAD database at                                                    
'/Users/yanlu/Documents/TR-1um/flow/designs/tr1um_alu8/runs/triage-alu8/15-odb-s
etpowerconnections/tr1um_alu8.odb'…                                             
Reading design constraints file at                                              
'/Users/yanlu/Documents/TR-1um/flow/designs/tr1um_alu8/constraints.sdc'…        
[17:04:51] WARNING  [STA-0441] set_input_delay relative to a     openroad.py:314
                    clock defined on the same port/pin not                      
                    allowed.                                                    
[INFO] No information on clock propagation in input SDC file-- propagating all  
clocks.                                                                         
+ cut_rows -halo_width_x 10.0 -halo_width_y 10.0                                
Setting global connections for newly added cells…                               
[INFO] Setting global connections...                                            
[INFO ODB-0403] 0 connections made, 0 conflicts skipped.                        
Updating metrics…                                                               
Cell type report:                       Count       Area                        
  Inverter                                 11   24199.56                        
  Sequential cell                          10   76053.60                        
  Multi-Input combinational cell          202  501424.56                        
  Total                                   223  601677.72                        
Writing OpenROAD database to                                                    
'/Users/yanlu/Documents/TR-1um/flow/designs/tr1um_alu8/runs/triage-alu8/17-openr
oad-cutrows/tr1um_alu8.odb'…                                                    
Writing layout to                                                               
'/Users/yanlu/Documents/TR-1um/flow/designs/tr1um_alu8/runs/triage-alu8/17-openr
oad-cutrows/tr1um_alu8.def'…                                                    
───────────────────────────── Tap/Decap Insertion ──────────────────────────────
[17:04:51] VERBOSE  Running 'OpenROAD.TapEndcapInsertion' at        step.py:1138
                    'runs/triage-alu8/18-openroad-tapendcapinsertio             
                    n'…                                                         
[17:04:51] VERBOSE  Logging subprocess to                           step.py:1338
                    'runs/triage-alu8/18-openroad-tapendcapinsertio             
                    n/openroad-tapendcapinsertion.log'…                         
Reading timing models for corner nom_typ_5p0V_25C…                              
Reading timing library for the 'nom_typ_5p0V_25C' corner at                     
'/Users/yanlu/Documents/TR-1um/flow/pdk_root/TR-1um/libs.ref/TR-1um_stdcell_acce
ss/lib/TR-1um_stdcell_access_typ_5p0V_25C.lib'…                                 
Reading OpenROAD database at                                                    
'/Users/yanlu/Documents/TR-1um/flow/designs/tr1um_alu8/runs/triage-alu8/17-openr
oad-cutrows/tr1um_alu8.odb'…                                                    
Reading design constraints file at                                              
'/Users/yanlu/Documents/TR-1um/flow/designs/tr1um_alu8/constraints.sdc'…        
[17:04:51] WARNING  [STA-0441] set_input_delay relative to a     openroad.py:314
                    clock defined on the same port/pin not                      
                    allowed.                                                    
[INFO] No information on clock propagation in input SDC file-- propagating all  
clocks.                                                                         
+ tapcell -halo_width_x 10.0 -halo_width_y 10.0                                 
Setting global connections for newly added cells…                               
[INFO] Setting global connections...                                            
[INFO ODB-0403] 0 connections made, 0 conflicts skipped.                        
Updating metrics…                                                               
Cell type report:                       Count       Area                        
  Inverter                                 11   24199.56                        
  Sequential cell                          10   76053.60                        
  Multi-Input combinational cell          202  501424.56                        
  Total                                   223  601677.72                        
Writing OpenROAD database to                                                    
'/Users/yanlu/Documents/TR-1um/flow/designs/tr1um_alu8/runs/triage-alu8/18-openr
oad-tapendcapinsertion/tr1um_alu8.odb'…                                         
Writing netlist to                                                              
'/Users/yanlu/Documents/TR-1um/flow/designs/tr1um_alu8/runs/triage-alu8/18-openr
oad-tapendcapinsertion/tr1um_alu8.nl.v'…                                        
Writing powered netlist to                                                      
'/Users/yanlu/Documents/TR-1um/flow/designs/tr1um_alu8/runs/triage-alu8/18-openr
oad-tapendcapinsertion/tr1um_alu8.pnl.v'…                                       
Writing layout to                                                               
'/Users/yanlu/Documents/TR-1um/flow/designs/tr1um_alu8/runs/triage-alu8/18-openr
oad-tapendcapinsertion/tr1um_alu8.def'…                                         
Writing timing constraints to                                                   
'/Users/yanlu/Documents/TR-1um/flow/designs/tr1um_alu8/runs/triage-alu8/18-openr
oad-tapendcapinsertion/tr1um_alu8.sdc'…                                         
───────────────────────────── Add PDN obstructions ─────────────────────────────
[17:04:51] VERBOSE  Running 'Odb.AddPDNObstructions' at             step.py:1138
                    'runs/triage-alu8/19-odb-addpdnobstructions'…               
[17:04:51] INFO     'PDN_OBSTRUCTIONS' is not defined. Skipping       odb.py:589
                    'Odb.AddPDNObstructions'…                                   
[17:04:51] INFO     Gating variable for step                   sequential.py:362
                    'OpenROAD.GeneratePDN' set to 'False'- the                  
                    step will be skipped.                                       
[17:04:51] INFO     Skipping step 'Generate PDN'…              sequential.py:370
─────────────────────────── Remove PDN obstructions ────────────────────────────
[17:04:51] VERBOSE  Running 'Odb.RemovePDNObstructions' at          step.py:1138
                    'runs/triage-alu8/20-odb-removepdnobstructions'             
                    …                                                           
[17:04:51] INFO     'PDN_OBSTRUCTIONS' is not defined. Skipping       odb.py:589
                    'Odb.RemovePDNObstructions'…                                
─────────────────────────────── Add Obstructions ───────────────────────────────
[17:04:51] VERBOSE  Running 'Odb.AddRoutingObstructions' at         step.py:1138
                    'runs/triage-alu8/21-odb-addroutingobstructions             
                    '…                                                          
[17:04:51] INFO     'ROUTING_OBSTRUCTIONS' is not defined. Skipping   odb.py:589
                    'Odb.AddRoutingObstructions'…                               
─────────────────────────── Global Placement Skip IO ───────────────────────────
[17:04:51] VERBOSE  Running 'OpenROAD.GlobalPlacementSkipIO' at     step.py:1138
                    'runs/triage-alu8/22-openroad-globalplacementsk             
                    ipio'…                                                      
[17:04:51] INFO     I/O pins to be placed from                  openroad.py:1665
                    /Users/yanlu/Documents/TR-1um/flow/designs/                 
                    tr1um_alu8/pin_order.cfg. Returning state                   
                    unaltered…                                                  
──────────────────────────────── I/O Placement ─────────────────────────────────
[17:04:51] VERBOSE  Running 'OpenROAD.IOPlacement' at               step.py:1138
                    'runs/triage-alu8/23-openroad-ioplacement'…                 
[17:04:51] INFO     IO_PIN_ORDER_CFG is set. Skipping           openroad.py:1355
                    'OpenROAD.IOPlacement'…                                     
─────────────────────── Custom I/O Pin Placement Script ────────────────────────
[17:04:51] VERBOSE  Running 'Odb.CustomIOPlacement' at              step.py:1138
                    'runs/triage-alu8/24-odb-customioplacement'…                
[17:04:51] VERBOSE  Logging subprocess to                           step.py:1338
                    'runs/triage-alu8/24-odb-customioplacement/odb-             
                    customioplacement.log'…                                     
Top-level design name: tr1um_alu8                                               
Block boundaries: 0 0 2400000 2200000                                           
Horizontal Tracks Origin: 2700, Count: 407, Step: 5400                          
Vertical Tracks Origin: 2700, Count: 444, Step: 5400                            
Placement details for the N side                                                
Virtual pin count:  0                                                           
Actual pin count:  20                                                           
Total pin count:  20                                                            
Tracks count:  222                                                              
Tracks per pin:  11                                                             
Used tracks count:  210                                                         
Unused track count:  12                                                         
Starting track index:  6                                                        
Placement details for the E side                                                
Virtual pin count:  0                                                           
Actual pin count:  10                                                           
Total pin count:  10                                                            
Tracks count:  407                                                              
Tracks per pin:  40                                                             
Used tracks count:  361                                                         
Unused track count:  46                                                         
Starting track index:  23                                                       
Placement details for the S side                                                
Virtual pin count:  0                                                           
Actual pin count:  2                                                            
Total pin count:  2                                                             
Tracks count:  222                                                              
Tracks per pin:  111                                                            
Used tracks count:  112                                                         
Unused track count:  110                                                        
Starting track index:  55                                                       
────────────────────────────── Apply DEF Template ──────────────────────────────
[17:04:52] VERBOSE  Running 'Odb.ApplyDEFTemplate' at               step.py:1138
                    'runs/triage-alu8/25-odb-applydeftemplate'…                 
[17:04:52] INFO     No DEF template provided, skipping                odb.py:302
                    'Odb.ApplyDEFTemplate'…                                     
─────────────────────────────── Global Placement ───────────────────────────────
[17:04:52] VERBOSE  Running 'OpenROAD.GlobalPlacement' at           step.py:1138
                    'runs/triage-alu8/26-openroad-globalplacement'…             
[17:04:52] VERBOSE  Logging subprocess to                           step.py:1338
                    'runs/triage-alu8/26-openroad-globalplacement/o             
                    penroad-globalplacement.log'…                               
Reading timing models for corner nom_typ_5p0V_25C…                              
Reading timing library for the 'nom_typ_5p0V_25C' corner at                     
'/Users/yanlu/Documents/TR-1um/flow/pdk_root/TR-1um/libs.ref/TR-1um_stdcell_acce
ss/lib/TR-1um_stdcell_access_typ_5p0V_25C.lib'…                                 
Reading OpenROAD database at                                                    
'/Users/yanlu/Documents/TR-1um/flow/designs/tr1um_alu8/runs/triage-alu8/24-odb-c
ustomioplacement/tr1um_alu8.odb'…                                               
Reading design constraints file at                                              
'/Users/yanlu/Documents/TR-1um/flow/designs/tr1um_alu8/constraints.sdc'…        
[17:04:52] WARNING  [STA-0441] set_input_delay relative to a     openroad.py:314
                    clock defined on the same port/pin not                      
                    allowed.                                                    
[INFO] No information on clock propagation in input SDC file-- propagating all  
clocks.                                                                         
[INFO] Using access-cell manual placement instead of RePlAce                    
[INFO] TR-1um access placement: 223 cells centered across 13 sparse R0 rows     
Setting global connections for newly added cells…                               
[INFO] Setting global connections...                                            
[INFO ODB-0403] 0 connections made, 0 conflicts skipped.                        
Updating metrics…                                                               
Cell type report:                       Count       Area                        
  Inverter                                 11   24199.56                        
  Sequential cell                          10   76053.60                        
  Multi-Input combinational cell          202  501424.56                        
  Total                                   223  601677.72                        
Writing OpenROAD database to                                                    
'/Users/yanlu/Documents/TR-1um/flow/designs/tr1um_alu8/runs/triage-alu8/26-openr
oad-globalplacement/tr1um_alu8.odb'…                                            
Writing netlist to                                                              
'/Users/yanlu/Documents/TR-1um/flow/designs/tr1um_alu8/runs/triage-alu8/26-openr
oad-globalplacement/tr1um_alu8.nl.v'…                                           
Writing powered netlist to                                                      
'/Users/yanlu/Documents/TR-1um/flow/designs/tr1um_alu8/runs/triage-alu8/26-openr
oad-globalplacement/tr1um_alu8.pnl.v'…                                          
Writing layout to                                                               
'/Users/yanlu/Documents/TR-1um/flow/designs/tr1um_alu8/runs/triage-alu8/26-openr
oad-globalplacement/tr1um_alu8.def'…                                            
Writing timing constraints to                                                   
'/Users/yanlu/Documents/TR-1um/flow/designs/tr1um_alu8/runs/triage-alu8/26-openr
oad-globalplacement/tr1um_alu8.sdc'…                                            
───────────────────────────── Write Verilog Header ─────────────────────────────
[17:04:52] VERBOSE  Running 'Odb.WriteVerilogHeader' at             step.py:1138
                    'runs/triage-alu8/27-odb-writeverilogheader'…               
[17:04:52] VERBOSE  Logging subprocess to                           step.py:1338
                    'runs/triage-alu8/27-odb-writeverilogheader/odb             
                    -writeverilogheader.log'…                                   
───────────────────────── Power Grid Violation Checker ─────────────────────────
[17:04:52] VERBOSE  Running 'Checker.PowerGridViolations' at        step.py:1138
                    'runs/triage-alu8/28-checker-powergridviolation             
                    s'…                                                         
[17:04:52] WARNING  The power grid violations (as reported by     checker.py:133
                    OpenROAD PSM- you may ignore these if LVS                   
                    passes) metric was not found. Are you sure                  
                    the relevant step was run?                                  
─────────────────────── Static Timing Analysis (Mid-PnR) ───────────────────────
[17:04:52] VERBOSE  Running 'OpenROAD.STAMidPNR' at                 step.py:1138
                    'runs/triage-alu8/29-openroad-stamidpnr'…                   
[17:04:52] VERBOSE  Logging subprocess to                           step.py:1338
                    'runs/triage-alu8/29-openroad-stamidpnr/openroa             
                    d-stamidpnr.log'…                                           
Reading timing models for corner nom_typ_5p0V_25C…                              
Reading timing library for the 'nom_typ_5p0V_25C' corner at                     
'/Users/yanlu/Documents/TR-1um/flow/pdk_root/TR-1um/libs.ref/TR-1um_stdcell_acce
ss/lib/TR-1um_stdcell_access_typ_5p0V_25C.lib'…                                 
Reading OpenROAD database at                                                    
'/Users/yanlu/Documents/TR-1um/flow/designs/tr1um_alu8/runs/triage-alu8/26-openr
oad-globalplacement/tr1um_alu8.odb'…                                            
Reading design constraints file at                                              
'/Users/yanlu/Documents/TR-1um/flow/designs/tr1um_alu8/constraints.sdc'…        
[17:04:52] WARNING  [STA-0441] set_input_delay relative to a     openroad.py:314
                    clock defined on the same port/pin not                      
                    allowed.                                                    
[INFO] No information on clock propagation in input SDC file-- propagating all  
clocks.                                                                         
[17:04:53] INFO     Gating variable for step                   sequential.py:362
                    'OpenROAD.RepairDesignPostGPL' set to                       
                    'False'- the step will be skipped.                          
[17:04:53] INFO     Skipping step 'Repair Design (Post-Global  sequential.py:370
                    Placement)'…                                                
─────────────────────────── Manual Global Placement ────────────────────────────
[17:04:53] VERBOSE  Running 'Odb.ManualGlobalPlacement' at          step.py:1138
                    'runs/triage-alu8/30-odb-manualglobalplacement'             
                    …                                                           
[17:04:53] INFO     'MANUAL_GLOBAL_PLACEMENTS' not set. Skipping     odb.py:1031
                    'Odb.ManualGlobalPlacement'…                                
────────────────────────────── Detailed Placement ──────────────────────────────
[17:04:53] VERBOSE  Running 'OpenROAD.DetailedPlacement' at         step.py:1138
                    'runs/triage-alu8/31-openroad-detailedplacement             
                    '…                                                          
[17:04:53] VERBOSE  Logging subprocess to                           step.py:1338
                    'runs/triage-alu8/31-openroad-detailedplacement             
                    /openroad-detailedplacement.log'…                           
Reading timing models for corner nom_typ_5p0V_25C…                              
Reading timing library for the 'nom_typ_5p0V_25C' corner at                     
'/Users/yanlu/Documents/TR-1um/flow/pdk_root/TR-1um/libs.ref/TR-1um_stdcell_acce
ss/lib/TR-1um_stdcell_access_typ_5p0V_25C.lib'…                                 
Reading OpenROAD database at                                                    
'/Users/yanlu/Documents/TR-1um/flow/designs/tr1um_alu8/runs/triage-alu8/26-openr
oad-globalplacement/tr1um_alu8.odb'…                                            
Reading design constraints file at                                              
'/Users/yanlu/Documents/TR-1um/flow/designs/tr1um_alu8/constraints.sdc'…        
[17:04:53] WARNING  [STA-0441] set_input_delay relative to a     openroad.py:314
                    clock defined on the same port/pin not                      
                    allowed.                                                    
[INFO] No information on clock propagation in input SDC file-- propagating all  
clocks.                                                                         
+ detailed_placement -max_displacement  500 100                                 
Placement Analysis                                                              
---------------------------------                                               
total displacement          0.0 u                                               
average displacement        0.0 u                                               
max displacement            0.0 u                                               
original HPWL          252656.7 u                                               
legalized HPWL         252656.7 u                                               
delta HPWL                    0 %                                               
                                                                                
Setting global connections for newly added cells…                               
[INFO] Setting global connections...                                            
[INFO ODB-0403] 0 connections made, 0 conflicts skipped.                        
Updating metrics…                                                               
Cell type report:                       Count       Area                        
  Inverter                                 11   24199.56                        
  Sequential cell                          10   76053.60                        
  Multi-Input combinational cell          202  501424.56                        
  Total                                   223  601677.72                        
Writing OpenROAD database to                                                    
'/Users/yanlu/Documents/TR-1um/flow/designs/tr1um_alu8/runs/triage-alu8/31-openr
oad-detailedplacement/tr1um_alu8.odb'…                                          
Writing netlist to                                                              
'/Users/yanlu/Documents/TR-1um/flow/designs/tr1um_alu8/runs/triage-alu8/31-openr
oad-detailedplacement/tr1um_alu8.nl.v'…                                         
Writing powered netlist to                                                      
'/Users/yanlu/Documents/TR-1um/flow/designs/tr1um_alu8/runs/triage-alu8/31-openr
oad-detailedplacement/tr1um_alu8.pnl.v'…                                        
Writing layout to                                                               
'/Users/yanlu/Documents/TR-1um/flow/designs/tr1um_alu8/runs/triage-alu8/31-openr
oad-detailedplacement/tr1um_alu8.def'…                                          
Writing timing constraints to                                                   
'/Users/yanlu/Documents/TR-1um/flow/designs/tr1um_alu8/runs/triage-alu8/31-openr
oad-detailedplacement/tr1um_alu8.sdc'…                                          
[17:04:53] INFO     Gating variable for step 'OpenROAD.CTS'    sequential.py:362
                    set to 'False'- the step will be skipped.                   
[17:04:53] INFO     Skipping step 'Clock Tree Synthesis'…      sequential.py:370
─────────────────────── Static Timing Analysis (Mid-PnR) ───────────────────────
[17:04:53] VERBOSE  Running 'OpenROAD.STAMidPNR-1' at               step.py:1138
                    'runs/triage-alu8/32-openroad-stamidpnr-1'…                 
[17:04:53] VERBOSE  Logging subprocess to                           step.py:1338
                    'runs/triage-alu8/32-openroad-stamidpnr-1/openr             
                    oad-stamidpnr-1.log'…                                       
Reading timing models for corner nom_typ_5p0V_25C…                              
Reading timing library for the 'nom_typ_5p0V_25C' corner at                     
'/Users/yanlu/Documents/TR-1um/flow/pdk_root/TR-1um/libs.ref/TR-1um_stdcell_acce
ss/lib/TR-1um_stdcell_access_typ_5p0V_25C.lib'…                                 
Reading OpenROAD database at                                                    
'/Users/yanlu/Documents/TR-1um/flow/designs/tr1um_alu8/runs/triage-alu8/31-openr
oad-detailedplacement/tr1um_alu8.odb'…                                          
Reading design constraints file at                                              
'/Users/yanlu/Documents/TR-1um/flow/designs/tr1um_alu8/constraints.sdc'…        
[17:04:53] WARNING  [STA-0441] set_input_delay relative to a     openroad.py:314
                    clock defined on the same port/pin not                      
                    allowed.                                                    
[INFO] No information on clock propagation in input SDC file-- propagating all  
clocks.                                                                         
─────────── Resizer Timing Optimizations (Post-Clock Tree Synthesis) ───────────
[17:04:53] VERBOSE  Running 'OpenROAD.ResizerTimingPostCTS' at      step.py:1138
                    'runs/triage-alu8/33-openroad-resizertimingpost             
                    cts'…                                                       
[17:04:53] VERBOSE  Logging subprocess to                           step.py:1338
                    'runs/triage-alu8/33-openroad-resizertimingpost             
                    cts/openroad-resizertimingpostcts.log'…                     
Reading timing models for corner nom_typ_5p0V_25C…                              
Reading timing library for the 'nom_typ_5p0V_25C' corner at                     
'/Users/yanlu/Documents/TR-1um/flow/pdk_root/TR-1um/libs.ref/TR-1um_stdcell_acce
ss/lib/TR-1um_stdcell_access_typ_5p0V_25C.lib'…                                 
Reading OpenROAD database at                                                    
'/Users/yanlu/Documents/TR-1um/flow/designs/tr1um_alu8/runs/triage-alu8/31-openr
oad-detailedplacement/tr1um_alu8.odb'…                                          
Reading design constraints file at                                              
'/Users/yanlu/Documents/TR-1um/flow/designs/tr1um_alu8/constraints.sdc'…        
[17:04:54] WARNING  [STA-0441] set_input_delay relative to a     openroad.py:314
                    clock defined on the same port/pin not                      
                    allowed.                                                    
[INFO] No information on clock propagation in input SDC file-- propagating all  
clocks.                                                                         
+ repair_timing -verbose -setup -setup_margin                                   
0.05000000000000000277555756156289135105907917022705078125 -max_buffer_percent  
50.0                                                                            
[INFO RSZ-0100] Repair move sequence: UnbufferMove SizeUpMove SwapPinsMove      
BufferMove CloneMove SplitLoadMove                                              
[INFO RSZ-0098] No setup violations found                                       
+ repair_timing -verbose -hold -setup_margin                                    
0.05000000000000000277555756156289135105907917022705078125 -hold_margin         
0.1000000000000000055511151231257827021181583404541015625 -max_buffer_percent   
100.0                                                                           
[INFO RSZ-0033] No hold violations found.                                       
+ detailed_placement -max_displacement  500 100                                 
Placement Analysis                                                              
---------------------------------                                               
total displacement          0.0 u                                               
average displacement        0.0 u                                               
max displacement            0.0 u                                               
original HPWL          252656.7 u                                               
legalized HPWL         252656.7 u                                               
delta HPWL                    0 %                                               
                                                                                
Setting global connections for newly added cells…                               
[INFO] Setting global connections...                                            
[INFO ODB-0403] 0 connections made, 0 conflicts skipped.                        
Updating metrics…                                                               
Cell type report:                       Count       Area                        
  Inverter                                 11   24199.56                        
  Sequential cell                          10   76053.60                        
  Multi-Input combinational cell          202  501424.56                        
  Total                                   223  601677.72                        
Writing OpenROAD database to                                                    
'/Users/yanlu/Documents/TR-1um/flow/designs/tr1um_alu8/runs/triage-alu8/33-openr
oad-resizertimingpostcts/tr1um_alu8.odb'…                                       
Writing netlist to                                                              
'/Users/yanlu/Documents/TR-1um/flow/designs/tr1um_alu8/runs/triage-alu8/33-openr
oad-resizertimingpostcts/tr1um_alu8.nl.v'…                                      
Writing powered netlist to                                                      
'/Users/yanlu/Documents/TR-1um/flow/designs/tr1um_alu8/runs/triage-alu8/33-openr
oad-resizertimingpostcts/tr1um_alu8.pnl.v'…                                     
Writing layout to                                                               
'/Users/yanlu/Documents/TR-1um/flow/designs/tr1um_alu8/runs/triage-alu8/33-openr
oad-resizertimingpostcts/tr1um_alu8.def'…                                       
Writing timing constraints to                                                   
'/Users/yanlu/Documents/TR-1um/flow/designs/tr1um_alu8/runs/triage-alu8/33-openr
oad-resizertimingpostcts/tr1um_alu8.sdc'…                                       
─────────────────────── Static Timing Analysis (Mid-PnR) ───────────────────────
[17:04:54] VERBOSE  Running 'OpenROAD.STAMidPNR-2' at               step.py:1138
                    'runs/triage-alu8/34-openroad-stamidpnr-2'…                 
[17:04:54] VERBOSE  Logging subprocess to                           step.py:1338
                    'runs/triage-alu8/34-openroad-stamidpnr-2/openr             
                    oad-stamidpnr-2.log'…                                       
Reading timing models for corner nom_typ_5p0V_25C…                              
Reading timing library for the 'nom_typ_5p0V_25C' corner at                     
'/Users/yanlu/Documents/TR-1um/flow/pdk_root/TR-1um/libs.ref/TR-1um_stdcell_acce
ss/lib/TR-1um_stdcell_access_typ_5p0V_25C.lib'…                                 
Reading OpenROAD database at                                                    
'/Users/yanlu/Documents/TR-1um/flow/designs/tr1um_alu8/runs/triage-alu8/33-openr
oad-resizertimingpostcts/tr1um_alu8.odb'…                                       
Reading design constraints file at                                              
'/Users/yanlu/Documents/TR-1um/flow/designs/tr1um_alu8/constraints.sdc'…        
[17:04:54] WARNING  [STA-0441] set_input_delay relative to a     openroad.py:314
                    clock defined on the same port/pin not                      
                    allowed.                                                    
[INFO] No information on clock propagation in input SDC file-- propagating all  
clocks.                                                                         
──────────────────────────────── Global Routing ────────────────────────────────
[17:04:54] VERBOSE  Running 'OpenROAD.GlobalRouting' at             step.py:1138
                    'runs/triage-alu8/35-openroad-globalrouting'…               
[17:04:54] VERBOSE  Logging subprocess to                           step.py:1338
                    'runs/triage-alu8/35-openroad-globalrouting/ope             
                    nroad-globalrouting.log'…                                   
Reading timing models for corner nom_typ_5p0V_25C…                              
Reading timing library for the 'nom_typ_5p0V_25C' corner at                     
'/Users/yanlu/Documents/TR-1um/flow/pdk_root/TR-1um/libs.ref/TR-1um_stdcell_acce
ss/lib/TR-1um_stdcell_access_typ_5p0V_25C.lib'…                                 
Reading OpenROAD database at                                                    
'/Users/yanlu/Documents/TR-1um/flow/designs/tr1um_alu8/runs/triage-alu8/33-openr
oad-resizertimingpostcts/tr1um_alu8.odb'…                                       
Reading design constraints file at                                              
'/Users/yanlu/Documents/TR-1um/flow/designs/tr1um_alu8/constraints.sdc'…        
[17:04:54] WARNING  [STA-0441] set_input_delay relative to a     openroad.py:314
                    clock defined on the same port/pin not                      
                    allowed.                                                    
[INFO] No information on clock propagation in input SDC file-- propagating all  
clocks.                                                                         
[INFO] Setting signal min routing layer to: M1 and clock min routing layer to   
M1.                                                                             
[INFO] Setting signal max routing layer to: M2 and clock max routing layer to   
M2.                                                                             
+ global_route -congestion_iterations 0 -verbose -allow_congestion              
[INFO GRT-0020] Min routing layer: M1                                           
[INFO GRT-0021] Max routing layer: M2                                           
[INFO GRT-0022] Global adjustment: 30%                                          
[INFO GRT-0023] Grid origin: (0, 0)                                             
[INFO GRT-0088] Layer M1      Track-Pitch = 5.4000  line-2-Via Pitch: 4.0000    
[INFO GRT-0088] Layer M2      Track-Pitch = 5.4000  line-2-Via Pitch: 5.2000    
[INFO GRT-0003] Macros: 0                                                       
[INFO GRT-0004] Blockages: 1188                                                 
[INFO GRT-0019] Found 1 clock nets.                                             
[INFO GRT-0001] Minimum degree: 2                                               
[INFO GRT-0002] Maximum degree: 12                                              
                                                                                
[INFO GRT-0053] Routing resources analysis:                                     
          Routing      Original      Derated      Resource                      
Layer     Direction    Resources     Resources    Reduction (%)                 
---------------------------------------------------------------                 
M1         Horizontal       9105          5989          34.22%                  
M2         Vertical        10910          7289          33.19%                  
---------------------------------------------------------------                 
                                                                                
[INFO GRT-0197] Via related to pin nodes: 11                                    
[INFO GRT-0198] Via related Steiner nodes: 0                                    
[INFO GRT-0199] Via filling finished.                                           
[INFO GRT-0111] Final number of vias: 44                                        
[INFO GRT-0112] Final usage 3D: 3669                                            
                                                                                
[INFO GRT-0096] Final congestion report:                                        
Layer         Resource        Demand        Usage (%)    Max H / Max V / Total  
Overflow                                                                        
--------------------------------------------------------------------------------
-------                                                                         
M1                5989           124            2.07%             0 /  0 /  0   
M2                7289          3413           46.82%            11 /  1 / 1628 
--------------------------------------------------------------------------------
-------                                                                         
Total            13278          3537           26.64%            11 /  1 / 1628 
                                                                                
[INFO GRT-0018] Total wirelength: 369198 um                                     
[INFO GRT-0014] Routed nets: 243                                                
[17:04:54] WARNING  [GRT-0115] Global routing finished with      openroad.py:314
                    congestion. Check the congestion regions in                 
                    the DRC Viewer.                                             
[INFO GRT-0303] Global routing runtime = 00:00:00                               
Setting global connections for newly added cells…                               
[INFO] Setting global connections...                                            
[INFO ODB-0403] 0 connections made, 0 conflicts skipped.                        
Updating metrics…                                                               
Cell type report:                       Count       Area                        
  Inverter                                 11   24199.56                        
  Sequential cell                          10   76053.60                        
  Multi-Input combinational cell          202  501424.56                        
  Total                                   223  601677.72                        
Writing OpenROAD database to                                                    
'/Users/yanlu/Documents/TR-1um/flow/designs/tr1um_alu8/runs/triage-alu8/35-openr
oad-globalrouting/tr1um_alu8.odb'…                                              
Writing layout to                                                               
'/Users/yanlu/Documents/TR-1um/flow/designs/tr1um_alu8/runs/triage-alu8/35-openr
oad-globalrouting/tr1um_alu8.def'…                                              
──────────────────────────────── Check Antennas ────────────────────────────────
[17:04:54] VERBOSE  Running 'OpenROAD.CheckAntennas' at             step.py:1138
                    'runs/triage-alu8/36-openroad-checkantennas'…               
[17:04:54] VERBOSE  Logging subprocess to                           step.py:1338
                    'runs/triage-alu8/36-openroad-checkantennas/ope             
                    nroad-checkantennas.log'…                                   
Reading timing models for corner nom_typ_5p0V_25C…                              
Reading timing library for the 'nom_typ_5p0V_25C' corner at                     
'/Users/yanlu/Documents/TR-1um/flow/pdk_root/TR-1um/libs.ref/TR-1um_stdcell_acce
ss/lib/TR-1um_stdcell_access_typ_5p0V_25C.lib'…                                 
Reading OpenROAD database at                                                    
'/Users/yanlu/Documents/TR-1um/flow/designs/tr1um_alu8/runs/triage-alu8/35-openr
oad-globalrouting/tr1um_alu8.odb'…                                              
Reading design constraints file at                                              
'/Users/yanlu/Documents/TR-1um/flow/designs/tr1um_alu8/constraints.sdc'…        
[17:04:55] WARNING  [STA-0441] set_input_delay relative to a     openroad.py:314
                    clock defined on the same port/pin not                      
                    allowed.                                                    
[INFO] No information on clock propagation in input SDC file-- propagating all  
clocks.                                                                         
[17:04:55] INFO     Gating variable for step                   sequential.py:362
                    'OpenROAD.RepairDesignPostGRT' set to                       
                    'False'- the step will be skipped.                          
[17:04:55] INFO     Skipping step 'Repair Design (Post-Global  sequential.py:370
                    Routing)'…                                                  
────────────────────── Diodes on Ports Protection Routine ──────────────────────
[17:04:55] VERBOSE  Running 'Odb.DiodesOnPorts' at                  step.py:1138
                    'runs/triage-alu8/37-odb-diodesonports'…                    
[17:04:55] INFO     'DIODE_ON_PORTS' is set to 'none': skipping       odb.py:820
                    'Odb.DiodesOnPorts'…                                        
[17:04:55] INFO     Gating variable for step                   sequential.py:362
                    'Odb.HeuristicDiodeInsertion' set to                        
                    'False'- the step will be skipped.                          
[17:04:55] INFO     Skipping step 'Heuristic Diode Insertion'… sequential.py:370
[17:04:55] INFO     Gating variable for step                   sequential.py:362
                    'OpenROAD.RepairAntennas' set to 'False'-                   
                    the step will be skipped.                                   
[17:04:55] INFO     Skipping step 'Antenna Repair'…            sequential.py:370
[17:04:55] INFO     Gating variable for step                   sequential.py:362
                    'OpenROAD.ResizerTimingPostGRT' set to                      
                    'False'- the step will be skipped.                          
[17:04:55] INFO     Skipping step 'Resizer Timing              sequential.py:370
                    Optimizations (Post-Global Routing)'…                       
─────────────────────── Static Timing Analysis (Mid-PnR) ───────────────────────
[17:04:55] VERBOSE  Running 'OpenROAD.STAMidPNR-3' at               step.py:1138
                    'runs/triage-alu8/38-openroad-stamidpnr-3'…                 
[17:04:55] VERBOSE  Logging subprocess to                           step.py:1338
                    'runs/triage-alu8/38-openroad-stamidpnr-3/openr             
                    oad-stamidpnr-3.log'…                                       
Reading timing models for corner nom_typ_5p0V_25C…                              
Reading timing library for the 'nom_typ_5p0V_25C' corner at                     
'/Users/yanlu/Documents/TR-1um/flow/pdk_root/TR-1um/libs.ref/TR-1um_stdcell_acce
ss/lib/TR-1um_stdcell_access_typ_5p0V_25C.lib'…                                 
Reading OpenROAD database at                                                    
'/Users/yanlu/Documents/TR-1um/flow/designs/tr1um_alu8/runs/triage-alu8/35-openr
oad-globalrouting/tr1um_alu8.odb'…                                              
Reading design constraints file at                                              
'/Users/yanlu/Documents/TR-1um/flow/designs/tr1um_alu8/constraints.sdc'…        
[17:04:55] WARNING  [STA-0441] set_input_delay relative to a     openroad.py:314
                    clock defined on the same port/pin not                      
                    allowed.                                                    
[INFO] No information on clock propagation in input SDC file-- propagating all  
clocks.                                                                         
─────────────────────────────── Detailed Routing ───────────────────────────────
[17:04:55] VERBOSE  Running 'OpenROAD.DetailedRouting' at           step.py:1138
                    'runs/triage-alu8/39-openroad-detailedrouting'…             
[17:04:55] INFO     Running TritonRoute with 6 threads…         openroad.py:2016
[17:04:55] VERBOSE  Logging subprocess to                           step.py:1338
                    'runs/triage-alu8/39-openroad-detailedrouting/o             
                    penroad-detailedrouting.log'…                               
Reading timing models for corner nom_typ_5p0V_25C…                              
Reading timing library for the 'nom_typ_5p0V_25C' corner at                     
'/Users/yanlu/Documents/TR-1um/flow/pdk_root/TR-1um/libs.ref/TR-1um_stdcell_acce
ss/lib/TR-1um_stdcell_access_typ_5p0V_25C.lib'…                                 
Reading OpenROAD database at                                                    
'/Users/yanlu/Documents/TR-1um/flow/designs/tr1um_alu8/runs/triage-alu8/35-openr
oad-globalrouting/tr1um_alu8.odb'…                                              
Reading design constraints file at                                              
'/Users/yanlu/Documents/TR-1um/flow/designs/tr1um_alu8/constraints.sdc'…        
[17:04:55] WARNING  [STA-0441] set_input_delay relative to a     openroad.py:314
                    clock defined on the same port/pin not                      
                    allowed.                                                    
[INFO] No information on clock propagation in input SDC file-- propagating all  
clocks.                                                                         
[INFO ORD-0030] Using 6 thread(s).                                              
+ detailed_route -droute_end_iter 64 -or_seed 42 -verbose 1                     
-drc_report_iter_step 1 -output_drc                                             
/Users/yanlu/Documents/TR-1um/flow/designs/tr1um_alu8/runs/triage-alu8/39-openro
ad-detailedrouting/drt-run-0/tr1um_alu8.drc                                     
[INFO DRT-0149] Reading tech and libs.                                          
                                                                                
Units:                1000                                                      
Number of layers:     5                                                         
Number of macros:     41                                                        
Number of vias:       1                                                         
Number of viarulegen: 0                                                         
                                                                                
[INFO DRT-0150] Reading design.                                                 
                                                                                
Design:                   tr1um_alu8                                            
Die area:                 ( 0 0 ) ( 2400000 2200000 )                           
Number of track patterns: 4                                                     
Number of DEF vias:       0                                                     
Number of components:     223                                                   
Number of terminals:      32                                                    
Number of snets:          2                                                     
Number of nets:           253                                                   
                                                                                
[INFO DRT-0167] List of default vias:                                           
  Layer V1                                                                      
    default via: M1M2_V1                                                        
[INFO DRT-0162] Library cell analysis.                                          
[INFO DRT-0163] Instance analysis.                                              
[INFO DRT-0164] Number of unique instances = 166.                               
[INFO DRT-0168] Init region query.                                              
[INFO DRT-0024]   Complete FR_MASTERSLICE.                                      
[INFO DRT-0024]   Complete Fr_VIA.                                              
[INFO DRT-0024]   Complete M1.                                                  
[INFO DRT-0024]   Complete V1.                                                  
[INFO DRT-0024]   Complete M2.                                                  
[INFO DRT-0033] FR_MASTERSLICE shape region query size = 0.                     
[INFO DRT-0033] FR_VIA shape region query size = 0.                             
[INFO DRT-0033] M1 shape region query size = 1047.                              
[INFO DRT-0033] V1 shape region query size = 3167.                              
[INFO DRT-0033] M2 shape region query size = 776.                               
[INFO DRT-0165] Start pin access.                                               
[INFO DRT-0078]   Complete 901 pins.                                            
[INFO DRT-0079]   Complete 100 unique inst patterns.                            
[INFO DRT-0081]   Complete 166 unique inst patterns.                            
[INFO DRT-0084]   Complete 223 groups.                                          
#scanned instances     = 223                                                    
#unique  instances     = 166                                                    
#stdCellGenAp          = 2787                                                   
#stdCellValidPlanarAp  = 2627                                                   
#stdCellValidViaAp     = 4                                                      
#stdCellPinNoAp        = 0                                                      
#stdCellPinCnt         = 746                                                    
#instTermValidViaApCnt = 0                                                      
#macroGenAp            = 0                                                      
#macroValidPlanarAp    = 0                                                      
#macroValidViaAp       = 0                                                      
#macroNoAp             = 0                                                      
[INFO DRT-0166] Complete pin access.                                            
[INFO DRT-0267] cpu time = 00:00:01, elapsed time = 00:00:00, memory = 86.59    
(MB), peak = 86.59 (MB)                                                         
                                                                                
[INFO DRT-0157] Number of guides:     1074                                      
                                                                                
[INFO DRT-0169] Post process guides.                                            
[INFO DRT-0176] GCELLGRID X 0 DO 29 STEP 81000 ;                                
[INFO DRT-0177] GCELLGRID Y 0 DO 27 STEP 81000 ;                                
[INFO DRT-0028]   Complete FR_MASTERSLICE.                                      
[INFO DRT-0028]   Complete Fr_VIA.                                              
[INFO DRT-0028]   Complete M1.                                                  
[INFO DRT-0028]   Complete V1.                                                  
[INFO DRT-0028]   Complete M2.                                                  
[INFO DRT-0178] Init guide query.                                               
[INFO DRT-0035]   Complete FR_MASTERSLICE (guide).                              
[INFO DRT-0035]   Complete Fr_VIA (guide).                                      
[INFO DRT-0035]   Complete M1 (guide).                                          
[INFO DRT-0035]   Complete V1 (guide).                                          
[INFO DRT-0035]   Complete M2 (guide).                                          
[INFO DRT-0036] FR_MASTERSLICE guide region query size = 0.                     
[INFO DRT-0036] FR_VIA guide region query size = 0.                             
[INFO DRT-0036] M1 guide region query size = 1653.                              
[INFO DRT-0036] V1 guide region query size = 0.                                 
[INFO DRT-0036] M2 guide region query size = 2042.                              
[INFO DRT-0179] Init gr pin query.                                              
[INFO DRT-0267] cpu time = 00:00:00, elapsed time = 00:00:00, memory = 87.88    
(MB), peak = 87.88 (MB)                                                         
[INFO DRT-0245] skipped writing guide updates to database.                      
[INFO DRT-0185] Post process initialize RPin region query.                      
[INFO DRT-0181] Start track assignment.                                         
[INFO DRT-0184] Done with 2042 vertical wires in 1 frboxes and 1653 horizontal  
wires in 1 frboxes.                                                             
[INFO DRT-0186] Done with 270 vertical wires in 1 frboxes and 752 horizontal    
wires in 1 frboxes.                                                             
[INFO DRT-0182] Complete track assignment.                                      
[INFO DRT-0267] cpu time = 00:00:00, elapsed time = 00:00:00, memory = 91.28    
(MB), peak = 91.28 (MB)                                                         
[INFO DRT-0187] Start routing data preparation.                                 
[INFO DRT-0267] cpu time = 00:00:00, elapsed time = 00:00:00, memory = 91.67    
(MB), peak = 91.67 (MB)                                                         
[INFO DRT-0194] Start detail routing.                                           
[INFO DRT-0195] Start 0th optimization iteration.                               
    Completing 10% with 0 violations.                                           
    elapsed time = 00:00:00, memory = 95.38 (MB).                               
    Completing 20% with 0 violations.                                           
    elapsed time = 00:00:00, memory = 95.98 (MB).                               
    Completing 30% with 0 violations.                                           
    elapsed time = 00:00:01, memory = 107.55 (MB).                              
    Completing 40% with 163 violations.                                         
    elapsed time = 00:00:01, memory = 107.25 (MB).                              
    Completing 50% with 163 violations.                                         
    elapsed time = 00:00:01, memory = 89.97 (MB).                               
    Completing 60% with 163 violations.                                         
    elapsed time = 00:00:03, memory = 72.48 (MB).                               
    Completing 70% with 256 violations.                                         
    elapsed time = 00:00:03, memory = 73.98 (MB).                               
    Completing 80% with 256 violations.                                         
    elapsed time = 00:00:05, memory = 76.44 (MB).                               
    Completing 90% with 409 violations.                                         
    elapsed time = 00:00:05, memory = 76.97 (MB).                               
    Completing 100% with 503 violations.                                        
    elapsed time = 00:00:06, memory = 78.48 (MB).                               
[INFO DRT-0199]   Number of violations = 528.                                   
Viol/Layer          M1     V1     M2                                            
Metal Spacing        3      0    317                                            
NS Metal             0      0      9                                            
Recheck             13      0     12                                            
Short                9      2    163                                            
[INFO DRT-0267] cpu time = 00:00:12, elapsed time = 00:00:06, memory = 185.38   
(MB), peak = 206.33 (MB)                                                        
Total wire length = 303587 um.                                                  
Total wire length on LAYER M1 = 139026 um.                                      
Total wire length on LAYER M2 = 164561 um.                                      
Total number of vias = 1092.                                                    
Up-via summary (total 1092):                                                    
                                                                                
-----------------------                                                         
 FR_MASTERSLICE       0                                                         
             M1    1092                                                         
-----------------------                                                         
               1092                                                             
                                                                                
                                                                                
[INFO DRT-0195] Start 1st optimization iteration.                               
    Completing 10% with 528 violations.                                         
    elapsed time = 00:00:00, memory = 185.56 (MB).                              
    Completing 20% with 528 violations.                                         
    elapsed time = 00:00:00, memory = 185.62 (MB).                              
    Completing 30% with 528 violations.                                         
    elapsed time = 00:00:00, memory = 187.34 (MB).                              
    Completing 40% with 504 violations.                                         
    elapsed time = 00:00:01, memory = 185.70 (MB).                              
    Completing 50% with 504 violations.                                         
    elapsed time = 00:00:01, memory = 186.59 (MB).                              
    Completing 60% with 504 violations.                                         
    elapsed time = 00:00:04, memory = 177.56 (MB).                              
    Completing 70% with 424 violations.                                         
    elapsed time = 00:00:04, memory = 180.30 (MB).                              
    Completing 80% with 424 violations.                                         
    elapsed time = 00:00:04, memory = 181.80 (MB).                              
    Completing 90% with 371 violations.                                         
    elapsed time = 00:00:05, memory = 182.23 (MB).                              
    Completing 100% with 321 violations.                                        
    elapsed time = 00:00:05, memory = 182.27 (MB).                              
[INFO DRT-0199]   Number of violations = 321.                                   
Viol/Layer          M1     M2                                                   
Metal Spacing        0    234                                                   
NS Metal             0     10                                                   
Short                5     72                                                   
[INFO DRT-0267] cpu time = 00:00:09, elapsed time = 00:00:05, memory = 191.39   
(MB), peak = 215.28 (MB)                                                        
Total wire length = 301560 um.                                                  
Total wire length on LAYER M1 = 138533 um.                                      
Total wire length on LAYER M2 = 163027 um.                                      
Total number of vias = 1110.                                                    
Up-via summary (total 1110):                                                    
                                                                                
-----------------------                                                         
 FR_MASTERSLICE       0                                                         
             M1    1110                                                         
-----------------------                                                         
               1110                                                             
                                                                                
                                                                                
[INFO DRT-0195] Start 2nd optimization iteration.                               
    Completing 10% with 321 violations.                                         
    elapsed time = 00:00:00, memory = 191.39 (MB).                              
    Completing 20% with 321 violations.                                         
    elapsed time = 00:00:00, memory = 191.39 (MB).                              
    Completing 30% with 321 violations.                                         
    elapsed time = 00:00:00, memory = 191.44 (MB).                              
    Completing 40% with 289 violations.                                         
    elapsed time = 00:00:01, memory = 170.84 (MB).                              
    Completing 50% with 289 violations.                                         
    elapsed time = 00:00:01, memory = 167.89 (MB).                              
    Completing 60% with 289 violations.                                         
    elapsed time = 00:00:03, memory = 165.38 (MB).                              
    Completing 70% with 262 violations.                                         
    elapsed time = 00:00:03, memory = 165.39 (MB).                              
    Completing 80% with 262 violations.                                         
    elapsed time = 00:00:03, memory = 165.42 (MB).                              
    Completing 90% with 239 violations.                                         
    elapsed time = 00:00:05, memory = 165.17 (MB).                              
    Completing 100% with 226 violations.                                        
    elapsed time = 00:00:06, memory = 134.17 (MB).                              
[INFO DRT-0199]   Number of violations = 226.                                   
Viol/Layer          M1     M2                                                   
Metal Spacing        0    187                                                   
NS Metal             0      5                                                   
Short                2     32                                                   
[INFO DRT-0267] cpu time = 00:00:10, elapsed time = 00:00:06, memory = 216.47   
(MB), peak = 217.00 (MB)                                                        
Total wire length = 300682 um.                                                  
Total wire length on LAYER M1 = 138132 um.                                      
Total wire length on LAYER M2 = 162550 um.                                      
Total number of vias = 1069.                                                    
Up-via summary (total 1069):                                                    
                                                                                
-----------------------                                                         
 FR_MASTERSLICE       0                                                         
             M1    1069                                                         
-----------------------                                                         
               1069                                                             
                                                                                
                                                                                
[INFO DRT-0195] Start 3rd optimization iteration.                               
    Completing 10% with 226 violations.                                         
    elapsed time = 00:00:00, memory = 216.50 (MB).                              
    Completing 20% with 226 violations.                                         
    elapsed time = 00:00:00, memory = 216.52 (MB).                              
    Completing 30% with 226 violations.                                         
    elapsed time = 00:00:00, memory = 216.64 (MB).                              
    Completing 40% with 170 violations.                                         
    elapsed time = 00:00:00, memory = 216.64 (MB).                              
    Completing 50% with 170 violations.                                         
    elapsed time = 00:00:00, memory = 216.64 (MB).                              
    Completing 60% with 170 violations.                                         
    elapsed time = 00:00:00, memory = 216.73 (MB).                              
    Completing 70% with 127 violations.                                         
    elapsed time = 00:00:00, memory = 216.83 (MB).                              
    Completing 80% with 127 violations.                                         
    elapsed time = 00:00:00, memory = 216.19 (MB).                              
    Completing 90% with 50 violations.                                          
    elapsed time = 00:00:00, memory = 216.22 (MB).                              
    Completing 100% with 17 violations.                                         
    elapsed time = 00:00:00, memory = 216.22 (MB).                              
[INFO DRT-0199]   Number of violations = 17.                                    
Viol/Layer          M2                                                          
Metal Spacing       13                                                          
NS Metal             4                                                          
[INFO DRT-0267] cpu time = 00:00:01, elapsed time = 00:00:00, memory = 216.28   
(MB), peak = 217.00 (MB)                                                        
Total wire length = 301733 um.                                                  
Total wire length on LAYER M1 = 139690 um.                                      
Total wire length on LAYER M2 = 162043 um.                                      
Total number of vias = 1128.                                                    
Up-via summary (total 1128):                                                    
                                                                                
-----------------------                                                         
 FR_MASTERSLICE       0                                                         
             M1    1128                                                         
-----------------------                                                         
               1128                                                             
                                                                                
                                                                                
[INFO DRT-0195] Start 4th guides tiles iteration.                               
    Completing 10% with 17 violations.                                          
    elapsed time = 00:00:00, memory = 216.34 (MB).                              
    Completing 30% with 17 violations.                                          
    elapsed time = 00:00:00, memory = 216.34 (MB).                              
    Completing 50% with 17 violations.                                          
    elapsed time = 00:00:00, memory = 216.34 (MB).                              
    Completing 60% with 1 violations.                                           
    elapsed time = 00:00:00, memory = 216.34 (MB).                              
    Completing 80% with 1 violations.                                           
    elapsed time = 00:00:00, memory = 216.34 (MB).                              
    Completing 100% with 0 violations.                                          
    elapsed time = 00:00:00, memory = 216.34 (MB).                              
[INFO DRT-0199]   Number of violations = 0.                                     
[INFO DRT-0267] cpu time = 00:00:00, elapsed time = 00:00:00, memory = 216.34   
(MB), peak = 217.00 (MB)                                                        
Total wire length = 301691 um.                                                  
Total wire length on LAYER M1 = 139771 um.                                      
Total wire length on LAYER M2 = 161920 um.                                      
Total number of vias = 1130.                                                    
Up-via summary (total 1130):                                                    
                                                                                
-----------------------                                                         
 FR_MASTERSLICE       0                                                         
             M1    1130                                                         
-----------------------                                                         
               1130                                                             
                                                                                
                                                                                
[INFO DRT-0198] Complete detail routing.                                        
Total wire length = 301691 um.                                                  
Total wire length on LAYER M1 = 139771 um.                                      
Total wire length on LAYER M2 = 161920 um.                                      
Total number of vias = 1130.                                                    
Up-via summary (total 1130):                                                    
                                                                                
-----------------------                                                         
 FR_MASTERSLICE       0                                                         
             M1    1130                                                         
-----------------------                                                         
               1130                                                             
                                                                                
                                                                                
[INFO DRT-0267] cpu time = 00:00:34, elapsed time = 00:00:20, memory = 216.34   
(MB), peak = 217.00 (MB)                                                        
                                                                                
[INFO DRT-0180] Post processing.                                                
+ check_antennas                                                                
[INFO ANT-0002] Found 0 net violations.                                         
[INFO ANT-0001] Found 0 pin violations.                                         
Setting global connections for newly added cells…                               
[INFO] Setting global connections...                                            
[INFO ODB-0403] 0 connections made, 0 conflicts skipped.                        
Updating metrics…                                                               
Cell type report:                       Count       Area                        
  Inverter                                 11   24199.56                        
  Sequential cell                          10   76053.60                        
  Multi-Input combinational cell          202  501424.56                        
  Total                                   223  601677.72                        
Writing OpenROAD database to                                                    
'/Users/yanlu/Documents/TR-1um/flow/designs/tr1um_alu8/runs/triage-alu8/39-openr
oad-detailedrouting/tr1um_alu8.odb'…                                            
Writing netlist to                                                              
'/Users/yanlu/Documents/TR-1um/flow/designs/tr1um_alu8/runs/triage-alu8/39-openr
oad-detailedrouting/tr1um_alu8.nl.v'…                                           
Writing powered netlist to                                                      
'/Users/yanlu/Documents/TR-1um/flow/designs/tr1um_alu8/runs/triage-alu8/39-openr
oad-detailedrouting/tr1um_alu8.pnl.v'…                                          
Writing layout to                                                               
'/Users/yanlu/Documents/TR-1um/flow/designs/tr1um_alu8/runs/triage-alu8/39-openr
oad-detailedrouting/tr1um_alu8.def'…                                            
Writing timing constraints to                                                   
'/Users/yanlu/Documents/TR-1um/flow/designs/tr1um_alu8/runs/triage-alu8/39-openr
oad-detailedrouting/tr1um_alu8.sdc'…                                            
[INFO] Applying explicit GND special route                                      
Setting global connections for newly added cells…                               
[INFO] Setting global connections...                                            
[INFO ODB-0403] 0 connections made, 0 conflicts skipped.                        
Updating metrics…                                                               
Cell type report:                       Count       Area                        
  Inverter                                 11   24199.56                        
  Sequential cell                          10   76053.60                        
  Multi-Input combinational cell          202  501424.56                        
  Total                                   223  601677.72                        
Writing OpenROAD database to                                                    
'/Users/yanlu/Documents/TR-1um/flow/designs/tr1um_alu8/runs/triage-alu8/39-openr
oad-detailedrouting/tr1um_alu8.odb'…                                            
Writing netlist to                                                              
'/Users/yanlu/Documents/TR-1um/flow/designs/tr1um_alu8/runs/triage-alu8/39-openr
oad-detailedrouting/tr1um_alu8.nl.v'…                                           
Writing powered netlist to                                                      
'/Users/yanlu/Documents/TR-1um/flow/designs/tr1um_alu8/runs/triage-alu8/39-openr
oad-detailedrouting/tr1um_alu8.pnl.v'…                                          
Writing layout to                                                               
'/Users/yanlu/Documents/TR-1um/flow/designs/tr1um_alu8/runs/triage-alu8/39-openr
oad-detailedrouting/tr1um_alu8.def'…                                            
Writing timing constraints to                                                   
'/Users/yanlu/Documents/TR-1um/flow/designs/tr1um_alu8/runs/triage-alu8/39-openr
oad-detailedrouting/tr1um_alu8.sdc'…                                            
───────────────────────────── Remove Obstructions ──────────────────────────────
[17:05:16] VERBOSE  Running 'Odb.RemoveRoutingObstructions' at      step.py:1138
                    'runs/triage-alu8/40-odb-removeroutingobstructi             
                    ons'…                                                       
[17:05:16] INFO     'ROUTING_OBSTRUCTIONS' is not defined. Skipping   odb.py:589
                    'Odb.RemoveRoutingObstructions'…                            
──────────────────────────────── Check Antennas ────────────────────────────────
[17:05:16] VERBOSE  Running 'OpenROAD.CheckAntennas-1' at           step.py:1138
                    'runs/triage-alu8/41-openroad-checkantennas-1'…             
[17:05:16] VERBOSE  Logging subprocess to                           step.py:1338
                    'runs/triage-alu8/41-openroad-checkantennas-1/o             
                    penroad-checkantennas-1.log'…                               
Reading timing models for corner nom_typ_5p0V_25C…                              
Reading timing library for the 'nom_typ_5p0V_25C' corner at                     
'/Users/yanlu/Documents/TR-1um/flow/pdk_root/TR-1um/libs.ref/TR-1um_stdcell_acce
ss/lib/TR-1um_stdcell_access_typ_5p0V_25C.lib'…                                 
Reading OpenROAD database at                                                    
'/Users/yanlu/Documents/TR-1um/flow/designs/tr1um_alu8/runs/triage-alu8/39-openr
oad-detailedrouting/tr1um_alu8.odb'…                                            
Reading design constraints file at                                              
'/Users/yanlu/Documents/TR-1um/flow/designs/tr1um_alu8/constraints.sdc'…        
[17:05:16] WARNING  [STA-0441] set_input_delay relative to a     openroad.py:314
                    clock defined on the same port/pin not                      
                    allowed.                                                    
[INFO] No information on clock propagation in input SDC file-- propagating all  
clocks.                                                                         
───────────────────────── Routing Design Rule Checker ──────────────────────────
[17:05:17] VERBOSE  Running 'Checker.TrDRC' at                      step.py:1138
                    'runs/triage-alu8/42-checker-trdrc'…                        
[17:05:17] INFO     Check for Routing DRC errors clear.           checker.py:131
─────────────────────────── Report Disconnected Pins ───────────────────────────
[17:05:17] VERBOSE  Running 'Odb.ReportDisconnectedPins' at         step.py:1138
                    'runs/triage-alu8/43-odb-reportdisconnectedpins             
                    '…                                                          
[17:05:17] VERBOSE  Logging subprocess to                           step.py:1338
                    'runs/triage-alu8/43-odb-reportdisconnectedpins             
                    /odb-reportdisconnectedpins.log'…                           
Found 0 disconnected pin(s), of which 0 are critical.                           
────────────────────────── Disconnected Pins Checker ───────────────────────────
[17:05:17] VERBOSE  Running 'Checker.DisconnectedPins' at           step.py:1138
                    'runs/triage-alu8/44-checker-disconnectedpins'…             
[17:05:17] INFO     Check for critical disconnected pins clear.   checker.py:131
────────────────────────────── Report Wire Length ──────────────────────────────
[17:05:17] VERBOSE  Running 'Odb.ReportWireLength' at               step.py:1138
                    'runs/triage-alu8/45-odb-reportwirelength'…                 
[17:05:17] VERBOSE  Logging subprocess to                           step.py:1338
                    'runs/triage-alu8/45-odb-reportwirelength/odb-r             
                    eportwirelength.log'…                                       
──────────────────────── Wire Length Threshold Checker ─────────────────────────
[17:05:18] VERBOSE  Running 'Checker.WireLength' at                 step.py:1138
                    'runs/triage-alu8/46-checker-wirelength'…                   
[17:05:18] WARNING  Threshold for Threshold-surpassing long wires checker.py:108
                    is not set. The checker will be skipped.                    
[17:05:18] INFO     Gating variable for step                   sequential.py:362
                    'OpenROAD.FillInsertion' set to 'False'-                    
                    the step will be skipped.                                   
[17:05:18] INFO     Skipping step 'Fill Insertion'…            sequential.py:370
──────────────────────── Generate Cell Frequency Tables ────────────────────────
[17:05:18] VERBOSE  Running 'Odb.CellFrequencyTables' at            step.py:1138
                    'runs/triage-alu8/47-odb-cellfrequencytables'…              
[17:05:18] VERBOSE  Logging subprocess to                           step.py:1338
                    'runs/triage-alu8/47-odb-cellfrequencytables/bu             
                    ffer_list.txt'…                                             
BUF_X1                                                                          
BUF_X12                                                                         
BUF_X16                                                                         
BUF_X2                                                                          
BUF_X4                                                                          
BUF_X8                                                                          
CLKBUF_X1                                                                       
CLKBUF_X12                                                                      
CLKBUF_X16                                                                      
CLKBUF_X2                                                                       
CLKBUF_X4                                                                       
CLKBUF_X8                                                                       
DEL1                                                                            
DEL2                                                                            
DEL4                                                                            
[17:05:18] VERBOSE  Logging subprocess to                           step.py:1338
                    'runs/triage-alu8/47-odb-cellfrequencytables/od             
                    b-cellfrequencytables.log'…                                 
                                Cells by Master                                 
┏━━━━━━━━━━━━━━━━━━━━━━━━━━━━━━━━━━━━━━━━━━━━┳━━━━━━━━━━━━━━━━━━━━━━━━━━━━━━━━━┓
┃ Cell                                       ┃ Count                           ┃
┡━━━━━━━━━━━━━━━━━━━━━━━━━━━━━━━━━━━━━━━━━━━━╇━━━━━━━━━━━━━━━━━━━━━━━━━━━━━━━━━┩
│ AND2_X1                                    │ 13                              │
│ AND3_X1                                    │ 6                               │
│ AND4_X1                                    │ 2                               │
│ DFFR                                       │ 9                               │
│ DFFS                                       │ 1                               │
│ INV_X1                                     │ 11                              │
│ NAND2                                      │ 60                              │
│ NAND3                                      │ 17                              │
│ NAND4                                      │ 5                               │
│ NOR2                                       │ 51                              │
│ NOR3                                       │ 13                              │
│ NOR4                                       │ 4                               │
│ OR2                                        │ 11                              │
│ OR3                                        │ 6                               │
│ OR4                                        │ 3                               │
│ TIELO                                      │ 1                               │
│ XNOR2                                      │ 4                               │
│ XOR2                                       │ 6                               │
└────────────────────────────────────────────┴─────────────────────────────────┘
                               Cells by Function                                
┏━━━━━━━━━━━━━━━━━━━━━━━━━━━━━━━━━━━━━━━━━━━━━━━━━━━━━┳━━━━━━━━━━━━━━━━━━━━━━━━┓
┃ Cell Function                                       ┃ Count                  ┃
┡━━━━━━━━━━━━━━━━━━━━━━━━━━━━━━━━━━━━━━━━━━━━━━━━━━━━━╇━━━━━━━━━━━━━━━━━━━━━━━━┩
└─────────────────────────────────────────────────────┴────────────────────────┘
                                  Cells by SCL                                  
┏━━━━━━━━━━━━━━━━━━━━━━━━━━━━━━━━━┳━━━━━━━━━━━━━━━━━━━━━━━━━━━━━━━━━━━━━━━━━━━━┓
┃ SCL                             ┃ Count                                      ┃
┡━━━━━━━━━━━━━━━━━━━━━━━━━━━━━━━━━╇━━━━━━━━━━━━━━━━━━━━━━━━━━━━━━━━━━━━━━━━━━━━┩
└─────────────────────────────────┴────────────────────────────────────────────┘
                             Buffers by Cell Master                             
┏━━━━━━━━━━━━━━━━━━━━━━━━━━━━━━━━━━━━━━━━━━┳━━━━━━━━━━━━━━━━━━━━━━━━━━━━━━━━━━━┓
┃ Buffer                                   ┃ Count                             ┃
┡━━━━━━━━━━━━━━━━━━━━━━━━━━━━━━━━━━━━━━━━━━╇━━━━━━━━━━━━━━━━━━━━━━━━━━━━━━━━━━━┩
└──────────────────────────────────────────┴───────────────────────────────────┘
───────────────── Parasitic Resistance/Capacitance Extraction ──────────────────
[17:05:19] VERBOSE  Running 'OpenROAD.RCX' at                       step.py:1138
                    'runs/triage-alu8/48-openroad-rcx'…                         
[17:05:19] INFO     Running RCX for corners matching *          openroad.py:2159
                    (/Users/yanlu/Documents/TR-1um/flow/designs                 
                    /tr1um_alu8/runs/triage-alu8/48-openroad-rc                 
                    x/rcx.log)…                                                 
[17:05:19] VERBOSE  Logging subprocess to                           step.py:1338
                    'runs/triage-alu8/48-openroad-rcx/rcx.log'…                 
[17:05:24] INFO     Finished RCX for corners matching *.        openroad.py:2168
[17:05:24] INFO     Gating variable for step                   sequential.py:362
                    'OpenROAD.STAPostPNR' set to 'False'- the                   
                    step will be skipped.                                       
[17:05:24] INFO     Skipping step 'STA (Post-PnR)'…            sequential.py:370
────────────────────────── GDSII Stream Out (KLayout) ──────────────────────────
[17:05:24] VERBOSE  Running 'KLayout.StreamOut' at                  step.py:1138
                    'runs/triage-alu8/49-klayout-streamout'…                    
[17:05:24] VERBOSE  Logging subprocess to                           step.py:1338
                    'runs/triage-alu8/49-klayout-streamout/klayout-             
                    streamout.log'…                                             
Warning: No mapping for layer 'V1', purpose 'LEFOBS' - layer is ignored         
(line=40, cell=, file=tr1um_alu8.def)                                           
[INFO] Clearing cells…                                                          
[INFO] Merging GDS files…                                                       
[INFO] Copying top level cell 'tr1um_alu8'…                                     
[INFO] Checking for missing GDS…                                                
[INFO] All LEF cells have matching GDS cells.                                   
[INFO] Writing out GDS                                                          
'/Users/yanlu/Documents/TR-1um/flow/designs/tr1um_alu8/runs/triage-alu8/49-klayo
ut-streamout/tr1um_alu8.klayout.gds'…                                           
[INFO] Done.                                                                    
────────────────────────── Render Image (w/ KLayout) ───────────────────────────
[17:05:25] VERBOSE  Running 'KLayout.Render' at                     step.py:1138
                    'runs/triage-alu8/50-klayout-render'…                       
[17:05:25] VERBOSE  Logging subprocess to                           step.py:1338
                    'runs/triage-alu8/50-klayout-render/klayout-ren             
                    der.log'…                                                   
───────────────────────── Design Rule Check (KLayout) ──────────────────────────
[17:05:26] VERBOSE  Running 'KLayout.DRC' at                        step.py:1138
                    'runs/triage-alu8/51-klayout-drc'…                          
[17:05:26] INFO     Running KLayout DRC with 6 threads…           klayout.py:565
[17:05:26] VERBOSE  Logging subprocess to                           step.py:1338
                    'runs/triage-alu8/51-klayout-drc/klayout-drc.lo             
                    g'…                                                         
[17:05:28] VERBOSE  Logging subprocess to                           step.py:1338
                    'runs/triage-alu8/51-klayout-drc/xml_drc_report             
                    _to_json.log'…                                              
───────────────────────── KLayout Design Rule Checker ──────────────────────────
[17:05:29] VERBOSE  Running 'Checker.KLayoutDRC' at                 step.py:1138
                    'runs/triage-alu8/52-checker-klayoutdrc'…                   
[17:05:29] WARNING  177 KLayout DRC errors found.                 checker.py:122
[17:05:29] INFO     Gating variable for step 'Yosys.EQY' set   sequential.py:362
                    to 'False'- the step will be skipped.                       
[17:05:29] INFO     Skipping step 'Equivalence Check'…         sequential.py:370
─────────────────────── Setup Timing Violations Checker ────────────────────────
[17:05:29] VERBOSE  Running 'Checker.SetupViolations' at            step.py:1138
                    'runs/triage-alu8/53-checker-setupviolations'…              
[17:05:29] VERBOSE  No setup violations found                     checker.py:628
──────────────────────── Hold Timing Violations Checker ────────────────────────
[17:05:29] VERBOSE  Running 'Checker.HoldViolations' at             step.py:1138
                    'runs/triage-alu8/54-checker-holdviolations'…               
[17:05:29] VERBOSE  No hold violations found                      checker.py:628
─────────────────────── Maximum Slew Violations Checker ────────────────────────
[17:05:29] VERBOSE  Running 'Checker.MaxSlewViolations' at          step.py:1138
                    'runs/triage-alu8/55-checker-maxslewviolations'             
                    …                                                           
[17:05:29] VERBOSE  No max slew violations found                  checker.py:628
──────────────────── Maximum Capacitance Violations Checker ────────────────────
[17:05:29] VERBOSE  Running 'Checker.MaxCapViolations' at           step.py:1138
                    'runs/triage-alu8/56-checker-maxcapviolations'…             
[17:05:29] VERBOSE  No max cap violations found                   checker.py:628
───────────────── Report Manufacturability (DRC, LVS, Antenna) ─────────────────
[17:05:29] VERBOSE  Running 'Misc.ReportManufacturability' at       step.py:1138
                    'runs/triage-alu8/57-misc-reportmanufacturabili             
                    ty'…                                                        
[17:05:29] WARNING  'design__lvs_error__count' not reported.          misc.py:84
                    Netgen.LVS may have been skipped.                           
[17:05:29] WARNING  magic__drc_error__count not reported. Magic.DRC  misc.py:110
                    may have been skipped.                                      
* Antenna
Passed ✅

* LVS
N/A

* DRC
Failed 𐄂
KLayout DRC errors: 177
Magic DRC errors: N/A
Check the report directories of KLayout.DRC and Magic.DRC.

[17:05:29] INFO     Saving views to                                 state.py:209
                    '/Users/yanlu/Documents/TR-1um/flow/designs/tr1             
                    um_alu8/runs/triage-alu8/final'…                            
[17:05:29] INFO     Flow complete.                             sequential.py:413
Classic' - Stage 67 - Report Manufacturability ━━━━━━━━━━━━━━━━━━━ 67/67 0:00:40

[17:05:29] WARNING  The following warnings were generated by the     flow.py:699
                    flow:                                                       
[17:05:29] WARNING  [Checker.LintWarnings] 2 Lint warnings found.    flow.py:701
[17:05:29] WARNING  [OpenROAD.Floorplan] [STA-0441] set_input_delay  flow.py:701
                    relative to a clock defined on the same port/pin            
                    not allowed. (and 13 similar warnings)                      
[17:05:29] WARNING  [Checker.PowerGridViolations] The power grid     flow.py:701
                    violations (as reported by OpenROAD PSM- you may            
                    ignore these if LVS passes) metric was not                  
                    found. Are you sure the relevant step was run?              
[17:05:29] WARNING  [OpenROAD.GlobalRouting] [GRT-0115] Global       flow.py:701
                    routing finished with congestion. Check the                 
                    congestion regions in the DRC Viewer.                       
[17:05:29] WARNING  [Checker.WireLength] Threshold for               flow.py:701
                    Threshold-surpassing long wires is not set. The             
                    checker will be skipped.                                    
[17:05:29] WARNING  [Checker.KLayoutDRC] 177 KLayout DRC errors      flow.py:701
                    found.                                                      
[17:05:29] WARNING  [Misc.ReportManufacturability]                   flow.py:701
                    'design__lvs_error__count' not reported.                    
                    Netgen.LVS may have been skipped.                           
[17:05:29] WARNING  [Misc.ReportManufacturability]                   flow.py:701
                    magic__drc_error__count not reported. Magic.DRC             
                    may have been skipped.                                      
+ /Users/yanlu/Documents/TR-1um/flow/run_digital_core_flow.sh /Users/yanlu/Documents/TR-1um/flow/designs/tr1um_alu8/runs/triage-alu8 tr1um_alu8
+ python3 /Users/yanlu/Documents/TR-1um/flow/scripts/signoff/extract_child_library.py /Users/yanlu/Documents/TR-1um/flow/designs/tr1um_alu8/runs/triage-alu8/final/gds/tr1um_alu8.gds tr1um_alu8 /Users/yanlu/Documents/TR-1um/flow/designs/tr1um_alu8/runs/triage-alu8/connected_power/TR-1um_known_good_cells.gds
+ python3 /Users/yanlu/Documents/TR-1um/flow/scripts/signoff/make_conservative_tech_lef.py /Users/yanlu/Documents/TR-1um/flow/pdk_root/TR-1um/libs.ref/TR-1um_stdcell_access/lef/TR-1um_tech.lef /Users/yanlu/Documents/TR-1um/flow/designs/tr1um_alu8/runs/triage-alu8/connected_power/TR-1um_core_tech.lef
wrote /Users/yanlu/Documents/TR-1um/flow/designs/tr1um_alu8/runs/triage-alu8/connected_power/TR-1um_core_tech.lef: route-only M2 spacing 2.1um
+ python3 /Users/yanlu/Documents/TR-1um/flow/scripts/signoff/make_routing_obstructions.py /Users/yanlu/Documents/TR-1um/flow/pdk_root/TR-1um/libs.ref/TR-1um_stdcell_access_power/lef/TR-1um_access_cells_signal_power.lef /Users/yanlu/Documents/TR-1um/flow/designs/tr1um_alu8/runs/triage-alu8/connected_power/TR-1um_core_routing.lef
+ POWER_ARGS=()
+ [[ -f /Users/yanlu/Documents/TR-1um/flow/designs/tr1um_alu8/power_channels.json ]]
+ python3 /Users/yanlu/Documents/TR-1um/flow/scripts/signoff/add_channel_power.py /Users/yanlu/Documents/TR-1um/flow/designs/tr1um_alu8/runs/triage-alu8/31-openroad-detailedplacement/tr1um_alu8.def /Users/yanlu/Documents/TR-1um/flow/designs/tr1um_alu8/runs/triage-alu8/connected_power/tr1um_alu8.placed_power.def /Users/yanlu/Documents/TR-1um/flow/pdk_root/TR-1um/libs.ref/TR-1um_stdcell_access/lef/TR-1um_access_cells.lef
wrote /Users/yanlu/Documents/TR-1um/flow/designs/tr1um_alu8/runs/triage-alu8/connected_power/tr1um_alu8.placed_power.def: 13 rows, channel buses, left GND trunk, right VDD trunk
+ export CORE_TECH_LEF=/Users/yanlu/Documents/TR-1um/flow/designs/tr1um_alu8/runs/triage-alu8/connected_power/TR-1um_core_tech.lef
+ CORE_TECH_LEF=/Users/yanlu/Documents/TR-1um/flow/designs/tr1um_alu8/runs/triage-alu8/connected_power/TR-1um_core_tech.lef
+ export CORE_CELL_LEF=/Users/yanlu/Documents/TR-1um/flow/designs/tr1um_alu8/runs/triage-alu8/connected_power/TR-1um_core_routing.lef
+ CORE_CELL_LEF=/Users/yanlu/Documents/TR-1um/flow/designs/tr1um_alu8/runs/triage-alu8/connected_power/TR-1um_core_routing.lef
+ export CORE_INPUT_DEF=/Users/yanlu/Documents/TR-1um/flow/designs/tr1um_alu8/runs/triage-alu8/connected_power/tr1um_alu8.placed_power.def
+ CORE_INPUT_DEF=/Users/yanlu/Documents/TR-1um/flow/designs/tr1um_alu8/runs/triage-alu8/connected_power/tr1um_alu8.placed_power.def
+ export CORE_OUTPUT_DEF=/Users/yanlu/Documents/TR-1um/flow/designs/tr1um_alu8/runs/triage-alu8/connected_power/tr1um_alu8.connected_power.def
+ CORE_OUTPUT_DEF=/Users/yanlu/Documents/TR-1um/flow/designs/tr1um_alu8/runs/triage-alu8/connected_power/tr1um_alu8.connected_power.def
+ export CORE_OUTPUT_ODB=/Users/yanlu/Documents/TR-1um/flow/designs/tr1um_alu8/runs/triage-alu8/connected_power/tr1um_alu8.connected_power.odb
+ CORE_OUTPUT_ODB=/Users/yanlu/Documents/TR-1um/flow/designs/tr1um_alu8/runs/triage-alu8/connected_power/tr1um_alu8.connected_power.odb
+ export CORE_OUTPUT_LEF=/Users/yanlu/Documents/TR-1um/flow/designs/tr1um_alu8/runs/triage-alu8/connected_power/tr1um_alu8.macro.lef
+ CORE_OUTPUT_LEF=/Users/yanlu/Documents/TR-1um/flow/designs/tr1um_alu8/runs/triage-alu8/connected_power/tr1um_alu8.macro.lef
+ export CORE_GUIDES=/Users/yanlu/Documents/TR-1um/flow/designs/tr1um_alu8/runs/triage-alu8/connected_power/tr1um_alu8.connected_power.guide
+ CORE_GUIDES=/Users/yanlu/Documents/TR-1um/flow/designs/tr1um_alu8/runs/triage-alu8/connected_power/tr1um_alu8.connected_power.guide
+ export CORE_DRC=/Users/yanlu/Documents/TR-1um/flow/designs/tr1um_alu8/runs/triage-alu8/connected_power/openroad_detailed_route.drc
+ CORE_DRC=/Users/yanlu/Documents/TR-1um/flow/designs/tr1um_alu8/runs/triage-alu8/connected_power/openroad_detailed_route.drc
+ [[ -z '' ]]
+ [[ -f /Users/yanlu/Documents/TR-1um/flow/designs/tr1um_alu8/route_options.json ]]
+ openroad -exit /Users/yanlu/Documents/TR-1um/flow/scripts/signoff/route_digital_core.tcl
+ tee /Users/yanlu/Documents/TR-1um/flow/designs/tr1um_alu8/runs/triage-alu8/connected_power/openroad.log
OpenROAD dcf36133a369abc8f3c5e5738cd4d82e4903c0e0 
Features included (+) or not (-): +GPU +GUI +Python
This program is licensed under the BSD-3 license. See the LICENSE file for details.
Components of this program may be licensed under more restrictive licenses which must be honored.
[INFO ODB-0227] LEF file: /Users/yanlu/Documents/TR-1um/flow/designs/tr1um_alu8/runs/triage-alu8/connected_power/TR-1um_core_tech.lef, created 3 layers, 1 vias
[WARNING ODB-0220] WARNING (LEFPARS-2039): A SITE statement is defined before ORIGIN statement.
To avoid this warning in the future, define SITE after ORIGIN See file /Users/yanlu/Documents/TR-1um/flow/designs/tr1um_alu8/runs/triage-alu8/connected_power/TR-1um_core_routing.lef at line 2659.

[WARNING ODB-0220] WARNING (LEFPARS-2039): A SITE statement is defined before ORIGIN statement.
To avoid this warning in the future, define SITE after ORIGIN See file /Users/yanlu/Documents/TR-1um/flow/designs/tr1um_alu8/runs/triage-alu8/connected_power/TR-1um_core_routing.lef at line 2693.

[INFO ODB-0227] LEF file: /Users/yanlu/Documents/TR-1um/flow/designs/tr1um_alu8/runs/triage-alu8/connected_power/TR-1um_core_routing.lef, created 40 library cells
[INFO ODB-0127] Reading DEF file: /Users/yanlu/Documents/TR-1um/flow/designs/tr1um_alu8/runs/triage-alu8/connected_power/tr1um_alu8.placed_power.def
[INFO ODB-0128] Design: tr1um_alu8
[INFO ODB-0130]     Created 32 pins.
[INFO ODB-0131]     Created 223 components and 1192 component-terminals.
[INFO ODB-0132]     Created 2 special nets and 446 connections.
[INFO ODB-0133]     Created 253 nets and 746 connections.
[INFO ODB-0134] Finished DEF file: /Users/yanlu/Documents/TR-1um/flow/designs/tr1um_alu8/runs/triage-alu8/connected_power/tr1um_alu8.placed_power.def
[WARNING GRT-0300] Timing is not available, setting critical nets percentage to 0.
[INFO GRT-0020] Min routing layer: M1
[INFO GRT-0021] Max routing layer: M2
[INFO GRT-0022] Global adjustment: 0%
[INFO GRT-0023] Grid origin: (0, 0)
[INFO GRT-0088] Layer M1      Track-Pitch = 5.4000  line-2-Via Pitch: 4.0000
[INFO GRT-0088] Layer M2      Track-Pitch = 5.4000  line-2-Via Pitch: 5.3000
[INFO GRT-0003] Macros: 0
[INFO GRT-0004] Blockages: 1721
[INFO GRT-0019] Found 0 clock nets.
[INFO GRT-0001] Minimum degree: 2
[INFO GRT-0002] Maximum degree: 12

[INFO GRT-0053] Routing resources analysis:
          Routing      Original      Derated      Resource
Layer     Direction    Resources     Resources    Reduction (%)
---------------------------------------------------------------
M1         Horizontal       7666          4984          34.99%
M2         Vertical        10706          7136          33.35%
---------------------------------------------------------------

[INFO GRT-0197] Via related to pin nodes: 11
[INFO GRT-0198] Via related Steiner nodes: 0
[INFO GRT-0199] Via filling finished.
[INFO GRT-0111] Final number of vias: 46
[INFO GRT-0112] Final usage 3D: 3781

[INFO GRT-0096] Final congestion report:
Layer         Resource        Demand        Usage (%)    Max H / Max V / Total Overflow
---------------------------------------------------------------------------------------
M1                4984           124            2.49%             0 /  0 /  0
M2                7136          3519           49.31%            10 /  1 / 1637
---------------------------------------------------------------------------------------
Total            12120          3643           30.06%            10 /  1 / 1637

[INFO GRT-0018] Total wirelength: 378999 um
[INFO GRT-0014] Routed nets: 243
[WARNING GRT-0115] Global routing finished with congestion. Check the congestion regions in the DRC Viewer.
[INFO GRT-0303] Global routing runtime = 00:00:00
[INFO DRT-0149] Reading tech and libs.

Units:                1000
Number of layers:     5
Number of macros:     40
Number of vias:       1
Number of viarulegen: 0

[INFO DRT-0150] Reading design.

Design:                   tr1um_alu8
Die area:                 ( 0 0 ) ( 2400000 2200000 )
Number of track patterns: 4
Number of DEF vias:       0
Number of components:     223
Number of terminals:      32
Number of snets:          2
Number of nets:           253

[INFO DRT-0167] List of default vias:
  Layer V1
    default via: M1M2_V1
[INFO DRT-0162] Library cell analysis.
[INFO DRT-0163] Instance analysis.
[INFO DRT-0164] Number of unique instances = 166.
[INFO DRT-0168] Init region query.
[INFO DRT-0024]   Complete FR_MASTERSLICE.
[INFO DRT-0024]   Complete Fr_VIA.
[INFO DRT-0024]   Complete M1.
[INFO DRT-0024]   Complete V1.
[INFO DRT-0024]   Complete M2.
[INFO DRT-0033] FR_MASTERSLICE shape region query size = 0.
[INFO DRT-0033] FR_VIA shape region query size = 0.
[INFO DRT-0033] M1 shape region query size = 2259.
[INFO DRT-0033] V1 shape region query size = 1077.
[INFO DRT-0033] M2 shape region query size = 998.
[INFO DRT-0165] Start pin access.
[INFO DRT-0078]   Complete 901 pins.
[INFO DRT-0079]   Complete 100 unique inst patterns.
[INFO DRT-0081]   Complete 166 unique inst patterns.
[INFO DRT-0084]   Complete 223 groups.
#scanned instances     = 223
#unique  instances     = 166
#stdCellGenAp          = 2794
#stdCellValidPlanarAp  = 2550
#stdCellValidViaAp     = 2
#stdCellPinNoAp        = 0
#stdCellPinCnt         = 746
#instTermValidViaApCnt = 0
#macroGenAp            = 0
#macroValidPlanarAp    = 0
#macroValidViaAp       = 0
#macroNoAp             = 0
[INFO DRT-0166] Complete pin access.
[INFO DRT-0267] cpu time = 00:00:00, elapsed time = 00:00:00, memory = 137.78 (MB), peak = 137.78 (MB)

[INFO DRT-0157] Number of guides:     1094

[INFO DRT-0169] Post process guides.
[INFO DRT-0176] GCELLGRID X 0 DO 29 STEP 81000 ;
[INFO DRT-0177] GCELLGRID Y 0 DO 27 STEP 81000 ;
[INFO DRT-0028]   Complete FR_MASTERSLICE.
[INFO DRT-0028]   Complete Fr_VIA.
[INFO DRT-0028]   Complete M1.
[INFO DRT-0028]   Complete V1.
[INFO DRT-0028]   Complete M2.
[INFO DRT-0178] Init guide query.
[INFO DRT-0035]   Complete FR_MASTERSLICE (guide).
[INFO DRT-0035]   Complete Fr_VIA (guide).
[INFO DRT-0035]   Complete M1 (guide).
[INFO DRT-0035]   Complete V1 (guide).
[INFO DRT-0035]   Complete M2 (guide).
[INFO DRT-0036] FR_MASTERSLICE guide region query size = 0.
[INFO DRT-0036] FR_VIA guide region query size = 0.
[INFO DRT-0036] M1 guide region query size = 1656.
[INFO DRT-0036] V1 guide region query size = 0.
[INFO DRT-0036] M2 guide region query size = 2046.
[INFO DRT-0179] Init gr pin query.
[INFO DRT-0267] cpu time = 00:00:00, elapsed time = 00:00:00, memory = 138.86 (MB), peak = 138.86 (MB)
[INFO DRT-0245] skipped writing guide updates to database.
[INFO DRT-0185] Post process initialize RPin region query.
[INFO DRT-0181] Start track assignment.
[INFO DRT-0184] Done with 2046 vertical wires in 1 frboxes and 1656 horizontal wires in 1 frboxes.
[INFO DRT-0186] Done with 391 vertical wires in 1 frboxes and 851 horizontal wires in 1 frboxes.
[INFO DRT-0182] Complete track assignment.
[INFO DRT-0267] cpu time = 00:00:00, elapsed time = 00:00:00, memory = 143.39 (MB), peak = 143.39 (MB)
[INFO DRT-0187] Start routing data preparation.
[INFO DRT-0267] cpu time = 00:00:00, elapsed time = 00:00:00, memory = 143.73 (MB), peak = 143.73 (MB)
[INFO DRT-0194] Start detail routing.
[INFO DRT-0195] Start 0th optimization iteration.
    Completing 10% with 0 violations.
    elapsed time = 00:00:00, memory = 145.00 (MB).
    Completing 20% with 0 violations.
    elapsed time = 00:00:03, memory = 145.67 (MB).
    Completing 30% with 0 violations.
    elapsed time = 00:00:03, memory = 145.75 (MB).
    Completing 40% with 215 violations.
    elapsed time = 00:00:03, memory = 146.03 (MB).
    Completing 50% with 215 violations.
    elapsed time = 00:00:06, memory = 146.73 (MB).
    Completing 60% with 215 violations.
    elapsed time = 00:00:06, memory = 146.73 (MB).
    Completing 70% with 345 violations.
    elapsed time = 00:00:09, memory = 146.98 (MB).
    Completing 80% with 345 violations.
    elapsed time = 00:00:09, memory = 147.73 (MB).
    Completing 90% with 525 violations.
    elapsed time = 00:00:11, memory = 148.52 (MB).
    Completing 100% with 638 violations.
    elapsed time = 00:00:12, memory = 148.69 (MB).
[INFO DRT-0199]   Number of violations = 664.
Viol/Layer          M1     V1     M2
Cut Spacing          0      1      0
Metal Spacing       11      0    377
NS Metal             0      0     10
Recheck              7      0     19
Short               38      1    200
[INFO DRT-0267] cpu time = 00:00:12, elapsed time = 00:00:12, memory = 253.14 (MB), peak = 281.75 (MB)
Total wire length = 317362 um.
Total wire length on LAYER M1 = 138615 um.
Total wire length on LAYER M2 = 178747 um.
Total number of vias = 1232.
Up-via summary (total 1232):

-----------------------
 FR_MASTERSLICE       0
             M1    1232
-----------------------
               1232


[INFO DRT-0195] Start 1st optimization iteration.
    Completing 10% with 664 violations.
    elapsed time = 00:00:00, memory = 253.22 (MB).
    Completing 20% with 664 violations.
    elapsed time = 00:00:02, memory = 254.16 (MB).
    Completing 30% with 664 violations.
    elapsed time = 00:00:02, memory = 254.16 (MB).
    Completing 40% with 575 violations.
    elapsed time = 00:00:02, memory = 254.17 (MB).
    Completing 50% with 575 violations.
    elapsed time = 00:00:06, memory = 242.31 (MB).
    Completing 60% with 575 violations.
    elapsed time = 00:00:06, memory = 242.31 (MB).
    Completing 70% with 499 violations.
    elapsed time = 00:00:07, memory = 243.17 (MB).
    Completing 80% with 499 violations.
    elapsed time = 00:00:07, memory = 243.22 (MB).
    Completing 90% with 464 violations.
    elapsed time = 00:00:09, memory = 243.25 (MB).
    Completing 100% with 423 violations.
    elapsed time = 00:00:10, memory = 243.25 (MB).
[INFO DRT-0199]   Number of violations = 423.
Viol/Layer          M1     M2
Metal Spacing        6    269
NS Metal             0     10
Short               25    113
[INFO DRT-0267] cpu time = 00:00:10, elapsed time = 00:00:10, memory = 252.27 (MB), peak = 281.75 (MB)
Total wire length = 313625 um.
Total wire length on LAYER M1 = 137802 um.
Total wire length on LAYER M2 = 175823 um.
Total number of vias = 1170.
Up-via summary (total 1170):

-----------------------
 FR_MASTERSLICE       0
             M1    1170
-----------------------
               1170


[INFO DRT-0195] Start 2nd optimization iteration.
    Completing 10% with 423 violations.
    elapsed time = 00:00:00, memory = 252.28 (MB).
    Completing 20% with 423 violations.
    elapsed time = 00:00:01, memory = 252.31 (MB).
    Completing 30% with 423 violations.
    elapsed time = 00:00:01, memory = 252.31 (MB).
    Completing 40% with 380 violations.
    elapsed time = 00:00:01, memory = 252.31 (MB).
    Completing 50% with 380 violations.
    elapsed time = 00:00:05, memory = 171.17 (MB).
    Completing 60% with 380 violations.
    elapsed time = 00:00:05, memory = 171.25 (MB).
    Completing 70% with 343 violations.
    elapsed time = 00:00:05, memory = 171.31 (MB).
    Completing 80% with 343 violations.
    elapsed time = 00:00:07, memory = 171.31 (MB).
    Completing 90% with 329 violations.
    elapsed time = 00:00:07, memory = 171.36 (MB).
    Completing 100% with 325 violations.
    elapsed time = 00:00:09, memory = 171.61 (MB).
[INFO DRT-0199]   Number of violations = 325.
Viol/Layer          M1     M2
Metal Spacing        4    233
NS Metal             0     10
Short               12     66
[INFO DRT-0267] cpu time = 00:00:09, elapsed time = 00:00:09, memory = 204.75 (MB), peak = 281.75 (MB)
Total wire length = 312273 um.
Total wire length on LAYER M1 = 137927 um.
Total wire length on LAYER M2 = 174345 um.
Total number of vias = 1144.
Up-via summary (total 1144):

-----------------------
 FR_MASTERSLICE       0
             M1    1144
-----------------------
               1144


[INFO DRT-0195] Start 3rd optimization iteration.
    Completing 10% with 325 violations.
    elapsed time = 00:00:00, memory = 204.81 (MB).
    Completing 20% with 325 violations.
    elapsed time = 00:00:00, memory = 202.66 (MB).
    Completing 30% with 325 violations.
    elapsed time = 00:00:00, memory = 202.66 (MB).
    Completing 40% with 256 violations.
    elapsed time = 00:00:00, memory = 202.66 (MB).
    Completing 50% with 256 violations.
    elapsed time = 00:00:01, memory = 202.72 (MB).
    Completing 60% with 256 violations.
    elapsed time = 00:00:01, memory = 202.72 (MB).
    Completing 70% with 183 violations.
    elapsed time = 00:00:02, memory = 183.72 (MB).
    Completing 80% with 183 violations.
    elapsed time = 00:00:02, memory = 183.75 (MB).
    Completing 90% with 110 violations.
    elapsed time = 00:00:02, memory = 183.77 (MB).
    Completing 100% with 43 violations.
    elapsed time = 00:00:02, memory = 183.77 (MB).
[INFO DRT-0199]   Number of violations = 43.
Viol/Layer          M1     M2
Metal Spacing        0     36
NS Metal             0      3
Short                2      2
[INFO DRT-0267] cpu time = 00:00:02, elapsed time = 00:00:03, memory = 201.80 (MB), peak = 281.75 (MB)
Total wire length = 314601 um.
Total wire length on LAYER M1 = 140006 um.
Total wire length on LAYER M2 = 174594 um.
Total number of vias = 1273.
Up-via summary (total 1273):

-----------------------
 FR_MASTERSLICE       0
             M1    1273
-----------------------
               1273


[INFO DRT-0195] Start 4th guides tiles iteration.
    Completing 10% with 43 violations.
    elapsed time = 00:00:00, memory = 201.86 (MB).
    Completing 20% with 43 violations.
    elapsed time = 00:00:00, memory = 201.94 (MB).
    Completing 30% with 43 violations.
    elapsed time = 00:00:00, memory = 201.94 (MB).
    Completing 40% with 43 violations.
    elapsed time = 00:00:00, memory = 201.95 (MB).
    Completing 50% with 43 violations.
    elapsed time = 00:00:00, memory = 202.00 (MB).
    Completing 60% with 43 violations.
    elapsed time = 00:00:00, memory = 202.05 (MB).
    Completing 70% with 16 violations.
    elapsed time = 00:00:00, memory = 202.05 (MB).
    Completing 80% with 16 violations.
    elapsed time = 00:00:00, memory = 202.05 (MB).
    Completing 90% with 16 violations.
    elapsed time = 00:00:00, memory = 202.05 (MB).
    Completing 100% with 3 violations.
    elapsed time = 00:00:00, memory = 201.16 (MB).
[INFO DRT-0199]   Number of violations = 3.
Viol/Layer          M1     M2
Metal Spacing        0      2
Short                1      0
[INFO DRT-0267] cpu time = 00:00:00, elapsed time = 00:00:00, memory = 201.17 (MB), peak = 281.75 (MB)
Total wire length = 314806 um.
Total wire length on LAYER M1 = 140223 um.
Total wire length on LAYER M2 = 174582 um.
Total number of vias = 1276.
Up-via summary (total 1276):

-----------------------
 FR_MASTERSLICE       0
             M1    1276
-----------------------
               1276


[INFO DRT-0195] Start 5th guides tiles iteration.
    Completing 50% with 3 violations.
    elapsed time = 00:00:00, memory = 201.17 (MB).
    Completing 100% with 2 violations.
    elapsed time = 00:00:00, memory = 201.09 (MB).
[INFO DRT-0199]   Number of violations = 2.
Viol/Layer          M1     M2
Metal Spacing        0      1
Short                1      0
[INFO DRT-0267] cpu time = 00:00:00, elapsed time = 00:00:00, memory = 201.08 (MB), peak = 281.75 (MB)
Total wire length = 314815 um.
Total wire length on LAYER M1 = 140223 um.
Total wire length on LAYER M2 = 174592 um.
Total number of vias = 1276.
Up-via summary (total 1276):

-----------------------
 FR_MASTERSLICE       0
             M1    1276
-----------------------
               1276


[INFO DRT-0195] Start 6th guides tiles iteration.
    Completing 100% with 2 violations.
    elapsed time = 00:00:00, memory = 201.08 (MB).
[INFO DRT-0199]   Number of violations = 2.
Viol/Layer          M1     M2
Metal Spacing        0      1
Short                1      0
[INFO DRT-0267] cpu time = 00:00:00, elapsed time = 00:00:00, memory = 201.02 (MB), peak = 281.75 (MB)
Total wire length = 314815 um.
Total wire length on LAYER M1 = 140223 um.
Total wire length on LAYER M2 = 174592 um.
Total number of vias = 1276.
Up-via summary (total 1276):

-----------------------
 FR_MASTERSLICE       0
             M1    1276
-----------------------
               1276


[INFO DRT-0195] Start 7th stubborn tiles iteration.
    Completing 10% with 2 violations.
    elapsed time = 00:00:00, memory = 214.28 (MB).
    Completing 20% with 2 violations.
    elapsed time = 00:00:00, memory = 226.48 (MB).
    Completing 30% with 2 violations.
    elapsed time = 00:00:01, memory = 239.72 (MB).
    Completing 40% with 2 violations.
    elapsed time = 00:00:02, memory = 256.73 (MB).
    Completing 50% with 2 violations.
    elapsed time = 00:00:02, memory = 264.42 (MB).
    Completing 60% with 1 violations.
    elapsed time = 00:00:03, memory = 264.42 (MB).
    Completing 70% with 1 violations.
    elapsed time = 00:00:03, memory = 264.64 (MB).
    Completing 80% with 1 violations.
    elapsed time = 00:00:03, memory = 246.97 (MB).
    Completing 90% with 1 violations.
    elapsed time = 00:00:04, memory = 248.56 (MB).
    Completing 100% with 0 violations.
    elapsed time = 00:00:04, memory = 248.58 (MB).
[INFO DRT-0199]   Number of violations = 0.
[INFO DRT-0267] cpu time = 00:00:04, elapsed time = 00:00:04, memory = 260.95 (MB), peak = 281.95 (MB)
Total wire length = 314892 um.
Total wire length on LAYER M1 = 140196 um.
Total wire length on LAYER M2 = 174696 um.
Total number of vias = 1278.
Up-via summary (total 1278):

-----------------------
 FR_MASTERSLICE       0
             M1    1278
-----------------------
               1278


[INFO DRT-0198] Complete detail routing.
Total wire length = 314892 um.
Total wire length on LAYER M1 = 140196 um.
Total wire length on LAYER M2 = 174696 um.
Total number of vias = 1278.
Up-via summary (total 1278):

-----------------------
 FR_MASTERSLICE       0
             M1    1278
-----------------------
               1278


[INFO DRT-0267] cpu time = 00:00:39, elapsed time = 00:00:39, memory = 261.06 (MB), peak = 281.95 (MB)

[INFO DRT-0180] Post processing.
+ [[ ! -f /Users/yanlu/Documents/TR-1um/flow/designs/tr1um_alu8/runs/triage-alu8/connected_power/openroad_detailed_route.drc ]]
+ [[ -s /Users/yanlu/Documents/TR-1um/flow/designs/tr1um_alu8/runs/triage-alu8/connected_power/openroad_detailed_route.drc ]]
+ python3 /Users/yanlu/Documents/TR-1um/flow/librelane_override/librelane/scripts/klayout/stream_out.py /Users/yanlu/Documents/TR-1um/flow/designs/tr1um_alu8/runs/triage-alu8/connected_power/tr1um_alu8.connected_power.def --output /Users/yanlu/Documents/TR-1um/flow/designs/tr1um_alu8/runs/triage-alu8/connected_power/tr1um_alu8.unlabeled.gds --top tr1um_alu8 --conflict-resolution AddToCell --lyt /Users/yanlu/Documents/TR-1um/flow/pdk_root/TR-1um/libs.tech/klayout/tech/TR-1um.lyt --lyp /Users/yanlu/Documents/TR-1um/flow/pdk_root/TR-1um/libs.tech/klayout/tech/TR-1um.lyp --lym /Users/yanlu/Documents/TR-1um/flow/pdk_root/TR-1um/libs.tech/klayout/tech/def_layer_map.map --input-lef /Users/yanlu/Documents/TR-1um/flow/pdk_root/TR-1um/libs.ref/TR-1um_stdcell_access/lef/TR-1um_tech.lef --input-lef /Users/yanlu/Documents/TR-1um/flow/pdk_root/TR-1um/libs.ref/TR-1um_stdcell_access/lef/TR-1um_access_cells.lef --with-gds-file /Users/yanlu/Documents/TR-1um/flow/designs/tr1um_alu8/runs/triage-alu8/connected_power/TR-1um_known_good_cells.gds
Warning: No mapping for layer 'V1', purpose 'LEFOBS' - layer is ignored (line=40, cell=, file=tr1um_alu8.connected_power.def)
[INFO] Clearing cells…
[INFO] Merging GDS files…
[INFO] Copying top level cell 'tr1um_alu8'…
[INFO] Checking for missing GDS…
[INFO] All LEF cells have matching GDS cells.
[INFO] Writing out GDS '/Users/yanlu/Documents/TR-1um/flow/designs/tr1um_alu8/runs/triage-alu8/connected_power/tr1um_alu8.unlabeled.gds'…
[INFO] Done.
+ python3 /Users/yanlu/Documents/TR-1um/flow/scripts/signoff/add_def_pin_labels.py --input-gds /Users/yanlu/Documents/TR-1um/flow/designs/tr1um_alu8/runs/triage-alu8/connected_power/tr1um_alu8.unlabeled.gds --def /Users/yanlu/Documents/TR-1um/flow/designs/tr1um_alu8/runs/triage-alu8/connected_power/tr1um_alu8.connected_power.def --top tr1um_alu8 --output-gds /Users/yanlu/Documents/TR-1um/flow/designs/tr1um_alu8/runs/triage-alu8/connected_power/tr1um_alu8.connected_power.gds
label VSS on M2 at (596.7, 3)um
label VDD on M2 at (1795.5, 3)um
label a[0] on M2 at (186.3, 2197)um
label a[1] on M2 at (305.1, 2197)um
label a[2] on M2 at (423.9, 2197)um
label a[3] on M2 at (542.7, 2197)um
label a[4] on M2 at (661.5, 2197)um
label a[5] on M2 at (780.3, 2197)um
label a[6] on M2 at (899.1, 2197)um
label a[7] on M2 at (1017.9, 2197)um
label b[0] on M2 at (1136.7, 2197)um
label b[1] on M2 at (1255.5, 2197)um
label b[2] on M2 at (1374.3, 2197)um
label b[3] on M2 at (1493.1, 2197)um
label b[4] on M2 at (1611.9, 2197)um
label b[5] on M2 at (1730.7, 2197)um
label b[6] on M2 at (1849.5, 2197)um
label b[7] on M2 at (1968.3, 2197)um
label carry on M1 at (2398.2, 2070.9)um
label clk on M2 at (67.5, 2197)um
label op[0] on M2 at (2087.1, 2197)um
label op[1] on M2 at (2205.9, 2197)um
label op[2] on M2 at (2324.7, 2197)um
label y[0] on M1 at (2398.2, 126.9)um
label y[1] on M1 at (2398.2, 342.9)um
label y[2] on M1 at (2398.2, 558.9)um
label y[3] on M1 at (2398.2, 774.9)um
label y[4] on M1 at (2398.2, 990.9)um
label y[5] on M1 at (2398.2, 1206.9)um
label y[6] on M1 at (2398.2, 1422.9)um
label y[7] on M1 at (2398.2, 1638.9)um
label zero on M1 at (2398.2, 1854.9)um
wrote /Users/yanlu/Documents/TR-1um/flow/designs/tr1um_alu8/runs/triage-alu8/connected_power/tr1um_alu8.connected_power.gds: 32 top-level labels
+ TIE_NORMALIZED_GDS=/Users/yanlu/Documents/TR-1um/flow/designs/tr1um_alu8/runs/triage-alu8/connected_power/tr1um_alu8.tie_normalized.gds
+ python3 /Users/yanlu/Documents/TR-1um/flow/scripts/signoff/normalize_tie_cells.py --input /Users/yanlu/Documents/TR-1um/flow/designs/tr1um_alu8/runs/triage-alu8/connected_power/tr1um_alu8.connected_power.gds --output /Users/yanlu/Documents/TR-1um/flow/designs/tr1um_alu8/runs/triage-alu8/connected_power/tr1um_alu8.tie_normalized.gds
normalized tie-cell physical views: TIELO
+ mv -f -- /Users/yanlu/Documents/TR-1um/flow/designs/tr1um_alu8/runs/triage-alu8/connected_power/tr1um_alu8.tie_normalized.gds /Users/yanlu/Documents/TR-1um/flow/designs/tr1um_alu8/runs/triage-alu8/connected_power/tr1um_alu8.connected_power.gds
+ [[ -f /Users/yanlu/Documents/TR-1um/flow/designs/tr1um_alu8/postprocess_gds.py ]]
+ klayout -b -zz -r /Users/yanlu/Documents/TR-1um/flow/pdk_root/TR-1um/libs.tech/klayout/tech/drc/run.drc -rd input=/Users/yanlu/Documents/TR-1um/flow/designs/tr1um_alu8/runs/triage-alu8/connected_power/tr1um_alu8.connected_power.gds -rd top_cell=tr1um_alu8 -rd report=/Users/yanlu/Documents/TR-1um/flow/designs/tr1um_alu8/runs/triage-alu8/connected_power/drawing_drc.lyrdb
+ tee /Users/yanlu/Documents/TR-1um/flow/designs/tr1um_alu8/runs/triage-alu8/connected_power/drawing_drc.log
+ python3 /Users/yanlu/Documents/TR-1um/flow/scripts/signoff/check_klayout_report.py /Users/yanlu/Documents/TR-1um/flow/designs/tr1um_alu8/runs/triage-alu8/connected_power/drawing_drc.lyrdb
OK: no hard KLayout items in /Users/yanlu/Documents/TR-1um/flow/designs/tr1um_alu8/runs/triage-alu8/connected_power/drawing_drc.lyrdb
+ python3 /Users/yanlu/Documents/TR-1um/flow/scripts/signoff/check_connected_power.py /Users/yanlu/Documents/TR-1um/flow/designs/tr1um_alu8/runs/triage-alu8/connected_power/tr1um_alu8.connected_power.gds tr1um_alu8
+ tee /Users/yanlu/Documents/TR-1um/flow/designs/tr1um_alu8/runs/triage-alu8/connected_power/connected_power.log
top=tr1um_alu8 dbu=0.001 M1_components=1779 M2_components=944 V1_shapes=2043
ground: labels=172 distinct_conductive_components=1
power: labels=200 distinct_conductive_components=1
PASS: every labelled power terminal is connected to its supply network
+ klayout -b -zz -r /Users/yanlu/Documents/TR-1um/flow/pdk_root/TR-1um/libs.tech/klayout/tech/lvs/run.lvs -rd input=/Users/yanlu/Documents/TR-1um/flow/designs/tr1um_alu8/runs/triage-alu8/connected_power/tr1um_alu8.connected_power.gds -rd top_cell=tr1um_alu8 -rd report=/Users/yanlu/Documents/TR-1um/flow/designs/tr1um_alu8/runs/triage-alu8/connected_power/extraction.lvsdb -rd extracted=/Users/yanlu/Documents/TR-1um/flow/designs/tr1um_alu8/runs/triage-alu8/connected_power/tr1um_alu8.connected_power.extracted -rd netlist_only
+ tee /Users/yanlu/Documents/TR-1um/flow/designs/tr1um_alu8/runs/triage-alu8/connected_power/extraction.log
Setting running mode => deep
Starting TR-1um LVS in Net Only Mode
Done
+ test -s /Users/yanlu/Documents/TR-1um/flow/designs/tr1um_alu8/runs/triage-alu8/connected_power/tr1um_alu8.connected_power.extracted
+ python3 /Users/yanlu/Documents/TR-1um/flow/scripts/signoff/check_extracted_instance_supplies.py /Users/yanlu/Documents/TR-1um/flow/designs/tr1um_alu8/runs/triage-alu8/connected_power/tr1um_alu8.placed_power.def /Users/yanlu/Documents/TR-1um/flow/designs/tr1um_alu8/runs/triage-alu8/connected_power/tr1um_alu8.connected_power.extracted tr1um_alu8
PASS: 222 extracted instances match the DEF and all connect to top-level VDD/VSS
+ python3 /Users/yanlu/Documents/TR-1um/flow/scripts/signoff/build_core_lvs_contract.py --physical-extracted /Users/yanlu/Documents/TR-1um/flow/designs/tr1um_alu8/runs/triage-alu8/connected_power/tr1um_alu8.connected_power.extracted --powered-netlist /Users/yanlu/Documents/TR-1um/flow/designs/tr1um_alu8/runs/triage-alu8/final/pnl/tr1um_alu8.pnl.v --cell-cdl /Users/yanlu/Documents/TR-1um/flow/pdk_root/TR-1um/libs.ref/TR-1um_stdcell_access/cdl/TR-1um_stdcell_access.cdl --cell-liberty /Users/yanlu/Documents/TR-1um/flow/pdk_root/TR-1um/libs.ref/TR-1um_stdcell_access/lib/TR-1um_stdcell_access_typ_5p0V_25C.lib --top tr1um_alu8 --output /Users/yanlu/Documents/TR-1um/flow/designs/tr1um_alu8/runs/triage-alu8/connected_power/tr1um_alu8.strict.cir
wrote /Users/yanlu/Documents/TR-1um/flow/designs/tr1um_alu8/runs/triage-alu8/connected_power/tr1um_alu8.strict.cir: 222 instances, 17 cell types, top pins op[0] b[1] op[1] b[7] a[7] b[6] a[1] op[2] a[6] y[0] a[5] b[2] b[3] a[2] b[5] a[0] a[3] y[1] b[4] a[4] b[0] y[2] y[3] y[4] y[5] y[6] y[7] clk zero carry VDD VSS
+ klayout -b -zz -r /Users/yanlu/Documents/TR-1um/flow/pdk_root/TR-1um/libs.tech/klayout/tech/lvs/run.lvs -rd input=/Users/yanlu/Documents/TR-1um/flow/designs/tr1um_alu8/runs/triage-alu8/connected_power/tr1um_alu8.connected_power.gds -rd top_cell=tr1um_alu8 -rd circuit=/Users/yanlu/Documents/TR-1um/flow/designs/tr1um_alu8/runs/triage-alu8/connected_power/tr1um_alu8.strict.cir -rd report=/Users/yanlu/Documents/TR-1um/flow/designs/tr1um_alu8/runs/triage-alu8/connected_power/lvs.lvsdb -rd extracted=/Users/yanlu/Documents/TR-1um/flow/designs/tr1um_alu8/runs/triage-alu8/connected_power/tr1um_alu8.lvs.extracted
+ tee /Users/yanlu/Documents/TR-1um/flow/designs/tr1um_alu8/runs/triage-alu8/connected_power/lvs.log
Setting running mode => deep
Starting TR-1um LVS Comparison in strict port mode
flag_missing_ports enabled: missing/mislabeled top-level ports are treated as errors
==========================================
INFO : Congratulations! Netlists match.
==========================================
+ grep -q 'Congratulations! Netlists match' /Users/yanlu/Documents/TR-1um/flow/designs/tr1um_alu8/runs/triage-alu8/connected_power/lvs.log
+ [[ 1 == 1 ]]
+ /Users/yanlu/Documents/TR-1um/flow/run_official_ip62_drc.sh /Users/yanlu/Documents/TR-1um/flow/designs/tr1um_alu8/runs/triage-alu8/connected_power/tr1um_alu8.connected_power.gds tr1um_alu8 /Users/yanlu/Documents/TR-1um/flow/designs/tr1um_alu8/runs/triage-alu8/connected_power/official_ip62_drc.lyrdb
+ tee /Users/yanlu/Documents/TR-1um/flow/designs/tr1um_alu8/runs/triage-alu8/connected_power/official_ip62_drc.log
ERROR: docker is required for official TR-1um IP62 signoff
+ local status=3
+ set +x
