 0.00000000e+00  2.78080953e-05  0.00000000e+00 -2.80483214e-09  0.00000000e+00  0.00000000e+00 
 4.95763454e-10  3.11711333e-05  4.95763454e-10  2.51948680e-07  4.95763454e-10  5.00000000e-03 
 5.29140715e-10  3.14135450e-05  5.29140715e-10  2.51943674e-07  5.29140715e-10  5.33662486e-03 
 5.95895236e-10  3.19312829e-05  5.95895236e-10  2.51917239e-07  5.95895236e-10  6.00987458e-03 
 7.29404278e-10  3.31615913e-05  7.29404278e-10  2.51857783e-07  7.29404278e-10  7.35637402e-03 
 9.96422363e-10  3.61667073e-05  9.96422363e-10  2.51732770e-07  9.96422363e-10  1.00493729e-02 
 1.34936832e-09  4.01753007e-05  1.34936832e-09  2.51554760e-07  1.34936832e-09  1.36089935e-02 
 1.65718087e-09  4.27636147e-05  1.65718087e-09  2.51403348e-07  1.65718087e-09  1.67134231e-02 
 1.88346931e-09  4.40374243e-05  1.88346931e-09  2.51292677e-07  1.88346931e-09  1.89956450e-02 
 2.19492122e-09  4.58083838e-05  2.19492122e-09  2.51137111e-07  2.19492122e-09  2.21367792e-02 
 2.54059567e-09  4.88193749e-05  2.54059567e-09  2.50939270e-07  2.54059567e-09  2.56230632e-02 
 2.87261908e-09  5.26787741e-05  2.87261908e-09  2.50727227e-07  2.87261908e-09  2.89716704e-02 
 3.24383646e-09  5.66372343e-05  3.24383646e-09  2.50477694e-07  3.24383646e-09  3.27155666e-02 
 3.51843305e-09  5.86422593e-05  3.51843305e-09  2.50299497e-07  3.51843305e-09  3.54849981e-02 
 3.75535165e-09  5.99040775e-05  3.75535165e-09  2.50144959e-07  3.75535165e-09  3.78744301e-02 
 4.03591820e-09  6.16639857e-05  4.03591820e-09  2.49953488e-07  4.03591820e-09  4.07040714e-02 
 4.33263178e-09  6.44639237e-05  4.33263178e-09  2.49723123e-07  4.33263178e-09  4.36965628e-02 
 4.66584358e-09  6.84045029e-05  4.66584358e-09  2.49438548e-07  4.66584358e-09  4.70571554e-02 
 5.02476863e-09  7.21734825e-05  5.02476863e-09  2.49119773e-07  5.02476863e-09  5.06770778e-02 
 5.29816088e-09  7.41175004e-05  5.29816088e-09  2.48885257e-07  5.29816088e-09  5.34343631e-02 
 5.54887491e-09  7.54695173e-05  5.54887491e-09  2.48668518e-07  5.54887491e-09  5.59629281e-02 
 5.82459508e-09  7.73045465e-05  5.82459508e-09  2.48416276e-07  5.82459508e-09  5.87436914e-02 
 6.11907437e-09  8.02163268e-05  6.11907437e-09  2.48110780e-07  6.11907437e-09  6.17136491e-02 
 6.46241771e-09  8.43187276e-05  6.46241771e-09  2.47720829e-07  6.46241771e-09  6.51764229e-02 
 6.82359797e-09  8.80035899e-05  6.82359797e-09  2.47298828e-07  6.82359797e-09  6.88190902e-02 
 7.09422120e-09  8.98440976e-05  7.09422120e-09  2.46993166e-07  7.09422120e-09  7.15484486e-02 
 7.36725349e-09  9.13552985e-05  7.36725349e-09  2.46679738e-07  7.36725349e-09  7.43021034e-02 
 7.64729776e-09  9.34077194e-05  7.64729776e-09  2.46333687e-07  7.64729776e-09  7.71264773e-02 
 7.93785058e-09  9.64885984e-05  7.93785058e-09  2.45927549e-07  7.93785058e-09  8.00568347e-02 
 8.32493281e-09  1.01089799e-04  8.32493281e-09  2.45341928e-07  8.32493281e-09  8.39607351e-02 
 8.69846838e-09  1.04562489e-04  8.69846838e-09  2.44770329e-07  8.69846838e-09  8.77280113e-02 
 8.95713056e-09  1.06142750e-04  8.95713056e-09  2.44386244e-07  8.95713056e-09  9.03367371e-02 
 9.29450378e-09  1.08220786e-04  9.29450378e-09  2.43860762e-07  9.29450378e-09  9.37392995e-02 
 9.63905836e-09  1.11424838e-04  9.63905836e-09  2.43257582e-07  9.63905836e-09  9.72142892e-02 
 9.97024355e-09  1.15410230e-04  9.97024355e-09  2.42605849e-07  9.97024355e-09  1.00554443e-01 
 1.03498464e-08  1.19501781e-04  1.03498464e-08  2.41836248e-07  1.03498464e-08  1.04382910e-01 
 1.06296651e-08  1.21556437e-04  1.06296651e-08  2.41280420e-07  1.06296651e-08  1.07205009e-01 
 1.08889984e-08  1.23022628e-04  1.08889984e-08  2.40768345e-07  1.08889984e-08  1.09820503e-01 
 1.11701135e-08  1.25001400e-04  1.11701135e-08  2.40170732e-07  1.11701135e-08  1.12655677e-01 
 1.14668522e-08  1.28061392e-04  1.14668522e-08  2.39464964e-07  1.14668522e-08  1.15648422e-01 
 1.18194836e-08  1.32356462e-04  1.18194836e-08  2.38541857e-07  1.18194836e-08  1.19204870e-01 
 1.21861038e-08  1.36088166e-04  1.21861038e-08  2.37567951e-07  1.21861038e-08  1.22902401e-01 
 1.24564096e-08  1.37925972e-04  1.24564096e-08  2.36866785e-07  1.24564096e-08  1.25628558e-01 
 1.27537535e-08  1.39684975e-04  1.27537535e-08  2.36083759e-07  1.27537535e-08  1.28627407e-01 
 1.30527542e-08  1.42135816e-04  1.30527542e-08  2.35216166e-07  1.30527542e-08  1.31642965e-01 
 1.33436522e-08  1.45461900e-04  1.33436522e-08  2.34271159e-07  1.33436522e-08  1.34576804e-01 
 1.37371845e-08  1.50158844e-04  1.37371845e-08  2.32900554e-07  1.37371845e-08  1.38545756e-01 
 1.41620896e-08  1.53841637e-04  1.41620896e-08  2.31430756e-07  1.41620896e-08  1.42831117e-01 
 1.44300013e-08  1.55426696e-04  1.44300013e-08  2.30513674e-07  1.44300013e-08  1.45533129e-01 
 1.47536177e-08  1.57731665e-04  1.47536177e-08  2.29330686e-07  1.47536177e-08  1.48796947e-01 
 1.50768571e-08  1.61144026e-04  1.50768571e-08  2.27990732e-07  1.50768571e-08  1.52056964e-01 
 1.54410429e-08  1.65633830e-04  1.54410429e-08  2.26336278e-07  1.54410429e-08  1.55729943e-01 
 1.58171574e-08  1.69409104e-04  1.58171574e-08  2.24604489e-07  1.58171574e-08  1.59523229e-01 
 1.60874135e-08  1.71224390e-04  1.60874135e-08  2.23394145e-07  1.60874135e-08  1.62248885e-01 
 1.64427972e-08  1.73526363e-04  1.64427972e-08  2.21739699e-07  1.64427972e-08  1.65833091e-01 
 1.67723527e-08  1.76643055e-04  1.67723527e-08  2.20019998e-07  1.67723527e-08  1.69156808e-01 
 1.70902272e-08  1.80561063e-04  1.70902272e-08  2.18162049e-07  1.70902272e-08  1.72362717e-01 
 1.74809132e-08  1.85017754e-04  1.74809132e-08  2.15789951e-07  1.74809132e-08  1.76302963e-01 
 1.77660431e-08  1.87305059e-04  1.77660431e-08  2.14093028e-07  1.77660431e-08  1.79178628e-01 
 1.80241873e-08  1.88876944e-04  1.80241873e-08  2.12569606e-07  1.80241873e-08  1.81782130e-01 
 1.83191254e-08  1.91027927e-04  1.83191254e-08  2.10709235e-07  1.83191254e-08  1.84756715e-01 
 1.86235305e-08  1.94253189e-04  1.86235305e-08  2.08554154e-07  1.86235305e-08  1.87826779e-01 
 1.89764062e-08  1.98698595e-04  1.89764062e-08  2.05803954e-07  1.89764062e-08  1.91385690e-01 
 1.93500352e-08  2.02687691e-04  1.93500352e-08  2.02839912e-07  1.93500352e-08  1.95153909e-01 
 1.96234963e-08  2.04681664e-04  1.96234963e-08  2.00725139e-07  1.96234963e-08  1.97911889e-01 
 1.99319601e-08  2.06665450e-04  1.99319601e-08  1.98296391e-07  1.99319601e-08  2.01022887e-01 
 2.02420595e-08  2.09400508e-04  2.02420595e-08  1.95603457e-07  2.02420595e-08  2.04150380e-01 
 2.05397115e-08  2.12990832e-04  2.05397115e-08  1.92703659e-07  2.05397115e-08  2.07152336e-01 
 2.09427517e-08  2.17953138e-04  2.09427517e-08  1.88520873e-07  2.09427517e-08  2.11217180e-01 
 2.13973754e-08  2.21985431e-04  2.13973754e-08  1.83843028e-07  2.13973754e-08  2.15802266e-01 
 2.17043705e-08  2.23991784e-04  2.17043705e-08  1.80681905e-07  2.17043705e-08  2.18898452e-01 
 2.20305556e-08  2.26755987e-04  2.20305556e-08  1.77021099e-07  2.20305556e-08  2.22188176e-01 
 2.23325357e-08  2.30345459e-04  2.23325357e-08  1.73194075e-07  2.23325357e-08  2.25233783e-01 
 2.27539526e-08  2.35664151e-04  2.27539526e-08  1.67448455e-07  2.27539526e-08  2.29483965e-01 
 2.31649821e-08  2.39568460e-04  2.31649821e-08  1.61854146e-07  2.31649821e-08  2.33629384e-01 
 2.34428772e-08  2.41451217e-04  2.34428772e-08  1.58125769e-07  2.34428772e-08  2.36432083e-01 
 2.37835615e-08  2.44182822e-04  2.37835615e-08  1.53222404e-07  2.37835615e-08  2.39868039e-01 
 2.41169888e-08  2.48028378e-04  2.41169888e-08  1.47782704e-07  2.41169888e-08  2.43230805e-01 
 2.45022124e-08  2.53085020e-04  2.45022124e-08  1.40899512e-07  2.45022124e-08  2.47115960e-01 
 2.48975671e-08  2.57262714e-04  2.48975671e-08  1.33789750e-07  2.48975671e-08  2.51103292e-01 
 2.51694409e-08  2.59279515e-04  2.51694409e-08  1.29011163e-07  2.51694409e-08  2.53845263e-01 
 2.55381096e-08  2.62166363e-04  2.55381096e-08  1.22193317e-07  2.55381096e-08  2.57563455e-01 
 2.59456171e-08  2.66808683e-04  2.59456171e-08  1.13575028e-07  2.59456171e-08  2.61673353e-01 
 2.63858034e-08  2.72670358e-04  2.63858034e-08  1.03222516e-07  2.63858034e-08  2.66112833e-01 
 2.67835036e-08  2.76919952e-04  2.67835036e-08  9.37863437e-08  2.67835036e-08  2.70123820e-01 
 2.70720785e-08  2.79142029e-04  2.70720785e-08  8.70771698e-08  2.70720785e-08  2.73034229e-01 
 2.74370564e-08  2.82252173e-04  2.74370564e-08  7.80519574e-08  2.74370564e-08  2.76715198e-01 
 2.78298663e-08  2.87034238e-04  2.78298663e-08  6.69504145e-08  2.78298663e-08  2.80676864e-01 
 2.82677608e-08  2.93049347e-04  2.82677608e-08  5.33090070e-08  2.82677608e-08  2.85093229e-01 
 2.86832283e-08  2.97563498e-04  2.86832283e-08  4.03330666e-08  2.86832283e-08  2.89283408e-01 
 2.89805113e-08  2.99977029e-04  2.89805113e-08  3.11773365e-08  2.89805113e-08  2.92281643e-01 
 2.93469858e-08  3.03445503e-04  2.93469858e-08  1.90349461e-08  2.93469858e-08  2.95977704e-01 
 2.96983422e-08  3.08053857e-04  2.96983422e-08  5.77112123e-09  2.96983422e-08  2.99521293e-01 
 3.01537262e-08  3.14540581e-04  3.01537262e-08 -1.29496496e-08  3.01537262e-08  3.04114048e-01 
 3.05775649e-08  3.19305244e-04  3.05775649e-08 -3.03748505e-08  3.05775649e-08  3.08388654e-01 
 3.09005198e-08  3.22158387e-04  3.09005198e-08 -4.35697023e-08  3.09005198e-08  3.11645801e-01 
 3.12673339e-08  3.26089382e-04  3.12673339e-08 -5.99159970e-08  3.12673339e-08  3.15345289e-01 
 3.16015790e-08  3.30884164e-04  3.16015790e-08 -7.68356264e-08  3.16015790e-08  3.18716303e-01 
 3.20671674e-08  3.37811567e-04  3.20671674e-08 -1.02150848e-07  3.20671674e-08  3.23411974e-01 
 3.25343016e-08  3.43243974e-04  3.25343016e-08 -1.27422942e-07  3.25343016e-08  3.28123234e-01 
 3.29213753e-08  3.47154284e-04  3.29213753e-08 -1.48763654e-07  3.29213753e-08  3.32027049e-01 
 3.33206935e-08  3.52412908e-04  3.33206935e-08 -1.73553400e-07  3.33206935e-08  3.36054354e-01 
 3.36740850e-08  3.58179242e-04  3.36740850e-08 -1.98296214e-07  3.36740850e-08  3.39618469e-01 
 3.41408637e-08  3.65195835e-04  3.41408637e-08 -2.32044337e-07  3.41408637e-08  3.44326144e-01 
 3.44628416e-08  3.68981657e-04  3.44628416e-08 -2.54845941e-07  3.44628416e-08  3.47573437e-01 
 3.48954789e-08  3.74099352e-04  3.48954789e-08 -2.86921834e-07  3.48954789e-08  3.51936782e-01 
 3.53251045e-08  3.80784442e-04  3.53251045e-08 -3.23456376e-07  3.53251045e-08  3.56269751e-01 
 3.57717369e-08  3.88673256e-04  3.57717369e-08 -3.65647815e-07  3.57717369e-08  3.60774243e-01 
 3.62446280e-08  3.95818395e-04  3.62446280e-08 -4.10617652e-07  3.62446280e-08  3.65543564e-01 
 3.66340222e-08  4.00859534e-04  3.66340222e-08 -4.47692413e-07  3.66340222e-08  3.69470782e-01 
 3.70647556e-08  4.07551462e-04  3.70647556e-08 -4.93282662e-07  3.70647556e-08  3.73814924e-01 
 3.74574384e-08  4.15108525e-04  3.74574384e-08 -5.40709232e-07  3.74574384e-08  3.77775309e-01 
 3.79742895e-08  4.24722588e-04  3.79742895e-08 -6.06088844e-07  3.79742895e-08  3.82987988e-01 
 3.83828780e-08  4.31104113e-04  3.83828780e-08 -6.57142681e-07  3.83828780e-08  3.87108788e-01 
 3.89161992e-08  4.40041953e-04  3.89161992e-08 -7.29050321e-07  3.89161992e-08  3.92487576e-01 
 3.94983517e-08  4.52321666e-04  3.94983517e-08 -8.21047330e-07  3.94983517e-08  3.98358848e-01 
 4.00639277e-08  4.64382769e-04  4.00639277e-08 -9.17272696e-07  4.00639277e-08  4.04062939e-01 
 4.05716071e-08  4.73939877e-04  4.05716071e-08 -1.00366632e-06  4.05716071e-08  4.09183117e-01 
 4.11679449e-08  4.86588717e-04  4.11679449e-08 -1.11665761e-06  4.11679449e-08  4.15197455e-01 
 4.17199943e-08  5.00656452e-04  4.17199943e-08 -1.23847103e-06  4.17199943e-08  4.20765124e-01 
 4.23593614e-08  5.16455862e-04  4.23593614e-08 -1.38603172e-06  4.23593614e-08  4.27213433e-01 
 4.29296889e-08  5.29940836e-04  4.29296889e-08 -1.52136965e-06  4.29296889e-08  4.32965445e-01 
 4.35537104e-08  5.47401044e-04  4.35537104e-08 -1.69279782e-06  4.35537104e-08  4.39258986e-01 
 4.42016467e-08  5.67566272e-04  4.42016467e-08 -1.89421973e-06  4.42016467e-08  4.45793718e-01 
 4.48980360e-08  5.88453390e-04  4.48980360e-08 -2.11630793e-06  4.48980360e-08  4.52817121e-01 
 4.58597603e-08  6.20823722e-04  4.58597603e-08 -2.46681531e-06  4.58597603e-08  4.62516548e-01 
 4.68268754e-08  6.59014618e-04  4.68268754e-08 -2.89013613e-06  4.68268754e-08  4.72270344e-01 
 4.77703196e-08  6.97821410e-04  4.77703196e-08 -3.33632540e-06  4.77703196e-08  4.81785408e-01 
 4.93493033e-08  7.75301845e-04  4.93493033e-08 -4.25129875e-06  4.93493033e-08  4.97710177e-01 
 5.08739472e-08  8.66140751e-04  5.08739472e-08 -5.36351407e-06  5.08739472e-08  5.13086905e-01 
 5.24896219e-08  9.80268258e-04  5.24896219e-08 -6.78057645e-06  5.24896219e-08  5.29381719e-01 
 5.47377943e-08  1.18794263e-03  5.47377943e-08 -9.44948093e-06  5.47377943e-08  5.52055560e-01 
 5.85574407e-08  1.71423888e-03  5.85574407e-08 -1.61827853e-05  5.85574407e-08  5.90578432e-01 
 6.61967336e-08  4.13671827e-03  6.61967336e-08 -4.56792761e-05  6.61967336e-08  6.67624177e-01 
 7.39686141e-08  1.04758856e-02  7.39686141e-08 -1.17361206e-04  7.39686141e-08  7.46007128e-01 
 8.53869841e-08  3.55176613e-02  8.53869841e-08 -3.25873447e-04  8.53869841e-08  8.61166585e-01 
 9.89523796e-08  9.63332450e-02  9.89523796e-08 -5.86686887e-04  9.89523796e-08  9.97979770e-01 
 1.15401626e-07  2.00318078e-01  1.15401626e-07 -7.12183668e-04  1.15401626e-07  1.16387790e+00 
 1.34377696e-07  3.32002965e-01  1.34377696e-07 -7.34373756e-04  1.34377696e-07  1.35526020e+00 
 1.62608506e-07  5.31341142e-01  1.62608506e-07 -7.69211607e-04  1.62608506e-07  1.63998077e+00 
 1.90627600e-07  7.32387275e-01  1.90627600e-07 -7.96962487e-04  1.90627600e-07  1.92256608e+00 
 2.40203945e-07  1.09362703e+00  2.40203945e-07 -8.47313539e-04  2.40203945e-07  2.42256608e+00 
 2.89780291e-07  1.45968862e+00  2.89780291e-07 -8.88784527e-04  2.89780291e-07  2.92256608e+00 
 3.39356636e-07  1.82780313e+00  3.39356636e-07 -9.28689763e-04  3.39356636e-07  3.42256608e+00 
 3.88932981e-07  2.19571731e+00  3.88932981e-07 -9.61292153e-04  3.88932981e-07  3.92256608e+00 
 4.38509327e-07  2.56100140e+00  4.38509327e-07 -9.91112152e-04  4.38509327e-07  4.42256608e+00 
 4.67136390e-07  2.77003406e+00  4.67136390e-07 -1.00527269e-03  4.67136390e-07  4.71128304e+00 
 4.95763454e-07  2.97717086e+00  4.95763454e-07 -1.01931986e-03  4.95763454e-07  5.00000000e+00 
 4.99320285e-07  2.99924491e+00  4.99320285e-07 -9.22884336e-04  4.99320285e-07  5.00000000e+00 
 5.06433948e-07  3.03690893e+00  5.06433948e-07 -7.44285806e-04  5.06433948e-07  5.00000000e+00 
 5.20661273e-07  3.08459390e+00  5.20661273e-07 -5.41184626e-04  5.20661273e-07  5.00000000e+00 
 5.40127103e-07  3.11801661e+00  5.40127103e-07 -4.23946132e-04  5.40127103e-07  5.00000000e+00 
 5.58876682e-07  3.13392294e+00  5.58876682e-07 -3.71679723e-04  5.58876682e-07  5.00000000e+00 
 5.84142699e-07  3.14465673e+00  5.84142699e-07 -3.41493662e-04  5.84142699e-07  5.00000000e+00 
 6.23412155e-07  3.15119873e+00  6.23412155e-07 -3.21565350e-04  6.23412155e-07  5.00000000e+00 
 6.72988500e-07  3.15327187e+00  6.72988500e-07 -3.17272470e-04  6.72988500e-07  5.00000000e+00 
 7.22564846e-07  3.15363455e+00  7.22564846e-07 -3.14896304e-04  7.22564846e-07  5.00000000e+00 
 7.72141191e-07  3.15369600e+00  7.72141191e-07 -3.16077274e-04  7.72141191e-07  5.00000000e+00 
 8.21717537e-07  3.15370722e+00  8.21717537e-07 -3.14716960e-04  8.21717537e-07  5.00000000e+00 
 8.71293882e-07  3.15370934e+00  8.71293882e-07 -3.16025096e-04  8.71293882e-07  5.00000000e+00 
 9.20870227e-07  3.15371040e+00  9.20870227e-07 -3.14729340e-04  9.20870227e-07  5.00000000e+00 
 9.70446573e-07  3.15370991e+00  9.70446573e-07 -3.16002829e-04  9.70446573e-07  5.00000000e+00 
 1.02002292e-06  3.15371065e+00  1.02002292e-06 -3.14750119e-04  1.02002292e-06  5.00000000e+00 
 1.06959926e-06  3.15371005e+00  1.06959926e-06 -3.15981886e-04  1.06959926e-06  5.00000000e+00 
 1.11917561e-06  3.15371081e+00  1.11917561e-06 -3.14770910e-04  1.11917561e-06  5.00000000e+00 
 1.16875195e-06  3.15371017e+00  1.16875195e-06 -3.15961236e-04  1.16875195e-06  5.00000000e+00 
 1.21832830e-06  3.15371095e+00  1.21832830e-06 -3.14791436e-04  1.21832830e-06  5.00000000e+00 
 1.26790465e-06  3.15371029e+00  1.26790465e-06 -3.15940863e-04  1.26790465e-06  5.00000000e+00 
 1.31748099e-06  3.15371109e+00  1.31748099e-06 -3.14811682e-04  1.31748099e-06  5.00000000e+00 
 1.36705734e-06  3.15371040e+00  1.36705734e-06 -3.15920774e-04  1.36705734e-06  5.00000000e+00 
 1.41663368e-06  3.15371123e+00  1.41663368e-06 -3.14831637e-04  1.41663368e-06  5.00000000e+00 
 1.46621003e-06  3.15371051e+00  1.46621003e-06 -3.15900979e-04  1.46621003e-06  5.00000000e+00 
 1.51578637e-06  3.15371135e+00  1.51578637e-06 -3.14851295e-04  1.51578637e-06  5.00000000e+00 
 1.56536272e-06  3.15371061e+00  1.56536272e-06 -3.15881484e-04  1.56536272e-06  5.00000000e+00 
 1.61493906e-06  3.15371147e+00  1.61493906e-06 -3.14870647e-04  1.61493906e-06  5.00000000e+00 
 1.66451541e-06  3.15371071e+00  1.66451541e-06 -3.15862298e-04  1.66451541e-06  5.00000000e+00 
 1.71409175e-06  3.15371159e+00  1.71409175e-06 -3.14889687e-04  1.71409175e-06  5.00000000e+00 
 1.76366810e-06  3.15371080e+00  1.76366810e-06 -3.15843426e-04  1.76366810e-06  5.00000000e+00 
 1.81324444e-06  3.15371170e+00  1.81324444e-06 -3.14908408e-04  1.81324444e-06  5.00000000e+00 
 1.86282079e-06  3.15371089e+00  1.86282079e-06 -3.15824875e-04  1.86282079e-06  5.00000000e+00 
 1.91239714e-06  3.15371180e+00  1.91239714e-06 -3.14926805e-04  1.91239714e-06  5.00000000e+00 
 1.96197348e-06  3.15371097e+00  1.96197348e-06 -3.15806650e-04  1.96197348e-06  5.00000000e+00 
 2.01154983e-06  3.15371189e+00  2.01154983e-06 -3.14944872e-04  2.01154983e-06  5.00000000e+00 
 2.06112617e-06  3.15371105e+00  2.06112617e-06 -3.15788756e-04  2.06112617e-06  5.00000000e+00 
 2.11070252e-06  3.15371198e+00  2.11070252e-06 -3.14962606e-04  2.11070252e-06  5.00000000e+00 
 2.16027886e-06  3.15371113e+00  2.16027886e-06 -3.15771197e-04  2.16027886e-06  5.00000000e+00 
 2.20985521e-06  3.15371207e+00  2.20985521e-06 -3.14980002e-04  2.20985521e-06  5.00000000e+00 
 2.25943155e-06  3.15371120e+00  2.25943155e-06 -3.15753977e-04  2.25943155e-06  5.00000000e+00 
 2.30900790e-06  3.15371250e+00  2.30900790e-06 -3.14998532e-04  2.30900790e-06  5.00000000e+00 
 2.35858424e-06  3.15371170e+00  2.35858424e-06 -3.15735988e-04  2.35858424e-06  5.00000000e+00 
 2.40816059e-06  3.15371230e+00  2.40816059e-06 -3.15013513e-04  2.40816059e-06  5.00000000e+00 
 2.45773694e-06  3.15371135e+00  2.45773694e-06 -3.15720580e-04  2.45773694e-06  5.00000000e+00 
 2.50731328e-06  3.15371229e+00  2.50731328e-06 -3.15030074e-04  2.50731328e-06  5.00000000e+00 
 2.55688963e-06  3.15371139e+00  2.55688963e-06 -3.15704428e-04  2.55688963e-06  5.00000000e+00 
 2.60646597e-06  3.15371236e+00  2.60646597e-06 -3.15046100e-04  2.60646597e-06  5.00000000e+00 
 2.65604232e-06  3.15371145e+00  2.65604232e-06 -3.15688590e-04  2.65604232e-06  5.00000000e+00 
 2.70561866e-06  3.15371242e+00  2.70561866e-06 -3.15061768e-04  2.70561866e-06  5.00000000e+00 
 2.75519501e-06  3.15371150e+00  2.75519501e-06 -3.15673101e-04  2.75519501e-06  5.00000000e+00 
 2.80477135e-06  3.15371247e+00  2.80477135e-06 -3.15077085e-04  2.80477135e-06  5.00000000e+00 
 2.85434770e-06  3.15371156e+00  2.85434770e-06 -3.15657964e-04  2.85434770e-06  5.00000000e+00 
 2.90392404e-06  3.15371252e+00  2.90392404e-06 -3.15092049e-04  2.90392404e-06  5.00000000e+00 
 2.95350039e-06  3.15371160e+00  2.95350039e-06 -3.15643178e-04  2.95350039e-06  5.00000000e+00 
 3.00307673e-06  3.15371257e+00  3.00307673e-06 -3.15106661e-04  3.00307673e-06  5.00000000e+00 
 3.05265308e-06  3.15371165e+00  3.05265308e-06 -3.15628745e-04  3.05265308e-06  5.00000000e+00 
 3.10222943e-06  3.15371261e+00  3.10222943e-06 -3.15120920e-04  3.10222943e-06  5.00000000e+00 
 3.15180577e-06  3.15371169e+00  3.15180577e-06 -3.15614663e-04  3.15180577e-06  5.00000000e+00 
 3.20138212e-06  3.15371265e+00  3.20138212e-06 -3.15134828e-04  3.20138212e-06  5.00000000e+00 
 3.25095846e-06  3.15371173e+00  3.25095846e-06 -3.15600933e-04  3.25095846e-06  5.00000000e+00 
 3.30053481e-06  3.15371269e+00  3.30053481e-06 -3.15148384e-04  3.30053481e-06  5.00000000e+00 
 3.35011115e-06  3.15371177e+00  3.35011115e-06 -3.15587553e-04  3.35011115e-06  5.00000000e+00 
 3.39968750e-06  3.15371272e+00  3.39968750e-06 -3.15161590e-04  3.39968750e-06  5.00000000e+00 
 3.44926384e-06  3.15371180e+00  3.44926384e-06 -3.15574522e-04  3.44926384e-06  5.00000000e+00 
 3.49884019e-06  3.15371275e+00  3.49884019e-06 -3.15174448e-04  3.49884019e-06  5.00000000e+00 
 3.54841653e-06  3.15371183e+00  3.54841653e-06 -3.15561839e-04  3.54841653e-06  5.00000000e+00 
 3.59799288e-06  3.15371278e+00  3.59799288e-06 -3.15186958e-04  3.59799288e-06  5.00000000e+00 
 3.64756923e-06  3.15371186e+00  3.64756923e-06 -3.15549503e-04  3.64756923e-06  5.00000000e+00 
 3.69714557e-06  3.15371280e+00  3.69714557e-06 -3.15199124e-04  3.69714557e-06  5.00000000e+00 
 3.74672192e-06  3.15371189e+00  3.74672192e-06 -3.15537509e-04  3.74672192e-06  5.00000000e+00 
 3.79629826e-06  3.15371282e+00  3.79629826e-06 -3.15210946e-04  3.79629826e-06  5.00000000e+00 
 3.84587461e-06  3.15371192e+00  3.84587461e-06 -3.15525858e-04  3.84587461e-06  5.00000000e+00 
 3.89545095e-06  3.15371284e+00  3.89545095e-06 -3.15222428e-04  3.89545095e-06  5.00000000e+00 
 3.94502730e-06  3.15371194e+00  3.94502730e-06 -3.15514545e-04  3.94502730e-06  5.00000000e+00 
 3.99460364e-06  3.15371286e+00  3.99460364e-06 -3.15233572e-04  3.99460364e-06  5.00000000e+00 
 4.04417999e-06  3.15371196e+00  4.04417999e-06 -3.15503568e-04  4.04417999e-06  5.00000000e+00 
 4.09375633e-06  3.15371287e+00  4.09375633e-06 -3.15244382e-04  4.09375633e-06  5.00000000e+00 
 4.14333268e-06  3.15371199e+00  4.14333268e-06 -3.15492924e-04  4.14333268e-06  5.00000000e+00 
 4.19290902e-06  3.15371289e+00  4.19290902e-06 -3.15254861e-04  4.19290902e-06  5.00000000e+00 
 4.24248537e-06  3.15371201e+00  4.24248537e-06 -3.15482610e-04  4.24248537e-06  5.00000000e+00 
 4.29206172e-06  3.15371290e+00  4.29206172e-06 -3.15265011e-04  4.29206172e-06  5.00000000e+00 
 4.34163806e-06  3.15371202e+00  4.34163806e-06 -3.15472622e-04  4.34163806e-06  5.00000000e+00 
 4.39121441e-06  3.15371290e+00  4.39121441e-06 -3.15274837e-04  4.39121441e-06  5.00000000e+00 
 4.44079075e-06  3.15371204e+00  4.44079075e-06 -3.15462957e-04  4.44079075e-06  5.00000000e+00 
 4.49036710e-06  3.15371291e+00  4.49036710e-06 -3.15284342e-04  4.49036710e-06  5.00000000e+00 
 4.53994344e-06  3.15371206e+00  4.53994344e-06 -3.15453610e-04  4.53994344e-06  5.00000000e+00 
 4.58951979e-06  3.15371292e+00  4.58951979e-06 -3.15293530e-04  4.58951979e-06  5.00000000e+00 
 4.63909613e-06  3.15371207e+00  4.63909613e-06 -3.15444578e-04  4.63909613e-06  5.00000000e+00 
 4.68867248e-06  3.15371292e+00  4.68867248e-06 -3.15302405e-04  4.68867248e-06  5.00000000e+00 
 4.73824882e-06  3.15371209e+00  4.73824882e-06 -3.15435856e-04  4.73824882e-06  5.00000000e+00 
 4.78782517e-06  3.15371292e+00  4.78782517e-06 -3.15310972e-04  4.78782517e-06  5.00000000e+00 
 4.83740152e-06  3.15371210e+00  4.83740152e-06 -3.15427441e-04  4.83740152e-06  5.00000000e+00 
 4.88697786e-06  3.15371292e+00  4.88697786e-06 -3.15319235e-04  4.88697786e-06  5.00000000e+00 
 4.93655421e-06  3.15371211e+00  4.93655421e-06 -3.15419328e-04  4.93655421e-06  5.00000000e+00 
 4.98613055e-06  3.15371292e+00  4.98613055e-06 -3.15327199e-04  4.98613055e-06  5.00000000e+00 
 5.03570690e-06  3.15371212e+00  5.03570690e-06 -3.15411512e-04  5.03570690e-06  5.00000000e+00 
 5.08528324e-06  3.15371292e+00  5.08528324e-06 -3.15334867e-04  5.08528324e-06  5.00000000e+00 
 5.13485959e-06  3.15371213e+00  5.13485959e-06 -3.15403988e-04  5.13485959e-06  5.00000000e+00 
 5.18443593e-06  3.15371292e+00  5.18443593e-06 -3.15342245e-04  5.18443593e-06  5.00000000e+00 
 5.23401228e-06  3.15371214e+00  5.23401228e-06 -3.15396753e-04  5.23401228e-06  5.00000000e+00 
 5.28358862e-06  3.15371291e+00  5.28358862e-06 -3.15349338e-04  5.28358862e-06  5.00000000e+00 
 5.33316497e-06  3.15371215e+00  5.33316497e-06 -3.15389800e-04  5.33316497e-06  5.00000000e+00 
 5.38274131e-06  3.15371291e+00  5.38274131e-06 -3.15356150e-04  5.38274131e-06  5.00000000e+00 
 5.43231766e-06  3.15371216e+00  5.43231766e-06 -3.15383125e-04  5.43231766e-06  5.00000000e+00 
 5.48189401e-06  3.15371291e+00  5.48189401e-06 -3.15362687e-04  5.48189401e-06  5.00000000e+00 
 5.53147035e-06  3.15371217e+00  5.53147035e-06 -3.15376724e-04  5.53147035e-06  5.00000000e+00 
 5.58104670e-06  3.15371290e+00  5.58104670e-06 -3.15368953e-04  5.58104670e-06  5.00000000e+00 
 5.63062304e-06  3.15371218e+00  5.63062304e-06 -3.15370590e-04  5.63062304e-06  5.00000000e+00 
 5.68019939e-06  3.15371289e+00  5.68019939e-06 -3.15374954e-04  5.68019939e-06  5.00000000e+00 
 5.72977573e-06  3.15371218e+00  5.72977573e-06 -3.15364719e-04  5.72977573e-06  5.00000000e+00 
 5.77935208e-06  3.15371289e+00  5.77935208e-06 -3.15380694e-04  5.77935208e-06  5.00000000e+00 
 5.82892842e-06  3.15371219e+00  5.82892842e-06 -3.15359106e-04  5.82892842e-06  5.00000000e+00 
 5.87850477e-06  3.15371288e+00  5.87850477e-06 -3.15386180e-04  5.87850477e-06  5.00000000e+00 
 5.92808111e-06  3.15371220e+00  5.92808111e-06 -3.15353746e-04  5.92808111e-06  5.00000000e+00 
 5.97765746e-06  3.15371287e+00  5.97765746e-06 -3.15391416e-04  5.97765746e-06  5.00000000e+00 
 6.02723381e-06  3.15371221e+00  6.02723381e-06 -3.15348632e-04  6.02723381e-06  5.00000000e+00 
 6.07681015e-06  3.15371287e+00  6.07681015e-06 -3.15396407e-04  6.07681015e-06  5.00000000e+00 
 6.12638650e-06  3.15371221e+00  6.12638650e-06 -3.15343760e-04  6.12638650e-06  5.00000000e+00 
 6.17596284e-06  3.15371286e+00  6.17596284e-06 -3.15401159e-04  6.17596284e-06  5.00000000e+00 
 6.22553919e-06  3.15371222e+00  6.22553919e-06 -3.15339125e-04  6.22553919e-06  5.00000000e+00 
 6.27511553e-06  3.15371285e+00  6.27511553e-06 -3.15405678e-04  6.27511553e-06  5.00000000e+00 
 6.32469188e-06  3.15371222e+00  6.32469188e-06 -3.15334721e-04  6.32469188e-06  5.00000000e+00 
 6.37426822e-06  3.15371284e+00  6.37426822e-06 -3.15409967e-04  6.37426822e-06  5.00000000e+00 
 6.42384457e-06  3.15371223e+00  6.42384457e-06 -3.15330543e-04  6.42384457e-06  5.00000000e+00 
 6.47342091e-06  3.15371283e+00  6.47342091e-06 -3.15414034e-04  6.47342091e-06  5.00000000e+00 
 6.52299726e-06  3.15371224e+00  6.52299726e-06 -3.15326585e-04  6.52299726e-06  5.00000000e+00 
 6.57257360e-06  3.15371282e+00  6.57257360e-06 -3.15417883e-04  6.57257360e-06  5.00000000e+00 
 6.62214995e-06  3.15371224e+00  6.62214995e-06 -3.15322842e-04  6.62214995e-06  5.00000000e+00 
 6.67172630e-06  3.15371282e+00  6.67172630e-06 -3.15421520e-04  6.67172630e-06  5.00000000e+00 
 6.72130264e-06  3.15371225e+00  6.72130264e-06 -3.15319310e-04  6.72130264e-06  5.00000000e+00 
 6.77087899e-06  3.15371281e+00  6.77087899e-06 -3.15424949e-04  6.77087899e-06  5.00000000e+00 
 6.82045533e-06  3.15371225e+00  6.82045533e-06 -3.15315981e-04  6.82045533e-06  5.00000000e+00 
 6.87003168e-06  3.15371280e+00  6.87003168e-06 -3.15428177e-04  6.87003168e-06  5.00000000e+00 
 6.91960802e-06  3.15371226e+00  6.91960802e-06 -3.15312852e-04  6.91960802e-06  5.00000000e+00 
 6.96918437e-06  3.15371279e+00  6.96918437e-06 -3.15431208e-04  6.96918437e-06  5.00000000e+00 
 7.01876071e-06  3.15371226e+00  7.01876071e-06 -3.15309917e-04  7.01876071e-06  5.00000000e+00 
 7.06833706e-06  3.15371278e+00  7.06833706e-06 -3.15434048e-04  7.06833706e-06  5.00000000e+00 
 7.11791340e-06  3.15371227e+00  7.11791340e-06 -3.15307170e-04  7.11791340e-06  5.00000000e+00 
 7.16748975e-06  3.15371277e+00  7.16748975e-06 -3.15436702e-04  7.16748975e-06  5.00000000e+00 
 7.21706610e-06  3.15371227e+00  7.21706610e-06 -3.15304607e-04  7.21706610e-06  5.00000000e+00 
 7.26664244e-06  3.15371276e+00  7.26664244e-06 -3.15439176e-04  7.26664244e-06  5.00000000e+00 
 7.31621879e-06  3.15371228e+00  7.31621879e-06 -3.15302221e-04  7.31621879e-06  5.00000000e+00 
 7.36579513e-06  3.15371275e+00  7.36579513e-06 -3.15441473e-04  7.36579513e-06  5.00000000e+00 
 7.41537148e-06  3.15371228e+00  7.41537148e-06 -3.15300009e-04  7.41537148e-06  5.00000000e+00 
 7.46494782e-06  3.15371275e+00  7.46494782e-06 -3.15443601e-04  7.46494782e-06  5.00000000e+00 
 7.51452417e-06  3.15371229e+00  7.51452417e-06 -3.15297965e-04  7.51452417e-06  5.00000000e+00 
 7.56410051e-06  3.15371274e+00  7.56410051e-06 -3.15445563e-04  7.56410051e-06  5.00000000e+00 
 7.61367686e-06  3.15371229e+00  7.61367686e-06 -3.15296083e-04  7.61367686e-06  5.00000000e+00 
 7.66325320e-06  3.15371273e+00  7.66325320e-06 -3.15447365e-04  7.66325320e-06  5.00000000e+00 
 7.71282955e-06  3.15371230e+00  7.71282955e-06 -3.15294360e-04  7.71282955e-06  5.00000000e+00 
 7.76240589e-06  3.15371272e+00  7.76240589e-06 -3.15449011e-04  7.76240589e-06  5.00000000e+00 
 7.81198224e-06  3.15371230e+00  7.81198224e-06 -3.15292789e-04  7.81198224e-06  5.00000000e+00 
 7.86155859e-06  3.15371271e+00  7.86155859e-06 -3.15450507e-04  7.86155859e-06  5.00000000e+00 
 7.91113493e-06  3.15371231e+00  7.91113493e-06 -3.15291366e-04  7.91113493e-06  5.00000000e+00 
 7.96071128e-06  3.15371271e+00  7.96071128e-06 -3.15451858e-04  7.96071128e-06  5.00000000e+00 
 8.01028762e-06  3.15371232e+00  8.01028762e-06 -3.15290086e-04  8.01028762e-06  5.00000000e+00 
 8.05986397e-06  3.15371270e+00  8.05986397e-06 -3.15453068e-04  8.05986397e-06  5.00000000e+00 
 8.10944031e-06  3.15371232e+00  8.10944031e-06 -3.15288945e-04  8.10944031e-06  5.00000000e+00 
 8.15901666e-06  3.15371269e+00  8.15901666e-06 -3.15454142e-04  8.15901666e-06  5.00000000e+00 
 8.20859300e-06  3.15371233e+00  8.20859300e-06 -3.15287937e-04  8.20859300e-06  5.00000000e+00 
 8.25816935e-06  3.15371268e+00  8.25816935e-06 -3.15455085e-04  8.25816935e-06  5.00000000e+00 
 8.30774569e-06  3.15371233e+00  8.30774569e-06 -3.15287057e-04  8.30774569e-06  5.00000000e+00 
 8.35732204e-06  3.15371268e+00  8.35732204e-06 -3.15455902e-04  8.35732204e-06  5.00000000e+00 
 8.40689839e-06  3.15371234e+00  8.40689839e-06 -3.15286302e-04  8.40689839e-06  5.00000000e+00 
 8.45647473e-06  3.15371267e+00  8.45647473e-06 -3.15456596e-04  8.45647473e-06  5.00000000e+00 
 8.50605108e-06  3.15371234e+00  8.50605108e-06 -3.15285667e-04  8.50605108e-06  5.00000000e+00 
 8.55562742e-06  3.15371266e+00  8.55562742e-06 -3.15457173e-04  8.55562742e-06  5.00000000e+00 
 8.60520377e-06  3.15371235e+00  8.60520377e-06 -3.15285147e-04  8.60520377e-06  5.00000000e+00 
 8.65478011e-06  3.15371266e+00  8.65478011e-06 -3.15457637e-04  8.65478011e-06  5.00000000e+00 
 8.70435646e-06  3.15371235e+00  8.70435646e-06 -3.15284738e-04  8.70435646e-06  5.00000000e+00 
 8.75393280e-06  3.15371265e+00  8.75393280e-06 -3.15457992e-04  8.75393280e-06  5.00000000e+00 
 8.80350915e-06  3.15371236e+00  8.80350915e-06 -3.15284436e-04  8.80350915e-06  5.00000000e+00 
 8.85308549e-06  3.15371264e+00  8.85308549e-06 -3.15458243e-04  8.85308549e-06  5.00000000e+00 
 8.90266184e-06  3.15371236e+00  8.90266184e-06 -3.15284236e-04  8.90266184e-06  5.00000000e+00 
 8.95223818e-06  3.15371264e+00  8.95223818e-06 -3.15458394e-04  8.95223818e-06  5.00000000e+00 
 9.00181453e-06  3.15371237e+00  9.00181453e-06 -3.15284134e-04  9.00181453e-06  5.00000000e+00 
 9.05139088e-06  3.15371263e+00  9.05139088e-06 -3.15458448e-04  9.05139088e-06  5.00000000e+00 
 9.10096722e-06  3.15371237e+00  9.10096722e-06 -3.15284126e-04  9.10096722e-06  5.00000000e+00 
 9.15054357e-06  3.15371263e+00  9.15054357e-06 -3.15458411e-04  9.15054357e-06  5.00000000e+00 
 9.20011991e-06  3.15371238e+00  9.20011991e-06 -3.15284208e-04  9.20011991e-06  5.00000000e+00 
 9.24969626e-06  3.15371262e+00  9.24969626e-06 -3.15458285e-04  9.24969626e-06  5.00000000e+00 
 9.29927260e-06  3.15371238e+00  9.29927260e-06 -3.15284377e-04  9.29927260e-06  5.00000000e+00 
 9.34884895e-06  3.15371261e+00  9.34884895e-06 -3.15458076e-04  9.34884895e-06  5.00000000e+00 
 9.39842529e-06  3.15371239e+00  9.39842529e-06 -3.15284627e-04  9.39842529e-06  5.00000000e+00 
 9.44800164e-06  3.15371261e+00  9.44800164e-06 -3.15457785e-04  9.44800164e-06  5.00000000e+00 
 9.49757798e-06  3.15371239e+00  9.49757798e-06 -3.15284956e-04  9.49757798e-06  5.00000000e+00 
 9.54715433e-06  3.15371260e+00  9.54715433e-06 -3.15457419e-04  9.54715433e-06  5.00000000e+00 
 9.59673068e-06  3.15371240e+00  9.59673068e-06 -3.15285360e-04  9.59673068e-06  5.00000000e+00 
 9.64630702e-06  3.15371260e+00  9.64630702e-06 -3.15456979e-04  9.64630702e-06  5.00000000e+00 
 9.69588337e-06  3.15371240e+00  9.69588337e-06 -3.15285836e-04  9.69588337e-06  5.00000000e+00 
 9.74545971e-06  3.15371260e+00  9.74545971e-06 -3.15456470e-04  9.74545971e-06  5.00000000e+00 
 9.79503606e-06  3.15371241e+00  9.79503606e-06 -3.15286378e-04  9.79503606e-06  5.00000000e+00 
 9.84461240e-06  3.15371259e+00  9.84461240e-06 -3.15455894e-04  9.84461240e-06  5.00000000e+00 
 9.89418875e-06  3.15371242e+00  9.89418875e-06 -3.15286985e-04  9.89418875e-06  5.00000000e+00 
 9.94376509e-06  3.15371259e+00  9.94376509e-06 -3.15455257e-04  9.94376509e-06  5.00000000e+00 
 9.99334144e-06  3.15371242e+00  9.99334144e-06 -3.15287653e-04  9.99334144e-06  5.00000000e+00 
 1.00429178e-05  3.15371258e+00  1.00429178e-05 -3.15454560e-04  1.00429178e-05  5.00000000e+00 
 1.00924941e-05  3.15371242e+00  1.00924941e-05 -3.15288379e-04  1.00924941e-05  5.00000000e+00 
 1.01420705e-05  3.15371258e+00  1.01420705e-05 -3.15453807e-04  1.01420705e-05  5.00000000e+00 
 1.01916468e-05  3.15371243e+00  1.01916468e-05 -3.15289159e-04  1.01916468e-05  5.00000000e+00 
 1.02412232e-05  3.15371258e+00  1.02412232e-05 -3.15453001e-04  1.02412232e-05  5.00000000e+00 
 1.02907995e-05  3.15371243e+00  1.02907995e-05 -3.15289990e-04  1.02907995e-05  5.00000000e+00 
 1.03403759e-05  3.15371257e+00  1.03403759e-05 -3.15452146e-04  1.03403759e-05  5.00000000e+00 
 1.03899522e-05  3.15371244e+00  1.03899522e-05 -3.15290869e-04  1.03899522e-05  5.00000000e+00 
 1.04395285e-05  3.15371257e+00  1.04395285e-05 -3.15451244e-04  1.04395285e-05  5.00000000e+00 
 1.04891049e-05  3.15371244e+00  1.04891049e-05 -3.15291793e-04  1.04891049e-05  5.00000000e+00 
 1.05386812e-05  3.15371257e+00  1.05386812e-05 -3.15450298e-04  1.05386812e-05  5.00000000e+00 
 1.05882576e-05  3.15371245e+00  1.05882576e-05 -3.15292760e-04  1.05882576e-05  5.00000000e+00 
 1.06378339e-05  3.15371256e+00  1.06378339e-05 -3.15449311e-04  1.06378339e-05  5.00000000e+00 
 1.06874103e-05  3.15371245e+00  1.06874103e-05 -3.15293767e-04  1.06874103e-05  5.00000000e+00 
 1.07369866e-05  3.15371256e+00  1.07369866e-05 -3.15448286e-04  1.07369866e-05  5.00000000e+00 
 1.07865630e-05  3.15371246e+00  1.07865630e-05 -3.15294810e-04  1.07865630e-05  5.00000000e+00 
 1.08361393e-05  3.15371256e+00  1.08361393e-05 -3.15447226e-04  1.08361393e-05  5.00000000e+00 
 1.08857157e-05  3.15371246e+00  1.08857157e-05 -3.15295887e-04  1.08857157e-05  5.00000000e+00 
 1.09352920e-05  3.15371255e+00  1.09352920e-05 -3.15446132e-04  1.09352920e-05  5.00000000e+00 
 1.09848683e-05  3.15371247e+00  1.09848683e-05 -3.15296996e-04  1.09848683e-05  5.00000000e+00 
 1.10344447e-05  3.15371255e+00  1.10344447e-05 -3.15445009e-04  1.10344447e-05  5.00000000e+00 
 1.10840210e-05  3.15371247e+00  1.10840210e-05 -3.15298135e-04  1.10840210e-05  5.00000000e+00 
 1.11335974e-05  3.15371255e+00  1.11335974e-05 -3.15443857e-04  1.11335974e-05  5.00000000e+00 
 1.11831737e-05  3.15371247e+00  1.11831737e-05 -3.15299300e-04  1.11831737e-05  5.00000000e+00 
 1.12327501e-05  3.15371255e+00  1.12327501e-05 -3.15442680e-04  1.12327501e-05  5.00000000e+00 
 1.12823264e-05  3.15371248e+00  1.12823264e-05 -3.15300489e-04  1.12823264e-05  5.00000000e+00 
 1.13319028e-05  3.15371254e+00  1.13319028e-05 -3.15441480e-04  1.13319028e-05  5.00000000e+00 
 1.13814791e-05  3.15371248e+00  1.13814791e-05 -3.15301700e-04  1.13814791e-05  5.00000000e+00 
 1.14310555e-05  3.15371254e+00  1.14310555e-05 -3.15440258e-04  1.14310555e-05  5.00000000e+00 
 1.14806318e-05  3.15371249e+00  1.14806318e-05 -3.15302931e-04  1.14806318e-05  5.00000000e+00 
 1.15302081e-05  3.15371254e+00  1.15302081e-05 -3.15439018e-04  1.15302081e-05  5.00000000e+00 
 1.15797845e-05  3.15371249e+00  1.15797845e-05 -3.15304180e-04  1.15797845e-05  5.00000000e+00 
 1.16293608e-05  3.15371254e+00  1.16293608e-05 -3.15437761e-04  1.16293608e-05  5.00000000e+00 
 1.16789372e-05  3.15371249e+00  1.16789372e-05 -3.15305445e-04  1.16789372e-05  5.00000000e+00 
 1.17285135e-05  3.15371254e+00  1.17285135e-05 -3.15436489e-04  1.17285135e-05  5.00000000e+00 
 1.17780899e-05  3.15371250e+00  1.17780899e-05 -3.15306724e-04  1.17780899e-05  5.00000000e+00 
 1.18276662e-05  3.15371253e+00  1.18276662e-05 -3.15435204e-04  1.18276662e-05  5.00000000e+00 
 1.18772426e-05  3.15371250e+00  1.18772426e-05 -3.15308014e-04  1.18772426e-05  5.00000000e+00 
 1.19268189e-05  3.15371253e+00  1.19268189e-05 -3.15433909e-04  1.19268189e-05  5.00000000e+00 
 1.19763953e-05  3.15371250e+00  1.19763953e-05 -3.15309315e-04  1.19763953e-05  5.00000000e+00 
 1.20259716e-05  3.15371253e+00  1.20259716e-05 -3.15432604e-04  1.20259716e-05  5.00000000e+00 
 1.20755479e-05  3.15371251e+00  1.20755479e-05 -3.15310624e-04  1.20755479e-05  5.00000000e+00 
 1.21251243e-05  3.15371253e+00  1.21251243e-05 -3.15431292e-04  1.21251243e-05  5.00000000e+00 
 1.21747006e-05  3.15371251e+00  1.21747006e-05 -3.15311939e-04  1.21747006e-05  5.00000000e+00 
 1.22242770e-05  3.15371253e+00  1.22242770e-05 -3.15429974e-04  1.22242770e-05  5.00000000e+00 
 1.22738533e-05  3.15371251e+00  1.22738533e-05 -3.15313259e-04  1.22738533e-05  5.00000000e+00 
 1.23234297e-05  3.15371253e+00  1.23234297e-05 -3.15428652e-04  1.23234297e-05  5.00000000e+00 
 1.23730060e-05  3.15371252e+00  1.23730060e-05 -3.15314583e-04  1.23730060e-05  5.00000000e+00 
 1.24225824e-05  3.15371253e+00  1.24225824e-05 -3.15427327e-04  1.24225824e-05  5.00000000e+00 
 1.24721587e-05  3.15371252e+00  1.24721587e-05 -3.15315909e-04  1.24721587e-05  5.00000000e+00 
 1.25217351e-05  3.15371252e+00  1.25217351e-05 -3.15426001e-04  1.25217351e-05  5.00000000e+00 
 1.25713114e-05  3.15371252e+00  1.25713114e-05 -3.15317235e-04  1.25713114e-05  5.00000000e+00 
 1.26208877e-05  3.15371252e+00  1.26208877e-05 -3.15424676e-04  1.26208877e-05  5.00000000e+00 
 1.26704641e-05  3.15371252e+00  1.26704641e-05 -3.15318560e-04  1.26704641e-05  5.00000000e+00 
 1.27200404e-05  3.15371252e+00  1.27200404e-05 -3.15423352e-04  1.27200404e-05  5.00000000e+00 
 1.27696168e-05  3.15371253e+00  1.27696168e-05 -3.15319882e-04  1.27696168e-05  5.00000000e+00 
 1.28191931e-05  3.15371252e+00  1.28191931e-05 -3.15422031e-04  1.28191931e-05  5.00000000e+00 
 1.28687695e-05  3.15371253e+00  1.28687695e-05 -3.15321202e-04  1.28687695e-05  5.00000000e+00 
 1.29183458e-05  3.15371252e+00  1.29183458e-05 -3.15420714e-04  1.29183458e-05  5.00000000e+00 
 1.29679222e-05  3.15371253e+00  1.29679222e-05 -3.15322516e-04  1.29679222e-05  5.00000000e+00 
 1.30174985e-05  3.15371252e+00  1.30174985e-05 -3.15419402e-04  1.30174985e-05  5.00000000e+00 
 1.30670749e-05  3.15371253e+00  1.30670749e-05 -3.15323825e-04  1.30670749e-05  5.00000000e+00 
 1.31166512e-05  3.15371252e+00  1.31166512e-05 -3.15418097e-04  1.31166512e-05  5.00000000e+00 
 1.31662275e-05  3.15371254e+00  1.31662275e-05 -3.15325127e-04  1.31662275e-05  5.00000000e+00 
 1.32158039e-05  3.15371252e+00  1.32158039e-05 -3.15416799e-04  1.32158039e-05  5.00000000e+00 
 1.32653802e-05  3.15371254e+00  1.32653802e-05 -3.15326420e-04  1.32653802e-05  5.00000000e+00 
 1.33149566e-05  3.15371252e+00  1.33149566e-05 -3.15415510e-04  1.33149566e-05  5.00000000e+00 
 1.33645329e-05  3.15371254e+00  1.33645329e-05 -3.15327705e-04  1.33645329e-05  5.00000000e+00 
 1.34141093e-05  3.15371252e+00  1.34141093e-05 -3.15414231e-04  1.34141093e-05  5.00000000e+00 
 1.34636856e-05  3.15371254e+00  1.34636856e-05 -3.15328979e-04  1.34636856e-05  5.00000000e+00 
 1.35132620e-05  3.15371251e+00  1.35132620e-05 -3.15412961e-04  1.35132620e-05  5.00000000e+00 
 1.35628383e-05  3.15371254e+00  1.35628383e-05 -3.15330243e-04  1.35628383e-05  5.00000000e+00 
 1.36124147e-05  3.15371251e+00  1.36124147e-05 -3.15411703e-04  1.36124147e-05  5.00000000e+00 
 1.36619910e-05  3.15371254e+00  1.36619910e-05 -3.15331495e-04  1.36619910e-05  5.00000000e+00 
 1.37115673e-05  3.15371251e+00  1.37115673e-05 -3.15410457e-04  1.37115673e-05  5.00000000e+00 
 1.37611437e-05  3.15371255e+00  1.37611437e-05 -3.15332735e-04  1.37611437e-05  5.00000000e+00 
 1.38107200e-05  3.15371251e+00  1.38107200e-05 -3.15409224e-04  1.38107200e-05  5.00000000e+00 
 1.38602964e-05  3.15371255e+00  1.38602964e-05 -3.15333962e-04  1.38602964e-05  5.00000000e+00 
 1.39098727e-05  3.15371251e+00  1.39098727e-05 -3.15408005e-04  1.39098727e-05  5.00000000e+00 
 1.39594491e-05  3.15371255e+00  1.39594491e-05 -3.15335174e-04  1.39594491e-05  5.00000000e+00 
 1.40090254e-05  3.15371251e+00  1.40090254e-05 -3.15406799e-04  1.40090254e-05  5.00000000e+00 
 1.40586018e-05  3.15371255e+00  1.40586018e-05 -3.15336372e-04  1.40586018e-05  5.00000000e+00 
 1.41081781e-05  3.15371251e+00  1.41081781e-05 -3.15405609e-04  1.41081781e-05  5.00000000e+00 
 1.41577545e-05  3.15371255e+00  1.41577545e-05 -3.15337555e-04  1.41577545e-05  5.00000000e+00 
 1.42073308e-05  3.15371251e+00  1.42073308e-05 -3.15404434e-04  1.42073308e-05  5.00000000e+00 
 1.42569071e-05  3.15371255e+00  1.42569071e-05 -3.15338722e-04  1.42569071e-05  5.00000000e+00 
 1.43064835e-05  3.15371251e+00  1.43064835e-05 -3.15403275e-04  1.43064835e-05  5.00000000e+00 
 1.43560598e-05  3.15371255e+00  1.43560598e-05 -3.15339873e-04  1.43560598e-05  5.00000000e+00 
 1.44056362e-05  3.15371251e+00  1.44056362e-05 -3.15402132e-04  1.44056362e-05  5.00000000e+00 
 1.44552125e-05  3.15371256e+00  1.44552125e-05 -3.15341007e-04  1.44552125e-05  5.00000000e+00 
 1.45047889e-05  3.15371251e+00  1.45047889e-05 -3.15401007e-04  1.45047889e-05  5.00000000e+00 
 1.45543652e-05  3.15371256e+00  1.45543652e-05 -3.15342124e-04  1.45543652e-05  5.00000000e+00 
 1.46039416e-05  3.15371251e+00  1.46039416e-05 -3.15399898e-04  1.46039416e-05  5.00000000e+00 
 1.46535179e-05  3.15371256e+00  1.46535179e-05 -3.15343224e-04  1.46535179e-05  5.00000000e+00 
 1.47030943e-05  3.15371251e+00  1.47030943e-05 -3.15398808e-04  1.47030943e-05  5.00000000e+00 
 1.47526706e-05  3.15371256e+00  1.47526706e-05 -3.15344305e-04  1.47526706e-05  5.00000000e+00 
 1.48022469e-05  3.15371251e+00  1.48022469e-05 -3.15397736e-04  1.48022469e-05  5.00000000e+00 
 1.48518233e-05  3.15371256e+00  1.48518233e-05 -3.15345368e-04  1.48518233e-05  5.00000000e+00 
 1.49013996e-05  3.15371251e+00  1.49013996e-05 -3.15396682e-04  1.49013996e-05  5.00000000e+00 
 1.49509760e-05  3.15371256e+00  1.49509760e-05 -3.15346413e-04  1.49509760e-05  5.00000000e+00 
 1.50005523e-05  3.15371251e+00  1.50005523e-05 -3.15395647e-04  1.50005523e-05  5.00000000e+00 
 1.50501287e-05  3.15371256e+00  1.50501287e-05 -3.15347438e-04  1.50501287e-05  5.00000000e+00 
 1.50997050e-05  3.15371251e+00  1.50997050e-05 -3.15394631e-04  1.50997050e-05  5.00000000e+00 
 1.51492814e-05  3.15371256e+00  1.51492814e-05 -3.15348444e-04  1.51492814e-05  5.00000000e+00 
 1.51988577e-05  3.15371251e+00  1.51988577e-05 -3.15393634e-04  1.51988577e-05  5.00000000e+00 
 1.52484341e-05  3.15371256e+00  1.52484341e-05 -3.15349431e-04  1.52484341e-05  5.00000000e+00 
 1.52980104e-05  3.15371251e+00  1.52980104e-05 -3.15392657e-04  1.52980104e-05  5.00000000e+00 
 1.53475867e-05  3.15371256e+00  1.53475867e-05 -3.15350399e-04  1.53475867e-05  5.00000000e+00 
 1.53971631e-05  3.15371251e+00  1.53971631e-05 -3.15391700e-04  1.53971631e-05  5.00000000e+00 
 1.54467394e-05  3.15371256e+00  1.54467394e-05 -3.15351346e-04  1.54467394e-05  5.00000000e+00 
 1.54963158e-05  3.15371251e+00  1.54963158e-05 -3.15390762e-04  1.54963158e-05  5.00000000e+00 
 1.55458921e-05  3.15371256e+00  1.55458921e-05 -3.15352274e-04  1.55458921e-05  5.00000000e+00 
 1.55954685e-05  3.15371251e+00  1.55954685e-05 -3.15389844e-04  1.55954685e-05  5.00000000e+00 
 1.56450448e-05  3.15371256e+00  1.56450448e-05 -3.15353182e-04  1.56450448e-05  5.00000000e+00 
 1.56946212e-05  3.15371251e+00  1.56946212e-05 -3.15388946e-04  1.56946212e-05  5.00000000e+00 
 1.57441975e-05  3.15371256e+00  1.57441975e-05 -3.15354070e-04  1.57441975e-05  5.00000000e+00 
 1.57937739e-05  3.15371251e+00  1.57937739e-05 -3.15388069e-04  1.57937739e-05  5.00000000e+00 
 1.58433502e-05  3.15371256e+00  1.58433502e-05 -3.15354938e-04  1.58433502e-05  5.00000000e+00 
 1.58929265e-05  3.15371251e+00  1.58929265e-05 -3.15387211e-04  1.58929265e-05  5.00000000e+00 
 1.59425029e-05  3.15371256e+00  1.59425029e-05 -3.15355785e-04  1.59425029e-05  5.00000000e+00 
 1.59920792e-05  3.15371251e+00  1.59920792e-05 -3.15386373e-04  1.59920792e-05  5.00000000e+00 
 1.60416556e-05  3.15371256e+00  1.60416556e-05 -3.15356613e-04  1.60416556e-05  5.00000000e+00 
 1.60912319e-05  3.15371251e+00  1.60912319e-05 -3.15385556e-04  1.60912319e-05  5.00000000e+00 
 1.61408083e-05  3.15371256e+00  1.61408083e-05 -3.15357420e-04  1.61408083e-05  5.00000000e+00 
 1.61903846e-05  3.15371251e+00  1.61903846e-05 -3.15384759e-04  1.61903846e-05  5.00000000e+00 
 1.62399610e-05  3.15371256e+00  1.62399610e-05 -3.15358207e-04  1.62399610e-05  5.00000000e+00 
 1.62895373e-05  3.15371251e+00  1.62895373e-05 -3.15383982e-04  1.62895373e-05  5.00000000e+00 
 1.63391137e-05  3.15371256e+00  1.63391137e-05 -3.15358974e-04  1.63391137e-05  5.00000000e+00 
 1.63886900e-05  3.15371251e+00  1.63886900e-05 -3.15383225e-04  1.63886900e-05  5.00000000e+00 
 1.64382663e-05  3.15371256e+00  1.64382663e-05 -3.15359721e-04  1.64382663e-05  5.00000000e+00 
 1.64878427e-05  3.15371251e+00  1.64878427e-05 -3.15382487e-04  1.64878427e-05  5.00000000e+00 
 1.65374190e-05  3.15371256e+00  1.65374190e-05 -3.15360449e-04  1.65374190e-05  5.00000000e+00 
 1.65869954e-05  3.15371251e+00  1.65869954e-05 -3.15381770e-04  1.65869954e-05  5.00000000e+00 
 1.66365717e-05  3.15371256e+00  1.66365717e-05 -3.15361156e-04  1.66365717e-05  5.00000000e+00 
 1.66861481e-05  3.15371251e+00  1.66861481e-05 -3.15381073e-04  1.66861481e-05  5.00000000e+00 
 1.67357244e-05  3.15371256e+00  1.67357244e-05 -3.15361844e-04  1.67357244e-05  5.00000000e+00 
 1.67853008e-05  3.15371251e+00  1.67853008e-05 -3.15380395e-04  1.67853008e-05  5.00000000e+00 
 1.68348771e-05  3.15371256e+00  1.68348771e-05 -3.15362512e-04  1.68348771e-05  5.00000000e+00 
 1.68844535e-05  3.15371251e+00  1.68844535e-05 -3.15379736e-04  1.68844535e-05  5.00000000e+00 
 1.69340298e-05  3.15371256e+00  1.69340298e-05 -3.15363161e-04  1.69340298e-05  5.00000000e+00 
 1.69836061e-05  3.15371251e+00  1.69836061e-05 -3.15379097e-04  1.69836061e-05  5.00000000e+00 
 1.70331825e-05  3.15371256e+00  1.70331825e-05 -3.15363791e-04  1.70331825e-05  5.00000000e+00 
 1.70827588e-05  3.15371251e+00  1.70827588e-05 -3.15378477e-04  1.70827588e-05  5.00000000e+00 
 1.71323352e-05  3.15371256e+00  1.71323352e-05 -3.15364401e-04  1.71323352e-05  5.00000000e+00 
 1.71819115e-05  3.15371251e+00  1.71819115e-05 -3.15377876e-04  1.71819115e-05  5.00000000e+00 
 1.72314879e-05  3.15371256e+00  1.72314879e-05 -3.15364993e-04  1.72314879e-05  5.00000000e+00 
 1.72810642e-05  3.15371251e+00  1.72810642e-05 -3.15377293e-04  1.72810642e-05  5.00000000e+00 
 1.73306406e-05  3.15371256e+00  1.73306406e-05 -3.15365566e-04  1.73306406e-05  5.00000000e+00 
 1.73802169e-05  3.15371251e+00  1.73802169e-05 -3.15376730e-04  1.73802169e-05  5.00000000e+00 
 1.74297933e-05  3.15371256e+00  1.74297933e-05 -3.15366120e-04  1.74297933e-05  5.00000000e+00 
 1.74793696e-05  3.15371251e+00  1.74793696e-05 -3.15376184e-04  1.74793696e-05  5.00000000e+00 
 1.75289459e-05  3.15371256e+00  1.75289459e-05 -3.15366656e-04  1.75289459e-05  5.00000000e+00 
 1.75785223e-05  3.15371251e+00  1.75785223e-05 -3.15375657e-04  1.75785223e-05  5.00000000e+00 
 1.76280986e-05  3.15371256e+00  1.76280986e-05 -3.15367175e-04  1.76280986e-05  5.00000000e+00 
 1.76776750e-05  3.15371251e+00  1.76776750e-05 -3.15375148e-04  1.76776750e-05  5.00000000e+00 
 1.77272513e-05  3.15371256e+00  1.77272513e-05 -3.15367675e-04  1.77272513e-05  5.00000000e+00 
 1.77768277e-05  3.15371251e+00  1.77768277e-05 -3.15374656e-04  1.77768277e-05  5.00000000e+00 
 1.78264040e-05  3.15371256e+00  1.78264040e-05 -3.15368158e-04  1.78264040e-05  5.00000000e+00 
 1.78759804e-05  3.15371252e+00  1.78759804e-05 -3.15374182e-04  1.78759804e-05  5.00000000e+00 
 1.79255567e-05  3.15371256e+00  1.79255567e-05 -3.15368624e-04  1.79255567e-05  5.00000000e+00 
 1.79751331e-05  3.15371252e+00  1.79751331e-05 -3.15373725e-04  1.79751331e-05  5.00000000e+00 
 1.80247094e-05  3.15371256e+00  1.80247094e-05 -3.15369072e-04  1.80247094e-05  5.00000000e+00 
 1.80742857e-05  3.15371252e+00  1.80742857e-05 -3.15373285e-04  1.80742857e-05  5.00000000e+00 
 1.81238621e-05  3.15371256e+00  1.81238621e-05 -3.15369504e-04  1.81238621e-05  5.00000000e+00 
 1.81734384e-05  3.15371252e+00  1.81734384e-05 -3.15372861e-04  1.81734384e-05  5.00000000e+00 
 1.82230148e-05  3.15371256e+00  1.82230148e-05 -3.15369920e-04  1.82230148e-05  5.00000000e+00 
 1.82725911e-05  3.15371252e+00  1.82725911e-05 -3.15372454e-04  1.82725911e-05  5.00000000e+00 
 1.83221675e-05  3.15371256e+00  1.83221675e-05 -3.15370319e-04  1.83221675e-05  5.00000000e+00 
 1.83717438e-05  3.15371252e+00  1.83717438e-05 -3.15372063e-04  1.83717438e-05  5.00000000e+00 
 1.84213202e-05  3.15371256e+00  1.84213202e-05 -3.15370702e-04  1.84213202e-05  5.00000000e+00 
 1.84708965e-05  3.15371252e+00  1.84708965e-05 -3.15371687e-04  1.84708965e-05  5.00000000e+00 
 1.85204728e-05  3.15371256e+00  1.85204728e-05 -3.15371069e-04  1.85204728e-05  5.00000000e+00 
 1.85700492e-05  3.15371252e+00  1.85700492e-05 -3.15371327e-04  1.85700492e-05  5.00000000e+00 
 1.86196255e-05  3.15371256e+00  1.86196255e-05 -3.15371422e-04  1.86196255e-05  5.00000000e+00 
 1.86692019e-05  3.15371252e+00  1.86692019e-05 -3.15370983e-04  1.86692019e-05  5.00000000e+00 
 1.87187782e-05  3.15371256e+00  1.87187782e-05 -3.15371759e-04  1.87187782e-05  5.00000000e+00 
 1.87683546e-05  3.15371252e+00  1.87683546e-05 -3.15370653e-04  1.87683546e-05  5.00000000e+00 
 1.88179309e-05  3.15371256e+00  1.88179309e-05 -3.15372081e-04  1.88179309e-05  5.00000000e+00 
 1.88675073e-05  3.15371252e+00  1.88675073e-05 -3.15370338e-04  1.88675073e-05  5.00000000e+00 
 1.89170836e-05  3.15371256e+00  1.89170836e-05 -3.15372389e-04  1.89170836e-05  5.00000000e+00 
 1.89666600e-05  3.15371252e+00  1.89666600e-05 -3.15370037e-04  1.89666600e-05  5.00000000e+00 
 1.90162363e-05  3.15371256e+00  1.90162363e-05 -3.15372683e-04  1.90162363e-05  5.00000000e+00 
 1.90658126e-05  3.15371252e+00  1.90658126e-05 -3.15369750e-04  1.90658126e-05  5.00000000e+00 
 1.91153890e-05  3.15371256e+00  1.91153890e-05 -3.15372963e-04  1.91153890e-05  5.00000000e+00 
 1.91649653e-05  3.15371252e+00  1.91649653e-05 -3.15369477e-04  1.91649653e-05  5.00000000e+00 
 1.92145417e-05  3.15371256e+00  1.92145417e-05 -3.15373229e-04  1.92145417e-05  5.00000000e+00 
 1.92641180e-05  3.15371252e+00  1.92641180e-05 -3.15369217e-04  1.92641180e-05  5.00000000e+00 
 1.93136944e-05  3.15371256e+00  1.93136944e-05 -3.15373482e-04  1.93136944e-05  5.00000000e+00 
 1.93632707e-05  3.15371252e+00  1.93632707e-05 -3.15368971e-04  1.93632707e-05  5.00000000e+00 
 1.94128471e-05  3.15371256e+00  1.94128471e-05 -3.15373723e-04  1.94128471e-05  5.00000000e+00 
 1.94624234e-05  3.15371252e+00  1.94624234e-05 -3.15368737e-04  1.94624234e-05  5.00000000e+00 
 1.95119998e-05  3.15371256e+00  1.95119998e-05 -3.15373950e-04  1.95119998e-05  5.00000000e+00 
 1.95615761e-05  3.15371252e+00  1.95615761e-05 -3.15368516e-04  1.95615761e-05  5.00000000e+00 
 1.96111524e-05  3.15371256e+00  1.96111524e-05 -3.15374165e-04  1.96111524e-05  5.00000000e+00 
 1.96607288e-05  3.15371252e+00  1.96607288e-05 -3.15368307e-04  1.96607288e-05  5.00000000e+00 
 1.97103051e-05  3.15371255e+00  1.97103051e-05 -3.15374368e-04  1.97103051e-05  5.00000000e+00 
 1.97598815e-05  3.15371252e+00  1.97598815e-05 -3.15368109e-04  1.97598815e-05  5.00000000e+00 
 1.98094578e-05  3.15371255e+00  1.98094578e-05 -3.15374560e-04  1.98094578e-05  5.00000000e+00 
 1.98590342e-05  3.15371252e+00  1.98590342e-05 -3.15367924e-04  1.98590342e-05  5.00000000e+00 
 1.99086105e-05  3.15371255e+00  1.99086105e-05 -3.15374740e-04  1.99086105e-05  5.00000000e+00 
 1.99581869e-05  3.15371252e+00  1.99581869e-05 -3.15367749e-04  1.99581869e-05  5.00000000e+00 
 2.00077632e-05  3.15371255e+00  2.00077632e-05 -3.15374909e-04  2.00077632e-05  5.00000000e+00 
 2.00573396e-05  3.15371252e+00  2.00573396e-05 -3.15367586e-04  2.00573396e-05  5.00000000e+00 
 2.01069159e-05  3.15371255e+00  2.01069159e-05 -3.15375067e-04  2.01069159e-05  5.00000000e+00 
 2.01564922e-05  3.15371252e+00  2.01564922e-05 -3.15367433e-04  2.01564922e-05  5.00000000e+00 
 2.02060686e-05  3.15371255e+00  2.02060686e-05 -3.15375215e-04  2.02060686e-05  5.00000000e+00 
 2.02556449e-05  3.15371252e+00  2.02556449e-05 -3.15367290e-04  2.02556449e-05  5.00000000e+00 
 2.03052213e-05  3.15371255e+00  2.03052213e-05 -3.15375352e-04  2.03052213e-05  5.00000000e+00 
 2.03547976e-05  3.15371252e+00  2.03547976e-05 -3.15367158e-04  2.03547976e-05  5.00000000e+00 
 2.04043740e-05  3.15371255e+00  2.04043740e-05 -3.15375479e-04  2.04043740e-05  5.00000000e+00 
 2.04539503e-05  3.15371253e+00  2.04539503e-05 -3.15367035e-04  2.04539503e-05  5.00000000e+00 
 2.05035267e-05  3.15371255e+00  2.05035267e-05 -3.15375597e-04  2.05035267e-05  5.00000000e+00 
 2.05531030e-05  3.15371253e+00  2.05531030e-05 -3.15366922e-04  2.05531030e-05  5.00000000e+00 
 2.06026794e-05  3.15371255e+00  2.06026794e-05 -3.15375706e-04  2.06026794e-05  5.00000000e+00 
 2.06522557e-05  3.15371253e+00  2.06522557e-05 -3.15366818e-04  2.06522557e-05  5.00000000e+00 
 2.07018320e-05  3.15371255e+00  2.07018320e-05 -3.15375805e-04  2.07018320e-05  5.00000000e+00 
 2.07514084e-05  3.15371253e+00  2.07514084e-05 -3.15366723e-04  2.07514084e-05  5.00000000e+00 
 2.08009847e-05  3.15371255e+00  2.08009847e-05 -3.15375896e-04  2.08009847e-05  5.00000000e+00 
 2.08505611e-05  3.15371253e+00  2.08505611e-05 -3.15366637e-04  2.08505611e-05  5.00000000e+00 
 2.09001374e-05  3.15371255e+00  2.09001374e-05 -3.15375978e-04  2.09001374e-05  5.00000000e+00 
 2.09497138e-05  3.15371253e+00  2.09497138e-05 -3.15366559e-04  2.09497138e-05  5.00000000e+00 
 2.09992901e-05  3.15371255e+00  2.09992901e-05 -3.15376052e-04  2.09992901e-05  5.00000000e+00 
 2.10488665e-05  3.15371253e+00  2.10488665e-05 -3.15366489e-04  2.10488665e-05  5.00000000e+00 
 2.10984428e-05  3.15371255e+00  2.10984428e-05 -3.15376118e-04  2.10984428e-05  5.00000000e+00 
 2.11480192e-05  3.15371253e+00  2.11480192e-05 -3.15366427e-04  2.11480192e-05  5.00000000e+00 
 2.11975955e-05  3.15371255e+00  2.11975955e-05 -3.15376176e-04  2.11975955e-05  5.00000000e+00 
 2.12471718e-05  3.15371253e+00  2.12471718e-05 -3.15366372e-04  2.12471718e-05  5.00000000e+00 
 2.12967482e-05  3.15371255e+00  2.12967482e-05 -3.15376227e-04  2.12967482e-05  5.00000000e+00 
 2.13463245e-05  3.15371253e+00  2.13463245e-05 -3.15366325e-04  2.13463245e-05  5.00000000e+00 
 2.13959009e-05  3.15371255e+00  2.13959009e-05 -3.15376271e-04  2.13959009e-05  5.00000000e+00 
 2.14454772e-05  3.15371253e+00  2.14454772e-05 -3.15366284e-04  2.14454772e-05  5.00000000e+00 
 2.14950536e-05  3.15371255e+00  2.14950536e-05 -3.15376308e-04  2.14950536e-05  5.00000000e+00 
 2.15446299e-05  3.15371253e+00  2.15446299e-05 -3.15366251e-04  2.15446299e-05  5.00000000e+00 
 2.15942063e-05  3.15371255e+00  2.15942063e-05 -3.15376339e-04  2.15942063e-05  5.00000000e+00 
 2.16437826e-05  3.15371253e+00  2.16437826e-05 -3.15366224e-04  2.16437826e-05  5.00000000e+00 
 2.16933590e-05  3.15371255e+00  2.16933590e-05 -3.15376363e-04  2.16933590e-05  5.00000000e+00 
 2.17429353e-05  3.15371253e+00  2.17429353e-05 -3.15366203e-04  2.17429353e-05  5.00000000e+00 
 2.17925116e-05  3.15371255e+00  2.17925116e-05 -3.15376380e-04  2.17925116e-05  5.00000000e+00 
 2.18420880e-05  3.15371253e+00  2.18420880e-05 -3.15366188e-04  2.18420880e-05  5.00000000e+00 
 2.18916643e-05  3.15371255e+00  2.18916643e-05 -3.15376392e-04  2.18916643e-05  5.00000000e+00 
 2.19412407e-05  3.15371253e+00  2.19412407e-05 -3.15366179e-04  2.19412407e-05  5.00000000e+00 
 2.19908170e-05  3.15371255e+00  2.19908170e-05 -3.15376399e-04  2.19908170e-05  5.00000000e+00 
 2.20403934e-05  3.15371253e+00  2.20403934e-05 -3.15366175e-04  2.20403934e-05  5.00000000e+00 
 2.20899697e-05  3.15371255e+00  2.20899697e-05 -3.15376400e-04  2.20899697e-05  5.00000000e+00 
 2.21395461e-05  3.15371253e+00  2.21395461e-05 -3.15366177e-04  2.21395461e-05  5.00000000e+00 
 2.21891224e-05  3.15371255e+00  2.21891224e-05 -3.15376396e-04  2.21891224e-05  5.00000000e+00 
 2.22386988e-05  3.15371253e+00  2.22386988e-05 -3.15366183e-04  2.22386988e-05  5.00000000e+00 
 2.22882751e-05  3.15371255e+00  2.22882751e-05 -3.15376386e-04  2.22882751e-05  5.00000000e+00 
 2.23378514e-05  3.15371253e+00  2.23378514e-05 -3.15366195e-04  2.23378514e-05  5.00000000e+00 
 2.23874278e-05  3.15371254e+00  2.23874278e-05 -3.15376373e-04  2.23874278e-05  5.00000000e+00 
 2.24370041e-05  3.15371253e+00  2.24370041e-05 -3.15366211e-04  2.24370041e-05  5.00000000e+00 
 2.24865805e-05  3.15371254e+00  2.24865805e-05 -3.15376354e-04  2.24865805e-05  5.00000000e+00 
 2.25361568e-05  3.15371253e+00  2.25361568e-05 -3.15366232e-04  2.25361568e-05  5.00000000e+00 
 2.25857332e-05  3.15371254e+00  2.25857332e-05 -3.15376331e-04  2.25857332e-05  5.00000000e+00 
 2.26353095e-05  3.15371253e+00  2.26353095e-05 -3.15366256e-04  2.26353095e-05  5.00000000e+00 
 2.26848859e-05  3.15371254e+00  2.26848859e-05 -3.15376305e-04  2.26848859e-05  5.00000000e+00 
 2.27344622e-05  3.15371253e+00  2.27344622e-05 -3.15366285e-04  2.27344622e-05  5.00000000e+00 
 2.27840386e-05  3.15371254e+00  2.27840386e-05 -3.15376274e-04  2.27840386e-05  5.00000000e+00 
 2.28336149e-05  3.15371253e+00  2.28336149e-05 -3.15366318e-04  2.28336149e-05  5.00000000e+00 
 2.28831912e-05  3.15371254e+00  2.28831912e-05 -3.15376240e-04  2.28831912e-05  5.00000000e+00 
 2.29327676e-05  3.15371253e+00  2.29327676e-05 -3.15366354e-04  2.29327676e-05  5.00000000e+00 
 2.29823439e-05  3.15371254e+00  2.29823439e-05 -3.15376202e-04  2.29823439e-05  5.00000000e+00 
 2.30319203e-05  3.15371253e+00  2.30319203e-05 -3.15366393e-04  2.30319203e-05  5.00000000e+00 
 2.30814966e-05  3.15371254e+00  2.30814966e-05 -3.15376161e-04  2.30814966e-05  5.00000000e+00 
 2.31310730e-05  3.15371253e+00  2.31310730e-05 -3.15366436e-04  2.31310730e-05  5.00000000e+00 
 2.31806493e-05  3.15371254e+00  2.31806493e-05 -3.15376116e-04  2.31806493e-05  5.00000000e+00 
 2.32302257e-05  3.15371253e+00  2.32302257e-05 -3.15366482e-04  2.32302257e-05  5.00000000e+00 
 2.32798020e-05  3.15371254e+00  2.32798020e-05 -3.15376069e-04  2.32798020e-05  5.00000000e+00 
 2.33293784e-05  3.15371253e+00  2.33293784e-05 -3.15366530e-04  2.33293784e-05  5.00000000e+00 
 2.33789547e-05  3.15371254e+00  2.33789547e-05 -3.15376019e-04  2.33789547e-05  5.00000000e+00 
 2.34285310e-05  3.15371253e+00  2.34285310e-05 -3.15366582e-04  2.34285310e-05  5.00000000e+00 
 2.34781074e-05  3.15371254e+00  2.34781074e-05 -3.15375966e-04  2.34781074e-05  5.00000000e+00 
 2.35276837e-05  3.15371253e+00  2.35276837e-05 -3.15366636e-04  2.35276837e-05  5.00000000e+00 
 2.35772601e-05  3.15371254e+00  2.35772601e-05 -3.15375911e-04  2.35772601e-05  5.00000000e+00 
 2.36268364e-05  3.15371254e+00  2.36268364e-05 -3.15366692e-04  2.36268364e-05  5.00000000e+00 
 2.36764128e-05  3.15371254e+00  2.36764128e-05 -3.15375854e-04  2.36764128e-05  5.00000000e+00 
 2.37259891e-05  3.15371254e+00  2.37259891e-05 -3.15366750e-04  2.37259891e-05  5.00000000e+00 
 2.37755655e-05  3.15371254e+00  2.37755655e-05 -3.15375795e-04  2.37755655e-05  5.00000000e+00 
 2.38251418e-05  3.15371254e+00  2.38251418e-05 -3.15366811e-04  2.38251418e-05  5.00000000e+00 
 2.38747182e-05  3.15371254e+00  2.38747182e-05 -3.15375733e-04  2.38747182e-05  5.00000000e+00 
 2.39242945e-05  3.15371254e+00  2.39242945e-05 -3.15366873e-04  2.39242945e-05  5.00000000e+00 
 2.39738708e-05  3.15371254e+00  2.39738708e-05 -3.15375670e-04  2.39738708e-05  5.00000000e+00 
 2.40234472e-05  3.15371254e+00  2.40234472e-05 -3.15366937e-04  2.40234472e-05  5.00000000e+00 
 2.40730235e-05  3.15371254e+00  2.40730235e-05 -3.15375605e-04  2.40730235e-05  5.00000000e+00 
 2.41225999e-05  3.15371254e+00  2.41225999e-05 -3.15367003e-04  2.41225999e-05  5.00000000e+00 
 2.41721762e-05  3.15371254e+00  2.41721762e-05 -3.15375539e-04  2.41721762e-05  5.00000000e+00 
 2.42217526e-05  3.15371254e+00  2.42217526e-05 -3.15367070e-04  2.42217526e-05  5.00000000e+00 
 2.42713289e-05  3.15371254e+00  2.42713289e-05 -3.15375471e-04  2.42713289e-05  5.00000000e+00 
 2.43209053e-05  3.15371254e+00  2.43209053e-05 -3.15367139e-04  2.43209053e-05  5.00000000e+00 
 2.43704816e-05  3.15371254e+00  2.43704816e-05 -3.15375402e-04  2.43704816e-05  5.00000000e+00 
 2.44200580e-05  3.15371254e+00  2.44200580e-05 -3.15367208e-04  2.44200580e-05  5.00000000e+00 
 2.44696343e-05  3.15371254e+00  2.44696343e-05 -3.15375331e-04  2.44696343e-05  5.00000000e+00 
 2.45192106e-05  3.15371254e+00  2.45192106e-05 -3.15367279e-04  2.45192106e-05  5.00000000e+00 
 2.45687870e-05  3.15371254e+00  2.45687870e-05 -3.15375260e-04  2.45687870e-05  5.00000000e+00 
 2.46183633e-05  3.15371254e+00  2.46183633e-05 -3.15367351e-04  2.46183633e-05  5.00000000e+00 
 2.46679397e-05  3.15371254e+00  2.46679397e-05 -3.15375188e-04  2.46679397e-05  5.00000000e+00 
 2.47175160e-05  3.15371254e+00  2.47175160e-05 -3.15367424e-04  2.47175160e-05  5.00000000e+00 
 2.47528444e-05  3.15371254e+00  2.47528444e-05 -3.15375100e-04  2.47528444e-05  5.00000000e+00 
 2.47881727e-05  3.15371254e+00  2.47881727e-05 -3.15367527e-04  2.47881727e-05  5.00000000e+00 
 2.47903171e-05  3.15290007e+00  2.47903171e-05 -2.78670116e-04  2.47903171e-05  4.97837301e+00 
 2.47946058e-05  3.14975944e+00  2.47946058e-05 -2.08115594e-04  2.47946058e-05  4.93511902e+00 
 2.48031833e-05  3.13653369e+00  2.48031833e-05 -1.14443035e-04  2.48031833e-05  4.84861105e+00 
 2.48138060e-05  3.11223062e+00  2.48138060e-05 -5.44039919e-05  2.48138060e-05  4.74147703e+00 
 2.48245879e-05  3.08305895e+00  2.48245879e-05 -2.51341614e-05  2.48245879e-05  4.63273603e+00 
 2.48338102e-05  3.05647806e+00  2.48338102e-05 -1.31688906e-05  2.48338102e-05  4.53972500e+00 
 2.48433215e-05  3.02845685e+00  2.48433215e-05 -6.77365015e-06  2.48433215e-05  4.44379891e+00 
 2.48589790e-05  2.98209004e+00  2.48589790e-05 -2.46118247e-06  2.48589790e-05  4.28588651e+00 
 2.48736108e-05  2.93900043e+00  2.48736108e-05 -1.03440820e-06  2.48736108e-05  4.13831819e+00 
 2.49028744e-05  2.85439288e+00  2.49028744e-05 -3.77260364e-07  2.49028744e-05  3.84318153e+00 
 2.49403635e-05  2.74940416e+00  2.49403635e-05 -2.65211399e-07  2.49403635e-05  3.46508684e+00 
 2.49899398e-05  2.61642861e+00  2.49899398e-05 -2.79482832e-07  2.49899398e-05  2.96508684e+00 
 2.50395162e-05  2.48987749e+00  2.50395162e-05 -2.54376487e-07  2.50395162e-05  2.46508684e+00 
 2.50890925e-05  2.36950637e+00  2.50890925e-05 -2.74268484e-07  2.50890925e-05  1.96508684e+00 
 2.51386689e-05  2.25500327e+00  2.51386689e-05 -2.49638477e-07  2.51386689e-05  1.46508684e+00 
 2.51882452e-05  2.14605733e+00  2.51882452e-05 -2.69863083e-07  2.51882452e-05  9.65086843e-01 
 2.52378215e-05  2.04238281e+00  2.52378215e-05 -2.45527171e-07  2.52378215e-05  4.65086843e-01 
 2.52839362e-05  1.95045884e+00  2.52839362e-05 -2.66143422e-07  2.52839362e-05  0.00000000e+00 
 2.52888938e-05  1.94086948e+00  2.52888938e-05 -2.40224000e-11  2.52888938e-05  0.00000000e+00 
 2.52966290e-05  1.92596636e+00  2.52966290e-05 -2.40223998e-11  2.52966290e-05  0.00000000e+00 
 2.53017387e-05  1.91618434e+00  2.53017387e-05 -2.40224001e-11  2.53017387e-05  0.00000000e+00 
 2.53075939e-05  1.90503659e+00  2.53075939e-05 -2.40223999e-11  2.53075939e-05  0.00000000e+00 
 2.53156567e-05  1.88979155e+00  2.53156567e-05 -2.40224000e-11  2.53156567e-05  0.00000000e+00 
 2.53238256e-05  1.87447069e+00  2.53238256e-05 -2.40223998e-11  2.53238256e-05  0.00000000e+00 
 2.53341362e-05  1.85531024e+00  2.53341362e-05 -2.40223999e-11  2.53341362e-05  0.00000000e+00 
 2.53455484e-05  1.83433105e+00  2.53455484e-05 -2.40223998e-11  2.53455484e-05  0.00000000e+00 
 2.53585522e-05  1.81071528e+00  2.53585522e-05 -2.40223999e-11  2.53585522e-05  0.00000000e+00 
 2.53735958e-05  1.78377444e+00  2.53735958e-05 -2.40223999e-11  2.53735958e-05  0.00000000e+00 
 2.53902525e-05  1.75441249e+00  2.53902525e-05 -2.40223999e-11  2.53902525e-05  0.00000000e+00 
 2.54094166e-05  1.72122822e+00  2.54094166e-05 -2.40224000e-11  2.54094166e-05  0.00000000e+00 
 2.54306621e-05  1.68517351e+00  2.54306621e-05 -2.40224001e-11  2.54306621e-05  0.00000000e+00 
 2.54547848e-05  1.64515112e+00  2.54547848e-05 -2.40223999e-11  2.54547848e-05  0.00000000e+00 
 2.54814808e-05  1.60196711e+00  2.54814808e-05 -2.40224000e-11  2.54814808e-05  0.00000000e+00 
 2.55115891e-05  1.55462244e+00  2.55115891e-05 -2.40224000e-11  2.55115891e-05  0.00000000e+00 
 2.55446010e-05  1.50431943e+00  2.55446010e-05 -2.40224001e-11  2.55446010e-05  0.00000000e+00 
 2.55850889e-05  1.44484082e+00  2.55850889e-05 -2.40224002e-11  2.55850889e-05  0.00000000e+00 
 2.56346652e-05  1.37520262e+00  2.56346652e-05 -2.40224006e-11  2.56346652e-05  0.00000000e+00 
 2.56842416e-05  1.30892401e+00  2.56842416e-05 -2.40224015e-11  2.56842416e-05  0.00000000e+00 
 2.57338179e-05  1.24584286e+00  2.57338179e-05 -2.40224036e-11  2.57338179e-05  0.00000000e+00 
 2.57833943e-05  1.18580467e+00  2.57833943e-05 -2.40224082e-11  2.57833943e-05  0.00000000e+00 
 2.58329706e-05  1.12866261e+00  2.58329706e-05 -2.40224183e-11  2.58329706e-05  0.00000000e+00 
 2.58825470e-05  1.07427675e+00  2.58825470e-05 -2.40224394e-11  2.58825470e-05  0.00000000e+00 
 2.59321233e-05  1.02251413e+00  2.59321233e-05 -2.40224828e-11  2.59321233e-05  0.00000000e+00 
 2.59816996e-05  9.73247972e-01  2.59816996e-05 -2.40225689e-11  2.59816996e-05  0.00000000e+00 
 2.60312760e-05  9.26357885e-01  2.60312760e-05 -2.40227355e-11  2.60312760e-05  0.00000000e+00 
 2.60808523e-05  8.81729035e-01  2.60808523e-05 -2.40230492e-11  2.60808523e-05  0.00000000e+00 
 2.61304287e-05  8.39252396e-01  2.61304287e-05 -2.40236261e-11  2.61304287e-05  0.00000000e+00 
 2.61800050e-05  7.98823941e-01  2.61800050e-05 -2.40246599e-11  2.61800050e-05  0.00000000e+00 
 2.62295814e-05  7.60344950e-01  2.62295814e-05 -2.40264711e-11  2.62295814e-05  0.00000000e+00 
 2.62791577e-05  7.23721176e-01  2.62791577e-05 -2.40295698e-11  2.62791577e-05  0.00000000e+00 
 2.63287341e-05  6.88863238e-01  2.63287341e-05 -2.40347608e-11  2.63287341e-05  0.00000000e+00 
 2.63783104e-05  6.55685743e-01  2.63783104e-05 -2.40432626e-11  2.63783104e-05  0.00000000e+00 
 2.64278868e-05  6.24107768e-01  2.64278868e-05 -2.40569201e-11  2.64278868e-05  0.00000000e+00 
 2.64774631e-05  5.94051940e-01  2.64774631e-05 -2.40783937e-11  2.64774631e-05  0.00000000e+00 
 2.65270394e-05  5.65444996e-01  2.65270394e-05 -2.41115609e-11  2.65270394e-05  0.00000000e+00 
 2.65766158e-05  5.38216823e-01  2.65766158e-05 -2.41617535e-11  2.65766158e-05  0.00000000e+00 
 2.66261921e-05  5.12301100e-01  2.66261921e-05 -2.42364827e-11  2.66261921e-05  0.00000000e+00 
 2.66757685e-05  4.87634288e-01  2.66757685e-05 -2.43455956e-11  2.66757685e-05  0.00000000e+00 
 2.67253448e-05  4.64156352e-01  2.67253448e-05 -2.45025642e-11  2.67253448e-05  0.00000000e+00 
 2.67749212e-05  4.41809705e-01  2.67749212e-05 -2.47242072e-11  2.67749212e-05  0.00000000e+00 
 2.68244975e-05  4.20540008e-01  2.68244975e-05 -2.50329993e-11  2.68244975e-05  0.00000000e+00 
 2.68740739e-05  4.00295063e-01  2.68740739e-05 -2.54555811e-11  2.68740739e-05  0.00000000e+00 
 2.69236502e-05  3.81025692e-01  2.69236502e-05 -2.60269806e-11  2.69236502e-05  0.00000000e+00 
 2.69732266e-05  3.62684576e-01  2.69732266e-05 -2.67864122e-11  2.69732266e-05  0.00000000e+00 
 2.70228029e-05  3.45227212e-01  2.70228029e-05 -2.77851042e-11  2.70228029e-05  0.00000000e+00 
 2.70723792e-05  3.28610698e-01  2.70723792e-05 -2.90767390e-11  2.70723792e-05  0.00000000e+00 
 2.71219556e-05  3.12794768e-01  2.71219556e-05 -3.07319408e-11  2.71219556e-05  0.00000000e+00 
 2.71715319e-05  2.97740518e-01  2.71715319e-05 -3.28189755e-11  2.71715319e-05  0.00000000e+00 
 2.72211083e-05  2.83411521e-01  2.72211083e-05 -3.54300700e-11  2.72211083e-05  0.00000000e+00 
 2.72706846e-05  2.69772496e-01  2.72706846e-05 -3.86455094e-11  2.72706846e-05  0.00000000e+00 
 2.73202610e-05  2.56790490e-01  2.73202610e-05 -4.25799963e-11  2.73202610e-05  0.00000000e+00 
 2.73698373e-05  2.44433503e-01  2.73698373e-05 -4.73199162e-11  2.73698373e-05  0.00000000e+00 
 2.74194137e-05  2.32671733e-01  2.74194137e-05 -5.30019986e-11  2.74194137e-05  0.00000000e+00 
 2.74689900e-05  2.21476148e-01  2.74689900e-05 -5.97091785e-11  2.74689900e-05  0.00000000e+00 
 2.75185664e-05  2.10819801e-01  2.75185664e-05 -6.75988779e-11  2.75185664e-05  0.00000000e+00 
 2.75681427e-05  2.00676348e-01  2.75681427e-05 -7.67376014e-11  2.75681427e-05  0.00000000e+00 
 2.76177190e-05  1.91021428e-01  2.76177190e-05 -8.73020625e-11  2.76177190e-05  0.00000000e+00 
 2.76672954e-05  1.81831132e-01  2.76672954e-05 -9.93265767e-11  2.76672954e-05  0.00000000e+00 
 2.77168717e-05  1.73083441e-01  2.77168717e-05 -1.13006731e-10  2.77168717e-05  0.00000000e+00 
 2.77664481e-05  1.64756650e-01  2.77664481e-05 -1.28327084e-10  2.77664481e-05  0.00000000e+00 
 2.78160244e-05  1.56830863e-01  2.78160244e-05 -1.45503727e-10  2.78160244e-05  0.00000000e+00 
 2.78656008e-05  1.49286371e-01  2.78656008e-05 -1.64453192e-10  2.78656008e-05  0.00000000e+00 
 2.79151771e-05  1.42105202e-01  2.79151771e-05 -1.85416609e-10  2.79151771e-05  0.00000000e+00 
 2.79647535e-05  1.35269451e-01  2.79647535e-05 -2.08224594e-10  2.79647535e-05  0.00000000e+00 
 2.80143298e-05  1.28762888e-01  2.80143298e-05 -2.33151236e-10  2.80143298e-05  0.00000000e+00 
 2.80639062e-05  1.22569247e-01  2.80639062e-05 -2.59924604e-10  2.80639062e-05  0.00000000e+00 
 2.81134825e-05  1.16673874e-01  2.81134825e-05 -2.88863086e-10  2.81134825e-05  0.00000000e+00 
 2.81630588e-05  1.11061985e-01  2.81630588e-05 -3.19577479e-10  2.81630588e-05  0.00000000e+00 
 2.82126352e-05  1.05720355e-01  2.82126352e-05 -3.52444798e-10  2.82126352e-05  0.00000000e+00 
 2.82622115e-05  1.00635541e-01  2.82622115e-05 -3.86946111e-10  2.82622115e-05  0.00000000e+00 
 2.83117879e-05  9.57956131e-02  2.83117879e-05 -4.23533601e-10  2.83117879e-05  0.00000000e+00 
 2.83613642e-05  9.11883429e-02  2.83613642e-05 -4.61548542e-10  2.83613642e-05  0.00000000e+00 
 2.84109406e-05  8.68029735e-02  2.84109406e-05 -5.01536022e-10  2.84109406e-05  0.00000000e+00 
 2.84605169e-05  8.26283766e-02  2.84605169e-05 -5.42689821e-10  2.84605169e-05  0.00000000e+00 
 2.85100933e-05  7.86548570e-02  2.85100933e-05 -5.85665740e-10  2.85100933e-05  0.00000000e+00 
 2.85596696e-05  7.48722833e-02  2.85596696e-05 -6.29504584e-10  2.85596696e-05  0.00000000e+00 
 2.86092460e-05  7.12719216e-02  2.86092460e-05 -6.74989696e-10  2.86092460e-05  0.00000000e+00 
 2.86588223e-05  6.78445438e-02  2.86588223e-05 -7.21005464e-10  2.86588223e-05  0.00000000e+00 
 2.87083986e-05  6.45822865e-02  2.87083986e-05 -7.68477673e-10  2.87083986e-05  0.00000000e+00 
 2.87579750e-05  6.14767401e-02  2.87579750e-05 -8.16132712e-10  2.87579750e-05  0.00000000e+00 
 2.88075513e-05  5.85208292e-02  2.88075513e-05 -8.65051072e-10  2.88075513e-05  0.00000000e+00 
 2.88571277e-05  5.57068860e-02  2.88571277e-05 -9.13801267e-10  2.88571277e-05  0.00000000e+00 
 2.89067040e-05  5.30285485e-02  2.89067040e-05 -9.63627617e-10  2.89067040e-05  0.00000000e+00 
 2.89562804e-05  5.04788216e-02  2.89562804e-05 -1.01294246e-09  2.89562804e-05  0.00000000e+00 
 2.90058567e-05  4.80519887e-02  2.90058567e-05 -1.06315969e-09  2.90058567e-05  0.00000000e+00 
 2.90554331e-05  4.57416646e-02  2.90554331e-05 -1.11253866e-09  2.90554331e-05  0.00000000e+00 
 2.91050094e-05  4.35427170e-02  2.91050094e-05 -1.16266508e-09  2.91050094e-05  0.00000000e+00 
 2.91545858e-05  4.14493138e-02  2.91545858e-05 -1.21164996e-09  2.91545858e-05  0.00000000e+00 
 2.92041621e-05  3.94568511e-02  2.92041621e-05 -1.26124977e-09  2.92041621e-05  0.00000000e+00 
 2.92537384e-05  3.75599989e-02  2.92537384e-05 -1.30943310e-09  2.92537384e-05  0.00000000e+00 
 2.93033148e-05  3.57546313e-02  2.93033148e-05 -1.35812302e-09  2.93033148e-05  0.00000000e+00 
 2.93528911e-05  3.40358739e-02  2.93528911e-05 -1.40515296e-09  2.93528911e-05  0.00000000e+00 
 2.94024675e-05  3.24000327e-02  2.94024675e-05 -1.45260562e-09  2.94024675e-05  0.00000000e+00 
 2.94520438e-05  3.08426471e-02  2.94520438e-05 -1.49818768e-09  2.94520438e-05  0.00000000e+00 
 2.95016202e-05  2.93604138e-02  2.95016202e-05 -1.54413219e-09  2.95016202e-05  0.00000000e+00 
 2.95511965e-05  2.79492480e-02  2.95511965e-05 -1.58802859e-09  2.95511965e-05  0.00000000e+00 
 2.96007729e-05  2.66061990e-02  2.96007729e-05 -1.63224890e-09  2.96007729e-05  0.00000000e+00 
 2.96503492e-05  2.53275238e-02  2.96503492e-05 -1.67427587e-09  2.96503492e-05  0.00000000e+00 
 2.96999256e-05  2.41105900e-02  2.96999256e-05 -1.71660755e-09  2.96999256e-05  0.00000000e+00 
 2.97495019e-05  2.29519655e-02  2.97495019e-05 -1.75663137e-09  2.97495019e-05  0.00000000e+00 
 2.97990782e-05  2.18493051e-02  2.97990782e-05 -1.79695723e-09  2.97990782e-05  0.00000000e+00 
 2.98486546e-05  2.07994595e-02  2.98486546e-05 -1.83488933e-09  2.98486546e-05  0.00000000e+00 
 2.98982309e-05  1.98003427e-02  2.98982309e-05 -1.87313439e-09  2.98982309e-05  0.00000000e+00 
 2.99478073e-05  1.88490627e-02  2.99478073e-05 -1.90892605e-09  2.99478073e-05  0.00000000e+00 
 2.99973836e-05  1.79437670e-02  2.99973836e-05 -1.94505221e-09  2.99973836e-05  0.00000000e+00 
 3.00469600e-05  1.70817984e-02  3.00469600e-05 -1.97868901e-09  3.00469600e-05  0.00000000e+00 
 3.00965363e-05  1.62615144e-02  3.00965363e-05 -2.01268966e-09  3.00965363e-05  0.00000000e+00 
 3.01461127e-05  1.54804718e-02  3.01461127e-05 -2.04418618e-09  3.01461127e-05  0.00000000e+00 
 3.01956890e-05  1.47372170e-02  3.01956890e-05 -2.07608103e-09  3.01956890e-05  0.00000000e+00 
 3.02452654e-05  1.40295024e-02  3.02452654e-05 -2.10547565e-09  3.02452654e-05  0.00000000e+00 
 3.02948417e-05  1.33560441e-02  3.02948417e-05 -2.13530590e-09  3.02948417e-05  0.00000000e+00 
 3.03444180e-05  1.27147729e-02  3.03444180e-05 -2.16265615e-09  3.03444180e-05  0.00000000e+00 
 3.03939944e-05  1.21045571e-02  3.03939944e-05 -2.19048005e-09  3.03939944e-05  0.00000000e+00 
 3.04435707e-05  1.15234912e-02  3.04435707e-05 -2.21585833e-09  3.04435707e-05  0.00000000e+00 
 3.04931471e-05  1.09705796e-02  3.04931471e-05 -2.24174723e-09  3.04931471e-05  0.00000000e+00 
 3.05427234e-05  1.04440664e-02  3.05427234e-05 -2.26523709e-09  3.05427234e-05  0.00000000e+00 
 3.05922998e-05  9.94307801e-03  3.05922998e-05 -2.28927199e-09  3.05922998e-05  0.00000000e+00 
 3.06418761e-05  9.46599586e-03  3.06418761e-05 -2.31096484e-09  3.06418761e-05  0.00000000e+00 
 3.06914525e-05  9.01205501e-03  3.06914525e-05 -2.33323340e-09  3.06914525e-05  0.00000000e+00 
 3.07410288e-05  8.57976307e-03  3.07410288e-05 -2.35322576e-09  3.07410288e-05  0.00000000e+00 
 3.07906051e-05  8.16845182e-03  3.07906051e-05 -2.37381980e-09  3.07906051e-05  0.00000000e+00 
 3.08401815e-05  7.77674498e-03  3.08401815e-05 -2.39221098e-09  3.08401815e-05  0.00000000e+00 
 3.08897578e-05  7.40406019e-03  3.08897578e-05 -2.41122439e-09  3.08897578e-05  0.00000000e+00 
 3.09393342e-05  7.04912820e-03  3.09393342e-05 -2.42811453e-09  3.09393342e-05  0.00000000e+00 
 3.09889105e-05  6.71144257e-03  3.09889105e-05 -2.44564155e-09  3.09889105e-05  0.00000000e+00 
 3.10384869e-05  6.38983292e-03  3.10384869e-05 -2.46113016e-09  3.10384869e-05  0.00000000e+00 
 3.10880632e-05  6.08385974e-03  3.10880632e-05 -2.47726399e-09  3.10880632e-05  0.00000000e+00 
 3.11376396e-05  5.79244410e-03  3.11376396e-05 -2.49144865e-09  3.11376396e-05  0.00000000e+00 
 3.11872159e-05  5.51520523e-03  3.11872159e-05 -2.50628043e-09  3.11872159e-05  0.00000000e+00 
 3.12367923e-05  5.25114898e-03  3.12367923e-05 -2.51925589e-09  3.12367923e-05  0.00000000e+00 
 3.12863686e-05  4.99994591e-03  3.12863686e-05 -2.53287383e-09  3.12863686e-05  0.00000000e+00 
 3.13359449e-05  4.76068061e-03  3.13359449e-05 -2.54473130e-09  3.13359449e-05  0.00000000e+00 
 3.13855213e-05  4.53306818e-03  3.13855213e-05 -2.55722011e-09  3.13855213e-05  0.00000000e+00 
 3.14350976e-05  4.31626654e-03  3.14350976e-05 -2.56804673e-09  3.14350976e-05  0.00000000e+00 
 3.14846740e-05  4.11002918e-03  3.14846740e-05 -2.57948721e-09  3.14846740e-05  0.00000000e+00 
 3.15342503e-05  3.91358245e-03  3.15342503e-05 -2.58936573e-09  3.15342503e-05  0.00000000e+00 
 3.15838267e-05  3.72671261e-03  3.15838267e-05 -2.59983446e-09  3.15838267e-05  0.00000000e+00 
 3.16334030e-05  3.54871002e-03  3.16334030e-05 -2.60884306e-09  3.16334030e-05  0.00000000e+00 
 3.16829794e-05  3.37938865e-03  3.16829794e-05 -2.61841228e-09  3.16829794e-05  0.00000000e+00 
 3.17325557e-05  3.21809886e-03  3.17325557e-05 -2.62662446e-09  3.17325557e-05  0.00000000e+00 
 3.17821321e-05  3.06467769e-03  3.17821321e-05 -2.63536202e-09  3.17821321e-05  0.00000000e+00 
 3.18317084e-05  2.91853191e-03  3.18317084e-05 -2.64284658e-09  3.18317084e-05  0.00000000e+00 
 3.18812847e-05  2.77951745e-03  3.18812847e-05 -2.65081596e-09  3.18812847e-05  0.00000000e+00 
 3.19308611e-05  2.64709422e-03  3.19308611e-05 -2.65763709e-09  3.19308611e-05  0.00000000e+00 
 3.19804374e-05  2.52113319e-03  3.19804374e-05 -2.66489748e-09  3.19804374e-05  0.00000000e+00 
 3.20300138e-05  2.40114449e-03  3.20300138e-05 -2.67111488e-09  3.20300138e-05  0.00000000e+00 
 3.20795901e-05  2.28701071e-03  3.20795901e-05 -2.67772132e-09  3.20795901e-05  0.00000000e+00 
 3.21291665e-05  2.17828948e-03  3.21291665e-05 -2.68339034e-09  3.21291665e-05  0.00000000e+00 
 3.21787428e-05  2.07487186e-03  3.21787428e-05 -2.68939388e-09  3.21787428e-05  0.00000000e+00 
 3.22283192e-05  1.97636061e-03  3.22283192e-05 -2.69456571e-09  3.22283192e-05  0.00000000e+00 
 3.22778955e-05  1.88265244e-03  3.22778955e-05 -2.70001359e-09  3.22778955e-05  0.00000000e+00 
 3.23274719e-05  1.79339297e-03  3.23274719e-05 -2.70473547e-09  3.23274719e-05  0.00000000e+00 
 3.23770482e-05  1.70848203e-03  3.23770482e-05 -2.70967134e-09  3.23770482e-05  0.00000000e+00 
 3.24266245e-05  1.62760612e-03  3.24266245e-05 -2.71398676e-09  3.24266245e-05  0.00000000e+00 
 3.24762009e-05  1.55066586e-03  3.24762009e-05 -2.71845085e-09  3.24762009e-05  0.00000000e+00 
 3.25257772e-05  1.47738681e-03  3.25257772e-05 -2.72239979e-09  3.25257772e-05  0.00000000e+00 
 3.25753536e-05  1.40766829e-03  3.25753536e-05 -2.72642918e-09  3.25753536e-05  0.00000000e+00 
 3.26249299e-05  1.34127326e-03  3.26249299e-05 -2.73004828e-09  3.26249299e-05  0.00000000e+00 
 3.26745063e-05  1.27809787e-03  3.26745063e-05 -2.73367707e-09  3.26745063e-05  0.00000000e+00 
 3.27240826e-05  1.21794096e-03  3.27240826e-05 -2.73699992e-09  3.27240826e-05  0.00000000e+00 
 3.27736590e-05  1.16069382e-03  3.27736590e-05 -2.74025943e-09  3.27736590e-05  0.00000000e+00 
 3.28093916e-05  1.12114311e-03  3.28093916e-05 -2.74247799e-09  3.28093916e-05  0.00000000e+00 
 3.28301753e-05  1.09877971e-03  3.28301753e-05 -2.74370669e-09  3.28301753e-05  0.00000000e+00 
 3.28469998e-05  1.08102036e-03  3.28469998e-05 -2.74480074e-09  3.28469998e-05  0.00000000e+00 
 3.28615340e-05  1.06589408e-03  3.28615340e-05 -2.74549104e-09  3.28615340e-05  0.00000000e+00 
 3.28757031e-05  1.05139572e-03  3.28757031e-05 -2.74654921e-09  3.28757031e-05  0.00000000e+00 
 3.28897327e-05  1.03718376e-03  3.28897327e-05 -2.74703525e-09  3.28897327e-05  0.00000000e+00 
 3.29045645e-05  1.02244805e-03  3.29045645e-05 -2.74825744e-09  3.29045645e-05  0.00000000e+00 
 3.29211410e-05  1.00614085e-03  3.29211410e-05 -2.74872278e-09  3.29211410e-05  0.00000000e+00 
 3.29406017e-05  9.87446167e-04  3.29406017e-05 -2.75029178e-09  3.29406017e-05  0.00000000e+00 
 3.29650284e-05  9.64360103e-04  3.29650284e-05 -2.75103932e-09  3.29650284e-05  0.00000000e+00 
 3.29978628e-05  9.34338470e-04  3.29978628e-05 -2.75333029e-09  3.29978628e-05  0.00000000e+00 
 3.30456922e-05  8.92164198e-04  3.30456922e-05 -2.75510121e-09  3.30456922e-05  0.00000000e+00 
 3.30952686e-05  8.50649299e-04  3.30952686e-05 -2.75809075e-09  3.30952686e-05  0.00000000e+00 
 3.31448449e-05  8.10995951e-04  3.31448449e-05 -2.75968437e-09  3.31448449e-05  0.00000000e+00 
 3.31944212e-05  7.73389849e-04  3.31944212e-05 -2.76249353e-09  3.31944212e-05  0.00000000e+00 
 3.32439976e-05  7.37449247e-04  3.32439976e-05 -2.76384269e-09  3.32439976e-05  0.00000000e+00 
 3.32935739e-05  7.03385178e-04  3.32935739e-05 -2.76649029e-09  3.32935739e-05  0.00000000e+00 
 3.33431503e-05  6.70808437e-04  3.33431503e-05 -2.76761504e-09  3.33431503e-05  0.00000000e+00 
 3.33927266e-05  6.39954057e-04  3.33927266e-05 -2.77011797e-09  3.33927266e-05  0.00000000e+00 
 3.34423030e-05  6.10425069e-04  3.34423030e-05 -2.77103673e-09  3.34423030e-05  0.00000000e+00 
 3.34918793e-05  5.82479223e-04  3.34918793e-05 -2.77341022e-09  3.34918793e-05  0.00000000e+00 
 3.35414557e-05  5.55711581e-04  3.35414557e-05 -2.77413996e-09  3.35414557e-05  0.00000000e+00 
 3.35910320e-05  5.30401374e-04  3.35910320e-05 -2.77639772e-09  3.35910320e-05  0.00000000e+00 
 3.36406084e-05  5.06135584e-04  3.36406084e-05 -2.77695405e-09  3.36406084e-05  0.00000000e+00 
 3.36901847e-05  4.83213726e-04  3.36901847e-05 -2.77910836e-09  3.36901847e-05  0.00000000e+00 
 3.37397610e-05  4.61214677e-04  3.37397610e-05 -2.77950567e-09  3.37397610e-05  0.00000000e+00 
 3.37893374e-05  4.40457081e-04  3.37893374e-05 -2.78156755e-09  3.37893374e-05  0.00000000e+00 
 3.38389137e-05  4.20511760e-04  3.38389137e-05 -2.78181911e-09  3.38389137e-05  0.00000000e+00 
 3.38884901e-05  4.01715358e-04  3.38884901e-05 -2.78379840e-09  3.38884901e-05  0.00000000e+00 
 3.39380664e-05  3.83630773e-04  3.39380664e-05 -2.78391644e-09  3.39380664e-05  0.00000000e+00 
 3.39876428e-05  3.66611548e-04  3.39876428e-05 -2.78582190e-09  3.39876428e-05  0.00000000e+00 
 3.40372191e-05  3.50212849e-04  3.40372191e-05 -2.78581775e-09  3.40372191e-05  0.00000000e+00 
 3.40867955e-05  3.34804042e-04  3.40867955e-05 -2.78765716e-09  3.40867955e-05  0.00000000e+00 
 3.41363718e-05  3.19932815e-04  3.41363718e-05 -2.78754128e-09  3.41363718e-05  0.00000000e+00 
 3.41859482e-05  3.05983306e-04  3.41859482e-05 -2.78932152e-09  3.41859482e-05  0.00000000e+00 
 3.42355245e-05  2.92496036e-04  3.42355245e-05 -2.78910360e-09  3.42355245e-05  0.00000000e+00 
 3.42851008e-05  2.79868873e-04  3.42851008e-05 -2.79083075e-09  3.42851008e-05  0.00000000e+00 
 3.43346772e-05  2.67635540e-04  3.43346772e-05 -2.79051978e-09  3.43346772e-05  0.00000000e+00 
 3.43842535e-05  2.56206612e-04  3.43842535e-05 -2.79219917e-09  3.43842535e-05  0.00000000e+00 
 3.44338299e-05  2.45109424e-04  3.44338299e-05 -2.79180350e-09  3.44338299e-05  0.00000000e+00 
 3.44834062e-05  2.34766253e-04  3.44834062e-05 -2.79343977e-09  3.44834062e-05  0.00000000e+00 
 3.45329826e-05  2.24698501e-04  3.45329826e-05 -2.79296716e-09  3.45329826e-05  0.00000000e+00 
 3.45825589e-05  2.15339150e-04  3.45825589e-05 -2.79456435e-09  3.45825589e-05  0.00000000e+00 
 3.46321353e-05  2.06204164e-04  3.46321353e-05 -2.79402205e-09  3.46321353e-05  0.00000000e+00 
 3.46817116e-05  1.97736247e-04  3.46817116e-05 -2.79558363e-09  3.46817116e-05  0.00000000e+00 
 3.47312880e-05  1.89446457e-04  3.47312880e-05 -2.79497840e-09  3.47312880e-05  0.00000000e+00 
 3.47808643e-05  1.81786243e-04  3.47808643e-05 -2.79650733e-09  3.47808643e-05  0.00000000e+00 
 3.48304406e-05  1.74262320e-04  3.48304406e-05 -2.79584548e-09  3.48304406e-05  0.00000000e+00 
 3.48800170e-05  1.67333919e-04  3.48800170e-05 -2.79734428e-09  3.48800170e-05  0.00000000e+00 
 3.49295933e-05  1.60504005e-04  3.49295933e-05 -2.79663173e-09  3.49295933e-05  0.00000000e+00 
 3.49791697e-05  1.54238634e-04  3.49791697e-05 -2.79810247e-09  3.49791697e-05  0.00000000e+00 
 3.50287460e-05  1.48037638e-04  3.50287460e-05 -2.79734478e-09  3.50287460e-05  0.00000000e+00 
 3.50783224e-05  1.42372950e-04  3.50783224e-05 -2.79878917e-09  3.50783224e-05  0.00000000e+00 
 3.51278987e-05  1.36741916e-04  3.51278987e-05 -2.79799156e-09  3.51278987e-05  0.00000000e+00 
 3.51774751e-05  1.31621400e-04  3.51774751e-05 -2.79941097e-09  3.51774751e-05  0.00000000e+00 
 3.52270514e-05  1.26506923e-04  3.52270514e-05 -2.79857836e-09  3.52270514e-05  0.00000000e+00 
 3.52766277e-05  1.21879354e-04  3.52766277e-05 -2.79997385e-09  3.52766277e-05  0.00000000e+00 
 3.53262041e-05  1.17233069e-04  3.53262041e-05 -2.79911088e-09  3.53262041e-05  0.00000000e+00 
 3.53757804e-05  1.13052011e-04  3.53757804e-05 -2.80048323e-09  3.53757804e-05  0.00000000e+00 
 3.54253568e-05  1.08830112e-04  3.54253568e-05 -2.79959428e-09  3.54253568e-05  0.00000000e+00 
 3.54749331e-05  1.05053471e-04  3.54749331e-05 -2.80094402e-09  3.54749331e-05  0.00000000e+00 
 3.55245095e-05  1.01216284e-04  3.55245095e-05 -2.80003325e-09  3.55245095e-05  0.00000000e+00 
 3.55740858e-05  9.78058987e-05  3.55740858e-05 -2.80136069e-09  3.55740858e-05  0.00000000e+00 
 3.56236622e-05  9.43174959e-05  3.56236622e-05 -2.80043203e-09  3.56236622e-05  0.00000000e+00 
 3.56732385e-05  9.12387694e-05  3.56732385e-05 -2.80173728e-09  3.56732385e-05  0.00000000e+00 
 3.57228149e-05  8.80666145e-05  3.57228149e-05 -2.80079448e-09  3.57228149e-05  0.00000000e+00 
 3.57723912e-05  8.52881800e-05  3.57723912e-05 -2.80207746e-09  3.57723912e-05  0.00000000e+00 
 3.58219675e-05  8.24028107e-05  3.58219675e-05 -2.80112407e-09  3.58219675e-05  0.00000000e+00 
 3.58715439e-05  7.98962283e-05  3.58715439e-05 -2.80238455e-09  3.58715439e-05  0.00000000e+00 
 3.59211202e-05  7.72709669e-05  3.59211202e-05 -2.80142397e-09  3.59211202e-05  0.00000000e+00 
 3.59706966e-05  7.50104492e-05  3.59706966e-05 -2.80266159e-09  3.59706966e-05  0.00000000e+00 
 3.60202729e-05  7.26211409e-05  3.60202729e-05 -2.80169704e-09  3.60202729e-05  0.00000000e+00 
 3.60698493e-05  7.05833043e-05  3.60698493e-05 -2.80291131e-09  3.60698493e-05  0.00000000e+00 
 3.61194256e-05  6.84080797e-05  3.61194256e-05 -2.80194587e-09  3.61194256e-05  0.00000000e+00 
 3.61690020e-05  6.65717196e-05  3.61690020e-05 -2.80313619e-09  3.61690020e-05  0.00000000e+00 
 3.62185783e-05  6.45907794e-05  3.62185783e-05 -2.80217281e-09  3.62185783e-05  0.00000000e+00 
 3.62681547e-05  6.29366655e-05  3.62681547e-05 -2.80333849e-09  3.62681547e-05  0.00000000e+00 
 3.63177310e-05  6.11320863e-05  3.63177310e-05 -2.80237998e-09  3.63177310e-05  0.00000000e+00 
 3.63673073e-05  5.96427780e-05  3.63673073e-05 -2.80352025e-09  3.63673073e-05  0.00000000e+00 
 3.64168837e-05  5.79983349e-05  3.64168837e-05 -2.80256930e-09  3.64168837e-05  0.00000000e+00 
 3.64664600e-05  5.66580137e-05  3.64664600e-05 -2.80368334e-09  3.64664600e-05  0.00000000e+00 
 3.65160364e-05  5.51590207e-05  3.65160364e-05 -2.80274253e-09  3.65160364e-05  0.00000000e+00 
 3.65656127e-05  5.39533386e-05  3.65656127e-05 -2.80382943e-09  3.65656127e-05  0.00000000e+00 
 3.66151891e-05  5.25865033e-05  3.66151891e-05 -2.80290122e-09  3.66151891e-05  0.00000000e+00 
 3.66647654e-05  5.15024451e-05  3.66647654e-05 -2.80396007e-09  3.66647654e-05  0.00000000e+00 
 3.67143418e-05  5.02557375e-05  3.67143418e-05 -2.80304680e-09  3.67143418e-05  0.00000000e+00 
 3.67639181e-05  4.92814963e-05  3.67639181e-05 -2.80407663e-09  3.67639181e-05  0.00000000e+00 
 3.68134945e-05  4.81440294e-05  3.68134945e-05 -2.80318058e-09  3.68134945e-05  0.00000000e+00 
 3.68630708e-05  4.72688940e-05  3.68630708e-05 -2.80418038e-09  3.68630708e-05  0.00000000e+00 
 3.69126471e-05  4.62308159e-05  3.69126471e-05 -2.80330369e-09  3.69126471e-05  0.00000000e+00 
 3.69622235e-05  4.54450683e-05  3.69622235e-05 -2.80427248e-09  3.69622235e-05  0.00000000e+00 
 3.70117998e-05  4.44974642e-05  3.70117998e-05 -2.80341721e-09  3.70117998e-05  0.00000000e+00 
 3.70613762e-05  4.37922871e-05  3.70613762e-05 -2.80435395e-09  3.70613762e-05  0.00000000e+00 
 3.71109525e-05  4.29270910e-05  3.71109525e-05 -2.80352208e-09  3.71109525e-05  0.00000000e+00 
 3.71605289e-05  4.22944839e-05  3.71605289e-05 -2.80442576e-09  3.71605289e-05  0.00000000e+00 
 3.72101052e-05  4.15043979e-05  3.72101052e-05 -2.80361916e-09  3.72101052e-05  0.00000000e+00 
 3.72596816e-05  4.09371012e-05  3.72596816e-05 -2.80448876e-09  3.72596816e-05  0.00000000e+00 
 3.73092579e-05  4.02155226e-05  3.73092579e-05 -2.80370922e-09  3.73092579e-05  0.00000000e+00 
 3.73588343e-05  3.97069487e-05  3.73588343e-05 -2.80454374e-09  3.73588343e-05  0.00000000e+00 
 3.74084106e-05  3.90479042e-05  3.74084106e-05 -2.80379295e-09  3.74084106e-05  0.00000000e+00 
 3.74579869e-05  3.85920752e-05  3.74579869e-05 -2.80459141e-09  3.74579869e-05  0.00000000e+00 
 3.75075633e-05  3.79901609e-05  3.75075633e-05 -2.80387100e-09  3.75075633e-05  0.00000000e+00 
 3.75571396e-05  3.75816518e-05  3.75571396e-05 -2.80463243e-09  3.75571396e-05  0.00000000e+00 
 3.76067160e-05  3.70319791e-05  3.76067160e-05 -2.80394392e-09  3.76067160e-05  0.00000000e+00 
 3.76562923e-05  3.66658672e-05  3.76562923e-05 -2.80466739e-09  3.76562923e-05  0.00000000e+00 
 3.77058687e-05  3.61640134e-05  3.77058687e-05 -2.80401222e-09  3.77058687e-05  0.00000000e+00 
 3.77554450e-05  3.58358315e-05  3.77554450e-05 -2.80469683e-09  3.77554450e-05  0.00000000e+00 
 3.78050214e-05  3.53777955e-05  3.78050214e-05 -2.80407636e-09  3.78050214e-05  0.00000000e+00 
 3.78545977e-05  3.50834901e-05  3.78545977e-05 -2.80472124e-09  3.78545977e-05  0.00000000e+00 
 3.79041741e-05  3.46656519e-05  3.79041741e-05 -2.80413676e-09  3.79041741e-05  0.00000000e+00 
 3.79537504e-05  3.44015450e-05  3.79537504e-05 -2.80474108e-09  3.79537504e-05  0.00000000e+00 
 3.80033267e-05  3.40206292e-05  3.80033267e-05 -2.80419378e-09  3.80033267e-05  0.00000000e+00 
 3.80529031e-05  3.37833841e-05  3.80529031e-05 -2.80475677e-09  3.80529031e-05  0.00000000e+00 
 3.81024794e-05  3.34364265e-05  3.81024794e-05 -2.80424776e-09  3.81024794e-05  0.00000000e+00 
 3.81520558e-05  3.32230163e-05  3.81520558e-05 -2.80476867e-09  3.81520558e-05  0.00000000e+00 
 3.82016321e-05  3.29073341e-05  3.82016321e-05 -2.80429898e-09  3.82016321e-05  0.00000000e+00 
 3.82512085e-05  3.27150138e-05  3.82512085e-05 -2.80477714e-09  3.82512085e-05  0.00000000e+00 
 3.83007848e-05  3.24281781e-05  3.83007848e-05 -2.80434772e-09  3.83007848e-05  0.00000000e+00 
 3.83503612e-05  3.22544585e-05  3.83503612e-05 -2.80478249e-09  3.83503612e-05  0.00000000e+00 
 3.83999375e-05  3.19942701e-05  3.83999375e-05 -2.80439420e-09  3.83999375e-05  0.00000000e+00 
 3.84495139e-05  3.18368950e-05  3.84495139e-05 -2.80478501e-09  3.84495139e-05  0.00000000e+00 
 3.84990902e-05  3.16013613e-05  3.84990902e-05 -2.80443865e-09  3.84990902e-05  0.00000000e+00 
 3.85486665e-05  3.14582862e-05  3.85486665e-05 -2.80478498e-09  3.85486665e-05  0.00000000e+00 
 3.85982429e-05  3.12456016e-05  3.85982429e-05 -2.80448124e-09  3.85982429e-05  0.00000000e+00 
 3.86478192e-05  3.11149748e-05  3.86478192e-05 -2.80478263e-09  3.86478192e-05  0.00000000e+00 
 3.86973956e-05  3.09235019e-05  3.86973956e-05 -2.80452213e-09  3.86973956e-05  0.00000000e+00 
 3.87469719e-05  3.08036473e-05  3.87469719e-05 -2.80477821e-09  3.87469719e-05  0.00000000e+00 
 3.87965483e-05  3.06319005e-05  3.87965483e-05 -2.80456149e-09  3.87965483e-05  0.00000000e+00 
 3.88461246e-05  3.05213016e-05  3.88461246e-05 -2.80477191e-09  3.88461246e-05  0.00000000e+00 
 3.88957010e-05  3.03679319e-05  3.88957010e-05 -2.80459942e-09  3.88957010e-05  0.00000000e+00 
 3.89452773e-05  3.02652181e-05  3.89452773e-05 -2.80476393e-09  3.89452773e-05  0.00000000e+00 
 3.89948537e-05  3.01289995e-05  3.89948537e-05 -2.80463606e-09  3.89948537e-05  0.00000000e+00 
 3.90444300e-05  3.00329328e-05  3.90444300e-05 -2.80475445e-09  3.90444300e-05  0.00000000e+00 
 3.90940063e-05  2.99127500e-05  3.90940063e-05 -2.80467149e-09  3.90940063e-05  0.00000000e+00 
 3.91435827e-05  2.98222137e-05  3.91435827e-05 -2.80474364e-09  3.91435827e-05  0.00000000e+00 
 3.91931590e-05  2.97170506e-05  3.91931590e-05 -2.80470579e-09  3.91931590e-05  0.00000000e+00 
 3.92352871e-05  2.96443565e-05  3.92352871e-05 -2.80472884e-09  3.92352871e-05  0.00000000e+00 
 3.92587680e-05  2.96003819e-05  3.92587680e-05 -2.80475040e-09  3.92587680e-05  0.00000000e+00 
 3.92752054e-05  2.95665498e-05  3.92752054e-05 -2.80467435e-09  3.92752054e-05  0.00000000e+00 
 3.92891597e-05  2.95552640e-05  3.92891597e-05 -2.80482822e-09  3.92891597e-05  0.00000000e+00 
 3.93026976e-05  2.95100597e-05  3.93026976e-05 -2.80459574e-09  3.93026976e-05  0.00000000e+00 
 3.93155104e-05  2.95195300e-05  3.93155104e-05 -2.80491435e-09  3.93155104e-05  0.00000000e+00 
 3.93289255e-05  2.94568217e-05  3.93289255e-05 -2.80451607e-09  3.93289255e-05  0.00000000e+00 
 3.93435674e-05  2.94812353e-05  3.93435674e-05 -2.80499182e-09  3.93435674e-05  0.00000000e+00 
 3.93603238e-05  2.93982292e-05  3.93603238e-05 -2.80445386e-09  3.93603238e-05  0.00000000e+00 
 3.93809008e-05  2.94271600e-05  3.93809008e-05 -2.80504855e-09  3.93809008e-05  0.00000000e+00 
 3.94077749e-05  2.93189988e-05  3.94077749e-05 -2.80441693e-09  3.94077749e-05  0.00000000e+00 
 3.94457368e-05  2.93313904e-05  3.94457368e-05 -2.80508382e-09  3.94457368e-05  0.00000000e+00 
 3.94953132e-05  2.91878022e-05  3.94953132e-05 -2.80440299e-09  3.94953132e-05  0.00000000e+00 
 3.95448895e-05  2.91937115e-05  3.95448895e-05 -2.80511012e-09  3.95448895e-05  0.00000000e+00 
 3.95944658e-05  2.90528143e-05  3.95944658e-05 -2.80439285e-09  3.95944658e-05  0.00000000e+00 
 3.96440422e-05  2.90690906e-05  3.96440422e-05 -2.80513496e-09  3.96440422e-05  0.00000000e+00 
 3.96936185e-05  2.89303768e-05  3.96936185e-05 -2.80438250e-09  3.96936185e-05  0.00000000e+00 
 3.97431949e-05  2.89562915e-05  3.97431949e-05 -2.80515851e-09  3.97431949e-05  0.00000000e+00 
 3.97927712e-05  2.88193202e-05  3.97927712e-05 -2.80437211e-09  3.97927712e-05  0.00000000e+00 
 3.98423476e-05  2.88541948e-05  3.98423476e-05 -2.80518081e-09  3.98423476e-05  0.00000000e+00 
 3.98919239e-05  2.87185851e-05  3.98919239e-05 -2.80436178e-09  3.98919239e-05  0.00000000e+00 
 3.99415003e-05  2.87617863e-05  3.99415003e-05 -2.80520187e-09  3.99415003e-05  0.00000000e+00 
 3.99910766e-05  2.86272116e-05  3.99910766e-05 -2.80435159e-09  3.99910766e-05  0.00000000e+00 
 4.00406530e-05  2.86781465e-05  4.00406530e-05 -2.80522174e-09  4.00406530e-05  0.00000000e+00 
 4.00902293e-05  2.85443304e-05  4.00902293e-05 -2.80434161e-09  4.00902293e-05  0.00000000e+00 
 4.01398056e-05  2.86024426e-05  4.01398056e-05 -2.80524043e-09  4.01398056e-05  0.00000000e+00 
 4.01893820e-05  2.84691538e-05  4.01893820e-05 -2.80433192e-09  4.01893820e-05  0.00000000e+00 
 4.02389583e-05  2.85339194e-05  4.02389583e-05 -2.80525797e-09  4.02389583e-05  0.00000000e+00 
 4.02885347e-05  2.84009683e-05  4.02885347e-05 -2.80432258e-09  4.02885347e-05  0.00000000e+00 
 4.03381110e-05  2.84718928e-05  4.03381110e-05 -2.80527437e-09  4.03381110e-05  0.00000000e+00 
 4.03876874e-05  2.83391273e-05  4.03876874e-05 -2.80431365e-09  4.03876874e-05  0.00000000e+00 
 4.04372637e-05  2.84157426e-05  4.04372637e-05 -2.80528965e-09  4.04372637e-05  0.00000000e+00 
 4.04868401e-05  2.82830453e-05  4.04868401e-05 -2.80430518e-09  4.04868401e-05  0.00000000e+00 
 4.05364164e-05  2.83649071e-05  4.05364164e-05 -2.80530382e-09  4.05364164e-05  0.00000000e+00 
 4.05859928e-05  2.82321916e-05  4.05859928e-05 -2.80429722e-09  4.05859928e-05  0.00000000e+00 
 4.06355691e-05  2.83188768e-05  4.06355691e-05 -2.80531689e-09  4.06355691e-05  0.00000000e+00 
 4.06851454e-05  2.81860855e-05  4.06851454e-05 -2.80428982e-09  4.06851454e-05  0.00000000e+00 
 4.07347218e-05  2.82771905e-05  4.07347218e-05 -2.80532887e-09  4.07347218e-05  0.00000000e+00 
 4.07842981e-05  2.81442916e-05  4.07842981e-05 -2.80428303e-09  4.07842981e-05  0.00000000e+00 
 4.08338745e-05  2.82394298e-05  4.08338745e-05 -2.80533978e-09  4.08338745e-05  0.00000000e+00 
 4.08834508e-05  2.81064153e-05  4.08834508e-05 -2.80427687e-09  4.08834508e-05  0.00000000e+00 
 4.09330272e-05  2.82052160e-05  4.09330272e-05 -2.80534961e-09  4.09330272e-05  0.00000000e+00 
 4.09826035e-05  2.80720990e-05  4.09826035e-05 -2.80427138e-09  4.09826035e-05  0.00000000e+00 
 4.10321799e-05  2.81742056e-05  4.10321799e-05 -2.80535837e-09  4.10321799e-05  0.00000000e+00 
 4.10817562e-05  2.80410188e-05  4.10817562e-05 -2.80426660e-09  4.10817562e-05  0.00000000e+00 
 4.11313326e-05  2.81460877e-05  4.11313326e-05 -2.80536608e-09  4.11313326e-05  0.00000000e+00 
 4.11809089e-05  2.80128812e-05  4.11809089e-05 -2.80426255e-09  4.11809089e-05  0.00000000e+00 
 4.12304852e-05  2.81205803e-05  4.12304852e-05 -2.80537273e-09  4.12304852e-05  0.00000000e+00 
 4.12800616e-05  2.79874200e-05  4.12800616e-05 -2.80425926e-09  4.12800616e-05  0.00000000e+00 
 4.13296379e-05  2.80974281e-05  4.13296379e-05 -2.80537834e-09  4.13296379e-05  0.00000000e+00 
 4.13792143e-05  2.79643943e-05  4.13792143e-05 -2.80425674e-09  4.13792143e-05  0.00000000e+00 
 4.14287906e-05  2.80763998e-05  4.14287906e-05 -2.80538291e-09  4.14287906e-05  0.00000000e+00 
 4.14783670e-05  2.79435854e-05  4.14783670e-05 -2.80425502e-09  4.14783670e-05  0.00000000e+00 
 4.15279433e-05  2.80572861e-05  4.15279433e-05 -2.80538644e-09  4.15279433e-05  0.00000000e+00 
 4.15775197e-05  2.79247952e-05  4.15775197e-05 -2.80425412e-09  4.15775197e-05  0.00000000e+00 
 4.16270960e-05  2.80398971e-05  4.16270960e-05 -2.80538895e-09  4.16270960e-05  0.00000000e+00 
 4.16766724e-05  2.79078442e-05  4.16766724e-05 -2.80425404e-09  4.16766724e-05  0.00000000e+00 
 4.17262487e-05  2.80240611e-05  4.17262487e-05 -2.80539044e-09  4.17262487e-05  0.00000000e+00 
 4.17758250e-05  2.78925696e-05  4.17758250e-05 -2.80425480e-09  4.17758250e-05  0.00000000e+00 
 4.18254014e-05  2.80096225e-05  4.18254014e-05 -2.80539092e-09  4.18254014e-05  0.00000000e+00 
 4.18749777e-05  2.78788234e-05  4.18749777e-05 -2.80425641e-09  4.18749777e-05  0.00000000e+00 
 4.19245541e-05  2.79964406e-05  4.19245541e-05 -2.80539040e-09  4.19245541e-05  0.00000000e+00 
 4.19741304e-05  2.78664719e-05  4.19741304e-05 -2.80425887e-09  4.19741304e-05  0.00000000e+00 
 4.20237068e-05  2.79843881e-05  4.20237068e-05 -2.80538889e-09  4.20237068e-05  0.00000000e+00 
 4.20732831e-05  2.78553934e-05  4.20732831e-05 -2.80426219e-09  4.20732831e-05  0.00000000e+00 
 4.21228595e-05  2.79733496e-05  4.21228595e-05 -2.80538640e-09  4.21228595e-05  0.00000000e+00 
 4.21724358e-05  2.78454775e-05  4.21724358e-05 -2.80426637e-09  4.21724358e-05  0.00000000e+00 
 4.22220122e-05  2.79632209e-05  4.22220122e-05 -2.80538293e-09  4.22220122e-05  0.00000000e+00 
 4.22715885e-05  2.78366240e-05  4.22715885e-05 -2.80427141e-09  4.22715885e-05  0.00000000e+00 
 4.23211648e-05  2.79539078e-05  4.23211648e-05 -2.80537851e-09  4.23211648e-05  0.00000000e+00 
 4.23707412e-05  2.78287421e-05  4.23707412e-05 -2.80427730e-09  4.23707412e-05  0.00000000e+00 
 4.24203175e-05  2.79453251e-05  4.24203175e-05 -2.80537314e-09  4.24203175e-05  0.00000000e+00 
 4.24698939e-05  2.78217489e-05  4.24698939e-05 -2.80428405e-09  4.24698939e-05  0.00000000e+00 
 4.25194702e-05  2.79373959e-05  4.25194702e-05 -2.80536684e-09  4.25194702e-05  0.00000000e+00 
 4.25690466e-05  2.78155693e-05  4.25690466e-05 -2.80429165e-09  4.25690466e-05  0.00000000e+00 
 4.26186229e-05  2.79300507e-05  4.26186229e-05 -2.80535962e-09  4.26186229e-05  0.00000000e+00 
 4.26681993e-05  2.78101350e-05  4.26681993e-05 -2.80430008e-09  4.26681993e-05  0.00000000e+00 
 4.27177756e-05  2.79232268e-05  4.27177756e-05 -2.80535150e-09  4.27177756e-05  0.00000000e+00 
 4.27673520e-05  2.78053837e-05  4.27673520e-05 -2.80430934e-09  4.27673520e-05  0.00000000e+00 
 4.28169283e-05  2.79168677e-05  4.28169283e-05 -2.80534250e-09  4.28169283e-05  0.00000000e+00 
 4.28665046e-05  2.78012588e-05  4.28665046e-05 -2.80431942e-09  4.28665046e-05  0.00000000e+00 
 4.29160810e-05  2.79109225e-05  4.29160810e-05 -2.80533263e-09  4.29160810e-05  0.00000000e+00 
 4.29656573e-05  2.77977086e-05  4.29656573e-05 -2.80433031e-09  4.29656573e-05  0.00000000e+00 
 4.30152337e-05  2.79053453e-05  4.30152337e-05 -2.80532192e-09  4.30152337e-05  0.00000000e+00 
 4.30648100e-05  2.77946861e-05  4.30648100e-05 -2.80434198e-09  4.30648100e-05  0.00000000e+00 
 4.31143864e-05  2.79000949e-05  4.31143864e-05 -2.80531038e-09  4.31143864e-05  0.00000000e+00 
 4.31639627e-05  2.77921482e-05  4.31639627e-05 -2.80435443e-09  4.31639627e-05  0.00000000e+00 
 4.32135391e-05  2.78951344e-05  4.32135391e-05 -2.80529803e-09  4.32135391e-05  0.00000000e+00 
 4.32631154e-05  2.77900557e-05  4.32631154e-05 -2.80436763e-09  4.32631154e-05  0.00000000e+00 
 4.33126917e-05  2.78904303e-05  4.33126917e-05 -2.80528490e-09  4.33126917e-05  0.00000000e+00 
 4.33622681e-05  2.77883726e-05  4.33622681e-05 -2.80438157e-09  4.33622681e-05  0.00000000e+00 
 4.34118444e-05  2.78859530e-05  4.34118444e-05 -2.80527102e-09  4.34118444e-05  0.00000000e+00 
 4.34614208e-05  2.77870661e-05  4.34614208e-05 -2.80439622e-09  4.34614208e-05  0.00000000e+00 
 4.35109971e-05  2.78816759e-05  4.35109971e-05 -2.80525640e-09  4.35109971e-05  0.00000000e+00 
 4.35605735e-05  2.77861059e-05  4.35605735e-05 -2.80441156e-09  4.35605735e-05  0.00000000e+00 
 4.36101498e-05  2.78775751e-05  4.36101498e-05 -2.80524107e-09  4.36101498e-05  0.00000000e+00 
 4.36597262e-05  2.77854643e-05  4.36597262e-05 -2.80442757e-09  4.36597262e-05  0.00000000e+00 
 4.37093025e-05  2.78736296e-05  4.37093025e-05 -2.80522506e-09  4.37093025e-05  0.00000000e+00 
 4.37588789e-05  2.77851158e-05  4.37588789e-05 -2.80444423e-09  4.37588789e-05  0.00000000e+00 
 4.38084552e-05  2.78698205e-05  4.38084552e-05 -2.80520840e-09  4.38084552e-05  0.00000000e+00 
 4.38580315e-05  2.77850369e-05  4.38580315e-05 -2.80446150e-09  4.38580315e-05  0.00000000e+00 
 4.39076079e-05  2.78661311e-05  4.39076079e-05 -2.80519111e-09  4.39076079e-05  0.00000000e+00 
 4.39571842e-05  2.77852061e-05  4.39571842e-05 -2.80447936e-09  4.39571842e-05  0.00000000e+00 
 4.40067606e-05  2.78625468e-05  4.40067606e-05 -2.80517322e-09  4.40067606e-05  0.00000000e+00 
 4.40563369e-05  2.77856032e-05  4.40563369e-05 -2.80449779e-09  4.40563369e-05  0.00000000e+00 
 4.41059133e-05  2.78590546e-05  4.41059133e-05 -2.80515477e-09  4.41059133e-05  0.00000000e+00 
 4.41554896e-05  2.77862096e-05  4.41554896e-05 -2.80451675e-09  4.41554896e-05  0.00000000e+00 
 4.42050660e-05  2.78556433e-05  4.42050660e-05 -2.80513578e-09  4.42050660e-05  0.00000000e+00 
 4.42546423e-05  2.77870083e-05  4.42546423e-05 -2.80453621e-09  4.42546423e-05  0.00000000e+00 
 4.43042187e-05  2.78523028e-05  4.43042187e-05 -2.80511629e-09  4.43042187e-05  0.00000000e+00 
 4.43537950e-05  2.77879832e-05  4.43537950e-05 -2.80455614e-09  4.43537950e-05  0.00000000e+00 
 4.44033713e-05  2.78490248e-05  4.44033713e-05 -2.80509633e-09  4.44033713e-05  0.00000000e+00 
 4.44529477e-05  2.77891193e-05  4.44529477e-05 -2.80457651e-09  4.44529477e-05  0.00000000e+00 
 4.45025240e-05  2.78458019e-05  4.45025240e-05 -2.80507593e-09  4.45025240e-05  0.00000000e+00 
 4.45521004e-05  2.77904027e-05  4.45521004e-05 -2.80459728e-09  4.45521004e-05  0.00000000e+00 
 4.46016767e-05  2.78426279e-05  4.46016767e-05 -2.80505512e-09  4.46016767e-05  0.00000000e+00 
 4.46512531e-05  2.77918205e-05  4.46512531e-05 -2.80461843e-09  4.46512531e-05  0.00000000e+00 
 4.47008294e-05  2.78394976e-05  4.47008294e-05 -2.80503395e-09  4.47008294e-05  0.00000000e+00 
 4.47504058e-05  2.77933603e-05  4.47504058e-05 -2.80463992e-09  4.47504058e-05  0.00000000e+00 
 4.47999821e-05  2.78364066e-05  4.47999821e-05 -2.80501244e-09  4.47999821e-05  0.00000000e+00 
 4.48495585e-05  2.77950106e-05  4.48495585e-05 -2.80466171e-09  4.48495585e-05  0.00000000e+00 
 4.48991348e-05  2.78333515e-05  4.48991348e-05 -2.80499064e-09  4.48991348e-05  0.00000000e+00 
 4.49487111e-05  2.77967606e-05  4.49487111e-05 -2.80468377e-09  4.49487111e-05  0.00000000e+00 
 4.49982875e-05  2.78303296e-05  4.49982875e-05 -2.80496857e-09  4.49982875e-05  0.00000000e+00 
 4.50478638e-05  2.77986001e-05  4.50478638e-05 -2.80470607e-09  4.50478638e-05  0.00000000e+00 
 4.50974402e-05  2.78273387e-05  4.50974402e-05 -2.80494627e-09  4.50974402e-05  0.00000000e+00 
 4.51470165e-05  2.78005194e-05  4.51470165e-05 -2.80472856e-09  4.51470165e-05  0.00000000e+00 
 4.51965929e-05  2.78243774e-05  4.51965929e-05 -2.80492379e-09  4.51965929e-05  0.00000000e+00 
 4.52461692e-05  2.78025091e-05  4.52461692e-05 -2.80475120e-09  4.52461692e-05  0.00000000e+00 
 4.52957456e-05  2.78214448e-05  4.52957456e-05 -2.80490115e-09  4.52957456e-05  0.00000000e+00 
 4.53453219e-05  2.78045607e-05  4.53453219e-05 -2.80477398e-09  4.53453219e-05  0.00000000e+00 
 4.53948983e-05  2.78185404e-05  4.53948983e-05 -2.80487840e-09  4.53948983e-05  0.00000000e+00 
 4.54444746e-05  2.78066658e-05  4.54444746e-05 -2.80479683e-09  4.54444746e-05  0.00000000e+00 
 4.54940509e-05  2.78156642e-05  4.54940509e-05 -2.80485557e-09  4.54940509e-05  0.00000000e+00 
 4.55382888e-05  2.78089860e-05  4.55382888e-05 -2.80482112e-09  4.55382888e-05  0.00000000e+00 
 4.55651362e-05  2.78116949e-05  4.55651362e-05 -2.80482163e-09  4.55651362e-05  0.00000000e+00 
 4.55818570e-05  2.78148781e-05  4.55818570e-05 -2.80487616e-09  4.55818570e-05  0.00000000e+00 
 4.55961356e-05  2.78035331e-05  4.55961356e-05 -2.80474829e-09  4.55961356e-05  0.00000000e+00 
 4.56099605e-05  2.78235674e-05  4.56099605e-05 -2.80495591e-09  4.56099605e-05  0.00000000e+00 
 4.56226708e-05  2.77942511e-05  4.56226708e-05 -2.80466489e-09  4.56226708e-05  0.00000000e+00 
 4.56359843e-05  2.78326833e-05  4.56359843e-05 -2.80503907e-09  4.56359843e-05  0.00000000e+00 
 4.56503162e-05  2.77857034e-05  4.56503162e-05 -2.80458844e-09  4.56503162e-05  0.00000000e+00 
 4.56665061e-05  2.78400610e-05  4.56665061e-05 -2.80510630e-09  4.56665061e-05  0.00000000e+00 
 4.56861796e-05  2.77793788e-05  4.56861796e-05 -2.80453246e-09  4.56861796e-05  0.00000000e+00 
 4.57114702e-05  2.78447761e-05  4.57114702e-05 -2.80514970e-09  4.57114702e-05  0.00000000e+00 
 4.57466161e-05  2.77756387e-05  4.57466161e-05 -2.80450040e-09  4.57466161e-05  0.00000000e+00 
 4.57961925e-05  2.78470347e-05  4.57961925e-05 -2.80517196e-09  4.57961925e-05  0.00000000e+00 
 4.58457688e-05  2.77733337e-05  4.58457688e-05 -2.80448227e-09  4.58457688e-05  0.00000000e+00 
 4.58953452e-05  2.78487882e-05  4.58953452e-05 -2.80519001e-09  4.58953452e-05  0.00000000e+00 
 4.59449215e-05  2.77711159e-05  4.59449215e-05 -2.80446461e-09  4.59449215e-05  0.00000000e+00 
 4.59944979e-05  2.78505027e-05  4.59944979e-05 -2.80520733e-09  4.59944979e-05  0.00000000e+00 
 4.60440742e-05  2.77689847e-05  4.60440742e-05 -2.80444755e-09  4.60440742e-05  0.00000000e+00 
 4.60936505e-05  2.78521725e-05  4.60936505e-05 -2.80522403e-09  4.60936505e-05  0.00000000e+00 
 4.61432269e-05  2.77669411e-05  4.61432269e-05 -2.80443112e-09  4.61432269e-05  0.00000000e+00 
 4.61928032e-05  2.78537925e-05  4.61928032e-05 -2.80524008e-09  4.61928032e-05  0.00000000e+00 
 4.62423796e-05  2.77649862e-05  4.62423796e-05 -2.80441534e-09  4.62423796e-05  0.00000000e+00 
 4.62919559e-05  2.78553580e-05  4.62919559e-05 -2.80525546e-09  4.62919559e-05  0.00000000e+00 
 4.63415323e-05  2.77631212e-05  4.63415323e-05 -2.80440026e-09  4.63415323e-05  0.00000000e+00 
 4.63911086e-05  2.78568645e-05  4.63911086e-05 -2.80527015e-09  4.63911086e-05  0.00000000e+00 
 4.64406850e-05  2.77613474e-05  4.64406850e-05 -2.80438588e-09  4.64406850e-05  0.00000000e+00 
 4.64902613e-05  2.78583077e-05  4.64902613e-05 -2.80528411e-09  4.64902613e-05  0.00000000e+00 
 4.65398377e-05  2.77596660e-05  4.65398377e-05 -2.80437224e-09  4.65398377e-05  0.00000000e+00 
 4.65894140e-05  2.78596837e-05  4.65894140e-05 -2.80529732e-09  4.65894140e-05  0.00000000e+00 
 4.66389903e-05  2.77580782e-05  4.66389903e-05 -2.80435935e-09  4.66389903e-05  0.00000000e+00 
 4.66885667e-05  2.78609889e-05  4.66885667e-05 -2.80530977e-09  4.66885667e-05  0.00000000e+00 
 4.67381430e-05  2.77565853e-05  4.67381430e-05 -2.80434724e-09  4.67381430e-05  0.00000000e+00 
 4.67877194e-05  2.78622198e-05  4.67877194e-05 -2.80532143e-09  4.67877194e-05  0.00000000e+00 
 4.68372957e-05  2.77551886e-05  4.68372957e-05 -2.80433593e-09  4.68372957e-05  0.00000000e+00 
 4.68868721e-05  2.78633734e-05  4.68868721e-05 -2.80533228e-09  4.68868721e-05  0.00000000e+00 
 4.69364484e-05  2.77538892e-05  4.69364484e-05 -2.80432543e-09  4.69364484e-05  0.00000000e+00 
 4.69860248e-05  2.78644465e-05  4.69860248e-05 -2.80534232e-09  4.69860248e-05  0.00000000e+00 
 4.70356011e-05  2.77526882e-05  4.70356011e-05 -2.80431577e-09  4.70356011e-05  0.00000000e+00 
 4.70851775e-05  2.78654366e-05  4.70851775e-05 -2.80535151e-09  4.70851775e-05  0.00000000e+00 
 4.71347538e-05  2.77515868e-05  4.71347538e-05 -2.80430695e-09  4.71347538e-05  0.00000000e+00 
 4.71843301e-05  2.78663411e-05  4.71843301e-05 -2.80535985e-09  4.71843301e-05  0.00000000e+00 
 4.72339065e-05  2.77505858e-05  4.72339065e-05 -2.80429900e-09  4.72339065e-05  0.00000000e+00 
 4.72834828e-05  2.78671578e-05  4.72834828e-05 -2.80536732e-09  4.72834828e-05  0.00000000e+00 
 4.73330592e-05  2.77496863e-05  4.73330592e-05 -2.80429193e-09  4.73330592e-05  0.00000000e+00 
 4.73826355e-05  2.78678846e-05  4.73826355e-05 -2.80537391e-09  4.73826355e-05  0.00000000e+00 
 4.74322119e-05  2.77488890e-05  4.74322119e-05 -2.80428575e-09  4.74322119e-05  0.00000000e+00 
 4.74817882e-05  2.78685198e-05  4.74817882e-05 -2.80537961e-09  4.74817882e-05  0.00000000e+00 
 4.75313646e-05  2.77481946e-05  4.75313646e-05 -2.80428046e-09  4.75313646e-05  0.00000000e+00 
 4.75809409e-05  2.78690617e-05  4.75809409e-05 -2.80538441e-09  4.75809409e-05  0.00000000e+00 
 4.76305173e-05  2.77476037e-05  4.76305173e-05 -2.80427609e-09  4.76305173e-05  0.00000000e+00 
 4.76800936e-05  2.78695089e-05  4.76800936e-05 -2.80538831e-09  4.76800936e-05  0.00000000e+00 
 4.77296699e-05  2.77471168e-05  4.77296699e-05 -2.80427263e-09  4.77296699e-05  0.00000000e+00 
 4.77792463e-05  2.78698602e-05  4.77792463e-05 -2.80539129e-09  4.77792463e-05  0.00000000e+00 
 4.78288226e-05  2.77467342e-05  4.78288226e-05 -2.80427009e-09  4.78288226e-05  0.00000000e+00 
 4.78783990e-05  2.78701146e-05  4.78783990e-05 -2.80539335e-09  4.78783990e-05  0.00000000e+00 
 4.79279753e-05  2.77464562e-05  4.79279753e-05 -2.80426847e-09  4.79279753e-05  0.00000000e+00 
 4.79775517e-05  2.78702713e-05  4.79775517e-05 -2.80539449e-09  4.79775517e-05  0.00000000e+00 
 4.80271280e-05  2.77462828e-05  4.80271280e-05 -2.80426779e-09  4.80271280e-05  0.00000000e+00 
 4.80767044e-05  2.78703297e-05  4.80767044e-05 -2.80539471e-09  4.80767044e-05  0.00000000e+00 
 4.81262807e-05  2.77462141e-05  4.81262807e-05 -2.80426803e-09  4.81262807e-05  0.00000000e+00 
 4.81758571e-05  2.78702894e-05  4.81758571e-05 -2.80539400e-09  4.81758571e-05  0.00000000e+00 
 4.82254334e-05  2.77462497e-05  4.82254334e-05 -2.80426920e-09  4.82254334e-05  0.00000000e+00 
 4.82750097e-05  2.78701501e-05  4.82750097e-05 -2.80539237e-09  4.82750097e-05  0.00000000e+00 
 4.83245861e-05  2.77463895e-05  4.83245861e-05 -2.80427130e-09  4.83245861e-05  0.00000000e+00 
 4.83741624e-05  2.78699120e-05  4.83741624e-05 -2.80538982e-09  4.83741624e-05  0.00000000e+00 
 4.84237388e-05  2.77466328e-05  4.84237388e-05 -2.80427432e-09  4.84237388e-05  0.00000000e+00 
 4.84733151e-05  2.78695750e-05  4.84733151e-05 -2.80538636e-09  4.84733151e-05  0.00000000e+00 
 4.85228915e-05  2.77469791e-05  4.85228915e-05 -2.80427826e-09  4.85228915e-05  0.00000000e+00 
 4.85724678e-05  2.78691395e-05  4.85724678e-05 -2.80538198e-09  4.85724678e-05  0.00000000e+00 
 4.86220442e-05  2.77474277e-05  4.86220442e-05 -2.80428312e-09  4.86220442e-05  0.00000000e+00 
 4.86716205e-05  2.78686062e-05  4.86716205e-05 -2.80537670e-09  4.86716205e-05  0.00000000e+00 
 4.87211968e-05  2.77479776e-05  4.87211968e-05 -2.80428887e-09  4.87211968e-05  0.00000000e+00 
 4.87707732e-05  2.78679755e-05  4.87707732e-05 -2.80537053e-09  4.87707732e-05  0.00000000e+00 
 4.88203495e-05  2.77486277e-05  4.88203495e-05 -2.80429552e-09  4.88203495e-05  0.00000000e+00 
 4.88699259e-05  2.78672486e-05  4.88699259e-05 -2.80536347e-09  4.88699259e-05  0.00000000e+00 
 4.89195022e-05  2.77493768e-05  4.89195022e-05 -2.80430306e-09  4.89195022e-05  0.00000000e+00 
 4.89690786e-05  2.78664263e-05  4.89690786e-05 -2.80535554e-09  4.89690786e-05  0.00000000e+00 
 4.90186549e-05  2.77502236e-05  4.90186549e-05 -2.80431146e-09  4.90186549e-05  0.00000000e+00 
 4.90682313e-05  2.78655098e-05  4.90682313e-05 -2.80534675e-09  4.90682313e-05  0.00000000e+00 
 4.91178076e-05  2.77511665e-05  4.91178076e-05 -2.80432073e-09  4.91178076e-05  0.00000000e+00 
 4.91673840e-05  2.78645007e-05  4.91673840e-05 -2.80533712e-09  4.91673840e-05  0.00000000e+00 
 4.92169603e-05  2.77522039e-05  4.92169603e-05 -2.80433083e-09  4.92169603e-05  0.00000000e+00 
 4.92665366e-05  2.78634004e-05  4.92665366e-05 -2.80532665e-09  4.92665366e-05  0.00000000e+00 
 4.93161130e-05  2.77533339e-05  4.93161130e-05 -2.80434177e-09  4.93161130e-05  0.00000000e+00 
 4.93656893e-05  2.78622105e-05  4.93656893e-05 -2.80531537e-09  4.93656893e-05  0.00000000e+00 
 4.94152657e-05  2.77545547e-05  4.94152657e-05 -2.80435350e-09  4.94152657e-05  0.00000000e+00 
 4.94648420e-05  2.78609331e-05  4.94648420e-05 -2.80530330e-09  4.94648420e-05  0.00000000e+00 
 4.95144184e-05  2.77558641e-05  4.95144184e-05 -2.80436603e-09  4.95144184e-05  0.00000000e+00 
 4.95453819e-05  2.78591462e-05  4.95453819e-05 -2.80528666e-09  4.95453819e-05  0.00000000e+00 
 4.95763454e-05  2.77581428e-05  4.95763454e-05 -2.80438766e-09  4.95763454e-05  0.00000000e+00 
 4.95767856e-05  3.06107972e-05  4.95767856e-05  2.51973683e-07  4.95767856e-05  4.43966747e-03 
 4.95776660e-05  3.91256396e-05  4.95776660e-05  2.51586647e-07  4.95776660e-05  1.33190024e-02 
 4.95788872e-05  5.03320923e-05  4.95788872e-05  2.50910505e-07  4.95788872e-05  2.56346685e-02 
 4.95795117e-05  5.40807796e-05  4.95795117e-05  2.50564794e-07  4.95795117e-05  3.19333658e-02 
 4.95800803e-05  5.95268280e-05  4.95800803e-05  2.50156113e-07  4.95800803e-05  3.76683128e-02 
 4.95805139e-05  6.46459200e-05  4.95805139e-05  2.49830397e-07  4.95805139e-05  4.20414124e-02 
 4.95809380e-05  6.81431563e-05  4.95809380e-05  2.49482228e-07  4.95809380e-05  4.63179388e-02 
 4.95812003e-05  6.94705145e-05  4.95812003e-05  2.49297914e-07  4.95812003e-05  4.89633599e-02 
 4.95814892e-05  7.12268590e-05  4.95814892e-05  2.49046557e-07  4.95814892e-05  5.18775824e-02 
 4.95818151e-05  7.44217036e-05  4.95818151e-05  2.48760031e-07  4.95818151e-05  5.51645634e-02 
 4.95821914e-05  7.90193229e-05  4.95821914e-05  2.48353229e-07  4.95821914e-05  5.89596558e-02 
 4.95825307e-05  8.24771094e-05  4.95825307e-05  2.48010817e-07  4.95825307e-05  6.23815132e-02 
 4.95827950e-05  8.41808983e-05  4.95827950e-05  2.47725561e-07  4.95827950e-05  6.50475054e-02 
 4.95830470e-05  8.54437643e-05  4.95830470e-05  2.47484887e-07  4.95830470e-05  6.75881846e-02 
 4.95833053e-05  8.71933913e-05  4.95833053e-05  2.47184198e-07  4.95833053e-05  7.01933195e-02 
 4.95835869e-05  9.01074813e-05  4.95835869e-05  2.46850091e-07  4.95835869e-05  7.30336931e-02 
 4.95839553e-05  9.46508342e-05  4.95839553e-05  2.46328941e-07  4.95839553e-05  7.67495433e-02 
 4.95842959e-05  9.81086056e-05  4.95842959e-05  2.45871823e-07  4.95842959e-05  8.01845341e-02 
 4.95845585e-05  9.97951010e-05  4.95845585e-05  2.45504092e-07  4.95845585e-05  8.28328267e-02 
 4.95848178e-05  1.01124865e-04  4.95848178e-05  2.45171405e-07  4.95848178e-05  8.54475951e-02 
 4.95850815e-05  1.02988094e-04  4.95850815e-05  2.44770151e-07  4.95850815e-05  8.81071961e-02 
 4.95853626e-05  1.05985089e-04  4.95853626e-05  2.44322914e-07  4.95853626e-05  9.09419671e-02 
 4.95857328e-05  1.10576255e-04  4.95857328e-05  2.43637839e-07  4.95857328e-05  9.46757104e-02 
 4.95860825e-05  1.14052305e-04  4.95860825e-05  2.43016995e-07  4.95860825e-05  9.82027776e-02 
 4.95863451e-05  1.15690792e-04  4.95863451e-05  2.42539617e-07  4.95863451e-05  1.00851627e-01 
 4.95866241e-05  1.17183087e-04  4.95866241e-05  2.42058177e-07  4.95866241e-05  1.03665455e-01 
 4.95869035e-05  1.19359444e-04  4.95869035e-05  2.41493632e-07  4.95869035e-05  1.06483496e-01 
 4.95871820e-05  1.22527817e-04  4.95871820e-05  2.40892774e-07  4.95871820e-05  1.09292165e-01 
 4.95875562e-05  1.27155401e-04  4.95875562e-05  2.39982052e-07  4.95875562e-05  1.13066284e-01 
 4.95879412e-05  1.30676469e-04  4.95879412e-05  2.39084097e-07  4.95879412e-05  1.16948267e-01 
 4.95881784e-05  1.32024622e-04  4.95881784e-05  2.38522609e-07  4.95881784e-05  1.19340978e-01 
 4.95884984e-05  1.33918421e-04  4.95884984e-05  2.37771163e-07  4.95884984e-05  1.22568797e-01 
 4.95888315e-05  1.37045227e-04  4.95888315e-05  2.36849179e-07  4.95888315e-05  1.25927732e-01 
 4.95891563e-05  1.41110470e-04  4.95891563e-05  2.35870128e-07  4.95891563e-05  1.29203832e-01 
 4.95895215e-05  1.45265003e-04  4.95895215e-05  2.34695581e-07  4.95895215e-05  1.32887052e-01 
 4.95897947e-05  1.47345873e-04  4.95897947e-05  2.33872422e-07  4.95897947e-05  1.35642560e-01 
 4.95900215e-05  1.48562364e-04  4.95900215e-05  2.33171616e-07  4.95900215e-05  1.37929340e-01 
 4.95902962e-05  1.50287466e-04  4.95902962e-05  2.32311888e-07  4.95902962e-05  1.40699563e-01 
 4.95905904e-05  1.53151106e-04  4.95905904e-05  2.31239101e-07  4.95905904e-05  1.43666948e-01 
 4.95909163e-05  1.57262861e-04  4.95909163e-05  2.29947548e-07  4.95909163e-05  1.46954300e-01 
 4.95912699e-05  1.61327653e-04  4.95912699e-05  2.28463828e-07  4.95912699e-05  1.50520182e-01 
 4.95915441e-05  1.63457458e-04  4.95915441e-05  2.27377665e-07  4.95915441e-05  1.53285864e-01 
 4.95917718e-05  1.64704528e-04  4.95917718e-05  2.26462701e-07  4.95917718e-05  1.55582119e-01 
 4.95920493e-05  1.66471609e-04  4.95920493e-05  2.25322523e-07  4.95920493e-05  1.58380594e-01 
 4.95923462e-05  1.69391698e-04  4.95923462e-05  2.23912265e-07  4.95923462e-05  1.61375703e-01 
 4.95926737e-05  1.73556177e-04  4.95926737e-05  2.22210773e-07  4.95926737e-05  1.64678308e-01 
 4.95930293e-05  1.77668871e-04  4.95930293e-05  2.20266509e-07  4.95930293e-05  1.68264156e-01 
 4.95933040e-05  1.79819877e-04  4.95933040e-05  2.18839868e-07  4.95933040e-05  1.71035396e-01 
 4.95935360e-05  1.81114926e-04  4.95935360e-05  2.17626412e-07  4.95935360e-05  1.73374661e-01 
 4.95938141e-05  1.82938291e-04  4.95938141e-05  2.16123791e-07  4.95938141e-05  1.76179537e-01 
 4.95941105e-05  1.85919373e-04  4.95941105e-05  2.14283195e-07  4.95941105e-05  1.79169373e-01 
 4.95944406e-05  1.90164126e-04  4.95944406e-05  2.12033477e-07  4.95944406e-05  1.82498097e-01 
 4.95947976e-05  1.94300819e-04  4.95947976e-05  2.09489873e-07  4.95947976e-05  1.86098903e-01 
 4.95950720e-05  1.96448661e-04  4.95950720e-05  2.07627002e-07  4.95950720e-05  1.88866011e-01 
 4.95953113e-05  1.97813838e-04  4.95953113e-05  2.05994935e-07  4.95953113e-05  1.91279918e-01 
 4.95955885e-05  1.99711469e-04  4.95955885e-05  2.04022558e-07  4.95955885e-05  1.94075734e-01 
 4.95958849e-05  2.02795357e-04  4.95958849e-05  2.01608457e-07  4.95958849e-05  1.97064539e-01 
 4.95962205e-05  2.07173213e-04  4.95962205e-05  1.98604844e-07  4.95962205e-05  2.00449286e-01 
 4.95965795e-05  2.11308746e-04  4.95965795e-05  1.95274952e-07  4.95965795e-05  2.04069642e-01 
 4.95968526e-05  2.13422291e-04  4.95968526e-05  1.92855257e-07  4.95968526e-05  2.06824505e-01 
 4.95971051e-05  2.14903446e-04  4.95971051e-05  1.90606415e-07  4.95971051e-05  2.09370717e-01 
 4.95973802e-05  2.16918290e-04  4.95973802e-05  1.88017035e-07  4.95973802e-05  2.12144954e-01 
 4.95976756e-05  2.20157219e-04  4.95976756e-05  1.84840277e-07  4.95976756e-05  2.15124883e-01 
 4.95980216e-05  2.24744669e-04  4.95980216e-05  1.80766878e-07  4.95980216e-05  2.18614613e-01 
 4.95983843e-05  2.28838218e-04  4.95983843e-05  1.76392380e-07  4.95983843e-05  2.22272455e-01 
 4.95986550e-05  2.30870259e-04  4.95986550e-05  1.73271079e-07  4.95986550e-05  2.25002595e-01 
 4.95989328e-05  2.32583411e-04  4.95989328e-05  1.70020578e-07  4.95989328e-05  2.27804019e-01 
 4.95992166e-05  2.34932051e-04  4.95992166e-05  1.66435336e-07  4.95992166e-05  2.30666377e-01 
 4.95995092e-05  2.38434275e-04  4.95995092e-05  1.62221326e-07  4.95995092e-05  2.33617119e-01 
 4.95998990e-05  2.43621367e-04  4.95998990e-05  1.56159244e-07  4.95998990e-05  2.37548153e-01 
 4.96002819e-05  2.47568589e-04  4.96002819e-05  1.50186371e-07  4.96002819e-05  2.41409894e-01 
 4.96005327e-05  2.49283774e-04  4.96005327e-05  1.46427577e-07  4.96005327e-05  2.43939737e-01 
 4.96008780e-05  2.51748755e-04  4.96008780e-05  1.40974705e-07  4.96008780e-05  2.47422520e-01 
 4.96012415e-05  2.55692731e-04  4.96012415e-05  1.34456185e-07  4.96012415e-05  2.51088739e-01 
 4.96015910e-05  2.60493087e-04  4.96015910e-05  1.27383218e-07  4.96015910e-05  2.54613303e-01 
 4.96019754e-05  2.65068198e-04  4.96019754e-05  1.19474466e-07  4.96019754e-05  2.58490102e-01 
 4.96022549e-05  2.67329393e-04  4.96022549e-05  1.13899449e-07  4.96022549e-05  2.61308614e-01 
 4.96025497e-05  2.69356044e-04  4.96025497e-05  1.07999272e-07  4.96025497e-05  2.64282169e-01 
 4.96028494e-05  2.72136338e-04  4.96028494e-05  1.01376263e-07  4.96028494e-05  2.67305014e-01 
 4.96031480e-05  2.76018077e-04  4.96031480e-05  9.39379268e-08  4.96031480e-05  2.70316085e-01 
 4.96035484e-05  2.81557146e-04  4.96035484e-05  8.31661449e-08  4.96035484e-05  2.74354627e-01 
 4.96039690e-05  2.85919477e-04  4.96039690e-05  7.20139039e-08  4.96039690e-05  2.78596119e-01 
 4.96042453e-05  2.87940500e-04  4.96042453e-05  6.48244022e-08  4.96042453e-05  2.81383249e-01 
 4.96045833e-05  2.90879590e-04  4.96045833e-05  5.54224268e-08  4.96045833e-05  2.84792017e-01 
 4.96049206e-05  2.95151497e-04  4.96049206e-05  4.46511851e-08  4.96049206e-05  2.88194245e-01 
 4.96053465e-05  3.01279645e-04  4.96053465e-05  2.97298032e-08  4.96053465e-05  2.92488706e-01 
 4.96057309e-05  3.05697279e-04  4.96057309e-05  1.62253303e-08  4.96057309e-05  2.96366398e-01 
 4.96060079e-05  3.07958804e-04  4.96060079e-05  6.82005545e-09  4.96060079e-05  2.99159346e-01 
 4.96063669e-05  3.11151077e-04  4.96063669e-05 -6.11616513e-09  4.96063669e-05  3.02780089e-01 
 4.96068124e-05  3.16973818e-04  4.96068124e-05 -2.46894280e-08  4.96068124e-05  3.07273679e-01 
 4.96072207e-05  3.23128344e-04  4.96072207e-05 -4.36605936e-08  4.96072207e-05  3.11391417e-01 
 4.96076577e-05  3.28302149e-04  4.96076577e-05 -6.37954164e-08  4.96076577e-05  3.15798566e-01 
 4.96079635e-05  3.30993760e-04  4.96079635e-05 -7.76188018e-08  4.96079635e-05  3.18883084e-01 
 4.96083230e-05  3.34745124e-04  4.96083230e-05 -9.51574404e-08  4.96083230e-05  3.22508431e-01 
 4.96086675e-05  3.39752225e-04  4.96086675e-05 -1.14479887e-07  4.96086675e-05  3.25983352e-01 
 4.96091199e-05  3.46889808e-04  4.96091199e-05 -1.42087392e-07  4.96091199e-05  3.30546047e-01 
 4.96095442e-05  3.52183564e-04  4.96095442e-05 -1.67788038e-07  4.96095442e-05  3.34825144e-01 
 4.96098690e-05  3.55387503e-04  4.96098690e-05 -1.87173340e-07  4.96098690e-05  3.38100474e-01 
 4.96102344e-05  3.59785349e-04  4.96102344e-05 -2.11104605e-07  4.96102344e-05  3.41786301e-01 
 4.96105710e-05  3.65213128e-04  4.96105710e-05 -2.36320435e-07  4.96105710e-05  3.45180211e-01 
 4.96110360e-05  3.73009423e-04  4.96110360e-05 -2.73796977e-07  4.96110360e-05  3.49870516e-01 
 4.96115095e-05  3.79267540e-04  4.96115095e-05 -3.11391569e-07  4.96115095e-05  3.54645615e-01 
 4.96119088e-05  3.83949267e-04  4.96119088e-05 -3.43675308e-07  4.96119088e-05  3.58673395e-01 
 4.96123181e-05  3.90237083e-04  4.96123181e-05 -3.81334135e-07  4.96123181e-05  3.62801224e-01 
 4.96126869e-05  3.97162161e-04  4.96126869e-05 -4.19816743e-07  4.96126869e-05  3.66520273e-01 
 4.96131571e-05  4.05204807e-04  4.96131571e-05 -4.69950874e-07  4.96131571e-05  3.71262895e-01 
 4.96134812e-05  4.09623611e-04  4.96134812e-05 -5.03516263e-07  4.96134812e-05  3.74531241e-01 
 4.96139633e-05  4.16643602e-04  4.96139633e-05 -5.56758785e-07  4.96139633e-05  3.79393546e-01 
 4.96144550e-05  4.26065455e-04  4.96144550e-05 -6.20460543e-07  4.96144550e-05  3.84352247e-01 
 4.96149846e-05  4.36795084e-04  4.96149846e-05 -6.95453800e-07  4.96149846e-05  3.89694134e-01 
 4.96155371e-05  4.46191813e-04  4.96155371e-05 -7.73020310e-07  4.96155371e-05  3.95266304e-01 
 4.96161015e-05  4.56262498e-04  4.96161015e-05 -8.58528019e-07  4.96161015e-05  4.00958227e-01 
 4.96166821e-05  4.69445379e-04  4.96166821e-05 -9.62756497e-07  4.96166821e-05  4.06813665e-01 
 4.96173121e-05  4.83753876e-04  4.96173121e-05 -1.08401579e-06  4.96173121e-05  4.13167543e-01 
 4.96178278e-05  4.94140103e-04  4.96178278e-05 -1.18312958e-06  4.96178278e-05  4.18368746e-01 
 4.96184158e-05  5.07847090e-04  4.96184158e-05 -1.31074216e-06  4.96184158e-05  4.24298770e-01 
 4.96189377e-05  5.22378047e-04  4.96189377e-05 -1.44274248e-06  4.96189377e-05  4.29562088e-01 
 4.96195657e-05  5.39111836e-04  4.96195657e-05 -1.60636388e-06  4.96195657e-05  4.35896733e-01 
 4.96201308e-05  5.53603682e-04  4.96201308e-05 -1.75711433e-06  4.96201308e-05  4.41596034e-01 
 4.96207386e-05  5.72185291e-04  4.96207386e-05 -1.94624284e-06  4.96207386e-05  4.47725929e-01 
 4.96213842e-05  5.94084580e-04  4.96213842e-05 -2.17334553e-06  4.96213842e-05  4.54236595e-01 
 4.96220713e-05  6.16529474e-04  4.96220713e-05 -2.41892094e-06  4.96220713e-05  4.61166649e-01 
 4.96229906e-05  6.50250606e-04  4.96229906e-05 -2.79374881e-06  4.96229906e-05  4.70437527e-01 
 4.96239546e-05  6.91832712e-04  4.96239546e-05 -3.26684957e-06  4.96239546e-05  4.80160161e-01 
 4.96248658e-05  7.32746274e-04  4.96248658e-05 -3.74572589e-06  4.96248658e-05  4.89349882e-01 
 4.96263490e-05  8.11641783e-04  4.96263490e-05 -4.69194735e-06  4.96263490e-05  5.04308771e-01 
 4.96277791e-05  9.03546684e-04  4.96277791e-05 -5.83182269e-06  4.96277791e-05  5.18731827e-01 
 4.96293002e-05  1.01780905e-03  4.96293002e-05 -7.25734578e-06  4.96293002e-05  5.34073175e-01 
 4.96314734e-05  1.22965312e-03  4.96314734e-05 -9.99482844e-06  4.96314734e-05  5.55990742e-01 
 4.96357306e-05  1.86954877e-03  4.96357306e-05 -1.81644009e-05  4.96357306e-05  5.98926475e-01 
 4.96442002e-05  5.08930154e-03  4.96442002e-05 -5.64860726e-05  4.96442002e-05  6.84346419e-01 
 4.96519213e-05  1.26471072e-02  4.96519213e-05 -1.39692932e-04  4.96519213e-05  7.62216731e-01 
 4.96641161e-05  4.38132889e-02  4.96641161e-05 -3.77533734e-04  4.96641161e-05  8.85207672e-01 
 4.96786252e-05  1.15482832e-01  4.96786252e-05 -6.29608473e-04  4.96786252e-05  1.03153788e+00 
 4.96940654e-05  2.16330516e-01  4.96940654e-05 -7.15004719e-04  4.96940654e-05  1.18726002e+00 
 4.97171065e-05  3.76752796e-01  4.97171065e-05 -7.42141964e-04  4.97171065e-05  1.41963921e+00 
 4.97398363e-05  5.37650860e-01  4.97398363e-05 -7.70042292e-04  4.97398363e-05  1.64887966e+00 
 4.97785231e-05  8.15954178e-01  4.97785231e-05 -8.08737532e-04  4.97785231e-05  2.03905401e+00 
 4.98280995e-05  1.17855689e+00  4.98280995e-05 -8.57794444e-04  4.98280995e-05  2.53905401e+00 
 4.98776758e-05  1.54535895e+00  4.98776758e-05 -8.98274107e-04  4.98776758e-05  3.03905401e+00 
 4.99272521e-05  1.91362417e+00  4.99272521e-05 -9.36887788e-04  4.99272521e-05  3.53905401e+00 
 4.99768285e-05  2.28113226e+00  4.99768285e-05 -9.68512922e-04  4.99768285e-05  4.03905401e+00 
 5.00264048e-05  2.64552293e+00  5.00264048e-05 -9.97215838e-04  5.00264048e-05  4.53905401e+00 
 5.00721089e-05  2.97715468e+00  5.00721089e-05 -1.01904959e-03  5.00721089e-05  5.00000000e+00 
 5.00770665e-05  3.00618849e+00  5.00770665e-05 -8.88554587e-04  5.00770665e-05  5.00000000e+00 
 5.00869818e-05  3.05325623e+00  5.00869818e-05 -6.70967380e-04  5.00869818e-05  5.00000000e+00 
 5.01068123e-05  3.10481864e+00  5.01068123e-05 -4.67169418e-04  5.01068123e-05  5.00000000e+00 
 5.01235999e-05  3.12524802e+00  5.01235999e-05 -4.00258570e-04  5.01235999e-05  5.00000000e+00 
 5.01456339e-05  3.13941535e+00  5.01456339e-05 -3.55376014e-04  5.01456339e-05  5.00000000e+00 
 5.01731300e-05  3.14758478e+00  5.01731300e-05 -3.32989836e-04  5.01731300e-05  5.00000000e+00 
 5.02227064e-05  3.15267082e+00  5.02227064e-05 -3.17649357e-04  5.02227064e-05  5.00000000e+00 
 5.02722827e-05  3.15352816e+00  5.02722827e-05 -3.16437127e-04  5.02722827e-05  5.00000000e+00 
 5.03218591e-05  3.15368017e+00  5.03218591e-05 -3.14906585e-04  5.03218591e-05  5.00000000e+00 
 5.03714354e-05  3.15370568e+00  5.03714354e-05 -3.15928562e-04  5.03714354e-05  5.00000000e+00 
 5.04210118e-05  3.15371000e+00  5.04210118e-05 -3.14837339e-04  5.04210118e-05  5.00000000e+00 
 5.04705881e-05  3.15371059e+00  5.04705881e-05 -3.15900517e-04  5.04705881e-05  5.00000000e+00 
 5.05201645e-05  3.15371117e+00  5.05201645e-05 -3.14850647e-04  5.05201645e-05  5.00000000e+00 
 5.05697408e-05  3.15371082e+00  5.05697408e-05 -3.15883751e-04  5.05697408e-05  5.00000000e+00 
 5.06193172e-05  3.15371131e+00  5.06193172e-05 -3.14866851e-04  5.06193172e-05  5.00000000e+00 
 5.06688935e-05  3.15371090e+00  5.06688935e-05 -3.15867539e-04  5.06688935e-05  5.00000000e+00 
 5.07184698e-05  3.15371141e+00  5.07184698e-05 -3.14882970e-04  5.07184698e-05  5.00000000e+00 
 5.07680462e-05  3.15371097e+00  5.07680462e-05 -3.15851520e-04  5.07680462e-05  5.00000000e+00 
 5.08176225e-05  3.15371150e+00  5.08176225e-05 -3.14898904e-04  5.08176225e-05  5.00000000e+00 
 5.08671989e-05  3.15371104e+00  5.08671989e-05 -3.15835691e-04  5.08671989e-05  5.00000000e+00 
 5.09167752e-05  3.15371160e+00  5.09167752e-05 -3.14914643e-04  5.09167752e-05  5.00000000e+00 
 5.09663516e-05  3.15371111e+00  5.09663516e-05 -3.15820061e-04  5.09663516e-05  5.00000000e+00 
 5.10159279e-05  3.15371168e+00  5.10159279e-05 -3.14930179e-04  5.10159279e-05  5.00000000e+00 
 5.10655043e-05  3.15371118e+00  5.10655043e-05 -3.15804638e-04  5.10655043e-05  5.00000000e+00 
 5.11150806e-05  3.15371177e+00  5.11150806e-05 -3.14945504e-04  5.11150806e-05  5.00000000e+00 
 5.11646570e-05  3.15371124e+00  5.11646570e-05 -3.15789428e-04  5.11646570e-05  5.00000000e+00 
 5.12142333e-05  3.15371185e+00  5.12142333e-05 -3.14960612e-04  5.12142333e-05  5.00000000e+00 
 5.12638096e-05  3.15371130e+00  5.12638096e-05 -3.15774438e-04  5.12638096e-05  5.00000000e+00 
 5.13133860e-05  3.15371192e+00  5.13133860e-05 -3.14975497e-04  5.13133860e-05  5.00000000e+00 
 5.13629623e-05  3.15371135e+00  5.13629623e-05 -3.15759674e-04  5.13629623e-05  5.00000000e+00 
 5.14125387e-05  3.15371199e+00  5.14125387e-05 -3.14990152e-04  5.14125387e-05  5.00000000e+00 
 5.14621150e-05  3.15371141e+00  5.14621150e-05 -3.15745141e-04  5.14621150e-05  5.00000000e+00 
 5.15116914e-05  3.15371206e+00  5.15116914e-05 -3.15004573e-04  5.15116914e-05  5.00000000e+00 
 5.15612677e-05  3.15371146e+00  5.15612677e-05 -3.15730845e-04  5.15612677e-05  5.00000000e+00 
 5.16108441e-05  3.15371212e+00  5.16108441e-05 -3.15018754e-04  5.16108441e-05  5.00000000e+00 
 5.16604204e-05  3.15371151e+00  5.16604204e-05 -3.15716790e-04  5.16604204e-05  5.00000000e+00 
 5.17099968e-05  3.15371218e+00  5.17099968e-05 -3.15032692e-04  5.17099968e-05  5.00000000e+00 
 5.17595731e-05  3.15371156e+00  5.17595731e-05 -3.15702980e-04  5.17595731e-05  5.00000000e+00 
 5.18091494e-05  3.15371224e+00  5.18091494e-05 -3.15046382e-04  5.18091494e-05  5.00000000e+00 
 5.18587258e-05  3.15371160e+00  5.18587258e-05 -3.15689419e-04  5.18587258e-05  5.00000000e+00 
 5.19083021e-05  3.15371229e+00  5.19083021e-05 -3.15059822e-04  5.19083021e-05  5.00000000e+00 
 5.19578785e-05  3.15371164e+00  5.19578785e-05 -3.15676110e-04  5.19578785e-05  5.00000000e+00 
 5.20074548e-05  3.15371234e+00  5.20074548e-05 -3.15073007e-04  5.20074548e-05  5.00000000e+00 
 5.20570312e-05  3.15371168e+00  5.20570312e-05 -3.15663057e-04  5.20570312e-05  5.00000000e+00 
 5.21066075e-05  3.15371239e+00  5.21066075e-05 -3.15085935e-04  5.21066075e-05  5.00000000e+00 
 5.21561839e-05  3.15371172e+00  5.21561839e-05 -3.15650261e-04  5.21561839e-05  5.00000000e+00 
 5.22057602e-05  3.15371243e+00  5.22057602e-05 -3.15098604e-04  5.22057602e-05  5.00000000e+00 
 5.22553366e-05  3.15371176e+00  5.22553366e-05 -3.15637726e-04  5.22553366e-05  5.00000000e+00 
 5.23049129e-05  3.15371247e+00  5.23049129e-05 -3.15111011e-04  5.23049129e-05  5.00000000e+00 
 5.23544892e-05  3.15371179e+00  5.23544892e-05 -3.15625451e-04  5.23544892e-05  5.00000000e+00 
 5.24040656e-05  3.15371251e+00  5.24040656e-05 -3.15123157e-04  5.24040656e-05  5.00000000e+00 
 5.24536419e-05  3.15371183e+00  5.24536419e-05 -3.15613440e-04  5.24536419e-05  5.00000000e+00 
 5.25032183e-05  3.15371255e+00  5.25032183e-05 -3.15135038e-04  5.25032183e-05  5.00000000e+00 
 5.25527946e-05  3.15371186e+00  5.25527946e-05 -3.15601693e-04  5.25527946e-05  5.00000000e+00 
 5.26023710e-05  3.15371258e+00  5.26023710e-05 -3.15146654e-04  5.26023710e-05  5.00000000e+00 
 5.26519473e-05  3.15371189e+00  5.26519473e-05 -3.15590212e-04  5.26519473e-05  5.00000000e+00 
 5.27015237e-05  3.15371261e+00  5.27015237e-05 -3.15158005e-04  5.27015237e-05  5.00000000e+00 
 5.27511000e-05  3.15371191e+00  5.27511000e-05 -3.15578995e-04  5.27511000e-05  5.00000000e+00 
 5.28006764e-05  3.15371264e+00  5.28006764e-05 -3.15169090e-04  5.28006764e-05  5.00000000e+00 
 5.28502527e-05  3.15371194e+00  5.28502527e-05 -3.15568045e-04  5.28502527e-05  5.00000000e+00 
 5.28998290e-05  3.15371266e+00  5.28998290e-05 -3.15179909e-04  5.28998290e-05  5.00000000e+00 
 5.29494054e-05  3.15371196e+00  5.29494054e-05 -3.15557359e-04  5.29494054e-05  5.00000000e+00 
 5.29989817e-05  3.15371269e+00  5.29989817e-05 -3.15190462e-04  5.29989817e-05  5.00000000e+00 
 5.30485581e-05  3.15371199e+00  5.30485581e-05 -3.15546940e-04  5.30485581e-05  5.00000000e+00 
 5.30981344e-05  3.15371271e+00  5.30981344e-05 -3.15200751e-04  5.30981344e-05  5.00000000e+00 
 5.31477108e-05  3.15371201e+00  5.31477108e-05 -3.15536784e-04  5.31477108e-05  5.00000000e+00 
 5.31972871e-05  3.15371273e+00  5.31972871e-05 -3.15210774e-04  5.31972871e-05  5.00000000e+00 
 5.32468635e-05  3.15371203e+00  5.32468635e-05 -3.15526893e-04  5.32468635e-05  5.00000000e+00 
 5.32964398e-05  3.15371274e+00  5.32964398e-05 -3.15220535e-04  5.32964398e-05  5.00000000e+00 
 5.33460161e-05  3.15371205e+00  5.33460161e-05 -3.15517264e-04  5.33460161e-05  5.00000000e+00 
 5.33955925e-05  3.15371276e+00  5.33955925e-05 -3.15230033e-04  5.33955925e-05  5.00000000e+00 
 5.34451688e-05  3.15371206e+00  5.34451688e-05 -3.15507897e-04  5.34451688e-05  5.00000000e+00 
 5.34947452e-05  3.15371277e+00  5.34947452e-05 -3.15239271e-04  5.34947452e-05  5.00000000e+00 
 5.35443215e-05  3.15371208e+00  5.35443215e-05 -3.15498789e-04  5.35443215e-05  5.00000000e+00 
 5.35938979e-05  3.15371278e+00  5.35938979e-05 -3.15248249e-04  5.35938979e-05  5.00000000e+00 
 5.36434742e-05  3.15371210e+00  5.36434742e-05 -3.15489940e-04  5.36434742e-05  5.00000000e+00 
 5.36930506e-05  3.15371279e+00  5.36930506e-05 -3.15256971e-04  5.36930506e-05  5.00000000e+00 
 5.37426269e-05  3.15371211e+00  5.37426269e-05 -3.15481346e-04  5.37426269e-05  5.00000000e+00 
 5.37922033e-05  3.15371280e+00  5.37922033e-05 -3.15265437e-04  5.37922033e-05  5.00000000e+00 
 5.38417796e-05  3.15371212e+00  5.38417796e-05 -3.15473007e-04  5.38417796e-05  5.00000000e+00 
 5.38913559e-05  3.15371281e+00  5.38913559e-05 -3.15273650e-04  5.38913559e-05  5.00000000e+00 
 5.39409323e-05  3.15371214e+00  5.39409323e-05 -3.15464919e-04  5.39409323e-05  5.00000000e+00 
 5.39905086e-05  3.15371282e+00  5.39905086e-05 -3.15281612e-04  5.39905086e-05  5.00000000e+00 
 5.40400850e-05  3.15371215e+00  5.40400850e-05 -3.15457081e-04  5.40400850e-05  5.00000000e+00 
 5.40896613e-05  3.15371282e+00  5.40896613e-05 -3.15289327e-04  5.40896613e-05  5.00000000e+00 
 5.41392377e-05  3.15371216e+00  5.41392377e-05 -3.15449490e-04  5.41392377e-05  5.00000000e+00 
 5.41888140e-05  3.15371283e+00  5.41888140e-05 -3.15296795e-04  5.41888140e-05  5.00000000e+00 
 5.42383904e-05  3.15371217e+00  5.42383904e-05 -3.15442142e-04  5.42383904e-05  5.00000000e+00 
 5.42879667e-05  3.15371283e+00  5.42879667e-05 -3.15304022e-04  5.42879667e-05  5.00000000e+00 
 5.43375431e-05  3.15371218e+00  5.43375431e-05 -3.15435036e-04  5.43375431e-05  5.00000000e+00 
 5.43871194e-05  3.15371283e+00  5.43871194e-05 -3.15311008e-04  5.43871194e-05  5.00000000e+00 
 5.44366957e-05  3.15371219e+00  5.44366957e-05 -3.15428168e-04  5.44366957e-05  5.00000000e+00 
 5.44862721e-05  3.15371283e+00  5.44862721e-05 -3.15317758e-04  5.44862721e-05  5.00000000e+00 
 5.45358484e-05  3.15371220e+00  5.45358484e-05 -3.15421535e-04  5.45358484e-05  5.00000000e+00 
 5.45854248e-05  3.15371283e+00  5.45854248e-05 -3.15324274e-04  5.45854248e-05  5.00000000e+00 
 5.46350011e-05  3.15371221e+00  5.46350011e-05 -3.15415134e-04  5.46350011e-05  5.00000000e+00 
 5.46845775e-05  3.15371283e+00  5.46845775e-05 -3.15330560e-04  5.46845775e-05  5.00000000e+00 
 5.47341538e-05  3.15371222e+00  5.47341538e-05 -3.15408961e-04  5.47341538e-05  5.00000000e+00 
 5.47837302e-05  3.15371283e+00  5.47837302e-05 -3.15336620e-04  5.47837302e-05  5.00000000e+00 
 5.48333065e-05  3.15371223e+00  5.48333065e-05 -3.15403013e-04  5.48333065e-05  5.00000000e+00 
 5.48828829e-05  3.15371283e+00  5.48828829e-05 -3.15342456e-04  5.48828829e-05  5.00000000e+00 
 5.49324592e-05  3.15371223e+00  5.49324592e-05 -3.15397287e-04  5.49324592e-05  5.00000000e+00 
 5.49820355e-05  3.15371283e+00  5.49820355e-05 -3.15348072e-04  5.49820355e-05  5.00000000e+00 
 5.50316119e-05  3.15371224e+00  5.50316119e-05 -3.15391779e-04  5.50316119e-05  5.00000000e+00 
 5.50811882e-05  3.15371282e+00  5.50811882e-05 -3.15353472e-04  5.50811882e-05  5.00000000e+00 
 5.51307646e-05  3.15371225e+00  5.51307646e-05 -3.15386485e-04  5.51307646e-05  5.00000000e+00 
 5.51803409e-05  3.15371282e+00  5.51803409e-05 -3.15358659e-04  5.51803409e-05  5.00000000e+00 
 5.52299173e-05  3.15371225e+00  5.52299173e-05 -3.15381402e-04  5.52299173e-05  5.00000000e+00 
 5.52794936e-05  3.15371282e+00  5.52794936e-05 -3.15363638e-04  5.52794936e-05  5.00000000e+00 
 5.53290700e-05  3.15371226e+00  5.53290700e-05 -3.15376526e-04  5.53290700e-05  5.00000000e+00 
 5.53786463e-05  3.15371281e+00  5.53786463e-05 -3.15368412e-04  5.53786463e-05  5.00000000e+00 
 5.54282227e-05  3.15371226e+00  5.54282227e-05 -3.15371853e-04  5.54282227e-05  5.00000000e+00 
 5.54777990e-05  3.15371281e+00  5.54777990e-05 -3.15372984e-04  5.54777990e-05  5.00000000e+00 
 5.55273753e-05  3.15371227e+00  5.55273753e-05 -3.15367379e-04  5.55273753e-05  5.00000000e+00 
 5.55769517e-05  3.15371280e+00  5.55769517e-05 -3.15377359e-04  5.55769517e-05  5.00000000e+00 
 5.56265280e-05  3.15371228e+00  5.56265280e-05 -3.15363101e-04  5.56265280e-05  5.00000000e+00 
 5.56761044e-05  3.15371280e+00  5.56761044e-05 -3.15381541e-04  5.56761044e-05  5.00000000e+00 
 5.57256807e-05  3.15371228e+00  5.57256807e-05 -3.15359013e-04  5.57256807e-05  5.00000000e+00 
 5.57752571e-05  3.15371279e+00  5.57752571e-05 -3.15385534e-04  5.57752571e-05  5.00000000e+00 
 5.58248334e-05  3.15371229e+00  5.58248334e-05 -3.15355114e-04  5.58248334e-05  5.00000000e+00 
 5.58744098e-05  3.15371279e+00  5.58744098e-05 -3.15389341e-04  5.58744098e-05  5.00000000e+00 
 5.59239861e-05  3.15371229e+00  5.59239861e-05 -3.15351397e-04  5.59239861e-05  5.00000000e+00 
 5.59735625e-05  3.15371278e+00  5.59735625e-05 -3.15392967e-04  5.59735625e-05  5.00000000e+00 
 5.60231388e-05  3.15371230e+00  5.60231388e-05 -3.15347860e-04  5.60231388e-05  5.00000000e+00 
 5.60727151e-05  3.15371278e+00  5.60727151e-05 -3.15396416e-04  5.60727151e-05  5.00000000e+00 
 5.61222915e-05  3.15371230e+00  5.61222915e-05 -3.15344498e-04  5.61222915e-05  5.00000000e+00 
 5.61718678e-05  3.15371277e+00  5.61718678e-05 -3.15399691e-04  5.61718678e-05  5.00000000e+00 
 5.62214442e-05  3.15371231e+00  5.62214442e-05 -3.15341308e-04  5.62214442e-05  5.00000000e+00 
 5.62710205e-05  3.15371276e+00  5.62710205e-05 -3.15402797e-04  5.62710205e-05  5.00000000e+00 
 5.63205969e-05  3.15371231e+00  5.63205969e-05 -3.15338284e-04  5.63205969e-05  5.00000000e+00 
 5.63701732e-05  3.15371276e+00  5.63701732e-05 -3.15405738e-04  5.63701732e-05  5.00000000e+00 
 5.64197496e-05  3.15371231e+00  5.64197496e-05 -3.15335424e-04  5.64197496e-05  5.00000000e+00 
 5.64693259e-05  3.15371275e+00  5.64693259e-05 -3.15408518e-04  5.64693259e-05  5.00000000e+00 
 5.65189023e-05  3.15371232e+00  5.65189023e-05 -3.15332723e-04  5.65189023e-05  5.00000000e+00 
 5.65684786e-05  3.15371274e+00  5.65684786e-05 -3.15411140e-04  5.65684786e-05  5.00000000e+00 
 5.66180549e-05  3.15371232e+00  5.66180549e-05 -3.15330178e-04  5.66180549e-05  5.00000000e+00 
 5.66676313e-05  3.15371274e+00  5.66676313e-05 -3.15413610e-04  5.66676313e-05  5.00000000e+00 
 5.67172076e-05  3.15371233e+00  5.67172076e-05 -3.15327783e-04  5.67172076e-05  5.00000000e+00 
 5.67667840e-05  3.15371273e+00  5.67667840e-05 -3.15415930e-04  5.67667840e-05  5.00000000e+00 
 5.68163603e-05  3.15371233e+00  5.68163603e-05 -3.15325536e-04  5.68163603e-05  5.00000000e+00 
 5.68659367e-05  3.15371273e+00  5.68659367e-05 -3.15418105e-04  5.68659367e-05  5.00000000e+00 
 5.69155130e-05  3.15371234e+00  5.69155130e-05 -3.15323432e-04  5.69155130e-05  5.00000000e+00 
 5.69650894e-05  3.15371272e+00  5.69650894e-05 -3.15420139e-04  5.69650894e-05  5.00000000e+00 
 5.70146657e-05  3.15371234e+00  5.70146657e-05 -3.15321467e-04  5.70146657e-05  5.00000000e+00 
 5.70642421e-05  3.15371271e+00  5.70642421e-05 -3.15422035e-04  5.70642421e-05  5.00000000e+00 
 5.71138184e-05  3.15371234e+00  5.71138184e-05 -3.15319638e-04  5.71138184e-05  5.00000000e+00 
 5.71633947e-05  3.15371271e+00  5.71633947e-05 -3.15423798e-04  5.71633947e-05  5.00000000e+00 
 5.72129711e-05  3.15371235e+00  5.72129711e-05 -3.15317939e-04  5.72129711e-05  5.00000000e+00 
 5.72625474e-05  3.15371270e+00  5.72625474e-05 -3.15425432e-04  5.72625474e-05  5.00000000e+00 
 5.73121238e-05  3.15371235e+00  5.73121238e-05 -3.15316369e-04  5.73121238e-05  5.00000000e+00 
 5.73617001e-05  3.15371269e+00  5.73617001e-05 -3.15426940e-04  5.73617001e-05  5.00000000e+00 
 5.74112765e-05  3.15371236e+00  5.74112765e-05 -3.15314922e-04  5.74112765e-05  5.00000000e+00 
 5.74608528e-05  3.15371269e+00  5.74608528e-05 -3.15428327e-04  5.74608528e-05  5.00000000e+00 
 5.75104292e-05  3.15371236e+00  5.75104292e-05 -3.15313595e-04  5.75104292e-05  5.00000000e+00 
 5.75600055e-05  3.15371268e+00  5.75600055e-05 -3.15429595e-04  5.75600055e-05  5.00000000e+00 
 5.76095819e-05  3.15371237e+00  5.76095819e-05 -3.15312384e-04  5.76095819e-05  5.00000000e+00 
 5.76591582e-05  3.15371268e+00  5.76591582e-05 -3.15430749e-04  5.76591582e-05  5.00000000e+00 
 5.77087345e-05  3.15371237e+00  5.77087345e-05 -3.15311286e-04  5.77087345e-05  5.00000000e+00 
 5.77583109e-05  3.15371267e+00  5.77583109e-05 -3.15431793e-04  5.77583109e-05  5.00000000e+00 
 5.78078872e-05  3.15371237e+00  5.78078872e-05 -3.15310296e-04  5.78078872e-05  5.00000000e+00 
 5.78574636e-05  3.15371267e+00  5.78574636e-05 -3.15432729e-04  5.78574636e-05  5.00000000e+00 
 5.79070399e-05  3.15371238e+00  5.79070399e-05 -3.15309412e-04  5.79070399e-05  5.00000000e+00 
 5.79566163e-05  3.15371266e+00  5.79566163e-05 -3.15433562e-04  5.79566163e-05  5.00000000e+00 
 5.80061926e-05  3.15371238e+00  5.80061926e-05 -3.15308629e-04  5.80061926e-05  5.00000000e+00 
 5.80557690e-05  3.15371265e+00  5.80557690e-05 -3.15434296e-04  5.80557690e-05  5.00000000e+00 
 5.81053453e-05  3.15371239e+00  5.81053453e-05 -3.15307944e-04  5.81053453e-05  5.00000000e+00 
 5.81549217e-05  3.15371265e+00  5.81549217e-05 -3.15434933e-04  5.81549217e-05  5.00000000e+00 
 5.82044980e-05  3.15371239e+00  5.82044980e-05 -3.15307354e-04  5.82044980e-05  5.00000000e+00 
 5.82540743e-05  3.15371264e+00  5.82540743e-05 -3.15435477e-04  5.82540743e-05  5.00000000e+00 
 5.83036507e-05  3.15371240e+00  5.83036507e-05 -3.15306854e-04  5.83036507e-05  5.00000000e+00 
 5.83532270e-05  3.15371264e+00  5.83532270e-05 -3.15435932e-04  5.83532270e-05  5.00000000e+00 
 5.84028034e-05  3.15371240e+00  5.84028034e-05 -3.15306443e-04  5.84028034e-05  5.00000000e+00 
 5.84523797e-05  3.15371263e+00  5.84523797e-05 -3.15436301e-04  5.84523797e-05  5.00000000e+00 
 5.85019561e-05  3.15371240e+00  5.85019561e-05 -3.15306116e-04  5.85019561e-05  5.00000000e+00 
 5.85515324e-05  3.15371263e+00  5.85515324e-05 -3.15436587e-04  5.85515324e-05  5.00000000e+00 
 5.86011088e-05  3.15371241e+00  5.86011088e-05 -3.15305870e-04  5.86011088e-05  5.00000000e+00 
 5.86506851e-05  3.15371262e+00  5.86506851e-05 -3.15436794e-04  5.86506851e-05  5.00000000e+00 
 5.87002615e-05  3.15371241e+00  5.87002615e-05 -3.15305702e-04  5.87002615e-05  5.00000000e+00 
 5.87498378e-05  3.15371262e+00  5.87498378e-05 -3.15436924e-04  5.87498378e-05  5.00000000e+00 
 5.87994141e-05  3.15371242e+00  5.87994141e-05 -3.15305609e-04  5.87994141e-05  5.00000000e+00 
 5.88489905e-05  3.15371262e+00  5.88489905e-05 -3.15436981e-04  5.88489905e-05  5.00000000e+00 
 5.88985668e-05  3.15371242e+00  5.88985668e-05 -3.15305587e-04  5.88985668e-05  5.00000000e+00 
 5.89481432e-05  3.15371261e+00  5.89481432e-05 -3.15436968e-04  5.89481432e-05  5.00000000e+00 
 5.89977195e-05  3.15371242e+00  5.89977195e-05 -3.15305634e-04  5.89977195e-05  5.00000000e+00 
 5.90472959e-05  3.15371261e+00  5.90472959e-05 -3.15436888e-04  5.90472959e-05  5.00000000e+00 
 5.90968722e-05  3.15371243e+00  5.90968722e-05 -3.15305747e-04  5.90968722e-05  5.00000000e+00 
 5.91464486e-05  3.15371260e+00  5.91464486e-05 -3.15436744e-04  5.91464486e-05  5.00000000e+00 
 5.91960249e-05  3.15371243e+00  5.91960249e-05 -3.15305922e-04  5.91960249e-05  5.00000000e+00 
 5.92456013e-05  3.15371260e+00  5.92456013e-05 -3.15436538e-04  5.92456013e-05  5.00000000e+00 
 5.92951776e-05  3.15371244e+00  5.92951776e-05 -3.15306158e-04  5.92951776e-05  5.00000000e+00 
 5.93447539e-05  3.15371260e+00  5.93447539e-05 -3.15436274e-04  5.93447539e-05  5.00000000e+00 
 5.93943303e-05  3.15371244e+00  5.93943303e-05 -3.15306450e-04  5.93943303e-05  5.00000000e+00 
 5.94439066e-05  3.15371259e+00  5.94439066e-05 -3.15435954e-04  5.94439066e-05  5.00000000e+00 
 5.94934830e-05  3.15371244e+00  5.94934830e-05 -3.15306797e-04  5.94934830e-05  5.00000000e+00 
 5.95430593e-05  3.15371259e+00  5.95430593e-05 -3.15435582e-04  5.95430593e-05  5.00000000e+00 
 5.95926357e-05  3.15371245e+00  5.95926357e-05 -3.15307195e-04  5.95926357e-05  5.00000000e+00 
 5.96422120e-05  3.15371259e+00  5.96422120e-05 -3.15435158e-04  5.96422120e-05  5.00000000e+00 
 5.96917884e-05  3.15371245e+00  5.96917884e-05 -3.15307642e-04  5.96917884e-05  5.00000000e+00 
 5.97413647e-05  3.15371258e+00  5.97413647e-05 -3.15434688e-04  5.97413647e-05  5.00000000e+00 
 5.97909411e-05  3.15371245e+00  5.97909411e-05 -3.15308136e-04  5.97909411e-05  5.00000000e+00 
 5.98405174e-05  3.15371258e+00  5.98405174e-05 -3.15434172e-04  5.98405174e-05  5.00000000e+00 
 5.98900937e-05  3.15371246e+00  5.98900937e-05 -3.15308674e-04  5.98900937e-05  5.00000000e+00 
 5.99396701e-05  3.15371258e+00  5.99396701e-05 -3.15433613e-04  5.99396701e-05  5.00000000e+00 
 5.99892464e-05  3.15371246e+00  5.99892464e-05 -3.15309254e-04  5.99892464e-05  5.00000000e+00 
 6.00388228e-05  3.15371257e+00  6.00388228e-05 -3.15433014e-04  6.00388228e-05  5.00000000e+00 
 6.00883991e-05  3.15371247e+00  6.00883991e-05 -3.15309872e-04  6.00883991e-05  5.00000000e+00 
 6.01379755e-05  3.15371257e+00  6.01379755e-05 -3.15432376e-04  6.01379755e-05  5.00000000e+00 
 6.01875518e-05  3.15371247e+00  6.01875518e-05 -3.15310528e-04  6.01875518e-05  5.00000000e+00 
 6.02371282e-05  3.15371257e+00  6.02371282e-05 -3.15431703e-04  6.02371282e-05  5.00000000e+00 
 6.02867045e-05  3.15371247e+00  6.02867045e-05 -3.15311218e-04  6.02867045e-05  5.00000000e+00 
 6.03362809e-05  3.15371257e+00  6.03362809e-05 -3.15430997e-04  6.03362809e-05  5.00000000e+00 
 6.03858572e-05  3.15371248e+00  6.03858572e-05 -3.15311940e-04  6.03858572e-05  5.00000000e+00 
 6.04354335e-05  3.15371256e+00  6.04354335e-05 -3.15430259e-04  6.04354335e-05  5.00000000e+00 
 6.04850099e-05  3.15371248e+00  6.04850099e-05 -3.15312693e-04  6.04850099e-05  5.00000000e+00 
 6.05345862e-05  3.15371256e+00  6.05345862e-05 -3.15429492e-04  6.05345862e-05  5.00000000e+00 
 6.05841626e-05  3.15371248e+00  6.05841626e-05 -3.15313474e-04  6.05841626e-05  5.00000000e+00 
 6.06337389e-05  3.15371256e+00  6.06337389e-05 -3.15428697e-04  6.06337389e-05  5.00000000e+00 
 6.06833153e-05  3.15371249e+00  6.06833153e-05 -3.15314282e-04  6.06833153e-05  5.00000000e+00 
 6.07328916e-05  3.15371256e+00  6.07328916e-05 -3.15427878e-04  6.07328916e-05  5.00000000e+00 
 6.07824680e-05  3.15371249e+00  6.07824680e-05 -3.15315113e-04  6.07824680e-05  5.00000000e+00 
 6.08320443e-05  3.15371255e+00  6.08320443e-05 -3.15427035e-04  6.08320443e-05  5.00000000e+00 
 6.08816207e-05  3.15371249e+00  6.08816207e-05 -3.15315967e-04  6.08816207e-05  5.00000000e+00 
 6.09311970e-05  3.15371255e+00  6.09311970e-05 -3.15426170e-04  6.09311970e-05  5.00000000e+00 
 6.09807733e-05  3.15371249e+00  6.09807733e-05 -3.15316842e-04  6.09807733e-05  5.00000000e+00 
 6.10303497e-05  3.15371255e+00  6.10303497e-05 -3.15425286e-04  6.10303497e-05  5.00000000e+00 
 6.10799260e-05  3.15371250e+00  6.10799260e-05 -3.15317735e-04  6.10799260e-05  5.00000000e+00 
 6.11295024e-05  3.15371255e+00  6.11295024e-05 -3.15424384e-04  6.11295024e-05  5.00000000e+00 
 6.11790787e-05  3.15371250e+00  6.11790787e-05 -3.15318646e-04  6.11790787e-05  5.00000000e+00 
 6.12286551e-05  3.15371255e+00  6.12286551e-05 -3.15423466e-04  6.12286551e-05  5.00000000e+00 
 6.12782314e-05  3.15371250e+00  6.12782314e-05 -3.15319572e-04  6.12782314e-05  5.00000000e+00 
 6.13278078e-05  3.15371254e+00  6.13278078e-05 -3.15422533e-04  6.13278078e-05  5.00000000e+00 
 6.13773841e-05  3.15371251e+00  6.13773841e-05 -3.15320511e-04  6.13773841e-05  5.00000000e+00 
 6.14269605e-05  3.15371254e+00  6.14269605e-05 -3.15421587e-04  6.14269605e-05  5.00000000e+00 
 6.14765368e-05  3.15371251e+00  6.14765368e-05 -3.15321463e-04  6.14765368e-05  5.00000000e+00 
 6.15261131e-05  3.15371254e+00  6.15261131e-05 -3.15420630e-04  6.15261131e-05  5.00000000e+00 
 6.15756895e-05  3.15371251e+00  6.15756895e-05 -3.15322426e-04  6.15756895e-05  5.00000000e+00 
 6.16252658e-05  3.15371254e+00  6.16252658e-05 -3.15419663e-04  6.16252658e-05  5.00000000e+00 
 6.16748422e-05  3.15371251e+00  6.16748422e-05 -3.15323397e-04  6.16748422e-05  5.00000000e+00 
 6.17244185e-05  3.15371254e+00  6.17244185e-05 -3.15418687e-04  6.17244185e-05  5.00000000e+00 
 6.17739949e-05  3.15371252e+00  6.17739949e-05 -3.15324377e-04  6.17739949e-05  5.00000000e+00 
 6.18235712e-05  3.15371254e+00  6.18235712e-05 -3.15417704e-04  6.18235712e-05  5.00000000e+00 
 6.18731476e-05  3.15371252e+00  6.18731476e-05 -3.15325363e-04  6.18731476e-05  5.00000000e+00 
 6.19227239e-05  3.15371254e+00  6.19227239e-05 -3.15416715e-04  6.19227239e-05  5.00000000e+00 
 6.19723003e-05  3.15371252e+00  6.19723003e-05 -3.15326355e-04  6.19723003e-05  5.00000000e+00 
 6.20218766e-05  3.15371253e+00  6.20218766e-05 -3.15415721e-04  6.20218766e-05  5.00000000e+00 
 6.20714529e-05  3.15371252e+00  6.20714529e-05 -3.15327351e-04  6.20714529e-05  5.00000000e+00 
 6.21210293e-05  3.15371253e+00  6.21210293e-05 -3.15414724e-04  6.21210293e-05  5.00000000e+00 
 6.21706056e-05  3.15371252e+00  6.21706056e-05 -3.15328349e-04  6.21706056e-05  5.00000000e+00 
 6.22201820e-05  3.15371253e+00  6.22201820e-05 -3.15413725e-04  6.22201820e-05  5.00000000e+00 
 6.22697583e-05  3.15371253e+00  6.22697583e-05 -3.15329349e-04  6.22697583e-05  5.00000000e+00 
 6.23193347e-05  3.15371253e+00  6.23193347e-05 -3.15412725e-04  6.23193347e-05  5.00000000e+00 
 6.23689110e-05  3.15371253e+00  6.23689110e-05 -3.15330349e-04  6.23689110e-05  5.00000000e+00 
 6.24184874e-05  3.15371253e+00  6.24184874e-05 -3.15411724e-04  6.24184874e-05  5.00000000e+00 
 6.24680637e-05  3.15371253e+00  6.24680637e-05 -3.15331350e-04  6.24680637e-05  5.00000000e+00 
 6.25176401e-05  3.15371253e+00  6.25176401e-05 -3.15410725e-04  6.25176401e-05  5.00000000e+00 
 6.25672164e-05  3.15371253e+00  6.25672164e-05 -3.15332348e-04  6.25672164e-05  5.00000000e+00 
 6.26167927e-05  3.15371253e+00  6.26167927e-05 -3.15409728e-04  6.26167927e-05  5.00000000e+00 
 6.26663691e-05  3.15371253e+00  6.26663691e-05 -3.15333344e-04  6.26663691e-05  5.00000000e+00 
 6.27159454e-05  3.15371253e+00  6.27159454e-05 -3.15408733e-04  6.27159454e-05  5.00000000e+00 
 6.27655218e-05  3.15371254e+00  6.27655218e-05 -3.15334337e-04  6.27655218e-05  5.00000000e+00 
 6.28150981e-05  3.15371253e+00  6.28150981e-05 -3.15407742e-04  6.28150981e-05  5.00000000e+00 
 6.28646745e-05  3.15371254e+00  6.28646745e-05 -3.15335325e-04  6.28646745e-05  5.00000000e+00 
 6.29142508e-05  3.15371253e+00  6.29142508e-05 -3.15406756e-04  6.29142508e-05  5.00000000e+00 
 6.29638272e-05  3.15371254e+00  6.29638272e-05 -3.15336309e-04  6.29638272e-05  5.00000000e+00 
 6.30134035e-05  3.15371252e+00  6.30134035e-05 -3.15405776e-04  6.30134035e-05  5.00000000e+00 
 6.30629799e-05  3.15371254e+00  6.30629799e-05 -3.15337286e-04  6.30629799e-05  5.00000000e+00 
 6.31125562e-05  3.15371252e+00  6.31125562e-05 -3.15404802e-04  6.31125562e-05  5.00000000e+00 
 6.31621325e-05  3.15371254e+00  6.31621325e-05 -3.15338257e-04  6.31621325e-05  5.00000000e+00 
 6.32117089e-05  3.15371252e+00  6.32117089e-05 -3.15403834e-04  6.32117089e-05  5.00000000e+00 
 6.32612852e-05  3.15371254e+00  6.32612852e-05 -3.15339221e-04  6.32612852e-05  5.00000000e+00 
 6.33108616e-05  3.15371252e+00  6.33108616e-05 -3.15402875e-04  6.33108616e-05  5.00000000e+00 
 6.33604379e-05  3.15371254e+00  6.33604379e-05 -3.15340176e-04  6.33604379e-05  5.00000000e+00 
 6.34100143e-05  3.15371252e+00  6.34100143e-05 -3.15401924e-04  6.34100143e-05  5.00000000e+00 
 6.34595906e-05  3.15371254e+00  6.34595906e-05 -3.15341123e-04  6.34595906e-05  5.00000000e+00 
 6.35091670e-05  3.15371252e+00  6.35091670e-05 -3.15400981e-04  6.35091670e-05  5.00000000e+00 
 6.35587433e-05  3.15371255e+00  6.35587433e-05 -3.15342061e-04  6.35587433e-05  5.00000000e+00 
 6.36083197e-05  3.15371252e+00  6.36083197e-05 -3.15400049e-04  6.36083197e-05  5.00000000e+00 
 6.36578960e-05  3.15371255e+00  6.36578960e-05 -3.15342989e-04  6.36578960e-05  5.00000000e+00 
 6.37074723e-05  3.15371252e+00  6.37074723e-05 -3.15399126e-04  6.37074723e-05  5.00000000e+00 
 6.37570487e-05  3.15371255e+00  6.37570487e-05 -3.15343906e-04  6.37570487e-05  5.00000000e+00 
 6.38066250e-05  3.15371252e+00  6.38066250e-05 -3.15398214e-04  6.38066250e-05  5.00000000e+00 
 6.38562014e-05  3.15371255e+00  6.38562014e-05 -3.15344812e-04  6.38562014e-05  5.00000000e+00 
 6.39057777e-05  3.15371252e+00  6.39057777e-05 -3.15397313e-04  6.39057777e-05  5.00000000e+00 
 6.39553541e-05  3.15371255e+00  6.39553541e-05 -3.15345708e-04  6.39553541e-05  5.00000000e+00 
 6.40049304e-05  3.15371252e+00  6.40049304e-05 -3.15396424e-04  6.40049304e-05  5.00000000e+00 
 6.40545068e-05  3.15371255e+00  6.40545068e-05 -3.15346591e-04  6.40545068e-05  5.00000000e+00 
 6.41040831e-05  3.15371252e+00  6.41040831e-05 -3.15395546e-04  6.41040831e-05  5.00000000e+00 
 6.41536595e-05  3.15371255e+00  6.41536595e-05 -3.15347462e-04  6.41536595e-05  5.00000000e+00 
 6.42032358e-05  3.15371252e+00  6.42032358e-05 -3.15394682e-04  6.42032358e-05  5.00000000e+00 
 6.42528121e-05  3.15371255e+00  6.42528121e-05 -3.15348321e-04  6.42528121e-05  5.00000000e+00 
 6.43023885e-05  3.15371252e+00  6.43023885e-05 -3.15393829e-04  6.43023885e-05  5.00000000e+00 
 6.43519648e-05  3.15371255e+00  6.43519648e-05 -3.15349167e-04  6.43519648e-05  5.00000000e+00 
 6.44015412e-05  3.15371252e+00  6.44015412e-05 -3.15392990e-04  6.44015412e-05  5.00000000e+00 
 6.44511175e-05  3.15371255e+00  6.44511175e-05 -3.15349999e-04  6.44511175e-05  5.00000000e+00 
 6.45006939e-05  3.15371252e+00  6.45006939e-05 -3.15392164e-04  6.45006939e-05  5.00000000e+00 
 6.45502702e-05  3.15371255e+00  6.45502702e-05 -3.15350818e-04  6.45502702e-05  5.00000000e+00 
 6.45998466e-05  3.15371252e+00  6.45998466e-05 -3.15391352e-04  6.45998466e-05  5.00000000e+00 
 6.46494229e-05  3.15371255e+00  6.46494229e-05 -3.15351624e-04  6.46494229e-05  5.00000000e+00 
 6.46989992e-05  3.15371252e+00  6.46989992e-05 -3.15390554e-04  6.46989992e-05  5.00000000e+00 
 6.47485756e-05  3.15371256e+00  6.47485756e-05 -3.15352415e-04  6.47485756e-05  5.00000000e+00 
 6.47981519e-05  3.15371252e+00  6.47981519e-05 -3.15389770e-04  6.47981519e-05  5.00000000e+00 
 6.48477283e-05  3.15371256e+00  6.48477283e-05 -3.15353192e-04  6.48477283e-05  5.00000000e+00 
 6.48973046e-05  3.15371252e+00  6.48973046e-05 -3.15389000e-04  6.48973046e-05  5.00000000e+00 
 6.49468810e-05  3.15371256e+00  6.49468810e-05 -3.15353954e-04  6.49468810e-05  5.00000000e+00 
 6.49964573e-05  3.15371252e+00  6.49964573e-05 -3.15388245e-04  6.49964573e-05  5.00000000e+00 
 6.50460337e-05  3.15371256e+00  6.50460337e-05 -3.15354702e-04  6.50460337e-05  5.00000000e+00 
 6.50956100e-05  3.15371252e+00  6.50956100e-05 -3.15387504e-04  6.50956100e-05  5.00000000e+00 
 6.51451864e-05  3.15371256e+00  6.51451864e-05 -3.15355436e-04  6.51451864e-05  5.00000000e+00 
 6.51947627e-05  3.15371252e+00  6.51947627e-05 -3.15386778e-04  6.51947627e-05  5.00000000e+00 
 6.52443390e-05  3.15371256e+00  6.52443390e-05 -3.15356154e-04  6.52443390e-05  5.00000000e+00 
 6.52939154e-05  3.15371252e+00  6.52939154e-05 -3.15386067e-04  6.52939154e-05  5.00000000e+00 
 6.53434917e-05  3.15371256e+00  6.53434917e-05 -3.15356858e-04  6.53434917e-05  5.00000000e+00 
 6.53930681e-05  3.15371252e+00  6.53930681e-05 -3.15385371e-04  6.53930681e-05  5.00000000e+00 
 6.54426444e-05  3.15371256e+00  6.54426444e-05 -3.15357546e-04  6.54426444e-05  5.00000000e+00 
 6.54922208e-05  3.15371252e+00  6.54922208e-05 -3.15384690e-04  6.54922208e-05  5.00000000e+00 
 6.55417971e-05  3.15371256e+00  6.55417971e-05 -3.15358219e-04  6.55417971e-05  5.00000000e+00 
 6.55913735e-05  3.15371252e+00  6.55913735e-05 -3.15384025e-04  6.55913735e-05  5.00000000e+00 
 6.56409498e-05  3.15371256e+00  6.56409498e-05 -3.15358877e-04  6.56409498e-05  5.00000000e+00 
 6.56905262e-05  3.15371252e+00  6.56905262e-05 -3.15383374e-04  6.56905262e-05  5.00000000e+00 
 6.57401025e-05  3.15371256e+00  6.57401025e-05 -3.15359520e-04  6.57401025e-05  5.00000000e+00 
 6.57896788e-05  3.15371252e+00  6.57896788e-05 -3.15382739e-04  6.57896788e-05  5.00000000e+00 
 6.58392552e-05  3.15371256e+00  6.58392552e-05 -3.15360148e-04  6.58392552e-05  5.00000000e+00 
 6.58888315e-05  3.15371252e+00  6.58888315e-05 -3.15382119e-04  6.58888315e-05  5.00000000e+00 
 6.59384079e-05  3.15371256e+00  6.59384079e-05 -3.15360761e-04  6.59384079e-05  5.00000000e+00 
 6.59879842e-05  3.15371252e+00  6.59879842e-05 -3.15381514e-04  6.59879842e-05  5.00000000e+00 
 6.60375606e-05  3.15371256e+00  6.60375606e-05 -3.15361358e-04  6.60375606e-05  5.00000000e+00 
 6.60871369e-05  3.15371252e+00  6.60871369e-05 -3.15380924e-04  6.60871369e-05  5.00000000e+00 
 6.61367133e-05  3.15371256e+00  6.61367133e-05 -3.15361940e-04  6.61367133e-05  5.00000000e+00 
 6.61862896e-05  3.15371252e+00  6.61862896e-05 -3.15380349e-04  6.61862896e-05  5.00000000e+00 
 6.62358660e-05  3.15371256e+00  6.62358660e-05 -3.15362507e-04  6.62358660e-05  5.00000000e+00 
 6.62854423e-05  3.15371252e+00  6.62854423e-05 -3.15379790e-04  6.62854423e-05  5.00000000e+00 
 6.63350186e-05  3.15371256e+00  6.63350186e-05 -3.15363060e-04  6.63350186e-05  5.00000000e+00 
 6.63845950e-05  3.15371252e+00  6.63845950e-05 -3.15379245e-04  6.63845950e-05  5.00000000e+00 
 6.64341713e-05  3.15371256e+00  6.64341713e-05 -3.15363597e-04  6.64341713e-05  5.00000000e+00 
 6.64837477e-05  3.15371252e+00  6.64837477e-05 -3.15378715e-04  6.64837477e-05  5.00000000e+00 
 6.65333240e-05  3.15371256e+00  6.65333240e-05 -3.15364119e-04  6.65333240e-05  5.00000000e+00 
 6.65829004e-05  3.15371252e+00  6.65829004e-05 -3.15378200e-04  6.65829004e-05  5.00000000e+00 
 6.66324767e-05  3.15371256e+00  6.66324767e-05 -3.15364627e-04  6.66324767e-05  5.00000000e+00 
 6.66820531e-05  3.15371252e+00  6.66820531e-05 -3.15377700e-04  6.66820531e-05  5.00000000e+00 
 6.67316294e-05  3.15371256e+00  6.67316294e-05 -3.15365119e-04  6.67316294e-05  5.00000000e+00 
 6.67812058e-05  3.15371252e+00  6.67812058e-05 -3.15377215e-04  6.67812058e-05  5.00000000e+00 
 6.68307821e-05  3.15371256e+00  6.68307821e-05 -3.15365598e-04  6.68307821e-05  5.00000000e+00 
 6.68803584e-05  3.15371252e+00  6.68803584e-05 -3.15376744e-04  6.68803584e-05  5.00000000e+00 
 6.69299348e-05  3.15371256e+00  6.69299348e-05 -3.15366062e-04  6.69299348e-05  5.00000000e+00 
 6.69795111e-05  3.15371252e+00  6.69795111e-05 -3.15376287e-04  6.69795111e-05  5.00000000e+00 
 6.70290875e-05  3.15371256e+00  6.70290875e-05 -3.15366511e-04  6.70290875e-05  5.00000000e+00 
 6.70786638e-05  3.15371252e+00  6.70786638e-05 -3.15375844e-04  6.70786638e-05  5.00000000e+00 
 6.71282402e-05  3.15371256e+00  6.71282402e-05 -3.15366947e-04  6.71282402e-05  5.00000000e+00 
 6.71778165e-05  3.15371252e+00  6.71778165e-05 -3.15375416e-04  6.71778165e-05  5.00000000e+00 
 6.72273929e-05  3.15371256e+00  6.72273929e-05 -3.15367368e-04  6.72273929e-05  5.00000000e+00 
 6.72769692e-05  3.15371252e+00  6.72769692e-05 -3.15375001e-04  6.72769692e-05  5.00000000e+00 
 6.73265456e-05  3.15371256e+00  6.73265456e-05 -3.15367776e-04  6.73265456e-05  5.00000000e+00 
 6.73761219e-05  3.15371252e+00  6.73761219e-05 -3.15374600e-04  6.73761219e-05  5.00000000e+00 
 6.74256982e-05  3.15371256e+00  6.74256982e-05 -3.15368170e-04  6.74256982e-05  5.00000000e+00 
 6.74752746e-05  3.15371252e+00  6.74752746e-05 -3.15374213e-04  6.74752746e-05  5.00000000e+00 
 6.75248509e-05  3.15371256e+00  6.75248509e-05 -3.15368551e-04  6.75248509e-05  5.00000000e+00 
 6.75744273e-05  3.15371252e+00  6.75744273e-05 -3.15373839e-04  6.75744273e-05  5.00000000e+00 
 6.76240036e-05  3.15371256e+00  6.76240036e-05 -3.15368918e-04  6.76240036e-05  5.00000000e+00 
 6.76735800e-05  3.15371252e+00  6.76735800e-05 -3.15373478e-04  6.76735800e-05  5.00000000e+00 
 6.77231563e-05  3.15371256e+00  6.77231563e-05 -3.15369272e-04  6.77231563e-05  5.00000000e+00 
 6.77727327e-05  3.15371252e+00  6.77727327e-05 -3.15373130e-04  6.77727327e-05  5.00000000e+00 
 6.78223090e-05  3.15371256e+00  6.78223090e-05 -3.15369614e-04  6.78223090e-05  5.00000000e+00 
 6.78718854e-05  3.15371252e+00  6.78718854e-05 -3.15372795e-04  6.78718854e-05  5.00000000e+00 
 6.79214617e-05  3.15371256e+00  6.79214617e-05 -3.15369942e-04  6.79214617e-05  5.00000000e+00 
 6.79710380e-05  3.15371252e+00  6.79710380e-05 -3.15372473e-04  6.79710380e-05  5.00000000e+00 
 6.80206144e-05  3.15371256e+00  6.80206144e-05 -3.15370258e-04  6.80206144e-05  5.00000000e+00 
 6.80701907e-05  3.15371252e+00  6.80701907e-05 -3.15372163e-04  6.80701907e-05  5.00000000e+00 
 6.81197671e-05  3.15371255e+00  6.81197671e-05 -3.15370562e-04  6.81197671e-05  5.00000000e+00 
 6.81693434e-05  3.15371252e+00  6.81693434e-05 -3.15371865e-04  6.81693434e-05  5.00000000e+00 
 6.82189198e-05  3.15371255e+00  6.82189198e-05 -3.15370854e-04  6.82189198e-05  5.00000000e+00 
 6.82684961e-05  3.15371252e+00  6.82684961e-05 -3.15371579e-04  6.82684961e-05  5.00000000e+00 
 6.83180725e-05  3.15371255e+00  6.83180725e-05 -3.15371134e-04  6.83180725e-05  5.00000000e+00 
 6.83676488e-05  3.15371252e+00  6.83676488e-05 -3.15371305e-04  6.83676488e-05  5.00000000e+00 
 6.84172252e-05  3.15371255e+00  6.84172252e-05 -3.15371403e-04  6.84172252e-05  5.00000000e+00 
 6.84668015e-05  3.15371252e+00  6.84668015e-05 -3.15371043e-04  6.84668015e-05  5.00000000e+00 
 6.85163778e-05  3.15371255e+00  6.85163778e-05 -3.15371659e-04  6.85163778e-05  5.00000000e+00 
 6.85659542e-05  3.15371252e+00  6.85659542e-05 -3.15370791e-04  6.85659542e-05  5.00000000e+00 
 6.86155305e-05  3.15371255e+00  6.86155305e-05 -3.15371905e-04  6.86155305e-05  5.00000000e+00 
 6.86651069e-05  3.15371252e+00  6.86651069e-05 -3.15370551e-04  6.86651069e-05  5.00000000e+00 
 6.87146832e-05  3.15371255e+00  6.87146832e-05 -3.15372140e-04  6.87146832e-05  5.00000000e+00 
 6.87642596e-05  3.15371252e+00  6.87642596e-05 -3.15370322e-04  6.87642596e-05  5.00000000e+00 
 6.88138359e-05  3.15371255e+00  6.88138359e-05 -3.15372364e-04  6.88138359e-05  5.00000000e+00 
 6.88634123e-05  3.15371252e+00  6.88634123e-05 -3.15370103e-04  6.88634123e-05  5.00000000e+00 
 6.89129886e-05  3.15371255e+00  6.89129886e-05 -3.15372578e-04  6.89129886e-05  5.00000000e+00 
 6.89625650e-05  3.15371252e+00  6.89625650e-05 -3.15369894e-04  6.89625650e-05  5.00000000e+00 
 6.90121413e-05  3.15371255e+00  6.90121413e-05 -3.15372781e-04  6.90121413e-05  5.00000000e+00 
 6.90617176e-05  3.15371252e+00  6.90617176e-05 -3.15369696e-04  6.90617176e-05  5.00000000e+00 
 6.91112940e-05  3.15371255e+00  6.91112940e-05 -3.15372974e-04  6.91112940e-05  5.00000000e+00 
 6.91608703e-05  3.15371253e+00  6.91608703e-05 -3.15369508e-04  6.91608703e-05  5.00000000e+00 
 6.92104467e-05  3.15371255e+00  6.92104467e-05 -3.15373157e-04  6.92104467e-05  5.00000000e+00 
 6.92600230e-05  3.15371253e+00  6.92600230e-05 -3.15369329e-04  6.92600230e-05  5.00000000e+00 
 6.93095994e-05  3.15371255e+00  6.93095994e-05 -3.15373331e-04  6.93095994e-05  5.00000000e+00 
 6.93591757e-05  3.15371253e+00  6.93591757e-05 -3.15369160e-04  6.93591757e-05  5.00000000e+00 
 6.94087521e-05  3.15371255e+00  6.94087521e-05 -3.15373496e-04  6.94087521e-05  5.00000000e+00 
 6.94583284e-05  3.15371253e+00  6.94583284e-05 -3.15369000e-04  6.94583284e-05  5.00000000e+00 
 6.95079048e-05  3.15371255e+00  6.95079048e-05 -3.15373651e-04  6.95079048e-05  5.00000000e+00 
 6.95574811e-05  3.15371253e+00  6.95574811e-05 -3.15368850e-04  6.95574811e-05  5.00000000e+00 
 6.96070574e-05  3.15371255e+00  6.96070574e-05 -3.15373797e-04  6.96070574e-05  5.00000000e+00 
 6.96566338e-05  3.15371253e+00  6.96566338e-05 -3.15368708e-04  6.96566338e-05  5.00000000e+00 
 6.97062101e-05  3.15371255e+00  6.97062101e-05 -3.15373935e-04  6.97062101e-05  5.00000000e+00 
 6.97557865e-05  3.15371253e+00  6.97557865e-05 -3.15368574e-04  6.97557865e-05  5.00000000e+00 
 6.98053628e-05  3.15371255e+00  6.98053628e-05 -3.15374065e-04  6.98053628e-05  5.00000000e+00 
 6.98549392e-05  3.15371253e+00  6.98549392e-05 -3.15368449e-04  6.98549392e-05  5.00000000e+00 
 6.99045155e-05  3.15371255e+00  6.99045155e-05 -3.15374186e-04  6.99045155e-05  5.00000000e+00 
 6.99540919e-05  3.15371253e+00  6.99540919e-05 -3.15368332e-04  6.99540919e-05  5.00000000e+00 
 7.00036682e-05  3.15371255e+00  7.00036682e-05 -3.15374299e-04  7.00036682e-05  5.00000000e+00 
 7.00532446e-05  3.15371253e+00  7.00532446e-05 -3.15368223e-04  7.00532446e-05  5.00000000e+00 
 7.01028209e-05  3.15371255e+00  7.01028209e-05 -3.15374404e-04  7.01028209e-05  5.00000000e+00 
 7.01523972e-05  3.15371253e+00  7.01523972e-05 -3.15368121e-04  7.01523972e-05  5.00000000e+00 
 7.02019736e-05  3.15371255e+00  7.02019736e-05 -3.15374502e-04  7.02019736e-05  5.00000000e+00 
 7.02515499e-05  3.15371253e+00  7.02515499e-05 -3.15368027e-04  7.02515499e-05  5.00000000e+00 
 7.03011263e-05  3.15371255e+00  7.03011263e-05 -3.15374592e-04  7.03011263e-05  5.00000000e+00 
 7.03507026e-05  3.15371253e+00  7.03507026e-05 -3.15367940e-04  7.03507026e-05  5.00000000e+00 
 7.04002790e-05  3.15371255e+00  7.04002790e-05 -3.15374676e-04  7.04002790e-05  5.00000000e+00 
 7.04498553e-05  3.15371253e+00  7.04498553e-05 -3.15367860e-04  7.04498553e-05  5.00000000e+00 
 7.04994317e-05  3.15371255e+00  7.04994317e-05 -3.15374752e-04  7.04994317e-05  5.00000000e+00 
 7.05490080e-05  3.15371253e+00  7.05490080e-05 -3.15367787e-04  7.05490080e-05  5.00000000e+00 
 7.05985844e-05  3.15371255e+00  7.05985844e-05 -3.15374822e-04  7.05985844e-05  5.00000000e+00 
 7.06481607e-05  3.15371253e+00  7.06481607e-05 -3.15367720e-04  7.06481607e-05  5.00000000e+00 
 7.06977370e-05  3.15371255e+00  7.06977370e-05 -3.15374886e-04  7.06977370e-05  5.00000000e+00 
 7.07473134e-05  3.15371253e+00  7.07473134e-05 -3.15367660e-04  7.07473134e-05  5.00000000e+00 
 7.07968897e-05  3.15371255e+00  7.07968897e-05 -3.15374943e-04  7.07968897e-05  5.00000000e+00 
 7.08464661e-05  3.15371253e+00  7.08464661e-05 -3.15367606e-04  7.08464661e-05  5.00000000e+00 
 7.08960424e-05  3.15371255e+00  7.08960424e-05 -3.15374994e-04  7.08960424e-05  5.00000000e+00 
 7.09456188e-05  3.15371253e+00  7.09456188e-05 -3.15367557e-04  7.09456188e-05  5.00000000e+00 
 7.09951951e-05  3.15371255e+00  7.09951951e-05 -3.15375039e-04  7.09951951e-05  5.00000000e+00 
 7.10447715e-05  3.15371253e+00  7.10447715e-05 -3.15367515e-04  7.10447715e-05  5.00000000e+00 
 7.10943478e-05  3.15371255e+00  7.10943478e-05 -3.15375079e-04  7.10943478e-05  5.00000000e+00 
 7.11439242e-05  3.15371253e+00  7.11439242e-05 -3.15367478e-04  7.11439242e-05  5.00000000e+00 
 7.11935005e-05  3.15371255e+00  7.11935005e-05 -3.15375113e-04  7.11935005e-05  5.00000000e+00 
 7.12430768e-05  3.15371253e+00  7.12430768e-05 -3.15367446e-04  7.12430768e-05  5.00000000e+00 
 7.12926532e-05  3.15371255e+00  7.12926532e-05 -3.15375142e-04  7.12926532e-05  5.00000000e+00 
 7.13422295e-05  3.15371253e+00  7.13422295e-05 -3.15367420e-04  7.13422295e-05  5.00000000e+00 
 7.13918059e-05  3.15371255e+00  7.13918059e-05 -3.15375166e-04  7.13918059e-05  5.00000000e+00 
 7.14413822e-05  3.15371253e+00  7.14413822e-05 -3.15367398e-04  7.14413822e-05  5.00000000e+00 
 7.14909586e-05  3.15371254e+00  7.14909586e-05 -3.15375186e-04  7.14909586e-05  5.00000000e+00 
 7.15405349e-05  3.15371253e+00  7.15405349e-05 -3.15367381e-04  7.15405349e-05  5.00000000e+00 
 7.15901113e-05  3.15371254e+00  7.15901113e-05 -3.15375200e-04  7.15901113e-05  5.00000000e+00 
 7.16396876e-05  3.15371253e+00  7.16396876e-05 -3.15367369e-04  7.16396876e-05  5.00000000e+00 
 7.16892640e-05  3.15371254e+00  7.16892640e-05 -3.15375210e-04  7.16892640e-05  5.00000000e+00 
 7.17388403e-05  3.15371253e+00  7.17388403e-05 -3.15367361e-04  7.17388403e-05  5.00000000e+00 
 7.17884166e-05  3.15371254e+00  7.17884166e-05 -3.15375216e-04  7.17884166e-05  5.00000000e+00 
 7.18379930e-05  3.15371253e+00  7.18379930e-05 -3.15367358e-04  7.18379930e-05  5.00000000e+00 
 7.18875693e-05  3.15371254e+00  7.18875693e-05 -3.15375218e-04  7.18875693e-05  5.00000000e+00 
 7.19371457e-05  3.15371253e+00  7.19371457e-05 -3.15367358e-04  7.19371457e-05  5.00000000e+00 
 7.19867220e-05  3.15371254e+00  7.19867220e-05 -3.15375215e-04  7.19867220e-05  5.00000000e+00 
 7.20362984e-05  3.15371253e+00  7.20362984e-05 -3.15367362e-04  7.20362984e-05  5.00000000e+00 
 7.20858747e-05  3.15371254e+00  7.20858747e-05 -3.15375209e-04  7.20858747e-05  5.00000000e+00 
 7.21354511e-05  3.15371253e+00  7.21354511e-05 -3.15367370e-04  7.21354511e-05  5.00000000e+00 
 7.21850274e-05  3.15371254e+00  7.21850274e-05 -3.15375199e-04  7.21850274e-05  5.00000000e+00 
 7.22346038e-05  3.15371253e+00  7.22346038e-05 -3.15367382e-04  7.22346038e-05  5.00000000e+00 
 7.22841801e-05  3.15371254e+00  7.22841801e-05 -3.15375186e-04  7.22841801e-05  5.00000000e+00 
 7.23337564e-05  3.15371253e+00  7.23337564e-05 -3.15367396e-04  7.23337564e-05  5.00000000e+00 
 7.23833328e-05  3.15371254e+00  7.23833328e-05 -3.15375170e-04  7.23833328e-05  5.00000000e+00 
 7.24329091e-05  3.15371253e+00  7.24329091e-05 -3.15367414e-04  7.24329091e-05  5.00000000e+00 
 7.24824855e-05  3.15371254e+00  7.24824855e-05 -3.15375150e-04  7.24824855e-05  5.00000000e+00 
 7.25320618e-05  3.15371253e+00  7.25320618e-05 -3.15367435e-04  7.25320618e-05  5.00000000e+00 
 7.25816382e-05  3.15371254e+00  7.25816382e-05 -3.15375128e-04  7.25816382e-05  5.00000000e+00 
 7.26312145e-05  3.15371253e+00  7.26312145e-05 -3.15367459e-04  7.26312145e-05  5.00000000e+00 
 7.26807909e-05  3.15371254e+00  7.26807909e-05 -3.15375103e-04  7.26807909e-05  5.00000000e+00 
 7.27303672e-05  3.15371253e+00  7.27303672e-05 -3.15367486e-04  7.27303672e-05  5.00000000e+00 
 7.27799436e-05  3.15371254e+00  7.27799436e-05 -3.15375075e-04  7.27799436e-05  5.00000000e+00 
 7.28295199e-05  3.15371253e+00  7.28295199e-05 -3.15367515e-04  7.28295199e-05  5.00000000e+00 
 7.28790962e-05  3.15371254e+00  7.28790962e-05 -3.15375044e-04  7.28790962e-05  5.00000000e+00 
 7.29286726e-05  3.15371254e+00  7.29286726e-05 -3.15367547e-04  7.29286726e-05  5.00000000e+00 
 7.29782489e-05  3.15371254e+00  7.29782489e-05 -3.15375011e-04  7.29782489e-05  5.00000000e+00 
 7.30278253e-05  3.15371254e+00  7.30278253e-05 -3.15367581e-04  7.30278253e-05  5.00000000e+00 
 7.30774016e-05  3.15371254e+00  7.30774016e-05 -3.15374976e-04  7.30774016e-05  5.00000000e+00 
 7.31269780e-05  3.15371254e+00  7.31269780e-05 -3.15367617e-04  7.31269780e-05  5.00000000e+00 
 7.31765543e-05  3.15371254e+00  7.31765543e-05 -3.15374939e-04  7.31765543e-05  5.00000000e+00 
 7.32261307e-05  3.15371254e+00  7.32261307e-05 -3.15367656e-04  7.32261307e-05  5.00000000e+00 
 7.32757070e-05  3.15371254e+00  7.32757070e-05 -3.15374899e-04  7.32757070e-05  5.00000000e+00 
 7.33252834e-05  3.15371254e+00  7.33252834e-05 -3.15367696e-04  7.33252834e-05  5.00000000e+00 
 7.33748597e-05  3.15371254e+00  7.33748597e-05 -3.15374858e-04  7.33748597e-05  5.00000000e+00 
 7.34244360e-05  3.15371254e+00  7.34244360e-05 -3.15367738e-04  7.34244360e-05  5.00000000e+00 
 7.34740124e-05  3.15371254e+00  7.34740124e-05 -3.15374815e-04  7.34740124e-05  5.00000000e+00 
 7.35235887e-05  3.15371254e+00  7.35235887e-05 -3.15367782e-04  7.35235887e-05  5.00000000e+00 
 7.35731651e-05  3.15371254e+00  7.35731651e-05 -3.15374771e-04  7.35731651e-05  5.00000000e+00 
 7.36227414e-05  3.15371254e+00  7.36227414e-05 -3.15367827e-04  7.36227414e-05  5.00000000e+00 
 7.36723178e-05  3.15371254e+00  7.36723178e-05 -3.15374725e-04  7.36723178e-05  5.00000000e+00 
 7.37218941e-05  3.15371254e+00  7.37218941e-05 -3.15367874e-04  7.37218941e-05  5.00000000e+00 
 7.37714705e-05  3.15371254e+00  7.37714705e-05 -3.15374677e-04  7.37714705e-05  5.00000000e+00 
 7.38210468e-05  3.15371254e+00  7.38210468e-05 -3.15367922e-04  7.38210468e-05  5.00000000e+00 
 7.38706232e-05  3.15371254e+00  7.38706232e-05 -3.15374629e-04  7.38706232e-05  5.00000000e+00 
 7.39201995e-05  3.15371254e+00  7.39201995e-05 -3.15367971e-04  7.39201995e-05  5.00000000e+00 
 7.39697758e-05  3.15371254e+00  7.39697758e-05 -3.15374579e-04  7.39697758e-05  5.00000000e+00 
 7.40193522e-05  3.15371254e+00  7.40193522e-05 -3.15368021e-04  7.40193522e-05  5.00000000e+00 
 7.40689285e-05  3.15371254e+00  7.40689285e-05 -3.15374528e-04  7.40689285e-05  5.00000000e+00 
 7.41185049e-05  3.15371254e+00  7.41185049e-05 -3.15368073e-04  7.41185049e-05  5.00000000e+00 
 7.41680812e-05  3.15371254e+00  7.41680812e-05 -3.15374476e-04  7.41680812e-05  5.00000000e+00 
 7.42176576e-05  3.15371254e+00  7.42176576e-05 -3.15368125e-04  7.42176576e-05  5.00000000e+00 
 7.42672339e-05  3.15371254e+00  7.42672339e-05 -3.15374423e-04  7.42672339e-05  5.00000000e+00 
 7.43168103e-05  3.15371254e+00  7.43168103e-05 -3.15368179e-04  7.43168103e-05  5.00000000e+00 
 7.43645181e-05  3.15371254e+00  7.43645181e-05 -3.15374368e-04  7.43645181e-05  5.00000000e+00 
 7.43673214e-05  3.15233085e+00  7.43673214e-05 -2.67247414e-04  7.43673214e-05  4.97172816e+00 
 7.43729278e-05  3.14718376e+00  7.43729278e-05 -1.81934274e-04  7.43729278e-05  4.91518449e+00 
 7.43841407e-05  3.12674340e+00  7.43841407e-05 -8.29009487e-05  7.43841407e-05  4.80209714e+00 
 7.43926688e-05  3.10558805e+00  7.43926688e-05 -4.55469206e-05  7.43926688e-05  4.71608766e+00 
 7.44036995e-05  3.07509407e+00  7.44036995e-05 -2.06706340e-05  7.44036995e-05  4.60483806e+00 
 7.44127587e-05  3.04875575e+00  7.44127587e-05 -1.09892517e-05  7.44127587e-05  4.51347164e+00 
 7.44222710e-05  3.02065280e+00  7.44222710e-05 -5.68943120e-06  7.44222710e-05  4.41753621e+00 
 7.44379061e-05  2.97436243e+00  7.44379061e-05 -2.10087792e-06  7.44379061e-05  4.25984913e+00 
 7.44520930e-05  2.93265049e+00  7.44520930e-05 -9.28850587e-07  7.44520930e-05  4.11676726e+00 
 7.44804669e-05  2.85074052e+00  7.44804669e-05 -3.67325135e-07  7.44804669e-05  3.83060353e+00 
 7.45160604e-05  2.75109424e+00  7.45160604e-05 -2.67288241e-07  7.45160604e-05  3.47162737e+00 
 7.45656367e-05  2.61803693e+00  7.45656367e-05 -2.77773249e-07  7.45656367e-05  2.97162737e+00 
 7.46152131e-05  2.49140799e+00  7.46152131e-05 -2.56161395e-07  7.46152131e-05  2.47162737e+00 
 7.46647894e-05  2.37096163e+00  7.46647894e-05 -2.72548010e-07  7.46647894e-05  1.97162737e+00 
 7.47143658e-05  2.25638800e+00  7.47143658e-05 -2.51418685e-07  7.47143658e-05  1.47162737e+00 
 7.47639421e-05  2.14737473e+00  7.47639421e-05 -2.68138530e-07  7.47639421e-05  9.71627373e-01 
 7.48135185e-05  2.04363670e+00  7.48135185e-05 -2.47303746e-07  7.48135185e-05  4.71627373e-01 
 7.48602816e-05  1.95039199e+00  7.48602816e-05 -2.64391520e-07  7.48602816e-05  0.00000000e+00 
 7.48652392e-05  1.94080308e+00  7.48652392e-05 -2.40224000e-11  7.48652392e-05  0.00000000e+00 
 7.48730094e-05  1.92583328e+00  7.48730094e-05 -2.40223999e-11  7.48730094e-05  0.00000000e+00 
 7.48780262e-05  1.91622933e+00  7.48780262e-05 -2.40223998e-11  7.48780262e-05  0.00000000e+00 
 7.48838076e-05  1.90522142e+00  7.48838076e-05 -2.40223998e-11  7.48838076e-05  0.00000000e+00 
 7.48922184e-05  1.88931974e+00  7.48922184e-05 -2.40223999e-11  7.48922184e-05  0.00000000e+00 
 7.49007487e-05  1.87332786e+00  7.49007487e-05 -2.40223999e-11  7.49007487e-05  0.00000000e+00 
 7.49118587e-05  1.85270264e+00  7.49118587e-05 -2.40224000e-11  7.49118587e-05  0.00000000e+00 
 7.49243522e-05  1.82978038e+00  7.49243522e-05 -2.40223998e-11  7.49243522e-05  0.00000000e+00 
 7.49388102e-05  1.80360773e+00  7.49388102e-05 -2.40224000e-11  7.49388102e-05  0.00000000e+00 
 7.49558627e-05  1.77321930e+00  7.49558627e-05 -2.40224000e-11  7.49558627e-05  0.00000000e+00 
 7.49749602e-05  1.73979443e+00  7.49749602e-05 -2.40224000e-11  7.49749602e-05  0.00000000e+00 
 7.49972836e-05  1.70152178e+00  7.49972836e-05 -2.40224000e-11  7.49972836e-05  0.00000000e+00 
 7.50222822e-05  1.65966152e+00  7.50222822e-05 -2.40224000e-11  7.50222822e-05  0.00000000e+00 
 7.50510125e-05  1.61282344e+00  7.50510125e-05 -2.40224000e-11  7.50510125e-05  0.00000000e+00 
 7.50830396e-05  1.56216757e+00  7.50830396e-05 -2.40224000e-11  7.50830396e-05  0.00000000e+00 
 7.51195058e-05  1.50642547e+00  7.51195058e-05 -2.40224000e-11  7.51195058e-05  0.00000000e+00 
 7.51596101e-05  1.44741681e+00  7.51596101e-05 -2.40224003e-11  7.51596101e-05  0.00000000e+00 
 7.52049950e-05  1.38342181e+00  7.52049950e-05 -2.40224005e-11  7.52049950e-05  0.00000000e+00 
 7.52540211e-05  1.31746907e+00  7.52540211e-05 -2.40224014e-11  7.52540211e-05  0.00000000e+00 
 7.53035975e-05  1.25397567e+00  7.53035975e-05 -2.40224031e-11  7.53035975e-05  0.00000000e+00 
 7.53531738e-05  1.19354519e+00  7.53531738e-05 -2.40224074e-11  7.53531738e-05  0.00000000e+00 
 7.54027501e-05  1.13602973e+00  7.54027501e-05 -2.40224165e-11  7.54027501e-05  0.00000000e+00 
 7.54523265e-05  1.08128856e+00  7.54523265e-05 -2.40224358e-11  7.54523265e-05  0.00000000e+00 
 7.55019028e-05  1.02918770e+00  7.55019028e-05 -2.40224752e-11  7.55019028e-05  0.00000000e+00 
 7.55514792e-05  9.79599730e-01  7.55514792e-05 -2.40225540e-11  7.55514792e-05  0.00000000e+00 
 7.56010555e-05  9.32403272e-01  7.56010555e-05 -2.40227069e-11  7.56010555e-05  0.00000000e+00 
 7.56506319e-05  8.87482935e-01  7.56506319e-05 -2.40229961e-11  7.56506319e-05  0.00000000e+00 
 7.57002082e-05  8.44728780e-01  7.57002082e-05 -2.40235290e-11  7.57002082e-05  0.00000000e+00 
 7.57497846e-05  8.04036310e-01  7.57497846e-05 -2.40244880e-11  7.57497846e-05  0.00000000e+00 
 7.57993609e-05  7.65305935e-01  7.57993609e-05 -2.40261718e-11  7.57993609e-05  0.00000000e+00 
 7.58489373e-05  7.28443031e-01  7.58489373e-05 -2.40290638e-11  7.58489373e-05  0.00000000e+00 
 7.58985136e-05  6.93357376e-01  7.58985136e-05 -2.40339176e-11  7.58985136e-05  0.00000000e+00 
 7.59480899e-05  6.59963289e-01  7.59480899e-05 -2.40418976e-11  7.59480899e-05  0.00000000e+00 
 7.59976663e-05  6.28179033e-01  7.59976663e-05 -2.40547369e-11  7.59976663e-05  0.00000000e+00 
 7.60472426e-05  5.97927027e-01  7.60472426e-05 -2.40750012e-11  7.60472426e-05  0.00000000e+00 
 7.60968190e-05  5.69133215e-01  7.60968190e-05 -2.41063382e-11  7.60968190e-05  0.00000000e+00 
 7.61463953e-05  5.41727356e-01  7.61463953e-05 -2.41539445e-11  7.61463953e-05  0.00000000e+00 
 7.61959717e-05  5.15642349e-01  7.61959717e-05 -2.42248804e-11  7.61959717e-05  0.00000000e+00 
 7.62455480e-05  4.90814599e-01  7.62455480e-05 -2.43288639e-11  7.62455480e-05  0.00000000e+00 
 7.62951244e-05  4.67183303e-01  7.62951244e-05 -2.44785139e-11  7.62951244e-05  0.00000000e+00 
 7.63447007e-05  4.44690889e-01  7.63447007e-05 -2.46906830e-11  7.63447007e-05  0.00000000e+00 
 7.63942771e-05  4.23282256e-01  7.63942771e-05 -2.49862676e-11  7.63942771e-05  0.00000000e+00 
 7.64438534e-05  4.02905286e-01  7.64438534e-05 -2.53924883e-11  7.64438534e-05  0.00000000e+00 
 7.64934297e-05  3.83510042e-01  7.64934297e-05 -2.59414950e-11  7.64934297e-05  0.00000000e+00 
 7.65430061e-05  3.65049349e-01  7.65430061e-05 -2.66744100e-11  7.65430061e-05  0.00000000e+00 
 7.65925824e-05  3.47477942e-01  7.65925824e-05 -2.76372773e-11  7.65925824e-05  0.00000000e+00 
 7.66421588e-05  3.30753127e-01  7.66421588e-05 -2.88884442e-11  7.66421588e-05  0.00000000e+00 
 7.66917351e-05  3.14833869e-01  7.66917351e-05 -3.04893385e-11  7.66917351e-05  0.00000000e+00 
 7.67413115e-05  2.99681531e-01  7.67413115e-05 -3.25180463e-11  7.67413115e-05  0.00000000e+00 
 7.67908878e-05  2.85258912e-01  7.67908878e-05 -3.50508139e-11  7.67908878e-05  0.00000000e+00 
 7.68404642e-05  2.71531051e-01  7.68404642e-05 -3.81866601e-11  7.68404642e-05  0.00000000e+00 
 7.68900405e-05  2.58464213e-01  7.68900405e-05 -4.20132362e-11  7.68900405e-05  0.00000000e+00 
 7.69396168e-05  2.46026771e-01  7.69396168e-05 -4.66501285e-11  7.69396168e-05  0.00000000e+00 
 7.69891932e-05  2.34188131e-01  7.69891932e-05 -5.21896427e-11  7.69891932e-05  0.00000000e+00 
 7.70387695e-05  2.22919681e-01  7.70387695e-05 -5.87701778e-11  7.70387695e-05  0.00000000e+00 
 7.70883459e-05  2.12193675e-01  7.70883459e-05 -6.64785513e-11  7.70883459e-05  0.00000000e+00 
 7.71379222e-05  2.01984234e-01  7.71379222e-05 -7.54694362e-11  7.71379222e-05  0.00000000e+00 
 7.71874986e-05  1.92266186e-01  7.71874986e-05 -8.58110338e-11  7.71874986e-05  0.00000000e+00 
 7.72370749e-05  1.83016131e-01  7.72370749e-05 -9.76719227e-11  7.72370749e-05  0.00000000e+00 
 7.72866513e-05  1.74211227e-01  7.72866513e-05 -1.11086361e-10  7.72866513e-05  0.00000000e+00 
 7.73362276e-05  1.65830321e-01  7.73362276e-05 -1.26235753e-10  7.73362276e-05  0.00000000e+00 
 7.73858040e-05  1.57852679e-01  7.73858040e-05 -1.43103898e-10  7.73858040e-05  0.00000000e+00 
 7.74353803e-05  1.50259183e-01  7.74353803e-05 -1.61886287e-10  7.74353803e-05  0.00000000e+00 
 7.74849566e-05  1.43031011e-01  7.74849566e-05 -1.82499602e-10  7.74849566e-05  0.00000000e+00 
 7.75345330e-05  1.36150887e-01  7.75345330e-05 -2.05157819e-10  7.75345330e-05  0.00000000e+00 
 7.75841093e-05  1.29601717e-01  7.75841093e-05 -2.29694620e-10  7.75841093e-05  0.00000000e+00 
 7.76336857e-05  1.23367898e-01  7.76336857e-05 -2.56350375e-10  7.76336857e-05  0.00000000e+00 
 7.76832620e-05  1.17433900e-01  7.76832620e-05 -2.84861360e-10  7.76832620e-05  0.00000000e+00 
 7.77328384e-05  1.11785632e-01  7.77328384e-05 -3.15505682e-10  7.77328384e-05  0.00000000e+00 
 7.77824147e-05  1.06408983e-01  7.77824147e-05 -3.47909697e-10  7.77824147e-05  0.00000000e+00 
 7.78319911e-05  1.01291233e-01  7.78319911e-05 -3.82403528e-10  7.78319911e-05  0.00000000e+00 
 7.78815674e-05  9.64195535e-02  7.78815674e-05 -4.18493156e-10  7.78815674e-05  0.00000000e+00 
 7.79311438e-05  9.17824662e-02  7.79311438e-05 -4.56577119e-10  7.79311438e-05  0.00000000e+00 
 7.79807201e-05  8.73683048e-02  7.79807201e-05 -4.96032604e-10  7.79807201e-05  0.00000000e+00 
 7.80302964e-05  8.31667161e-02  7.80302964e-05 -5.37344065e-10  7.80302964e-05  0.00000000e+00 
 7.80798728e-05  7.91670857e-02  7.80798728e-05 -5.79753370e-10  7.80798728e-05  0.00000000e+00 
 7.81294491e-05  7.53600796e-02  7.81294491e-05 -6.23848426e-10  7.81294491e-05  0.00000000e+00 
 7.81790255e-05  7.17360364e-02  7.81790255e-05 -6.68730949e-10  7.81790255e-05  0.00000000e+00 
 7.82286018e-05  6.82865451e-02  7.82286018e-05 -7.15108891e-10  7.82286018e-05  0.00000000e+00 
 7.82781782e-05  6.50028070e-02  7.82781782e-05 -7.61940472e-10  7.82781782e-05  0.00000000e+00 
 7.83277545e-05  6.18772478e-02  7.83277545e-05 -8.10068477e-10  7.83277545e-05  0.00000000e+00 
 7.83773309e-05  5.89018502e-02  7.83773309e-05 -8.58305629e-10  7.83773309e-05  0.00000000e+00 
 7.84269072e-05  5.60697973e-02  7.84269072e-05 -9.07641885e-10  7.84269072e-05  0.00000000e+00 
 7.84764836e-05  5.33737801e-02  7.84764836e-05 -9.56743691e-10  7.84764836e-05  0.00000000e+00 
 7.85260599e-05  5.08076674e-02  7.85260599e-05 -1.00675765e-09  7.85260599e-05  0.00000000e+00 
 7.85756362e-05  4.83647920e-02  7.85756362e-05 -1.05620430e-09  7.85756362e-05  0.00000000e+00 
 7.86252126e-05  4.60396440e-02  7.86252126e-05 -1.10639327e-09  7.86252126e-05  0.00000000e+00 
 7.86747889e-05  4.38261375e-02  7.86747889e-05 -1.15570073e-09  7.86747889e-05  0.00000000e+00 
 7.87243653e-05  4.17193252e-02  7.87243653e-05 -1.20560253e-09  7.87243653e-05  0.00000000e+00 
 7.87739416e-05  3.97136482e-02  7.87739416e-05 -1.25433312e-09  7.87739416e-05  0.00000000e+00 
 7.88235180e-05  3.78046685e-02  7.88235180e-05 -1.30353483e-09  7.88235180e-05  0.00000000e+00 
 7.88730943e-05  3.59873052e-02  7.88730943e-05 -1.35130414e-09  7.88730943e-05  0.00000000e+00 
 7.89226707e-05  3.42575811e-02  7.89226707e-05 -1.39944723e-09  7.89226707e-05  0.00000000e+00 
 7.89722470e-05  3.26108487e-02  7.89722470e-05 -1.44592753e-09  7.89722470e-05  0.00000000e+00 
 7.90218234e-05  3.10435480e-02  7.90218234e-05 -1.49270995e-09  7.90218234e-05  0.00000000e+00 
 7.90713997e-05  2.95514246e-02  7.90713997e-05 -1.53763085e-09  7.90713997e-05  0.00000000e+00 
 7.91209760e-05  2.81312959e-02  7.91209760e-05 -1.58280657e-09  7.91209760e-05  0.00000000e+00 
 7.91705524e-05  2.67792645e-02  7.91705524e-05 -1.62595340e-09  7.91705524e-05  0.00000000e+00 
 7.92201287e-05  2.54924887e-02  7.92201287e-05 -1.66932999e-09  7.92201287e-05  0.00000000e+00 
 7.92697051e-05  2.42673954e-02  7.92697051e-05 -1.71054055e-09  7.92697051e-05  0.00000000e+00 
 7.93192814e-05  2.31014512e-02  7.93192814e-05 -1.75197538e-09  7.93192814e-05  0.00000000e+00 
 7.93688578e-05  2.19913773e-02  7.93688578e-05 -1.79113550e-09  7.93688578e-05  0.00000000e+00 
 7.94184341e-05  2.09349191e-02  7.94184341e-05 -1.83053102e-09  7.94184341e-05  0.00000000e+00 
 7.94680105e-05  1.99290654e-02  7.94680105e-05 -1.86756943e-09  7.94680105e-05  0.00000000e+00 
 7.95175868e-05  1.89718129e-02  7.95175868e-05 -1.90486798e-09  7.95175868e-05  0.00000000e+00 
 7.95671632e-05  1.80603939e-02  7.95671632e-05 -1.93975091e-09  7.95671632e-05  0.00000000e+00 
 7.96167395e-05  1.71930322e-02  7.96167395e-05 -1.97492930e-09  7.96167395e-05  0.00000000e+00 
 7.96663158e-05  1.63671815e-02  7.96663158e-05 -2.00765500e-09  7.96663158e-05  0.00000000e+00 
 7.97158922e-05  1.55812702e-02  7.97158922e-05 -2.04071923e-09  7.97158922e-05  0.00000000e+00 
 7.97654685e-05  1.48329538e-02  7.97654685e-05 -2.07131268e-09  7.97654685e-05  0.00000000e+00 
 7.98150449e-05  1.41208449e-02  7.98150449e-05 -2.10229285e-09  7.98150449e-05  0.00000000e+00 
 7.98646212e-05  1.34427831e-02  7.98646212e-05 -2.13080084e-09  7.98646212e-05  0.00000000e+00 
 7.99141976e-05  1.27975469e-02  7.99141976e-05 -2.15974651e-09  7.99141976e-05  0.00000000e+00 
 7.99637739e-05  1.21831437e-02  7.99637739e-05 -2.18623309e-09  7.99637739e-05  0.00000000e+00 
 8.00133503e-05  1.15985010e-02  8.00133503e-05 -2.21320905e-09  8.00133503e-05  0.00000000e+00 
 8.00629266e-05  1.10417794e-02  8.00629266e-05 -2.23775154e-09  8.00629266e-05  0.00000000e+00 
 8.01125030e-05  1.05120406e-02  8.01125030e-05 -2.26283407e-09  8.01125030e-05  0.00000000e+00 
 8.01620793e-05  1.00075851e-02  8.01620793e-05 -2.28551946e-09  8.01620793e-05  0.00000000e+00 
 8.02116556e-05  9.52759465e-03  8.02116556e-05 -2.30879308e-09  8.02116556e-05  0.00000000e+00 
 8.02612320e-05  9.07049820e-03  8.02612320e-05 -2.32971506e-09  8.02612320e-05  0.00000000e+00 
 8.03108083e-05  8.63558467e-03  8.03108083e-05 -2.35126978e-09  8.03108083e-05  0.00000000e+00 
 8.03603847e-05  8.22140083e-03  8.03603847e-05 -2.37052611e-09  8.03603847e-05  0.00000000e+00 
 8.04099610e-05  7.82733144e-03  8.04099610e-05 -2.39045506e-09  8.04099610e-05  0.00000000e+00 
 8.04595374e-05  7.45203131e-03  8.04595374e-05 -2.40814545e-09  8.04595374e-05  0.00000000e+00 
 8.05091137e-05  7.09497065e-03  8.05091137e-05 -2.42654303e-09  8.05091137e-05  0.00000000e+00 
 8.05586901e-05  6.75490363e-03  8.05586901e-05 -2.44276739e-09  8.05586901e-05  0.00000000e+00 
 8.06082664e-05  6.43137637e-03  8.06082664e-05 -2.45972763e-09  8.06082664e-05  0.00000000e+00 
 8.06578428e-05  6.12323464e-03  8.06578428e-05 -2.47458468e-09  8.06578428e-05  0.00000000e+00 
 8.07074191e-05  5.83009177e-03  8.07074191e-05 -2.49020008e-09  8.07074191e-05  0.00000000e+00 
 8.07569954e-05  5.55087808e-03  8.07569954e-05 -2.50378622e-09  8.07569954e-05  0.00000000e+00 
 8.08065718e-05  5.28526623e-03  8.08065718e-05 -2.51814677e-09  8.08065718e-05  0.00000000e+00 
 8.08561481e-05  5.03226476e-03  8.08561481e-05 -2.53055527e-09  8.08561481e-05  0.00000000e+00 
 8.09057245e-05  4.79159847e-03  8.09057245e-05 -2.54374771e-09  8.09057245e-05  0.00000000e+00 
 8.09553008e-05  4.56234841e-03  8.09553008e-05 -2.55506808e-09  8.09553008e-05  0.00000000e+00 
 8.10048772e-05  4.34428498e-03  8.10048772e-05 -2.56717543e-09  8.10048772e-05  0.00000000e+00 
 8.10544535e-05  4.13655658e-03  8.10544535e-05 -2.57749301e-09  8.10544535e-05  0.00000000e+00 
 8.11040299e-05  3.93897324e-03  8.11040299e-05 -2.58859419e-09  8.11040299e-05  0.00000000e+00 
 8.11536062e-05  3.75074612e-03  8.11536062e-05 -2.59798984e-09  8.11536062e-05  0.00000000e+00 
 8.12031826e-05  3.57171943e-03  8.12031826e-05 -2.60815946e-09  8.12031826e-05  0.00000000e+00 
 8.12527589e-05  3.40116291e-03  8.12527589e-05 -2.61670944e-09  8.12527589e-05  0.00000000e+00 
 8.13023352e-05  3.23895001e-03  8.13023352e-05 -2.62601772e-09  8.13023352e-05  0.00000000e+00 
 8.13519116e-05  3.08440531e-03  8.13519116e-05 -2.63379362e-09  8.13519116e-05  0.00000000e+00 
 8.14014879e-05  2.93742698e-03  8.14014879e-05 -2.64230635e-09  8.14014879e-05  0.00000000e+00 
 8.14510643e-05  2.79739109e-03  8.14510643e-05 -2.64937514e-09  8.14510643e-05  0.00000000e+00 
 8.15006406e-05  2.66421640e-03  8.15006406e-05 -2.65715373e-09  8.15006406e-05  0.00000000e+00 
 8.15502170e-05  2.53732742e-03  8.15502170e-05 -2.66357781e-09  8.15502170e-05  0.00000000e+00 
 8.15997933e-05  2.41665977e-03  8.15997933e-05 -2.67067946e-09  8.15997933e-05  0.00000000e+00 
 8.16493697e-05  2.30168370e-03  8.16493697e-05 -2.67651682e-09  8.16493697e-05  0.00000000e+00 
 8.16989460e-05  2.19234826e-03  8.16989460e-05 -2.68299459e-09  8.16989460e-05  0.00000000e+00 
 8.17485224e-05  2.08816694e-03  8.17485224e-05 -2.68829898e-09  8.17485224e-05  0.00000000e+00 
 8.17980987e-05  1.98909917e-03  8.17980987e-05 -2.69420200e-09  8.17980987e-05  0.00000000e+00 
 8.18476750e-05  1.89469947e-03  8.18476750e-05 -2.69902311e-09  8.18476750e-05  0.00000000e+00 
 8.18972514e-05  1.80493479e-03  8.18972514e-05 -2.70439681e-09  8.18972514e-05  0.00000000e+00 
 8.19468277e-05  1.71939869e-03  8.19468277e-05 -2.70878048e-09  8.19468277e-05  0.00000000e+00 
 8.19964041e-05  1.63806309e-03  8.19964041e-05 -2.71366671e-09  8.19964041e-05  0.00000000e+00 
 8.20459804e-05  1.56055877e-03  8.20459804e-05 -2.71765516e-09  8.20459804e-05  0.00000000e+00 
 8.20955568e-05  1.48686032e-03  8.20955568e-05 -2.72209249e-09  8.20955568e-05  0.00000000e+00 
 8.21451331e-05  1.41663406e-03  8.21451331e-05 -2.72572451e-09  8.21451331e-05  0.00000000e+00 
 8.21947095e-05  1.34985517e-03  8.21947095e-05 -2.72974840e-09  8.21947095e-05  0.00000000e+00 
 8.22442858e-05  1.28622404e-03  8.22442858e-05 -2.73305958e-09  8.22442858e-05  0.00000000e+00 
 8.22938622e-05  1.22571451e-03  8.22938622e-05 -2.73670259e-09  8.22938622e-05  0.00000000e+00 
 8.23434385e-05  1.16805970e-03  8.23434385e-05 -2.73972554e-09  8.23434385e-05  0.00000000e+00 
 8.23930148e-05  1.11323038e-03  8.23930148e-05 -2.74301755e-09  8.23930148e-05  0.00000000e+00 
 8.24425912e-05  1.06099117e-03  8.24425912e-05 -2.74578211e-09  8.24425912e-05  0.00000000e+00 
 8.24921675e-05  1.01130823e-03  8.24921675e-05 -2.74875052e-09  8.24921675e-05  0.00000000e+00 
 8.25417439e-05  9.63976570e-04  8.25417439e-05 -2.75128394e-09  8.25417439e-05  0.00000000e+00 
 8.25913202e-05  9.18956323e-04  8.25913202e-05 -2.75395384e-09  8.25913202e-05  0.00000000e+00 
 8.26408966e-05  8.76071837e-04  8.26408966e-05 -2.75628099e-09  8.26408966e-05  0.00000000e+00 
 8.26904729e-05  8.35276008e-04  8.26904729e-05 -2.75867536e-09  8.26904729e-05  0.00000000e+00 
 8.27400493e-05  7.96421560e-04  8.27400493e-05 -2.76081890e-09  8.27400493e-05  0.00000000e+00 
 8.27896256e-05  7.59453032e-04  8.27896256e-05 -2.76295878e-09  8.27896256e-05  0.00000000e+00 
 8.28306784e-05  7.30181241e-04  8.28306784e-05 -2.76460434e-09  8.28306784e-05  0.00000000e+00 
 8.28553079e-05  7.13190381e-04  8.28553079e-05 -2.76555499e-09  8.28553079e-05  0.00000000e+00 
 8.28722390e-05  7.01753089e-04  8.28722390e-05 -2.76627172e-09  8.28722390e-05  0.00000000e+00 
 8.28867814e-05  6.92066790e-04  8.28867814e-05 -2.76669139e-09  8.28867814e-05  0.00000000e+00 
 8.29009198e-05  6.82813423e-04  8.29009198e-05 -2.76741957e-09  8.29009198e-05  0.00000000e+00 
 8.29142782e-05  6.74143789e-04  8.29142782e-05 -2.76763879e-09  8.29142782e-05  0.00000000e+00 
 8.29283233e-05  6.65215540e-04  8.29283233e-05 -2.76849230e-09  8.29283233e-05  0.00000000e+00 
 8.29436551e-05  6.55530074e-04  8.29436551e-05 -2.76863332e-09  8.29436551e-05  0.00000000e+00 
 8.29612175e-05  6.44712134e-04  8.29612175e-05 -2.76971620e-09  8.29612175e-05  0.00000000e+00 
 8.29828082e-05  6.31556017e-04  8.29828082e-05 -2.76995194e-09  8.29828082e-05  0.00000000e+00 
 8.30110042e-05  6.14921425e-04  8.30110042e-05 -2.77144915e-09  8.30110042e-05  0.00000000e+00 
 8.30508316e-05  5.92063468e-04  8.30508316e-05 -2.77217618e-09  8.30508316e-05  0.00000000e+00 
 8.31004080e-05  5.64980400e-04  8.31004080e-05 -2.77431581e-09  8.31004080e-05  0.00000000e+00 
 8.31499843e-05  5.39075072e-04  8.31499843e-05 -2.77518180e-09  8.31499843e-05  0.00000000e+00 
 8.31995607e-05  5.14544763e-04  8.31995607e-05 -2.77721123e-09  8.31995607e-05  0.00000000e+00 
 8.32491370e-05  4.91062161e-04  8.32491370e-05 -2.77790697e-09  8.32491370e-05  0.00000000e+00 
 8.32987134e-05  4.68845147e-04  8.32987134e-05 -2.77983843e-09  8.32987134e-05  0.00000000e+00 
 8.33482897e-05  4.47557544e-04  8.33482897e-05 -2.78037765e-09  8.33482897e-05  0.00000000e+00 
 8.33978660e-05  4.27436832e-04  8.33978660e-05 -2.78222210e-09  8.33978660e-05  0.00000000e+00 
 8.34474424e-05  4.08137901e-04  8.34474424e-05 -2.78261738e-09  8.34474424e-05  0.00000000e+00 
 8.34970187e-05  3.89916857e-04  8.34970187e-05 -2.78438463e-09  8.34970187e-05  0.00000000e+00 
 8.35465951e-05  3.72419664e-04  8.35465951e-05 -2.78464757e-09  8.35465951e-05  0.00000000e+00 
 8.35961714e-05  3.55920100e-04  8.35961714e-05 -2.78634639e-09  8.35961714e-05  0.00000000e+00 
 8.36457478e-05  3.40055280e-04  8.36457478e-05 -2.78648769e-09  8.36457478e-05  0.00000000e+00 
 8.36953241e-05  3.25115723e-04  8.36953241e-05 -2.78812589e-09  8.36953241e-05  0.00000000e+00 
 8.37449005e-05  3.10729830e-04  8.37449005e-05 -2.78815543e-09  8.37449005e-05  0.00000000e+00 
 8.37944768e-05  2.97203953e-04  8.37944768e-05 -2.78973994e-09  8.37944768e-05  0.00000000e+00 
 8.38440532e-05  2.84157969e-04  8.38440532e-05 -2.78966687e-09  8.38440532e-05  0.00000000e+00 
 8.38936295e-05  2.71913165e-04  8.38936295e-05 -2.79120382e-09  8.38936295e-05  0.00000000e+00 
 8.39432058e-05  2.60081143e-04  8.39432058e-05 -2.79103659e-09  8.39432058e-05  0.00000000e+00 
 8.39927822e-05  2.48997240e-04  8.39927822e-05 -2.79253140e-09  8.39927822e-05  0.00000000e+00 
 8.40423585e-05  2.38265079e-04  8.40423585e-05 -2.79227786e-09  8.40423585e-05  0.00000000e+00 
 8.40919349e-05  2.28233171e-04  8.40919349e-05 -2.79373526e-09  8.40919349e-05  0.00000000e+00 
 8.41415112e-05  2.18497500e-04  8.41415112e-05 -2.79340272e-09  8.41415112e-05  0.00000000e+00 
 8.41910876e-05  2.09418888e-04  8.41910876e-05 -2.79482686e-09  8.41910876e-05  0.00000000e+00 
 8.42406639e-05  2.00586062e-04  8.42406639e-05 -2.79442210e-09  8.42406639e-05  0.00000000e+00 
 8.42902403e-05  1.92371297e-04  8.42902403e-05 -2.79581655e-09  8.42902403e-05  0.00000000e+00 
 8.43398166e-05  1.84356483e-04  8.43398166e-05 -2.79534591e-09  8.43398166e-05  0.00000000e+00 
 8.43893930e-05  1.76924497e-04  8.43893930e-05 -2.79671375e-09  8.43893930e-05  0.00000000e+00 
 8.44389693e-05  1.69650847e-04  8.44389693e-05 -2.79618315e-09  8.44389693e-05  0.00000000e+00 
 8.44885456e-05  1.62928165e-04  8.44885456e-05 -2.79752702e-09  8.44885456e-05  0.00000000e+00 
 8.45381220e-05  1.56326063e-04  8.45381220e-05 -2.79694199e-09  8.45381220e-05  0.00000000e+00 
 8.45876983e-05  1.50246091e-04  8.45876983e-05 -2.79826409e-09  8.45876983e-05  0.00000000e+00 
 8.46372747e-05  1.44252480e-04  8.46372747e-05 -2.79762983e-09  8.46372747e-05  0.00000000e+00 
 8.46868510e-05  1.38754857e-04  8.46868510e-05 -2.79893201e-09  8.46868510e-05  0.00000000e+00 
 8.47364274e-05  1.33312620e-04  8.47364274e-05 -2.79825340e-09  8.47364274e-05  0.00000000e+00 
 8.47860037e-05  1.28342635e-04  8.47860037e-05 -2.79953715e-09  8.47860037e-05  0.00000000e+00 
 8.48355801e-05  1.23400034e-04  8.48355801e-05 -2.79881878e-09  8.48355801e-05  0.00000000e+00 
 8.48851564e-05  1.18908096e-04  8.48851564e-05 -2.80008530e-09  8.48851564e-05  0.00000000e+00 
 8.49347328e-05  1.14418271e-04  8.49347328e-05 -2.79933151e-09  8.49347328e-05  0.00000000e+00 
 8.49843091e-05  1.10359426e-04  8.49843091e-05 -2.80058169e-09  8.49843091e-05  0.00000000e+00 
 8.50338854e-05  1.06279936e-04  8.50338854e-05 -2.79979659e-09  8.50338854e-05  0.00000000e+00 
 8.50834618e-05  1.02613432e-04  8.50834618e-05 -2.80103110e-09  8.50834618e-05  0.00000000e+00 
 8.51330381e-05  9.89058408e-05  8.51330381e-05 -2.80021858e-09  8.51330381e-05  0.00000000e+00 
 8.51826145e-05  9.55947349e-05  8.51826145e-05 -2.80143783e-09  8.51826145e-05  0.00000000e+00 
 8.52321908e-05  9.22242317e-05  8.52321908e-05 -2.80060157e-09  8.52321908e-05  0.00000000e+00 
 8.52817672e-05  8.92350313e-05  8.52817672e-05 -2.80180580e-09  8.52817672e-05  0.00000000e+00 
 8.53313435e-05  8.61700935e-05  8.53313435e-05 -2.80094932e-09  8.53313435e-05  0.00000000e+00 
 8.53809199e-05  8.34724331e-05  8.53809199e-05 -2.80213856e-09  8.53809199e-05  0.00000000e+00 
 8.54304962e-05  8.06845156e-05  8.54304962e-05 -2.80126519e-09  8.54304962e-05  0.00000000e+00 
 8.54800726e-05  7.82508631e-05  8.54800726e-05 -2.80243933e-09  8.54800726e-05  0.00000000e+00 
 8.55296489e-05  7.57141188e-05  8.55296489e-05 -2.80155227e-09  8.55296489e-05  0.00000000e+00 
 8.55792252e-05  7.35195101e-05  8.55792252e-05 -2.80271102e-09  8.55792252e-05  0.00000000e+00 
 8.56288016e-05  7.12105363e-05  8.56288016e-05 -2.80181331e-09  8.56288016e-05  0.00000000e+00 
 8.56783779e-05  6.92323340e-05  8.56783779e-05 -2.80295629e-09  8.56783779e-05  0.00000000e+00 
 8.57279543e-05  6.71299428e-05  8.57279543e-05 -2.80205085e-09  8.57279543e-05  0.00000000e+00 
 8.57775306e-05  6.53476184e-05  8.57775306e-05 -2.80317754e-09  8.57775306e-05  0.00000000e+00 
 8.58271070e-05  6.34326279e-05  8.58271070e-05 -2.80226715e-09  8.58271070e-05  0.00000000e+00 
 8.58766833e-05  6.18275637e-05  8.58766833e-05 -2.80337693e-09  8.58766833e-05  0.00000000e+00 
 8.59262597e-05  6.00826099e-05  8.59262597e-05 -2.80246429e-09  8.59262597e-05  0.00000000e+00 
 8.59758360e-05  5.86379204e-05  8.59758360e-05 -2.80355646e-09  8.59758360e-05  0.00000000e+00 
 8.60254124e-05  5.70472854e-05  8.60254124e-05 -2.80264413e-09  8.60254124e-05  0.00000000e+00 
 8.60749887e-05  5.57476548e-05  8.60749887e-05 -2.80371792e-09  8.60749887e-05  0.00000000e+00 
 8.61245650e-05  5.42971127e-05  8.61245650e-05 -2.80280836e-09  8.61245650e-05  0.00000000e+00 
 8.61741414e-05  5.31286479e-05  8.61741414e-05 -2.80386292e-09  8.61741414e-05  0.00000000e+00 
 8.62237177e-05  5.18053234e-05  8.62237177e-05 -2.80295851e-09  8.62237177e-05  0.00000000e+00 
 8.62732941e-05  5.07554209e-05  8.62732941e-05 -2.80399295e-09  8.62732941e-05  0.00000000e+00 
 8.63228704e-05  4.95476626e-05  8.63228704e-05 -2.80309598e-09  8.63228704e-05  0.00000000e+00 
 8.63724468e-05  4.86048879e-05  8.63724468e-05 -2.80410934e-09  8.63724468e-05  0.00000000e+00 
 8.64220231e-05  4.75021527e-05  8.64220231e-05 -2.80322201e-09  8.64220231e-05  0.00000000e+00 
 8.64715995e-05  4.66561311e-05  8.64715995e-05 -2.80421333e-09  8.64715995e-05  0.00000000e+00 
 8.65211758e-05  4.56488795e-05  8.65211758e-05 -2.80333774e-09  8.65211758e-05  0.00000000e+00 
 8.65707522e-05  4.48901969e-05  8.65707522e-05 -2.80430600e-09  8.65707522e-05  0.00000000e+00 
 8.66203285e-05  4.39697986e-05  8.66203285e-05 -2.80344418e-09  8.66203285e-05  0.00000000e+00 
 8.66699048e-05  4.32899120e-05  8.66699048e-05 -2.80438837e-09  8.66699048e-05  0.00000000e+00 
 8.67194812e-05  4.24485595e-05  8.67194812e-05 -2.80354228e-09  8.67194812e-05  0.00000000e+00 
 8.67690575e-05  4.18397157e-05  8.67690575e-05 -2.80446135e-09  8.67690575e-05  0.00000000e+00 
 8.68186339e-05  4.10703469e-05  8.68186339e-05 -2.80363286e-09  8.68186339e-05  0.00000000e+00 
 8.68682102e-05  4.05255089e-05  8.68682102e-05 -2.80452576e-09  8.68682102e-05  0.00000000e+00 
 8.69177866e-05  3.98217362e-05  8.69177866e-05 -2.80371668e-09  8.69177866e-05  0.00000000e+00 
 8.69673629e-05  3.93345167e-05  8.69673629e-05 -2.80458237e-09  8.69673629e-05  0.00000000e+00 
 8.70169393e-05  3.86905632e-05  8.70169393e-05 -2.80379442e-09  8.70169393e-05  0.00000000e+00 
 8.70665156e-05  3.82551639e-05  8.70665156e-05 -2.80463186e-09  8.70665156e-05  0.00000000e+00 
 8.71160920e-05  3.76658055e-05  8.71160920e-05 -2.80386670e-09  8.71160920e-05  0.00000000e+00 
 8.71656683e-05  3.72769629e-05  8.71656683e-05 -2.80467486e-09  8.71656683e-05  0.00000000e+00 
 8.72152446e-05  3.67374754e-05  8.72152446e-05 -2.80393406e-09  8.72152446e-05  0.00000000e+00 
 8.72648210e-05  3.63904107e-05  8.72648210e-05 -2.80471193e-09  8.72648210e-05  0.00000000e+00 
 8.73143973e-05  3.58965229e-05  8.73143973e-05 -2.80399702e-09  8.73143973e-05  0.00000000e+00 
 8.73639737e-05  3.55868974e-05  8.73639737e-05 -2.80474360e-09  8.73639737e-05  0.00000000e+00 
 8.74135500e-05  3.51347471e-05  8.74135500e-05 -2.80405601e-09  8.74135500e-05  0.00000000e+00 
 8.74631264e-05  3.48586218e-05  8.74631264e-05 -2.80477033e-09  8.74631264e-05  0.00000000e+00 
 8.75127027e-05  3.44447171e-05  8.75127027e-05 -2.80411144e-09  8.75127027e-05  0.00000000e+00 
 8.75622791e-05  3.41985154e-05  8.75622791e-05 -2.80479257e-09  8.75622791e-05  0.00000000e+00 
 8.76118554e-05  3.38196993e-05  8.76118554e-05 -2.80416367e-09  8.76118554e-05  0.00000000e+00 
 8.76614317e-05  3.36001739e-05  8.76614317e-05 -2.80481071e-09  8.76614317e-05  0.00000000e+00 
 8.77110081e-05  3.32535921e-05  8.77110081e-05 -2.80421304e-09  8.77110081e-05  0.00000000e+00 
 8.77605844e-05  3.30577949e-05  8.77605844e-05 -2.80482510e-09  8.77605844e-05  0.00000000e+00 
 8.78101608e-05  3.27408663e-05  8.78101608e-05 -2.80425982e-09  8.78101608e-05  0.00000000e+00 
 8.78597371e-05  3.25661210e-05  8.78597371e-05 -2.80483608e-09  8.78597371e-05  0.00000000e+00 
 8.79093135e-05  3.22765118e-05  8.79093135e-05 -2.80430428e-09  8.79093135e-05  0.00000000e+00 
 8.79588898e-05  3.21203888e-05  8.79588898e-05 -2.80484395e-09  8.79588898e-05  0.00000000e+00 
 8.80084662e-05  3.18559883e-05  8.80084662e-05 -2.80434666e-09  8.80084662e-05  0.00000000e+00 
 8.80580425e-05  3.17162827e-05  8.80580425e-05 -2.80484900e-09  8.80580425e-05  0.00000000e+00 
 8.81076189e-05  3.14751816e-05  8.81076189e-05 -2.80438715e-09  8.81076189e-05  0.00000000e+00 
 8.81571952e-05  3.13498926e-05  8.81571952e-05 -2.80485147e-09  8.81571952e-05  0.00000000e+00 
 8.82067715e-05  3.11303635e-05  8.82067715e-05 -2.80442595e-09  8.82067715e-05  0.00000000e+00 
 8.82563479e-05  3.10176761e-05  8.82563479e-05 -2.80485160e-09  8.82563479e-05  0.00000000e+00 
 8.83059242e-05  3.08181554e-05  8.83059242e-05 -2.80446322e-09  8.83059242e-05  0.00000000e+00 
 8.83555006e-05  3.07164235e-05  8.83555006e-05 -2.80484960e-09  8.83555006e-05  0.00000000e+00 
 8.84050769e-05  3.05354956e-05  8.84050769e-05 -2.80449911e-09  8.84050769e-05  0.00000000e+00 
 8.84546533e-05  3.04432272e-05  8.84546533e-05 -2.80484568e-09  8.84546533e-05  0.00000000e+00 
 8.85042296e-05  3.02796094e-05  8.85042296e-05 -2.80453373e-09  8.85042296e-05  0.00000000e+00 
 8.85538060e-05  3.01954528e-05  8.85538060e-05 -2.80484003e-09  8.85538060e-05  0.00000000e+00 
 8.86033823e-05  3.00479826e-05  8.86033823e-05 -2.80456721e-09  8.86033823e-05  0.00000000e+00 
 8.86529587e-05  2.99707137e-05  8.86529587e-05 -2.80483280e-09  8.86529587e-05  0.00000000e+00 
 8.87025350e-05  2.98383362e-05  8.87025350e-05 -2.80459964e-09  8.87025350e-05  0.00000000e+00 
 8.87521113e-05  2.97668478e-05  8.87521113e-05 -2.80482416e-09  8.87521113e-05  0.00000000e+00 
 8.88016877e-05  2.96486054e-05  8.88016877e-05 -2.80463111e-09  8.88016877e-05  0.00000000e+00 
 8.88512640e-05  2.95818964e-05  8.88512640e-05 -2.80481425e-09  8.88512640e-05  0.00000000e+00 
 8.89008404e-05  2.94769184e-05  8.89008404e-05 -2.80466169e-09  8.89008404e-05  0.00000000e+00 
 8.89504167e-05  2.94140850e-05  8.89504167e-05 -2.80480322e-09  8.89504167e-05  0.00000000e+00 
 8.89999931e-05  2.93215790e-05  8.89999931e-05 -2.80469144e-09  8.89999931e-05  0.00000000e+00 
 8.90495694e-05  2.92618063e-05  8.90495694e-05 -2.80479118e-09  8.90495694e-05  0.00000000e+00 
 8.90991458e-05  2.91810500e-05  8.90991458e-05 -2.80472043e-09  8.90991458e-05  0.00000000e+00 
 8.91487221e-05  2.91236041e-05  8.91487221e-05 -2.80477826e-09  8.91487221e-05  0.00000000e+00 
 8.91982985e-05  2.90539380e-05  8.91982985e-05 -2.80474869e-09  8.91982985e-05  0.00000000e+00 
 8.92353950e-05  2.90126216e-05  8.92353950e-05 -2.80476021e-09  8.92353950e-05  0.00000000e+00 
 8.92576734e-05  2.89864202e-05  8.92576734e-05 -2.80478988e-09  8.92576734e-05  0.00000000e+00 
 8.92748676e-05  2.89604830e-05  8.92748676e-05 -2.80470984e-09  8.92748676e-05  0.00000000e+00 
 8.92896955e-05  2.89566097e-05  8.92896955e-05 -2.80485632e-09  8.92896955e-05  0.00000000e+00 
 8.93041539e-05  2.89196434e-05  8.93041539e-05 -2.80464245e-09  8.93041539e-05  0.00000000e+00 
 8.93182700e-05  2.89323955e-05  8.93182700e-05 -2.80492810e-09  8.93182700e-05  0.00000000e+00 
 8.93331705e-05  2.88802076e-05  8.93331705e-05 -2.80457665e-09  8.93331705e-05  0.00000000e+00 
 8.93497074e-05  2.89050559e-05  8.93497074e-05 -2.80499106e-09  8.93497074e-05  0.00000000e+00 
 8.93689733e-05  2.88362036e-05  8.93689733e-05 -2.80452636e-09  8.93689733e-05  0.00000000e+00 
 8.93929943e-05  2.88645344e-05  8.93929943e-05 -2.80503611e-09  8.93929943e-05  0.00000000e+00 
 8.94249803e-05  2.87755206e-05  8.94249803e-05 -2.80449718e-09  8.94249803e-05  0.00000000e+00 
 8.94710918e-05  2.87902281e-05  8.94710918e-05 -2.80506351e-09  8.94710918e-05  0.00000000e+00 
 8.95206682e-05  2.86830539e-05  8.95206682e-05 -2.80448447e-09  8.95206682e-05  0.00000000e+00 
 8.95702445e-05  2.87027419e-05  8.95702445e-05 -2.80508577e-09  8.95702445e-05  0.00000000e+00 
 8.96198208e-05  2.85960892e-05  8.96198208e-05 -2.80447258e-09  8.96198208e-05  0.00000000e+00 
 8.96693972e-05  2.86235968e-05  8.96693972e-05 -2.80510696e-09  8.96693972e-05  0.00000000e+00 
 8.97189735e-05  2.85171680e-05  8.97189735e-05 -2.80446072e-09  8.97189735e-05  0.00000000e+00 
 8.97685499e-05  2.85520013e-05  8.97685499e-05 -2.80512718e-09  8.97685499e-05  0.00000000e+00 
 8.98181262e-05  2.84455432e-05  8.98181262e-05 -2.80444897e-09  8.98181262e-05  0.00000000e+00 
 8.98677026e-05  2.84872381e-05  8.98677026e-05 -2.80514646e-09  8.98677026e-05  0.00000000e+00 
 8.99172789e-05  2.83805378e-05  8.99172789e-05 -2.80443741e-09  8.99172789e-05  0.00000000e+00 
 8.99668553e-05  2.84286574e-05  8.99668553e-05 -2.80516480e-09  8.99668553e-05  0.00000000e+00 
 9.00164316e-05  2.83215388e-05  9.00164316e-05 -2.80442610e-09  9.00164316e-05  0.00000000e+00 
 9.00660080e-05  2.83756702e-05  9.00660080e-05 -2.80518221e-09  9.00660080e-05  0.00000000e+00 
 9.01155843e-05  2.82679906e-05  9.01155843e-05 -2.80441509e-09  9.01155843e-05  0.00000000e+00 
 9.01651606e-05  2.83277425e-05  9.01651606e-05 -2.80519870e-09  9.01651606e-05  0.00000000e+00 
 9.02147370e-05  2.82193902e-05  9.02147370e-05 -2.80440443e-09  9.02147370e-05  0.00000000e+00 
 9.02643133e-05  2.82843905e-05  9.02643133e-05 -2.80521427e-09  9.02643133e-05  0.00000000e+00 
 9.03138897e-05  2.81752819e-05  9.03138897e-05 -2.80439418e-09  9.03138897e-05  0.00000000e+00 
 9.03634660e-05  2.82451755e-05  9.03634660e-05 -2.80522894e-09  9.03634660e-05  0.00000000e+00 
 9.04130424e-05  2.81352528e-05  9.04130424e-05 -2.80438437e-09  9.04130424e-05  0.00000000e+00 
 9.04626187e-05  2.82097002e-05  9.04626187e-05 -2.80524270e-09  9.04626187e-05  0.00000000e+00 
 9.05121951e-05  2.80989290e-05  9.05121951e-05 -2.80437505e-09  9.05121951e-05  0.00000000e+00 
 9.05617714e-05  2.81776042e-05  9.05617714e-05 -2.80525555e-09  9.05617714e-05  0.00000000e+00 
 9.06113477e-05  2.80659718e-05  9.06113477e-05 -2.80436625e-09  9.06113477e-05  0.00000000e+00 
 9.06609241e-05  2.81485610e-05  9.06609241e-05 -2.80526750e-09  9.06609241e-05  0.00000000e+00 
 9.07105004e-05  2.80360742e-05  9.07105004e-05 -2.80435802e-09  9.07105004e-05  0.00000000e+00 
 9.07600768e-05  2.81222747e-05  9.07600768e-05 -2.80527855e-09  9.07600768e-05  0.00000000e+00 
 9.08096531e-05  2.80089583e-05  9.08096531e-05 -2.80435039e-09  9.08096531e-05  0.00000000e+00 
 9.08592295e-05  2.80984772e-05  9.08592295e-05 -2.80528869e-09  9.08592295e-05  0.00000000e+00 
 9.09088058e-05  2.79843722e-05  9.09088058e-05 -2.80434338e-09  9.09088058e-05  0.00000000e+00 
 9.09583822e-05  2.80769253e-05  9.09583822e-05 -2.80529793e-09  9.09583822e-05  0.00000000e+00 
 9.10079585e-05  2.79620877e-05  9.10079585e-05 -2.80433702e-09  9.10079585e-05  0.00000000e+00 
 9.10575349e-05  2.80573989e-05  9.10575349e-05 -2.80530626e-09  9.10575349e-05  0.00000000e+00 
 9.11071112e-05  2.79418982e-05  9.11071112e-05 -2.80433134e-09  9.11071112e-05  0.00000000e+00 
 9.11566875e-05  2.80396984e-05  9.11566875e-05 -2.80531368e-09  9.11566875e-05  0.00000000e+00 
 9.12062639e-05  2.79236163e-05  9.12062639e-05 -2.80432635e-09  9.12062639e-05  0.00000000e+00 
 9.12558402e-05  2.80236430e-05  9.12558402e-05 -2.80532021e-09  9.12558402e-05  0.00000000e+00 
 9.13054166e-05  2.79070723e-05  9.13054166e-05 -2.80432209e-09  9.13054166e-05  0.00000000e+00 
 9.13549929e-05  2.80090690e-05  9.13549929e-05 -2.80532582e-09  9.13549929e-05  0.00000000e+00 
 9.14045693e-05  2.78921122e-05  9.14045693e-05 -2.80431856e-09  9.14045693e-05  0.00000000e+00 
 9.14541456e-05  2.79958280e-05  9.14541456e-05 -2.80533054e-09  9.14541456e-05  0.00000000e+00 
 9.15037220e-05  2.78785968e-05  9.15037220e-05 -2.80431578e-09  9.15037220e-05  0.00000000e+00 
 9.15532983e-05  2.79837855e-05  9.15532983e-05 -2.80533435e-09  9.15532983e-05  0.00000000e+00 
 9.16028747e-05  2.78663994e-05  9.16028747e-05 -2.80431377e-09  9.16028747e-05  0.00000000e+00 
 9.16524510e-05  2.79728200e-05  9.16524510e-05 -2.80533726e-09  9.16524510e-05  0.00000000e+00 
 9.17020273e-05  2.78554056e-05  9.17020273e-05 -2.80431253e-09  9.17020273e-05  0.00000000e+00 
 9.17516037e-05  2.79628212e-05  9.17516037e-05 -2.80533927e-09  9.17516037e-05  0.00000000e+00 
 9.18011800e-05  2.78455114e-05  9.18011800e-05 -2.80431207e-09  9.18011800e-05  0.00000000e+00 
 9.18507564e-05  2.79536894e-05  9.18507564e-05 -2.80534039e-09  9.18507564e-05  0.00000000e+00 
 9.19003327e-05  2.78366224e-05  9.19003327e-05 -2.80431241e-09  9.19003327e-05  0.00000000e+00 
 9.19499091e-05  2.79453344e-05  9.19499091e-05 -2.80534062e-09  9.19499091e-05  0.00000000e+00 
 9.19994854e-05  2.78286531e-05  9.19994854e-05 -2.80431354e-09  9.19994854e-05  0.00000000e+00 
 9.20490618e-05  2.79376746e-05  9.20490618e-05 -2.80533997e-09  9.20490618e-05  0.00000000e+00 
 9.20986381e-05  2.78215258e-05  9.20986381e-05 -2.80431547e-09  9.20986381e-05  0.00000000e+00 
 9.21482145e-05  2.79306361e-05  9.21482145e-05 -2.80533843e-09  9.21482145e-05  0.00000000e+00 
 9.21977908e-05  2.78151699e-05  9.21977908e-05 -2.80431821e-09  9.21977908e-05  0.00000000e+00 
 9.22473671e-05  2.79241522e-05  9.22473671e-05 -2.80533603e-09  9.22473671e-05  0.00000000e+00 
 9.22969435e-05  2.78095215e-05  9.22969435e-05 -2.80432175e-09  9.22969435e-05  0.00000000e+00 
 9.23465198e-05  2.79181626e-05  9.23465198e-05 -2.80533276e-09  9.23465198e-05  0.00000000e+00 
 9.23960962e-05  2.78045221e-05  9.23960962e-05 -2.80432608e-09  9.23960962e-05  0.00000000e+00 
 9.24456725e-05  2.79126129e-05  9.24456725e-05 -2.80532863e-09  9.24456725e-05  0.00000000e+00 
 9.24952489e-05  2.78001190e-05  9.24952489e-05 -2.80433122e-09  9.24952489e-05  0.00000000e+00 
 9.25448252e-05  2.79074539e-05  9.25448252e-05 -2.80532366e-09  9.25448252e-05  0.00000000e+00 
 9.25944016e-05  2.77962637e-05  9.25944016e-05 -2.80433714e-09  9.25944016e-05  0.00000000e+00 
 9.26439779e-05  2.79026414e-05  9.26439779e-05 -2.80531786e-09  9.26439779e-05  0.00000000e+00 
 9.26935543e-05  2.77929126e-05  9.26935543e-05 -2.80434385e-09  9.26935543e-05  0.00000000e+00 
 9.27431306e-05  2.78981354e-05  9.27431306e-05 -2.80531123e-09  9.27431306e-05  0.00000000e+00 
 9.27927069e-05  2.77900255e-05  9.27927069e-05 -2.80435133e-09  9.27927069e-05  0.00000000e+00 
 9.28422833e-05  2.78939001e-05  9.28422833e-05 -2.80530380e-09  9.28422833e-05  0.00000000e+00 
 9.28918596e-05  2.77875659e-05  9.28918596e-05 -2.80435958e-09  9.28918596e-05  0.00000000e+00 
 9.29414360e-05  2.78899030e-05  9.29414360e-05 -2.80529558e-09  9.29414360e-05  0.00000000e+00 
 9.29910123e-05  2.77855005e-05  9.29910123e-05 -2.80436858e-09  9.29910123e-05  0.00000000e+00 
 9.30405887e-05  2.78861151e-05  9.30405887e-05 -2.80528657e-09  9.30405887e-05  0.00000000e+00 
 9.30901650e-05  2.77837989e-05  9.30901650e-05 -2.80437832e-09  9.30901650e-05  0.00000000e+00 
 9.31397414e-05  2.78825105e-05  9.31397414e-05 -2.80527681e-09  9.31397414e-05  0.00000000e+00 
 9.31893177e-05  2.77824332e-05  9.31893177e-05 -2.80438879e-09  9.31893177e-05  0.00000000e+00 
 9.32388941e-05  2.78790659e-05  9.32388941e-05 -2.80526630e-09  9.32388941e-05  0.00000000e+00 
 9.32884704e-05  2.77813777e-05  9.32884704e-05 -2.80439997e-09  9.32884704e-05  0.00000000e+00 
 9.33380467e-05  2.78757604e-05  9.33380467e-05 -2.80525506e-09  9.33380467e-05  0.00000000e+00 
 9.33876231e-05  2.77806091e-05  9.33876231e-05 -2.80441185e-09  9.33876231e-05  0.00000000e+00 
 9.34371994e-05  2.78725755e-05  9.34371994e-05 -2.80524312e-09  9.34371994e-05  0.00000000e+00 
 9.34867758e-05  2.77801057e-05  9.34867758e-05 -2.80442440e-09  9.34867758e-05  0.00000000e+00 
 9.35363521e-05  2.78694947e-05  9.35363521e-05 -2.80523049e-09  9.35363521e-05  0.00000000e+00 
 9.35859285e-05  2.77798478e-05  9.35859285e-05 -2.80443761e-09  9.35859285e-05  0.00000000e+00 
 9.36355048e-05  2.78665033e-05  9.36355048e-05 -2.80521720e-09  9.36355048e-05  0.00000000e+00 
 9.36850812e-05  2.77798170e-05  9.36850812e-05 -2.80445145e-09  9.36850812e-05  0.00000000e+00 
 9.37346575e-05  2.78635883e-05  9.37346575e-05 -2.80520327e-09  9.37346575e-05  0.00000000e+00 
 9.37842339e-05  2.77799963e-05  9.37842339e-05 -2.80446591e-09  9.37842339e-05  0.00000000e+00 
 9.38338102e-05  2.78607385e-05  9.38338102e-05 -2.80518872e-09  9.38338102e-05  0.00000000e+00 
 9.38833865e-05  2.77803702e-05  9.38833865e-05 -2.80448096e-09  9.38833865e-05  0.00000000e+00 
 9.39329629e-05  2.78579437e-05  9.39329629e-05 -2.80517358e-09  9.39329629e-05  0.00000000e+00 
 9.39825392e-05  2.77809239e-05  9.39825392e-05 -2.80449657e-09  9.39825392e-05  0.00000000e+00 
 9.40321156e-05  2.78551954e-05  9.40321156e-05 -2.80515787e-09  9.40321156e-05  0.00000000e+00 
 9.40816919e-05  2.77816440e-05  9.40816919e-05 -2.80451273e-09  9.40816919e-05  0.00000000e+00 
 9.41312683e-05  2.78524859e-05  9.41312683e-05 -2.80514162e-09  9.41312683e-05  0.00000000e+00 
 9.41808446e-05  2.77825179e-05  9.41808446e-05 -2.80452940e-09  9.41808446e-05  0.00000000e+00 
 9.42304210e-05  2.78498089e-05  9.42304210e-05 -2.80512486e-09  9.42304210e-05  0.00000000e+00 
 9.42799973e-05  2.77835337e-05  9.42799973e-05 -2.80454657e-09  9.42799973e-05  0.00000000e+00 
 9.43295737e-05  2.78471587e-05  9.43295737e-05 -2.80510761e-09  9.43295737e-05  0.00000000e+00 
 9.43791500e-05  2.77846804e-05  9.43791500e-05 -2.80456419e-09  9.43791500e-05  0.00000000e+00 
 9.44287263e-05  2.78445309e-05  9.44287263e-05 -2.80508990e-09  9.44287263e-05  0.00000000e+00 
 9.44783027e-05  2.77859475e-05  9.44783027e-05 -2.80458225e-09  9.44783027e-05  0.00000000e+00 
 9.45278790e-05  2.78419215e-05  9.45278790e-05 -2.80507176e-09  9.45278790e-05  0.00000000e+00 
 9.45774554e-05  2.77873253e-05  9.45774554e-05 -2.80460071e-09  9.45774554e-05  0.00000000e+00 
 9.46270317e-05  2.78393276e-05  9.46270317e-05 -2.80505323e-09  9.46270317e-05  0.00000000e+00 
 9.46766081e-05  2.77888045e-05  9.46766081e-05 -2.80461954e-09  9.46766081e-05  0.00000000e+00 
 9.47261844e-05  2.78367466e-05  9.47261844e-05 -2.80503433e-09  9.47261844e-05  0.00000000e+00 
 9.47757608e-05  2.77903763e-05  9.47757608e-05 -2.80463872e-09  9.47757608e-05  0.00000000e+00 
 9.48253371e-05  2.78341768e-05  9.48253371e-05 -2.80501509e-09  9.48253371e-05  0.00000000e+00 
 9.48749135e-05  2.77920324e-05  9.48749135e-05 -2.80465821e-09  9.48749135e-05  0.00000000e+00 
 9.49244898e-05  2.78316169e-05  9.49244898e-05 -2.80499555e-09  9.49244898e-05  0.00000000e+00 
 9.49740661e-05  2.77937648e-05  9.49740661e-05 -2.80467798e-09  9.49740661e-05  0.00000000e+00 
 9.50236425e-05  2.78290661e-05  9.50236425e-05 -2.80497573e-09  9.50236425e-05  0.00000000e+00 
 9.50732188e-05  2.77955661e-05  9.50732188e-05 -2.80469800e-09  9.50732188e-05  0.00000000e+00 
 9.51227952e-05  2.78265241e-05  9.51227952e-05 -2.80495568e-09  9.51227952e-05  0.00000000e+00 
 9.51723715e-05  2.77974290e-05  9.51723715e-05 -2.80471824e-09  9.51723715e-05  0.00000000e+00 
 9.52219479e-05  2.78239911e-05  9.52219479e-05 -2.80493541e-09  9.52219479e-05  0.00000000e+00 
 9.52715242e-05  2.77993465e-05  9.52715242e-05 -2.80473865e-09  9.52715242e-05  0.00000000e+00 
 9.53211006e-05  2.78214673e-05  9.53211006e-05 -2.80491498e-09  9.53211006e-05  0.00000000e+00 
 9.53706769e-05  2.78013120e-05  9.53706769e-05 -2.80475922e-09  9.53706769e-05  0.00000000e+00 
 9.54202533e-05  2.78189537e-05  9.54202533e-05 -2.80489440e-09  9.54202533e-05  0.00000000e+00 
 9.54698296e-05  2.78033191e-05  9.54698296e-05 -2.80477990e-09  9.54698296e-05  0.00000000e+00 
 9.55194059e-05  2.78164514e-05  9.55194059e-05 -2.80487372e-09  9.55194059e-05  0.00000000e+00 
 9.55689823e-05  2.78053616e-05  9.55689823e-05 -2.80480066e-09  9.55689823e-05  0.00000000e+00 
 9.56185586e-05  2.78139615e-05  9.56185586e-05 -2.80485297e-09  9.56185586e-05  0.00000000e+00 
 9.56681350e-05  2.78074336e-05  9.56681350e-05 -2.80482147e-09  9.56681350e-05  0.00000000e+00 
 9.57046156e-05  2.78111010e-05  9.57046156e-05 -2.80482844e-09  9.57046156e-05  0.00000000e+00 
 9.57266790e-05  2.78114357e-05  9.57266790e-05 -2.80485899e-09  9.57266790e-05  0.00000000e+00 
 9.57438852e-05  2.78051814e-05  9.57438852e-05 -2.80477521e-09  9.57438852e-05  0.00000000e+00 
 9.57587672e-05  2.78184330e-05  9.57587672e-05 -2.80492315e-09  9.57587672e-05  0.00000000e+00 
 9.57732864e-05  2.77975270e-05  9.57732864e-05 -2.80470619e-09  9.57732864e-05  0.00000000e+00 
 9.57875164e-05  2.78260539e-05  9.57875164e-05 -2.80499264e-09  9.57875164e-05  0.00000000e+00 
 9.58025582e-05  2.77900673e-05  9.58025582e-05 -2.80463916e-09  9.58025582e-05  0.00000000e+00 
 9.58192882e-05  2.78326915e-05  9.58192882e-05 -2.80505299e-09  9.58192882e-05  0.00000000e+00 
 9.58388284e-05  2.77842603e-05  9.58388284e-05 -2.80458733e-09  9.58388284e-05  0.00000000e+00 
 9.58632470e-05  2.78372760e-05  9.58632470e-05 -2.80509481e-09  9.58632470e-05  0.00000000e+00 
 9.58958555e-05  2.77806203e-05  9.58958555e-05 -2.80455540e-09  9.58958555e-05  0.00000000e+00 
 9.59430134e-05  2.78396710e-05  9.59430134e-05 -2.80511735e-09  9.59430134e-05  0.00000000e+00 
 9.59925898e-05  2.77784911e-05  9.59925898e-05 -2.80453766e-09  9.59925898e-05  0.00000000e+00 
 9.60421661e-05  2.78414330e-05  9.60421661e-05 -2.80513450e-09  9.60421661e-05  0.00000000e+00 
 9.60917425e-05  2.77764740e-05  9.60917425e-05 -2.80452083e-09  9.60917425e-05  0.00000000e+00 
 9.61413188e-05  2.78431562e-05  9.61413188e-05 -2.80515106e-09  9.61413188e-05  0.00000000e+00 
 9.61908951e-05  2.77745234e-05  9.61908951e-05 -2.80450449e-09  9.61908951e-05  0.00000000e+00 
 9.62404715e-05  2.78448359e-05  9.62404715e-05 -2.80516709e-09  9.62404715e-05  0.00000000e+00 
 9.62900478e-05  2.77726410e-05  9.62900478e-05 -2.80448868e-09  9.62900478e-05  0.00000000e+00 
 9.63396242e-05  2.78464680e-05  9.63396242e-05 -2.80518257e-09  9.63396242e-05  0.00000000e+00 
 9.63892005e-05  2.77708286e-05  9.63892005e-05 -2.80447344e-09  9.63892005e-05  0.00000000e+00 
 9.64387769e-05  2.78480487e-05  9.64387769e-05 -2.80519748e-09  9.64387769e-05  0.00000000e+00 
 9.64883532e-05  2.77690881e-05  9.64883532e-05 -2.80445878e-09  9.64883532e-05  0.00000000e+00 
 9.65379296e-05  2.78495743e-05  9.65379296e-05 -2.80521179e-09  9.65379296e-05  0.00000000e+00 
 9.65875059e-05  2.77674214e-05  9.65875059e-05 -2.80444473e-09  9.65875059e-05  0.00000000e+00 
 9.66370823e-05  2.78510412e-05  9.66370823e-05 -2.80522547e-09  9.66370823e-05  0.00000000e+00 
 9.66866586e-05  2.77658301e-05  9.66866586e-05 -2.80443132e-09  9.66866586e-05  0.00000000e+00 
 9.67362349e-05  2.78524463e-05  9.67362349e-05 -2.80523851e-09  9.67362349e-05  0.00000000e+00 
 9.67858113e-05  2.77643161e-05  9.67858113e-05 -2.80441856e-09  9.67858113e-05  0.00000000e+00 
 9.68353876e-05  2.78537865e-05  9.68353876e-05 -2.80525088e-09  9.68353876e-05  0.00000000e+00 
 9.68849640e-05  2.77628811e-05  9.68849640e-05 -2.80440647e-09  9.68849640e-05  0.00000000e+00 
 9.69345403e-05  2.78550587e-05  9.69345403e-05 -2.80526257e-09  9.69345403e-05  0.00000000e+00 
 9.69841167e-05  2.77615267e-05  9.69841167e-05 -2.80439509e-09  9.69841167e-05  0.00000000e+00 
 9.70336930e-05  2.78562603e-05  9.70336930e-05 -2.80527355e-09  9.70336930e-05  0.00000000e+00 
 9.70832694e-05  2.77602546e-05  9.70832694e-05 -2.80438441e-09  9.70832694e-05  0.00000000e+00 
 9.71328457e-05  2.78573887e-05  9.71328457e-05 -2.80528381e-09  9.71328457e-05  0.00000000e+00 
 9.71824221e-05  2.77590663e-05  9.71824221e-05 -2.80437448e-09  9.71824221e-05  0.00000000e+00 
 9.72319984e-05  2.78584415e-05  9.72319984e-05 -2.80529333e-09  9.72319984e-05  0.00000000e+00 
 9.72815747e-05  2.77579632e-05  9.72815747e-05 -2.80436529e-09  9.72815747e-05  0.00000000e+00 
 9.73311511e-05  2.78594166e-05  9.73311511e-05 -2.80530210e-09  9.73311511e-05  0.00000000e+00 
 9.73807274e-05  2.77569466e-05  9.73807274e-05 -2.80435686e-09  9.73807274e-05  0.00000000e+00 
 9.74303038e-05  2.78603118e-05  9.74303038e-05 -2.80531009e-09  9.74303038e-05  0.00000000e+00 
 9.74798801e-05  2.77560179e-05  9.74798801e-05 -2.80434922e-09  9.74798801e-05  0.00000000e+00 
 9.75294565e-05  2.78611254e-05  9.75294565e-05 -2.80531731e-09  9.75294565e-05  0.00000000e+00 
 9.75790328e-05  2.77551781e-05  9.75790328e-05 -2.80434236e-09  9.75790328e-05  0.00000000e+00 
 9.76286092e-05  2.78618557e-05  9.76286092e-05 -2.80532373e-09  9.76286092e-05  0.00000000e+00 
 9.76781855e-05  2.77544283e-05  9.76781855e-05 -2.80433631e-09  9.76781855e-05  0.00000000e+00 
 9.77277619e-05  2.78625010e-05  9.77277619e-05 -2.80532934e-09  9.77277619e-05  0.00000000e+00 
 9.77773382e-05  2.77537695e-05  9.77773382e-05 -2.80433107e-09  9.77773382e-05  0.00000000e+00 
 9.78269145e-05  2.78630602e-05  9.78269145e-05 -2.80533414e-09  9.78269145e-05  0.00000000e+00 
 9.78764909e-05  2.77532024e-05  9.78764909e-05 -2.80432665e-09  9.78764909e-05  0.00000000e+00 
 9.79260672e-05  2.78635320e-05  9.79260672e-05 -2.80533813e-09  9.79260672e-05  0.00000000e+00 
 9.79756436e-05  2.77527277e-05  9.79756436e-05 -2.80432306e-09  9.79756436e-05  0.00000000e+00 
 9.80252199e-05  2.78639154e-05  9.80252199e-05 -2.80534128e-09  9.80252199e-05  0.00000000e+00 
 9.80747963e-05  2.77523459e-05  9.80747963e-05 -2.80432030e-09  9.80747963e-05  0.00000000e+00 
 9.81243726e-05  2.78642096e-05  9.81243726e-05 -2.80534360e-09  9.81243726e-05  0.00000000e+00 
 9.81739490e-05  2.77520576e-05  9.81739490e-05 -2.80431839e-09  9.81739490e-05  0.00000000e+00 
 9.82235253e-05  2.78644138e-05  9.82235253e-05 -2.80534508e-09  9.82235253e-05  0.00000000e+00 
 9.82731017e-05  2.77518629e-05  9.82731017e-05 -2.80431731e-09  9.82731017e-05  0.00000000e+00 
 9.83226780e-05  2.78645276e-05  9.83226780e-05 -2.80534573e-09  9.83226780e-05  0.00000000e+00 
 9.83722543e-05  2.77517621e-05  9.83722543e-05 -2.80431708e-09  9.83722543e-05  0.00000000e+00 
 9.84218307e-05  2.78645507e-05  9.84218307e-05 -2.80534553e-09  9.84218307e-05  0.00000000e+00 
 9.84714070e-05  2.77517551e-05  9.84714070e-05 -2.80431770e-09  9.84714070e-05  0.00000000e+00 
 9.85209834e-05  2.78644829e-05  9.85209834e-05 -2.80534450e-09  9.85209834e-05  0.00000000e+00 
 9.85705597e-05  2.77518419e-05  9.85705597e-05 -2.80431916e-09  9.85705597e-05  0.00000000e+00 
 9.86201361e-05  2.78643240e-05  9.86201361e-05 -2.80534263e-09  9.86201361e-05  0.00000000e+00 
 9.86697124e-05  2.77520221e-05  9.86697124e-05 -2.80432145e-09  9.86697124e-05  0.00000000e+00 
 9.87192888e-05  2.78640744e-05  9.87192888e-05 -2.80533992e-09  9.87192888e-05  0.00000000e+00 
 9.87688651e-05  2.77522953e-05  9.87688651e-05 -2.80432459e-09  9.87688651e-05  0.00000000e+00 
 9.88184415e-05  2.78637343e-05  9.88184415e-05 -2.80533638e-09  9.88184415e-05  0.00000000e+00 
 9.88680178e-05  2.77526611e-05  9.88680178e-05 -2.80432856e-09  9.88680178e-05  0.00000000e+00 
 9.89175941e-05  2.78633041e-05  9.89175941e-05 -2.80533202e-09  9.89175941e-05  0.00000000e+00 
 9.89671705e-05  2.77531187e-05  9.89671705e-05 -2.80433335e-09  9.89671705e-05  0.00000000e+00 
 9.90167468e-05  2.78627845e-05  9.90167468e-05 -2.80532684e-09  9.90167468e-05  0.00000000e+00 
 9.90663232e-05  2.77536673e-05  9.90663232e-05 -2.80433896e-09  9.90663232e-05  0.00000000e+00 
 9.91095070e-05  2.78621287e-05  9.91095070e-05 -2.80532047e-09  9.91095070e-05  0.00000000e+00 
 9.91526908e-05  2.77544095e-05  9.91526908e-05 -2.80434640e-09  9.91526908e-05  0.00000000e+00 
 9.91533637e-05  3.28316331e-05  9.91533637e-05  2.51868715e-07  9.91533637e-05  6.78587379e-03 
 9.91547093e-05  4.54596613e-05  9.91547093e-05  2.51231077e-07  9.91547093e-05  2.03576214e-02 
 9.91555763e-05  5.29590147e-05  9.91555763e-05  2.50703268e-07  9.91555763e-05  2.91013210e-02 
 9.91561270e-05  5.66720253e-05  9.91561270e-05  2.50386956e-07  9.91561270e-05  3.46548760e-02 
 9.91566934e-05  6.20447659e-05  9.91566934e-05  2.49954450e-07  9.91566934e-05  4.03682355e-02 
 9.91571297e-05  6.67635783e-05  9.91571297e-05  2.49627882e-07  9.91571297e-05  4.47677643e-02 
 9.91576094e-05  7.06530583e-05  9.91576094e-05  2.49211314e-07  9.91576094e-05  4.96056598e-02 
 9.91579402e-05  7.27276704e-05  9.91579402e-05  2.48960946e-07  9.91579402e-05  5.29424442e-02 
 9.91582947e-05  7.55838090e-05  9.91582947e-05  2.48612905e-07  9.91582947e-05  5.65177971e-02 
 9.91586055e-05  7.89218619e-05  9.91586055e-05  2.48320669e-07  9.91586055e-05  5.96517007e-02 
 9.91590435e-05  8.36197422e-05  9.91590435e-05  2.47820247e-07  9.91590435e-05  6.40692534e-02 
 9.91594627e-05  8.69433686e-05  9.91594627e-05  2.47386776e-07  9.91594627e-05  6.82977197e-02 
 9.91597913e-05  8.90332743e-05  9.91597913e-05  2.46995959e-07  9.91597913e-05  7.16119077e-02 
 9.91601364e-05  9.18568190e-05  9.91601364e-05  2.46599682e-07  9.91601364e-05  7.50923466e-02 
 9.91604488e-05  9.52424470e-05  9.91604488e-05  2.46149400e-07  9.91604488e-05  7.82427643e-02 
 9.91608821e-05  9.99272317e-05  9.91608821e-05  2.45546615e-07  9.91608821e-05  8.26127287e-02 
 9.91612964e-05  1.03250382e-04  9.91612964e-05  2.44918206e-07  9.91612964e-05  8.67915989e-02 
 9.91616246e-05  1.05362948e-04  9.91616246e-05  2.44456308e-07  9.91616246e-05  9.01008314e-02 
 9.91619699e-05  1.08205535e-04  9.91619699e-05  2.43871187e-07  9.91619699e-05  9.35839594e-02 
 9.91622840e-05  1.11627986e-04  9.91622840e-05  2.43327366e-07  9.91622840e-05  9.67512435e-02 
 9.91627191e-05  1.16371489e-04  9.91627191e-05  2.42464454e-07  9.91627191e-05  1.01139795e-01 
 9.91631401e-05  1.19784388e-04  9.91631401e-05  2.41673228e-07  9.91631401e-05  1.05385773e-01 
 9.91634731e-05  1.21960964e-04  9.91634731e-05  2.40990759e-07  9.91634731e-05  1.08743711e-01 
 9.91638227e-05  1.24891559e-04  9.91638227e-05  2.40259090e-07  9.91638227e-05  1.12269816e-01 
 9.91641382e-05  1.28373402e-04  9.91641382e-05  2.39472815e-07  9.91641382e-05  1.15451855e-01 
 9.91645754e-05  1.33154372e-04  9.91645754e-05  2.38377525e-07  9.91645754e-05  1.19861643e-01 
 9.91649823e-05  1.36462288e-04  9.91649823e-05  2.37305356e-07  9.91649823e-05  1.23965383e-01 
 9.91653159e-05  1.38672876e-04  9.91653159e-05  2.36455001e-07  9.91653159e-05  1.27329117e-01 
 9.91656653e-05  1.41639207e-04  9.91656653e-05  2.35425857e-07  9.91656653e-05  1.30853681e-01 
 9.91659825e-05  1.45170817e-04  9.91659825e-05  2.34434386e-07  9.91659825e-05  1.34052189e-01 
 9.91664203e-05  1.49990664e-04  9.91664203e-05  2.32921406e-07  9.91664203e-05  1.38468203e-01 
 9.91668241e-05  1.53302239e-04  9.91668241e-05  2.31567783e-07  9.91668241e-05  1.42540671e-01 
 9.91671602e-05  1.55564651e-04  9.91671602e-05  2.30372905e-07  9.91671602e-05  1.45930472e-01 
 9.91675118e-05  1.58595080e-04  9.91675118e-05  2.29056207e-07  9.91675118e-05  1.49476516e-01 
 9.91678308e-05  1.62186063e-04  9.91678308e-05  2.27674913e-07  9.91678308e-05  1.52693103e-01 
 9.91682703e-05  1.67053278e-04  9.91682703e-05  2.25719436e-07  9.91682703e-05  1.57125621e-01 
 9.91686675e-05  1.70336211e-04  9.91686675e-05  2.23898284e-07  9.91686675e-05  1.61132185e-01 
 9.91690065e-05  1.72657787e-04  9.91690065e-05  2.22358984e-07  9.91690065e-05  1.64550486e-01 
 9.91693601e-05  1.75760480e-04  9.91693601e-05  2.20544201e-07  9.91693601e-05  1.68116800e-01 
 9.91696811e-05  1.79420807e-04  9.91696811e-05  2.18758047e-07  9.91696811e-05  1.71354119e-01 
 9.91701220e-05  1.84337953e-04  9.91701220e-05  2.16101406e-07  9.91701220e-05  1.75801711e-01 
 9.91705114e-05  1.87584077e-04  9.91705114e-05  2.13796370e-07  9.91705114e-05  1.79728552e-01 
 9.91708536e-05  1.89975954e-04  9.91708536e-05  2.11680196e-07  9.91708536e-05  1.83179652e-01 
 9.91712095e-05  1.93163729e-04  9.91712095e-05  2.09316469e-07  9.91712095e-05  1.86768855e-01 
 9.91715329e-05  1.96906944e-04  9.91715329e-05  2.06872646e-07  9.91715329e-05  1.90031076e-01 
 9.91719756e-05  2.01883741e-04  9.91719756e-05  2.03400841e-07  9.91719756e-05  1.94495872e-01 
 9.91723565e-05  2.05093670e-04  9.91723565e-05  2.00363013e-07  9.91723565e-05  1.98336995e-01 
 9.91727030e-05  2.07576084e-04  9.91727030e-05  1.97584432e-07  9.91727030e-05  2.01831759e-01 
 9.91730619e-05  2.10874058e-04  9.91730619e-05  1.94365898e-07  9.91730619e-05  2.05451886e-01 
 9.91733885e-05  2.14721681e-04  9.91733885e-05  1.91153802e-07  9.91733885e-05  2.08745328e-01 
 9.91738333e-05  2.19770579e-04  9.91738333e-05  1.86482302e-07  9.91738333e-05  2.13231393e-01 
 9.91742036e-05  2.22932599e-04  9.91742036e-05  1.82636700e-07  9.91742036e-05  2.16966450e-01 
 9.91745560e-05  2.25535127e-04  9.91745560e-05  1.78839534e-07  9.91745560e-05  2.20520200e-01 
 9.91749191e-05  2.28979235e-04  9.91749191e-05  1.74580472e-07  9.91749191e-05  2.24181761e-01 
 9.91752497e-05  2.32962558e-04  9.91752497e-05  1.70211312e-07  9.91752497e-05  2.27516120e-01 
 9.91756971e-05  2.38099226e-04  9.91756971e-05  1.64057220e-07  9.91756971e-05  2.32028575e-01 
 9.91760543e-05  2.41197099e-04  9.91760543e-05  1.59104785e-07  9.91760543e-05  2.35631021e-01 
 9.91764150e-05  2.43966260e-04  9.91764150e-05  1.54018438e-07  9.91764150e-05  2.39268971e-01 
 9.91767839e-05  2.47613179e-04  9.91767839e-05  1.48214007e-07  9.91767839e-05  2.42990061e-01 
 9.91771202e-05  2.51779023e-04  9.91771202e-05  1.42376994e-07  9.91771202e-05  2.46381098e-01 
 9.91775710e-05  2.57022643e-04  9.91775710e-05  1.34124157e-07  9.91775710e-05  2.50928197e-01 
 9.91779115e-05  2.60030464e-04  9.91779115e-05  1.27953463e-07  9.91779115e-05  2.54361530e-01 
 9.91782851e-05  2.63046069e-04  9.91782851e-05  1.20914109e-07  9.91782851e-05  2.58129943e-01 
 9.91786635e-05  2.66994020e-04  9.91786635e-05  1.13049871e-07  9.91786635e-05  2.61945727e-01 
 9.91790130e-05  2.71477819e-04  9.91790130e-05  1.04921223e-07  9.91790130e-05  2.65471423e-01 
 9.91794659e-05  2.76807242e-04  9.91794659e-05  9.40224068e-08  9.91794659e-05  2.70038827e-01 
 9.91797826e-05  2.79661349e-04  9.91797826e-05  8.63957635e-08  9.91797826e-05  2.73233165e-01 
 9.91801799e-05  2.83092565e-04  9.91801799e-05  7.65051544e-08  9.91801799e-05  2.77239969e-01 
 9.91805765e-05  2.87553553e-04  9.91805765e-05  6.53998290e-08  9.91805765e-05  2.81239233e-01 
 9.91809653e-05  2.92739858e-04  9.91809653e-05  5.33742262e-08  9.91809653e-05  2.85161210e-01 
 9.91814149e-05  2.98020203e-04  9.91814149e-05  3.90011035e-08  9.91814149e-05  2.89695227e-01 
 9.91817273e-05  3.00876419e-04  9.91817273e-05  2.91005051e-08  9.91817273e-05  2.92846475e-01 
 9.91821862e-05  3.05347049e-04  9.91821862e-05  1.35317580e-08  9.91821862e-05  2.97473768e-01 
 9.91826822e-05  3.11722284e-04  9.91826822e-05 -5.67877222e-09  9.91826822e-05  3.02476943e-01 
 9.91831690e-05  3.18269984e-04  9.91831690e-05 -2.62724790e-08  9.91831690e-05  3.07386494e-01 
 9.91837104e-05  3.24086646e-04  9.91837104e-05 -4.94278470e-08  9.91837104e-05  3.12846772e-01 
 9.91842448e-05  3.29795444e-04  9.91842448e-05 -7.39738142e-08  9.91842448e-05  3.18236459e-01 
 9.91847512e-05  3.36814657e-04  9.91847512e-05 -1.00691619e-07  9.91847512e-05  3.23343448e-01 
 9.91853213e-05  3.44844912e-04  9.91853213e-05 -1.33420986e-07  9.91853213e-05  3.29093554e-01 
 9.91858935e-05  3.51435090e-04  9.91858935e-05 -1.66893369e-07  9.91858935e-05  3.34863769e-01 
 9.91864139e-05  3.57847066e-04  9.91864139e-05 -2.00173324e-07  9.91864139e-05  3.40112545e-01 
 9.91869445e-05  3.66071155e-04  9.91869445e-05 -2.39135402e-07  9.91869445e-05  3.45464238e-01 
 9.91875236e-05  3.74736962e-04  9.91875236e-05 -2.84590405e-07  9.91875236e-05  3.51304023e-01 
 9.91879696e-05  3.80351452e-04  9.91879696e-05 -3.19994780e-07  9.91879696e-05  3.55802544e-01 
 9.91885220e-05  3.88169241e-04  9.91885220e-05 -3.68303544e-07  9.91885220e-05  3.61373520e-01 
 9.91890159e-05  3.96744064e-04  9.91890159e-05 -4.17792439e-07  9.91890159e-05  3.66354823e-01 
 9.91895971e-05  4.06423122e-04  9.91895971e-05 -4.79428276e-07  9.91895971e-05  3.72216271e-01 
 9.91900592e-05  4.13147181e-04  9.91900592e-05 -5.29152417e-07  9.91900592e-05  3.76876615e-01 
 9.91906177e-05  4.22383986e-04  9.91906177e-05 -5.95830242e-07  9.91906177e-05  3.82509354e-01 
 9.91911165e-05  4.32237215e-04  9.91911165e-05 -6.63873891e-07  9.91911165e-05  3.87540462e-01 
 9.91917273e-05  4.43779229e-04  9.91917273e-05 -7.51476959e-07  9.91917273e-05  3.93701013e-01 
 9.91922417e-05  4.52725387e-04  9.91922417e-05 -8.27260165e-07  9.91922417e-05  3.98888121e-01 
 9.91928271e-05  4.64566789e-04  9.91928271e-05 -9.24712040e-07  9.91928271e-05  4.04792070e-01 
 9.91933796e-05  4.77327205e-04  9.91933796e-05 -1.02896019e-06  9.91933796e-05  4.10364304e-01 
 9.91940249e-05  4.91442021e-04  9.91940249e-05 -1.15542741e-06  9.91940249e-05  4.16873327e-01 
 9.91947058e-05  5.06610784e-04  9.91947058e-05 -1.29866990e-06  9.91947058e-05  4.23739607e-01 
 9.91953892e-05  5.24689190e-04  9.91953892e-05 -1.46676821e-06  9.91953892e-05  4.30632445e-01 
 9.91964185e-05  5.53233285e-04  9.91964185e-05 -1.74831064e-06  9.91964185e-05  4.41013903e-01 
 9.91974061e-05  5.82041402e-04  9.91974061e-05 -2.04976690e-06  9.91974061e-05  4.50973569e-01 
 9.91983413e-05  6.14378833e-04  9.91983413e-05 -2.39343070e-06  9.91983413e-05  4.60405561e-01 
 9.92002117e-05  6.87463271e-04  9.92002117e-05 -3.21290762e-06  9.92002117e-05  4.79269545e-01 
 9.92019266e-05  7.69448304e-04  9.92019266e-05 -4.17633921e-06  9.92019266e-05  4.96565106e-01 
 9.92037900e-05  8.81407532e-04  9.92037900e-05 -5.54585282e-06  9.92037900e-05  5.15358129e-01 
 9.92062384e-05  1.07122854e-03  9.92062384e-05 -7.91840870e-06  9.92062384e-05  5.40051903e-01 
 9.92093829e-05  1.42575272e-03  9.92093829e-05 -1.24912660e-05  9.92093829e-05  5.71765422e-01 
 9.92156719e-05  2.80809324e-03  9.92156719e-05 -2.97213350e-05  9.92156719e-05  6.35192460e-01 
 9.92250640e-05  8.83263167e-03  9.92250640e-05 -9.79360969e-05  9.92250640e-05  7.29916653e-01 
 9.92350448e-05  2.65788849e-02  9.92350448e-05 -2.60777024e-04  9.92350448e-05  8.30576981e-01 
 9.92484843e-05  7.93887995e-02  9.92484843e-05 -5.37782897e-04  9.92484843e-05  9.66120447e-01 
 9.92643221e-05  1.74952622e-01  9.92643221e-05 -6.99003271e-04  9.92643221e-05  1.12585173e+00 
 9.92807003e-05  2.87536824e-01  9.92807003e-05 -7.27486487e-04  9.92807003e-05  1.29103418e+00 
 9.93033875e-05  4.46794413e-01  9.93033875e-05 -7.55068753e-04  9.93033875e-05  1.51984463e+00 
 9.93283779e-05  6.24836294e-01  9.93283779e-05 -7.81855472e-04  9.93283779e-05  1.77188437e+00 
 9.93779543e-05  9.84104307e-01  9.93779543e-05 -8.32888572e-04  9.93779543e-05  2.27188437e+00 
 9.94275306e-05  1.34900377e+00  9.94275306e-05 -8.76603161e-04  9.94275306e-05  2.77188437e+00 
 9.94771070e-05  1.71678873e+00  9.94771070e-05 -9.17465289e-04  9.94771070e-05  3.27188437e+00 
 9.95266833e-05  2.08501580e+00  9.95266833e-05 -9.51693330e-04  9.95266833e-05  3.77188437e+00 
 9.95762597e-05  2.45130842e+00  9.95762597e-05 -9.82824963e-04  9.95762597e-05  4.27188437e+00 
 9.96123570e-05  2.71566231e+00  9.96123570e-05 -1.00150374e-03  9.96123570e-05  4.63594219e+00 
 9.96484543e-05  2.97716231e+00  9.96484543e-05 -1.01939298e-03  9.96484543e-05  5.00000000e+00 
 9.96528159e-05  3.00333160e+00  9.96528159e-05 -9.02654668e-04  9.96528159e-05  5.00000000e+00 
 9.96615391e-05  3.04665883e+00  9.96615391e-05 -7.00088973e-04  9.96615391e-05  5.00000000e+00 
 9.96789855e-05  3.09707145e+00  9.96789855e-05 -4.94761649e-04  9.96789855e-05  5.00000000e+00 
 9.96965703e-05  3.12192593e+00  9.96965703e-05 -4.11023667e-04  9.96965703e-05  5.00000000e+00 
 9.97172160e-05  3.13707368e+00  9.97172160e-05 -3.62271941e-04  9.97172160e-05  5.00000000e+00 
 9.97436134e-05  3.14634198e+00  9.97436134e-05 -3.36579194e-04  9.97436134e-05  5.00000000e+00 
 9.97894958e-05  3.15219411e+00  9.97894958e-05 -3.18902140e-04  9.97894958e-05  5.00000000e+00 
 9.98390722e-05  3.15344460e+00  9.98390722e-05 -3.16720500e-04  9.98390722e-05  5.00000000e+00 
 9.98886485e-05  3.15366547e+00  9.98886485e-05 -3.14893060e-04  9.98886485e-05  5.00000000e+00 
 9.99382249e-05  3.15370270e+00  9.99382249e-05 -3.15987167e-04  9.99382249e-05  5.00000000e+00 
 9.99691124e-05  3.15370775e+00  9.99691124e-05 -3.14798605e-04  9.99691124e-05  5.00000000e+00 
 1.00000000e-04  3.15370939e+00  1.00000000e-04 -3.15942277e-04  1.00000000e-04  5.00000000e+00 
