 0.00000000e+00  5.90192020e-12  0.00000000e+00 -2.46101920e-11  0.00000000e+00  0.00000000e+00 
 4.95763454e-10  4.76576447e-07  4.95763454e-10  1.46349986e-07  4.95763454e-10  5.00000000e-03 
 5.10648808e-10  4.91296282e-07  5.10648808e-10  1.46349981e-07  5.10648808e-10  5.15012557e-03 
 5.40419517e-10  5.21461341e-07  5.40419517e-10  1.46349977e-07  5.40419517e-10  5.45037671e-03 
 5.99960934e-10  5.84034454e-07  5.99960934e-10  1.46349970e-07  5.99960934e-10  6.05087899e-03 
 7.19043767e-10  6.96300800e-07  7.19043767e-10  1.46349954e-07  7.19043767e-10  7.25188355e-03 
 8.41695383e-10  7.77923385e-07  8.41695383e-10  1.46349939e-07  8.41695383e-10  8.48888089e-03 
 1.00808842e-09  8.67781224e-07  1.00808842e-09  1.46349919e-07  1.00808842e-09  1.01670304e-02 
 1.16001921e-09  9.63404258e-07  1.16001921e-09  1.46349898e-07  1.16001921e-09  1.16993216e-02 
 1.35715085e-09  1.06351600e-06  1.35715085e-09  1.46349869e-07  1.35715085e-09  1.36874838e-02 
 1.53372672e-09  1.11069207e-06  1.53372672e-09  1.46349844e-07  1.53372672e-09  1.54683318e-02 
 1.71788653e-09  1.17136078e-06  1.71788653e-09  1.46349816e-07  1.71788653e-09  1.73256673e-02 
 1.88421001e-09  1.23317096e-06  1.88421001e-09  1.46349788e-07  1.88421001e-09  1.90031153e-02 
 2.07263281e-09  1.26190383e-06  2.07263281e-09  1.46349757e-07  2.07263281e-09  2.09034449e-02 
 2.27730873e-09  1.28941744e-06  2.27730873e-09  1.46349722e-07  2.27730873e-09  2.29676946e-02 
 2.47845632e-09  1.33996436e-06  2.47845632e-09  1.46349683e-07  2.47845632e-09  2.49963596e-02 
 2.68283965e-09  1.35765264e-06  2.68283965e-09  1.46349643e-07  2.68283965e-09  2.70576585e-02 
 2.86698746e-09  1.36090209e-06  2.86698746e-09  1.46349607e-07  2.86698746e-09  2.89148729e-02 
 3.05991058e-09  1.39479002e-06  3.05991058e-09  1.46349564e-07  3.05991058e-09  3.08605904e-02 
 3.30590129e-09  1.41155862e-06  3.30590129e-09  1.46349507e-07  3.30590129e-09  3.33415187e-02 
 3.49723580e-09  1.40340573e-06  3.49723580e-09  1.46349464e-07  3.49723580e-09  3.52712142e-02 
 3.70085215e-09  1.42787446e-06  3.70085215e-09  1.46349411e-07  3.70085215e-09  3.73247778e-02 
 3.94451056e-09  1.44123196e-06  3.94451056e-09  1.46349345e-07  3.94451056e-09  3.97821837e-02 
 4.14206130e-09  1.42684443e-06  4.14206130e-09  1.46349292e-07  4.14206130e-09  4.17745728e-02 
 4.34771334e-09  1.44453907e-06  4.34771334e-09  1.46349230e-07  4.34771334e-09  4.38486672e-02 
 4.56566096e-09  1.45762714e-06  4.56566096e-09  1.46349160e-07  4.56566096e-09  4.60467681e-02 
 4.78252082e-09  1.43969472e-06  4.78252082e-09  1.46349092e-07  4.78252082e-09  4.82338984e-02 
 4.97786537e-09  1.45131770e-06  4.97786537e-09  1.46349023e-07  4.97786537e-09  5.02040371e-02 
 5.17233089e-09  1.46679691e-06  5.17233089e-09  1.46348950e-07  5.17233089e-09  5.21653104e-02 
 5.37681159e-09  1.44869865e-06  5.37681159e-09  1.46348875e-07  5.37681159e-09  5.42275912e-02 
 5.58511323e-09  1.45243162e-06  5.58511323e-09  1.46348791e-07  5.58511323e-09  5.63284080e-02 
 5.76855845e-09  1.47112223e-06  5.76855845e-09  1.46348711e-07  5.76855845e-09  5.81785366e-02 
 5.97167656e-09  1.45619537e-06  5.97167656e-09  1.46348623e-07  5.97167656e-09  6.02270751e-02 
 6.20968251e-09  1.45241446e-06  6.20968251e-09  1.46348513e-07  6.20968251e-09  6.26274734e-02 
 6.41639736e-09  1.47307328e-06  6.41639736e-09  1.46348407e-07  6.41639736e-09  6.47122868e-02 
 6.63027378e-09  1.45949624e-06  6.63027378e-09  1.46348297e-07  6.63027378e-09  6.68693278e-02 
 6.85995771e-09  1.45269296e-06  6.85995771e-09  1.46348173e-07  6.85995771e-09  6.91857947e-02 
 7.08176045e-09  1.47401007e-06  7.08176045e-09  1.46348039e-07  7.08176045e-09  7.14227762e-02 
 7.29400155e-09  1.46157480e-06  7.29400155e-09  1.46347911e-07  7.29400155e-09  7.35633243e-02 
 7.51179066e-09  1.45250210e-06  7.51179066e-09  1.46347772e-07  7.51179066e-09  7.57598266e-02 
 7.72673900e-09  1.47377754e-06  7.72673900e-09  1.46347620e-07  7.72673900e-09  7.79276784e-02 
 7.93965908e-09  1.46404601e-06  7.93965908e-09  1.46347468e-07  7.93965908e-09  8.00750743e-02 
 8.14039031e-09  1.45164278e-06  8.14039031e-09  1.46347319e-07  8.14039031e-09  8.20995401e-02 
 8.34485959e-09  1.47198405e-06  8.34485959e-09  1.46347150e-07  8.34485959e-09  8.41617058e-02 
 8.57113478e-09  1.46702787e-06  8.57113478e-09  1.46346959e-07  8.57113478e-09  8.64437940e-02 
 8.75964284e-09  1.45116824e-06  8.75964284e-09  1.46346798e-07  8.75964284e-09  8.83449835e-02 
 8.96060122e-09  1.46916390e-06  8.96060122e-09  1.46346605e-07  8.96060122e-09  9.03717402e-02 
 9.22996487e-09  1.46893919e-06  9.22996487e-09  1.46346337e-07  9.22996487e-09  9.30883952e-02 
 9.43444892e-09  1.45127520e-06  9.43444892e-09  1.46346130e-07  9.43444892e-09  9.51507099e-02 
 9.64941866e-09  1.46908774e-06  9.64941866e-09  1.46345886e-07  9.64941866e-09  9.73187776e-02 
 9.93279574e-09  1.46876305e-06  9.93279574e-09  1.46345552e-07  9.93279574e-09  1.00176764e-01 
 1.01480581e-08  1.45136004e-06  1.01480581e-08  1.46345291e-07  1.01480581e-08  1.02347783e-01 
 1.03718602e-08  1.47028407e-06  1.03718602e-08  1.46344987e-07  1.03718602e-08  1.04604929e-01 
 1.07064211e-08  1.46615989e-06  1.07064211e-08  1.46344513e-07  1.07064211e-08  1.07979128e-01 
 1.09491653e-08  1.45227123e-06  1.09491653e-08  1.46344153e-07  1.09491653e-08  1.10427314e-01 
 1.11996526e-08  1.47407520e-06  1.11996526e-08  1.46343735e-07  1.11996526e-08  1.12953592e-01 
 1.14939480e-08  1.46208209e-06  1.14939480e-08  1.46343231e-07  1.14939480e-08  1.15921695e-01 
 1.17463650e-08  1.45470169e-06  1.17463650e-08  1.46342771e-07  1.17463650e-08  1.18467435e-01 
 1.20025522e-08  1.47592839e-06  1.20025522e-08  1.46342249e-07  1.20025522e-08  1.21051200e-01 
 1.22464824e-08  1.45928827e-06  1.22464824e-08  1.46341748e-07  1.22464824e-08  1.23511347e-01 
 1.25233637e-08  1.45771210e-06  1.25233637e-08  1.46341131e-07  1.25233637e-08  1.26303821e-01 
 1.27546394e-08  1.47620444e-06  1.27546394e-08  1.46340561e-07  1.27546394e-08  1.28636341e-01 
 1.29929902e-08  1.45706308e-06  1.29929902e-08  1.46339974e-07  1.29929902e-08  1.31040218e-01 
 1.33269740e-08  1.46168764e-06  1.33269740e-08  1.46339065e-07  1.33269740e-08  1.34408596e-01 
 1.35803556e-08  1.47506737e-06  1.35803556e-08  1.46338308e-07  1.35803556e-08  1.36964065e-01 
 1.38430079e-08  1.45295333e-06  1.38430079e-08  1.46337514e-07  1.38430079e-08  1.39613033e-01 
 1.41148536e-08  1.46597988e-06  1.41148536e-08  1.46336595e-07  1.41148536e-08  1.42354721e-01 
 1.43672854e-08  1.47267103e-06  1.43672854e-08  1.46335685e-07  1.43672854e-08  1.44900610e-01 
 1.45890625e-08  1.45202009e-06  1.45890625e-08  1.46334878e-07  1.45890625e-08  1.47137334e-01 
 1.48186719e-08  1.46675163e-06  1.48186719e-08  1.46333944e-07  1.48186719e-08  1.49453048e-01 
 1.50634456e-08  1.47237142e-06  1.50634456e-08  1.46332895e-07  1.50634456e-08  1.51921703e-01 
 1.52694953e-08  1.45215444e-06  1.52694953e-08  1.46332006e-07  1.52694953e-08  1.53999808e-01 
 1.54830915e-08  1.46564499e-06  1.54830915e-08  1.46330980e-07  1.54830915e-08  1.56154022e-01 
 1.57087289e-08  1.47374299e-06  1.57087289e-08  1.46329837e-07  1.57087289e-08  1.58429678e-01 
 1.59065986e-08  1.45319271e-06  1.59065986e-08  1.46328838e-07  1.59065986e-08  1.60425284e-01 
 1.61115211e-08  1.46274509e-06  1.61115211e-08  1.46327693e-07  1.61115211e-08  1.62492021e-01 
 1.63084802e-08  1.47578823e-06  1.63084802e-08  1.46326518e-07  1.63084802e-08  1.64478443e-01 
 1.65147131e-08  1.45572188e-06  1.65147131e-08  1.46325303e-07  1.65147131e-08  1.66558395e-01 
 1.67244044e-08  1.45918136e-06  1.67244044e-08  1.46323955e-07  1.67244044e-08  1.68673227e-01 
 1.69091692e-08  1.47632467e-06  1.69091692e-08  1.46322663e-07  1.69091692e-08  1.70536665e-01 
 1.71135921e-08  1.45963636e-06  1.71135921e-08  1.46321254e-07  1.71135921e-08  1.72598363e-01 
 1.73783773e-08  1.45736053e-06  1.73783773e-08  1.46319282e-07  1.73783773e-08  1.75268842e-01 
 1.75944161e-08  1.47634042e-06  1.75944161e-08  1.46317503e-07  1.75944161e-08  1.77447692e-01 
 1.78182968e-08  1.45904631e-06  1.78182968e-08  1.46315666e-07  1.78182968e-08  1.79705630e-01 
 1.80932639e-08  1.45832252e-06  1.80932639e-08  1.46313216e-07  1.80932639e-08  1.82478798e-01 
 1.83176300e-08  1.47643944e-06  1.83176300e-08  1.46311012e-07  1.83176300e-08  1.84741633e-01 
 1.85502002e-08  1.45744858e-06  1.85502002e-08  1.46308732e-07  1.85502002e-08  1.87087209e-01 
 1.88744424e-08  1.46156303e-06  1.88744424e-08  1.46305224e-07  1.88744424e-08  1.90357339e-01 
 1.91215522e-08  1.47561824e-06  1.91215522e-08  1.46302291e-07  1.91215522e-08  1.92849554e-01 
 1.93784197e-08  1.45371374e-06  1.93784197e-08  1.46299215e-07  1.93784197e-08  1.95440180e-01 
 1.96520596e-08  1.46549608e-06  1.96520596e-08  1.46295563e-07  1.96520596e-08  1.98199962e-01 
 1.98964818e-08  1.47378959e-06  1.98964818e-08  1.46292070e-07  1.98964818e-08  2.00665072e-01 
 2.01187156e-08  1.45276989e-06  2.01187156e-08  1.46288873e-07  2.01187156e-08  2.02906401e-01 
 2.03484686e-08  1.46603958e-06  2.03484686e-08  1.46285190e-07  2.03484686e-08  2.05223564e-01 
 2.05798727e-08  1.47394568e-06  2.05798727e-08  1.46281264e-07  2.05798727e-08  2.07557379e-01 
 2.07840857e-08  1.45329333e-06  2.07840857e-08  1.46277798e-07  2.07840857e-08  2.09616961e-01 
 2.09955195e-08  1.46418275e-06  2.09955195e-08  1.46273821e-07  2.09955195e-08  2.11749367e-01 
 2.12022778e-08  1.47569628e-06  2.12022778e-08  1.46269684e-07  2.12022778e-08  2.13834618e-01 
 2.14152540e-08  1.45487721e-06  2.14152540e-08  1.46265451e-07  2.14152540e-08  2.15982580e-01 
 2.16197833e-08  1.46123527e-06  2.16197833e-08  1.46260989e-07  2.16197833e-08  2.18045351e-01 
 2.18077208e-08  1.47683562e-06  2.18077208e-08  1.46256571e-07  2.18077208e-08  2.19940786e-01 
 2.20126650e-08  1.45850550e-06  2.20126650e-08  1.46251819e-07  2.20126650e-08  2.22007742e-01 
 2.22445399e-08  1.45837953e-06  2.22445399e-08  1.46245996e-07  2.22445399e-08  2.24346305e-01 
 2.24409222e-08  1.47688807e-06  2.24409222e-08  1.46240585e-07  2.24409222e-08  2.26326911e-01 
 2.26529383e-08  1.46078673e-06  2.26529383e-08  1.46234795e-07  2.26529383e-08  2.28465189e-01 
 2.29018666e-08  1.45719585e-06  2.29018666e-08  1.46227487e-07  2.29018666e-08  2.30975745e-01 
 2.31147342e-08  1.47693295e-06  2.31147342e-08  1.46220576e-07  2.31147342e-08  2.33122612e-01 
 2.33347217e-08  1.46123450e-06  2.33347217e-08  1.46213456e-07  2.33347217e-08  2.35341285e-01 
 2.35863545e-08  1.45723753e-06  2.35863545e-08  1.46204709e-07  2.35863545e-08  2.37879117e-01 
 2.38263082e-08  1.47729861e-06  2.38263082e-08  1.46195476e-07  2.38263082e-08  2.40299159e-01 
 2.40436015e-08  1.46052521e-06  2.40436015e-08  1.46187109e-07  2.40436015e-08  2.42490661e-01 
 2.43116577e-08  1.45879056e-06  2.43116577e-08  1.46175938e-07  2.43116577e-08  2.45194129e-01 
 2.45324679e-08  1.47759014e-06  2.45324679e-08  1.46165783e-07  2.45324679e-08  2.47421101e-01 
 2.47608004e-08  1.45963616e-06  2.47608004e-08  1.46155305e-07  2.47608004e-08  2.49723938e-01 
 2.50509213e-08  1.46087774e-06  2.50509213e-08  1.46140764e-07  2.50509213e-08  2.52649939e-01 
 2.52820434e-08  1.47775426e-06  2.52820434e-08  1.46128027e-07  2.52820434e-08  2.54980910e-01 
 2.55222647e-08  1.45745643e-06  2.55222647e-08  1.46114775e-07  2.55222647e-08  2.57403652e-01 
 2.58195746e-08  1.46439494e-06  2.58195746e-08  1.46096640e-07  2.58195746e-08  2.60402157e-01 
 2.60567317e-08  1.47708961e-06  2.60567317e-08  1.46080913e-07  2.60567317e-08  2.62793994e-01 
 2.63073083e-08  1.45535073e-06  2.63073083e-08  1.46064180e-07  2.63073083e-08  2.65321174e-01 
 2.65546469e-08  1.46698630e-06  2.65546469e-08  1.46045821e-07  2.65546469e-08  2.67815695e-01 
 2.67858675e-08  1.47656448e-06  2.67858675e-08  1.46027511e-07  2.67858675e-08  2.70147661e-01 
 2.69983431e-08  1.45570135e-06  2.69983431e-08  1.46010675e-07  2.69983431e-08  2.72290574e-01 
 2.72187157e-08  1.46636239e-06  2.72187157e-08  1.45991331e-07  2.72187157e-08  2.74513132e-01 
 2.74284283e-08  1.47805173e-06  2.74284283e-08  1.45971715e-07  2.74284283e-08  2.76628178e-01 
 2.76460101e-08  1.45721266e-06  2.76460101e-08  1.45951458e-07  2.76460101e-08  2.78822590e-01 
 2.78544644e-08  1.46439800e-06  2.78544644e-08  1.45930129e-07  2.78544644e-08  2.80924947e-01 
 2.80468739e-08  1.47952681e-06  2.80468739e-08  1.45908958e-07  2.80468739e-08  2.82865484e-01 
 2.82550547e-08  1.46061866e-06  2.82550547e-08  1.45886329e-07  2.82550547e-08  2.84965082e-01 
 2.84816996e-08  1.46212323e-06  2.84816996e-08  1.45859573e-07  2.84816996e-08  2.87250899e-01 
 2.86754658e-08  1.48020324e-06  2.86754658e-08  1.45834575e-07  2.86754658e-08  2.89205119e-01 
 2.88866518e-08  1.46372395e-06  2.88866518e-08  1.45807600e-07  2.88866518e-08  2.91335026e-01 
 2.91419257e-08  1.46149085e-06  2.91419257e-08  1.45772429e-07  2.91419257e-08  2.93909580e-01 
 2.93558375e-08  1.48091509e-06  2.93558375e-08  1.45739909e-07  2.93558375e-08  2.96066977e-01 
 2.95781522e-08  1.46441322e-06  2.95781522e-08  1.45706226e-07  2.95781522e-08  2.98309123e-01 
 2.98443089e-08  1.46283762e-06  2.98443089e-08  1.45662622e-07  2.98443089e-08  3.00993434e-01 
 3.00659892e-08  1.48193871e-06  3.00659892e-08  1.45622562e-07  3.00659892e-08  3.03229181e-01 
 3.02951704e-08  1.46426245e-06  3.02951704e-08  1.45581214e-07  3.02951704e-08  3.05540577e-01 
 3.05857593e-08  1.46583888e-06  3.05857593e-08  1.45523982e-07  3.05857593e-08  3.08471299e-01 
 3.08177622e-08  1.48298953e-06  3.08177622e-08  1.45473764e-07  3.08177622e-08  3.10811153e-01 
 3.10587836e-08  1.46297493e-06  3.10587836e-08  1.45421514e-07  3.10587836e-08  3.13241964e-01 
 3.13566887e-08  1.47048900e-06  3.13566887e-08  1.45350119e-07  3.13566887e-08  3.16246473e-01 
 3.15950475e-08  1.48338028e-06  3.15950475e-08  1.45288064e-07  3.15950475e-08  3.18650430e-01 
 3.18467925e-08  1.46203155e-06  3.18467925e-08  1.45222020e-07  3.18467925e-08  3.21189392e-01 
 3.20940821e-08  1.47437699e-06  3.20940821e-08  1.45149914e-07  3.20940821e-08  3.23683420e-01 
 3.23277693e-08  1.48400835e-06  3.23277693e-08  1.45077305e-07  3.23277693e-08  3.26040262e-01 
 3.25409854e-08  1.46358302e-06  3.25409854e-08  1.45010941e-07  3.25409854e-08  3.28190643e-01 
 3.27615366e-08  1.47520565e-06  3.27615366e-08  1.44934871e-07  3.27615366e-08  3.30415002e-01 
 3.29748714e-08  1.48675826e-06  3.29748714e-08  1.44856618e-07  3.29748714e-08  3.32566581e-01 
 3.31945912e-08  1.46628381e-06  3.31945912e-08  1.44776252e-07  3.31945912e-08  3.34782556e-01 
 3.34017725e-08  1.47491624e-06  3.34017725e-08  1.44692853e-07  3.34017725e-08  3.36872073e-01 
 3.35978455e-08  1.48981540e-06  3.35978455e-08  1.44608275e-07  3.35978455e-08  3.38849558e-01 
 3.38074320e-08  1.47091136e-06  3.38074320e-08  1.44518852e-07  3.38074320e-08  3.40963333e-01 
 3.40276483e-08  1.47423907e-06  3.40276483e-08  1.44416624e-07  3.40276483e-08  3.43184315e-01 
 3.42191396e-08  1.49238427e-06  3.42191396e-08  1.44319858e-07  3.42191396e-08  3.45115592e-01 
 3.44291946e-08  1.47619385e-06  3.44291946e-08  1.44214866e-07  3.44291946e-08  3.47234092e-01 
 3.47075482e-08  1.47628040e-06  3.47075482e-08  1.44063988e-07  3.47075482e-08  3.50041415e-01 
 3.49315563e-08  1.49553184e-06  3.49315563e-08  1.43930195e-07  3.49315563e-08  3.52300638e-01 
 3.51635153e-08  1.47787106e-06  3.51635153e-08  1.43791834e-07  3.51635153e-08  3.54640051e-01 
 3.54994184e-08  1.48364912e-06  3.54994184e-08  1.43570951e-07  3.54994184e-08  3.58027786e-01 
 3.57540924e-08  1.49884539e-06  3.57540924e-08  1.43387172e-07  3.57540924e-08  3.60596289e-01 
 3.60175133e-08  1.47837708e-06  3.60175133e-08  1.43194812e-07  3.60175133e-08  3.63253009e-01 
 3.62976139e-08  1.49312427e-06  3.62976139e-08  1.42966688e-07  3.62976139e-08  3.66077951e-01 
 3.65562589e-08  1.50130253e-06  3.65562589e-08  1.42741835e-07  3.65562589e-08  3.68686504e-01 
 3.67855542e-08  1.48242365e-06  3.67855542e-08  1.42539736e-07  3.67855542e-08  3.70999051e-01 
 3.70221864e-08  1.50006380e-06  3.70221864e-08  1.42306830e-07  3.70221864e-08  3.73385595e-01 
 3.72872205e-08  1.50552007e-06  3.72872205e-08  1.42032827e-07  3.72872205e-08  3.76058584e-01 
 3.75049321e-08  1.48810863e-06  3.75049321e-08  1.41803872e-07  3.75049321e-08  3.78254305e-01 
 3.77297881e-08  1.50700930e-06  3.77297881e-08  1.41539772e-07  3.77297881e-08  3.80522079e-01 
 3.80057236e-08  1.51118447e-06  3.80057236e-08  1.41201244e-07  3.80057236e-08  3.83305014e-01 
 3.82248080e-08  1.49508990e-06  3.82248080e-08  1.40926399e-07  3.82248080e-08  3.85514580e-01 
 3.84512586e-08  1.51573176e-06  3.84512586e-08  1.40608762e-07  3.84512586e-08  3.87798437e-01 
 3.87541895e-08  1.51749207e-06  3.87541895e-08  1.40166291e-07  3.87541895e-08  3.90853634e-01 
 3.89866719e-08  1.50432604e-06  3.89866719e-08  1.39814248e-07  3.89866719e-08  3.93198324e-01 
 3.92267757e-08  1.52819731e-06  3.92267757e-08  1.39407136e-07  3.92267757e-08  3.95619880e-01 
 3.95442443e-08  1.52428199e-06  3.95442443e-08  1.38850723e-07  3.95442443e-08  3.98821696e-01 
 3.97962692e-08  1.51770321e-06  3.97962692e-08  1.38383145e-07  3.97962692e-08  4.01363481e-01 
 4.00569803e-08  1.54376008e-06  4.00569803e-08  1.37843553e-07  4.00569803e-08  4.03992871e-01 
 4.03251599e-08  1.53303155e-06  4.03251599e-08  1.37278822e-07  4.03251599e-08  4.06697585e-01 
 4.06059736e-08  1.53535735e-06  4.06059736e-08  1.36640496e-07  4.06059736e-08  4.09529719e-01 
 4.08788635e-08  1.55962730e-06  4.08788635e-08  1.35955112e-07  4.08788635e-08  4.12281937e-01 
 4.11262003e-08  1.54470987e-06  4.11262003e-08  1.35327890e-07  4.11262003e-08  4.14776442e-01 
 4.14923089e-08  1.56087893e-06  4.14923089e-08  1.34295734e-07  4.14923089e-08  4.18468814e-01 
 4.17755469e-08  1.57722117e-06  4.17755469e-08  1.33423735e-07  4.17755469e-08  4.21325398e-01 
 4.20682494e-08  1.56331540e-06  4.20682494e-08  1.32497682e-07  4.20682494e-08  4.24277436e-01 
 4.23510123e-08  1.58987235e-06  4.23510123e-08  1.31492454e-07  4.23510123e-08  4.27129228e-01 
 4.27036581e-08  1.59618205e-06  4.27036581e-08  1.30168812e-07  4.27036581e-08  4.30685821e-01 
 4.29850409e-08  1.59274680e-06  4.29850409e-08  1.29049476e-07  4.29850409e-08  4.33523695e-01 
 4.32717550e-08  1.62502764e-06  4.32717550e-08  1.27771730e-07  4.32717550e-08  4.36415337e-01 
 4.35841304e-08  1.61999752e-06  4.35841304e-08  1.26340185e-07  4.35841304e-08  4.39565785e-01 
 4.39220017e-08  1.63522405e-06  4.39220017e-08  1.24641849e-07  4.39220017e-08  4.42973371e-01 
 4.42130744e-08  1.66297499e-06  4.42130744e-08  1.23030467e-07  4.42130744e-08  4.45908971e-01 
 4.45097606e-08  1.65451802e-06  4.45097606e-08  1.21350091e-07  4.45097606e-08  4.48901187e-01 
 4.48300987e-08  1.68627649e-06  4.48300987e-08  1.19316784e-07  4.48300987e-08  4.52131942e-01 
 4.51580477e-08  1.70465514e-06  4.51580477e-08  1.17092820e-07  4.51580477e-08  4.55439457e-01 
 4.54462230e-08  1.70515806e-06  4.54462230e-08  1.15045959e-07  4.54462230e-08  4.58345836e-01 
 4.57392821e-08  1.74581731e-06  4.57392821e-08  1.12707339e-07  4.57392821e-08  4.61301471e-01 
 4.61006736e-08  1.75590232e-06  4.61006736e-08  1.09706344e-07  4.61006736e-08  4.64946269e-01 
 4.64518893e-08  1.78134767e-06  4.64518893e-08  1.06509692e-07  4.64518893e-08  4.68488438e-01 
 4.68011900e-08  1.82496295e-06  4.68011900e-08  1.02985955e-07  4.68011900e-08  4.72011295e-01 
 4.71274371e-08  1.83080372e-06  4.71274371e-08  9.95711931e-08  4.71274371e-08  4.75301646e-01 
 4.75070916e-08  1.88520290e-06  4.75070916e-08  9.50831935e-08  4.75070916e-08  4.79130634e-01 
 4.79530264e-08  1.92457093e-06  4.79530264e-08  8.93851846e-08  4.79530264e-08  4.83628089e-01 
 4.83852329e-08  1.96808859e-06  4.83852329e-08  8.32989185e-08  4.83852329e-08  4.87987088e-01 
 4.87858554e-08  2.03697143e-06  4.87858554e-08  7.69360359e-08  4.87858554e-08  4.92027549e-01 
 4.92135023e-08  2.07358564e-06  4.92135023e-08  6.97299054e-08  4.92135023e-08  4.96340562e-01 
 4.97149024e-08  2.17232469e-06  4.97149024e-08  6.00262530e-08  4.97149024e-08  5.01397410e-01 
 5.03987006e-08  2.28041954e-06  5.03987006e-08  4.51572852e-08  5.03987006e-08  5.08293826e-01 
 5.10643893e-08  2.42461950e-06  5.10643893e-08  2.81748149e-08  5.10643893e-08  5.15007599e-01 
 5.17454013e-08  2.59324009e-06  5.17454013e-08  7.92722607e-09  5.17454013e-08  5.21875915e-01 
 5.24321090e-08  2.77532088e-06  5.24321090e-08 -1.56048758e-08  5.24321090e-08  5.28801675e-01 
 5.31667600e-08  3.03747656e-06  5.31667600e-08 -4.55622938e-08  5.31667600e-08  5.36210965e-01 
 5.39826783e-08  3.33602823e-06  5.39826783e-08 -8.42556878e-08  5.39826783e-08  5.44439872e-01 
 5.50501694e-08  3.87751689e-06  5.50501694e-08 -1.47485765e-07  5.50501694e-08  5.55206005e-01 
 5.67757147e-08  4.99025886e-06  5.67757147e-08 -2.83923492e-07  5.67757147e-08  5.72608915e-01 
 6.02268054e-08  9.01636256e-06  6.02268054e-08 -7.60122253e-07  6.02268054e-08  6.07414735e-01 
 6.52931066e-08  2.29470141e-05  6.52931066e-08 -2.39227467e-06  6.52931066e-08  6.58510688e-01 
 7.28714218e-08  9.21713399e-05  7.28714218e-08 -1.03151528e-05  7.28714218e-08  7.34941444e-01 
 8.00557106e-08  3.06908971e-04  8.00557106e-08 -3.47664557e-05  8.00557106e-08  8.07398266e-01 
 8.92192474e-08  1.13910647e-03  8.92192474e-08 -1.26730993e-04  8.92192474e-08  8.99816703e-01 
 1.00080526e-07  3.52485694e-03  1.00080526e-07 -3.81993897e-04  1.00080526e-07  1.00935764e+00 
 1.16633278e-07  1.04228908e-02  1.16633278e-07 -1.09447764e-03  1.16633278e-07  1.17629968e+00 
 1.49738784e-07  3.26829223e-02  1.49738784e-07 -3.34896479e-03  1.49738784e-07  1.51018376e+00 
 1.99315129e-07  7.80288276e-02  1.99315129e-07 -7.90355970e-03  1.99315129e-07  2.01018376e+00 
 2.48891475e-07  1.29648668e-01  2.48891475e-07 -1.30708640e-02  2.48891475e-07  2.51018376e+00 
 2.98467820e-07  1.82431391e-01  2.98467820e-07 -1.83485012e-02  2.98467820e-07  3.01018376e+00 
 3.48044165e-07  2.33633638e-01  3.48044165e-07 -2.34629680e-02  3.48044165e-07  3.51018376e+00 
 3.97620511e-07  2.81765091e-01  3.97620511e-07 -2.82694603e-02  3.97620511e-07  4.01018376e+00 
 4.47196856e-07  3.26132881e-01  4.47196856e-07 -3.26976840e-02  4.47196856e-07  4.51018376e+00 
 4.95763454e-07  3.65676969e-01  4.95763454e-07 -3.66444803e-02  4.95763454e-07  5.00000000e+00 
 5.00721089e-07  3.67193167e-01  5.00721089e-07 -3.67497898e-02  5.00721089e-07  5.00000000e+00 
 5.10636358e-07  3.68157472e-01  5.10636358e-07 -3.68046675e-02  5.10636358e-07  5.00000000e+00 
 5.30466896e-07  3.67673654e-01  5.30466896e-07 -3.67735820e-02  5.30466896e-07  5.00000000e+00 
 5.66571929e-07  3.68014738e-01  5.66571929e-07 -3.67971399e-02  5.66571929e-07  5.00000000e+00 
 6.16148275e-07  3.67741441e-01  6.16148275e-07 -3.67773797e-02  6.16148275e-07  5.00000000e+00 
 6.65724620e-07  3.67968775e-01  6.65724620e-07 -3.67945555e-02  6.65724620e-07  5.00000000e+00 
 7.15300966e-07  3.67781144e-01  7.15300966e-07 -3.67796827e-02  7.15300966e-07  5.00000000e+00 
 7.64877311e-07  3.67935112e-01  7.64877311e-07 -3.67925614e-02  7.64877311e-07  5.00000000e+00 
 8.14453656e-07  3.67809817e-01  8.14453656e-07 -3.67814284e-02  8.14453656e-07  5.00000000e+00 
 8.64030002e-07  3.67910866e-01  8.64030002e-07 -3.67910456e-02  8.64030002e-07  5.00000000e+00 
 9.13606347e-07  3.67830341e-01  9.13606347e-07 -3.67827521e-02  9.13606347e-07  5.00000000e+00 
 9.63182693e-07  3.67893612e-01  9.63182693e-07 -3.67898971e-02  9.63182693e-07  5.00000000e+00 
 1.01275904e-06  3.67844839e-01  1.01275904e-06 -3.67837526e-02  1.01275904e-06  5.00000000e+00 
 1.06233538e-06  3.67881516e-01  1.06233538e-06 -3.67890298e-02  1.06233538e-06  5.00000000e+00 
 1.11191173e-06  3.67854909e-01  1.11191173e-06 -3.67845063e-02  1.11191173e-06  5.00000000e+00 
 1.16148807e-06  3.67873199e-01  1.16148807e-06 -3.67883774e-02  1.16148807e-06  5.00000000e+00 
 1.21106442e-06  3.67861749e-01  1.21106442e-06 -3.67850719e-02  1.21106442e-06  5.00000000e+00 
 1.26064077e-06  3.67867626e-01  1.26064077e-06 -3.67878888e-02  1.26064077e-06  5.00000000e+00 
 1.31021711e-06  3.67866255e-01  1.31021711e-06 -3.67854944e-02  1.31021711e-06  5.00000000e+00 
 1.35979346e-06  3.67864028e-01  1.35979346e-06 -3.67875246e-02  1.35979346e-06  5.00000000e+00 
 1.40936980e-06  3.67869093e-01  1.40936980e-06 -3.67858084e-02  1.40936980e-06  5.00000000e+00 
 1.45894615e-06  3.67861832e-01  1.45894615e-06 -3.67872546e-02  1.45894615e-06  5.00000000e+00 
 1.50852249e-06  3.67870756e-01  1.50852249e-06 -3.67860405e-02  1.50852249e-06  5.00000000e+00 
 1.55809884e-06  3.67860616e-01  1.55809884e-06 -3.67870556e-02  1.55809884e-06  5.00000000e+00 
 1.60767518e-06  3.67871603e-01  1.60767518e-06 -3.67862108e-02  1.60767518e-06  5.00000000e+00 
 1.65725153e-06  3.67860073e-01  1.65725153e-06 -3.67869101e-02  1.65725153e-06  5.00000000e+00 
 1.70682787e-06  3.67871899e-01  1.70682787e-06 -3.67863349e-02  1.70682787e-06  5.00000000e+00 
 1.75640422e-06  3.67859978e-01  1.75640422e-06 -3.67868046e-02  1.75640422e-06  5.00000000e+00 
 1.80598056e-06  3.67871833e-01  1.80598056e-06 -3.67864244e-02  1.80598056e-06  5.00000000e+00 
 1.85555691e-06  3.67860171e-01  1.85555691e-06 -3.67867289e-02  1.85555691e-06  5.00000000e+00 
 1.90513326e-06  3.67871541e-01  1.90513326e-06 -3.67864883e-02  1.90513326e-06  5.00000000e+00 
 1.95470960e-06  3.67860538e-01  1.95470960e-06 -3.67866753e-02  1.95470960e-06  5.00000000e+00 
 2.00428595e-06  3.67871119e-01  2.00428595e-06 -3.67865332e-02  2.00428595e-06  5.00000000e+00 
 2.05386229e-06  3.67860999e-01  2.05386229e-06 -3.67866379e-02  2.05386229e-06  5.00000000e+00 
 2.10343864e-06  3.67870631e-01  2.10343864e-06 -3.67865641e-02  2.10343864e-06  5.00000000e+00 
 2.15301498e-06  3.67861501e-01  2.15301498e-06 -3.67866123e-02  2.15301498e-06  5.00000000e+00 
 2.20259133e-06  3.67870124e-01  2.20259133e-06 -3.67865850e-02  2.20259133e-06  5.00000000e+00 
 2.25216767e-06  3.67862007e-01  2.25216767e-06 -3.67865954e-02  2.25216767e-06  5.00000000e+00 
 2.30174402e-06  3.67869625e-01  2.30174402e-06 -3.67865986e-02  2.30174402e-06  5.00000000e+00 
 2.35132036e-06  3.67862494e-01  2.35132036e-06 -3.67865846e-02  2.35132036e-06  5.00000000e+00 
 2.40089671e-06  3.67869153e-01  2.40089671e-06 -3.67866070e-02  2.40089671e-06  5.00000000e+00 
 2.45047306e-06  3.67862949e-01  2.45047306e-06 -3.67865782e-02  2.45047306e-06  5.00000000e+00 
 2.50004940e-06  3.67868718e-01  2.50004940e-06 -3.67866118e-02  2.50004940e-06  5.00000000e+00 
 2.54962575e-06  3.67863364e-01  2.54962575e-06 -3.67865748e-02  2.54962575e-06  5.00000000e+00 
 2.59920209e-06  3.67868324e-01  2.59920209e-06 -3.67866141e-02  2.59920209e-06  5.00000000e+00 
 2.64877844e-06  3.67863735e-01  2.64877844e-06 -3.67865735e-02  2.64877844e-06  5.00000000e+00 
 2.69835478e-06  3.67867974e-01  2.69835478e-06 -3.67866146e-02  2.69835478e-06  5.00000000e+00 
 2.74793113e-06  3.67864064e-01  2.74793113e-06 -3.67865735e-02  2.74793113e-06  5.00000000e+00 
 2.79750747e-06  3.67867666e-01  2.79750747e-06 -3.67866141e-02  2.79750747e-06  5.00000000e+00 
 2.84708382e-06  3.67864352e-01  2.84708382e-06 -3.67865744e-02  2.84708382e-06  5.00000000e+00 
 2.89666016e-06  3.67867398e-01  2.89666016e-06 -3.67866129e-02  2.89666016e-06  5.00000000e+00 
 2.94623651e-06  3.67864602e-01  2.94623651e-06 -3.67865758e-02  2.94623651e-06  5.00000000e+00 
 2.99581285e-06  3.67867166e-01  2.99581285e-06 -3.67866114e-02  2.99581285e-06  5.00000000e+00 
 3.04538920e-06  3.67864816e-01  3.04538920e-06 -3.67865774e-02  3.04538920e-06  5.00000000e+00 
 3.09496555e-06  3.67866968e-01  3.09496555e-06 -3.67866097e-02  3.09496555e-06  5.00000000e+00 
 3.14454189e-06  3.67865000e-01  3.14454189e-06 -3.67865792e-02  3.14454189e-06  5.00000000e+00 
 3.19411824e-06  3.67866798e-01  3.19411824e-06 -3.67866079e-02  3.19411824e-06  5.00000000e+00 
 3.24369458e-06  3.67865156e-01  3.24369458e-06 -3.67865809e-02  3.24369458e-06  5.00000000e+00 
 3.29327093e-06  3.67866655e-01  3.29327093e-06 -3.67866062e-02  3.29327093e-06  5.00000000e+00 
 3.34284727e-06  3.67865288e-01  3.34284727e-06 -3.67865826e-02  3.34284727e-06  5.00000000e+00 
 3.39242362e-06  3.67866533e-01  3.39242362e-06 -3.67866046e-02  3.39242362e-06  5.00000000e+00 
 3.44199996e-06  3.67865399e-01  3.44199996e-06 -3.67865841e-02  3.44199996e-06  5.00000000e+00 
 3.49157631e-06  3.67866432e-01  3.49157631e-06 -3.67866032e-02  3.49157631e-06  5.00000000e+00 
 3.54115265e-06  3.67865492e-01  3.54115265e-06 -3.67865855e-02  3.54115265e-06  5.00000000e+00 
 3.59072900e-06  3.67866346e-01  3.59072900e-06 -3.67866018e-02  3.59072900e-06  5.00000000e+00 
 3.64030535e-06  3.67865571e-01  3.64030535e-06 -3.67865867e-02  3.64030535e-06  5.00000000e+00 
 3.68988169e-06  3.67866275e-01  3.68988169e-06 -3.67866007e-02  3.68988169e-06  5.00000000e+00 
 3.73945804e-06  3.67865636e-01  3.73945804e-06 -3.67865878e-02  3.73945804e-06  5.00000000e+00 
 3.78903438e-06  3.67866215e-01  3.78903438e-06 -3.67865997e-02  3.78903438e-06  5.00000000e+00 
 3.83861073e-06  3.67865690e-01  3.83861073e-06 -3.67865888e-02  3.83861073e-06  5.00000000e+00 
 3.88818707e-06  3.67866166e-01  3.88818707e-06 -3.67865988e-02  3.88818707e-06  5.00000000e+00 
 3.93776342e-06  3.67865735e-01  3.93776342e-06 -3.67865896e-02  3.93776342e-06  5.00000000e+00 
 3.98733976e-06  3.67866125e-01  3.98733976e-06 -3.67865980e-02  3.98733976e-06  5.00000000e+00 
 4.03691611e-06  3.67865772e-01  4.03691611e-06 -3.67865903e-02  4.03691611e-06  5.00000000e+00 
 4.08649245e-06  3.67866092e-01  4.08649245e-06 -3.67865974e-02  4.08649245e-06  5.00000000e+00 
 4.13606880e-06  3.67865802e-01  4.13606880e-06 -3.67865909e-02  4.13606880e-06  5.00000000e+00 
 4.18564514e-06  3.67866064e-01  4.18564514e-06 -3.67865968e-02  4.18564514e-06  5.00000000e+00 
 4.23522149e-06  3.67865827e-01  4.23522149e-06 -3.67865914e-02  4.23522149e-06  5.00000000e+00 
 4.28479784e-06  3.67866041e-01  4.28479784e-06 -3.67865963e-02  4.28479784e-06  5.00000000e+00 
 4.33437418e-06  3.67865848e-01  4.33437418e-06 -3.67865919e-02  4.33437418e-06  5.00000000e+00 
 4.38395053e-06  3.67866022e-01  4.38395053e-06 -3.67865959e-02  4.38395053e-06  5.00000000e+00 
 4.43352687e-06  3.67865865e-01  4.43352687e-06 -3.67865922e-02  4.43352687e-06  5.00000000e+00 
 4.48310322e-06  3.67866007e-01  4.48310322e-06 -3.67865956e-02  4.48310322e-06  5.00000000e+00 
 4.53267956e-06  3.67865879e-01  4.53267956e-06 -3.67865925e-02  4.53267956e-06  5.00000000e+00 
 4.58225591e-06  3.67865994e-01  4.58225591e-06 -3.67865953e-02  4.58225591e-06  5.00000000e+00 
 4.63183225e-06  3.67865890e-01  4.63183225e-06 -3.67865928e-02  4.63183225e-06  5.00000000e+00 
 4.68140860e-06  3.67865984e-01  4.68140860e-06 -3.67865951e-02  4.68140860e-06  5.00000000e+00 
 4.73098494e-06  3.67865900e-01  4.73098494e-06 -3.67865930e-02  4.73098494e-06  5.00000000e+00 
 4.78056129e-06  3.67865976e-01  4.78056129e-06 -3.67865949e-02  4.78056129e-06  5.00000000e+00 
 4.83013764e-06  3.67865907e-01  4.83013764e-06 -3.67865932e-02  4.83013764e-06  5.00000000e+00 
 4.87971398e-06  3.67865969e-01  4.87971398e-06 -3.67865947e-02  4.87971398e-06  5.00000000e+00 
 4.92929033e-06  3.67865914e-01  4.92929033e-06 -3.67865933e-02  4.92929033e-06  5.00000000e+00 
 4.97886667e-06  3.67865963e-01  4.97886667e-06 -3.67865946e-02  4.97886667e-06  5.00000000e+00 
 5.02844302e-06  3.67865919e-01  5.02844302e-06 -3.67865935e-02  5.02844302e-06  5.00000000e+00 
 5.07801936e-06  3.67865959e-01  5.07801936e-06 -3.67865945e-02  5.07801936e-06  5.00000000e+00 
 5.12759571e-06  3.67865923e-01  5.12759571e-06 -3.67865936e-02  5.12759571e-06  5.00000000e+00 
 5.17717205e-06  3.67865955e-01  5.17717205e-06 -3.67865944e-02  5.17717205e-06  5.00000000e+00 
 5.22674840e-06  3.67865926e-01  5.22674840e-06 -3.67865936e-02  5.22674840e-06  5.00000000e+00 
 5.27632474e-06  3.67865952e-01  5.27632474e-06 -3.67865943e-02  5.27632474e-06  5.00000000e+00 
 5.32590109e-06  3.67865929e-01  5.32590109e-06 -3.67865937e-02  5.32590109e-06  5.00000000e+00 
 5.37547743e-06  3.67865950e-01  5.37547743e-06 -3.67865943e-02  5.37547743e-06  5.00000000e+00 
 5.42505378e-06  3.67865931e-01  5.42505378e-06 -3.67865938e-02  5.42505378e-06  5.00000000e+00 
 5.47463013e-06  3.67865948e-01  5.47463013e-06 -3.67865942e-02  5.47463013e-06  5.00000000e+00 
 5.52420647e-06  3.67865932e-01  5.52420647e-06 -3.67865938e-02  5.52420647e-06  5.00000000e+00 
 5.57378282e-06  3.67865946e-01  5.57378282e-06 -3.67865942e-02  5.57378282e-06  5.00000000e+00 
 5.62335916e-06  3.67865934e-01  5.62335916e-06 -3.67865938e-02  5.62335916e-06  5.00000000e+00 
 5.67293551e-06  3.67865945e-01  5.67293551e-06 -3.67865941e-02  5.67293551e-06  5.00000000e+00 
 5.72251185e-06  3.67865935e-01  5.72251185e-06 -3.67865939e-02  5.72251185e-06  5.00000000e+00 
 5.77208820e-06  3.67865944e-01  5.77208820e-06 -3.67865941e-02  5.77208820e-06  5.00000000e+00 
 5.82166454e-06  3.67865936e-01  5.82166454e-06 -3.67865939e-02  5.82166454e-06  5.00000000e+00 
 5.87124089e-06  3.67865943e-01  5.87124089e-06 -3.67865941e-02  5.87124089e-06  5.00000000e+00 
 5.92081723e-06  3.67865937e-01  5.92081723e-06 -3.67865939e-02  5.92081723e-06  5.00000000e+00 
 5.97039358e-06  3.67865942e-01  5.97039358e-06 -3.67865941e-02  5.97039358e-06  5.00000000e+00 
 6.01996992e-06  3.67865937e-01  6.01996992e-06 -3.67865939e-02  6.01996992e-06  5.00000000e+00 
 6.06954627e-06  3.67865942e-01  6.06954627e-06 -3.67865940e-02  6.06954627e-06  5.00000000e+00 
 6.11912262e-06  3.67865938e-01  6.11912262e-06 -3.67865940e-02  6.11912262e-06  5.00000000e+00 
 6.16869896e-06  3.67865941e-01  6.16869896e-06 -3.67865940e-02  6.16869896e-06  5.00000000e+00 
 6.21827531e-06  3.67865938e-01  6.21827531e-06 -3.67865940e-02  6.21827531e-06  5.00000000e+00 
 6.26785165e-06  3.67865941e-01  6.26785165e-06 -3.67865940e-02  6.26785165e-06  5.00000000e+00 
 6.31742800e-06  3.67865938e-01  6.31742800e-06 -3.67865940e-02  6.31742800e-06  5.00000000e+00 
 6.36700434e-06  3.67865941e-01  6.36700434e-06 -3.67865940e-02  6.36700434e-06  5.00000000e+00 
 6.41658069e-06  3.67865939e-01  6.41658069e-06 -3.67865940e-02  6.41658069e-06  5.00000000e+00 
 6.46615703e-06  3.67865941e-01  6.46615703e-06 -3.67865940e-02  6.46615703e-06  5.00000000e+00 
 6.51573338e-06  3.67865939e-01  6.51573338e-06 -3.67865940e-02  6.51573338e-06  5.00000000e+00 
 6.56530972e-06  3.67865940e-01  6.56530972e-06 -3.67865940e-02  6.56530972e-06  5.00000000e+00 
 6.61488607e-06  3.67865939e-01  6.61488607e-06 -3.67865940e-02  6.61488607e-06  5.00000000e+00 
 6.66446242e-06  3.67865940e-01  6.66446242e-06 -3.67865940e-02  6.66446242e-06  5.00000000e+00 
 6.71403876e-06  3.67865939e-01  6.71403876e-06 -3.67865940e-02  6.71403876e-06  5.00000000e+00 
 6.76361511e-06  3.67865940e-01  6.76361511e-06 -3.67865940e-02  6.76361511e-06  5.00000000e+00 
 6.81319145e-06  3.67865939e-01  6.81319145e-06 -3.67865940e-02  6.81319145e-06  5.00000000e+00 
 6.86276780e-06  3.67865940e-01  6.86276780e-06 -3.67865940e-02  6.86276780e-06  5.00000000e+00 
 6.91234414e-06  3.67865939e-01  6.91234414e-06 -3.67865940e-02  6.91234414e-06  5.00000000e+00 
 6.96192049e-06  3.67865940e-01  6.96192049e-06 -3.67865940e-02  6.96192049e-06  5.00000000e+00 
 7.01149683e-06  3.67865939e-01  7.01149683e-06 -3.67865940e-02  7.01149683e-06  5.00000000e+00 
 7.06107318e-06  3.67865940e-01  7.06107318e-06 -3.67865940e-02  7.06107318e-06  5.00000000e+00 
 7.11064952e-06  3.67865940e-01  7.11064952e-06 -3.67865940e-02  7.11064952e-06  5.00000000e+00 
 7.16022587e-06  3.67865940e-01  7.16022587e-06 -3.67865940e-02  7.16022587e-06  5.00000000e+00 
 7.20980221e-06  3.67865940e-01  7.20980221e-06 -3.67865940e-02  7.20980221e-06  5.00000000e+00 
 7.25937856e-06  3.67865940e-01  7.25937856e-06 -3.67865940e-02  7.25937856e-06  5.00000000e+00 
 7.30895491e-06  3.67865940e-01  7.30895491e-06 -3.67865940e-02  7.30895491e-06  5.00000000e+00 
 7.35853125e-06  3.67865940e-01  7.35853125e-06 -3.67865940e-02  7.35853125e-06  5.00000000e+00 
 7.40810760e-06  3.67865940e-01  7.40810760e-06 -3.67865940e-02  7.40810760e-06  5.00000000e+00 
 7.45768394e-06  3.67865940e-01  7.45768394e-06 -3.67865940e-02  7.45768394e-06  5.00000000e+00 
 7.50726029e-06  3.67865940e-01  7.50726029e-06 -3.67865940e-02  7.50726029e-06  5.00000000e+00 
 7.55683663e-06  3.67865940e-01  7.55683663e-06 -3.67865940e-02  7.55683663e-06  5.00000000e+00 
 7.60641298e-06  3.67865940e-01  7.60641298e-06 -3.67865940e-02  7.60641298e-06  5.00000000e+00 
 7.65598932e-06  3.67865940e-01  7.65598932e-06 -3.67865940e-02  7.65598932e-06  5.00000000e+00 
 7.70556567e-06  3.67865940e-01  7.70556567e-06 -3.67865940e-02  7.70556567e-06  5.00000000e+00 
 7.75514201e-06  3.67865940e-01  7.75514201e-06 -3.67865940e-02  7.75514201e-06  5.00000000e+00 
 7.80471836e-06  3.67865940e-01  7.80471836e-06 -3.67865940e-02  7.80471836e-06  5.00000000e+00 
 7.85429471e-06  3.67865940e-01  7.85429471e-06 -3.67865940e-02  7.85429471e-06  5.00000000e+00 
 7.90387105e-06  3.67865940e-01  7.90387105e-06 -3.67865940e-02  7.90387105e-06  5.00000000e+00 
 7.95344740e-06  3.67865940e-01  7.95344740e-06 -3.67865940e-02  7.95344740e-06  5.00000000e+00 
 8.00302374e-06  3.67865940e-01  8.00302374e-06 -3.67865940e-02  8.00302374e-06  5.00000000e+00 
 8.05260009e-06  3.67865940e-01  8.05260009e-06 -3.67865940e-02  8.05260009e-06  5.00000000e+00 
 8.10217643e-06  3.67865940e-01  8.10217643e-06 -3.67865940e-02  8.10217643e-06  5.00000000e+00 
 8.15175278e-06  3.67865940e-01  8.15175278e-06 -3.67865940e-02  8.15175278e-06  5.00000000e+00 
 8.20132912e-06  3.67865940e-01  8.20132912e-06 -3.67865940e-02  8.20132912e-06  5.00000000e+00 
 8.25090547e-06  3.67865940e-01  8.25090547e-06 -3.67865940e-02  8.25090547e-06  5.00000000e+00 
 8.30048181e-06  3.67865940e-01  8.30048181e-06 -3.67865940e-02  8.30048181e-06  5.00000000e+00 
 8.35005816e-06  3.67865940e-01  8.35005816e-06 -3.67865940e-02  8.35005816e-06  5.00000000e+00 
 8.39963450e-06  3.67865940e-01  8.39963450e-06 -3.67865940e-02  8.39963450e-06  5.00000000e+00 
 8.44921085e-06  3.67865940e-01  8.44921085e-06 -3.67865940e-02  8.44921085e-06  5.00000000e+00 
 8.49878720e-06  3.67865940e-01  8.49878720e-06 -3.67865940e-02  8.49878720e-06  5.00000000e+00 
 8.54836354e-06  3.67865940e-01  8.54836354e-06 -3.67865940e-02  8.54836354e-06  5.00000000e+00 
 8.59793989e-06  3.67865940e-01  8.59793989e-06 -3.67865940e-02  8.59793989e-06  5.00000000e+00 
 8.64751623e-06  3.67865940e-01  8.64751623e-06 -3.67865940e-02  8.64751623e-06  5.00000000e+00 
 8.69709258e-06  3.67865940e-01  8.69709258e-06 -3.67865940e-02  8.69709258e-06  5.00000000e+00 
 8.74666892e-06  3.67865940e-01  8.74666892e-06 -3.67865940e-02  8.74666892e-06  5.00000000e+00 
 8.79624527e-06  3.67865940e-01  8.79624527e-06 -3.67865940e-02  8.79624527e-06  5.00000000e+00 
 8.84582161e-06  3.67865940e-01  8.84582161e-06 -3.67865940e-02  8.84582161e-06  5.00000000e+00 
 8.89539796e-06  3.67865940e-01  8.89539796e-06 -3.67865940e-02  8.89539796e-06  5.00000000e+00 
 8.94497430e-06  3.67865940e-01  8.94497430e-06 -3.67865940e-02  8.94497430e-06  5.00000000e+00 
 8.99455065e-06  3.67865940e-01  8.99455065e-06 -3.67865940e-02  8.99455065e-06  5.00000000e+00 
 9.04412700e-06  3.67865940e-01  9.04412700e-06 -3.67865940e-02  9.04412700e-06  5.00000000e+00 
 9.09370334e-06  3.67865940e-01  9.09370334e-06 -3.67865940e-02  9.09370334e-06  5.00000000e+00 
 9.14327969e-06  3.67865940e-01  9.14327969e-06 -3.67865940e-02  9.14327969e-06  5.00000000e+00 
 9.19285603e-06  3.67865940e-01  9.19285603e-06 -3.67865940e-02  9.19285603e-06  5.00000000e+00 
 9.24243238e-06  3.67865940e-01  9.24243238e-06 -3.67865940e-02  9.24243238e-06  5.00000000e+00 
 9.29200872e-06  3.67865940e-01  9.29200872e-06 -3.67865940e-02  9.29200872e-06  5.00000000e+00 
 9.34158507e-06  3.67865940e-01  9.34158507e-06 -3.67865940e-02  9.34158507e-06  5.00000000e+00 
 9.39116141e-06  3.67865940e-01  9.39116141e-06 -3.67865940e-02  9.39116141e-06  5.00000000e+00 
 9.44073776e-06  3.67865940e-01  9.44073776e-06 -3.67865940e-02  9.44073776e-06  5.00000000e+00 
 9.49031410e-06  3.67865940e-01  9.49031410e-06 -3.67865940e-02  9.49031410e-06  5.00000000e+00 
 9.53989045e-06  3.67865940e-01  9.53989045e-06 -3.67865940e-02  9.53989045e-06  5.00000000e+00 
 9.58946679e-06  3.67865940e-01  9.58946679e-06 -3.67865940e-02  9.58946679e-06  5.00000000e+00 
 9.63904314e-06  3.67865940e-01  9.63904314e-06 -3.67865940e-02  9.63904314e-06  5.00000000e+00 
 9.68861949e-06  3.67865940e-01  9.68861949e-06 -3.67865940e-02  9.68861949e-06  5.00000000e+00 
 9.73819583e-06  3.67865940e-01  9.73819583e-06 -3.67865940e-02  9.73819583e-06  5.00000000e+00 
 9.78777218e-06  3.67865940e-01  9.78777218e-06 -3.67865940e-02  9.78777218e-06  5.00000000e+00 
 9.83734852e-06  3.67865940e-01  9.83734852e-06 -3.67865940e-02  9.83734852e-06  5.00000000e+00 
 9.88692487e-06  3.67865940e-01  9.88692487e-06 -3.67865940e-02  9.88692487e-06  5.00000000e+00 
 9.93650121e-06  3.67865940e-01  9.93650121e-06 -3.67865940e-02  9.93650121e-06  5.00000000e+00 
 9.98607756e-06  3.67865940e-01  9.98607756e-06 -3.67865940e-02  9.98607756e-06  5.00000000e+00 
 1.00356539e-05  3.67865940e-01  1.00356539e-05 -3.67865940e-02  1.00356539e-05  5.00000000e+00 
 1.00852302e-05  3.67865940e-01  1.00852302e-05 -3.67865940e-02  1.00852302e-05  5.00000000e+00 
 1.01348066e-05  3.67865940e-01  1.01348066e-05 -3.67865940e-02  1.01348066e-05  5.00000000e+00 
 1.01843829e-05  3.67865940e-01  1.01843829e-05 -3.67865940e-02  1.01843829e-05  5.00000000e+00 
 1.02339593e-05  3.67865940e-01  1.02339593e-05 -3.67865940e-02  1.02339593e-05  5.00000000e+00 
 1.02835356e-05  3.67865940e-01  1.02835356e-05 -3.67865940e-02  1.02835356e-05  5.00000000e+00 
 1.03331120e-05  3.67865940e-01  1.03331120e-05 -3.67865940e-02  1.03331120e-05  5.00000000e+00 
 1.03826883e-05  3.67865940e-01  1.03826883e-05 -3.67865940e-02  1.03826883e-05  5.00000000e+00 
 1.04322647e-05  3.67865940e-01  1.04322647e-05 -3.67865940e-02  1.04322647e-05  5.00000000e+00 
 1.04818410e-05  3.67865940e-01  1.04818410e-05 -3.67865940e-02  1.04818410e-05  5.00000000e+00 
 1.05314174e-05  3.67865940e-01  1.05314174e-05 -3.67865940e-02  1.05314174e-05  5.00000000e+00 
 1.05809937e-05  3.67865940e-01  1.05809937e-05 -3.67865940e-02  1.05809937e-05  5.00000000e+00 
 1.06305700e-05  3.67865940e-01  1.06305700e-05 -3.67865940e-02  1.06305700e-05  5.00000000e+00 
 1.06801464e-05  3.67865940e-01  1.06801464e-05 -3.67865940e-02  1.06801464e-05  5.00000000e+00 
 1.07297227e-05  3.67865940e-01  1.07297227e-05 -3.67865940e-02  1.07297227e-05  5.00000000e+00 
 1.07792991e-05  3.67865940e-01  1.07792991e-05 -3.67865940e-02  1.07792991e-05  5.00000000e+00 
 1.08288754e-05  3.67865940e-01  1.08288754e-05 -3.67865940e-02  1.08288754e-05  5.00000000e+00 
 1.08784518e-05  3.67865940e-01  1.08784518e-05 -3.67865940e-02  1.08784518e-05  5.00000000e+00 
 1.09280281e-05  3.67865940e-01  1.09280281e-05 -3.67865940e-02  1.09280281e-05  5.00000000e+00 
 1.09776045e-05  3.67865940e-01  1.09776045e-05 -3.67865940e-02  1.09776045e-05  5.00000000e+00 
 1.10271808e-05  3.67865940e-01  1.10271808e-05 -3.67865940e-02  1.10271808e-05  5.00000000e+00 
 1.10767572e-05  3.67865940e-01  1.10767572e-05 -3.67865940e-02  1.10767572e-05  5.00000000e+00 
 1.11263335e-05  3.67865940e-01  1.11263335e-05 -3.67865940e-02  1.11263335e-05  5.00000000e+00 
 1.11759098e-05  3.67865940e-01  1.11759098e-05 -3.67865940e-02  1.11759098e-05  5.00000000e+00 
 1.12254862e-05  3.67865940e-01  1.12254862e-05 -3.67865940e-02  1.12254862e-05  5.00000000e+00 
 1.12750625e-05  3.67865940e-01  1.12750625e-05 -3.67865940e-02  1.12750625e-05  5.00000000e+00 
 1.13246389e-05  3.67865940e-01  1.13246389e-05 -3.67865940e-02  1.13246389e-05  5.00000000e+00 
 1.13742152e-05  3.67865940e-01  1.13742152e-05 -3.67865940e-02  1.13742152e-05  5.00000000e+00 
 1.14237916e-05  3.67865940e-01  1.14237916e-05 -3.67865940e-02  1.14237916e-05  5.00000000e+00 
 1.14733679e-05  3.67865940e-01  1.14733679e-05 -3.67865940e-02  1.14733679e-05  5.00000000e+00 
 1.15229443e-05  3.67865940e-01  1.15229443e-05 -3.67865940e-02  1.15229443e-05  5.00000000e+00 
 1.15725206e-05  3.67865940e-01  1.15725206e-05 -3.67865940e-02  1.15725206e-05  5.00000000e+00 
 1.16220970e-05  3.67865940e-01  1.16220970e-05 -3.67865940e-02  1.16220970e-05  5.00000000e+00 
 1.16716733e-05  3.67865940e-01  1.16716733e-05 -3.67865940e-02  1.16716733e-05  5.00000000e+00 
 1.17212496e-05  3.67865940e-01  1.17212496e-05 -3.67865940e-02  1.17212496e-05  5.00000000e+00 
 1.17708260e-05  3.67865940e-01  1.17708260e-05 -3.67865940e-02  1.17708260e-05  5.00000000e+00 
 1.18204023e-05  3.67865940e-01  1.18204023e-05 -3.67865940e-02  1.18204023e-05  5.00000000e+00 
 1.18699787e-05  3.67865940e-01  1.18699787e-05 -3.67865940e-02  1.18699787e-05  5.00000000e+00 
 1.19195550e-05  3.67865940e-01  1.19195550e-05 -3.67865940e-02  1.19195550e-05  5.00000000e+00 
 1.19691314e-05  3.67865940e-01  1.19691314e-05 -3.67865940e-02  1.19691314e-05  5.00000000e+00 
 1.20187077e-05  3.67865940e-01  1.20187077e-05 -3.67865940e-02  1.20187077e-05  5.00000000e+00 
 1.20682841e-05  3.67865940e-01  1.20682841e-05 -3.67865940e-02  1.20682841e-05  5.00000000e+00 
 1.21178604e-05  3.67865940e-01  1.21178604e-05 -3.67865940e-02  1.21178604e-05  5.00000000e+00 
 1.21674368e-05  3.67865940e-01  1.21674368e-05 -3.67865940e-02  1.21674368e-05  5.00000000e+00 
 1.22170131e-05  3.67865940e-01  1.22170131e-05 -3.67865940e-02  1.22170131e-05  5.00000000e+00 
 1.22665894e-05  3.67865940e-01  1.22665894e-05 -3.67865940e-02  1.22665894e-05  5.00000000e+00 
 1.23161658e-05  3.67865940e-01  1.23161658e-05 -3.67865940e-02  1.23161658e-05  5.00000000e+00 
 1.23657421e-05  3.67865940e-01  1.23657421e-05 -3.67865940e-02  1.23657421e-05  5.00000000e+00 
 1.24153185e-05  3.67865940e-01  1.24153185e-05 -3.67865940e-02  1.24153185e-05  5.00000000e+00 
 1.24648948e-05  3.67865940e-01  1.24648948e-05 -3.67865940e-02  1.24648948e-05  5.00000000e+00 
 1.25144712e-05  3.67865940e-01  1.25144712e-05 -3.67865940e-02  1.25144712e-05  5.00000000e+00 
 1.25640475e-05  3.67865940e-01  1.25640475e-05 -3.67865940e-02  1.25640475e-05  5.00000000e+00 
 1.26136239e-05  3.67865940e-01  1.26136239e-05 -3.67865940e-02  1.26136239e-05  5.00000000e+00 
 1.26632002e-05  3.67865940e-01  1.26632002e-05 -3.67865940e-02  1.26632002e-05  5.00000000e+00 
 1.27127766e-05  3.67865940e-01  1.27127766e-05 -3.67865940e-02  1.27127766e-05  5.00000000e+00 
 1.27623529e-05  3.67865940e-01  1.27623529e-05 -3.67865940e-02  1.27623529e-05  5.00000000e+00 
 1.28119292e-05  3.67865940e-01  1.28119292e-05 -3.67865940e-02  1.28119292e-05  5.00000000e+00 
 1.28615056e-05  3.67865940e-01  1.28615056e-05 -3.67865940e-02  1.28615056e-05  5.00000000e+00 
 1.29110819e-05  3.67865940e-01  1.29110819e-05 -3.67865940e-02  1.29110819e-05  5.00000000e+00 
 1.29606583e-05  3.67865940e-01  1.29606583e-05 -3.67865940e-02  1.29606583e-05  5.00000000e+00 
 1.30102346e-05  3.67865940e-01  1.30102346e-05 -3.67865940e-02  1.30102346e-05  5.00000000e+00 
 1.30598110e-05  3.67865940e-01  1.30598110e-05 -3.67865940e-02  1.30598110e-05  5.00000000e+00 
 1.31093873e-05  3.67865940e-01  1.31093873e-05 -3.67865940e-02  1.31093873e-05  5.00000000e+00 
 1.31589637e-05  3.67865940e-01  1.31589637e-05 -3.67865940e-02  1.31589637e-05  5.00000000e+00 
 1.32085400e-05  3.67865940e-01  1.32085400e-05 -3.67865940e-02  1.32085400e-05  5.00000000e+00 
 1.32581164e-05  3.67865940e-01  1.32581164e-05 -3.67865940e-02  1.32581164e-05  5.00000000e+00 
 1.33076927e-05  3.67865940e-01  1.33076927e-05 -3.67865940e-02  1.33076927e-05  5.00000000e+00 
 1.33572690e-05  3.67865940e-01  1.33572690e-05 -3.67865940e-02  1.33572690e-05  5.00000000e+00 
 1.34068454e-05  3.67865940e-01  1.34068454e-05 -3.67865940e-02  1.34068454e-05  5.00000000e+00 
 1.34564217e-05  3.67865940e-01  1.34564217e-05 -3.67865940e-02  1.34564217e-05  5.00000000e+00 
 1.35059981e-05  3.67865940e-01  1.35059981e-05 -3.67865940e-02  1.35059981e-05  5.00000000e+00 
 1.35555744e-05  3.67865940e-01  1.35555744e-05 -3.67865940e-02  1.35555744e-05  5.00000000e+00 
 1.36051508e-05  3.67865940e-01  1.36051508e-05 -3.67865940e-02  1.36051508e-05  5.00000000e+00 
 1.36547271e-05  3.67865940e-01  1.36547271e-05 -3.67865940e-02  1.36547271e-05  5.00000000e+00 
 1.37043035e-05  3.67865940e-01  1.37043035e-05 -3.67865940e-02  1.37043035e-05  5.00000000e+00 
 1.37538798e-05  3.67865940e-01  1.37538798e-05 -3.67865940e-02  1.37538798e-05  5.00000000e+00 
 1.38034562e-05  3.67865940e-01  1.38034562e-05 -3.67865940e-02  1.38034562e-05  5.00000000e+00 
 1.38530325e-05  3.67865940e-01  1.38530325e-05 -3.67865940e-02  1.38530325e-05  5.00000000e+00 
 1.39026088e-05  3.67865940e-01  1.39026088e-05 -3.67865940e-02  1.39026088e-05  5.00000000e+00 
 1.39521852e-05  3.67865940e-01  1.39521852e-05 -3.67865940e-02  1.39521852e-05  5.00000000e+00 
 1.40017615e-05  3.67865940e-01  1.40017615e-05 -3.67865940e-02  1.40017615e-05  5.00000000e+00 
 1.40513379e-05  3.67865940e-01  1.40513379e-05 -3.67865940e-02  1.40513379e-05  5.00000000e+00 
 1.41009142e-05  3.67865940e-01  1.41009142e-05 -3.67865940e-02  1.41009142e-05  5.00000000e+00 
 1.41504906e-05  3.67865940e-01  1.41504906e-05 -3.67865940e-02  1.41504906e-05  5.00000000e+00 
 1.42000669e-05  3.67865940e-01  1.42000669e-05 -3.67865940e-02  1.42000669e-05  5.00000000e+00 
 1.42496433e-05  3.67865940e-01  1.42496433e-05 -3.67865940e-02  1.42496433e-05  5.00000000e+00 
 1.42992196e-05  3.67865940e-01  1.42992196e-05 -3.67865940e-02  1.42992196e-05  5.00000000e+00 
 1.43487960e-05  3.67865940e-01  1.43487960e-05 -3.67865940e-02  1.43487960e-05  5.00000000e+00 
 1.43983723e-05  3.67865940e-01  1.43983723e-05 -3.67865940e-02  1.43983723e-05  5.00000000e+00 
 1.44479486e-05  3.67865940e-01  1.44479486e-05 -3.67865940e-02  1.44479486e-05  5.00000000e+00 
 1.44975250e-05  3.67865940e-01  1.44975250e-05 -3.67865940e-02  1.44975250e-05  5.00000000e+00 
 1.45471013e-05  3.67865940e-01  1.45471013e-05 -3.67865940e-02  1.45471013e-05  5.00000000e+00 
 1.45966777e-05  3.67865940e-01  1.45966777e-05 -3.67865940e-02  1.45966777e-05  5.00000000e+00 
 1.46462540e-05  3.67865940e-01  1.46462540e-05 -3.67865940e-02  1.46462540e-05  5.00000000e+00 
 1.46958304e-05  3.67865940e-01  1.46958304e-05 -3.67865940e-02  1.46958304e-05  5.00000000e+00 
 1.47454067e-05  3.67865940e-01  1.47454067e-05 -3.67865940e-02  1.47454067e-05  5.00000000e+00 
 1.47949831e-05  3.67865940e-01  1.47949831e-05 -3.67865940e-02  1.47949831e-05  5.00000000e+00 
 1.48445594e-05  3.67865940e-01  1.48445594e-05 -3.67865940e-02  1.48445594e-05  5.00000000e+00 
 1.48941358e-05  3.67865940e-01  1.48941358e-05 -3.67865940e-02  1.48941358e-05  5.00000000e+00 
 1.49437121e-05  3.67865940e-01  1.49437121e-05 -3.67865940e-02  1.49437121e-05  5.00000000e+00 
 1.49932884e-05  3.67865940e-01  1.49932884e-05 -3.67865940e-02  1.49932884e-05  5.00000000e+00 
 1.50428648e-05  3.67865940e-01  1.50428648e-05 -3.67865940e-02  1.50428648e-05  5.00000000e+00 
 1.50924411e-05  3.67865940e-01  1.50924411e-05 -3.67865940e-02  1.50924411e-05  5.00000000e+00 
 1.51420175e-05  3.67865940e-01  1.51420175e-05 -3.67865940e-02  1.51420175e-05  5.00000000e+00 
 1.51915938e-05  3.67865940e-01  1.51915938e-05 -3.67865940e-02  1.51915938e-05  5.00000000e+00 
 1.52411702e-05  3.67865940e-01  1.52411702e-05 -3.67865940e-02  1.52411702e-05  5.00000000e+00 
 1.52907465e-05  3.67865940e-01  1.52907465e-05 -3.67865940e-02  1.52907465e-05  5.00000000e+00 
 1.53403229e-05  3.67865940e-01  1.53403229e-05 -3.67865940e-02  1.53403229e-05  5.00000000e+00 
 1.53898992e-05  3.67865940e-01  1.53898992e-05 -3.67865940e-02  1.53898992e-05  5.00000000e+00 
 1.54394756e-05  3.67865940e-01  1.54394756e-05 -3.67865940e-02  1.54394756e-05  5.00000000e+00 
 1.54890519e-05  3.67865940e-01  1.54890519e-05 -3.67865940e-02  1.54890519e-05  5.00000000e+00 
 1.55386282e-05  3.67865940e-01  1.55386282e-05 -3.67865940e-02  1.55386282e-05  5.00000000e+00 
 1.55882046e-05  3.67865940e-01  1.55882046e-05 -3.67865940e-02  1.55882046e-05  5.00000000e+00 
 1.56377809e-05  3.67865940e-01  1.56377809e-05 -3.67865940e-02  1.56377809e-05  5.00000000e+00 
 1.56873573e-05  3.67865940e-01  1.56873573e-05 -3.67865940e-02  1.56873573e-05  5.00000000e+00 
 1.57369336e-05  3.67865940e-01  1.57369336e-05 -3.67865940e-02  1.57369336e-05  5.00000000e+00 
 1.57865100e-05  3.67865940e-01  1.57865100e-05 -3.67865940e-02  1.57865100e-05  5.00000000e+00 
 1.58360863e-05  3.67865940e-01  1.58360863e-05 -3.67865940e-02  1.58360863e-05  5.00000000e+00 
 1.58856627e-05  3.67865940e-01  1.58856627e-05 -3.67865940e-02  1.58856627e-05  5.00000000e+00 
 1.59352390e-05  3.67865940e-01  1.59352390e-05 -3.67865940e-02  1.59352390e-05  5.00000000e+00 
 1.59848154e-05  3.67865940e-01  1.59848154e-05 -3.67865940e-02  1.59848154e-05  5.00000000e+00 
 1.60343917e-05  3.67865940e-01  1.60343917e-05 -3.67865940e-02  1.60343917e-05  5.00000000e+00 
 1.60839680e-05  3.67865940e-01  1.60839680e-05 -3.67865940e-02  1.60839680e-05  5.00000000e+00 
 1.61335444e-05  3.67865940e-01  1.61335444e-05 -3.67865940e-02  1.61335444e-05  5.00000000e+00 
 1.61831207e-05  3.67865940e-01  1.61831207e-05 -3.67865940e-02  1.61831207e-05  5.00000000e+00 
 1.62326971e-05  3.67865940e-01  1.62326971e-05 -3.67865940e-02  1.62326971e-05  5.00000000e+00 
 1.62822734e-05  3.67865940e-01  1.62822734e-05 -3.67865940e-02  1.62822734e-05  5.00000000e+00 
 1.63318498e-05  3.67865940e-01  1.63318498e-05 -3.67865940e-02  1.63318498e-05  5.00000000e+00 
 1.63814261e-05  3.67865940e-01  1.63814261e-05 -3.67865940e-02  1.63814261e-05  5.00000000e+00 
 1.64310025e-05  3.67865940e-01  1.64310025e-05 -3.67865940e-02  1.64310025e-05  5.00000000e+00 
 1.64805788e-05  3.67865940e-01  1.64805788e-05 -3.67865940e-02  1.64805788e-05  5.00000000e+00 
 1.65301552e-05  3.67865940e-01  1.65301552e-05 -3.67865940e-02  1.65301552e-05  5.00000000e+00 
 1.65797315e-05  3.67865940e-01  1.65797315e-05 -3.67865940e-02  1.65797315e-05  5.00000000e+00 
 1.66293078e-05  3.67865940e-01  1.66293078e-05 -3.67865940e-02  1.66293078e-05  5.00000000e+00 
 1.66788842e-05  3.67865940e-01  1.66788842e-05 -3.67865940e-02  1.66788842e-05  5.00000000e+00 
 1.67284605e-05  3.67865940e-01  1.67284605e-05 -3.67865940e-02  1.67284605e-05  5.00000000e+00 
 1.67780369e-05  3.67865940e-01  1.67780369e-05 -3.67865940e-02  1.67780369e-05  5.00000000e+00 
 1.68276132e-05  3.67865940e-01  1.68276132e-05 -3.67865940e-02  1.68276132e-05  5.00000000e+00 
 1.68771896e-05  3.67865940e-01  1.68771896e-05 -3.67865940e-02  1.68771896e-05  5.00000000e+00 
 1.69267659e-05  3.67865940e-01  1.69267659e-05 -3.67865940e-02  1.69267659e-05  5.00000000e+00 
 1.69763423e-05  3.67865940e-01  1.69763423e-05 -3.67865940e-02  1.69763423e-05  5.00000000e+00 
 1.70259186e-05  3.67865940e-01  1.70259186e-05 -3.67865940e-02  1.70259186e-05  5.00000000e+00 
 1.70754950e-05  3.67865940e-01  1.70754950e-05 -3.67865940e-02  1.70754950e-05  5.00000000e+00 
 1.71250713e-05  3.67865940e-01  1.71250713e-05 -3.67865940e-02  1.71250713e-05  5.00000000e+00 
 1.71746476e-05  3.67865940e-01  1.71746476e-05 -3.67865940e-02  1.71746476e-05  5.00000000e+00 
 1.72242240e-05  3.67865940e-01  1.72242240e-05 -3.67865940e-02  1.72242240e-05  5.00000000e+00 
 1.72738003e-05  3.67865940e-01  1.72738003e-05 -3.67865940e-02  1.72738003e-05  5.00000000e+00 
 1.73233767e-05  3.67865940e-01  1.73233767e-05 -3.67865940e-02  1.73233767e-05  5.00000000e+00 
 1.73729530e-05  3.67865940e-01  1.73729530e-05 -3.67865940e-02  1.73729530e-05  5.00000000e+00 
 1.74225294e-05  3.67865940e-01  1.74225294e-05 -3.67865940e-02  1.74225294e-05  5.00000000e+00 
 1.74721057e-05  3.67865940e-01  1.74721057e-05 -3.67865940e-02  1.74721057e-05  5.00000000e+00 
 1.75216821e-05  3.67865940e-01  1.75216821e-05 -3.67865940e-02  1.75216821e-05  5.00000000e+00 
 1.75712584e-05  3.67865940e-01  1.75712584e-05 -3.67865940e-02  1.75712584e-05  5.00000000e+00 
 1.76208348e-05  3.67865940e-01  1.76208348e-05 -3.67865940e-02  1.76208348e-05  5.00000000e+00 
 1.76704111e-05  3.67865940e-01  1.76704111e-05 -3.67865940e-02  1.76704111e-05  5.00000000e+00 
 1.77199874e-05  3.67865940e-01  1.77199874e-05 -3.67865940e-02  1.77199874e-05  5.00000000e+00 
 1.77695638e-05  3.67865940e-01  1.77695638e-05 -3.67865940e-02  1.77695638e-05  5.00000000e+00 
 1.78191401e-05  3.67865940e-01  1.78191401e-05 -3.67865940e-02  1.78191401e-05  5.00000000e+00 
 1.78687165e-05  3.67865940e-01  1.78687165e-05 -3.67865940e-02  1.78687165e-05  5.00000000e+00 
 1.79182928e-05  3.67865940e-01  1.79182928e-05 -3.67865940e-02  1.79182928e-05  5.00000000e+00 
 1.79678692e-05  3.67865940e-01  1.79678692e-05 -3.67865940e-02  1.79678692e-05  5.00000000e+00 
 1.80174455e-05  3.67865940e-01  1.80174455e-05 -3.67865940e-02  1.80174455e-05  5.00000000e+00 
 1.80670219e-05  3.67865940e-01  1.80670219e-05 -3.67865940e-02  1.80670219e-05  5.00000000e+00 
 1.81165982e-05  3.67865940e-01  1.81165982e-05 -3.67865940e-02  1.81165982e-05  5.00000000e+00 
 1.81661746e-05  3.67865940e-01  1.81661746e-05 -3.67865940e-02  1.81661746e-05  5.00000000e+00 
 1.82157509e-05  3.67865940e-01  1.82157509e-05 -3.67865940e-02  1.82157509e-05  5.00000000e+00 
 1.82653272e-05  3.67865940e-01  1.82653272e-05 -3.67865940e-02  1.82653272e-05  5.00000000e+00 
 1.83149036e-05  3.67865940e-01  1.83149036e-05 -3.67865940e-02  1.83149036e-05  5.00000000e+00 
 1.83644799e-05  3.67865940e-01  1.83644799e-05 -3.67865940e-02  1.83644799e-05  5.00000000e+00 
 1.84140563e-05  3.67865940e-01  1.84140563e-05 -3.67865940e-02  1.84140563e-05  5.00000000e+00 
 1.84636326e-05  3.67865940e-01  1.84636326e-05 -3.67865940e-02  1.84636326e-05  5.00000000e+00 
 1.85132090e-05  3.67865940e-01  1.85132090e-05 -3.67865940e-02  1.85132090e-05  5.00000000e+00 
 1.85627853e-05  3.67865940e-01  1.85627853e-05 -3.67865940e-02  1.85627853e-05  5.00000000e+00 
 1.86123617e-05  3.67865940e-01  1.86123617e-05 -3.67865940e-02  1.86123617e-05  5.00000000e+00 
 1.86619380e-05  3.67865940e-01  1.86619380e-05 -3.67865940e-02  1.86619380e-05  5.00000000e+00 
 1.87115144e-05  3.67865940e-01  1.87115144e-05 -3.67865940e-02  1.87115144e-05  5.00000000e+00 
 1.87610907e-05  3.67865940e-01  1.87610907e-05 -3.67865940e-02  1.87610907e-05  5.00000000e+00 
 1.88106670e-05  3.67865940e-01  1.88106670e-05 -3.67865940e-02  1.88106670e-05  5.00000000e+00 
 1.88602434e-05  3.67865940e-01  1.88602434e-05 -3.67865940e-02  1.88602434e-05  5.00000000e+00 
 1.89098197e-05  3.67865940e-01  1.89098197e-05 -3.67865940e-02  1.89098197e-05  5.00000000e+00 
 1.89593961e-05  3.67865940e-01  1.89593961e-05 -3.67865940e-02  1.89593961e-05  5.00000000e+00 
 1.90089724e-05  3.67865940e-01  1.90089724e-05 -3.67865940e-02  1.90089724e-05  5.00000000e+00 
 1.90585488e-05  3.67865940e-01  1.90585488e-05 -3.67865940e-02  1.90585488e-05  5.00000000e+00 
 1.91081251e-05  3.67865940e-01  1.91081251e-05 -3.67865940e-02  1.91081251e-05  5.00000000e+00 
 1.91577015e-05  3.67865940e-01  1.91577015e-05 -3.67865940e-02  1.91577015e-05  5.00000000e+00 
 1.92072778e-05  3.67865940e-01  1.92072778e-05 -3.67865940e-02  1.92072778e-05  5.00000000e+00 
 1.92568542e-05  3.67865940e-01  1.92568542e-05 -3.67865940e-02  1.92568542e-05  5.00000000e+00 
 1.93064305e-05  3.67865940e-01  1.93064305e-05 -3.67865940e-02  1.93064305e-05  5.00000000e+00 
 1.93560068e-05  3.67865940e-01  1.93560068e-05 -3.67865940e-02  1.93560068e-05  5.00000000e+00 
 1.94055832e-05  3.67865940e-01  1.94055832e-05 -3.67865940e-02  1.94055832e-05  5.00000000e+00 
 1.94551595e-05  3.67865940e-01  1.94551595e-05 -3.67865940e-02  1.94551595e-05  5.00000000e+00 
 1.95047359e-05  3.67865940e-01  1.95047359e-05 -3.67865940e-02  1.95047359e-05  5.00000000e+00 
 1.95543122e-05  3.67865940e-01  1.95543122e-05 -3.67865940e-02  1.95543122e-05  5.00000000e+00 
 1.96038886e-05  3.67865940e-01  1.96038886e-05 -3.67865940e-02  1.96038886e-05  5.00000000e+00 
 1.96534649e-05  3.67865940e-01  1.96534649e-05 -3.67865940e-02  1.96534649e-05  5.00000000e+00 
 1.97030413e-05  3.67865940e-01  1.97030413e-05 -3.67865940e-02  1.97030413e-05  5.00000000e+00 
 1.97526176e-05  3.67865940e-01  1.97526176e-05 -3.67865940e-02  1.97526176e-05  5.00000000e+00 
 1.98021940e-05  3.67865940e-01  1.98021940e-05 -3.67865940e-02  1.98021940e-05  5.00000000e+00 
 1.98517703e-05  3.67865940e-01  1.98517703e-05 -3.67865940e-02  1.98517703e-05  5.00000000e+00 
 1.99013466e-05  3.67865940e-01  1.99013466e-05 -3.67865940e-02  1.99013466e-05  5.00000000e+00 
 1.99509230e-05  3.67865940e-01  1.99509230e-05 -3.67865940e-02  1.99509230e-05  5.00000000e+00 
 2.00004993e-05  3.67865940e-01  2.00004993e-05 -3.67865940e-02  2.00004993e-05  5.00000000e+00 
 2.00500757e-05  3.67865940e-01  2.00500757e-05 -3.67865940e-02  2.00500757e-05  5.00000000e+00 
 2.00996520e-05  3.67865940e-01  2.00996520e-05 -3.67865940e-02  2.00996520e-05  5.00000000e+00 
 2.01492284e-05  3.67865940e-01  2.01492284e-05 -3.67865940e-02  2.01492284e-05  5.00000000e+00 
 2.01988047e-05  3.67865940e-01  2.01988047e-05 -3.67865940e-02  2.01988047e-05  5.00000000e+00 
 2.02483811e-05  3.67865940e-01  2.02483811e-05 -3.67865940e-02  2.02483811e-05  5.00000000e+00 
 2.02979574e-05  3.67865940e-01  2.02979574e-05 -3.67865940e-02  2.02979574e-05  5.00000000e+00 
 2.03475337e-05  3.67865940e-01  2.03475337e-05 -3.67865940e-02  2.03475337e-05  5.00000000e+00 
 2.03971101e-05  3.67865940e-01  2.03971101e-05 -3.67865940e-02  2.03971101e-05  5.00000000e+00 
 2.04466864e-05  3.67865940e-01  2.04466864e-05 -3.67865940e-02  2.04466864e-05  5.00000000e+00 
 2.04962628e-05  3.67865940e-01  2.04962628e-05 -3.67865940e-02  2.04962628e-05  5.00000000e+00 
 2.05458391e-05  3.67865940e-01  2.05458391e-05 -3.67865940e-02  2.05458391e-05  5.00000000e+00 
 2.05954155e-05  3.67865940e-01  2.05954155e-05 -3.67865940e-02  2.05954155e-05  5.00000000e+00 
 2.06449918e-05  3.67865940e-01  2.06449918e-05 -3.67865940e-02  2.06449918e-05  5.00000000e+00 
 2.06945682e-05  3.67865940e-01  2.06945682e-05 -3.67865940e-02  2.06945682e-05  5.00000000e+00 
 2.07441445e-05  3.67865940e-01  2.07441445e-05 -3.67865940e-02  2.07441445e-05  5.00000000e+00 
 2.07937209e-05  3.67865940e-01  2.07937209e-05 -3.67865940e-02  2.07937209e-05  5.00000000e+00 
 2.08432972e-05  3.67865940e-01  2.08432972e-05 -3.67865940e-02  2.08432972e-05  5.00000000e+00 
 2.08928735e-05  3.67865940e-01  2.08928735e-05 -3.67865940e-02  2.08928735e-05  5.00000000e+00 
 2.09424499e-05  3.67865940e-01  2.09424499e-05 -3.67865940e-02  2.09424499e-05  5.00000000e+00 
 2.09920262e-05  3.67865940e-01  2.09920262e-05 -3.67865940e-02  2.09920262e-05  5.00000000e+00 
 2.10416026e-05  3.67865940e-01  2.10416026e-05 -3.67865940e-02  2.10416026e-05  5.00000000e+00 
 2.10911789e-05  3.67865940e-01  2.10911789e-05 -3.67865940e-02  2.10911789e-05  5.00000000e+00 
 2.11407553e-05  3.67865940e-01  2.11407553e-05 -3.67865940e-02  2.11407553e-05  5.00000000e+00 
 2.11903316e-05  3.67865940e-01  2.11903316e-05 -3.67865940e-02  2.11903316e-05  5.00000000e+00 
 2.12399080e-05  3.67865940e-01  2.12399080e-05 -3.67865940e-02  2.12399080e-05  5.00000000e+00 
 2.12894843e-05  3.67865940e-01  2.12894843e-05 -3.67865940e-02  2.12894843e-05  5.00000000e+00 
 2.13390607e-05  3.67865940e-01  2.13390607e-05 -3.67865940e-02  2.13390607e-05  5.00000000e+00 
 2.13886370e-05  3.67865940e-01  2.13886370e-05 -3.67865940e-02  2.13886370e-05  5.00000000e+00 
 2.14382133e-05  3.67865940e-01  2.14382133e-05 -3.67865940e-02  2.14382133e-05  5.00000000e+00 
 2.14877897e-05  3.67865940e-01  2.14877897e-05 -3.67865940e-02  2.14877897e-05  5.00000000e+00 
 2.15373660e-05  3.67865940e-01  2.15373660e-05 -3.67865940e-02  2.15373660e-05  5.00000000e+00 
 2.15869424e-05  3.67865940e-01  2.15869424e-05 -3.67865940e-02  2.15869424e-05  5.00000000e+00 
 2.16365187e-05  3.67865940e-01  2.16365187e-05 -3.67865940e-02  2.16365187e-05  5.00000000e+00 
 2.16860951e-05  3.67865940e-01  2.16860951e-05 -3.67865940e-02  2.16860951e-05  5.00000000e+00 
 2.17356714e-05  3.67865940e-01  2.17356714e-05 -3.67865940e-02  2.17356714e-05  5.00000000e+00 
 2.17852478e-05  3.67865940e-01  2.17852478e-05 -3.67865940e-02  2.17852478e-05  5.00000000e+00 
 2.18348241e-05  3.67865940e-01  2.18348241e-05 -3.67865940e-02  2.18348241e-05  5.00000000e+00 
 2.18844005e-05  3.67865940e-01  2.18844005e-05 -3.67865940e-02  2.18844005e-05  5.00000000e+00 
 2.19339768e-05  3.67865940e-01  2.19339768e-05 -3.67865940e-02  2.19339768e-05  5.00000000e+00 
 2.19835531e-05  3.67865940e-01  2.19835531e-05 -3.67865940e-02  2.19835531e-05  5.00000000e+00 
 2.20331295e-05  3.67865940e-01  2.20331295e-05 -3.67865940e-02  2.20331295e-05  5.00000000e+00 
 2.20827058e-05  3.67865940e-01  2.20827058e-05 -3.67865940e-02  2.20827058e-05  5.00000000e+00 
 2.21322822e-05  3.67865940e-01  2.21322822e-05 -3.67865940e-02  2.21322822e-05  5.00000000e+00 
 2.21818585e-05  3.67865940e-01  2.21818585e-05 -3.67865940e-02  2.21818585e-05  5.00000000e+00 
 2.22314349e-05  3.67865940e-01  2.22314349e-05 -3.67865940e-02  2.22314349e-05  5.00000000e+00 
 2.22810112e-05  3.67865940e-01  2.22810112e-05 -3.67865940e-02  2.22810112e-05  5.00000000e+00 
 2.23305876e-05  3.67865940e-01  2.23305876e-05 -3.67865940e-02  2.23305876e-05  5.00000000e+00 
 2.23801639e-05  3.67865940e-01  2.23801639e-05 -3.67865940e-02  2.23801639e-05  5.00000000e+00 
 2.24297403e-05  3.67865940e-01  2.24297403e-05 -3.67865940e-02  2.24297403e-05  5.00000000e+00 
 2.24793166e-05  3.67865940e-01  2.24793166e-05 -3.67865940e-02  2.24793166e-05  5.00000000e+00 
 2.25288929e-05  3.67865940e-01  2.25288929e-05 -3.67865940e-02  2.25288929e-05  5.00000000e+00 
 2.25784693e-05  3.67865940e-01  2.25784693e-05 -3.67865940e-02  2.25784693e-05  5.00000000e+00 
 2.26280456e-05  3.67865940e-01  2.26280456e-05 -3.67865940e-02  2.26280456e-05  5.00000000e+00 
 2.26776220e-05  3.67865940e-01  2.26776220e-05 -3.67865940e-02  2.26776220e-05  5.00000000e+00 
 2.27271983e-05  3.67865940e-01  2.27271983e-05 -3.67865940e-02  2.27271983e-05  5.00000000e+00 
 2.27767747e-05  3.67865940e-01  2.27767747e-05 -3.67865940e-02  2.27767747e-05  5.00000000e+00 
 2.28263510e-05  3.67865940e-01  2.28263510e-05 -3.67865940e-02  2.28263510e-05  5.00000000e+00 
 2.28759274e-05  3.67865940e-01  2.28759274e-05 -3.67865940e-02  2.28759274e-05  5.00000000e+00 
 2.29255037e-05  3.67865940e-01  2.29255037e-05 -3.67865940e-02  2.29255037e-05  5.00000000e+00 
 2.29750801e-05  3.67865940e-01  2.29750801e-05 -3.67865940e-02  2.29750801e-05  5.00000000e+00 
 2.30246564e-05  3.67865940e-01  2.30246564e-05 -3.67865940e-02  2.30246564e-05  5.00000000e+00 
 2.30742327e-05  3.67865940e-01  2.30742327e-05 -3.67865940e-02  2.30742327e-05  5.00000000e+00 
 2.31238091e-05  3.67865940e-01  2.31238091e-05 -3.67865940e-02  2.31238091e-05  5.00000000e+00 
 2.31733854e-05  3.67865940e-01  2.31733854e-05 -3.67865940e-02  2.31733854e-05  5.00000000e+00 
 2.32229618e-05  3.67865940e-01  2.32229618e-05 -3.67865940e-02  2.32229618e-05  5.00000000e+00 
 2.32725381e-05  3.67865940e-01  2.32725381e-05 -3.67865940e-02  2.32725381e-05  5.00000000e+00 
 2.33221145e-05  3.67865940e-01  2.33221145e-05 -3.67865940e-02  2.33221145e-05  5.00000000e+00 
 2.33716908e-05  3.67865940e-01  2.33716908e-05 -3.67865940e-02  2.33716908e-05  5.00000000e+00 
 2.34212672e-05  3.67865940e-01  2.34212672e-05 -3.67865940e-02  2.34212672e-05  5.00000000e+00 
 2.34708435e-05  3.67865940e-01  2.34708435e-05 -3.67865940e-02  2.34708435e-05  5.00000000e+00 
 2.35204199e-05  3.67865940e-01  2.35204199e-05 -3.67865940e-02  2.35204199e-05  5.00000000e+00 
 2.35699962e-05  3.67865940e-01  2.35699962e-05 -3.67865940e-02  2.35699962e-05  5.00000000e+00 
 2.36195725e-05  3.67865940e-01  2.36195725e-05 -3.67865940e-02  2.36195725e-05  5.00000000e+00 
 2.36691489e-05  3.67865940e-01  2.36691489e-05 -3.67865940e-02  2.36691489e-05  5.00000000e+00 
 2.37187252e-05  3.67865940e-01  2.37187252e-05 -3.67865940e-02  2.37187252e-05  5.00000000e+00 
 2.37683016e-05  3.67865940e-01  2.37683016e-05 -3.67865940e-02  2.37683016e-05  5.00000000e+00 
 2.38178779e-05  3.67865940e-01  2.38178779e-05 -3.67865940e-02  2.38178779e-05  5.00000000e+00 
 2.38674543e-05  3.67865940e-01  2.38674543e-05 -3.67865940e-02  2.38674543e-05  5.00000000e+00 
 2.39170306e-05  3.67865940e-01  2.39170306e-05 -3.67865940e-02  2.39170306e-05  5.00000000e+00 
 2.39666070e-05  3.67865940e-01  2.39666070e-05 -3.67865940e-02  2.39666070e-05  5.00000000e+00 
 2.40161833e-05  3.67865940e-01  2.40161833e-05 -3.67865940e-02  2.40161833e-05  5.00000000e+00 
 2.40657597e-05  3.67865940e-01  2.40657597e-05 -3.67865940e-02  2.40657597e-05  5.00000000e+00 
 2.41153360e-05  3.67865940e-01  2.41153360e-05 -3.67865940e-02  2.41153360e-05  5.00000000e+00 
 2.41649123e-05  3.67865940e-01  2.41649123e-05 -3.67865940e-02  2.41649123e-05  5.00000000e+00 
 2.42144887e-05  3.67865940e-01  2.42144887e-05 -3.67865940e-02  2.42144887e-05  5.00000000e+00 
 2.42640650e-05  3.67865940e-01  2.42640650e-05 -3.67865940e-02  2.42640650e-05  5.00000000e+00 
 2.43136414e-05  3.67865940e-01  2.43136414e-05 -3.67865940e-02  2.43136414e-05  5.00000000e+00 
 2.43632177e-05  3.67865940e-01  2.43632177e-05 -3.67865940e-02  2.43632177e-05  5.00000000e+00 
 2.44127941e-05  3.67865940e-01  2.44127941e-05 -3.67865940e-02  2.44127941e-05  5.00000000e+00 
 2.44623704e-05  3.67865940e-01  2.44623704e-05 -3.67865940e-02  2.44623704e-05  5.00000000e+00 
 2.45119468e-05  3.67865940e-01  2.45119468e-05 -3.67865940e-02  2.45119468e-05  5.00000000e+00 
 2.45615231e-05  3.67865940e-01  2.45615231e-05 -3.67865940e-02  2.45615231e-05  5.00000000e+00 
 2.46110995e-05  3.67865940e-01  2.46110995e-05 -3.67865940e-02  2.46110995e-05  5.00000000e+00 
 2.46606758e-05  3.67865940e-01  2.46606758e-05 -3.67865940e-02  2.46606758e-05  5.00000000e+00 
 2.47102521e-05  3.67865940e-01  2.47102521e-05 -3.67865940e-02  2.47102521e-05  5.00000000e+00 
 2.47492124e-05  3.67865940e-01  2.47492124e-05 -3.67865940e-02  2.47492124e-05  5.00000000e+00 
 2.47881727e-05  3.67865940e-01  2.47881727e-05 -3.67865940e-02  2.47881727e-05  5.00000000e+00 
 2.47923644e-05  3.66064513e-01  2.47923644e-05 -3.65641888e-02  2.47923644e-05  4.95772468e+00 
 2.48007478e-05  3.60565113e-01  2.48007478e-05 -3.59691682e-02  2.48007478e-05  4.87317403e+00 
 2.48175147e-05  3.46711504e-01  2.48175147e-05 -3.45949233e-02  2.48175147e-05  4.70407274e+00 
 2.48510484e-05  3.18782733e-01  2.48510484e-05 -3.17895702e-02  2.48510484e-05  4.36587016e+00 
 2.49006247e-05  2.73473089e-01  2.49006247e-05 -2.72548553e-02  2.49006247e-05  3.86587016e+00 
 2.49502011e-05  2.24842267e-01  2.49502011e-05 -2.23820941e-02  2.49502011e-05  3.36587016e+00 
 2.49997774e-05  1.72959450e-01  2.49997774e-05 -1.71903585e-02  2.49997774e-05  2.86587016e+00 
 2.50493538e-05  1.20022108e-01  2.50493538e-05 -1.18958068e-02  2.50493538e-05  2.36587016e+00 
 2.50989301e-05  6.86396215e-02  2.50989301e-05 -6.76465799e-03  2.50989301e-05  1.86587016e+00 
 2.51485065e-05  2.49101196e-02  2.51485065e-05 -2.41551219e-03  2.51485065e-05  1.36587016e+00 
 2.51980828e-05  1.05695996e-03  2.51980828e-05 -8.66401847e-05  2.51980828e-05  8.65870163e-01 
 2.52410095e-05 -1.42003819e-04  2.52410095e-05  6.71156412e-09  2.52410095e-05  4.32935082e-01 
 2.52578715e-05  1.09517459e-04  2.52578715e-05 -3.16256567e-07  2.52578715e-05  2.62873598e-01 
 2.52709038e-05 -8.30348567e-05  2.52709038e-05  2.31688990e-08  2.52709038e-05  1.31436799e-01 
 2.52839362e-05  5.85294639e-05  2.52839362e-05 -3.15977044e-07  2.52839362e-05  0.00000000e+00 
 2.52843670e-05  4.05362304e-05  2.52843670e-05 -2.46095990e-11  2.52843670e-05  0.00000000e+00 
 2.52852288e-05  1.61461110e-05  2.52852288e-05 -2.46052941e-11  2.52852288e-05  0.00000000e+00 
 2.52868899e-05  1.50728904e-06  2.52868899e-05 -2.46127216e-11  2.52868899e-05  0.00000000e+00 
 2.52877587e-05  5.56445576e-07  2.52877587e-05 -2.46064426e-11  2.52877587e-05  0.00000000e+00 
 2.52886199e-05  2.91342251e-07  2.52886199e-05 -2.46146989e-11  2.52886199e-05  0.00000000e+00 
 2.52895362e-05  1.55847710e-08  2.52895362e-05 -2.46052394e-11  2.52895362e-05  0.00000000e+00 
 2.52903876e-05  1.17556951e-07  2.52903876e-05 -2.46149699e-11  2.52903876e-05  0.00000000e+00 
 2.52914438e-05 -7.42063102e-08  2.52914438e-05 -2.46056064e-11  2.52914438e-05  0.00000000e+00 
 2.52929165e-05  8.55465880e-08  2.52929165e-05 -2.46139942e-11  2.52929165e-05  0.00000000e+00 
 2.52958618e-05 -8.25732595e-08  2.52958618e-05 -2.46062949e-11  2.52958618e-05  0.00000000e+00 
 2.53017525e-05  8.13652038e-08  2.53017525e-05 -2.46133910e-11  2.53017525e-05  0.00000000e+00 
 2.53118736e-05 -8.06100980e-08  2.53118736e-05 -2.46060484e-11  2.53118736e-05  0.00000000e+00 
 2.53321159e-05  8.02366106e-08  2.53321159e-05 -2.46132892e-11  2.53321159e-05  0.00000000e+00 
 2.53726003e-05 -8.00283933e-08  2.53726003e-05 -2.46060283e-11  2.53726003e-05  0.00000000e+00 
 2.54221767e-05  7.98778325e-08  2.54221767e-05 -2.46135022e-11  2.54221767e-05  0.00000000e+00 
 2.54717530e-05 -7.97018858e-08  2.54717530e-05 -2.46063838e-11  2.54717530e-05  0.00000000e+00 
 2.55213294e-05  7.95477100e-08  2.55213294e-05 -2.46135247e-11  2.55213294e-05  0.00000000e+00 
 2.55709057e-05 -7.93680825e-08  2.55709057e-05 -2.46064235e-11  2.55709057e-05  0.00000000e+00 
 2.56204821e-05  7.92101717e-08  2.56204821e-05 -2.46134892e-11  2.56204821e-05  0.00000000e+00 
 2.56700584e-05 -7.90267591e-08  2.56700584e-05 -2.46064637e-11  2.56700584e-05  0.00000000e+00 
 2.57196348e-05  7.88650179e-08  2.57196348e-05 -2.46134534e-11  2.57196348e-05  0.00000000e+00 
 2.57692111e-05 -7.86777340e-08  2.57692111e-05 -2.46065042e-11  2.57692111e-05  0.00000000e+00 
 2.58187875e-05  7.85120850e-08  2.58187875e-05 -2.46134172e-11  2.58187875e-05  0.00000000e+00 
 2.58683638e-05 -7.83208599e-08  2.58683638e-05 -2.46065452e-11  2.58683638e-05  0.00000000e+00 
 2.59179401e-05  7.81512401e-08  2.59179401e-05 -2.46133806e-11  2.59179401e-05  0.00000000e+00 
 2.59675165e-05 -7.79560178e-08  2.59675165e-05 -2.46065867e-11  2.59675165e-05  0.00000000e+00 
 2.60170928e-05  7.77823774e-08  2.60170928e-05 -2.46133437e-11  2.60170928e-05  0.00000000e+00 
 2.60666692e-05 -7.75831137e-08  2.60666692e-05 -2.46066285e-11  2.60666692e-05  0.00000000e+00 
 2.61162455e-05  7.74054137e-08  2.61162455e-05 -2.46133065e-11  2.61162455e-05  0.00000000e+00 
 2.61658219e-05 -7.72020744e-08  2.61658219e-05 -2.46066708e-11  2.61658219e-05  0.00000000e+00 
 2.62153982e-05  7.70202854e-08  2.62153982e-05 -2.46132690e-11  2.62153982e-05  0.00000000e+00 
 2.62649746e-05 -7.68128452e-08  2.62649746e-05 -2.46067134e-11  2.62649746e-05  0.00000000e+00 
 2.63145509e-05  7.66269455e-08  2.63145509e-05 -2.46132311e-11  2.63145509e-05  0.00000000e+00 
 2.63641273e-05 -7.64153866e-08  2.63641273e-05 -2.46067565e-11  2.63641273e-05  0.00000000e+00 
 2.64137036e-05  7.62253619e-08  2.64137036e-05 -2.46131928e-11  2.64137036e-05  0.00000000e+00 
 2.64632799e-05 -7.60096727e-08  2.64632799e-05 -2.46067999e-11  2.64632799e-05  0.00000000e+00 
 2.65128563e-05  7.58155143e-08  2.65128563e-05 -2.46131543e-11  2.65128563e-05  0.00000000e+00 
 2.65624326e-05 -7.55956891e-08  2.65624326e-05 -2.46068438e-11  2.65624326e-05  0.00000000e+00 
 2.66120090e-05  7.53973936e-08  2.66120090e-05 -2.46131154e-11  2.66120090e-05  0.00000000e+00 
 2.66615853e-05 -7.51734312e-08  2.66615853e-05 -2.46068880e-11  2.66615853e-05  0.00000000e+00 
 2.67111617e-05  7.49709998e-08  2.67111617e-05 -2.46130762e-11  2.67111617e-05  0.00000000e+00 
 2.67607380e-05 -7.47429033e-08  2.67607380e-05 -2.46069326e-11  2.67607380e-05  0.00000000e+00 
 2.68103144e-05  7.45363407e-08  2.68103144e-05 -2.46130367e-11  2.68103144e-05  0.00000000e+00 
 2.68598907e-05 -7.43041168e-08  2.68598907e-05 -2.46069775e-11  2.68598907e-05  0.00000000e+00 
 2.69094671e-05  7.40934314e-08  2.69094671e-05 -2.46129968e-11  2.69094671e-05  0.00000000e+00 
 2.69590434e-05 -7.38570898e-08  2.69590434e-05 -2.46070229e-11  2.69590434e-05  0.00000000e+00 
 2.70086197e-05  7.36422928e-08  2.70086197e-05 -2.46129567e-11  2.70086197e-05  0.00000000e+00 
 2.70581961e-05 -7.34018461e-08  2.70581961e-05 -2.46070686e-11  2.70581961e-05  0.00000000e+00 
 2.71077724e-05  7.31829513e-08  2.71077724e-05 -2.46129162e-11  2.71077724e-05  0.00000000e+00 
 2.71573488e-05 -7.29384143e-08  2.71573488e-05 -2.46071146e-11  2.71573488e-05  0.00000000e+00 
 2.72069251e-05  7.27154376e-08  2.72069251e-05 -2.46128755e-11  2.72069251e-05  0.00000000e+00 
 2.72565015e-05 -7.24668274e-08  2.72565015e-05 -2.46071610e-11  2.72565015e-05  0.00000000e+00 
 2.73060778e-05  7.22397869e-08  2.73060778e-05 -2.46128344e-11  2.73060778e-05  0.00000000e+00 
 2.73556542e-05 -7.19871224e-08  2.73556542e-05 -2.46072077e-11  2.73556542e-05  0.00000000e+00 
 2.74052305e-05  7.17560377e-08  2.74052305e-05 -2.46127931e-11  2.74052305e-05  0.00000000e+00 
 2.74548068e-05 -7.14993393e-08  2.74548068e-05 -2.46072548e-11  2.74548068e-05  0.00000000e+00 
 2.75043832e-05  7.12642318e-08  2.75043832e-05 -2.46127514e-11  2.75043832e-05  0.00000000e+00 
 2.75539595e-05 -7.10035216e-08  2.75539595e-05 -2.46073022e-11  2.75539595e-05  0.00000000e+00 
 2.76035359e-05  7.07644138e-08  2.76035359e-05 -2.46127095e-11  2.76035359e-05  0.00000000e+00 
 2.76531122e-05 -7.04997151e-08  2.76531122e-05 -2.46073499e-11  2.76531122e-05  0.00000000e+00 
 2.77026886e-05  7.02566311e-08  2.77026886e-05 -2.46126673e-11  2.77026886e-05  0.00000000e+00 
 2.77522649e-05 -6.99879683e-08  2.77522649e-05 -2.46073979e-11  2.77522649e-05  0.00000000e+00 
 2.78018413e-05  6.97409330e-08  2.78018413e-05 -2.46126248e-11  2.78018413e-05  0.00000000e+00 
 2.78514176e-05 -6.94683318e-08  2.78514176e-05 -2.46074462e-11  2.78514176e-05  0.00000000e+00 
 2.79009940e-05  6.92173713e-08  2.79009940e-05 -2.46125820e-11  2.79009940e-05  0.00000000e+00 
 2.79505703e-05 -6.89408582e-08  2.79505703e-05 -2.46074948e-11  2.79505703e-05  0.00000000e+00 
 2.80001466e-05  6.86859995e-08  2.80001466e-05 -2.46125390e-11  2.80001466e-05  0.00000000e+00 
 2.80497230e-05 -6.84056018e-08  2.80497230e-05 -2.46075438e-11  2.80497230e-05  0.00000000e+00 
 2.80992993e-05  6.81468727e-08  2.80992993e-05 -2.46124957e-11  2.80992993e-05  0.00000000e+00 
 2.81488757e-05 -6.78626188e-08  2.81488757e-05 -2.46075930e-11  2.81488757e-05  0.00000000e+00 
 2.81984520e-05  6.76000480e-08  2.81984520e-05 -2.46124521e-11  2.81984520e-05  0.00000000e+00 
 2.82480284e-05 -6.73119669e-08  2.82480284e-05 -2.46076425e-11  2.82480284e-05  0.00000000e+00 
 2.82976047e-05  6.70455838e-08  2.82976047e-05 -2.46124083e-11  2.82976047e-05  0.00000000e+00 
 2.83471811e-05 -6.67537051e-08  2.83471811e-05 -2.46076922e-11  2.83471811e-05  0.00000000e+00 
 2.83967574e-05  6.64835397e-08  2.83967574e-05 -2.46123642e-11  2.83967574e-05  0.00000000e+00 
 2.84463338e-05 -6.61878939e-08  2.84463338e-05 -2.46077423e-11  2.84463338e-05  0.00000000e+00 
 2.84959101e-05  6.59139770e-08  2.84959101e-05 -2.46123198e-11  2.84959101e-05  0.00000000e+00 
 2.85454864e-05 -6.56145951e-08  2.85454864e-05 -2.46077926e-11  2.85454864e-05  0.00000000e+00 
 2.85950628e-05  6.53369579e-08  2.85950628e-05 -2.46122752e-11  2.85950628e-05  0.00000000e+00 
 2.86446391e-05 -6.50338715e-08  2.86446391e-05 -2.46078431e-11  2.86446391e-05  0.00000000e+00 
 2.86942155e-05  6.47525460e-08  2.86942155e-05 -2.46122304e-11  2.86942155e-05  0.00000000e+00 
 2.87437918e-05 -6.44457873e-08  2.87437918e-05 -2.46078939e-11  2.87437918e-05  0.00000000e+00 
 2.87933682e-05  6.41608060e-08  2.87933682e-05 -2.46121853e-11  2.87933682e-05  0.00000000e+00 
 2.88429445e-05 -6.38504077e-08  2.88429445e-05 -2.46079450e-11  2.88429445e-05  0.00000000e+00 
 2.88925209e-05  6.35618035e-08  2.88925209e-05 -2.46121400e-11  2.88925209e-05  0.00000000e+00 
 2.89420972e-05 -6.32477988e-08  2.89420972e-05 -2.46079963e-11  2.89420972e-05  0.00000000e+00 
 2.89916736e-05  6.29556052e-08  2.89916736e-05 -2.46120945e-11  2.89916736e-05  0.00000000e+00 
 2.90412499e-05 -6.26380279e-08  2.90412499e-05 -2.46080478e-11  2.90412499e-05  0.00000000e+00 
 2.90908262e-05  6.23422789e-08  2.90908262e-05 -2.46120487e-11  2.90908262e-05  0.00000000e+00 
 2.91404026e-05 -6.20211633e-08  2.91404026e-05 -2.46080995e-11  2.91404026e-05  0.00000000e+00 
 2.91899789e-05  6.17218932e-08  2.91899789e-05 -2.46120027e-11  2.91899789e-05  0.00000000e+00 
 2.92395553e-05 -6.13972739e-08  2.92395553e-05 -2.46081514e-11  2.92395553e-05  0.00000000e+00 
 2.92891316e-05  6.10945178e-08  2.92891316e-05 -2.46119565e-11  2.92891316e-05  0.00000000e+00 
 2.93387080e-05 -6.07664300e-08  2.93387080e-05 -2.46082036e-11  2.93387080e-05  0.00000000e+00 
 2.93882843e-05  6.04602232e-08  2.93882843e-05 -2.46119100e-11  2.93882843e-05  0.00000000e+00 
 2.94378607e-05 -6.01287023e-08  2.94378607e-05 -2.46082560e-11  2.94378607e-05  0.00000000e+00 
 2.94874370e-05  5.98190806e-08  2.94874370e-05 -2.46118634e-11  2.94874370e-05  0.00000000e+00 
 2.95370134e-05 -5.94841628e-08  2.95370134e-05 -2.46083085e-11  2.95370134e-05  0.00000000e+00 
 2.95865897e-05  5.91711624e-08  2.95865897e-05 -2.46118166e-11  2.95865897e-05  0.00000000e+00 
 2.96361660e-05 -5.88328840e-08  2.96361660e-05 -2.46083612e-11  2.96361660e-05  0.00000000e+00 
 2.96857424e-05  5.85165415e-08  2.96857424e-05 -2.46117695e-11  2.96857424e-05  0.00000000e+00 
 2.97353187e-05 -5.81749394e-08  2.97353187e-05 -2.46084141e-11  2.97353187e-05  0.00000000e+00 
 2.97848951e-05  5.78552919e-08  2.97848951e-05 -2.46117223e-11  2.97848951e-05  0.00000000e+00 
 2.98344714e-05 -5.75104033e-08  2.98344714e-05 -2.46084672e-11  2.98344714e-05  0.00000000e+00 
 2.98840478e-05  5.71874883e-08  2.98840478e-05 -2.46116748e-11  2.98840478e-05  0.00000000e+00 
 2.99336241e-05 -5.68393508e-08  2.99336241e-05 -2.46085205e-11  2.99336241e-05  0.00000000e+00 
 2.99832005e-05  5.65132060e-08  2.99832005e-05 -2.46116272e-11  2.99832005e-05  0.00000000e+00 
 3.00327768e-05 -5.61618576e-08  3.00327768e-05 -2.46085739e-11  3.00327768e-05  0.00000000e+00 
 3.00823532e-05  5.58325213e-08  3.00823532e-05 -2.46115794e-11  3.00823532e-05  0.00000000e+00 
 3.01319295e-05 -5.54780005e-08  3.01319295e-05 -2.46086275e-11  3.01319295e-05  0.00000000e+00 
 3.01815058e-05  5.51455111e-08  3.01815058e-05 -2.46115314e-11  3.01815058e-05  0.00000000e+00 
 3.02310822e-05 -5.47878567e-08  3.02310822e-05 -2.46086812e-11  3.02310822e-05  0.00000000e+00 
 3.02806585e-05  5.44522533e-08  3.02806585e-05 -2.46114832e-11  3.02806585e-05  0.00000000e+00 
 3.03302349e-05 -5.40915043e-08  3.03302349e-05 -2.46087350e-11  3.03302349e-05  0.00000000e+00 
 3.03798112e-05  5.37528262e-08  3.03798112e-05 -2.46114348e-11  3.03798112e-05  0.00000000e+00 
 3.04293876e-05 -5.33890221e-08  3.04293876e-05 -2.46087890e-11  3.04293876e-05  0.00000000e+00 
 3.04789639e-05  5.30473089e-08  3.04789639e-05 -2.46113863e-11  3.04789639e-05  0.00000000e+00 
 3.05285403e-05 -5.26804897e-08  3.05285403e-05 -2.46088431e-11  3.05285403e-05  0.00000000e+00 
 3.05781166e-05  5.23357815e-08  3.05781166e-05 -2.46113377e-11  3.05781166e-05  0.00000000e+00 
 3.06276930e-05 -5.19659872e-08  3.06276930e-05 -2.46088973e-11  3.06276930e-05  0.00000000e+00 
 3.06772693e-05  5.16183243e-08  3.06772693e-05 -2.46112888e-11  3.06772693e-05  0.00000000e+00 
 3.07268456e-05 -5.12455956e-08  3.07268456e-05 -2.46089516e-11  3.07268456e-05  0.00000000e+00 
 3.07764220e-05  5.08950187e-08  3.07764220e-05 -2.46112398e-11  3.07764220e-05  0.00000000e+00 
 3.08259983e-05 -5.05193964e-08  3.08259983e-05 -2.46090060e-11  3.08259983e-05  0.00000000e+00 
 3.08755747e-05  5.01659467e-08  3.08755747e-05 -2.46111907e-11  3.08755747e-05  0.00000000e+00 
 3.09251510e-05 -4.97874719e-08  3.09251510e-05 -2.46090606e-11  3.09251510e-05  0.00000000e+00 
 3.09747274e-05  4.94311906e-08  3.09747274e-05 -2.46111414e-11  3.09747274e-05  0.00000000e+00 
 3.10243037e-05 -4.90499050e-08  3.10243037e-05 -2.46091152e-11  3.10243037e-05  0.00000000e+00 
 3.10738801e-05  4.86908339e-08  3.10738801e-05 -2.46110920e-11  3.10738801e-05  0.00000000e+00 
 3.11234564e-05 -4.83067793e-08  3.11234564e-05 -2.46091699e-11  3.11234564e-05  0.00000000e+00 
 3.11730328e-05  4.79449603e-08  3.11730328e-05 -2.46110425e-11  3.11730328e-05  0.00000000e+00 
 3.12226091e-05 -4.75581789e-08  3.12226091e-05 -2.46092246e-11  3.12226091e-05  0.00000000e+00 
 3.12721854e-05  4.71936544e-08  3.12721854e-05 -2.46109928e-11  3.12721854e-05  0.00000000e+00 
 3.13217618e-05 -4.68041886e-08  3.13217618e-05 -2.46092795e-11  3.13217618e-05  0.00000000e+00 
 3.13713381e-05  4.64370013e-08  3.13713381e-05 -2.46109430e-11  3.13713381e-05  0.00000000e+00 
 3.14209145e-05 -4.60448939e-08  3.14209145e-05 -2.46093343e-11  3.14209145e-05  0.00000000e+00 
 3.14704908e-05  4.56750867e-08  3.14704908e-05 -2.46108931e-11  3.14704908e-05  0.00000000e+00 
 3.15200672e-05 -4.52803809e-08  3.15200672e-05 -2.46093893e-11  3.15200672e-05  0.00000000e+00 
 3.15696435e-05  4.49079969e-08  3.15696435e-05 -2.46108430e-11  3.15696435e-05  0.00000000e+00 
 3.16192199e-05 -4.45107360e-08  3.16192199e-05 -2.46094443e-11  3.16192199e-05  0.00000000e+00 
 3.16687962e-05  4.41358189e-08  3.16687962e-05 -2.46107929e-11  3.16687962e-05  0.00000000e+00 
 3.17183726e-05 -4.37360466e-08  3.17183726e-05 -2.46094993e-11  3.17183726e-05  0.00000000e+00 
 3.17679489e-05  4.33586401e-08  3.17679489e-05 -2.46107426e-11  3.17679489e-05  0.00000000e+00 
 3.18175252e-05 -4.29564004e-08  3.18175252e-05 -2.46095544e-11  3.18175252e-05  0.00000000e+00 
 3.18671016e-05  4.25765487e-08  3.18671016e-05 -2.46106923e-11  3.18671016e-05  0.00000000e+00 
 3.19166779e-05 -4.21718858e-08  3.19166779e-05 -2.46096094e-11  3.19166779e-05  0.00000000e+00 
 3.19662543e-05  4.17896332e-08  3.19662543e-05 -2.46106418e-11  3.19662543e-05  0.00000000e+00 
 3.20158306e-05 -4.13825916e-08  3.20158306e-05 -2.46096645e-11  3.20158306e-05  0.00000000e+00 
 3.20654070e-05  4.09979829e-08  3.20654070e-05 -2.46105913e-11  3.20654070e-05  0.00000000e+00 
 3.21149833e-05 -4.05886074e-08  3.21149833e-05 -2.46097197e-11  3.21149833e-05  0.00000000e+00 
 3.21645597e-05  4.02016873e-08  3.21645597e-05 -2.46105406e-11  3.21645597e-05  0.00000000e+00 
 3.22141360e-05 -3.97900230e-08  3.22141360e-05 -2.46097748e-11  3.22141360e-05  0.00000000e+00 
 3.22637124e-05  3.94008368e-08  3.22637124e-05 -2.46104899e-11  3.22637124e-05  0.00000000e+00 
 3.23132887e-05 -3.89869290e-08  3.23132887e-05 -2.46098299e-11  3.23132887e-05  0.00000000e+00 
 3.23628650e-05  3.85955221e-08  3.23628650e-05 -2.46104391e-11  3.23628650e-05  0.00000000e+00 
 3.24124414e-05 -3.81794164e-08  3.24124414e-05 -2.46098850e-11  3.24124414e-05  0.00000000e+00 
 3.24620177e-05  3.77858345e-08  3.24620177e-05 -2.46103883e-11  3.24620177e-05  0.00000000e+00 
 3.25115941e-05 -3.73675766e-08  3.25115941e-05 -2.46099401e-11  3.25115941e-05  0.00000000e+00 
 3.25611704e-05  3.69718658e-08  3.25611704e-05 -2.46103374e-11  3.25611704e-05  0.00000000e+00 
 3.26107468e-05 -3.65515018e-08  3.26107468e-05 -2.46099951e-11  3.26107468e-05  0.00000000e+00 
 3.26603231e-05  3.61537081e-08  3.26603231e-05 -2.46102864e-11  3.26603231e-05  0.00000000e+00 
 3.27098995e-05 -3.57312843e-08  3.27098995e-05 -2.46100502e-11  3.27098995e-05  0.00000000e+00 
 3.27594758e-05  3.53314542e-08  3.27594758e-05 -2.46102354e-11  3.27594758e-05  0.00000000e+00 
 3.28090522e-05 -3.49070172e-08  3.28090522e-05 -2.46101052e-11  3.28090522e-05  0.00000000e+00 
 3.28586285e-05  3.45051973e-08  3.28586285e-05 -2.46101843e-11  3.28586285e-05  0.00000000e+00 
 3.29082048e-05 -3.40787938e-08  3.29082048e-05 -2.46101601e-11  3.29082048e-05  0.00000000e+00 
 3.29577812e-05  3.36750309e-08  3.29577812e-05 -2.46101331e-11  3.29577812e-05  0.00000000e+00 
 3.30073575e-05 -3.32467080e-08  3.30073575e-05 -2.46102150e-11  3.30073575e-05  0.00000000e+00 
 3.30569339e-05  3.28410493e-08  3.30569339e-05 -2.46100819e-11  3.30569339e-05  0.00000000e+00 
 3.31065102e-05 -3.24108541e-08  3.31065102e-05 -2.46102698e-11  3.31065102e-05  0.00000000e+00 
 3.31560866e-05  3.20033469e-08  3.31560866e-05 -2.46100307e-11  3.31560866e-05  0.00000000e+00 
 3.32056629e-05 -3.15713268e-08  3.32056629e-05 -2.46103246e-11  3.32056629e-05  0.00000000e+00 
 3.32552393e-05  3.11620185e-08  3.32552393e-05 -2.46099795e-11  3.32552393e-05  0.00000000e+00 
 3.33048156e-05 -3.07282212e-08  3.33048156e-05 -2.46103793e-11  3.33048156e-05  0.00000000e+00 
 3.33543920e-05  3.03171597e-08  3.33543920e-05 -2.46099282e-11  3.33543920e-05  0.00000000e+00 
 3.34039683e-05 -2.98816330e-08  3.34039683e-05 -2.46104339e-11  3.34039683e-05  0.00000000e+00 
 3.34535446e-05  2.94688661e-08  3.34535446e-05 -2.46098769e-11  3.34535446e-05  0.00000000e+00 
 3.35031210e-05 -2.90316579e-08  3.35031210e-05 -2.46104884e-11  3.35031210e-05  0.00000000e+00 
 3.35526973e-05  2.86172338e-08  3.35526973e-05 -2.46098256e-11  3.35526973e-05  0.00000000e+00 
 3.36022737e-05 -2.81783925e-08  3.36022737e-05 -2.46105429e-11  3.36022737e-05  0.00000000e+00 
 3.36518500e-05  2.77623594e-08  3.36518500e-05 -2.46097743e-11  3.36518500e-05  0.00000000e+00 
 3.37014264e-05 -2.73219333e-08  3.37014264e-05 -2.46105972e-11  3.37014264e-05  0.00000000e+00 
 3.37510027e-05  2.69043398e-08  3.37510027e-05 -2.46097230e-11  3.37510027e-05  0.00000000e+00 
 3.38005791e-05 -2.64623774e-08  3.38005791e-05 -2.46106515e-11  3.38005791e-05  0.00000000e+00 
 3.38501554e-05  2.60432721e-08  3.38501554e-05 -2.46096717e-11  3.38501554e-05  0.00000000e+00 
 3.38997318e-05 -2.55998223e-08  3.38997318e-05 -2.46107056e-11  3.38997318e-05  0.00000000e+00 
 3.39493081e-05  2.51792540e-08  3.39493081e-05 -2.46096204e-11  3.39493081e-05  0.00000000e+00 
 3.39988844e-05 -2.47343656e-08  3.39988844e-05 -2.46107596e-11  3.39988844e-05  0.00000000e+00 
 3.40484608e-05  2.43123834e-08  3.40484608e-05 -2.46095691e-11  3.40484608e-05  0.00000000e+00 
 3.40980371e-05 -2.38661055e-08  3.40980371e-05 -2.46108135e-11  3.40980371e-05  0.00000000e+00 
 3.41476135e-05  2.34427585e-08  3.41476135e-05 -2.46095178e-11  3.41476135e-05  0.00000000e+00 
 3.41971898e-05 -2.29951404e-08  3.41971898e-05 -2.46108672e-11  3.41971898e-05  0.00000000e+00 
 3.42467662e-05  2.25704778e-08  3.42467662e-05 -2.46094666e-11  3.42467662e-05  0.00000000e+00 
 3.42963425e-05 -2.21215689e-08  3.42963425e-05 -2.46109208e-11  3.42963425e-05  0.00000000e+00 
 3.43459189e-05  2.16956403e-08  3.43459189e-05 -2.46094154e-11  3.43459189e-05  0.00000000e+00 
 3.43954952e-05 -2.12454901e-08  3.43954952e-05 -2.46109743e-11  3.43954952e-05  0.00000000e+00 
 3.44450716e-05  2.08183450e-08  3.44450716e-05 -2.46093642e-11  3.44450716e-05  0.00000000e+00 
 3.44946479e-05 -2.03670032e-08  3.44946479e-05 -2.46110276e-11  3.44946479e-05  0.00000000e+00 
 3.45442242e-05  1.99386915e-08  3.45442242e-05 -2.46093130e-11  3.45442242e-05  0.00000000e+00 
 3.45938006e-05 -1.94862078e-08  3.45938006e-05 -2.46110807e-11  3.45938006e-05  0.00000000e+00 
 3.46433769e-05  1.90567793e-08  3.46433769e-05 -2.46092619e-11  3.46433769e-05  0.00000000e+00 
 3.46929533e-05 -1.86032037e-08  3.46929533e-05 -2.46111337e-11  3.46929533e-05  0.00000000e+00 
 3.47425296e-05  1.81727084e-08  3.47425296e-05 -2.46092108e-11  3.47425296e-05  0.00000000e+00 
 3.47921060e-05 -1.77180910e-08  3.47921060e-05 -2.46111865e-11  3.47921060e-05  0.00000000e+00 
 3.48416823e-05  1.72865790e-08  3.48416823e-05 -2.46091598e-11  3.48416823e-05  0.00000000e+00 
 3.48912587e-05 -1.68309700e-08  3.48912587e-05 -2.46112392e-11  3.48912587e-05  0.00000000e+00 
 3.49408350e-05  1.63984915e-08  3.49408350e-05 -2.46091089e-11  3.49408350e-05  0.00000000e+00 
 3.49904114e-05 -1.59419412e-08  3.49904114e-05 -2.46112916e-11  3.49904114e-05  0.00000000e+00 
 3.50399877e-05  1.55085467e-08  3.50399877e-05 -2.46090580e-11  3.50399877e-05  0.00000000e+00 
 3.50895640e-05 -1.50511054e-08  3.50895640e-05 -2.46113439e-11  3.50895640e-05  0.00000000e+00 
 3.51391404e-05  1.46168452e-08  3.51391404e-05 -2.46090072e-11  3.51391404e-05  0.00000000e+00 
 3.51887167e-05 -1.41585635e-08  3.51887167e-05 -2.46113960e-11  3.51887167e-05  0.00000000e+00 
 3.52382931e-05  1.37234882e-08  3.52382931e-05 -2.46089565e-11  3.52382931e-05  0.00000000e+00 
 3.52878694e-05 -1.32644167e-08  3.52878694e-05 -2.46114478e-11  3.52878694e-05  0.00000000e+00 
 3.53374458e-05  1.28285769e-08  3.53374458e-05 -2.46089058e-11  3.53374458e-05  0.00000000e+00 
 3.53870221e-05 -1.23687663e-08  3.53870221e-05 -2.46114995e-11  3.53870221e-05  0.00000000e+00 
 3.54365985e-05  1.19322128e-08  3.54365985e-05 -2.46088552e-11  3.54365985e-05  0.00000000e+00 
 3.54861748e-05 -1.14717138e-08  3.54861748e-05 -2.46115510e-11  3.54861748e-05  0.00000000e+00 
 3.55357512e-05  1.10344974e-08  3.55357512e-05 -2.46088048e-11  3.55357512e-05  0.00000000e+00 
 3.55853275e-05 -1.05733609e-08  3.55853275e-05 -2.46116022e-11  3.55853275e-05  0.00000000e+00 
 3.56349038e-05  1.01355324e-08  3.56349038e-05 -2.46087544e-11  3.56349038e-05  0.00000000e+00 
 3.56844802e-05 -9.67380937e-09  3.56844802e-05 -2.46116532e-11  3.56844802e-05  0.00000000e+00 
 3.57340565e-05  9.23541979e-09  3.57340565e-05 -2.46087041e-11  3.57340565e-05  0.00000000e+00 
 3.57836329e-05 -8.77316113e-09  3.57836329e-05 -2.46117040e-11  3.57836329e-05  0.00000000e+00 
 3.58332092e-05  8.33426148e-09  3.58332092e-05 -2.46086540e-11  3.58332092e-05  0.00000000e+00 
 3.58827856e-05 -7.87151828e-09  3.58827856e-05 -2.46117545e-11  3.58827856e-05  0.00000000e+00 
 3.59323619e-05  7.43215963e-09  3.59323619e-05 -2.46086040e-11  3.59323619e-05  0.00000000e+00 
 3.59819383e-05 -6.96898299e-09  3.59819383e-05 -2.46118048e-11  3.59819383e-05  0.00000000e+00 
 3.60253666e-05  6.46527388e-09  3.60253666e-05 -2.46085505e-11  3.60253666e-05  0.00000000e+00 
 3.60503899e-05 -5.55824235e-09  3.60503899e-05 -2.46118828e-11  3.60503899e-05  0.00000000e+00 
 3.60665263e-05  4.18060805e-09  3.60665263e-05 -2.46084250e-11  3.60665263e-05  0.00000000e+00 
 3.60803872e-05 -2.54990849e-09  3.60803872e-05 -2.46120471e-11  3.60803872e-05  0.00000000e+00 
 3.60938250e-05  8.90881485e-10  3.60938250e-05 -2.46082465e-11  3.60938250e-05  0.00000000e+00 
 3.61063086e-05  9.19818543e-10  3.61063086e-05 -2.46122327e-11  3.61063086e-05  0.00000000e+00 
 3.61193951e-05 -2.62366946e-09  3.61193951e-05 -2.46080582e-11  3.61193951e-05  0.00000000e+00 
 3.61335029e-05  4.22600290e-09  3.61335029e-05 -2.46124051e-11  3.61335029e-05  0.00000000e+00 
 3.61494147e-05 -5.62318113e-09  3.61494147e-05 -2.46078989e-11  3.61494147e-05  0.00000000e+00 
 3.61686001e-05  6.80241012e-09  3.61686001e-05 -2.46125359e-11  3.61686001e-05  0.00000000e+00 
 3.61929545e-05 -7.70936520e-09  3.61929545e-05 -2.46077879e-11  3.61929545e-05  0.00000000e+00 
 3.62261269e-05  8.39513186e-09  3.62261269e-05 -2.46126140e-11  3.62261269e-05  0.00000000e+00 
 3.62750682e-05 -8.83984198e-09  3.62750682e-05 -2.46077261e-11  3.62750682e-05  0.00000000e+00 
 3.63246446e-05  9.30205977e-09  3.63246446e-05 -2.46126616e-11  3.63246446e-05  0.00000000e+00 
 3.63742209e-05 -9.74040683e-09  3.63742209e-05 -2.46076834e-11  3.63742209e-05  0.00000000e+00 
 3.64237973e-05  1.02020850e-08  3.64237973e-05 -2.46127063e-11  3.64237973e-05  0.00000000e+00 
 3.64733736e-05 -1.06398670e-08  3.64733736e-05 -2.46076368e-11  3.64733736e-05  0.00000000e+00 
 3.65229499e-05  1.11009545e-08  3.65229499e-05 -2.46127506e-11  3.65229499e-05  0.00000000e+00 
 3.65725263e-05 -1.15381204e-08  3.65725263e-05 -2.46075905e-11  3.65725263e-05  0.00000000e+00 
 3.66221026e-05  1.19985663e-08  3.66221026e-05 -2.46127946e-11  3.66221026e-05  0.00000000e+00 
 3.66716790e-05 -1.24350653e-08  3.66716790e-05 -2.46075445e-11  3.66716790e-05  0.00000000e+00 
 3.67212553e-05  1.28948188e-08  3.67212553e-05 -2.46128381e-11  3.67212553e-05  0.00000000e+00 
 3.67708317e-05 -1.33306000e-08  3.67708317e-05 -2.46074987e-11  3.67708317e-05  0.00000000e+00 
 3.68204080e-05  1.37896104e-08  3.68204080e-05 -2.46128814e-11  3.68204080e-05  0.00000000e+00 
 3.68699844e-05 -1.42246231e-08  3.68699844e-05 -2.46074531e-11  3.68699844e-05  0.00000000e+00 
 3.69195607e-05  1.46828397e-08  3.69195607e-05 -2.46129242e-11  3.69195607e-05  0.00000000e+00 
 3.69691371e-05 -1.51170333e-08  3.69691371e-05 -2.46074078e-11  3.69691371e-05  0.00000000e+00 
 3.70187134e-05  1.55744054e-08  3.70187134e-05 -2.46129667e-11  3.70187134e-05  0.00000000e+00 
 3.70682897e-05 -1.60077294e-08  3.70682897e-05 -2.46073628e-11  3.70682897e-05  0.00000000e+00 
 3.71178661e-05  1.64642065e-08  3.71178661e-05 -2.46130088e-11  3.71178661e-05  0.00000000e+00 
 3.71674424e-05 -1.68966104e-08  3.71674424e-05 -2.46073180e-11  3.71674424e-05  0.00000000e+00 
 3.72170188e-05  1.73521422e-08  3.72170188e-05 -2.46130505e-11  3.72170188e-05  0.00000000e+00 
 3.72665951e-05 -1.77835757e-08  3.72665951e-05 -2.46072735e-11  3.72665951e-05  0.00000000e+00 
 3.73161715e-05  1.82381119e-08  3.73161715e-05 -2.46130919e-11  3.73161715e-05  0.00000000e+00 
 3.73657478e-05 -1.86685247e-08  3.73657478e-05 -2.46072293e-11  3.73657478e-05  0.00000000e+00 
 3.74153242e-05  1.91220151e-08  3.74153242e-05 -2.46131328e-11  3.74153242e-05  0.00000000e+00 
 3.74649005e-05 -1.95513571e-08  3.74649005e-05 -2.46071854e-11  3.74649005e-05  0.00000000e+00 
 3.75144769e-05  2.00037517e-08  3.75144769e-05 -2.46131734e-11  3.75144769e-05  0.00000000e+00 
 3.75640532e-05 -2.04319730e-08  3.75640532e-05 -2.46071417e-11  3.75640532e-05  0.00000000e+00 
 3.76136295e-05  2.08832217e-08  3.76136295e-05 -2.46132136e-11  3.76136295e-05  0.00000000e+00 
 3.76632059e-05 -2.13102724e-08  3.76632059e-05 -2.46070984e-11  3.76632059e-05  0.00000000e+00 
 3.77127822e-05  2.17603256e-08  3.77127822e-05 -2.46132533e-11  3.77127822e-05  0.00000000e+00 
 3.77623586e-05 -2.21861559e-08  3.77623586e-05 -2.46070553e-11  3.77623586e-05  0.00000000e+00 
 3.78119349e-05  2.26349639e-08  3.78119349e-05 -2.46132927e-11  3.78119349e-05  0.00000000e+00 
 3.78615113e-05 -2.30595242e-08  3.78615113e-05 -2.46070126e-11  3.78615113e-05  0.00000000e+00 
 3.79110876e-05  2.35070374e-08  3.79110876e-05 -2.46133316e-11  3.79110876e-05  0.00000000e+00 
 3.79606640e-05 -2.39302784e-08  3.79606640e-05 -2.46069702e-11  3.79606640e-05  0.00000000e+00 
 3.80102403e-05  2.43764474e-08  3.80102403e-05 -2.46133702e-11  3.80102403e-05  0.00000000e+00 
 3.80598167e-05 -2.47983197e-08  3.80598167e-05 -2.46069280e-11  3.80598167e-05  0.00000000e+00 
 3.81093930e-05  2.52430953e-08  3.81093930e-05 -2.46134083e-11  3.81093930e-05  0.00000000e+00 
 3.81589693e-05 -2.56635497e-08  3.81589693e-05 -2.46068863e-11  3.81589693e-05  0.00000000e+00 
 3.82085457e-05  2.61068829e-08  3.82085457e-05 -2.46134460e-11  3.82085457e-05  0.00000000e+00 
 3.82581220e-05 -2.65258705e-08  3.82581220e-05 -2.46068448e-11  3.82581220e-05  0.00000000e+00 
 3.83076984e-05  2.69677124e-08  3.83076984e-05 -2.46134833e-11  3.83076984e-05  0.00000000e+00 
 3.83572747e-05 -2.73851844e-08  3.83572747e-05 -2.46068037e-11  3.83572747e-05  0.00000000e+00 
 3.84068511e-05  2.78254861e-08  3.84068511e-05 -2.46135202e-11  3.84068511e-05  0.00000000e+00 
 3.84564274e-05 -2.82413938e-08  3.84564274e-05 -2.46067629e-11  3.84564274e-05  0.00000000e+00 
 3.85060038e-05  2.86801069e-08  3.85060038e-05 -2.46135566e-11  3.85060038e-05  0.00000000e+00 
 3.85555801e-05 -2.90944018e-08  3.85555801e-05 -2.46067224e-11  3.85555801e-05  0.00000000e+00 
 3.86051565e-05  2.95314779e-08  3.86051565e-05 -2.46135926e-11  3.86051565e-05  0.00000000e+00 
 3.86547328e-05 -2.99441118e-08  3.86547328e-05 -2.46066823e-11  3.86547328e-05  0.00000000e+00 
 3.87043091e-05  3.03795027e-08  3.87043091e-05 -2.46136282e-11  3.87043091e-05  0.00000000e+00 
 3.87538855e-05 -3.07904274e-08  3.87538855e-05 -2.46066426e-11  3.87538855e-05  0.00000000e+00 
 3.88034618e-05  3.12240851e-08  3.88034618e-05 -2.46136633e-11  3.88034618e-05  0.00000000e+00 
 3.88530382e-05 -3.16332527e-08  3.88530382e-05 -2.46066032e-11  3.88530382e-05  0.00000000e+00 
 3.89026145e-05  3.20651294e-08  3.89026145e-05 -2.46136980e-11  3.89026145e-05  0.00000000e+00 
 3.89521909e-05 -3.24724923e-08  3.89521909e-05 -2.46065642e-11  3.89521909e-05  0.00000000e+00 
 3.90017672e-05  3.29025403e-08  3.90017672e-05 -2.46137322e-11  3.90017672e-05  0.00000000e+00 
 3.90513436e-05 -3.33080509e-08  3.90513436e-05 -2.46065256e-11  3.90513436e-05  0.00000000e+00 
 3.91009199e-05  3.37362229e-08  3.91009199e-05 -2.46137660e-11  3.91009199e-05  0.00000000e+00 
 3.91504963e-05 -3.41398340e-08  3.91504963e-05 -2.46064873e-11  3.91504963e-05  0.00000000e+00 
 3.92000726e-05  3.45660828e-08  3.92000726e-05 -2.46137993e-11  3.92000726e-05  0.00000000e+00 
 3.92496489e-05 -3.49677473e-08  3.92496489e-05 -2.46064494e-11  3.92496489e-05  0.00000000e+00 
 3.92992253e-05  3.53920258e-08  3.92992253e-05 -2.46138322e-11  3.92992253e-05  0.00000000e+00 
 3.93488016e-05 -3.57916968e-08  3.93488016e-05 -2.46064119e-11  3.93488016e-05  0.00000000e+00 
 3.93983780e-05  3.62139585e-08  3.93983780e-05 -2.46138646e-11  3.93983780e-05  0.00000000e+00 
 3.94479543e-05 -3.66115894e-08  3.94479543e-05 -2.46063748e-11  3.94479543e-05  0.00000000e+00 
 3.94975307e-05  3.70317876e-08  3.94975307e-05 -2.46138966e-11  3.94975307e-05  0.00000000e+00 
 3.95471070e-05 -3.74273320e-08  3.95471070e-05 -2.46063381e-11  3.95471070e-05  0.00000000e+00 
 3.95966834e-05  3.78454204e-08  3.95966834e-05 -2.46139281e-11  3.95966834e-05  0.00000000e+00 
 3.96462597e-05 -3.82388322e-08  3.96462597e-05 -2.46063018e-11  3.96462597e-05  0.00000000e+00 
 3.96958361e-05  3.86547649e-08  3.96958361e-05 -2.46139591e-11  3.96958361e-05  0.00000000e+00 
 3.97454124e-05 -3.90459980e-08  3.97454124e-05 -2.46062659e-11  3.97454124e-05  0.00000000e+00 
 3.97949887e-05  3.94597291e-08  3.97949887e-05 -2.46139897e-11  3.97949887e-05  0.00000000e+00 
 3.98445651e-05 -3.98487380e-08  3.98445651e-05 -2.46062304e-11  3.98445651e-05  0.00000000e+00 
 3.98941414e-05  4.02602220e-08  3.98941414e-05 -2.46140198e-11  3.98941414e-05  0.00000000e+00 
 3.99437178e-05 -4.06469613e-08  3.99437178e-05 -2.46061953e-11  3.99437178e-05  0.00000000e+00 
 3.99932941e-05  4.10561528e-08  3.99932941e-05 -2.46140494e-11  3.99932941e-05  0.00000000e+00 
 4.00428705e-05 -4.14405772e-08  4.00428705e-05 -2.46061606e-11  4.00428705e-05  0.00000000e+00 
 4.00924468e-05  4.18474314e-08  4.00924468e-05 -2.46140785e-11  4.00924468e-05  0.00000000e+00 
 4.01420232e-05 -4.22294960e-08  4.01420232e-05 -2.46061264e-11  4.01420232e-05  0.00000000e+00 
 4.01915995e-05  4.26339679e-08  4.01915995e-05 -2.46141072e-11  4.01915995e-05  0.00000000e+00 
 4.02411759e-05 -4.30136282e-08  4.02411759e-05 -2.46060926e-11  4.02411759e-05  0.00000000e+00 
 4.02907522e-05  4.34156734e-08  4.02907522e-05 -2.46141354e-11  4.02907522e-05  0.00000000e+00 
 4.03403285e-05 -4.37928849e-08  4.03403285e-05 -2.46060592e-11  4.03403285e-05  0.00000000e+00 
 4.03899049e-05  4.41924592e-08  4.03899049e-05 -2.46141631e-11  4.03899049e-05  0.00000000e+00 
 4.04394812e-05 -4.45671779e-08  4.04394812e-05 -2.46060262e-11  4.04394812e-05  0.00000000e+00 
 4.04890576e-05  4.49642373e-08  4.04890576e-05 -2.46141903e-11  4.04890576e-05  0.00000000e+00 
 4.05386339e-05 -4.53364193e-08  4.05386339e-05 -2.46059938e-11  4.05386339e-05  0.00000000e+00 
 4.05882103e-05  4.57309202e-08  4.05882103e-05 -2.46142170e-11  4.05882103e-05  0.00000000e+00 
 4.06377866e-05 -4.61005221e-08  4.06377866e-05 -2.46059617e-11  4.06377866e-05  0.00000000e+00 
 4.06873630e-05  4.64924210e-08  4.06873630e-05 -2.46142433e-11  4.06873630e-05  0.00000000e+00 
 4.07369393e-05 -4.68593996e-08  4.07369393e-05 -2.46059301e-11  4.07369393e-05  0.00000000e+00 
 4.07865157e-05  4.72486536e-08  4.07865157e-05 -2.46142690e-11  4.07865157e-05  0.00000000e+00 
 4.08360920e-05 -4.76129659e-08  4.08360920e-05 -2.46058990e-11  4.08360920e-05  0.00000000e+00 
 4.08856683e-05  4.79995320e-08  4.08856683e-05 -2.46142943e-11  4.08856683e-05  0.00000000e+00 
 4.09352447e-05 -4.83611354e-08  4.09352447e-05 -2.46058683e-11  4.09352447e-05  0.00000000e+00 
 4.09848210e-05  4.87449714e-08  4.09848210e-05 -2.46143190e-11  4.09848210e-05  0.00000000e+00 
 4.10343974e-05 -4.91038235e-08  4.10343974e-05 -2.46058381e-11  4.10343974e-05  0.00000000e+00 
 4.10839737e-05  4.94848871e-08  4.10839737e-05 -2.46143433e-11  4.10839737e-05  0.00000000e+00 
 4.11335501e-05 -4.98409460e-08  4.11335501e-05 -2.46058084e-11  4.11335501e-05  0.00000000e+00 
 4.11831264e-05  5.02191953e-08  4.11831264e-05 -2.46143670e-11  4.11831264e-05  0.00000000e+00 
 4.12327028e-05 -5.05724194e-08  4.12327028e-05 -2.46057791e-11  4.12327028e-05  0.00000000e+00 
 4.12822791e-05  5.09478129e-08  4.12822791e-05 -2.46143903e-11  4.12822791e-05  0.00000000e+00 
 4.13318555e-05 -5.12981607e-08  4.13318555e-05 -2.46057504e-11  4.13318555e-05  0.00000000e+00 
 4.13814318e-05  5.16706573e-08  4.13814318e-05 -2.46144130e-11  4.13814318e-05  0.00000000e+00 
 4.14310081e-05 -5.20180877e-08  4.14310081e-05 -2.46057221e-11  4.14310081e-05  0.00000000e+00 
 4.14805845e-05  5.23876464e-08  4.14805845e-05 -2.46144353e-11  4.14805845e-05  0.00000000e+00 
 4.15301608e-05 -5.27321189e-08  4.15301608e-05 -2.46056943e-11  4.15301608e-05  0.00000000e+00 
 4.15797372e-05  5.30986992e-08  4.15797372e-05 -2.46144570e-11  4.15797372e-05  0.00000000e+00 
 4.16293135e-05 -5.34401732e-08  4.16293135e-05 -2.46056670e-11  4.16293135e-05  0.00000000e+00 
 4.16788899e-05  5.38037350e-08  4.16788899e-05 -2.46144783e-11  4.16788899e-05  0.00000000e+00 
 4.17284662e-05 -5.41421706e-08  4.17284662e-05 -2.46056401e-11  4.17284662e-05  0.00000000e+00 
 4.17780426e-05  5.45026739e-08  4.17780426e-05 -2.46144990e-11  4.17780426e-05  0.00000000e+00 
 4.18276189e-05 -5.48380313e-08  4.18276189e-05 -2.46056138e-11  4.18276189e-05  0.00000000e+00 
 4.18771953e-05  5.51954366e-08  4.18771953e-05 -2.46145192e-11  4.18771953e-05  0.00000000e+00 
 4.19267716e-05 -5.55276766e-08  4.19267716e-05 -2.46055880e-11  4.19267716e-05  0.00000000e+00 
 4.19763479e-05  5.58819448e-08  4.19763479e-05 -2.46145389e-11  4.19763479e-05  0.00000000e+00 
 4.20259243e-05 -5.62110284e-08  4.20259243e-05 -2.46055627e-11  4.20259243e-05  0.00000000e+00 
 4.20755006e-05  5.65621206e-08  4.20755006e-05 -2.46145581e-11  4.20755006e-05  0.00000000e+00 
 4.21250770e-05 -5.68880091e-08  4.21250770e-05 -2.46055379e-11  4.21250770e-05  0.00000000e+00 
 4.21746533e-05  5.72358869e-08  4.21746533e-05 -2.46145768e-11  4.21746533e-05  0.00000000e+00 
 4.22242297e-05 -5.75585421e-08  4.22242297e-05 -2.46055136e-11  4.22242297e-05  0.00000000e+00 
 4.22738060e-05  5.79031674e-08  4.22738060e-05 -2.46145950e-11  4.22738060e-05  0.00000000e+00 
 4.23233824e-05 -5.82225513e-08  4.23233824e-05 -2.46054899e-11  4.23233824e-05  0.00000000e+00 
 4.23729587e-05  5.85638865e-08  4.23729587e-05 -2.46146126e-11  4.23729587e-05  0.00000000e+00 
 4.24225351e-05 -5.88799615e-08  4.24225351e-05 -2.46054667e-11  4.24225351e-05  0.00000000e+00 
 4.24721114e-05  5.92179692e-08  4.24721114e-05 -2.46146298e-11  4.24721114e-05  0.00000000e+00 
 4.25216877e-05 -5.95306983e-08  4.25216877e-05 -2.46054440e-11  4.25216877e-05  0.00000000e+00 
 4.25712641e-05  5.98653415e-08  4.25712641e-05 -2.46146464e-11  4.25712641e-05  0.00000000e+00 
 4.26208404e-05 -6.01746879e-08  4.26208404e-05 -2.46054218e-11  4.26208404e-05  0.00000000e+00 
 4.26704168e-05  6.05059299e-08  4.26704168e-05 -2.46146625e-11  4.26704168e-05  0.00000000e+00 
 4.27199931e-05 -6.08118572e-08  4.27199931e-05 -2.46054001e-11  4.27199931e-05  0.00000000e+00 
 4.27695695e-05  6.11396620e-08  4.27695695e-05 -2.46146781e-11  4.27695695e-05  0.00000000e+00 
 4.28191458e-05 -6.14421342e-08  4.28191458e-05 -2.46053791e-11  4.28191458e-05  0.00000000e+00 
 4.28687222e-05  6.17664658e-08  4.28687222e-05 -2.46146931e-11  4.28687222e-05  0.00000000e+00 
 4.29182985e-05 -6.20654473e-08  4.29182985e-05 -2.46053585e-11  4.29182985e-05  0.00000000e+00 
 4.29678749e-05  6.23862704e-08  4.29678749e-05 -2.46147077e-11  4.29678749e-05  0.00000000e+00 
 4.30174512e-05 -6.26817260e-08  4.30174512e-05 -2.46053385e-11  4.30174512e-05  0.00000000e+00 
 4.30670275e-05  6.29990056e-08  4.30670275e-05 -2.46147217e-11  4.30670275e-05  0.00000000e+00 
 4.31166039e-05 -6.32909003e-08  4.31166039e-05 -2.46053190e-11  4.31166039e-05  0.00000000e+00 
 4.31661802e-05  6.36046018e-08  4.31661802e-05 -2.46147352e-11  4.31661802e-05  0.00000000e+00 
 4.32157566e-05 -6.38929014e-08  4.32157566e-05 -2.46053001e-11  4.32157566e-05  0.00000000e+00 
 4.32653329e-05  6.42029904e-08  4.32653329e-05 -2.46147481e-11  4.32653329e-05  0.00000000e+00 
 4.33149093e-05 -6.44876608e-08  4.33149093e-05 -2.46052817e-11  4.33149093e-05  0.00000000e+00 
 4.33644856e-05  6.47941037e-08  4.33644856e-05 -2.46147606e-11  4.33644856e-05  0.00000000e+00 
 4.34140620e-05 -6.50751113e-08  4.34140620e-05 -2.46052639e-11  4.34140620e-05  0.00000000e+00 
 4.34636383e-05  6.53778747e-08  4.34636383e-05 -2.46147725e-11  4.34636383e-05  0.00000000e+00 
 4.35132147e-05 -6.56551863e-08  4.35132147e-05 -2.46052467e-11  4.35132147e-05  0.00000000e+00 
 4.35627910e-05  6.59542371e-08  4.35627910e-05 -2.46147839e-11  4.35627910e-05  0.00000000e+00 
 4.36123673e-05 -6.62278200e-08  4.36123673e-05 -2.46052300e-11  4.36123673e-05  0.00000000e+00 
 4.36619437e-05  6.65231258e-08  4.36619437e-05 -2.46147948e-11  4.36619437e-05  0.00000000e+00 
 4.37115200e-05 -6.67929476e-08  4.37115200e-05 -2.46052139e-11  4.37115200e-05  0.00000000e+00 
 4.37610964e-05  6.70844761e-08  4.37610964e-05 -2.46148051e-11  4.37610964e-05  0.00000000e+00 
 4.38106727e-05 -6.73505050e-08  4.38106727e-05 -2.46051983e-11  4.38106727e-05  0.00000000e+00 
 4.38602491e-05  6.76382246e-08  4.38602491e-05 -2.46148149e-11  4.38602491e-05  0.00000000e+00 
 4.39098254e-05 -6.79004290e-08  4.39098254e-05 -2.46051833e-11  4.39098254e-05  0.00000000e+00 
 4.39594018e-05  6.81843084e-08  4.39594018e-05 -2.46148242e-11  4.39594018e-05  0.00000000e+00 
 4.40089781e-05 -6.84426573e-08  4.40089781e-05 -2.46051689e-11  4.40089781e-05  0.00000000e+00 
 4.40585545e-05  6.87226657e-08  4.40585545e-05 -2.46148330e-11  4.40585545e-05  0.00000000e+00 
 4.41081308e-05 -6.89771285e-08  4.41081308e-05 -2.46051551e-11  4.41081308e-05  0.00000000e+00 
 4.41577071e-05  6.92532355e-08  4.41577071e-05 -2.46148413e-11  4.41577071e-05  0.00000000e+00 
 4.42072835e-05 -6.95037819e-08  4.42072835e-05 -2.46051419e-11  4.42072835e-05  0.00000000e+00 
 4.42568598e-05  6.97759576e-08  4.42568598e-05 -2.46148490e-11  4.42568598e-05  0.00000000e+00 
 4.43064362e-05 -7.00225580e-08  4.43064362e-05 -2.46051292e-11  4.43064362e-05  0.00000000e+00 
 4.43560125e-05  7.02907728e-08  4.43560125e-05 -2.46148562e-11  4.43560125e-05  0.00000000e+00 
 4.44055889e-05 -7.05333979e-08  4.44055889e-05 -2.46051171e-11  4.44055889e-05  0.00000000e+00 
 4.44551652e-05  7.07976228e-08  4.44551652e-05 -2.46148628e-11  4.44551652e-05  0.00000000e+00 
 4.45047416e-05 -7.10362437e-08  4.45047416e-05 -2.46051056e-11  4.45047416e-05  0.00000000e+00 
 4.45543179e-05  7.12964501e-08  4.45543179e-05 -2.46148690e-11  4.45543179e-05  0.00000000e+00 
 4.46038943e-05 -7.15310385e-08  4.46038943e-05 -2.46050947e-11  4.46038943e-05  0.00000000e+00 
 4.46534706e-05  7.17871982e-08  4.46534706e-05 -2.46148746e-11  4.46534706e-05  0.00000000e+00 
 4.47030469e-05 -7.20177261e-08  4.47030469e-05 -2.46050844e-11  4.47030469e-05  0.00000000e+00 
 4.47526233e-05  7.22698115e-08  4.47526233e-05 -2.46148797e-11  4.47526233e-05  0.00000000e+00 
 4.48021996e-05 -7.24962515e-08  4.48021996e-05 -2.46050747e-11  4.48021996e-05  0.00000000e+00 
 4.48517760e-05  7.27442353e-08  4.48517760e-05 -2.46148842e-11  4.48517760e-05  0.00000000e+00 
 4.49013523e-05 -7.29665604e-08  4.49013523e-05 -2.46050655e-11  4.49013523e-05  0.00000000e+00 
 4.49509287e-05  7.32104158e-08  4.49509287e-05 -2.46148883e-11  4.49509287e-05  0.00000000e+00 
 4.50005050e-05 -7.34285995e-08  4.50005050e-05 -2.46050570e-11  4.50005050e-05  0.00000000e+00 
 4.50500814e-05  7.36683003e-08  4.50500814e-05 -2.46148918e-11  4.50500814e-05  0.00000000e+00 
 4.50996577e-05 -7.38823164e-08  4.50996577e-05 -2.46050491e-11  4.50996577e-05  0.00000000e+00 
 4.51492340e-05  7.41178367e-08  4.51492340e-05 -2.46148948e-11  4.51492340e-05  0.00000000e+00 
 4.51988104e-05 -7.43276598e-08  4.51988104e-05 -2.46050417e-11  4.51988104e-05  0.00000000e+00 
 4.52483867e-05  7.45589743e-08  4.52483867e-05 -2.46148972e-11  4.52483867e-05  0.00000000e+00 
 4.52979631e-05 -7.47645791e-08  4.52979631e-05 -2.46050350e-11  4.52979631e-05  0.00000000e+00 
 4.53475394e-05  7.49916629e-08  4.53475394e-05 -2.46148992e-11  4.53475394e-05  0.00000000e+00 
 4.53971158e-05 -7.51930249e-08  4.53971158e-05 -2.46050289e-11  4.53971158e-05  0.00000000e+00 
 4.54466921e-05  7.54158536e-08  4.54466921e-05 -2.46149006e-11  4.54466921e-05  0.00000000e+00 
 4.54962685e-05 -7.56129486e-08  4.54962685e-05 -2.46050233e-11  4.54962685e-05  0.00000000e+00 
 4.55458448e-05  7.58314983e-08  4.55458448e-05 -2.46149015e-11  4.55458448e-05  0.00000000e+00 
 4.55954212e-05 -7.60243026e-08  4.55954212e-05 -2.46050184e-11  4.55954212e-05  0.00000000e+00 
 4.56449975e-05  7.62385499e-08  4.56449975e-05 -2.46149019e-11  4.56449975e-05  0.00000000e+00 
 4.56945738e-05 -7.64270403e-08  4.56945738e-05 -2.46050141e-11  4.56945738e-05  0.00000000e+00 
 4.57441502e-05  7.66369623e-08  4.57441502e-05 -2.46149017e-11  4.57441502e-05  0.00000000e+00 
 4.57937265e-05 -7.68211161e-08  4.57937265e-05 -2.46050104e-11  4.57937265e-05  0.00000000e+00 
 4.58433029e-05  7.70266902e-08  4.58433029e-05 -2.46149011e-11  4.58433029e-05  0.00000000e+00 
 4.58928792e-05 -7.72064853e-08  4.58928792e-05 -2.46050073e-11  4.58928792e-05  0.00000000e+00 
 4.59424556e-05  7.74076896e-08  4.59424556e-05 -2.46148999e-11  4.59424556e-05  0.00000000e+00 
 4.59920319e-05 -7.75831042e-08  4.59920319e-05 -2.46050048e-11  4.59920319e-05  0.00000000e+00 
 4.60416083e-05  7.77799173e-08  4.60416083e-05 -2.46148982e-11  4.60416083e-05  0.00000000e+00 
 4.60911846e-05 -7.79509302e-08  4.60911846e-05 -2.46050029e-11  4.60911846e-05  0.00000000e+00 
 4.61407610e-05  7.81433311e-08  4.61407610e-05 -2.46148960e-11  4.61407610e-05  0.00000000e+00 
 4.61903373e-05 -7.83099216e-08  4.61903373e-05 -2.46050017e-11  4.61903373e-05  0.00000000e+00 
 4.62399136e-05  7.84978898e-08  4.62399136e-05 -2.46148932e-11  4.62399136e-05  0.00000000e+00 
 4.62894900e-05 -7.86600377e-08  4.62894900e-05 -2.46050010e-11  4.62894900e-05  0.00000000e+00 
 4.63390663e-05  7.88435533e-08  4.63390663e-05 -2.46148900e-11  4.63390663e-05  0.00000000e+00 
 4.63886427e-05 -7.90012388e-08  4.63886427e-05 -2.46050010e-11  4.63886427e-05  0.00000000e+00 
 4.64382190e-05  7.91802823e-08  4.64382190e-05 -2.46148862e-11  4.64382190e-05  0.00000000e+00 
 4.64877954e-05 -7.93334863e-08  4.64877954e-05 -2.46050016e-11  4.64877954e-05  0.00000000e+00 
 4.65373717e-05  7.95080387e-08  4.65373717e-05 -2.46148819e-11  4.65373717e-05  0.00000000e+00 
 4.65869481e-05 -7.96567424e-08  4.65869481e-05 -2.46050027e-11  4.65869481e-05  0.00000000e+00 
 4.66365244e-05  7.98267854e-08  4.66365244e-05 -2.46148771e-11  4.66365244e-05  0.00000000e+00 
 4.66861008e-05 -7.99709707e-08  4.66861008e-05 -2.46050046e-11  4.66861008e-05  0.00000000e+00 
 4.67356771e-05  8.01364862e-08  4.67356771e-05 -2.46148718e-11  4.67356771e-05  0.00000000e+00 
 4.67852534e-05 -8.02761354e-08  4.67852534e-05 -2.46050070e-11  4.67852534e-05  0.00000000e+00 
 4.68348298e-05  8.04371061e-08  4.68348298e-05 -2.46148660e-11  4.68348298e-05  0.00000000e+00 
 4.68844061e-05 -8.05722021e-08  4.68844061e-05 -2.46050100e-11  4.68844061e-05  0.00000000e+00 
 4.69339825e-05  8.07286110e-08  4.69339825e-05 -2.46148597e-11  4.69339825e-05  0.00000000e+00 
 4.69835588e-05 -8.08591370e-08  4.69835588e-05 -2.46050137e-11  4.69835588e-05  0.00000000e+00 
 4.70331352e-05  8.10109679e-08  4.70331352e-05 -2.46148528e-11  4.70331352e-05  0.00000000e+00 
 4.70827115e-05 -8.11369078e-08  4.70827115e-05 -2.46050179e-11  4.70827115e-05  0.00000000e+00 
 4.71322879e-05  8.12841447e-08  4.71322879e-05 -2.46148455e-11  4.71322879e-05  0.00000000e+00 
 4.71818642e-05 -8.14054830e-08  4.71818642e-05 -2.46050228e-11  4.71818642e-05  0.00000000e+00 
 4.72314406e-05  8.15481105e-08  4.72314406e-05 -2.46148376e-11  4.72314406e-05  0.00000000e+00 
 4.72810169e-05 -8.16648321e-08  4.72810169e-05 -2.46050283e-11  4.72810169e-05  0.00000000e+00 
 4.73305932e-05  8.18028355e-08  4.73305932e-05 -2.46148293e-11  4.73305932e-05  0.00000000e+00 
 4.73801696e-05 -8.19149257e-08  4.73801696e-05 -2.46050345e-11  4.73801696e-05  0.00000000e+00 
 4.74297459e-05  8.20482906e-08  4.74297459e-05 -2.46148204e-11  4.74297459e-05  0.00000000e+00 
 4.74793223e-05 -8.21557355e-08  4.74793223e-05 -2.46050412e-11  4.74793223e-05  0.00000000e+00 
 4.75288986e-05  8.22844482e-08  4.75288986e-05 -2.46148111e-11  4.75288986e-05  0.00000000e+00 
 4.75784750e-05 -8.23872342e-08  4.75784750e-05 -2.46050485e-11  4.75784750e-05  0.00000000e+00 
 4.76280513e-05  8.25112815e-08  4.76280513e-05 -2.46148012e-11  4.76280513e-05  0.00000000e+00 
 4.76776277e-05 -8.26093956e-08  4.76776277e-05 -2.46050565e-11  4.76776277e-05  0.00000000e+00 
 4.77272040e-05  8.27287646e-08  4.77272040e-05 -2.46147908e-11  4.77272040e-05  0.00000000e+00 
 4.77767804e-05 -8.28221945e-08  4.77767804e-05 -2.46050651e-11  4.77767804e-05  0.00000000e+00 
 4.78263567e-05  8.29368732e-08  4.78263567e-05 -2.46147800e-11  4.78263567e-05  0.00000000e+00 
 4.78759330e-05 -8.30256068e-08  4.78759330e-05 -2.46050743e-11  4.78759330e-05  0.00000000e+00 
 4.79255094e-05  8.31355834e-08  4.79255094e-05 -2.46147686e-11  4.79255094e-05  0.00000000e+00 
 4.79750857e-05 -8.32196094e-08  4.79750857e-05 -2.46050841e-11  4.79750857e-05  0.00000000e+00 
 4.80246621e-05  8.33248729e-08  4.80246621e-05 -2.46147568e-11  4.80246621e-05  0.00000000e+00 
 4.80742384e-05 -8.34041804e-08  4.80742384e-05 -2.46050945e-11  4.80742384e-05  0.00000000e+00 
 4.81238148e-05  8.35047201e-08  4.81238148e-05 -2.46147444e-11  4.81238148e-05  0.00000000e+00 
 4.81733911e-05 -8.35792988e-08  4.81733911e-05 -2.46051056e-11  4.81733911e-05  0.00000000e+00 
 4.82229675e-05  8.36751047e-08  4.82229675e-05 -2.46147316e-11  4.82229675e-05  0.00000000e+00 
 4.82725438e-05 -8.37449448e-08  4.82725438e-05 -2.46051172e-11  4.82725438e-05  0.00000000e+00 
 4.83221202e-05  8.38360074e-08  4.83221202e-05 -2.46147183e-11  4.83221202e-05  0.00000000e+00 
 4.83716965e-05 -8.39010997e-08  4.83716965e-05 -2.46051295e-11  4.83716965e-05  0.00000000e+00 
 4.84212728e-05  8.39874100e-08  4.84212728e-05 -2.46147045e-11  4.84212728e-05  0.00000000e+00 
 4.84708492e-05 -8.40477457e-08  4.84708492e-05 -2.46051423e-11  4.84708492e-05  0.00000000e+00 
 4.85204255e-05  8.41292952e-08  4.85204255e-05 -2.46146902e-11  4.85204255e-05  0.00000000e+00 
 4.85700019e-05 -8.41848662e-08  4.85700019e-05 -2.46051558e-11  4.85700019e-05  0.00000000e+00 
 4.86195782e-05  8.42616471e-08  4.86195782e-05 -2.46146754e-11  4.86195782e-05  0.00000000e+00 
 4.86691546e-05 -8.43124457e-08  4.86691546e-05 -2.46051699e-11  4.86691546e-05  0.00000000e+00 
 4.87187309e-05  8.43844506e-08  4.87187309e-05 -2.46146601e-11  4.87187309e-05  0.00000000e+00 
 4.87683073e-05 -8.44304697e-08  4.87683073e-05 -2.46051845e-11  4.87683073e-05  0.00000000e+00 
 4.88178836e-05  8.44976918e-08  4.88178836e-05 -2.46146444e-11  4.88178836e-05  0.00000000e+00 
 4.88674600e-05 -8.45389249e-08  4.88674600e-05 -2.46051998e-11  4.88674600e-05  0.00000000e+00 
 4.89170363e-05  8.46013579e-08  4.89170363e-05 -2.46146282e-11  4.89170363e-05  0.00000000e+00 
 4.89666126e-05 -8.46377990e-08  4.89666126e-05 -2.46052157e-11  4.89666126e-05  0.00000000e+00 
 4.90161890e-05  8.46954371e-08  4.90161890e-05 -2.46146115e-11  4.90161890e-05  0.00000000e+00 
 4.90657653e-05 -8.47270807e-08  4.90657653e-05 -2.46052322e-11  4.90657653e-05  0.00000000e+00 
 4.91153417e-05  8.47799188e-08  4.91153417e-05 -2.46145943e-11  4.91153417e-05  0.00000000e+00 
 4.91649180e-05 -8.48067600e-08  4.91649180e-05 -2.46052493e-11  4.91649180e-05  0.00000000e+00 
 4.92144944e-05  8.48547934e-08  4.92144944e-05 -2.46145767e-11  4.92144944e-05  0.00000000e+00 
 4.92640707e-05 -8.48768245e-08  4.92640707e-05 -2.46055614e-11  4.92640707e-05  0.00000000e+00 
 4.93136471e-05  8.49200527e-08  4.93136471e-05 -2.46145586e-11  4.93136471e-05  0.00000000e+00 
 4.93632234e-05 -8.49372764e-08  4.93632234e-05 -2.46052852e-11  4.93632234e-05  0.00000000e+00 
 4.94127998e-05  8.49756887e-08  4.94127998e-05 -2.46145400e-11  4.94127998e-05  0.00000000e+00 
 4.94623761e-05 -8.49880985e-08  4.94623761e-05 -2.46053041e-11  4.94623761e-05  0.00000000e+00 
 4.95119524e-05  8.50216955e-08  4.95119524e-05 -2.46145209e-11  4.95119524e-05  0.00000000e+00 
 4.95441489e-05 -8.50387535e-08  4.95441489e-05 -2.46054237e-11  4.95441489e-05  0.00000000e+00 
 4.95763454e-05  8.50736961e-08  4.95763454e-05 -2.46144908e-11  4.95763454e-05  0.00000000e+00 
 4.95813030e-05  1.21774559e-06  4.95813030e-05  1.46349030e-07  4.95813030e-05  5.00000000e-02 
 4.95870249e-05  1.58295449e-06  4.95870249e-05  1.46344555e-07  4.95870249e-05  1.07707663e-01 
 4.95908817e-05  1.42534733e-06  4.95908817e-05  1.46335066e-07  4.95908817e-05  1.46605105e-01 
 4.95952893e-05  1.47924778e-06  4.95952893e-05  1.46304413e-07  4.95952893e-05  1.91057844e-01 
 4.96041045e-05  1.45734487e-06  4.96041045e-05  1.45939733e-07  4.96041045e-05  2.79963321e-01 
 4.96141478e-05  1.51265881e-06  4.96141478e-05  1.41453046e-07  4.96141478e-05  3.81253870e-01 
 4.96301819e-05  3.45754267e-06  4.96301819e-05 -7.70627434e-08  4.96301819e-05  5.42965704e-01 
 4.96463180e-05  5.71496306e-05  4.96463180e-05 -6.05102782e-06  4.96463180e-05  7.05705261e-01 
 4.96615355e-05  6.80241448e-04  4.96615355e-05 -7.49832207e-05  4.96615355e-05  8.59180638e-01 
 4.96780600e-05  4.03142971e-03  4.96780600e-05 -4.35183978e-04  4.96780600e-05  1.02583767e+00 
 4.96965133e-05  1.23323275e-02  4.96965133e-05 -1.28951052e-03  4.96965133e-05  1.21194756e+00 
 4.97334199e-05  3.86867579e-02  4.97334199e-05 -3.95360318e-03  4.97334199e-05  1.58416733e+00 
 4.97829962e-05  8.54413834e-02  4.97829962e-05 -8.64624684e-03  4.97829962e-05  2.08416733e+00 
 4.98325726e-05  1.37461455e-01  4.98325726e-05 -1.38523263e-02  4.98325726e-05  2.58416733e+00 
 4.98821489e-05  1.90162515e-01  4.98821489e-05 -1.91210981e-02  4.98821489e-05  3.08416733e+00 
 4.99317252e-05  2.40965689e-01  4.99317252e-05 -2.41950759e-02  4.99317252e-05  3.58416733e+00 
 4.99813016e-05  2.88583408e-01  4.99813016e-05 -2.89503127e-02  4.99813016e-05  4.08416733e+00 
 5.00267052e-05  3.28823105e-01  5.00267052e-05 -3.29659488e-02  5.00267052e-05  4.54208366e+00 
 5.00721089e-05  3.65680456e-01  5.00721089e-05 -3.66450949e-02  5.00721089e-05  5.00000000e+00 
 5.00763040e-05  3.67111631e-01  5.00763040e-05 -3.67451545e-02  5.00763040e-05  5.00000000e+00 
 5.00846943e-05  3.68138230e-01  5.00846943e-05 -3.68042295e-02  5.00846943e-05  5.00000000e+00 
 5.01014749e-05  3.67703196e-01  5.01014749e-05 -3.67747465e-02  5.01014749e-05  5.00000000e+00 
 5.01343232e-05  3.67986640e-01  5.01343232e-05 -3.67959563e-02  5.01343232e-05  5.00000000e+00 
 5.01838995e-05  3.67766052e-01  5.01838995e-05 -3.67784268e-02  5.01838995e-05  5.00000000e+00 
 5.02334759e-05  3.67947293e-01  5.02334759e-05 -3.67936358e-02  5.02334759e-05  5.00000000e+00 
 5.02830522e-05  3.67799949e-01  5.02830522e-05 -3.67804968e-02  5.02830522e-05  5.00000000e+00 
 5.03326286e-05  3.67918717e-01  5.03326286e-05 -3.67918466e-02  5.03326286e-05  5.00000000e+00 
 5.03822049e-05  3.67824144e-01  5.03822049e-05 -3.67820601e-02  5.03822049e-05  5.00000000e+00 
 5.04317813e-05  3.67898388e-01  5.04317813e-05 -3.67904909e-02  5.04317813e-05  5.00000000e+00 
 5.04813576e-05  3.67841227e-01  5.04813576e-05 -3.67832415e-02  5.04813576e-05  5.00000000e+00 
 5.05309340e-05  3.67884142e-01  5.05309340e-05 -3.67894672e-02  5.05309340e-05  5.00000000e+00 
 5.05805103e-05  3.67853085e-01  5.05805103e-05 -3.67841314e-02  5.05805103e-05  5.00000000e+00 
 5.06300866e-05  3.67874353e-01  5.06300866e-05 -3.67886973e-02  5.06300866e-05  5.00000000e+00 
 5.06796630e-05  3.67861134e-01  5.06796630e-05 -3.67847989e-02  5.06796630e-05  5.00000000e+00 
 5.07292393e-05  3.67867800e-01  5.07292393e-05 -3.67881207e-02  5.07292393e-05  5.00000000e+00 
 5.07788157e-05  3.67866432e-01  5.07788157e-05 -3.67852976e-02  5.07788157e-05  5.00000000e+00 
 5.08283920e-05  3.67863573e-01  5.08283920e-05 -3.67876909e-02  5.08283920e-05  5.00000000e+00 
 5.08779684e-05  3.67869763e-01  5.08779684e-05 -3.67856681e-02  5.08779684e-05  5.00000000e+00 
 5.09275447e-05  3.67860998e-01  5.09275447e-05 -3.67873723e-02  5.09275447e-05  5.00000000e+00 
 5.09771211e-05  3.67871709e-01  5.09771211e-05 -3.67859419e-02  5.09771211e-05  5.00000000e+00 
 5.10266974e-05  3.67859578e-01  5.10266974e-05 -3.67871377e-02  5.10266974e-05  5.00000000e+00 
 5.10762738e-05  3.67872695e-01  5.10762738e-05 -3.67861429e-02  5.10762738e-05  5.00000000e+00 
 5.11258501e-05  3.67858950e-01  5.11258501e-05 -3.67869660e-02  5.11258501e-05  5.00000000e+00 
 5.11754264e-05  3.67873032e-01  5.11754264e-05 -3.67862892e-02  5.11754264e-05  5.00000000e+00 
 5.12250028e-05  3.67858849e-01  5.12250028e-05 -3.67868416e-02  5.12250028e-05  5.00000000e+00 
 5.12745791e-05  3.67872945e-01  5.12745791e-05 -3.67863947e-02  5.12745791e-05  5.00000000e+00 
 5.13241555e-05  3.67859086e-01  5.13241555e-05 -3.67867524e-02  5.13241555e-05  5.00000000e+00 
 5.13737318e-05  3.67872592e-01  5.13737318e-05 -3.67864700e-02  5.13737318e-05  5.00000000e+00 
 5.14233082e-05  3.67859527e-01  5.14233082e-05 -3.67866892e-02  5.14233082e-05  5.00000000e+00 
 5.14728845e-05  3.67872086e-01  5.14728845e-05 -3.67865228e-02  5.14728845e-05  5.00000000e+00 
 5.15224609e-05  3.67860078e-01  5.15224609e-05 -3.67866452e-02  5.15224609e-05  5.00000000e+00 
 5.15720372e-05  3.67871505e-01  5.15720372e-05 -3.67865593e-02  5.15720372e-05  5.00000000e+00 
 5.16216136e-05  3.67860676e-01  5.16216136e-05 -3.67866151e-02  5.16216136e-05  5.00000000e+00 
 5.16711899e-05  3.67870901e-01  5.16711899e-05 -3.67865839e-02  5.16711899e-05  5.00000000e+00 
 5.17207662e-05  3.67861277e-01  5.17207662e-05 -3.67865952e-02  5.17207662e-05  5.00000000e+00 
 5.17703426e-05  3.67870309e-01  5.17703426e-05 -3.67865999e-02  5.17703426e-05  5.00000000e+00 
 5.18199189e-05  3.67861856e-01  5.18199189e-05 -3.67865826e-02  5.18199189e-05  5.00000000e+00 
 5.18694953e-05  3.67869748e-01  5.18694953e-05 -3.67866097e-02  5.18694953e-05  5.00000000e+00 
 5.19190716e-05  3.67862396e-01  5.19190716e-05 -3.67865750e-02  5.19190716e-05  5.00000000e+00 
 5.19686480e-05  3.67869231e-01  5.19686480e-05 -3.67866153e-02  5.19686480e-05  5.00000000e+00 
 5.20182243e-05  3.67862888e-01  5.20182243e-05 -3.67865711e-02  5.20182243e-05  5.00000000e+00 
 5.20678007e-05  3.67868765e-01  5.20678007e-05 -3.67866179e-02  5.20678007e-05  5.00000000e+00 
 5.21173770e-05  3.67863329e-01  5.21173770e-05 -3.67865695e-02  5.21173770e-05  5.00000000e+00 
 5.21669534e-05  3.67868350e-01  5.21669534e-05 -3.67866186e-02  5.21669534e-05  5.00000000e+00 
 5.22165297e-05  3.67863718e-01  5.22165297e-05 -3.67865696e-02  5.22165297e-05  5.00000000e+00 
 5.22661060e-05  3.67867984e-01  5.22661060e-05 -3.67866179e-02  5.22661060e-05  5.00000000e+00 
 5.23156824e-05  3.67864060e-01  5.23156824e-05 -3.67865707e-02  5.23156824e-05  5.00000000e+00 
 5.23652587e-05  3.67867667e-01  5.23652587e-05 -3.67866165e-02  5.23652587e-05  5.00000000e+00 
 5.24148351e-05  3.67864355e-01  5.24148351e-05 -3.67865724e-02  5.24148351e-05  5.00000000e+00 
 5.24644114e-05  3.67867392e-01  5.24644114e-05 -3.67866147e-02  5.24644114e-05  5.00000000e+00 
 5.25139878e-05  3.67864610e-01  5.25139878e-05 -3.67865743e-02  5.25139878e-05  5.00000000e+00 
 5.25635641e-05  3.67867157e-01  5.25635641e-05 -3.67866126e-02  5.25635641e-05  5.00000000e+00 
 5.26131405e-05  3.67864827e-01  5.26131405e-05 -3.67865764e-02  5.26131405e-05  5.00000000e+00 
 5.26627168e-05  3.67866956e-01  5.26627168e-05 -3.67866105e-02  5.26627168e-05  5.00000000e+00 
 5.27122932e-05  3.67865012e-01  5.27122932e-05 -3.67865785e-02  5.27122932e-05  5.00000000e+00 
 5.27618695e-05  3.67866786e-01  5.27618695e-05 -3.67866085e-02  5.27618695e-05  5.00000000e+00 
 5.28114458e-05  3.67865168e-01  5.28114458e-05 -3.67865805e-02  5.28114458e-05  5.00000000e+00 
 5.28610222e-05  3.67866643e-01  5.28610222e-05 -3.67866066e-02  5.28610222e-05  5.00000000e+00 
 5.29105985e-05  3.67865300e-01  5.29105985e-05 -3.67865823e-02  5.29105985e-05  5.00000000e+00 
 5.29601749e-05  3.67866522e-01  5.29601749e-05 -3.67866049e-02  5.29601749e-05  5.00000000e+00 
 5.30097512e-05  3.67865410e-01  5.30097512e-05 -3.67865839e-02  5.30097512e-05  5.00000000e+00 
 5.30593276e-05  3.67866421e-01  5.30593276e-05 -3.67866033e-02  5.30593276e-05  5.00000000e+00 
 5.31089039e-05  3.67865503e-01  5.31089039e-05 -3.67865854e-02  5.31089039e-05  5.00000000e+00 
 5.31584803e-05  3.67866336e-01  5.31584803e-05 -3.67866019e-02  5.31584803e-05  5.00000000e+00 
 5.32080566e-05  3.67865580e-01  5.32080566e-05 -3.67865867e-02  5.32080566e-05  5.00000000e+00 
 5.32576330e-05  3.67866266e-01  5.32576330e-05 -3.67866007e-02  5.32576330e-05  5.00000000e+00 
 5.33072093e-05  3.67865644e-01  5.33072093e-05 -3.67865878e-02  5.33072093e-05  5.00000000e+00 
 5.33567856e-05  3.67866208e-01  5.33567856e-05 -3.67865997e-02  5.33567856e-05  5.00000000e+00 
 5.34063620e-05  3.67865697e-01  5.34063620e-05 -3.67865888e-02  5.34063620e-05  5.00000000e+00 
 5.34559383e-05  3.67866159e-01  5.34559383e-05 -3.67865988e-02  5.34559383e-05  5.00000000e+00 
 5.35055147e-05  3.67865741e-01  5.35055147e-05 -3.67865896e-02  5.35055147e-05  5.00000000e+00 
 5.35550910e-05  3.67866120e-01  5.35550910e-05 -3.67865980e-02  5.35550910e-05  5.00000000e+00 
 5.36046674e-05  3.67865777e-01  5.36046674e-05 -3.67865903e-02  5.36046674e-05  5.00000000e+00 
 5.36542437e-05  3.67866087e-01  5.36542437e-05 -3.67865973e-02  5.36542437e-05  5.00000000e+00 
 5.37038201e-05  3.67865807e-01  5.37038201e-05 -3.67865910e-02  5.37038201e-05  5.00000000e+00 
 5.37533964e-05  3.67866060e-01  5.37533964e-05 -3.67865968e-02  5.37533964e-05  5.00000000e+00 
 5.38029728e-05  3.67865831e-01  5.38029728e-05 -3.67865915e-02  5.38029728e-05  5.00000000e+00 
 5.38525491e-05  3.67866037e-01  5.38525491e-05 -3.67865963e-02  5.38525491e-05  5.00000000e+00 
 5.39021254e-05  3.67865852e-01  5.39021254e-05 -3.67865919e-02  5.39021254e-05  5.00000000e+00 
 5.39517018e-05  3.67866019e-01  5.39517018e-05 -3.67865959e-02  5.39517018e-05  5.00000000e+00 
 5.40012781e-05  3.67865868e-01  5.40012781e-05 -3.67865923e-02  5.40012781e-05  5.00000000e+00 
 5.40508545e-05  3.67866004e-01  5.40508545e-05 -3.67865956e-02  5.40508545e-05  5.00000000e+00 
 5.41004308e-05  3.67865881e-01  5.41004308e-05 -3.67865926e-02  5.41004308e-05  5.00000000e+00 
 5.41500072e-05  3.67865992e-01  5.41500072e-05 -3.67865953e-02  5.41500072e-05  5.00000000e+00 
 5.41995835e-05  3.67865892e-01  5.41995835e-05 -3.67865928e-02  5.41995835e-05  5.00000000e+00 
 5.42491599e-05  3.67865982e-01  5.42491599e-05 -3.67865951e-02  5.42491599e-05  5.00000000e+00 
 5.42987362e-05  3.67865901e-01  5.42987362e-05 -3.67865930e-02  5.42987362e-05  5.00000000e+00 
 5.43483126e-05  3.67865974e-01  5.43483126e-05 -3.67865949e-02  5.43483126e-05  5.00000000e+00 
 5.43978889e-05  3.67865909e-01  5.43978889e-05 -3.67865932e-02  5.43978889e-05  5.00000000e+00 
 5.44474652e-05  3.67865968e-01  5.44474652e-05 -3.67865947e-02  5.44474652e-05  5.00000000e+00 
 5.44970416e-05  3.67865915e-01  5.44970416e-05 -3.67865933e-02  5.44970416e-05  5.00000000e+00 
 5.45466179e-05  3.67865962e-01  5.45466179e-05 -3.67865946e-02  5.45466179e-05  5.00000000e+00 
 5.45961943e-05  3.67865919e-01  5.45961943e-05 -3.67865935e-02  5.45961943e-05  5.00000000e+00 
 5.46457706e-05  3.67865958e-01  5.46457706e-05 -3.67865945e-02  5.46457706e-05  5.00000000e+00 
 5.46953470e-05  3.67865923e-01  5.46953470e-05 -3.67865936e-02  5.46953470e-05  5.00000000e+00 
 5.47449233e-05  3.67865954e-01  5.47449233e-05 -3.67865944e-02  5.47449233e-05  5.00000000e+00 
 5.47944997e-05  3.67865927e-01  5.47944997e-05 -3.67865936e-02  5.47944997e-05  5.00000000e+00 
 5.48440760e-05  3.67865952e-01  5.48440760e-05 -3.67865943e-02  5.48440760e-05  5.00000000e+00 
 5.48936524e-05  3.67865929e-01  5.48936524e-05 -3.67865937e-02  5.48936524e-05  5.00000000e+00 
 5.49432287e-05  3.67865949e-01  5.49432287e-05 -3.67865943e-02  5.49432287e-05  5.00000000e+00 
 5.49928050e-05  3.67865931e-01  5.49928050e-05 -3.67865938e-02  5.49928050e-05  5.00000000e+00 
 5.50423814e-05  3.67865947e-01  5.50423814e-05 -3.67865942e-02  5.50423814e-05  5.00000000e+00 
 5.50919577e-05  3.67865933e-01  5.50919577e-05 -3.67865938e-02  5.50919577e-05  5.00000000e+00 
 5.51415341e-05  3.67865946e-01  5.51415341e-05 -3.67865942e-02  5.51415341e-05  5.00000000e+00 
 5.51911104e-05  3.67865934e-01  5.51911104e-05 -3.67865938e-02  5.51911104e-05  5.00000000e+00 
 5.52406868e-05  3.67865945e-01  5.52406868e-05 -3.67865941e-02  5.52406868e-05  5.00000000e+00 
 5.52902631e-05  3.67865935e-01  5.52902631e-05 -3.67865939e-02  5.52902631e-05  5.00000000e+00 
 5.53398395e-05  3.67865944e-01  5.53398395e-05 -3.67865941e-02  5.53398395e-05  5.00000000e+00 
 5.53894158e-05  3.67865936e-01  5.53894158e-05 -3.67865939e-02  5.53894158e-05  5.00000000e+00 
 5.54389922e-05  3.67865943e-01  5.54389922e-05 -3.67865941e-02  5.54389922e-05  5.00000000e+00 
 5.54885685e-05  3.67865937e-01  5.54885685e-05 -3.67865939e-02  5.54885685e-05  5.00000000e+00 
 5.55381448e-05  3.67865942e-01  5.55381448e-05 -3.67865941e-02  5.55381448e-05  5.00000000e+00 
 5.55877212e-05  3.67865937e-01  5.55877212e-05 -3.67865939e-02  5.55877212e-05  5.00000000e+00 
 5.56372975e-05  3.67865942e-01  5.56372975e-05 -3.67865941e-02  5.56372975e-05  5.00000000e+00 
 5.56868739e-05  3.67865938e-01  5.56868739e-05 -3.67865939e-02  5.56868739e-05  5.00000000e+00 
 5.57364502e-05  3.67865941e-01  5.57364502e-05 -3.67865941e-02  5.57364502e-05  5.00000000e+00 
 5.57860266e-05  3.67865938e-01  5.57860266e-05 -3.67865939e-02  5.57860266e-05  5.00000000e+00 
 5.58356029e-05  3.67865941e-01  5.58356029e-05 -3.67865940e-02  5.58356029e-05  5.00000000e+00 
 5.58851793e-05  3.67865939e-01  5.58851793e-05 -3.67865940e-02  5.58851793e-05  5.00000000e+00 
 5.59347556e-05  3.67865941e-01  5.59347556e-05 -3.67865940e-02  5.59347556e-05  5.00000000e+00 
 5.59843320e-05  3.67865939e-01  5.59843320e-05 -3.67865940e-02  5.59843320e-05  5.00000000e+00 
 5.60339083e-05  3.67865941e-01  5.60339083e-05 -3.67865940e-02  5.60339083e-05  5.00000000e+00 
 5.60834846e-05  3.67865939e-01  5.60834846e-05 -3.67865940e-02  5.60834846e-05  5.00000000e+00 
 5.61330610e-05  3.67865940e-01  5.61330610e-05 -3.67865940e-02  5.61330610e-05  5.00000000e+00 
 5.61826373e-05  3.67865939e-01  5.61826373e-05 -3.67865940e-02  5.61826373e-05  5.00000000e+00 
 5.62322137e-05  3.67865940e-01  5.62322137e-05 -3.67865940e-02  5.62322137e-05  5.00000000e+00 
 5.62817900e-05  3.67865939e-01  5.62817900e-05 -3.67865940e-02  5.62817900e-05  5.00000000e+00 
 5.63313664e-05  3.67865940e-01  5.63313664e-05 -3.67865940e-02  5.63313664e-05  5.00000000e+00 
 5.63809427e-05  3.67865939e-01  5.63809427e-05 -3.67865940e-02  5.63809427e-05  5.00000000e+00 
 5.64305191e-05  3.67865940e-01  5.64305191e-05 -3.67865940e-02  5.64305191e-05  5.00000000e+00 
 5.64800954e-05  3.67865939e-01  5.64800954e-05 -3.67865940e-02  5.64800954e-05  5.00000000e+00 
 5.65296718e-05  3.67865940e-01  5.65296718e-05 -3.67865940e-02  5.65296718e-05  5.00000000e+00 
 5.65792481e-05  3.67865939e-01  5.65792481e-05 -3.67865940e-02  5.65792481e-05  5.00000000e+00 
 5.66288244e-05  3.67865940e-01  5.66288244e-05 -3.67865940e-02  5.66288244e-05  5.00000000e+00 
 5.66784008e-05  3.67865940e-01  5.66784008e-05 -3.67865940e-02  5.66784008e-05  5.00000000e+00 
 5.67279771e-05  3.67865940e-01  5.67279771e-05 -3.67865940e-02  5.67279771e-05  5.00000000e+00 
 5.67775535e-05  3.67865940e-01  5.67775535e-05 -3.67865940e-02  5.67775535e-05  5.00000000e+00 
 5.68271298e-05  3.67865940e-01  5.68271298e-05 -3.67865940e-02  5.68271298e-05  5.00000000e+00 
 5.68767062e-05  3.67865940e-01  5.68767062e-05 -3.67865940e-02  5.68767062e-05  5.00000000e+00 
 5.69262825e-05  3.67865940e-01  5.69262825e-05 -3.67865940e-02  5.69262825e-05  5.00000000e+00 
 5.69758589e-05  3.67865940e-01  5.69758589e-05 -3.67865940e-02  5.69758589e-05  5.00000000e+00 
 5.70254352e-05  3.67865940e-01  5.70254352e-05 -3.67865940e-02  5.70254352e-05  5.00000000e+00 
 5.70750116e-05  3.67865940e-01  5.70750116e-05 -3.67865940e-02  5.70750116e-05  5.00000000e+00 
 5.71245879e-05  3.67865940e-01  5.71245879e-05 -3.67865940e-02  5.71245879e-05  5.00000000e+00 
 5.71741642e-05  3.67865940e-01  5.71741642e-05 -3.67865940e-02  5.71741642e-05  5.00000000e+00 
 5.72237406e-05  3.67865940e-01  5.72237406e-05 -3.67865940e-02  5.72237406e-05  5.00000000e+00 
 5.72733169e-05  3.67865940e-01  5.72733169e-05 -3.67865940e-02  5.72733169e-05  5.00000000e+00 
 5.73228933e-05  3.67865940e-01  5.73228933e-05 -3.67865940e-02  5.73228933e-05  5.00000000e+00 
 5.73724696e-05  3.67865940e-01  5.73724696e-05 -3.67865940e-02  5.73724696e-05  5.00000000e+00 
 5.74220460e-05  3.67865940e-01  5.74220460e-05 -3.67865940e-02  5.74220460e-05  5.00000000e+00 
 5.74716223e-05  3.67865940e-01  5.74716223e-05 -3.67865940e-02  5.74716223e-05  5.00000000e+00 
 5.75211987e-05  3.67865940e-01  5.75211987e-05 -3.67865940e-02  5.75211987e-05  5.00000000e+00 
 5.75707750e-05  3.67865940e-01  5.75707750e-05 -3.67865940e-02  5.75707750e-05  5.00000000e+00 
 5.76203514e-05  3.67865940e-01  5.76203514e-05 -3.67865940e-02  5.76203514e-05  5.00000000e+00 
 5.76699277e-05  3.67865940e-01  5.76699277e-05 -3.67865940e-02  5.76699277e-05  5.00000000e+00 
 5.77195040e-05  3.67865940e-01  5.77195040e-05 -3.67865940e-02  5.77195040e-05  5.00000000e+00 
 5.77690804e-05  3.67865940e-01  5.77690804e-05 -3.67865940e-02  5.77690804e-05  5.00000000e+00 
 5.78186567e-05  3.67865940e-01  5.78186567e-05 -3.67865940e-02  5.78186567e-05  5.00000000e+00 
 5.78682331e-05  3.67865940e-01  5.78682331e-05 -3.67865940e-02  5.78682331e-05  5.00000000e+00 
 5.79178094e-05  3.67865940e-01  5.79178094e-05 -3.67865940e-02  5.79178094e-05  5.00000000e+00 
 5.79673858e-05  3.67865940e-01  5.79673858e-05 -3.67865940e-02  5.79673858e-05  5.00000000e+00 
 5.80169621e-05  3.67865940e-01  5.80169621e-05 -3.67865940e-02  5.80169621e-05  5.00000000e+00 
 5.80665385e-05  3.67865940e-01  5.80665385e-05 -3.67865940e-02  5.80665385e-05  5.00000000e+00 
 5.81161148e-05  3.67865940e-01  5.81161148e-05 -3.67865940e-02  5.81161148e-05  5.00000000e+00 
 5.81656912e-05  3.67865940e-01  5.81656912e-05 -3.67865940e-02  5.81656912e-05  5.00000000e+00 
 5.82152675e-05  3.67865940e-01  5.82152675e-05 -3.67865940e-02  5.82152675e-05  5.00000000e+00 
 5.82648438e-05  3.67865940e-01  5.82648438e-05 -3.67865940e-02  5.82648438e-05  5.00000000e+00 
 5.83144202e-05  3.67865940e-01  5.83144202e-05 -3.67865940e-02  5.83144202e-05  5.00000000e+00 
 5.83639965e-05  3.67865940e-01  5.83639965e-05 -3.67865940e-02  5.83639965e-05  5.00000000e+00 
 5.84135729e-05  3.67865940e-01  5.84135729e-05 -3.67865940e-02  5.84135729e-05  5.00000000e+00 
 5.84631492e-05  3.67865940e-01  5.84631492e-05 -3.67865940e-02  5.84631492e-05  5.00000000e+00 
 5.85127256e-05  3.67865940e-01  5.85127256e-05 -3.67865940e-02  5.85127256e-05  5.00000000e+00 
 5.85623019e-05  3.67865940e-01  5.85623019e-05 -3.67865940e-02  5.85623019e-05  5.00000000e+00 
 5.86118783e-05  3.67865940e-01  5.86118783e-05 -3.67865940e-02  5.86118783e-05  5.00000000e+00 
 5.86614546e-05  3.67865940e-01  5.86614546e-05 -3.67865940e-02  5.86614546e-05  5.00000000e+00 
 5.87110310e-05  3.67865940e-01  5.87110310e-05 -3.67865940e-02  5.87110310e-05  5.00000000e+00 
 5.87606073e-05  3.67865940e-01  5.87606073e-05 -3.67865940e-02  5.87606073e-05  5.00000000e+00 
 5.88101836e-05  3.67865940e-01  5.88101836e-05 -3.67865940e-02  5.88101836e-05  5.00000000e+00 
 5.88597600e-05  3.67865940e-01  5.88597600e-05 -3.67865940e-02  5.88597600e-05  5.00000000e+00 
 5.89093363e-05  3.67865940e-01  5.89093363e-05 -3.67865940e-02  5.89093363e-05  5.00000000e+00 
 5.89589127e-05  3.67865940e-01  5.89589127e-05 -3.67865940e-02  5.89589127e-05  5.00000000e+00 
 5.90084890e-05  3.67865940e-01  5.90084890e-05 -3.67865940e-02  5.90084890e-05  5.00000000e+00 
 5.90580654e-05  3.67865940e-01  5.90580654e-05 -3.67865940e-02  5.90580654e-05  5.00000000e+00 
 5.91076417e-05  3.67865940e-01  5.91076417e-05 -3.67865940e-02  5.91076417e-05  5.00000000e+00 
 5.91572181e-05  3.67865940e-01  5.91572181e-05 -3.67865940e-02  5.91572181e-05  5.00000000e+00 
 5.92067944e-05  3.67865940e-01  5.92067944e-05 -3.67865940e-02  5.92067944e-05  5.00000000e+00 
 5.92563708e-05  3.67865940e-01  5.92563708e-05 -3.67865940e-02  5.92563708e-05  5.00000000e+00 
 5.93059471e-05  3.67865940e-01  5.93059471e-05 -3.67865940e-02  5.93059471e-05  5.00000000e+00 
 5.93555234e-05  3.67865940e-01  5.93555234e-05 -3.67865940e-02  5.93555234e-05  5.00000000e+00 
 5.94050998e-05  3.67865940e-01  5.94050998e-05 -3.67865940e-02  5.94050998e-05  5.00000000e+00 
 5.94546761e-05  3.67865940e-01  5.94546761e-05 -3.67865940e-02  5.94546761e-05  5.00000000e+00 
 5.95042525e-05  3.67865940e-01  5.95042525e-05 -3.67865940e-02  5.95042525e-05  5.00000000e+00 
 5.95538288e-05  3.67865940e-01  5.95538288e-05 -3.67865940e-02  5.95538288e-05  5.00000000e+00 
 5.96034052e-05  3.67865940e-01  5.96034052e-05 -3.67865940e-02  5.96034052e-05  5.00000000e+00 
 5.96529815e-05  3.67865940e-01  5.96529815e-05 -3.67865940e-02  5.96529815e-05  5.00000000e+00 
 5.97025579e-05  3.67865940e-01  5.97025579e-05 -3.67865940e-02  5.97025579e-05  5.00000000e+00 
 5.97521342e-05  3.67865940e-01  5.97521342e-05 -3.67865940e-02  5.97521342e-05  5.00000000e+00 
 5.98017105e-05  3.67865940e-01  5.98017105e-05 -3.67865940e-02  5.98017105e-05  5.00000000e+00 
 5.98512869e-05  3.67865940e-01  5.98512869e-05 -3.67865940e-02  5.98512869e-05  5.00000000e+00 
 5.99008632e-05  3.67865940e-01  5.99008632e-05 -3.67865940e-02  5.99008632e-05  5.00000000e+00 
 5.99504396e-05  3.67865940e-01  5.99504396e-05 -3.67865940e-02  5.99504396e-05  5.00000000e+00 
 6.00000159e-05  3.67865940e-01  6.00000159e-05 -3.67865940e-02  6.00000159e-05  5.00000000e+00 
 6.00495923e-05  3.67865940e-01  6.00495923e-05 -3.67865940e-02  6.00495923e-05  5.00000000e+00 
 6.00991686e-05  3.67865940e-01  6.00991686e-05 -3.67865940e-02  6.00991686e-05  5.00000000e+00 
 6.01487450e-05  3.67865940e-01  6.01487450e-05 -3.67865940e-02  6.01487450e-05  5.00000000e+00 
 6.01983213e-05  3.67865940e-01  6.01983213e-05 -3.67865940e-02  6.01983213e-05  5.00000000e+00 
 6.02478977e-05  3.67865940e-01  6.02478977e-05 -3.67865940e-02  6.02478977e-05  5.00000000e+00 
 6.02974740e-05  3.67865940e-01  6.02974740e-05 -3.67865940e-02  6.02974740e-05  5.00000000e+00 
 6.03470503e-05  3.67865940e-01  6.03470503e-05 -3.67865940e-02  6.03470503e-05  5.00000000e+00 
 6.03966267e-05  3.67865940e-01  6.03966267e-05 -3.67865940e-02  6.03966267e-05  5.00000000e+00 
 6.04462030e-05  3.67865940e-01  6.04462030e-05 -3.67865940e-02  6.04462030e-05  5.00000000e+00 
 6.04957794e-05  3.67865940e-01  6.04957794e-05 -3.67865940e-02  6.04957794e-05  5.00000000e+00 
 6.05453557e-05  3.67865940e-01  6.05453557e-05 -3.67865940e-02  6.05453557e-05  5.00000000e+00 
 6.05949321e-05  3.67865940e-01  6.05949321e-05 -3.67865940e-02  6.05949321e-05  5.00000000e+00 
 6.06445084e-05  3.67865940e-01  6.06445084e-05 -3.67865940e-02  6.06445084e-05  5.00000000e+00 
 6.06940848e-05  3.67865940e-01  6.06940848e-05 -3.67865940e-02  6.06940848e-05  5.00000000e+00 
 6.07436611e-05  3.67865940e-01  6.07436611e-05 -3.67865940e-02  6.07436611e-05  5.00000000e+00 
 6.07932375e-05  3.67865940e-01  6.07932375e-05 -3.67865940e-02  6.07932375e-05  5.00000000e+00 
 6.08428138e-05  3.67865940e-01  6.08428138e-05 -3.67865940e-02  6.08428138e-05  5.00000000e+00 
 6.08923901e-05  3.67865940e-01  6.08923901e-05 -3.67865940e-02  6.08923901e-05  5.00000000e+00 
 6.09419665e-05  3.67865940e-01  6.09419665e-05 -3.67865940e-02  6.09419665e-05  5.00000000e+00 
 6.09915428e-05  3.67865940e-01  6.09915428e-05 -3.67865940e-02  6.09915428e-05  5.00000000e+00 
 6.10411192e-05  3.67865940e-01  6.10411192e-05 -3.67865940e-02  6.10411192e-05  5.00000000e+00 
 6.10906955e-05  3.67865940e-01  6.10906955e-05 -3.67865940e-02  6.10906955e-05  5.00000000e+00 
 6.11402719e-05  3.67865940e-01  6.11402719e-05 -3.67865940e-02  6.11402719e-05  5.00000000e+00 
 6.11898482e-05  3.67865940e-01  6.11898482e-05 -3.67865940e-02  6.11898482e-05  5.00000000e+00 
 6.12394246e-05  3.67865940e-01  6.12394246e-05 -3.67865940e-02  6.12394246e-05  5.00000000e+00 
 6.12890009e-05  3.67865940e-01  6.12890009e-05 -3.67865940e-02  6.12890009e-05  5.00000000e+00 
 6.13385773e-05  3.67865940e-01  6.13385773e-05 -3.67865940e-02  6.13385773e-05  5.00000000e+00 
 6.13881536e-05  3.67865940e-01  6.13881536e-05 -3.67865940e-02  6.13881536e-05  5.00000000e+00 
 6.14377299e-05  3.67865940e-01  6.14377299e-05 -3.67865940e-02  6.14377299e-05  5.00000000e+00 
 6.14873063e-05  3.67865940e-01  6.14873063e-05 -3.67865940e-02  6.14873063e-05  5.00000000e+00 
 6.15368826e-05  3.67865940e-01  6.15368826e-05 -3.67865940e-02  6.15368826e-05  5.00000000e+00 
 6.15864590e-05  3.67865940e-01  6.15864590e-05 -3.67865940e-02  6.15864590e-05  5.00000000e+00 
 6.16360353e-05  3.67865940e-01  6.16360353e-05 -3.67865940e-02  6.16360353e-05  5.00000000e+00 
 6.16856117e-05  3.67865940e-01  6.16856117e-05 -3.67865940e-02  6.16856117e-05  5.00000000e+00 
 6.17351880e-05  3.67865940e-01  6.17351880e-05 -3.67865940e-02  6.17351880e-05  5.00000000e+00 
 6.17847644e-05  3.67865940e-01  6.17847644e-05 -3.67865940e-02  6.17847644e-05  5.00000000e+00 
 6.18343407e-05  3.67865940e-01  6.18343407e-05 -3.67865940e-02  6.18343407e-05  5.00000000e+00 
 6.18839171e-05  3.67865940e-01  6.18839171e-05 -3.67865940e-02  6.18839171e-05  5.00000000e+00 
 6.19334934e-05  3.67865940e-01  6.19334934e-05 -3.67865940e-02  6.19334934e-05  5.00000000e+00 
 6.19830697e-05  3.67865940e-01  6.19830697e-05 -3.67865940e-02  6.19830697e-05  5.00000000e+00 
 6.20326461e-05  3.67865940e-01  6.20326461e-05 -3.67865940e-02  6.20326461e-05  5.00000000e+00 
 6.20822224e-05  3.67865940e-01  6.20822224e-05 -3.67865940e-02  6.20822224e-05  5.00000000e+00 
 6.21317988e-05  3.67865940e-01  6.21317988e-05 -3.67865940e-02  6.21317988e-05  5.00000000e+00 
 6.21813751e-05  3.67865940e-01  6.21813751e-05 -3.67865940e-02  6.21813751e-05  5.00000000e+00 
 6.22309515e-05  3.67865940e-01  6.22309515e-05 -3.67865940e-02  6.22309515e-05  5.00000000e+00 
 6.22805278e-05  3.67865940e-01  6.22805278e-05 -3.67865940e-02  6.22805278e-05  5.00000000e+00 
 6.23301042e-05  3.67865940e-01  6.23301042e-05 -3.67865940e-02  6.23301042e-05  5.00000000e+00 
 6.23796805e-05  3.67865940e-01  6.23796805e-05 -3.67865940e-02  6.23796805e-05  5.00000000e+00 
 6.24292569e-05  3.67865940e-01  6.24292569e-05 -3.67865940e-02  6.24292569e-05  5.00000000e+00 
 6.24788332e-05  3.67865940e-01  6.24788332e-05 -3.67865940e-02  6.24788332e-05  5.00000000e+00 
 6.25284095e-05  3.67865940e-01  6.25284095e-05 -3.67865940e-02  6.25284095e-05  5.00000000e+00 
 6.25779859e-05  3.67865940e-01  6.25779859e-05 -3.67865940e-02  6.25779859e-05  5.00000000e+00 
 6.26275622e-05  3.67865940e-01  6.26275622e-05 -3.67865940e-02  6.26275622e-05  5.00000000e+00 
 6.26771386e-05  3.67865940e-01  6.26771386e-05 -3.67865940e-02  6.26771386e-05  5.00000000e+00 
 6.27267149e-05  3.67865940e-01  6.27267149e-05 -3.67865940e-02  6.27267149e-05  5.00000000e+00 
 6.27762913e-05  3.67865940e-01  6.27762913e-05 -3.67865940e-02  6.27762913e-05  5.00000000e+00 
 6.28258676e-05  3.67865940e-01  6.28258676e-05 -3.67865940e-02  6.28258676e-05  5.00000000e+00 
 6.28754440e-05  3.67865940e-01  6.28754440e-05 -3.67865940e-02  6.28754440e-05  5.00000000e+00 
 6.29250203e-05  3.67865940e-01  6.29250203e-05 -3.67865940e-02  6.29250203e-05  5.00000000e+00 
 6.29745967e-05  3.67865940e-01  6.29745967e-05 -3.67865940e-02  6.29745967e-05  5.00000000e+00 
 6.30241730e-05  3.67865940e-01  6.30241730e-05 -3.67865940e-02  6.30241730e-05  5.00000000e+00 
 6.30737493e-05  3.67865940e-01  6.30737493e-05 -3.67865940e-02  6.30737493e-05  5.00000000e+00 
 6.31233257e-05  3.67865940e-01  6.31233257e-05 -3.67865940e-02  6.31233257e-05  5.00000000e+00 
 6.31729020e-05  3.67865940e-01  6.31729020e-05 -3.67865940e-02  6.31729020e-05  5.00000000e+00 
 6.32224784e-05  3.67865940e-01  6.32224784e-05 -3.67865940e-02  6.32224784e-05  5.00000000e+00 
 6.32720547e-05  3.67865940e-01  6.32720547e-05 -3.67865940e-02  6.32720547e-05  5.00000000e+00 
 6.33216311e-05  3.67865940e-01  6.33216311e-05 -3.67865940e-02  6.33216311e-05  5.00000000e+00 
 6.33712074e-05  3.67865940e-01  6.33712074e-05 -3.67865940e-02  6.33712074e-05  5.00000000e+00 
 6.34207838e-05  3.67865940e-01  6.34207838e-05 -3.67865940e-02  6.34207838e-05  5.00000000e+00 
 6.34703601e-05  3.67865940e-01  6.34703601e-05 -3.67865940e-02  6.34703601e-05  5.00000000e+00 
 6.35199365e-05  3.67865940e-01  6.35199365e-05 -3.67865940e-02  6.35199365e-05  5.00000000e+00 
 6.35695128e-05  3.67865940e-01  6.35695128e-05 -3.67865940e-02  6.35695128e-05  5.00000000e+00 
 6.36190891e-05  3.67865940e-01  6.36190891e-05 -3.67865940e-02  6.36190891e-05  5.00000000e+00 
 6.36686655e-05  3.67865940e-01  6.36686655e-05 -3.67865940e-02  6.36686655e-05  5.00000000e+00 
 6.37182418e-05  3.67865940e-01  6.37182418e-05 -3.67865940e-02  6.37182418e-05  5.00000000e+00 
 6.37678182e-05  3.67865940e-01  6.37678182e-05 -3.67865940e-02  6.37678182e-05  5.00000000e+00 
 6.38173945e-05  3.67865940e-01  6.38173945e-05 -3.67865940e-02  6.38173945e-05  5.00000000e+00 
 6.38669709e-05  3.67865940e-01  6.38669709e-05 -3.67865940e-02  6.38669709e-05  5.00000000e+00 
 6.39165472e-05  3.67865940e-01  6.39165472e-05 -3.67865940e-02  6.39165472e-05  5.00000000e+00 
 6.39661236e-05  3.67865940e-01  6.39661236e-05 -3.67865940e-02  6.39661236e-05  5.00000000e+00 
 6.40156999e-05  3.67865940e-01  6.40156999e-05 -3.67865940e-02  6.40156999e-05  5.00000000e+00 
 6.40652763e-05  3.67865940e-01  6.40652763e-05 -3.67865940e-02  6.40652763e-05  5.00000000e+00 
 6.41148526e-05  3.67865940e-01  6.41148526e-05 -3.67865940e-02  6.41148526e-05  5.00000000e+00 
 6.41644289e-05  3.67865940e-01  6.41644289e-05 -3.67865940e-02  6.41644289e-05  5.00000000e+00 
 6.42140053e-05  3.67865940e-01  6.42140053e-05 -3.67865940e-02  6.42140053e-05  5.00000000e+00 
 6.42635816e-05  3.67865940e-01  6.42635816e-05 -3.67865940e-02  6.42635816e-05  5.00000000e+00 
 6.43131580e-05  3.67865940e-01  6.43131580e-05 -3.67865940e-02  6.43131580e-05  5.00000000e+00 
 6.43627343e-05  3.67865940e-01  6.43627343e-05 -3.67865940e-02  6.43627343e-05  5.00000000e+00 
 6.44123107e-05  3.67865940e-01  6.44123107e-05 -3.67865940e-02  6.44123107e-05  5.00000000e+00 
 6.44618870e-05  3.67865940e-01  6.44618870e-05 -3.67865940e-02  6.44618870e-05  5.00000000e+00 
 6.45114634e-05  3.67865940e-01  6.45114634e-05 -3.67865940e-02  6.45114634e-05  5.00000000e+00 
 6.45610397e-05  3.67865940e-01  6.45610397e-05 -3.67865940e-02  6.45610397e-05  5.00000000e+00 
 6.46106161e-05  3.67865940e-01  6.46106161e-05 -3.67865940e-02  6.46106161e-05  5.00000000e+00 
 6.46601924e-05  3.67865940e-01  6.46601924e-05 -3.67865940e-02  6.46601924e-05  5.00000000e+00 
 6.47097687e-05  3.67865940e-01  6.47097687e-05 -3.67865940e-02  6.47097687e-05  5.00000000e+00 
 6.47593451e-05  3.67865940e-01  6.47593451e-05 -3.67865940e-02  6.47593451e-05  5.00000000e+00 
 6.48089214e-05  3.67865940e-01  6.48089214e-05 -3.67865940e-02  6.48089214e-05  5.00000000e+00 
 6.48584978e-05  3.67865940e-01  6.48584978e-05 -3.67865940e-02  6.48584978e-05  5.00000000e+00 
 6.49080741e-05  3.67865940e-01  6.49080741e-05 -3.67865940e-02  6.49080741e-05  5.00000000e+00 
 6.49576505e-05  3.67865940e-01  6.49576505e-05 -3.67865940e-02  6.49576505e-05  5.00000000e+00 
 6.50072268e-05  3.67865940e-01  6.50072268e-05 -3.67865940e-02  6.50072268e-05  5.00000000e+00 
 6.50568032e-05  3.67865940e-01  6.50568032e-05 -3.67865940e-02  6.50568032e-05  5.00000000e+00 
 6.51063795e-05  3.67865940e-01  6.51063795e-05 -3.67865940e-02  6.51063795e-05  5.00000000e+00 
 6.51559559e-05  3.67865940e-01  6.51559559e-05 -3.67865940e-02  6.51559559e-05  5.00000000e+00 
 6.52055322e-05  3.67865940e-01  6.52055322e-05 -3.67865940e-02  6.52055322e-05  5.00000000e+00 
 6.52551085e-05  3.67865940e-01  6.52551085e-05 -3.67865940e-02  6.52551085e-05  5.00000000e+00 
 6.53046849e-05  3.67865940e-01  6.53046849e-05 -3.67865940e-02  6.53046849e-05  5.00000000e+00 
 6.53542612e-05  3.67865940e-01  6.53542612e-05 -3.67865940e-02  6.53542612e-05  5.00000000e+00 
 6.54038376e-05  3.67865940e-01  6.54038376e-05 -3.67865940e-02  6.54038376e-05  5.00000000e+00 
 6.54534139e-05  3.67865940e-01  6.54534139e-05 -3.67865940e-02  6.54534139e-05  5.00000000e+00 
 6.55029903e-05  3.67865940e-01  6.55029903e-05 -3.67865940e-02  6.55029903e-05  5.00000000e+00 
 6.55525666e-05  3.67865940e-01  6.55525666e-05 -3.67865940e-02  6.55525666e-05  5.00000000e+00 
 6.56021430e-05  3.67865940e-01  6.56021430e-05 -3.67865940e-02  6.56021430e-05  5.00000000e+00 
 6.56517193e-05  3.67865940e-01  6.56517193e-05 -3.67865940e-02  6.56517193e-05  5.00000000e+00 
 6.57012957e-05  3.67865940e-01  6.57012957e-05 -3.67865940e-02  6.57012957e-05  5.00000000e+00 
 6.57508720e-05  3.67865940e-01  6.57508720e-05 -3.67865940e-02  6.57508720e-05  5.00000000e+00 
 6.58004483e-05  3.67865940e-01  6.58004483e-05 -3.67865940e-02  6.58004483e-05  5.00000000e+00 
 6.58500247e-05  3.67865940e-01  6.58500247e-05 -3.67865940e-02  6.58500247e-05  5.00000000e+00 
 6.58996010e-05  3.67865940e-01  6.58996010e-05 -3.67865940e-02  6.58996010e-05  5.00000000e+00 
 6.59491774e-05  3.67865940e-01  6.59491774e-05 -3.67865940e-02  6.59491774e-05  5.00000000e+00 
 6.59987537e-05  3.67865940e-01  6.59987537e-05 -3.67865940e-02  6.59987537e-05  5.00000000e+00 
 6.60483301e-05  3.67865940e-01  6.60483301e-05 -3.67865940e-02  6.60483301e-05  5.00000000e+00 
 6.60979064e-05  3.67865940e-01  6.60979064e-05 -3.67865940e-02  6.60979064e-05  5.00000000e+00 
 6.61474828e-05  3.67865940e-01  6.61474828e-05 -3.67865940e-02  6.61474828e-05  5.00000000e+00 
 6.61970591e-05  3.67865940e-01  6.61970591e-05 -3.67865940e-02  6.61970591e-05  5.00000000e+00 
 6.62466355e-05  3.67865940e-01  6.62466355e-05 -3.67865940e-02  6.62466355e-05  5.00000000e+00 
 6.62962118e-05  3.67865940e-01  6.62962118e-05 -3.67865940e-02  6.62962118e-05  5.00000000e+00 
 6.63457881e-05  3.67865940e-01  6.63457881e-05 -3.67865940e-02  6.63457881e-05  5.00000000e+00 
 6.63953645e-05  3.67865940e-01  6.63953645e-05 -3.67865940e-02  6.63953645e-05  5.00000000e+00 
 6.64449408e-05  3.67865940e-01  6.64449408e-05 -3.67865940e-02  6.64449408e-05  5.00000000e+00 
 6.64945172e-05  3.67865940e-01  6.64945172e-05 -3.67865940e-02  6.64945172e-05  5.00000000e+00 
 6.65440935e-05  3.67865940e-01  6.65440935e-05 -3.67865940e-02  6.65440935e-05  5.00000000e+00 
 6.65936699e-05  3.67865940e-01  6.65936699e-05 -3.67865940e-02  6.65936699e-05  5.00000000e+00 
 6.66432462e-05  3.67865940e-01  6.66432462e-05 -3.67865940e-02  6.66432462e-05  5.00000000e+00 
 6.66928226e-05  3.67865940e-01  6.66928226e-05 -3.67865940e-02  6.66928226e-05  5.00000000e+00 
 6.67423989e-05  3.67865940e-01  6.67423989e-05 -3.67865940e-02  6.67423989e-05  5.00000000e+00 
 6.67919753e-05  3.67865940e-01  6.67919753e-05 -3.67865940e-02  6.67919753e-05  5.00000000e+00 
 6.68415516e-05  3.67865940e-01  6.68415516e-05 -3.67865940e-02  6.68415516e-05  5.00000000e+00 
 6.68911279e-05  3.67865940e-01  6.68911279e-05 -3.67865940e-02  6.68911279e-05  5.00000000e+00 
 6.69407043e-05  3.67865940e-01  6.69407043e-05 -3.67865940e-02  6.69407043e-05  5.00000000e+00 
 6.69902806e-05  3.67865940e-01  6.69902806e-05 -3.67865940e-02  6.69902806e-05  5.00000000e+00 
 6.70398570e-05  3.67865940e-01  6.70398570e-05 -3.67865940e-02  6.70398570e-05  5.00000000e+00 
 6.70894333e-05  3.67865940e-01  6.70894333e-05 -3.67865940e-02  6.70894333e-05  5.00000000e+00 
 6.71390097e-05  3.67865940e-01  6.71390097e-05 -3.67865940e-02  6.71390097e-05  5.00000000e+00 
 6.71885860e-05  3.67865940e-01  6.71885860e-05 -3.67865940e-02  6.71885860e-05  5.00000000e+00 
 6.72381624e-05  3.67865940e-01  6.72381624e-05 -3.67865940e-02  6.72381624e-05  5.00000000e+00 
 6.72877387e-05  3.67865940e-01  6.72877387e-05 -3.67865940e-02  6.72877387e-05  5.00000000e+00 
 6.73373151e-05  3.67865940e-01  6.73373151e-05 -3.67865940e-02  6.73373151e-05  5.00000000e+00 
 6.73868914e-05  3.67865940e-01  6.73868914e-05 -3.67865940e-02  6.73868914e-05  5.00000000e+00 
 6.74364677e-05  3.67865940e-01  6.74364677e-05 -3.67865940e-02  6.74364677e-05  5.00000000e+00 
 6.74860441e-05  3.67865940e-01  6.74860441e-05 -3.67865940e-02  6.74860441e-05  5.00000000e+00 
 6.75356204e-05  3.67865940e-01  6.75356204e-05 -3.67865940e-02  6.75356204e-05  5.00000000e+00 
 6.75851968e-05  3.67865940e-01  6.75851968e-05 -3.67865940e-02  6.75851968e-05  5.00000000e+00 
 6.76347731e-05  3.67865940e-01  6.76347731e-05 -3.67865940e-02  6.76347731e-05  5.00000000e+00 
 6.76843495e-05  3.67865940e-01  6.76843495e-05 -3.67865940e-02  6.76843495e-05  5.00000000e+00 
 6.77339258e-05  3.67865940e-01  6.77339258e-05 -3.67865940e-02  6.77339258e-05  5.00000000e+00 
 6.77835022e-05  3.67865940e-01  6.77835022e-05 -3.67865940e-02  6.77835022e-05  5.00000000e+00 
 6.78330785e-05  3.67865940e-01  6.78330785e-05 -3.67865940e-02  6.78330785e-05  5.00000000e+00 
 6.78826549e-05  3.67865940e-01  6.78826549e-05 -3.67865940e-02  6.78826549e-05  5.00000000e+00 
 6.79322312e-05  3.67865940e-01  6.79322312e-05 -3.67865940e-02  6.79322312e-05  5.00000000e+00 
 6.79818075e-05  3.67865940e-01  6.79818075e-05 -3.67865940e-02  6.79818075e-05  5.00000000e+00 
 6.80313839e-05  3.67865940e-01  6.80313839e-05 -3.67865940e-02  6.80313839e-05  5.00000000e+00 
 6.80809602e-05  3.67865940e-01  6.80809602e-05 -3.67865940e-02  6.80809602e-05  5.00000000e+00 
 6.81305366e-05  3.67865940e-01  6.81305366e-05 -3.67865940e-02  6.81305366e-05  5.00000000e+00 
 6.81801129e-05  3.67865940e-01  6.81801129e-05 -3.67865940e-02  6.81801129e-05  5.00000000e+00 
 6.82296893e-05  3.67865940e-01  6.82296893e-05 -3.67865940e-02  6.82296893e-05  5.00000000e+00 
 6.82792656e-05  3.67865940e-01  6.82792656e-05 -3.67865940e-02  6.82792656e-05  5.00000000e+00 
 6.83288420e-05  3.67865940e-01  6.83288420e-05 -3.67865940e-02  6.83288420e-05  5.00000000e+00 
 6.83784183e-05  3.67865940e-01  6.83784183e-05 -3.67865940e-02  6.83784183e-05  5.00000000e+00 
 6.84279947e-05  3.67865940e-01  6.84279947e-05 -3.67865940e-02  6.84279947e-05  5.00000000e+00 
 6.84775710e-05  3.67865940e-01  6.84775710e-05 -3.67865940e-02  6.84775710e-05  5.00000000e+00 
 6.85271473e-05  3.67865940e-01  6.85271473e-05 -3.67865940e-02  6.85271473e-05  5.00000000e+00 
 6.85767237e-05  3.67865940e-01  6.85767237e-05 -3.67865940e-02  6.85767237e-05  5.00000000e+00 
 6.86263000e-05  3.67865940e-01  6.86263000e-05 -3.67865940e-02  6.86263000e-05  5.00000000e+00 
 6.86758764e-05  3.67865940e-01  6.86758764e-05 -3.67865940e-02  6.86758764e-05  5.00000000e+00 
 6.87254527e-05  3.67865940e-01  6.87254527e-05 -3.67865940e-02  6.87254527e-05  5.00000000e+00 
 6.87750291e-05  3.67865940e-01  6.87750291e-05 -3.67865940e-02  6.87750291e-05  5.00000000e+00 
 6.88246054e-05  3.67865940e-01  6.88246054e-05 -3.67865940e-02  6.88246054e-05  5.00000000e+00 
 6.88741818e-05  3.67865940e-01  6.88741818e-05 -3.67865940e-02  6.88741818e-05  5.00000000e+00 
 6.89237581e-05  3.67865940e-01  6.89237581e-05 -3.67865940e-02  6.89237581e-05  5.00000000e+00 
 6.89733345e-05  3.67865940e-01  6.89733345e-05 -3.67865940e-02  6.89733345e-05  5.00000000e+00 
 6.90229108e-05  3.67865940e-01  6.90229108e-05 -3.67865940e-02  6.90229108e-05  5.00000000e+00 
 6.90724871e-05  3.67865940e-01  6.90724871e-05 -3.67865940e-02  6.90724871e-05  5.00000000e+00 
 6.91220635e-05  3.67865940e-01  6.91220635e-05 -3.67865940e-02  6.91220635e-05  5.00000000e+00 
 6.91716398e-05  3.67865940e-01  6.91716398e-05 -3.67865940e-02  6.91716398e-05  5.00000000e+00 
 6.92212162e-05  3.67865940e-01  6.92212162e-05 -3.67865940e-02  6.92212162e-05  5.00000000e+00 
 6.92707925e-05  3.67865940e-01  6.92707925e-05 -3.67865940e-02  6.92707925e-05  5.00000000e+00 
 6.93203689e-05  3.67865940e-01  6.93203689e-05 -3.67865940e-02  6.93203689e-05  5.00000000e+00 
 6.93699452e-05  3.67865940e-01  6.93699452e-05 -3.67865940e-02  6.93699452e-05  5.00000000e+00 
 6.94195216e-05  3.67865940e-01  6.94195216e-05 -3.67865940e-02  6.94195216e-05  5.00000000e+00 
 6.94690979e-05  3.67865940e-01  6.94690979e-05 -3.67865940e-02  6.94690979e-05  5.00000000e+00 
 6.95186743e-05  3.67865940e-01  6.95186743e-05 -3.67865940e-02  6.95186743e-05  5.00000000e+00 
 6.95682506e-05  3.67865940e-01  6.95682506e-05 -3.67865940e-02  6.95682506e-05  5.00000000e+00 
 6.96178269e-05  3.67865940e-01  6.96178269e-05 -3.67865940e-02  6.96178269e-05  5.00000000e+00 
 6.96674033e-05  3.67865940e-01  6.96674033e-05 -3.67865940e-02  6.96674033e-05  5.00000000e+00 
 6.97169796e-05  3.67865940e-01  6.97169796e-05 -3.67865940e-02  6.97169796e-05  5.00000000e+00 
 6.97665560e-05  3.67865940e-01  6.97665560e-05 -3.67865940e-02  6.97665560e-05  5.00000000e+00 
 6.98161323e-05  3.67865940e-01  6.98161323e-05 -3.67865940e-02  6.98161323e-05  5.00000000e+00 
 6.98657087e-05  3.67865940e-01  6.98657087e-05 -3.67865940e-02  6.98657087e-05  5.00000000e+00 
 6.99152850e-05  3.67865940e-01  6.99152850e-05 -3.67865940e-02  6.99152850e-05  5.00000000e+00 
 6.99648614e-05  3.67865940e-01  6.99648614e-05 -3.67865940e-02  6.99648614e-05  5.00000000e+00 
 7.00144377e-05  3.67865940e-01  7.00144377e-05 -3.67865940e-02  7.00144377e-05  5.00000000e+00 
 7.00640141e-05  3.67865940e-01  7.00640141e-05 -3.67865940e-02  7.00640141e-05  5.00000000e+00 
 7.01135904e-05  3.67865940e-01  7.01135904e-05 -3.67865940e-02  7.01135904e-05  5.00000000e+00 
 7.01631667e-05  3.67865940e-01  7.01631667e-05 -3.67865940e-02  7.01631667e-05  5.00000000e+00 
 7.02127431e-05  3.67865940e-01  7.02127431e-05 -3.67865940e-02  7.02127431e-05  5.00000000e+00 
 7.02623194e-05  3.67865940e-01  7.02623194e-05 -3.67865940e-02  7.02623194e-05  5.00000000e+00 
 7.03118958e-05  3.67865940e-01  7.03118958e-05 -3.67865940e-02  7.03118958e-05  5.00000000e+00 
 7.03614721e-05  3.67865940e-01  7.03614721e-05 -3.67865940e-02  7.03614721e-05  5.00000000e+00 
 7.04110485e-05  3.67865940e-01  7.04110485e-05 -3.67865940e-02  7.04110485e-05  5.00000000e+00 
 7.04606248e-05  3.67865940e-01  7.04606248e-05 -3.67865940e-02  7.04606248e-05  5.00000000e+00 
 7.05102012e-05  3.67865940e-01  7.05102012e-05 -3.67865940e-02  7.05102012e-05  5.00000000e+00 
 7.05597775e-05  3.67865940e-01  7.05597775e-05 -3.67865940e-02  7.05597775e-05  5.00000000e+00 
 7.06093539e-05  3.67865940e-01  7.06093539e-05 -3.67865940e-02  7.06093539e-05  5.00000000e+00 
 7.06589302e-05  3.67865940e-01  7.06589302e-05 -3.67865940e-02  7.06589302e-05  5.00000000e+00 
 7.07085065e-05  3.67865940e-01  7.07085065e-05 -3.67865940e-02  7.07085065e-05  5.00000000e+00 
 7.07580829e-05  3.67865940e-01  7.07580829e-05 -3.67865940e-02  7.07580829e-05  5.00000000e+00 
 7.08076592e-05  3.67865940e-01  7.08076592e-05 -3.67865940e-02  7.08076592e-05  5.00000000e+00 
 7.08572356e-05  3.67865940e-01  7.08572356e-05 -3.67865940e-02  7.08572356e-05  5.00000000e+00 
 7.09068119e-05  3.67865940e-01  7.09068119e-05 -3.67865940e-02  7.09068119e-05  5.00000000e+00 
 7.09563883e-05  3.67865940e-01  7.09563883e-05 -3.67865940e-02  7.09563883e-05  5.00000000e+00 
 7.10059646e-05  3.67865940e-01  7.10059646e-05 -3.67865940e-02  7.10059646e-05  5.00000000e+00 
 7.10555410e-05  3.67865940e-01  7.10555410e-05 -3.67865940e-02  7.10555410e-05  5.00000000e+00 
 7.11051173e-05  3.67865940e-01  7.11051173e-05 -3.67865940e-02  7.11051173e-05  5.00000000e+00 
 7.11546936e-05  3.67865940e-01  7.11546936e-05 -3.67865940e-02  7.11546936e-05  5.00000000e+00 
 7.12042700e-05  3.67865940e-01  7.12042700e-05 -3.67865940e-02  7.12042700e-05  5.00000000e+00 
 7.12538463e-05  3.67865940e-01  7.12538463e-05 -3.67865940e-02  7.12538463e-05  5.00000000e+00 
 7.13034227e-05  3.67865940e-01  7.13034227e-05 -3.67865940e-02  7.13034227e-05  5.00000000e+00 
 7.13529990e-05  3.67865940e-01  7.13529990e-05 -3.67865940e-02  7.13529990e-05  5.00000000e+00 
 7.14025754e-05  3.67865940e-01  7.14025754e-05 -3.67865940e-02  7.14025754e-05  5.00000000e+00 
 7.14521517e-05  3.67865940e-01  7.14521517e-05 -3.67865940e-02  7.14521517e-05  5.00000000e+00 
 7.15017281e-05  3.67865940e-01  7.15017281e-05 -3.67865940e-02  7.15017281e-05  5.00000000e+00 
 7.15513044e-05  3.67865940e-01  7.15513044e-05 -3.67865940e-02  7.15513044e-05  5.00000000e+00 
 7.16008808e-05  3.67865940e-01  7.16008808e-05 -3.67865940e-02  7.16008808e-05  5.00000000e+00 
 7.16504571e-05  3.67865940e-01  7.16504571e-05 -3.67865940e-02  7.16504571e-05  5.00000000e+00 
 7.17000334e-05  3.67865940e-01  7.17000334e-05 -3.67865940e-02  7.17000334e-05  5.00000000e+00 
 7.17496098e-05  3.67865940e-01  7.17496098e-05 -3.67865940e-02  7.17496098e-05  5.00000000e+00 
 7.17991861e-05  3.67865940e-01  7.17991861e-05 -3.67865940e-02  7.17991861e-05  5.00000000e+00 
 7.18487625e-05  3.67865940e-01  7.18487625e-05 -3.67865940e-02  7.18487625e-05  5.00000000e+00 
 7.18983388e-05  3.67865940e-01  7.18983388e-05 -3.67865940e-02  7.18983388e-05  5.00000000e+00 
 7.19479152e-05  3.67865940e-01  7.19479152e-05 -3.67865940e-02  7.19479152e-05  5.00000000e+00 
 7.19974915e-05  3.67865940e-01  7.19974915e-05 -3.67865940e-02  7.19974915e-05  5.00000000e+00 
 7.20470679e-05  3.67865940e-01  7.20470679e-05 -3.67865940e-02  7.20470679e-05  5.00000000e+00 
 7.20966442e-05  3.67865940e-01  7.20966442e-05 -3.67865940e-02  7.20966442e-05  5.00000000e+00 
 7.21462206e-05  3.67865940e-01  7.21462206e-05 -3.67865940e-02  7.21462206e-05  5.00000000e+00 
 7.21957969e-05  3.67865940e-01  7.21957969e-05 -3.67865940e-02  7.21957969e-05  5.00000000e+00 
 7.22453732e-05  3.67865940e-01  7.22453732e-05 -3.67865940e-02  7.22453732e-05  5.00000000e+00 
 7.22949496e-05  3.67865940e-01  7.22949496e-05 -3.67865940e-02  7.22949496e-05  5.00000000e+00 
 7.23445259e-05  3.67865940e-01  7.23445259e-05 -3.67865940e-02  7.23445259e-05  5.00000000e+00 
 7.23941023e-05  3.67865940e-01  7.23941023e-05 -3.67865940e-02  7.23941023e-05  5.00000000e+00 
 7.24436786e-05  3.67865940e-01  7.24436786e-05 -3.67865940e-02  7.24436786e-05  5.00000000e+00 
 7.24932550e-05  3.67865940e-01  7.24932550e-05 -3.67865940e-02  7.24932550e-05  5.00000000e+00 
 7.25428313e-05  3.67865940e-01  7.25428313e-05 -3.67865940e-02  7.25428313e-05  5.00000000e+00 
 7.25924077e-05  3.67865940e-01  7.25924077e-05 -3.67865940e-02  7.25924077e-05  5.00000000e+00 
 7.26419840e-05  3.67865940e-01  7.26419840e-05 -3.67865940e-02  7.26419840e-05  5.00000000e+00 
 7.26915604e-05  3.67865940e-01  7.26915604e-05 -3.67865940e-02  7.26915604e-05  5.00000000e+00 
 7.27411367e-05  3.67865940e-01  7.27411367e-05 -3.67865940e-02  7.27411367e-05  5.00000000e+00 
 7.27907130e-05  3.67865940e-01  7.27907130e-05 -3.67865940e-02  7.27907130e-05  5.00000000e+00 
 7.28402894e-05  3.67865940e-01  7.28402894e-05 -3.67865940e-02  7.28402894e-05  5.00000000e+00 
 7.28898657e-05  3.67865940e-01  7.28898657e-05 -3.67865940e-02  7.28898657e-05  5.00000000e+00 
 7.29394421e-05  3.67865940e-01  7.29394421e-05 -3.67865940e-02  7.29394421e-05  5.00000000e+00 
 7.29890184e-05  3.67865940e-01  7.29890184e-05 -3.67865940e-02  7.29890184e-05  5.00000000e+00 
 7.30385948e-05  3.67865940e-01  7.30385948e-05 -3.67865940e-02  7.30385948e-05  5.00000000e+00 
 7.30881711e-05  3.67865940e-01  7.30881711e-05 -3.67865940e-02  7.30881711e-05  5.00000000e+00 
 7.31377475e-05  3.67865940e-01  7.31377475e-05 -3.67865940e-02  7.31377475e-05  5.00000000e+00 
 7.31873238e-05  3.67865940e-01  7.31873238e-05 -3.67865940e-02  7.31873238e-05  5.00000000e+00 
 7.32369002e-05  3.67865940e-01  7.32369002e-05 -3.67865940e-02  7.32369002e-05  5.00000000e+00 
 7.32864765e-05  3.67865940e-01  7.32864765e-05 -3.67865940e-02  7.32864765e-05  5.00000000e+00 
 7.33360528e-05  3.67865940e-01  7.33360528e-05 -3.67865940e-02  7.33360528e-05  5.00000000e+00 
 7.33856292e-05  3.67865940e-01  7.33856292e-05 -3.67865940e-02  7.33856292e-05  5.00000000e+00 
 7.34352055e-05  3.67865940e-01  7.34352055e-05 -3.67865940e-02  7.34352055e-05  5.00000000e+00 
 7.34847819e-05  3.67865940e-01  7.34847819e-05 -3.67865940e-02  7.34847819e-05  5.00000000e+00 
 7.35343582e-05  3.67865940e-01  7.35343582e-05 -3.67865940e-02  7.35343582e-05  5.00000000e+00 
 7.35839346e-05  3.67865940e-01  7.35839346e-05 -3.67865940e-02  7.35839346e-05  5.00000000e+00 
 7.36335109e-05  3.67865940e-01  7.36335109e-05 -3.67865940e-02  7.36335109e-05  5.00000000e+00 
 7.36830873e-05  3.67865940e-01  7.36830873e-05 -3.67865940e-02  7.36830873e-05  5.00000000e+00 
 7.37326636e-05  3.67865940e-01  7.37326636e-05 -3.67865940e-02  7.37326636e-05  5.00000000e+00 
 7.37822400e-05  3.67865940e-01  7.37822400e-05 -3.67865940e-02  7.37822400e-05  5.00000000e+00 
 7.38318163e-05  3.67865940e-01  7.38318163e-05 -3.67865940e-02  7.38318163e-05  5.00000000e+00 
 7.38813926e-05  3.67865940e-01  7.38813926e-05 -3.67865940e-02  7.38813926e-05  5.00000000e+00 
 7.39309690e-05  3.67865940e-01  7.39309690e-05 -3.67865940e-02  7.39309690e-05  5.00000000e+00 
 7.39805453e-05  3.67865940e-01  7.39805453e-05 -3.67865940e-02  7.39805453e-05  5.00000000e+00 
 7.40301217e-05  3.67865940e-01  7.40301217e-05 -3.67865940e-02  7.40301217e-05  5.00000000e+00 
 7.40796980e-05  3.67865940e-01  7.40796980e-05 -3.67865940e-02  7.40796980e-05  5.00000000e+00 
 7.41292744e-05  3.67865940e-01  7.41292744e-05 -3.67865940e-02  7.41292744e-05  5.00000000e+00 
 7.41788507e-05  3.67865940e-01  7.41788507e-05 -3.67865940e-02  7.41788507e-05  5.00000000e+00 
 7.42284271e-05  3.67865940e-01  7.42284271e-05 -3.67865940e-02  7.42284271e-05  5.00000000e+00 
 7.42780034e-05  3.67865940e-01  7.42780034e-05 -3.67865940e-02  7.42780034e-05  5.00000000e+00 
 7.43212608e-05  3.67865940e-01  7.43212608e-05 -3.67865940e-02  7.43212608e-05  5.00000000e+00 
 7.43645181e-05  3.67865940e-01  7.43645181e-05 -3.67865940e-02  7.43645181e-05  5.00000000e+00 
 7.43694758e-05  3.65558483e-01  7.43694758e-05 -3.65100323e-02  7.43694758e-05  4.95000000e+00 
 7.43793910e-05  3.58778084e-01  7.43793910e-05 -3.57884637e-02  7.43793910e-05  4.85000000e+00 
 7.43992216e-05  3.42293213e-01  7.43992216e-05 -3.41540844e-02  7.43992216e-05  4.65000000e+00 
 7.44388826e-05  3.08720306e-01  7.44388826e-05 -3.07796055e-02  7.44388826e-05  4.25000000e+00 
 7.44884590e-05  2.62445210e-01  7.44884590e-05 -2.61518894e-02  7.44884590e-05  3.75000000e+00 
 7.45380353e-05  2.13094633e-01  7.45380353e-05 -2.12045994e-02  7.45380353e-05  3.25000000e+00 
 7.45876117e-05  1.60679158e-01  7.45876117e-05 -1.59629087e-02  7.45876117e-05  2.75000000e+00 
 7.46371880e-05  1.07841872e-01  7.46371880e-05 -1.06776063e-02  7.46371880e-05  2.25000000e+00 
 7.46867644e-05  5.75150275e-02  7.46867644e-05 -5.65663933e-03  7.46867644e-05  1.75000000e+00 
 7.47363407e-05  1.69096881e-02  7.47363407e-05 -1.62364627e-03  7.47363407e-05  1.25000000e+00 
 7.47859171e-05  1.26656060e-04  7.47859171e-05 -1.38139517e-05  7.47859171e-05  7.50000000e-01 
 7.47970945e-05  3.81962972e-05  7.47970945e-05 -1.71399271e-06  7.47970945e-05  6.37270764e-01 
 7.48021364e-05 -2.48063460e-06  7.48021364e-05 -8.57891276e-07  7.48021364e-05  5.86420384e-01 
 7.48066767e-05  4.54787352e-06  7.48066767e-05 -2.22134838e-07  7.48066767e-05  5.40629079e-01 
 7.48108090e-05 -1.72941724e-06  7.48108090e-05 -3.67208209e-07  7.48108090e-05  4.98953712e-01 
 7.48153413e-05 -4.60837550e-07  7.48153413e-05 -3.36710874e-08  7.48153413e-05  4.53242807e-01 
 7.48219445e-05 -1.85160119e-06  7.48219445e-05 -2.92946384e-07  7.48219445e-05  3.86646692e-01 
 7.48307293e-05 -1.08496766e-06  7.48307293e-05 -5.95058768e-09  7.48307293e-05  2.98048461e-01 
 7.48455054e-05 -1.79979570e-06  7.48455054e-05 -2.87514261e-07  7.48455054e-05  1.49024231e-01 
 7.48602816e-05 -1.15520871e-06  7.48602816e-05 -5.29976916e-09  7.48602816e-05  0.00000000e+00 
 7.48628945e-05 -3.79173104e-07  7.48628945e-05 -2.46105140e-11  7.48628945e-05  0.00000000e+00 
 7.48655252e-05  4.81578058e-08  7.48655252e-05 -2.46097509e-11  7.48655252e-05  0.00000000e+00 
 7.48674280e-05  5.86539472e-09  7.48674280e-05 -2.46105478e-11  7.48674280e-05  0.00000000e+00 
 7.48692466e-05 -5.11305077e-09  7.48692466e-05 -2.46098182e-11  7.48692466e-05  0.00000000e+00 
 7.48723822e-05  5.48944975e-09  7.48723822e-05 -2.46105693e-11  7.48723822e-05  0.00000000e+00 
 7.48759909e-05 -5.73059764e-09  7.48759909e-05 -2.46098082e-11  7.48759909e-05  0.00000000e+00 
 7.48818429e-05  5.87916803e-09  7.48818429e-05 -2.46105731e-11  7.48818429e-05  0.00000000e+00 
 7.48926565e-05 -5.93593927e-09  7.48926565e-05 -2.46098056e-11  7.48926565e-05  0.00000000e+00 
 7.49139927e-05  5.98107260e-09  7.49139927e-05 -2.46105724e-11  7.49139927e-05  0.00000000e+00 
 7.49566650e-05 -5.98557592e-09  7.49566650e-05 -2.46098051e-11  7.49566650e-05  0.00000000e+00 
 7.50062413e-05  6.01122524e-09  7.50062413e-05 -2.46105739e-11  7.50062413e-05  0.00000000e+00 
 7.50558177e-05 -6.01309075e-09  7.50558177e-05 -2.46098071e-11  7.50558177e-05  0.00000000e+00 
 7.51053940e-05  6.03838775e-09  7.51053940e-05 -2.46105741e-11  7.51053940e-05  0.00000000e+00 
 7.51549704e-05 -6.03990104e-09  7.51549704e-05 -2.46098072e-11  7.51549704e-05  0.00000000e+00 
 7.52045467e-05  6.06484589e-09  7.52045467e-05 -2.46105739e-11  7.52045467e-05  0.00000000e+00 
 7.52541231e-05 -6.06600707e-09  7.52541231e-05 -2.46098073e-11  7.52541231e-05  0.00000000e+00 
 7.53036994e-05  6.09059978e-09  7.53036994e-05 -2.46105737e-11  7.53036994e-05  0.00000000e+00 
 7.53532757e-05 -6.09140874e-09  7.53532757e-05 -2.46098075e-11  7.53532757e-05  0.00000000e+00 
 7.54028521e-05  6.11564911e-09  7.54028521e-05 -2.46105735e-11  7.54028521e-05  0.00000000e+00 
 7.54524284e-05 -6.11610558e-09  7.54524284e-05 -2.46098077e-11  7.54524284e-05  0.00000000e+00 
 7.55020048e-05  6.13999329e-09  7.55020048e-05 -2.46105732e-11  7.55020048e-05  0.00000000e+00 
 7.55515811e-05 -6.14009688e-09  7.55515811e-05 -2.46098080e-11  7.55515811e-05  0.00000000e+00 
 7.56011575e-05  6.16363145e-09  7.56011575e-05 -2.46105729e-11  7.56011575e-05  0.00000000e+00 
 7.56507338e-05 -6.16338165e-09  7.56507338e-05 -2.46098083e-11  7.56507338e-05  0.00000000e+00 
 7.57003102e-05  6.18656255e-09  7.57003102e-05 -2.46105726e-11  7.57003102e-05  0.00000000e+00 
 7.57498865e-05 -6.18595876e-09  7.57498865e-05 -2.46098086e-11  7.57498865e-05  0.00000000e+00 
 7.57994629e-05  6.20878535e-09  7.57994629e-05 -2.46105722e-11  7.57994629e-05  0.00000000e+00 
 7.58490392e-05 -6.20782692e-09  7.58490392e-05 -2.46098090e-11  7.58490392e-05  0.00000000e+00 
 7.58986155e-05  6.23029851e-09  7.58986155e-05 -2.46105718e-11  7.58986155e-05  0.00000000e+00 
 7.59481919e-05 -6.22898473e-09  7.59481919e-05 -2.46098095e-11  7.59481919e-05  0.00000000e+00 
 7.59977682e-05  6.25110060e-09  7.59977682e-05 -2.46105713e-11  7.59977682e-05  0.00000000e+00 
 7.60473446e-05 -6.24943071e-09  7.60473446e-05 -2.46098100e-11  7.60473446e-05  0.00000000e+00 
 7.60969209e-05  6.27119010e-09  7.60969209e-05 -2.46105708e-11  7.60969209e-05  0.00000000e+00 
 7.61464973e-05 -6.26916334e-09  7.61464973e-05 -2.46098105e-11  7.61464973e-05  0.00000000e+00 
 7.61960736e-05  6.29056546e-09  7.61960736e-05 -2.46105702e-11  7.61960736e-05  0.00000000e+00 
 7.62456500e-05 -6.28818103e-09  7.62456500e-05 -2.46098111e-11  7.62456500e-05  0.00000000e+00 
 7.62952263e-05  6.30922509e-09  7.62952263e-05 -2.46105696e-11  7.62952263e-05  0.00000000e+00 
 7.63448027e-05 -6.30648221e-09  7.63448027e-05 -2.46098117e-11  7.63448027e-05  0.00000000e+00 
 7.63943790e-05  6.32716741e-09  7.63943790e-05 -2.46105689e-11  7.63943790e-05  0.00000000e+00 
 7.64439553e-05 -6.32406527e-09  7.64439553e-05 -2.46098123e-11  7.64439553e-05  0.00000000e+00 
 7.64935317e-05  6.34439082e-09  7.64935317e-05 -2.46105682e-11  7.64935317e-05  0.00000000e+00 
 7.65431080e-05 -6.34092864e-09  7.65431080e-05 -2.46098130e-11  7.65431080e-05  0.00000000e+00 
 7.65926844e-05  6.36089376e-09  7.65926844e-05 -2.46105675e-11  7.65926844e-05  0.00000000e+00 
 7.66422607e-05 -6.35707076e-09  7.66422607e-05 -2.46098138e-11  7.66422607e-05  0.00000000e+00 
 7.66918371e-05  6.37667467e-09  7.66918371e-05 -2.46105667e-11  7.66918371e-05  0.00000000e+00 
 7.67414134e-05 -6.37249009e-09  7.67414134e-05 -2.46098146e-11  7.67414134e-05  0.00000000e+00 
 7.67909898e-05  6.39173205e-09  7.67909898e-05 -2.46105659e-11  7.67909898e-05  0.00000000e+00 
 7.68405661e-05 -6.38718514e-09  7.68405661e-05 -2.46098154e-11  7.68405661e-05  0.00000000e+00 
 7.68901425e-05  6.40606441e-09  7.68901425e-05 -2.46105651e-11  7.68901425e-05  0.00000000e+00 
 7.69397188e-05 -6.40115446e-09  7.69397188e-05 -2.46098163e-11  7.69397188e-05  0.00000000e+00 
 7.69892951e-05  6.41967034e-09  7.69892951e-05 -2.46105641e-11  7.69892951e-05  0.00000000e+00 
 7.70388715e-05 -6.41439665e-09  7.70388715e-05 -2.46098172e-11  7.70388715e-05  0.00000000e+00 
 7.70884478e-05  6.43254845e-09  7.70884478e-05 -2.46105632e-11  7.70884478e-05  0.00000000e+00 
 7.71380242e-05 -6.42691036e-09  7.71380242e-05 -2.46098181e-11  7.71380242e-05  0.00000000e+00 
 7.71876005e-05  6.44469744e-09  7.71876005e-05 -2.46105622e-11  7.71876005e-05  0.00000000e+00 
 7.72371769e-05 -6.43869431e-09  7.72371769e-05 -2.46098191e-11  7.72371769e-05  0.00000000e+00 
 7.72867532e-05  6.45611604e-09  7.72867532e-05 -2.46105612e-11  7.72867532e-05  0.00000000e+00 
 7.73363296e-05 -6.44974727e-09  7.73363296e-05 -2.46098202e-11  7.73363296e-05  0.00000000e+00 
 7.73859059e-05  6.46680308e-09  7.73859059e-05 -2.46105601e-11  7.73859059e-05  0.00000000e+00 
 7.74354823e-05 -6.46006810e-09  7.74354823e-05 -2.46098213e-11  7.74354823e-05  0.00000000e+00 
 7.74850586e-05  6.47675742e-09  7.74850586e-05 -2.46105590e-11  7.74850586e-05  0.00000000e+00 
 7.75346349e-05 -6.46965569e-09  7.75346349e-05 -2.46098224e-11  7.75346349e-05  0.00000000e+00 
 7.75842113e-05  6.48597802e-09  7.75842113e-05 -2.46105579e-11  7.75842113e-05  0.00000000e+00 
 7.76337876e-05 -6.47850905e-09  7.76337876e-05 -2.46098236e-11  7.76337876e-05  0.00000000e+00 
 7.76833640e-05  6.49446389e-09  7.76833640e-05 -2.46105567e-11  7.76833640e-05  0.00000000e+00 
 7.77329403e-05 -6.48662721e-09  7.77329403e-05 -2.46098248e-11  7.77329403e-05  0.00000000e+00 
 7.77825167e-05  6.50221412e-09  7.77825167e-05 -2.46105554e-11  7.77825167e-05  0.00000000e+00 
 7.78320930e-05 -6.49400931e-09  7.78320930e-05 -2.46098260e-11  7.78320930e-05  0.00000000e+00 
 7.78816694e-05  6.50922789e-09  7.78816694e-05 -2.46105542e-11  7.78816694e-05  0.00000000e+00 
 7.79312457e-05 -6.50065456e-09  7.79312457e-05 -2.46098273e-11  7.79312457e-05  0.00000000e+00 
 7.79808221e-05  6.51550444e-09  7.79808221e-05 -2.46105528e-11  7.79808221e-05  0.00000000e+00 
 7.80303984e-05 -6.50656224e-09  7.80303984e-05 -2.46098286e-11  7.80303984e-05  0.00000000e+00 
 7.80799747e-05  6.52104309e-09  7.80799747e-05 -2.46105515e-11  7.80799747e-05  0.00000000e+00 
 7.81295511e-05 -6.51173171e-09  7.81295511e-05 -2.46098300e-11  7.81295511e-05  0.00000000e+00 
 7.81791274e-05  6.52584325e-09  7.81791274e-05 -2.46105501e-11  7.81791274e-05  0.00000000e+00 
 7.82287038e-05 -6.51616242e-09  7.82287038e-05 -2.46098314e-11  7.82287038e-05  0.00000000e+00 
 7.82782801e-05  6.52990439e-09  7.82782801e-05 -2.46105487e-11  7.82782801e-05  0.00000000e+00 
 7.83278565e-05 -6.51985388e-09  7.83278565e-05 -2.46098329e-11  7.83278565e-05  0.00000000e+00 
 7.83774328e-05  6.53322607e-09  7.83774328e-05 -2.46105472e-11  7.83774328e-05  0.00000000e+00 
 7.84270092e-05 -6.52280570e-09  7.84270092e-05 -2.46098344e-11  7.84270092e-05  0.00000000e+00 
 7.84765855e-05  6.53580794e-09  7.84765855e-05 -2.46105457e-11  7.84765855e-05  0.00000000e+00 
 7.85261619e-05 -6.52501755e-09  7.85261619e-05 -2.46098359e-11  7.85261619e-05  0.00000000e+00 
 7.85757382e-05  6.53764972e-09  7.85757382e-05 -2.46105441e-11  7.85757382e-05  0.00000000e+00 
 7.86253145e-05 -6.52648920e-09  7.86253145e-05 -2.46098375e-11  7.86253145e-05  0.00000000e+00 
 7.86748909e-05  6.53875120e-09  7.86748909e-05 -2.46105425e-11  7.86748909e-05  0.00000000e+00 
 7.87244672e-05 -6.52722050e-09  7.87244672e-05 -2.46098391e-11  7.87244672e-05  0.00000000e+00 
 7.87740436e-05  6.53911229e-09  7.87740436e-05 -2.46105409e-11  7.87740436e-05  0.00000000e+00 
 7.88236199e-05 -6.52721137e-09  7.88236199e-05 -2.46098408e-11  7.88236199e-05  0.00000000e+00 
 7.88731963e-05  6.53873295e-09  7.88731963e-05 -2.46105392e-11  7.88731963e-05  0.00000000e+00 
 7.89227726e-05 -6.52646182e-09  7.89227726e-05 -2.46098425e-11  7.89227726e-05  0.00000000e+00 
 7.89723490e-05  6.53761322e-09  7.89723490e-05 -2.46105375e-11  7.89723490e-05  0.00000000e+00 
 7.90219253e-05 -6.52497195e-09  7.90219253e-05 -2.46098442e-11  7.90219253e-05  0.00000000e+00 
 7.90715017e-05  6.53575324e-09  7.90715017e-05 -2.46105357e-11  7.90715017e-05  0.00000000e+00 
 7.91210780e-05 -6.52274192e-09  7.91210780e-05 -2.46098460e-11  7.91210780e-05  0.00000000e+00 
 7.91706543e-05  6.53315324e-09  7.91706543e-05 -2.46105340e-11  7.91706543e-05  0.00000000e+00 
 7.92202307e-05 -6.51977201e-09  7.92202307e-05 -2.46098478e-11  7.92202307e-05  0.00000000e+00 
 7.92698070e-05  6.52981350e-09  7.92698070e-05 -2.46105321e-11  7.92698070e-05  0.00000000e+00 
 7.93193834e-05 -6.51606254e-09  7.93193834e-05 -2.46098497e-11  7.93193834e-05  0.00000000e+00 
 7.93689597e-05  6.52573441e-09  7.93689597e-05 -2.46105303e-11  7.93689597e-05  0.00000000e+00 
 7.94185361e-05 -6.51161395e-09  7.94185361e-05 -2.46098516e-11  7.94185361e-05  0.00000000e+00 
 7.94681124e-05  6.52091644e-09  7.94681124e-05 -2.46105283e-11  7.94681124e-05  0.00000000e+00 
 7.95176888e-05 -6.50642674e-09  7.95176888e-05 -2.46098535e-11  7.95176888e-05  0.00000000e+00 
 7.95672651e-05  6.51536014e-09  7.95672651e-05 -2.46105264e-11  7.95672651e-05  0.00000000e+00 
 7.96168415e-05 -6.50050150e-09  7.96168415e-05 -2.46098555e-11  7.96168415e-05  0.00000000e+00 
 7.96664178e-05  6.50906614e-09  7.96664178e-05 -2.46105244e-11  7.96664178e-05  0.00000000e+00 
 7.97159941e-05 -6.49383891e-09  7.97159941e-05 -2.46098575e-11  7.97159941e-05  0.00000000e+00 
 7.97655705e-05  6.50203515e-09  7.97655705e-05 -2.46105224e-11  7.97655705e-05  0.00000000e+00 
 7.98151468e-05 -6.48643972e-09  7.98151468e-05 -2.46098595e-11  7.98151468e-05  0.00000000e+00 
 7.98647232e-05  6.49426797e-09  7.98647232e-05 -2.46105203e-11  7.98647232e-05  0.00000000e+00 
 7.99142995e-05 -6.47830478e-09  7.99142995e-05 -2.46098616e-11  7.99142995e-05  0.00000000e+00 
 7.99638759e-05  6.48576549e-09  7.99638759e-05 -2.46105182e-11  7.99638759e-05  0.00000000e+00 
 8.00134522e-05 -6.46943500e-09  8.00134522e-05 -2.46098638e-11  8.00134522e-05  0.00000000e+00 
 8.00630286e-05  6.47652867e-09  8.00630286e-05 -2.46105161e-11  8.00630286e-05  0.00000000e+00 
 8.01126049e-05 -6.45983140e-09  8.01126049e-05 -2.46098659e-11  8.01126049e-05  0.00000000e+00 
 8.01621813e-05  6.46655855e-09  8.01621813e-05 -2.46105139e-11  8.01621813e-05  0.00000000e+00 
 8.02117576e-05 -6.44949506e-09  8.02117576e-05 -2.46098681e-11  8.02117576e-05  0.00000000e+00 
 8.02613339e-05  6.45585628e-09  8.02613339e-05 -2.46105117e-11  8.02613339e-05  0.00000000e+00 
 8.03109103e-05 -6.43842715e-09  8.03109103e-05 -2.46098704e-11  8.03109103e-05  0.00000000e+00 
 8.03604866e-05  6.44442306e-09  8.03604866e-05 -2.46105095e-11  8.03604866e-05  0.00000000e+00 
 8.04100630e-05 -6.42662894e-09  8.04100630e-05 -2.46098726e-11  8.04100630e-05  0.00000000e+00 
 8.04596393e-05  6.43226019e-09  8.04596393e-05 -2.46105072e-11  8.04596393e-05  0.00000000e+00 
 8.05092157e-05 -6.41410176e-09  8.05092157e-05 -2.46098749e-11  8.05092157e-05  0.00000000e+00 
 8.05587920e-05  6.41936905e-09  8.05587920e-05 -2.46105049e-11  8.05587920e-05  0.00000000e+00 
 8.06083684e-05 -6.40084703e-09  8.06083684e-05 -2.46098773e-11  8.06083684e-05  0.00000000e+00 
 8.06579447e-05  6.40575110e-09  8.06579447e-05 -2.46105026e-11  8.06579447e-05  0.00000000e+00 
 8.07075211e-05 -6.38686625e-09  8.07075211e-05 -2.46098797e-11  8.07075211e-05  0.00000000e+00 
 8.07570974e-05  6.39140789e-09  8.07570974e-05 -2.46105002e-11  8.07570974e-05  0.00000000e+00 
 8.08066737e-05 -6.37216100e-09  8.08066737e-05 -2.46098821e-11  8.08066737e-05  0.00000000e+00 
 8.08562501e-05  6.37634104e-09  8.08562501e-05 -2.46104978e-11  8.08562501e-05  0.00000000e+00 
 8.09058264e-05 -6.35673297e-09  8.09058264e-05 -2.46098845e-11  8.09058264e-05  0.00000000e+00 
 8.09554028e-05  6.36055225e-09  8.09554028e-05 -2.46104953e-11  8.09554028e-05  0.00000000e+00 
 8.10049791e-05 -6.34058388e-09  8.10049791e-05 -2.46098870e-11  8.10049791e-05  0.00000000e+00 
 8.10545555e-05  6.34404333e-09  8.10545555e-05 -2.46104928e-11  8.10545555e-05  0.00000000e+00 
 8.11041318e-05 -6.32371558e-09  8.11041318e-05 -2.46098895e-11  8.11041318e-05  0.00000000e+00 
 8.11537082e-05  6.32681613e-09  8.11537082e-05 -2.46104903e-11  8.11537082e-05  0.00000000e+00 
 8.12032845e-05 -6.30612998e-09  8.12032845e-05 -2.46098921e-11  8.12032845e-05  0.00000000e+00 
 8.12528609e-05  6.30887262e-09  8.12528609e-05 -2.46104878e-11  8.12528609e-05  0.00000000e+00 
 8.13024372e-05 -6.28782906e-09  8.13024372e-05 -2.46098947e-11  8.13024372e-05  0.00000000e+00 
 8.13520135e-05  6.29021482e-09  8.13520135e-05 -2.46104852e-11  8.13520135e-05  0.00000000e+00 
 8.14015899e-05 -6.26881491e-09  8.14015899e-05 -2.46098973e-11  8.14015899e-05  0.00000000e+00 
 8.14511662e-05  6.27084485e-09  8.14511662e-05 -2.46104826e-11  8.14511662e-05  0.00000000e+00 
 8.15007426e-05 -6.24908968e-09  8.15007426e-05 -2.46098999e-11  8.15007426e-05  0.00000000e+00 
 8.15503189e-05  6.25076491e-09  8.15503189e-05 -2.46104799e-11  8.15503189e-05  0.00000000e+00 
 8.15998953e-05 -6.22865560e-09  8.15998953e-05 -2.46099026e-11  8.15998953e-05  0.00000000e+00 
 8.16494716e-05  6.22997728e-09  8.16494716e-05 -2.46104772e-11  8.16494716e-05  0.00000000e+00 
 8.16990480e-05 -6.20751499e-09  8.16990480e-05 -2.46099054e-11  8.16990480e-05  0.00000000e+00 
 8.17486243e-05  6.20848430e-09  8.17486243e-05 -2.46104745e-11  8.17486243e-05  0.00000000e+00 
 8.17982007e-05 -6.18567025e-09  8.17982007e-05 -2.46099081e-11  8.17982007e-05  0.00000000e+00 
 8.18477770e-05  6.18628841e-09  8.18477770e-05 -2.46104718e-11  8.18477770e-05  0.00000000e+00 
 8.18973533e-05 -6.16312385e-09  8.18973533e-05 -2.46099109e-11  8.18973533e-05  0.00000000e+00 
 8.19469297e-05  6.16339214e-09  8.19469297e-05 -2.46104690e-11  8.19469297e-05  0.00000000e+00 
 8.19965060e-05 -6.13987835e-09  8.19965060e-05 -2.46099137e-11  8.19965060e-05  0.00000000e+00 
 8.20460824e-05  6.13979807e-09  8.20460824e-05 -2.46104662e-11  8.20460824e-05  0.00000000e+00 
 8.20956587e-05 -6.11593639e-09  8.20956587e-05 -2.46099166e-11  8.20956587e-05  0.00000000e+00 
 8.21452351e-05  6.11550888e-09  8.21452351e-05 -2.46104634e-11  8.21452351e-05  0.00000000e+00 
 8.21948114e-05 -6.09130066e-09  8.21948114e-05 -2.46099194e-11  8.21948114e-05  0.00000000e+00 
 8.22443878e-05  6.09052733e-09  8.22443878e-05 -2.46104605e-11  8.22443878e-05  0.00000000e+00 
 8.22939641e-05 -6.06597398e-09  8.22939641e-05 -2.46099224e-11  8.22939641e-05  0.00000000e+00 
 8.23435404e-05  6.06485623e-09  8.23435404e-05 -2.46104576e-11  8.23435404e-05  0.00000000e+00 
 8.23931168e-05 -6.03995920e-09  8.23931168e-05 -2.46099253e-11  8.23931168e-05  0.00000000e+00 
 8.24426931e-05  6.03849851e-09  8.24426931e-05 -2.46104547e-11  8.24426931e-05  0.00000000e+00 
 8.24922695e-05 -6.01325928e-09  8.24922695e-05 -2.46099283e-11  8.24922695e-05  0.00000000e+00 
 8.25418458e-05  6.01145715e-09  8.25418458e-05 -2.46104517e-11  8.25418458e-05  0.00000000e+00 
 8.25914222e-05 -5.98587725e-09  8.25914222e-05 -2.46099313e-11  8.25914222e-05  0.00000000e+00 
 8.26409985e-05  5.98373522e-09  8.26409985e-05 -2.46104487e-11  8.26409985e-05  0.00000000e+00 
 8.26905749e-05 -5.95781620e-09  8.26905749e-05 -2.46099343e-11  8.26905749e-05  0.00000000e+00 
 8.27401512e-05  5.95533585e-09  8.27401512e-05 -2.46104457e-11  8.27401512e-05  0.00000000e+00 
 8.27897276e-05 -5.92907931e-09  8.27897276e-05 -2.46099374e-11  8.27897276e-05  0.00000000e+00 
 8.28393039e-05  5.92626226e-09  8.28393039e-05 -2.46104427e-11  8.28393039e-05  0.00000000e+00 
 8.28888802e-05 -5.89966985e-09  8.28888802e-05 -2.46099404e-11  8.28888802e-05  0.00000000e+00 
 8.29384566e-05  5.89651776e-09  8.29384566e-05 -2.46104396e-11  8.29384566e-05  0.00000000e+00 
 8.29880329e-05 -5.86959115e-09  8.29880329e-05 -2.46099436e-11  8.29880329e-05  0.00000000e+00 
 8.30376093e-05  5.86610571e-09  8.30376093e-05 -2.46104365e-11  8.30376093e-05  0.00000000e+00 
 8.30871856e-05 -5.83884661e-09  8.30871856e-05 -2.46099467e-11  8.30871856e-05  0.00000000e+00 
 8.31367620e-05  5.83502955e-09  8.31367620e-05 -2.46104333e-11  8.31367620e-05  0.00000000e+00 
 8.31863383e-05 -5.80743972e-09  8.31863383e-05 -2.46099499e-11  8.31863383e-05  0.00000000e+00 
 8.32359147e-05  5.80329282e-09  8.32359147e-05 -2.46104302e-11  8.32359147e-05  0.00000000e+00 
 8.32854910e-05 -5.77537404e-09  8.32854910e-05 -2.46099531e-11  8.32854910e-05  0.00000000e+00 
 8.33350674e-05  5.77089910e-09  8.33350674e-05 -2.46104270e-11  8.33350674e-05  0.00000000e+00 
 8.33846437e-05 -5.74265320e-09  8.33846437e-05 -2.46099563e-11  8.33846437e-05  0.00000000e+00 
 8.34342200e-05  5.73785207e-09  8.34342200e-05 -2.46104238e-11  8.34342200e-05  0.00000000e+00 
 8.34837964e-05 -5.70928092e-09  8.34837964e-05 -2.46099596e-11  8.34837964e-05  0.00000000e+00 
 8.35333727e-05  5.70415548e-09  8.35333727e-05 -2.46104206e-11  8.35333727e-05  0.00000000e+00 
 8.35829491e-05 -5.67526096e-09  8.35829491e-05 -2.46099628e-11  8.35829491e-05  0.00000000e+00 
 8.36325254e-05  5.66981313e-09  8.36325254e-05 -2.46104173e-11  8.36325254e-05  0.00000000e+00 
 8.36821018e-05 -5.64059720e-09  8.36821018e-05 -2.46099662e-11  8.36821018e-05  0.00000000e+00 
 8.37316781e-05  5.63482893e-09  8.37316781e-05 -2.46104140e-11  8.37316781e-05  0.00000000e+00 
 8.37812545e-05 -5.60529355e-09  8.37812545e-05 -2.46099695e-11  8.37812545e-05  0.00000000e+00 
 8.38308308e-05  5.59920684e-09  8.38308308e-05 -2.46104107e-11  8.38308308e-05  0.00000000e+00 
 8.38804072e-05 -5.56935403e-09  8.38804072e-05 -2.46099728e-11  8.38804072e-05  0.00000000e+00 
 8.39299835e-05  5.56295089e-09  8.39299835e-05 -2.46104074e-11  8.39299835e-05  0.00000000e+00 
 8.39795598e-05 -5.53278269e-09  8.39795598e-05 -2.46099762e-11  8.39795598e-05  0.00000000e+00 
 8.40291362e-05  5.52606520e-09  8.40291362e-05 -2.46104040e-11  8.40291362e-05  0.00000000e+00 
 8.40787125e-05 -5.49558369e-09  8.40787125e-05 -2.46099796e-11  8.40787125e-05  0.00000000e+00 
 8.41282889e-05  5.48855395e-09  8.41282889e-05 -2.46104006e-11  8.41282889e-05  0.00000000e+00 
 8.41778652e-05 -5.45776124e-09  8.41778652e-05 -2.46099831e-11  8.41778652e-05  0.00000000e+00 
 8.42274416e-05  5.45042138e-09  8.42274416e-05 -2.46103972e-11  8.42274416e-05  0.00000000e+00 
 8.42770179e-05 -5.41931963e-09  8.42770179e-05 -2.46099865e-11  8.42770179e-05  0.00000000e+00 
 8.43265943e-05  5.41167182e-09  8.43265943e-05 -2.46103938e-11  8.43265943e-05  0.00000000e+00 
 8.43761706e-05 -5.38026322e-09  8.43761706e-05 -2.46099900e-11  8.43761706e-05  0.00000000e+00 
 8.44257470e-05  5.37230966e-09  8.44257470e-05 -2.46103903e-11  8.44257470e-05  0.00000000e+00 
 8.44753233e-05 -5.34059642e-09  8.44753233e-05 -2.46099935e-11  8.44753233e-05  0.00000000e+00 
 8.45248996e-05  5.33233936e-09  8.45248996e-05 -2.46103868e-11  8.45248996e-05  0.00000000e+00 
 8.45744760e-05 -5.30032375e-09  8.45744760e-05 -2.46099970e-11  8.45744760e-05  0.00000000e+00 
 8.46240523e-05  5.29176545e-09  8.46240523e-05 -2.46103834e-11  8.46240523e-05  0.00000000e+00 
 8.46736287e-05 -5.25944975e-09  8.46736287e-05 -2.46100005e-11  8.46736287e-05  0.00000000e+00 
 8.47232050e-05  5.25059252e-09  8.47232050e-05 -2.46103798e-11  8.47232050e-05  0.00000000e+00 
 8.47727814e-05 -5.21797907e-09  8.47727814e-05 -2.46100041e-11  8.47727814e-05  0.00000000e+00 
 8.48223577e-05  5.20882526e-09  8.48223577e-05 -2.46103763e-11  8.48223577e-05  0.00000000e+00 
 8.48719341e-05 -5.17591640e-09  8.48719341e-05 -2.46100077e-11  8.48719341e-05  0.00000000e+00 
 8.49215104e-05  5.16646838e-09  8.49215104e-05 -2.46103727e-11  8.49215104e-05  0.00000000e+00 
 8.49710868e-05 -5.13326651e-09  8.49710868e-05 -2.46100113e-11  8.49710868e-05  0.00000000e+00 
 8.50206631e-05  5.12352669e-09  8.50206631e-05 -2.46103691e-11  8.50206631e-05  0.00000000e+00 
 8.50702394e-05 -5.09003424e-09  8.50702394e-05 -2.46100149e-11  8.50702394e-05  0.00000000e+00 
 8.51198158e-05  5.08000505e-09  8.51198158e-05 -2.46103655e-11  8.51198158e-05  0.00000000e+00 
 8.51693921e-05 -5.04622447e-09  8.51693921e-05 -2.46100186e-11  8.51693921e-05  0.00000000e+00 
 8.52189685e-05  5.03590840e-09  8.52189685e-05 -2.46103619e-11  8.52189685e-05  0.00000000e+00 
 8.52685448e-05 -5.00184219e-09  8.52685448e-05 -2.46100222e-11  8.52685448e-05  0.00000000e+00 
 8.53181212e-05  4.99124174e-09  8.53181212e-05 -2.46103583e-11  8.53181212e-05  0.00000000e+00 
 8.53676975e-05 -4.95689241e-09  8.53676975e-05 -2.46100259e-11  8.53676975e-05  0.00000000e+00 
 8.54172739e-05  4.94601012e-09  8.54172739e-05 -2.46103546e-11  8.54172739e-05  0.00000000e+00 
 8.54668502e-05 -4.91138024e-09  8.54668502e-05 -2.46100296e-11  8.54668502e-05  0.00000000e+00 
 8.55164266e-05  4.90021868e-09  8.55164266e-05 -2.46103509e-11  8.55164266e-05  0.00000000e+00 
 8.55660029e-05 -4.86531082e-09  8.55660029e-05 -2.46100333e-11  8.55660029e-05  0.00000000e+00 
 8.56155792e-05  4.85387260e-09  8.56155792e-05 -2.46103472e-11  8.56155792e-05  0.00000000e+00 
 8.56651556e-05 -4.81868939e-09  8.56651556e-05 -2.46100371e-11  8.56651556e-05  0.00000000e+00 
 8.57147319e-05  4.80697713e-09  8.57147319e-05 -2.46103435e-11  8.57147319e-05  0.00000000e+00 
 8.57643083e-05 -4.77152122e-09  8.57643083e-05 -2.46100408e-11  8.57643083e-05  0.00000000e+00 
 8.58138846e-05  4.75953760e-09  8.58138846e-05 -2.46103398e-11  8.58138846e-05  0.00000000e+00 
 8.58634610e-05 -4.72381165e-09  8.58634610e-05 -2.46100446e-11  8.58634610e-05  0.00000000e+00 
 8.59130373e-05  4.71155937e-09  8.59130373e-05 -2.46103361e-11  8.59130373e-05  0.00000000e+00 
 8.59626137e-05 -4.67556611e-09  8.59626137e-05 -2.46100484e-11  8.59626137e-05  0.00000000e+00 
 8.60121900e-05  4.66304788e-09  8.60121900e-05 -2.46103323e-11  8.60121900e-05  0.00000000e+00 
 8.60617664e-05 -4.62679005e-09  8.60617664e-05 -2.46100522e-11  8.60617664e-05  0.00000000e+00 
 8.61113427e-05  4.61400863e-09  8.61113427e-05 -2.46103285e-11  8.61113427e-05  0.00000000e+00 
 8.61609190e-05 -4.57748901e-09  8.61609190e-05 -2.46100560e-11  8.61609190e-05  0.00000000e+00 
 8.62104954e-05  4.56444718e-09  8.62104954e-05 -2.46103247e-11  8.62104954e-05  0.00000000e+00 
 8.62600717e-05 -4.52766856e-09  8.62600717e-05 -2.46100599e-11  8.62600717e-05  0.00000000e+00 
 8.63096481e-05  4.51436915e-09  8.63096481e-05 -2.46103209e-11  8.63096481e-05  0.00000000e+00 
 8.63592244e-05 -4.47733436e-09  8.63592244e-05 -2.46100637e-11  8.63592244e-05  0.00000000e+00 
 8.64088008e-05  4.46378020e-09  8.64088008e-05 -2.46103171e-11  8.64088008e-05  0.00000000e+00 
 8.64583771e-05 -4.42649210e-09  8.64583771e-05 -2.46100676e-11  8.64583771e-05  0.00000000e+00 
 8.65079535e-05  4.41268608e-09  8.65079535e-05 -2.46103132e-11  8.65079535e-05  0.00000000e+00 
 8.65575298e-05 -4.37514756e-09  8.65575298e-05 -2.46100715e-11  8.65575298e-05  0.00000000e+00 
 8.66071062e-05  4.36109258e-09  8.66071062e-05 -2.46103094e-11  8.66071062e-05  0.00000000e+00 
 8.66566825e-05 -4.32330655e-09  8.66566825e-05 -2.46100754e-11  8.66566825e-05  0.00000000e+00 
 8.67062588e-05  4.30900553e-09  8.67062588e-05 -2.46103055e-11  8.67062588e-05  0.00000000e+00 
 8.67558352e-05 -4.27097495e-09  8.67558352e-05 -2.46100793e-11  8.67558352e-05  0.00000000e+00 
 8.68054115e-05  4.25643085e-09  8.68054115e-05 -2.46103016e-11  8.68054115e-05  0.00000000e+00 
 8.68549879e-05 -4.21815868e-09  8.68549879e-05 -2.46100832e-11  8.68549879e-05  0.00000000e+00 
 8.69045642e-05  4.20337449e-09  8.69045642e-05 -2.46102977e-11  8.69045642e-05  0.00000000e+00 
 8.69541406e-05 -4.16486373e-09  8.69541406e-05 -2.46100871e-11  8.69541406e-05  0.00000000e+00 
 8.70037169e-05  4.14984247e-09  8.70037169e-05 -2.46102938e-11  8.70037169e-05  0.00000000e+00 
 8.70532933e-05 -4.11109615e-09  8.70532933e-05 -2.46100911e-11  8.70532933e-05  0.00000000e+00 
 8.71028696e-05  4.09584085e-09  8.71028696e-05 -2.46102899e-11  8.71028696e-05  0.00000000e+00 
 8.71524460e-05 -4.05686202e-09  8.71524460e-05 -2.46100950e-11  8.71524460e-05  0.00000000e+00 
 8.72020223e-05  4.04137575e-09  8.72020223e-05 -2.46102860e-11  8.72020223e-05  0.00000000e+00 
 8.72515986e-05 -4.00216749e-09  8.72515986e-05 -2.46100990e-11  8.72515986e-05  0.00000000e+00 
 8.73011750e-05  3.98645334e-09  8.73011750e-05 -2.46102821e-11  8.73011750e-05  0.00000000e+00 
 8.73507513e-05 -3.94701876e-09  8.73507513e-05 -2.46101030e-11  8.73507513e-05  0.00000000e+00 
 8.74003277e-05  3.93107985e-09  8.74003277e-05 -2.46102781e-11  8.74003277e-05  0.00000000e+00 
 8.74499040e-05 -3.89142208e-09  8.74499040e-05 -2.46101069e-11  8.74499040e-05  0.00000000e+00 
 8.74994804e-05  3.87526156e-09  8.74994804e-05 -2.46102742e-11  8.74994804e-05  0.00000000e+00 
 8.75490567e-05 -3.83538375e-09  8.75490567e-05 -2.46101109e-11  8.75490567e-05  0.00000000e+00 
 8.75986331e-05  3.81900478e-09  8.75986331e-05 -2.46102702e-11  8.75986331e-05  0.00000000e+00 
 8.76482094e-05 -3.77891012e-09  8.76482094e-05 -2.46101149e-11  8.76482094e-05  0.00000000e+00 
 8.76977858e-05  3.76231590e-09  8.76977858e-05 -2.46102662e-11  8.76977858e-05  0.00000000e+00 
 8.77473621e-05 -3.72200759e-09  8.77473621e-05 -2.46101189e-11  8.77473621e-05  0.00000000e+00 
 8.77969384e-05  3.70520134e-09  8.77969384e-05 -2.46102622e-11  8.77969384e-05  0.00000000e+00 
 8.78465148e-05 -3.66468262e-09  8.78465148e-05 -2.46101230e-11  8.78465148e-05  0.00000000e+00 
 8.78960911e-05  3.64766757e-09  8.78960911e-05 -2.46102582e-11  8.78960911e-05  0.00000000e+00 
 8.79456675e-05 -3.60694169e-09  8.79456675e-05 -2.46101270e-11  8.79456675e-05  0.00000000e+00 
 8.79952438e-05  3.58972111e-09  8.79952438e-05 -2.46102542e-11  8.79952438e-05  0.00000000e+00 
 8.80448202e-05 -3.54879134e-09  8.80448202e-05 -2.46101310e-11  8.80448202e-05  0.00000000e+00 
 8.80943965e-05  3.53136853e-09  8.80943965e-05 -2.46102502e-11  8.80943965e-05  0.00000000e+00 
 8.81439729e-05 -3.49023818e-09  8.81439729e-05 -2.46101351e-11  8.81439729e-05  0.00000000e+00 
 8.81935492e-05  3.47261645e-09  8.81935492e-05 -2.46102462e-11  8.81935492e-05  0.00000000e+00 
 8.82431256e-05 -3.43128884e-09  8.82431256e-05 -2.46101391e-11  8.82431256e-05  0.00000000e+00 
 8.82927019e-05  3.41347151e-09  8.82927019e-05 -2.46102422e-11  8.82927019e-05  0.00000000e+00 
 8.83422782e-05 -3.37194999e-09  8.83422782e-05 -2.46101432e-11  8.83422782e-05  0.00000000e+00 
 8.83918546e-05  3.35394043e-09  8.83918546e-05 -2.46102382e-11  8.83918546e-05  0.00000000e+00 
 8.84414309e-05 -3.31222836e-09  8.84414309e-05 -2.46101472e-11  8.84414309e-05  0.00000000e+00 
 8.84910073e-05  3.29402995e-09  8.84910073e-05 -2.46102341e-11  8.84910073e-05  0.00000000e+00 
 8.85405836e-05 -3.25213072e-09  8.85405836e-05 -2.46101513e-11  8.85405836e-05  0.00000000e+00 
 8.85901600e-05  3.23374685e-09  8.85901600e-05 -2.46102301e-11  8.85901600e-05  0.00000000e+00 
 8.86397363e-05 -3.19166388e-09  8.86397363e-05 -2.46101553e-11  8.86397363e-05  0.00000000e+00 
 8.86893127e-05  3.17309798e-09  8.86893127e-05 -2.46102261e-11  8.86893127e-05  0.00000000e+00 
 8.87388890e-05 -3.13083469e-09  8.87388890e-05 -2.46101594e-11  8.87388890e-05  0.00000000e+00 
 8.87884654e-05  3.11209020e-09  8.87884654e-05 -2.46102220e-11  8.87884654e-05  0.00000000e+00 
 8.88380417e-05 -3.06965005e-09  8.88380417e-05 -2.46101635e-11  8.88380417e-05  0.00000000e+00 
 8.88876180e-05  3.05073043e-09  8.88876180e-05 -2.46102180e-11  8.88876180e-05  0.00000000e+00 
 8.89371944e-05 -3.00811688e-09  8.89371944e-05 -2.46101676e-11  8.89371944e-05  0.00000000e+00 
 8.89867707e-05  2.98902562e-09  8.89867707e-05 -2.46102139e-11  8.89867707e-05  0.00000000e+00 
 8.90363471e-05 -2.94624217e-09  8.90363471e-05 -2.46101716e-11  8.90363471e-05  0.00000000e+00 
 8.90859234e-05  2.92698276e-09  8.90859234e-05 -2.46102099e-11  8.90859234e-05  0.00000000e+00 
 8.91354998e-05 -2.88403293e-09  8.91354998e-05 -2.46101757e-11  8.91354998e-05  0.00000000e+00 
 8.91850761e-05  2.86460889e-09  8.91850761e-05 -2.46102058e-11  8.91850761e-05  0.00000000e+00 
 8.92346525e-05 -2.82149620e-09  8.92346525e-05 -2.46101798e-11  8.92346525e-05  0.00000000e+00 
 8.92842288e-05  2.80191108e-09  8.92842288e-05 -2.46102018e-11  8.92842288e-05  0.00000000e+00 
 8.93338052e-05 -2.75863907e-09  8.93338052e-05 -2.46101839e-11  8.93338052e-05  0.00000000e+00 
 8.93833815e-05  2.73889642e-09  8.93833815e-05 -2.46101977e-11  8.93833815e-05  0.00000000e+00 
 8.94329578e-05 -2.69546867e-09  8.94329578e-05 -2.46101880e-11  8.94329578e-05  0.00000000e+00 
 8.94825342e-05  2.67557207e-09  8.94825342e-05 -2.46101936e-11  8.94825342e-05  0.00000000e+00 
 8.95321105e-05 -2.63199216e-09  8.95321105e-05 -2.46101920e-11  8.95321105e-05  0.00000000e+00 
 8.95816869e-05  2.61194519e-09  8.95816869e-05 -2.46101896e-11  8.95816869e-05  0.00000000e+00 
 8.96312632e-05 -2.56821672e-09  8.96312632e-05 -2.46101961e-11  8.96312632e-05  0.00000000e+00 
 8.96808396e-05  2.54802300e-09  8.96808396e-05 -2.46101855e-11  8.96808396e-05  0.00000000e+00 
 8.97304159e-05 -2.50414959e-09  8.97304159e-05 -2.46102002e-11  8.97304159e-05  0.00000000e+00 
 8.97799923e-05  2.48381274e-09  8.97799923e-05 -2.46101815e-11  8.97799923e-05  0.00000000e+00 
 8.98295686e-05 -2.43979802e-09  8.98295686e-05 -2.46102043e-11  8.98295686e-05  0.00000000e+00 
 8.98791450e-05  2.41932169e-09  8.98791450e-05 -2.46101774e-11  8.98791450e-05  0.00000000e+00 
 8.99287213e-05 -2.37516932e-09  8.99287213e-05 -2.46102084e-11  8.99287213e-05  0.00000000e+00 
 8.99782976e-05  2.35455716e-09  8.99782976e-05 -2.46101734e-11  8.99782976e-05  0.00000000e+00 
 9.00278740e-05 -2.31027080e-09  9.00278740e-05 -2.46102124e-11  9.00278740e-05  0.00000000e+00 
 9.00774503e-05  2.28952649e-09  9.00774503e-05 -2.46101693e-11  9.00774503e-05  0.00000000e+00 
 9.01270267e-05 -2.24510981e-09  9.01270267e-05 -2.46102165e-11  9.01270267e-05  0.00000000e+00 
 9.01766030e-05  2.22423704e-09  9.01766030e-05 -2.46101652e-11  9.01766030e-05  0.00000000e+00 
 9.02261794e-05 -2.17969375e-09  9.02261794e-05 -2.46102206e-11  9.02261794e-05  0.00000000e+00 
 9.02757557e-05  2.15869622e-09  9.02757557e-05 -2.46101612e-11  9.02757557e-05  0.00000000e+00 
 9.03253321e-05 -2.11403002e-09  9.03253321e-05 -2.46102246e-11  9.03253321e-05  0.00000000e+00 
 9.03749084e-05  2.09291145e-09  9.03749084e-05 -2.46101571e-11  9.03749084e-05  0.00000000e+00 
 9.04244848e-05 -2.04812607e-09  9.04244848e-05 -2.46102287e-11  9.04244848e-05  0.00000000e+00 
 9.04740611e-05  2.02689019e-09  9.04740611e-05 -2.46101531e-11  9.04740611e-05  0.00000000e+00 
 9.05236374e-05 -1.98198937e-09  9.05236374e-05 -2.46102328e-11  9.05236374e-05  0.00000000e+00 
 9.05732138e-05  1.96063992e-09  9.05732138e-05 -2.46101491e-11  9.05732138e-05  0.00000000e+00 
 9.06227901e-05 -1.91562741e-09  9.06227901e-05 -2.46102368e-11  9.06227901e-05  0.00000000e+00 
 9.06723665e-05  1.89416814e-09  9.06723665e-05 -2.46101450e-11  9.06723665e-05  0.00000000e+00 
 9.07219428e-05 -1.84904771e-09  9.07219428e-05 -2.46102409e-11  9.07219428e-05  0.00000000e+00 
 9.07715192e-05  1.82748240e-09  9.07715192e-05 -2.46101410e-11  9.07715192e-05  0.00000000e+00 
 9.08210955e-05 -1.78225782e-09  9.08210955e-05 -2.46102449e-11  9.08210955e-05  0.00000000e+00 
 9.08706719e-05  1.76059025e-09  9.08706719e-05 -2.46101370e-11  9.08706719e-05  0.00000000e+00 
 9.09202482e-05 -1.71526530e-09  9.09202482e-05 -2.46102489e-11  9.09202482e-05  0.00000000e+00 
 9.09698246e-05  1.69349927e-09  9.09698246e-05 -2.46101330e-11  9.09698246e-05  0.00000000e+00 
 9.10194009e-05 -1.64807775e-09  9.10194009e-05 -2.46102530e-11  9.10194009e-05  0.00000000e+00 
 9.10689772e-05  1.62621706e-09  9.10689772e-05 -2.46101289e-11  9.10689772e-05  0.00000000e+00 
 9.11185536e-05 -1.58070278e-09  9.11185536e-05 -2.46102570e-11  9.11185536e-05  0.00000000e+00 
 9.11681299e-05  1.55875124e-09  9.11681299e-05 -2.46101249e-11  9.11681299e-05  0.00000000e+00 
 9.12177063e-05 -1.51314803e-09  9.12177063e-05 -2.46102610e-11  9.12177063e-05  0.00000000e+00 
 9.12672826e-05  1.49110947e-09  9.12672826e-05 -2.46101209e-11  9.12672826e-05  0.00000000e+00 
 9.13168590e-05 -1.44542116e-09  9.13168590e-05 -2.46102650e-11  9.13168590e-05  0.00000000e+00 
 9.13664353e-05  1.42329941e-09  9.13664353e-05 -2.46101170e-11  9.13664353e-05  0.00000000e+00 
 9.14160117e-05 -1.37752983e-09  9.14160117e-05 -2.46102690e-11  9.14160117e-05  0.00000000e+00 
 9.14655880e-05  1.35532874e-09  9.14655880e-05 -2.46101130e-11  9.14655880e-05  0.00000000e+00 
 9.15151644e-05 -1.30948175e-09  9.15151644e-05 -2.46102730e-11  9.15151644e-05  0.00000000e+00 
 9.15647407e-05  1.28720517e-09  9.15647407e-05 -2.46101090e-11  9.15647407e-05  0.00000000e+00 
 9.16143170e-05 -1.24128462e-09  9.16143170e-05 -2.46102770e-11  9.16143170e-05  0.00000000e+00 
 9.16638934e-05  1.21893641e-09  9.16638934e-05 -2.46101051e-11  9.16638934e-05  0.00000000e+00 
 9.17134697e-05 -1.17294617e-09  9.17134697e-05 -2.46102809e-11  9.17134697e-05  0.00000000e+00 
 9.17630461e-05  1.15053021e-09  9.17630461e-05 -2.46101011e-11  9.17630461e-05  0.00000000e+00 
 9.18126224e-05 -1.10447415e-09  9.18126224e-05 -2.46102849e-11  9.18126224e-05  0.00000000e+00 
 9.18621988e-05  1.08199431e-09  9.18621988e-05 -2.46100972e-11  9.18621988e-05  0.00000000e+00 
 9.19117751e-05 -1.03587631e-09  9.19117751e-05 -2.46102888e-11  9.19117751e-05  0.00000000e+00 
 9.19613515e-05  1.01333648e-09  9.19613515e-05 -2.46100932e-11  9.19613515e-05  0.00000000e+00 
 9.20109278e-05 -9.67160439e-10  9.20109278e-05 -2.46102928e-11  9.20109278e-05  0.00000000e+00 
 9.20605042e-05  9.44564511e-10  9.20605042e-05 -2.46100893e-11  9.20605042e-05  0.00000000e+00 
 9.21100805e-05 -8.98334314e-10  9.21100805e-05 -2.46102967e-11  9.21100805e-05  0.00000000e+00 
 9.21596568e-05  8.75686184e-10  9.21596568e-05 -2.46100854e-11  9.21596568e-05  0.00000000e+00 
 9.22092332e-05 -8.29405736e-10  9.22092332e-05 -2.46103006e-11  9.22092332e-05  0.00000000e+00 
 9.22588095e-05  8.06709309e-10  9.22588095e-05 -2.46100815e-11  9.22588095e-05  0.00000000e+00 
 9.23083859e-05 -7.60382518e-10  9.23083859e-05 -2.46103045e-11  9.23083859e-05  0.00000000e+00 
 9.23579622e-05  7.37641703e-10  9.23579622e-05 -2.46100776e-11  9.23579622e-05  0.00000000e+00 
 9.24075386e-05 -6.91272481e-10  9.24075386e-05 -2.46103084e-11  9.24075386e-05  0.00000000e+00 
 9.24571149e-05  6.68491193e-10  9.24571149e-05 -2.46100737e-11  9.24571149e-05  0.00000000e+00 
 9.25066913e-05 -6.22083457e-10  9.25066913e-05 -2.46103122e-11  9.25066913e-05  0.00000000e+00 
 9.25562676e-05  5.99265616e-10  9.25562676e-05 -2.46100699e-11  9.25562676e-05  0.00000000e+00 
 9.26058440e-05 -5.52823288e-10  9.26058440e-05 -2.46103161e-11  9.26058440e-05  0.00000000e+00 
 9.26554203e-05  5.29972817e-10  9.26554203e-05 -2.46100660e-11  9.26554203e-05  0.00000000e+00 
 9.26960046e-05 -4.75816489e-10  9.26960046e-05 -2.46103204e-11  9.26960046e-05  0.00000000e+00 
 9.27311711e-05  4.38717838e-10  9.27311711e-05 -2.46100610e-11  9.27311711e-05  0.00000000e+00 
 9.27608902e-05 -3.69016671e-10  9.27608902e-05 -2.46103262e-11  9.27608902e-05  0.00000000e+00 
 9.27862614e-05  3.12964427e-10  9.27862614e-05 -2.46100541e-11  9.27862614e-05  0.00000000e+00 
 9.28091585e-05 -2.25933688e-10  9.28091585e-05 -2.46103340e-11  9.28091585e-05  0.00000000e+00 
 9.28314199e-05  1.60331054e-10  9.28314199e-05 -2.46100458e-11  9.28314199e-05  0.00000000e+00 
 9.28541221e-05 -7.26020834e-11  9.28541221e-05 -2.46103423e-11  9.28541221e-05  0.00000000e+00 
 9.28784335e-05  1.34966229e-11  9.28784335e-05 -2.46100379e-11  9.28784335e-05  0.00000000e+00 
 9.29058880e-05  6.10996810e-11  9.29058880e-05 -2.46103495e-11  9.29058880e-05  0.00000000e+00 
 9.29385369e-05 -1.02094346e-10  9.29385369e-05 -2.46100317e-11  9.29385369e-05  0.00000000e+00 
 9.29797339e-05  1.55736677e-10  9.29797339e-05 -2.46103545e-11  9.29797339e-05  0.00000000e+00 
 9.30293103e-05 -1.78695259e-10  9.30293103e-05 -2.46100277e-11  9.30293103e-05  0.00000000e+00 
 9.30788866e-05  2.25256287e-10  9.30788866e-05 -2.46103582e-11  9.30788866e-05  0.00000000e+00 
 9.31284630e-05 -2.48203414e-10  9.31284630e-05 -2.46100240e-11  9.31284630e-05  0.00000000e+00 
 9.31780393e-05  2.94751017e-10  9.31780393e-05 -2.46103618e-11  9.31780393e-05  0.00000000e+00 
 9.32276157e-05 -3.17682751e-10  9.32276157e-05 -2.46100204e-11  9.32276157e-05  0.00000000e+00 
 9.32771920e-05  3.64212992e-10  9.32771920e-05 -2.46103654e-11  9.32771920e-05  0.00000000e+00 
 9.33267684e-05 -3.87125396e-10  9.33267684e-05 -2.46100167e-11  9.33267684e-05  0.00000000e+00 
 9.33763447e-05  4.33634340e-10  9.33763447e-05 -2.46103690e-11  9.33763447e-05  0.00000000e+00 
 9.34259211e-05 -4.56523480e-10  9.34259211e-05 -2.46100131e-11  9.34259211e-05  0.00000000e+00 
 9.34754974e-05  5.03007194e-10  9.34754974e-05 -2.46103726e-11  9.34754974e-05  0.00000000e+00 
 9.35250737e-05 -5.25869138e-10  9.35250737e-05 -2.46100096e-11  9.35250737e-05  0.00000000e+00 
 9.35746501e-05  5.72323692e-10  9.35746501e-05 -2.46103762e-11  9.35746501e-05  0.00000000e+00 
 9.36242264e-05 -5.95154512e-10  9.36242264e-05 -2.46100060e-11  9.36242264e-05  0.00000000e+00 
 9.36738028e-05  6.41575978e-10  9.36738028e-05 -2.46103797e-11  9.36738028e-05  0.00000000e+00 
 9.37233791e-05 -6.64371750e-10  9.37233791e-05 -2.46100024e-11  9.37233791e-05  0.00000000e+00 
 9.37729555e-05  7.10756206e-10  9.37729555e-05 -2.46103833e-11  9.37729555e-05  0.00000000e+00 
 9.38225318e-05 -7.33513007e-10  9.38225318e-05 -2.46099989e-11  9.38225318e-05  0.00000000e+00 
 9.38721082e-05  7.79856534e-10  9.38721082e-05 -2.46103868e-11  9.38721082e-05  0.00000000e+00 
 9.39216845e-05 -8.02570449e-10  9.39216845e-05 -2.46099954e-11  9.39216845e-05  0.00000000e+00 
 9.39712609e-05  8.48869132e-10  9.39712609e-05 -2.46103902e-11  9.39712609e-05  0.00000000e+00 
 9.40208372e-05 -8.71536249e-10  9.40208372e-05 -2.46099919e-11  9.40208372e-05  0.00000000e+00 
 9.40704135e-05  9.17786179e-10  9.40704135e-05 -2.46103937e-11  9.40704135e-05  0.00000000e+00 
 9.41199899e-05 -9.40402591e-10  9.41199899e-05 -2.46099885e-11  9.41199899e-05  0.00000000e+00 
 9.41695662e-05  9.86599866e-10  9.41695662e-05 -2.46103971e-11  9.41695662e-05  0.00000000e+00 
 9.42191426e-05 -1.00916167e-09  9.42191426e-05 -2.46099851e-11  9.42191426e-05  0.00000000e+00 
 9.42687189e-05  1.05530239e-09  9.42687189e-05 -2.46104005e-11  9.42687189e-05  0.00000000e+00 
 9.43182953e-05 -1.07780570e-09  9.43182953e-05 -2.46099816e-11  9.43182953e-05  0.00000000e+00 
 9.43678716e-05  1.12388598e-09  9.43678716e-05 -2.46104039e-11  9.43678716e-05  0.00000000e+00 
 9.44174480e-05 -1.14632689e-09  9.44174480e-05 -2.46099783e-11  9.44174480e-05  0.00000000e+00 
 9.44670243e-05  1.19234284e-09  9.44670243e-05 -2.46104073e-11  9.44670243e-05  0.00000000e+00 
 9.45166007e-05 -1.21471749e-09  9.45166007e-05 -2.46099749e-11  9.45166007e-05  0.00000000e+00 
 9.45661770e-05  1.26066523e-09  9.45661770e-05 -2.46104106e-11  9.45661770e-05  0.00000000e+00 
 9.46157533e-05 -1.28296974e-09  9.46157533e-05 -2.46099716e-11  9.46157533e-05  0.00000000e+00 
 9.46653297e-05  1.32884540e-09  9.46653297e-05 -2.46104139e-11  9.46653297e-05  0.00000000e+00 
 9.47149060e-05 -1.35107591e-09  9.47149060e-05 -2.46099682e-11  9.47149060e-05  0.00000000e+00 
 9.47644824e-05  1.39687563e-09  9.47644824e-05 -2.46104172e-11  9.47644824e-05  0.00000000e+00 
 9.48140587e-05 -1.41902827e-09  9.48140587e-05 -2.46099649e-11  9.48140587e-05  0.00000000e+00 
 9.48636351e-05  1.46474821e-09  9.48636351e-05 -2.46104205e-11  9.48636351e-05  0.00000000e+00 
 9.49132114e-05 -1.48681913e-09  9.49132114e-05 -2.46099617e-11  9.49132114e-05  0.00000000e+00 
 9.49627878e-05  1.53245544e-09  9.49627878e-05 -2.46104237e-11  9.49627878e-05  0.00000000e+00 
 9.50123641e-05 -1.55444081e-09  9.50123641e-05 -2.46099585e-11  9.50123641e-05  0.00000000e+00 
 9.50619405e-05  1.59998965e-09  9.50619405e-05 -2.46104269e-11  9.50619405e-05  0.00000000e+00 
 9.51115168e-05 -1.62188564e-09  9.51115168e-05 -2.46099552e-11  9.51115168e-05  0.00000000e+00 
 9.51610931e-05  1.66734319e-09  9.51610931e-05 -2.46104301e-11  9.51610931e-05  0.00000000e+00 
 9.52106695e-05 -1.68914598e-09  9.52106695e-05 -2.46099521e-11  9.52106695e-05  0.00000000e+00 
 9.52602458e-05  1.73450842e-09  9.52602458e-05 -2.46104332e-11  9.52602458e-05  0.00000000e+00 
 9.53098222e-05 -1.75621421e-09  9.53098222e-05 -2.46099489e-11  9.53098222e-05  0.00000000e+00 
 9.53593985e-05  1.80147774e-09  9.53593985e-05 -2.46104364e-11  9.53593985e-05  0.00000000e+00 
 9.54089749e-05 -1.82308272e-09  9.54089749e-05 -2.46099458e-11  9.54089749e-05  0.00000000e+00 
 9.54585512e-05  1.86824356e-09  9.54585512e-05 -2.46104395e-11  9.54585512e-05  0.00000000e+00 
 9.55081276e-05 -1.88974395e-09  9.55081276e-05 -2.46099427e-11  9.55081276e-05  0.00000000e+00 
 9.55577039e-05  1.93479830e-09  9.55577039e-05 -2.46104425e-11  9.55577039e-05  0.00000000e+00 
 9.56072803e-05 -1.95619032e-09  9.56072803e-05 -2.46099396e-11  9.56072803e-05  0.00000000e+00 
 9.56568566e-05  2.00113443e-09  9.56568566e-05 -2.46104456e-11  9.56568566e-05  0.00000000e+00 
 9.57064329e-05 -2.02241432e-09  9.57064329e-05 -2.46099365e-11  9.57064329e-05  0.00000000e+00 
 9.57560093e-05  2.06724442e-09  9.57560093e-05 -2.46104486e-11  9.57560093e-05  0.00000000e+00 
 9.58055856e-05 -2.08840845e-09  9.58055856e-05 -2.46099335e-11  9.58055856e-05  0.00000000e+00 
 9.58551620e-05  2.13312080e-09  9.58551620e-05 -2.46104515e-11  9.58551620e-05  0.00000000e+00 
 9.59047383e-05 -2.15416521e-09  9.59047383e-05 -2.46099305e-11  9.59047383e-05  0.00000000e+00 
 9.59543147e-05  2.19875609e-09  9.59543147e-05 -2.46104545e-11  9.59543147e-05  0.00000000e+00 
 9.60038910e-05 -2.21967716e-09  9.60038910e-05 -2.46099276e-11  9.60038910e-05  0.00000000e+00 
 9.60534674e-05  2.26414284e-09  9.60534674e-05 -2.46104574e-11  9.60534674e-05  0.00000000e+00 
 9.61030437e-05 -2.28493688e-09  9.61030437e-05 -2.46099247e-11  9.61030437e-05  0.00000000e+00 
 9.61526201e-05  2.32927367e-09  9.61526201e-05 -2.46104603e-11  9.61526201e-05  0.00000000e+00 
 9.62021964e-05 -2.34993696e-09  9.62021964e-05 -2.46099218e-11  9.62021964e-05  0.00000000e+00 
 9.62517727e-05  2.39414117e-09  9.62517727e-05 -2.46104632e-11  9.62517727e-05  0.00000000e+00 
 9.63013491e-05 -2.41467005e-09  9.63013491e-05 -2.46099189e-11  9.63013491e-05  0.00000000e+00 
 9.63509254e-05  2.45873801e-09  9.63509254e-05 -2.46104660e-11  9.63509254e-05  0.00000000e+00 
 9.64005018e-05 -2.47912881e-09  9.64005018e-05 -2.46099160e-11  9.64005018e-05  0.00000000e+00 
 9.64500781e-05  2.52305686e-09  9.64500781e-05 -2.46104688e-11  9.64500781e-05  0.00000000e+00 
 9.64996545e-05 -2.54330592e-09  9.64996545e-05 -2.46099132e-11  9.64996545e-05  0.00000000e+00 
 9.65492308e-05  2.58709043e-09  9.65492308e-05 -2.46104715e-11  9.65492308e-05  0.00000000e+00 
 9.65988072e-05 -2.60719413e-09  9.65988072e-05 -2.46099105e-11  9.65988072e-05  0.00000000e+00 
 9.66483835e-05  2.65083147e-09  9.66483835e-05 -2.46104743e-11  9.66483835e-05  0.00000000e+00 
 9.66979599e-05 -2.67078619e-09  9.66979599e-05 -2.46099077e-11  9.66979599e-05  0.00000000e+00 
 9.67475362e-05  2.71427274e-09  9.67475362e-05 -2.46104770e-11  9.67475362e-05  0.00000000e+00 
 9.67971125e-05 -2.73407489e-09  9.67971125e-05 -2.46099050e-11  9.67971125e-05  0.00000000e+00 
 9.68466889e-05  2.77740708e-09  9.68466889e-05 -2.46104796e-11  9.68466889e-05  0.00000000e+00 
 9.68962652e-05 -2.79705307e-09  9.68962652e-05 -2.46099023e-11  9.68962652e-05  0.00000000e+00 
 9.69458416e-05  2.84022730e-09  9.69458416e-05 -2.46104823e-11  9.69458416e-05  0.00000000e+00 
 9.69954179e-05 -2.85971357e-09  9.69954179e-05 -2.46098997e-11  9.69954179e-05  0.00000000e+00 
 9.70449943e-05  2.90272631e-09  9.70449943e-05 -2.46104849e-11  9.70449943e-05  0.00000000e+00 
 9.70945706e-05 -2.92204931e-09  9.70945706e-05 -2.46098971e-11  9.70945706e-05  0.00000000e+00 
 9.71441470e-05  2.96489702e-09  9.71441470e-05 -2.46104874e-11  9.71441470e-05  0.00000000e+00 
 9.71937233e-05 -2.98405322e-09  9.71937233e-05 -2.46098945e-11  9.71937233e-05  0.00000000e+00 
 9.72432997e-05  3.02673237e-09  9.72432997e-05 -2.46104900e-11  9.72432997e-05  0.00000000e+00 
 9.72928760e-05 -3.04571827e-09  9.72928760e-05 -2.46098919e-11  9.72928760e-05  0.00000000e+00 
 9.73424523e-05  3.08822537e-09  9.73424523e-05 -2.46104925e-11  9.73424523e-05  0.00000000e+00 
 9.73920287e-05 -3.10703748e-09  9.73920287e-05 -2.46098894e-11  9.73920287e-05  0.00000000e+00 
 9.74416050e-05  3.14936905e-09  9.74416050e-05 -2.46104949e-11  9.74416050e-05  0.00000000e+00 
 9.74911814e-05 -3.16800389e-09  9.74911814e-05 -2.46098870e-11  9.74911814e-05  0.00000000e+00 
 9.75407577e-05  3.21015647e-09  9.75407577e-05 -2.46104974e-11  9.75407577e-05  0.00000000e+00 
 9.75903341e-05 -3.22861060e-09  9.75903341e-05 -2.46098845e-11  9.75903341e-05  0.00000000e+00 
 9.76399104e-05  3.27058075e-09  9.76399104e-05 -2.46104998e-11  9.76399104e-05  0.00000000e+00 
 9.76894868e-05 -3.28885074e-09  9.76894868e-05 -2.46098821e-11  9.76894868e-05  0.00000000e+00 
 9.77390631e-05  3.33063504e-09  9.77390631e-05 -2.46105021e-11  9.77390631e-05  0.00000000e+00 
 9.77886395e-05 -3.34871748e-09  9.77886395e-05 -2.46098797e-11  9.77886395e-05  0.00000000e+00 
 9.78382158e-05  3.39031253e-09  9.78382158e-05 -2.46105044e-11  9.78382158e-05  0.00000000e+00 
 9.78877921e-05 -3.40820403e-09  9.78877921e-05 -2.46098774e-11  9.78877921e-05  0.00000000e+00 
 9.79373685e-05  3.44960646e-09  9.79373685e-05 -2.46105067e-11  9.79373685e-05  0.00000000e+00 
 9.79869448e-05 -3.46730366e-09  9.79869448e-05 -2.46098751e-11  9.79869448e-05  0.00000000e+00 
 9.80365212e-05  3.50851012e-09  9.80365212e-05 -2.46105090e-11  9.80365212e-05  0.00000000e+00 
 9.80860975e-05 -3.52600967e-09  9.80860975e-05 -2.46098728e-11  9.80860975e-05  0.00000000e+00 
 9.81356739e-05  3.56701682e-09  9.81356739e-05 -2.46105112e-11  9.81356739e-05  0.00000000e+00 
 9.81852502e-05 -3.58431541e-09  9.81852502e-05 -2.46098706e-11  9.81852502e-05  0.00000000e+00 
 9.82348266e-05  3.62511994e-09  9.82348266e-05 -2.46105134e-11  9.82348266e-05  0.00000000e+00 
 9.82844029e-05 -3.64221427e-09  9.82844029e-05 -2.46098684e-11  9.82844029e-05  0.00000000e+00 
 9.83339793e-05  3.68281289e-09  9.83339793e-05 -2.46105155e-11  9.83339793e-05  0.00000000e+00 
 9.83835556e-05 -3.69969968e-09  9.83835556e-05 -2.46098663e-11  9.83835556e-05  0.00000000e+00 
 9.84331319e-05  3.74008913e-09  9.84331319e-05 -2.46105176e-11  9.84331319e-05  0.00000000e+00 
 9.84827083e-05 -3.75676513e-09  9.84827083e-05 -2.46098641e-11  9.84827083e-05  0.00000000e+00 
 9.85322846e-05  3.79694218e-09  9.85322846e-05 -2.46105197e-11  9.85322846e-05  0.00000000e+00 
 9.85818610e-05 -3.81340417e-09  9.85818610e-05 -2.46098621e-11  9.85818610e-05  0.00000000e+00 
 9.86314373e-05  3.85336559e-09  9.86314373e-05 -2.46105217e-11  9.86314373e-05  0.00000000e+00 
 9.86810137e-05 -3.86961035e-09  9.86810137e-05 -2.46098600e-11  9.86810137e-05  0.00000000e+00 
 9.87305900e-05  3.90935297e-09  9.87305900e-05 -2.46105237e-11  9.87305900e-05  0.00000000e+00 
 9.87801664e-05 -3.92537733e-09  9.87801664e-05 -2.46098580e-11  9.87801664e-05  0.00000000e+00 
 9.88297427e-05  3.96489796e-09  9.88297427e-05 -2.46105257e-11  9.88297427e-05  0.00000000e+00 
 9.88793191e-05 -3.98069878e-09  9.88793191e-05 -2.46098560e-11  9.88793191e-05  0.00000000e+00 
 9.89288954e-05  4.01999429e-09  9.89288954e-05 -2.46105276e-11  9.89288954e-05  0.00000000e+00 
 9.89784717e-05 -4.03556842e-09  9.89784717e-05 -2.46098541e-11  9.89784717e-05  0.00000000e+00 
 9.90280481e-05  4.07463570e-09  9.90280481e-05 -2.46105295e-11  9.90280481e-05  0.00000000e+00 
 9.90776244e-05 -4.08998005e-09  9.90776244e-05 -2.46098522e-11  9.90776244e-05  0.00000000e+00 
 9.91151576e-05  4.13746493e-09  9.91151576e-05 -2.46105318e-11  9.91151576e-05  0.00000000e+00 
 9.91526908e-05 -4.16113792e-09  9.91526908e-05 -2.46098498e-11  9.91526908e-05  0.00000000e+00 
 9.91532586e-05  5.23431938e-07  9.91532586e-05  1.46349978e-07  9.91532586e-05  5.72645754e-03 
 9.91543942e-05  1.21755485e-06  9.91543942e-05  1.46349817e-07  9.91543942e-05  1.71793726e-02 
 9.91550096e-05  1.31953523e-06  9.91550096e-05  1.46349714e-07  9.91550096e-05  2.33862034e-02 
 9.91556342e-05  1.39762320e-06  9.91556342e-05  1.46349589e-07  9.91556342e-05  2.96851971e-02 
 9.91561985e-05  1.42345454e-06  9.91561985e-05  1.46349460e-07  9.91561985e-05  3.53768410e-02 
 9.91566871e-05  1.43458102e-06  9.91566871e-05  1.46349333e-07  9.91566871e-05  4.03038680e-02 
 9.91571292e-05  1.45756897e-06  9.91571292e-05  1.46349201e-07  9.91571292e-05  4.47631517e-02 
 9.91575791e-05  1.44342152e-06  9.91575791e-05  1.46349056e-07  9.91575791e-05  4.93001393e-02 
 9.91580350e-05  1.46615735e-06  9.91580350e-05  1.46348886e-07  9.91580350e-05  5.38987494e-02 
 9.91587395e-05  1.45510426e-06  9.91587395e-05  1.46348588e-07  9.91587395e-05  6.10033621e-02 
 9.91593194e-05  1.46343841e-06  9.91593194e-05  1.46348298e-07  9.91593194e-05  6.68518035e-02 
 9.91599018e-05  1.46623284e-06  9.91599018e-05  1.46347962e-07  9.91599018e-05  7.27258687e-02 
 9.91604283e-05  1.45556046e-06  9.91604283e-05  1.46347617e-07  9.91604283e-05  7.80360927e-02 
 9.91609108e-05  1.47377345e-06  9.91609108e-05  1.46347250e-07  9.91609108e-05  8.29025484e-02 
 9.91614246e-05  1.45342066e-06  9.91614246e-05  1.46346820e-07  9.91614246e-05  8.80843735e-02 
 9.91620409e-05  1.47176455e-06  9.91620409e-05  1.46346213e-07  9.91620409e-05  9.42994053e-02 
 9.91627146e-05  1.45882968e-06  9.91627146e-05  1.46345444e-07  9.91627146e-05  1.01094147e-01 
 9.91633081e-05  1.46424447e-06  9.91633081e-05  1.46344646e-07  9.91633081e-05  1.07079856e-01 
 9.91638280e-05  1.46840585e-06  9.91638280e-05  1.46343841e-07  9.91638280e-05  1.12323912e-01 
 9.91642847e-05  1.45481327e-06  9.91642847e-05  1.46343056e-07  9.91642847e-05  1.16929001e-01 
 9.91647494e-05  1.47438786e-06  9.91647494e-05  1.46342135e-07  9.91647494e-05  1.21616355e-01 
 9.91652296e-05  1.45470954e-06  9.91652296e-05  1.46341096e-07  9.91652296e-05  1.26459171e-01 
 9.91660106e-05  1.47067560e-06  9.91660106e-05  1.46339076e-07  9.91660106e-05  1.34336443e-01 
 9.91666710e-05  1.46064393e-06  9.91666710e-05  1.46337055e-07  9.91666710e-05  1.40996551e-01 
 9.91673346e-05  1.46298522e-06  9.91673346e-05  1.46334651e-07  9.91673346e-05  1.47688841e-01 
 9.91679401e-05  1.46909011e-06  9.91679401e-05  1.46332070e-07  9.91679401e-05  1.53795363e-01 
 9.91684892e-05  1.45510268e-06  9.91684892e-05  1.46329410e-07  9.91684892e-05  1.59333683e-01 
 9.91690218e-05  1.47446668e-06  9.91690218e-05  1.46326388e-07  9.91690218e-05  1.64705342e-01 
 9.91695913e-05  1.45405181e-06  9.91695913e-05  1.46322777e-07  9.91695913e-05  1.70448621e-01 
 9.91703887e-05  1.47222441e-06  9.91703887e-05  1.46316659e-07  9.91703887e-05  1.78490938e-01 
 9.91712292e-05  1.45831760e-06  9.91712292e-05  1.46308851e-07  9.91712292e-05  1.86968064e-01 
 9.91720213e-05  1.46673311e-06  9.91720213e-05  1.46299772e-07  9.91720213e-05  1.94956522e-01 
 9.91727029e-05  1.46566643e-06  9.91727029e-05  1.46290411e-07  9.91727029e-05  2.01831208e-01 
 9.91732918e-05  1.45853510e-06  9.91732918e-05  1.46281006e-07  9.91732918e-05  2.07770561e-01 
 9.91738886e-05  1.47336568e-06  9.91738886e-05  1.46269793e-07  9.91738886e-05  2.13788767e-01 
 9.91744268e-05  1.45394127e-06  9.91744268e-05  1.46258417e-07  9.91744268e-05  2.19216959e-01 
 9.91750181e-05  1.47449954e-06  9.91750181e-05  1.46243671e-07  9.91750181e-05  2.25180193e-01 
 9.91759206e-05  1.45640975e-06  9.91759206e-05  1.46217044e-07  9.91759206e-05  2.34282696e-01 
 9.91769401e-05  1.47162926e-06  9.91769401e-05  1.46178418e-07  9.91769401e-05  2.44565266e-01 
 9.91778984e-05  1.46149749e-06  9.91778984e-05  1.46132398e-07  9.91778984e-05  2.54229597e-01 
 9.91788059e-05  1.46699121e-06  9.91788059e-05  1.46077266e-07  9.91788059e-05  2.63382533e-01 
 9.91796475e-05  1.46867448e-06  9.91796475e-05  1.46013771e-07  9.91796475e-05  2.71870518e-01 
 9.91804103e-05  1.46144656e-06  9.91804103e-05  1.45944040e-07  9.91804103e-05  2.79563056e-01 
 9.91811200e-05  1.47607001e-06  9.91811200e-05  1.45865246e-07  9.91811200e-05  2.86721334e-01 
 9.91818060e-05  1.45816574e-06  9.91818060e-05  1.45776353e-07  9.91818060e-05  2.93639963e-01 
 9.91825364e-05  1.47981490e-06  9.91825364e-05  1.45661331e-07  9.91825364e-05  3.01006213e-01 
 9.91834830e-05  1.46086231e-06  9.91834830e-05  1.45480941e-07  9.91834830e-05  3.10553501e-01 
 9.91853763e-05  1.48420692e-06  9.91853763e-05  1.44959970e-07  9.91853763e-05  3.29648077e-01 
 9.91877847e-05  1.47543488e-06  9.91877847e-05  1.43835933e-07  9.91877847e-05  3.53937215e-01 
 9.91907929e-05  1.51458330e-06  9.91907929e-05  1.41077904e-07  9.91907929e-05  3.84276716e-01 
 9.91950338e-05  1.57748141e-06  9.91950338e-05  1.31535468e-07  9.91950338e-05  4.27048627e-01 
 9.92007195e-05  1.95259947e-06  9.92007195e-05  8.83205164e-08  9.92007195e-05  4.84391331e-01 
 9.92084424e-05  4.36621682e-06  9.92084424e-05 -1.96912912e-07  9.92084424e-05  5.62280054e-01 
 9.92159255e-05  1.58415023e-05  9.92159255e-05 -1.54025436e-06  9.92159255e-05  6.37750542e-01 
 9.92231954e-05  6.02210310e-05  9.92231954e-05 -6.67524068e-06  9.92231954e-05  7.11070534e-01 
 9.92328292e-05  3.14451820e-04  9.92328292e-05 -3.52979557e-05  9.92328292e-05  8.08232297e-01 
 9.92426791e-05  1.25039290e-03  9.92426791e-05 -1.38904104e-04  9.92426791e-05  9.07572638e-01 
 9.92545985e-05  4.10297431e-03  9.92545985e-05 -4.42679391e-04  9.92545985e-05  1.02778482e+00 
 9.92716959e-05  1.16868940e-02  9.92716959e-05 -1.22337527e-03  9.92716959e-05  1.20022021e+00 
 9.93058908e-05  3.54846721e-02  9.93058908e-05 -3.63135508e-03  9.93058908e-05  1.54509099e+00 
 9.93554671e-05  8.15042522e-02  9.93554671e-05 -8.25160676e-03  9.93554671e-05  2.04509099e+00 
 9.94050434e-05  1.33339336e-01  9.94050434e-05 -1.34402945e-02  9.94050434e-05  2.54509099e+00 
 9.94546198e-05  1.86078914e-01  9.94546198e-05 -1.87127151e-02  9.94546198e-05  3.04509099e+00 
 9.95041961e-05  2.37105778e-01  9.95041961e-05 -2.38100112e-02  9.95041961e-05  3.54509099e+00 
 9.95537725e-05  2.84989732e-01  9.95537725e-05 -2.85910952e-02  9.95537725e-05  4.04509099e+00 
 9.96033488e-05  3.29080179e-01  9.96033488e-05 -3.29921224e-02  9.96033488e-05  4.54509099e+00 
 9.96484543e-05  3.65677766e-01  9.96484543e-05 -3.66442815e-02  9.96484543e-05  5.00000000e+00 
 9.96526274e-05  3.67106697e-01  9.96526274e-05 -3.67447866e-02  9.96526274e-05  5.00000000e+00 
 9.96609735e-05  3.68137710e-01  9.96609735e-05 -3.68042862e-02  9.96609735e-05  5.00000000e+00 
 9.96776659e-05  3.67704287e-01  9.96776659e-05 -3.67747389e-02  9.96776659e-05  5.00000000e+00 
 9.97103264e-05  3.67985414e-01  9.97103264e-05 -3.67959461e-02  9.97103264e-05  5.00000000e+00 
 9.97599027e-05  3.67767184e-01  9.97599027e-05 -3.67784370e-02  9.97599027e-05  5.00000000e+00 
 9.98094791e-05  3.67946248e-01  9.98094791e-05 -3.67936254e-02  9.98094791e-05  5.00000000e+00 
 9.98590554e-05  3.67800913e-01  9.98590554e-05 -3.67805072e-02  9.98590554e-05  5.00000000e+00 
 9.99086318e-05  3.67917830e-01  9.99086318e-05 -3.67918364e-02  9.99086318e-05  5.00000000e+00 
 9.99543159e-05  3.67825818e-01  9.99543159e-05 -3.67821277e-02  9.99543159e-05  5.00000000e+00 
 1.00000000e-04  3.67896217e-01  1.00000000e-04 -3.67903821e-02  1.00000000e-04  5.00000000e+00 
